Algorithm,Bom,Nodes,AttemptNr,Status,Time,Makespan,Iterations
SAL-Ei-LM,bom_deep_7_3_15_5_No1_p10_ao63_am15_1,63,1,SATISFIED,1.275,122465970.0,4338.47
SAL-Ei-LM,bom_deep_7_3_15_5_No1_p10_ao63_am15_1,63,2,SATISFIED,1.297,122510030.0,4467.69
SAL-Ei-LM,bom_deep_7_3_15_5_No1_p10_ao63_am15_1,63,3,SATISFIED,1.2878,122545660.0,4551.44
SAL-Ei-LM,bom_deep_7_3_15_5_No1_p10_ao63_am15_1,63,4,SATISFIED,1.287,122589950.0,4587.09
SAL-Ei-LM,bom_deep_7_3_15_5_No1_p10_ao63_am15_1,63,5,SATISFIED,1.302,122518305.0,4610.09
SAL-Ei-LM,bom_deep_7_3_15_5_No1_p10_ao63_am15_1,63,6,SATISFIED,1.2963,122517910.0,4605.84
SAL-Ei-LM,bom_deep_7_3_15_5_No1_p10_ao63_am15_1,63,7,SATISFIED,1.4033,122504305.0,4563.28
SAL-Ei-LM,bom_deep_7_3_15_5_No1_p10_ao63_am15_1,63,8,SATISFIED,1.2999,122567775.0,4369.0
SAL-Ei-LM,bom_deep_7_3_15_5_No1_p10_ao63_am15_1,63,9,SATISFIED,1.2873,122593115.0,4515.84
SAL-Ei-LM,bom_deep_7_3_15_5_No1_p10_ao63_am15_1,63,10,SATISFIED,1.299,122470140.0,4577.81
SAL-Ei-LM,bom_deep_7_3_15_5_No1_p10_ao63_am15_1_m10_ao63_am10_1,63,1,SATISFIED,1.2901,89929965.0,4918.28
SAL-Ei-LM,bom_deep_7_3_15_5_No1_p10_ao63_am15_1_m10_ao63_am10_1,63,2,SATISFIED,1.2987,89223937.0,4946.91
SAL-Ei-LM,bom_deep_7_3_15_5_No1_p10_ao63_am15_1_m10_ao63_am10_1,63,3,SATISFIED,1.3007,89323163.0,4950.19
SAL-Ei-LM,bom_deep_7_3_15_5_No1_p10_ao63_am15_1_m10_ao63_am10_1,63,4,SATISFIED,1.2981,89869838.0,5042.19
SAL-Ei-LM,bom_deep_7_3_15_5_No1_p10_ao63_am15_1_m10_ao63_am10_1,63,5,SATISFIED,1.4327,88989425.0,4984.44
SAL-Ei-LM,bom_deep_7_3_15_5_No1_p10_ao63_am15_1_m10_ao63_am10_1,63,6,SATISFIED,1.2996,88714601.0,4767.53
SAL-Ei-LM,bom_deep_7_3_15_5_No1_p10_ao63_am15_1_m10_ao63_am10_1,63,7,SATISFIED,1.2995,89961830.0,4934.69
SAL-Ei-LM,bom_deep_7_3_15_5_No1_p10_ao63_am15_1_m10_ao63_am10_1,63,8,SATISFIED,1.2992,89449193.0,5012.16
SAL-Ei-LM,bom_deep_7_3_15_5_No1_p10_ao63_am15_1_m10_ao63_am10_1,63,9,SATISFIED,1.3004,88749083.0,4989.47
SAL-Ei-LM,bom_deep_7_3_15_5_No1_p10_ao63_am15_1_m10_ao63_am10_1,63,10,SATISFIED,1.3147,89143322.0,4952.41
SAL-Ei-LM,bom_deep_7_3_15_5_No1_p10_ao63_am15_1_m10_ao63_am10_2,63,1,SATISFIED,1.3103,61996406.0,4747.53
SAL-Ei-LM,bom_deep_7_3_15_5_No1_p10_ao63_am15_1_m10_ao63_am10_2,63,2,SATISFIED,1.3053,61588066.0,4816.28
SAL-Ei-LM,bom_deep_7_3_15_5_No1_p10_ao63_am15_1_m10_ao63_am10_2,63,3,SATISFIED,1.4044,61493076.0,4830.34
SAL-Ei-LM,bom_deep_7_3_15_5_No1_p10_ao63_am15_1_m10_ao63_am10_2,63,4,SATISFIED,1.2932,62349806.0,4648.28
SAL-Ei-LM,bom_deep_7_3_15_5_No1_p10_ao63_am15_1_m10_ao63_am10_2,63,5,SATISFIED,1.3023,61957899.0,4778.56
SAL-Ei-LM,bom_deep_7_3_15_5_No1_p10_ao63_am15_1_m10_ao63_am10_2,63,6,SATISFIED,1.3028,61320810.0,4869.0
SAL-Ei-LM,bom_deep_7_3_15_5_No1_p10_ao63_am15_1_m10_ao63_am10_2,63,7,SATISFIED,1.3102,62375334.0,4814.62
SAL-Ei-LM,bom_deep_7_3_15_5_No1_p10_ao63_am15_1_m10_ao63_am10_2,63,8,SATISFIED,1.2807,62504623.0,4873.53
SAL-Ei-LM,bom_deep_7_3_15_5_No1_p10_ao63_am15_1_m10_ao63_am10_2,63,9,SATISFIED,1.2016,61686495.0,5704.47
SAL-Ei-LM,bom_deep_7_3_15_5_No1_p10_ao63_am15_1_m10_ao63_am10_2,63,10,SATISFIED,1.1694,61930835.0,7219.66
SAL-Ei-LM,bom_deep_7_3_15_5_No1_p10_ao63_am15_1_m10_ao63_am10_3,63,1,SATISFIED,1.2517,205129434.0,7813.62
SAL-Ei-LM,bom_deep_7_3_15_5_No1_p10_ao63_am15_1_m10_ao63_am10_3,63,2,SATISFIED,1.1673,205134095.0,7040.78
SAL-Ei-LM,bom_deep_7_3_15_5_No1_p10_ao63_am15_1_m10_ao63_am10_3,63,3,SATISFIED,1.1654,205191164.0,7405.31
SAL-Ei-LM,bom_deep_7_3_15_5_No1_p10_ao63_am15_1_m10_ao63_am10_3,63,4,SATISFIED,1.165,205141360.0,7572.03
SAL-Ei-LM,bom_deep_7_3_15_5_No1_p10_ao63_am15_1_m10_ao63_am10_3,63,5,SATISFIED,1.169,205128064.0,7706.03
SAL-Ei-LM,bom_deep_7_3_15_5_No1_p10_ao63_am15_1_m10_ao63_am10_3,63,6,SATISFIED,1.1646,205139306.0,7775.03
SAL-Ei-LM,bom_deep_7_3_15_5_No1_p10_ao63_am15_1_m10_ao63_am10_3,63,7,SATISFIED,1.2951,205124861.0,6999.62
SAL-Ei-LM,bom_deep_7_3_15_5_No1_p10_ao63_am15_1_m10_ao63_am10_3,63,8,SATISFIED,1.3042,205133660.0,5922.22
SAL-Ei-LM,bom_deep_7_3_15_5_No1_p10_ao63_am15_1_m10_ao63_am10_3,63,9,SATISFIED,1.3053,205128744.0,5495.81
SAL-Ei-LM,bom_deep_7_3_15_5_No1_p10_ao63_am15_1_m10_ao63_am10_3,63,10,SATISFIED,1.344,205223461.0,5021.72
SAL-Ei-LM,bom_deep_7_3_15_5_No1_p10_ao63_am15_1_m10_ao63_am10_4,63,1,SATISFIED,1.2949,139031952.0,4691.91
SAL-Ei-LM,bom_deep_7_3_15_5_No1_p10_ao63_am15_1_m10_ao63_am10_4,63,2,SATISFIED,1.3195,139028967.0,4741.44
SAL-Ei-LM,bom_deep_7_3_15_5_No1_p10_ao63_am15_1_m10_ao63_am10_4,63,3,SATISFIED,1.3032,139025267.0,4736.47
SAL-Ei-LM,bom_deep_7_3_15_5_No1_p10_ao63_am15_1_m10_ao63_am10_4,63,4,SATISFIED,1.3254,139092748.0,4733.34
SAL-Ei-LM,bom_deep_7_3_15_5_No1_p10_ao63_am15_1_m10_ao63_am10_4,63,5,SATISFIED,1.3165,139067912.0,4812.72
SAL-Ei-LM,bom_deep_7_3_15_5_No1_p10_ao63_am15_1_m10_ao63_am10_4,63,6,SATISFIED,1.3184,139140515.0,4864.5
SAL-Ei-LM,bom_deep_7_3_15_5_No1_p10_ao63_am15_1_m10_ao63_am10_4,63,7,SATISFIED,1.3242,139019720.0,4803.97
SAL-Ei-LM,bom_deep_7_3_15_5_No1_p10_ao63_am15_1_m10_ao63_am10_4,63,8,SATISFIED,1.4038,139037083.0,4775.59
SAL-Ei-LM,bom_deep_7_3_15_5_No1_p10_ao63_am15_1_m10_ao63_am10_4,63,9,SATISFIED,1.2888,139053463.0,4633.56
SAL-Ei-LM,bom_deep_7_3_15_5_No1_p10_ao63_am15_1_m10_ao63_am10_4,63,10,SATISFIED,1.312,139073342.0,4794.44
SAL-Ei-LM,bom_deep_7_3_15_5_No1_p10_ao63_am15_1_m10_ao63_am10_5,63,1,SATISFIED,1.2957,127105111.0,4731.44
SAL-Ei-LM,bom_deep_7_3_15_5_No1_p10_ao63_am15_1_m10_ao63_am10_5,63,2,SATISFIED,1.3219,126708984.0,4719.75
SAL-Ei-LM,bom_deep_7_3_15_5_No1_p10_ao63_am15_1_m10_ao63_am10_5,63,3,SATISFIED,1.3108,126969623.0,4739.03
SAL-Ei-LM,bom_deep_7_3_15_5_No1_p10_ao63_am15_1_m10_ao63_am10_5,63,4,SATISFIED,1.3093,126255476.0,4821.22
SAL-Ei-LM,bom_deep_7_3_15_5_No1_p10_ao63_am15_1_m10_ao63_am10_5,63,5,SATISFIED,1.3125,127160859.0,4721.06
SAL-Ei-LM,bom_deep_7_3_15_5_No1_p10_ao63_am15_1_m10_ao63_am10_5,63,6,SATISFIED,1.3725,127123974.0,4733.88
SAL-Ei-LM,bom_deep_7_3_15_5_No1_p10_ao63_am15_1_m10_ao63_am10_5,63,7,SATISFIED,1.3069,127271210.0,4653.22
SAL-Ei-LM,bom_deep_7_3_15_5_No1_p10_ao63_am15_1_m10_ao63_am10_5,63,8,SATISFIED,1.3047,128412270.0,4752.91
SAL-Ei-LM,bom_deep_7_3_15_5_No1_p10_ao63_am15_1_m10_ao63_am10_5,63,9,SATISFIED,1.3188,127752614.0,4802.41
SAL-Ei-LM,bom_deep_7_3_15_5_No1_p10_ao63_am15_1_m10_ao63_am10_5,63,10,SATISFIED,1.3053,127278112.0,4837.28
SAL-Ei-LM,bom_deep_7_3_15_5_No1_p10_ao63_am15_1_m25_ao63_am25_1,63,1,SATISFIED,1.3141,62617658.0,3888.44
SAL-Ei-LM,bom_deep_7_3_15_5_No1_p10_ao63_am15_1_m25_ao63_am25_1,63,2,SATISFIED,1.3035,62695629.0,3856.62
SAL-Ei-LM,bom_deep_7_3_15_5_No1_p10_ao63_am15_1_m25_ao63_am25_1,63,3,SATISFIED,1.4699,64048072.0,3880.56
SAL-Ei-LM,bom_deep_7_3_15_5_No1_p10_ao63_am15_1_m25_ao63_am25_1,63,4,SATISFIED,1.2872,64635510.0,3756.03
SAL-Ei-LM,bom_deep_7_3_15_5_No1_p10_ao63_am15_1_m25_ao63_am25_1,63,5,SATISFIED,1.2949,64103545.0,3844.38
SAL-Ei-LM,bom_deep_7_3_15_5_No1_p10_ao63_am15_1_m25_ao63_am25_1,63,6,SATISFIED,1.3066,61762002.0,3927.84
SAL-Ei-LM,bom_deep_7_3_15_5_No1_p10_ao63_am15_1_m25_ao63_am25_1,63,7,SATISFIED,1.3064,62934185.0,3920.03
SAL-Ei-LM,bom_deep_7_3_15_5_No1_p10_ao63_am15_1_m25_ao63_am25_1,63,8,SATISFIED,1.3206,63779369.0,3885.28
SAL-Ei-LM,bom_deep_7_3_15_5_No1_p10_ao63_am15_1_m25_ao63_am25_1,63,9,SATISFIED,1.3106,62894169.0,3864.97
SAL-Ei-LM,bom_deep_7_3_15_5_No1_p10_ao63_am15_1_m25_ao63_am25_1,63,10,SATISFIED,1.448,63072175.0,3877.81
SAL-Ei-LM,bom_deep_7_3_15_5_No1_p10_ao63_am15_1_m25_ao63_am25_2,63,1,SATISFIED,1.2939,30802985.0,3683.47
SAL-Ei-LM,bom_deep_7_3_15_5_No1_p10_ao63_am15_1_m25_ao63_am25_2,63,2,SATISFIED,1.3025,30565200.0,3810.72
SAL-Ei-LM,bom_deep_7_3_15_5_No1_p10_ao63_am15_1_m25_ao63_am25_2,63,3,SATISFIED,1.3084,29964400.0,3843.5
SAL-Ei-LM,bom_deep_7_3_15_5_No1_p10_ao63_am15_1_m25_ao63_am25_2,63,4,SATISFIED,1.3035,30601134.0,3976.66
SAL-Ei-LM,bom_deep_7_3_15_5_No1_p10_ao63_am15_1_m25_ao63_am25_2,63,5,SATISFIED,1.3265,30086181.0,3860.0
SAL-Ei-LM,bom_deep_7_3_15_5_No1_p10_ao63_am15_1_m25_ao63_am25_2,63,6,SATISFIED,1.3135,29325210.0,3886.22
SAL-Ei-LM,bom_deep_7_3_15_5_No1_p10_ao63_am15_1_m25_ao63_am25_2,63,7,SATISFIED,1.3954,29988210.0,3891.34
SAL-Ei-LM,bom_deep_7_3_15_5_No1_p10_ao63_am15_1_m25_ao63_am25_2,63,8,SATISFIED,1.2978,29906115.0,3785.72
SAL-Ei-LM,bom_deep_7_3_15_5_No1_p10_ao63_am15_1_m25_ao63_am25_2,63,9,SATISFIED,1.3008,30928865.0,3898.41
SAL-Ei-LM,bom_deep_7_3_15_5_No1_p10_ao63_am15_1_m25_ao63_am25_2,63,10,SATISFIED,1.2283,30279861.0,4304.12
SAL-Ei-LM,bom_deep_7_3_15_5_No1_p10_ao63_am15_1_m25_ao63_am25_3,63,1,SATISFIED,1.1908,28700678.0,5333.66
SAL-Ei-LM,bom_deep_7_3_15_5_No1_p10_ao63_am15_1_m25_ao63_am25_3,63,2,SATISFIED,1.3061,29183600.0,5076.94
SAL-Ei-LM,bom_deep_7_3_15_5_No1_p10_ao63_am15_1_m25_ao63_am25_3,63,3,SATISFIED,1.2959,29887394.0,4488.84
SAL-Ei-LM,bom_deep_7_3_15_5_No1_p10_ao63_am15_1_m25_ao63_am25_3,63,4,SATISFIED,1.392,29663092.0,3981.25
SAL-Ei-LM,bom_deep_7_3_15_5_No1_p10_ao63_am15_1_m25_ao63_am25_3,63,5,SATISFIED,1.2951,29301515.0,3844.78
SAL-Ei-LM,bom_deep_7_3_15_5_No1_p10_ao63_am15_1_m25_ao63_am25_3,63,6,SATISFIED,1.3253,30003009.0,3884.09
SAL-Ei-LM,bom_deep_7_3_15_5_No1_p10_ao63_am15_1_m25_ao63_am25_3,63,7,SATISFIED,1.2358,29520330.0,3928.06
SAL-Ei-LM,bom_deep_7_3_15_5_No1_p10_ao63_am15_1_m25_ao63_am25_3,63,8,SATISFIED,1.3027,30128565.0,3984.81
SAL-Ei-LM,bom_deep_7_3_15_5_No1_p10_ao63_am15_1_m25_ao63_am25_3,63,9,SATISFIED,1.2273,29563379.0,4224.5
SAL-Ei-LM,bom_deep_7_3_15_5_No1_p10_ao63_am15_1_m25_ao63_am25_3,63,10,SATISFIED,1.3089,29937953.0,4213.03
SAL-Ei-LM,bom_deep_7_3_15_5_No1_p10_ao63_am15_1_m25_ao63_am25_4,63,1,SATISFIED,1.3844,23157716.0,3911.12
SAL-Ei-LM,bom_deep_7_3_15_5_No1_p10_ao63_am15_1_m25_ao63_am25_4,63,2,SATISFIED,1.2848,22608961.0,3804.19
SAL-Ei-LM,bom_deep_7_3_15_5_No1_p10_ao63_am15_1_m25_ao63_am25_4,63,3,SATISFIED,1.3184,23853679.0,3896.25
SAL-Ei-LM,bom_deep_7_3_15_5_No1_p10_ao63_am15_1_m25_ao63_am25_4,63,4,SATISFIED,1.3058,22986776.0,3946.16
SAL-Ei-LM,bom_deep_7_3_15_5_No1_p10_ao63_am15_1_m25_ao63_am25_4,63,5,SATISFIED,1.2949,22926555.0,3962.47
SAL-Ei-LM,bom_deep_7_3_15_5_No1_p10_ao63_am15_1_m25_ao63_am25_4,63,6,SATISFIED,1.301,23926513.0,3967.5
SAL-Ei-LM,bom_deep_7_3_15_5_No1_p10_ao63_am15_1_m25_ao63_am25_4,63,7,SATISFIED,1.294,22955369.0,4023.5
SAL-Ei-LM,bom_deep_7_3_15_5_No1_p10_ao63_am15_1_m25_ao63_am25_4,63,8,SATISFIED,1.3737,23922564.0,3931.97
SAL-Ei-LM,bom_deep_7_3_15_5_No1_p10_ao63_am15_1_m25_ao63_am25_4,63,9,SATISFIED,1.3055,23602439.0,3813.78
SAL-Ei-LM,bom_deep_7_3_15_5_No1_p10_ao63_am15_1_m25_ao63_am25_4,63,10,SATISFIED,1.3141,24238414.0,3881.09
SAL-Ei-LM,bom_deep_7_3_15_5_No1_p10_ao63_am15_1_m25_ao63_am25_5,63,1,SATISFIED,1.3033,98219212.0,3813.0
SAL-Ei-LM,bom_deep_7_3_15_5_No1_p10_ao63_am15_1_m25_ao63_am25_5,63,2,SATISFIED,1.3038,96460544.0,3897.44
SAL-Ei-LM,bom_deep_7_3_15_5_No1_p10_ao63_am15_1_m25_ao63_am25_5,63,3,SATISFIED,1.3125,93427160.0,3858.19
SAL-Ei-LM,bom_deep_7_3_15_5_No1_p10_ao63_am15_1_m25_ao63_am25_5,63,4,SATISFIED,1.3089,99410087.0,3861.5
SAL-Ei-LM,bom_deep_7_3_15_5_No1_p10_ao63_am15_1_m25_ao63_am25_5,63,5,SATISFIED,1.34,95851505.0,3856.19
SAL-Ei-LM,bom_deep_7_3_15_5_No1_p10_ao63_am15_1_m25_ao63_am25_5,63,6,SATISFIED,1.2989,95498299.0,3802.88
SAL-Ei-LM,bom_deep_7_3_15_5_No1_p10_ao63_am15_1_m25_ao63_am25_5,63,7,SATISFIED,1.3079,98485022.0,3848.28
SAL-Ei-LM,bom_deep_7_3_15_5_No1_p10_ao63_am15_1_m25_ao63_am25_5,63,8,SATISFIED,1.3049,97913002.0,3867.16
SAL-Ei-LM,bom_deep_7_3_15_5_No1_p10_ao63_am15_1_m25_ao63_am25_5,63,9,SATISFIED,1.3001,100270542.0,3915.88
SAL-Ei-LM,bom_deep_7_3_15_5_No1_p10_ao63_am15_1_m25_ao63_am25_5,63,10,SATISFIED,1.3089,96134521.0,3886.47
SAL-Ei-LM,bom_deep_7_3_15_5_No1_p10_ao63_am15_2,63,1,SATISFIED,1.312,192774195.0,4342.25
SAL-Ei-LM,bom_deep_7_3_15_5_No1_p10_ao63_am15_2,63,2,SATISFIED,1.2968,192725750.0,4303.16
SAL-Ei-LM,bom_deep_7_3_15_5_No1_p10_ao63_am15_2,63,3,SATISFIED,1.3005,192793230.0,4379.59
SAL-Ei-LM,bom_deep_7_3_15_5_No1_p10_ao63_am15_2,63,4,SATISFIED,1.3195,192781715.0,4419.69
SAL-Ei-LM,bom_deep_7_3_15_5_No1_p10_ao63_am15_2,63,5,SATISFIED,1.3089,192879630.0,4465.12
SAL-Ei-LM,bom_deep_7_3_15_5_No1_p10_ao63_am15_2,63,6,SATISFIED,1.3064,192777530.0,4544.0
SAL-Ei-LM,bom_deep_7_3_15_5_No1_p10_ao63_am15_2,63,7,SATISFIED,1.2292,192807175.0,4755.53
SAL-Ei-LM,bom_deep_7_3_15_5_No1_p10_ao63_am15_2,63,8,SATISFIED,1.3116,193003050.0,4731.88
SAL-Ei-LM,bom_deep_7_3_15_5_No1_p10_ao63_am15_2,63,9,SATISFIED,1.4357,192780960.0,4702.47
SAL-Ei-LM,bom_deep_7_3_15_5_No1_p10_ao63_am15_2,63,10,SATISFIED,1.2905,192812790.0,4322.12
SAL-Ei-LM,bom_deep_7_3_15_5_No1_p10_ao63_am15_2_m10_ao63_am10_1,63,1,SATISFIED,1.2952,91483086.0,4962.72
SAL-Ei-LM,bom_deep_7_3_15_5_No1_p10_ao63_am15_2_m10_ao63_am10_1,63,2,SATISFIED,1.3217,91484560.0,4985.16
SAL-Ei-LM,bom_deep_7_3_15_5_No1_p10_ao63_am15_2_m10_ao63_am10_1,63,3,SATISFIED,1.2889,91484722.0,5078.97
SAL-Ei-LM,bom_deep_7_3_15_5_No1_p10_ao63_am15_2_m10_ao63_am10_1,63,4,SATISFIED,1.2008,91483975.0,5656.16
SAL-Ei-LM,bom_deep_7_3_15_5_No1_p10_ao63_am15_2_m10_ao63_am10_1,63,5,SATISFIED,1.2897,91479896.0,6127.34
SAL-Ei-LM,bom_deep_7_3_15_5_No1_p10_ao63_am15_2_m10_ao63_am10_1,63,6,SATISFIED,1.2914,91480889.0,5881.5
SAL-Ei-LM,bom_deep_7_3_15_5_No1_p10_ao63_am15_2_m10_ao63_am10_1,63,7,SATISFIED,1.4537,91486599.0,5321.28
SAL-Ei-LM,bom_deep_7_3_15_5_No1_p10_ao63_am15_2_m10_ao63_am10_1,63,8,SATISFIED,1.2901,91483780.0,4885.94
SAL-Ei-LM,bom_deep_7_3_15_5_No1_p10_ao63_am15_2_m10_ao63_am10_1,63,9,SATISFIED,1.2986,91485496.0,5041.56
SAL-Ei-LM,bom_deep_7_3_15_5_No1_p10_ao63_am15_2_m10_ao63_am10_1,63,10,SATISFIED,1.3091,91482441.0,5064.62
SAL-Ei-LM,bom_deep_7_3_15_5_No1_p10_ao63_am15_2_m10_ao63_am10_2,63,1,SATISFIED,1.2975,383197380.0,4796.88
SAL-Ei-LM,bom_deep_7_3_15_5_No1_p10_ao63_am15_2_m10_ao63_am10_2,63,2,SATISFIED,1.2991,382876103.0,4899.91
SAL-Ei-LM,bom_deep_7_3_15_5_No1_p10_ao63_am15_2_m10_ao63_am10_2,63,3,SATISFIED,1.3044,383128880.0,4995.25
SAL-Ei-LM,bom_deep_7_3_15_5_No1_p10_ao63_am15_2_m10_ao63_am10_2,63,4,SATISFIED,1.3131,382895354.0,5010.53
SAL-Ei-LM,bom_deep_7_3_15_5_No1_p10_ao63_am15_2_m10_ao63_am10_2,63,5,SATISFIED,1.3133,382932285.0,4992.0
SAL-Ei-LM,bom_deep_7_3_15_5_No1_p10_ao63_am15_2_m10_ao63_am10_2,63,6,SATISFIED,1.3363,382917505.0,4951.69
SAL-Ei-LM,bom_deep_7_3_15_5_No1_p10_ao63_am15_2_m10_ao63_am10_2,63,7,SATISFIED,1.2969,383004535.0,4877.06
SAL-Ei-LM,bom_deep_7_3_15_5_No1_p10_ao63_am15_2_m10_ao63_am10_2,63,8,SATISFIED,1.2945,382874300.0,4893.38
SAL-Ei-LM,bom_deep_7_3_15_5_No1_p10_ao63_am15_2_m10_ao63_am10_2,63,9,SATISFIED,1.3032,382881470.0,4856.16
SAL-Ei-LM,bom_deep_7_3_15_5_No1_p10_ao63_am15_2_m10_ao63_am10_2,63,10,SATISFIED,1.2987,383206505.0,4772.19
SAL-Ei-LM,bom_deep_7_3_15_5_No1_p10_ao63_am15_2_m10_ao63_am10_3,63,1,SATISFIED,1.3084,69492061.0,4641.91
SAL-Ei-LM,bom_deep_7_3_15_5_No1_p10_ao63_am15_2_m10_ao63_am10_3,63,2,SATISFIED,1.2908,69460878.0,4741.5
SAL-Ei-LM,bom_deep_7_3_15_5_No1_p10_ao63_am15_2_m10_ao63_am10_3,63,3,SATISFIED,1.2983,69409167.0,4658.38
SAL-Ei-LM,bom_deep_7_3_15_5_No1_p10_ao63_am15_2_m10_ao63_am10_3,63,4,SATISFIED,1.3343,69448408.0,4691.91
SAL-Ei-LM,bom_deep_7_3_15_5_No1_p10_ao63_am15_2_m10_ao63_am10_3,63,5,SATISFIED,1.2889,69443562.0,4665.75
SAL-Ei-LM,bom_deep_7_3_15_5_No1_p10_ao63_am15_2_m10_ao63_am10_3,63,6,SATISFIED,1.3114,69431277.0,4728.41
SAL-Ei-LM,bom_deep_7_3_15_5_No1_p10_ao63_am15_2_m10_ao63_am10_3,63,7,SATISFIED,1.2857,69418091.0,4706.53
SAL-Ei-LM,bom_deep_7_3_15_5_No1_p10_ao63_am15_2_m10_ao63_am10_3,63,8,SATISFIED,1.2954,69439320.0,4743.88
SAL-Ei-LM,bom_deep_7_3_15_5_No1_p10_ao63_am15_2_m10_ao63_am10_3,63,9,SATISFIED,1.2905,69413276.0,4768.31
SAL-Ei-LM,bom_deep_7_3_15_5_No1_p10_ao63_am15_2_m10_ao63_am10_3,63,10,SATISFIED,1.2854,69429717.0,4746.28
SAL-Ei-LM,bom_deep_7_3_15_5_No1_p10_ao63_am15_2_m10_ao63_am10_4,63,1,SATISFIED,1.2929,60951752.0,4963.62
SAL-Ei-LM,bom_deep_7_3_15_5_No1_p10_ao63_am15_2_m10_ao63_am10_4,63,2,SATISFIED,1.3396,60771832.0,5012.59
SAL-Ei-LM,bom_deep_7_3_15_5_No1_p10_ao63_am15_2_m10_ao63_am10_4,63,3,SATISFIED,1.2823,60885480.0,4933.31
SAL-Ei-LM,bom_deep_7_3_15_5_No1_p10_ao63_am15_2_m10_ao63_am10_4,63,4,SATISFIED,1.3072,60497699.0,4927.53
SAL-Ei-LM,bom_deep_7_3_15_5_No1_p10_ao63_am15_2_m10_ao63_am10_4,63,5,SATISFIED,1.2943,60525341.0,4914.12
SAL-Ei-LM,bom_deep_7_3_15_5_No1_p10_ao63_am15_2_m10_ao63_am10_4,63,6,SATISFIED,1.3019,61549378.0,4973.91
SAL-Ei-LM,bom_deep_7_3_15_5_No1_p10_ao63_am15_2_m10_ao63_am10_4,63,7,SATISFIED,1.2966,61915682.0,4949.16
SAL-Ei-LM,bom_deep_7_3_15_5_No1_p10_ao63_am15_2_m10_ao63_am10_4,63,8,SATISFIED,1.288,61501691.0,4966.41
SAL-Ei-LM,bom_deep_7_3_15_5_No1_p10_ao63_am15_2_m10_ao63_am10_4,63,9,SATISFIED,1.293,62076810.0,4976.06
SAL-Ei-LM,bom_deep_7_3_15_5_No1_p10_ao63_am15_2_m10_ao63_am10_4,63,10,SATISFIED,1.3789,61078841.0,4983.84
SAL-Ei-LM,bom_deep_7_3_15_5_No1_p10_ao63_am15_2_m10_ao63_am10_5,63,1,SATISFIED,1.2765,137583100.0,4950.47
SAL-Ei-LM,bom_deep_7_3_15_5_No1_p10_ao63_am15_2_m10_ao63_am10_5,63,2,SATISFIED,1.2891,137543423.0,5123.44
SAL-Ei-LM,bom_deep_7_3_15_5_No1_p10_ao63_am15_2_m10_ao63_am10_5,63,3,SATISFIED,1.2949,137564000.0,5129.09
SAL-Ei-LM,bom_deep_7_3_15_5_No1_p10_ao63_am15_2_m10_ao63_am10_5,63,4,SATISFIED,1.3009,137560528.0,5090.78
SAL-Ei-LM,bom_deep_7_3_15_5_No1_p10_ao63_am15_2_m10_ao63_am10_5,63,5,SATISFIED,1.2947,137534345.0,5160.78
SAL-Ei-LM,bom_deep_7_3_15_5_No1_p10_ao63_am15_2_m10_ao63_am10_5,63,6,SATISFIED,1.2965,137551164.0,5154.44
SAL-Ei-LM,bom_deep_7_3_15_5_No1_p10_ao63_am15_2_m10_ao63_am10_5,63,7,SATISFIED,1.2943,137561625.0,5192.81
SAL-Ei-LM,bom_deep_7_3_15_5_No1_p10_ao63_am15_2_m10_ao63_am10_5,63,8,SATISFIED,1.3938,137540325.0,5133.72
SAL-Ei-LM,bom_deep_7_3_15_5_No1_p10_ao63_am15_2_m10_ao63_am10_5,63,9,SATISFIED,1.286,137540960.0,4894.38
SAL-Ei-LM,bom_deep_7_3_15_5_No1_p10_ao63_am15_2_m10_ao63_am10_5,63,10,SATISFIED,1.2887,137551920.0,5060.81
SAL-Ei-LM,bom_deep_7_3_15_5_No1_p10_ao63_am15_2_m25_ao63_am25_1,63,1,SATISFIED,1.2899,78217872.0,3868.47
SAL-Ei-LM,bom_deep_7_3_15_5_No1_p10_ao63_am15_2_m25_ao63_am25_1,63,2,SATISFIED,1.2911,78694776.0,3939.69
SAL-Ei-LM,bom_deep_7_3_15_5_No1_p10_ao63_am15_2_m25_ao63_am25_1,63,3,SATISFIED,1.2994,78138680.0,4011.25
SAL-Ei-LM,bom_deep_7_3_15_5_No1_p10_ao63_am15_2_m25_ao63_am25_1,63,4,SATISFIED,1.304,78524750.0,3997.03
SAL-Ei-LM,bom_deep_7_3_15_5_No1_p10_ao63_am15_2_m25_ao63_am25_1,63,5,SATISFIED,1.3102,78379075.0,3843.0
SAL-Ei-LM,bom_deep_7_3_15_5_No1_p10_ao63_am15_2_m25_ao63_am25_1,63,6,SATISFIED,1.3389,77446627.0,3836.31
SAL-Ei-LM,bom_deep_7_3_15_5_No1_p10_ao63_am15_2_m25_ao63_am25_1,63,7,SATISFIED,1.287,78495420.0,3856.41
SAL-Ei-LM,bom_deep_7_3_15_5_No1_p10_ao63_am15_2_m25_ao63_am25_1,63,8,SATISFIED,1.291,78678338.0,3955.12
SAL-Ei-LM,bom_deep_7_3_15_5_No1_p10_ao63_am15_2_m25_ao63_am25_1,63,9,SATISFIED,1.2926,77553280.0,4019.78
SAL-Ei-LM,bom_deep_7_3_15_5_No1_p10_ao63_am15_2_m25_ao63_am25_1,63,10,SATISFIED,1.1958,78254152.0,4443.34
SAL-Ei-LM,bom_deep_7_3_15_5_No1_p10_ao63_am15_2_m25_ao63_am25_2,63,1,SATISFIED,1.2721,46884876.0,4494.31
SAL-Ei-LM,bom_deep_7_3_15_5_No1_p10_ao63_am15_2_m25_ao63_am25_2,63,2,SATISFIED,1.2945,46485240.0,4427.44
SAL-Ei-LM,bom_deep_7_3_15_5_No1_p10_ao63_am15_2_m25_ao63_am25_2,63,3,SATISFIED,1.3198,46836231.0,4232.97
SAL-Ei-LM,bom_deep_7_3_15_5_No1_p10_ao63_am15_2_m25_ao63_am25_2,63,4,SATISFIED,1.2934,47205570.0,3939.16
SAL-Ei-LM,bom_deep_7_3_15_5_No1_p10_ao63_am15_2_m25_ao63_am25_2,63,5,SATISFIED,1.303,47138880.0,3911.31
SAL-Ei-LM,bom_deep_7_3_15_5_No1_p10_ao63_am15_2_m25_ao63_am25_2,63,6,SATISFIED,1.3182,46420715.0,3909.88
SAL-Ei-LM,bom_deep_7_3_15_5_No1_p10_ao63_am15_2_m25_ao63_am25_2,63,7,SATISFIED,1.2949,46988782.0,3868.84
SAL-Ei-LM,bom_deep_7_3_15_5_No1_p10_ao63_am15_2_m25_ao63_am25_2,63,8,SATISFIED,1.2944,46841646.0,3909.88
SAL-Ei-LM,bom_deep_7_3_15_5_No1_p10_ao63_am15_2_m25_ao63_am25_2,63,9,SATISFIED,1.2884,46840462.0,3900.19
SAL-Ei-LM,bom_deep_7_3_15_5_No1_p10_ao63_am15_2_m25_ao63_am25_2,63,10,SATISFIED,1.3376,46903886.0,3885.34
SAL-Ei-LM,bom_deep_7_3_15_5_No1_p10_ao63_am15_2_m25_ao63_am25_3,63,1,SATISFIED,1.2854,43761207.0,3807.66
SAL-Ei-LM,bom_deep_7_3_15_5_No1_p10_ao63_am15_2_m25_ao63_am25_3,63,2,SATISFIED,1.2793,43562142.0,3908.06
SAL-Ei-LM,bom_deep_7_3_15_5_No1_p10_ao63_am15_2_m25_ao63_am25_3,63,3,SATISFIED,1.2814,44047965.0,3943.03
SAL-Ei-LM,bom_deep_7_3_15_5_No1_p10_ao63_am15_2_m25_ao63_am25_3,63,4,SATISFIED,1.2903,43804589.0,3933.16
SAL-Ei-LM,bom_deep_7_3_15_5_No1_p10_ao63_am15_2_m25_ao63_am25_3,63,5,SATISFIED,1.2951,44375902.0,3905.03
SAL-Ei-LM,bom_deep_7_3_15_5_No1_p10_ao63_am15_2_m25_ao63_am25_3,63,6,SATISFIED,1.3757,43823675.0,3959.41
SAL-Ei-LM,bom_deep_7_3_15_5_No1_p10_ao63_am15_2_m25_ao63_am25_3,63,7,SATISFIED,1.2857,43783307.0,3772.16
SAL-Ei-LM,bom_deep_7_3_15_5_No1_p10_ao63_am15_2_m25_ao63_am25_3,63,8,SATISFIED,1.2944,44017113.0,3909.25
SAL-Ei-LM,bom_deep_7_3_15_5_No1_p10_ao63_am15_2_m25_ao63_am25_3,63,9,SATISFIED,1.2977,42989367.0,3942.75
SAL-Ei-LM,bom_deep_7_3_15_5_No1_p10_ao63_am15_2_m25_ao63_am25_3,63,10,SATISFIED,1.2973,43464447.0,3917.69
SAL-Ei-LM,bom_deep_7_3_15_5_No1_p10_ao63_am15_2_m25_ao63_am25_4,63,1,SATISFIED,1.2874,19924619.0,3800.78
SAL-Ei-LM,bom_deep_7_3_15_5_No1_p10_ao63_am15_2_m25_ao63_am25_4,63,2,SATISFIED,1.2876,19270474.0,3898.0
SAL-Ei-LM,bom_deep_7_3_15_5_No1_p10_ao63_am15_2_m25_ao63_am25_4,63,3,SATISFIED,1.3471,19693103.0,4024.66
SAL-Ei-LM,bom_deep_7_3_15_5_No1_p10_ao63_am15_2_m25_ao63_am25_4,63,4,SATISFIED,1.297,19479606.0,3714.25
SAL-Ei-LM,bom_deep_7_3_15_5_No1_p10_ao63_am15_2_m25_ao63_am25_4,63,5,SATISFIED,1.2862,19604180.0,3824.53
SAL-Ei-LM,bom_deep_7_3_15_5_No1_p10_ao63_am15_2_m25_ao63_am25_4,63,6,SATISFIED,1.299,19476845.0,3845.62
SAL-Ei-LM,bom_deep_7_3_15_5_No1_p10_ao63_am15_2_m25_ao63_am25_4,63,7,SATISFIED,1.281,19147588.0,3890.56
SAL-Ei-LM,bom_deep_7_3_15_5_No1_p10_ao63_am15_2_m25_ao63_am25_4,63,8,SATISFIED,1.225,19847026.0,4581.28
SAL-Ei-LM,bom_deep_7_3_15_5_No1_p10_ao63_am15_2_m25_ao63_am25_4,63,9,SATISFIED,1.3007,19881965.0,4537.44
SAL-Ei-LM,bom_deep_7_3_15_5_No1_p10_ao63_am15_2_m25_ao63_am25_4,63,10,SATISFIED,1.3677,19684820.0,4300.03
SAL-Ei-LM,bom_deep_7_3_15_5_No1_p10_ao63_am15_2_m25_ao63_am25_5,63,1,SATISFIED,1.31,60314224.0,3761.91
SAL-Ei-LM,bom_deep_7_3_15_5_No1_p10_ao63_am15_2_m25_ao63_am25_5,63,2,SATISFIED,1.3014,60368667.0,3882.84
SAL-Ei-LM,bom_deep_7_3_15_5_No1_p10_ao63_am15_2_m25_ao63_am25_5,63,3,SATISFIED,1.3146,61617546.0,3867.53
SAL-Ei-LM,bom_deep_7_3_15_5_No1_p10_ao63_am15_2_m25_ao63_am25_5,63,4,SATISFIED,1.3099,63565529.0,3841.53
SAL-Ei-LM,bom_deep_7_3_15_5_No1_p10_ao63_am15_2_m25_ao63_am25_5,63,5,SATISFIED,1.2411,61094129.0,4219.84
SAL-Ei-LM,bom_deep_7_3_15_5_No1_p10_ao63_am15_2_m25_ao63_am25_5,63,6,SATISFIED,1.3178,61402006.0,4045.69
SAL-Ei-LM,bom_deep_7_3_15_5_No1_p10_ao63_am15_2_m25_ao63_am25_5,63,7,SATISFIED,1.3758,61565183.0,3981.16
SAL-Ei-LM,bom_deep_7_3_15_5_No1_p10_ao63_am15_2_m25_ao63_am25_5,63,8,SATISFIED,1.3129,59756026.0,3781.38
SAL-Ei-LM,bom_deep_7_3_15_5_No1_p10_ao63_am15_2_m25_ao63_am25_5,63,9,SATISFIED,1.297,61511250.0,3853.62
SAL-Ei-LM,bom_deep_7_3_15_5_No1_p10_ao63_am15_2_m25_ao63_am25_5,63,10,SATISFIED,1.283,61699448.0,3968.94
SAL-Ei-LM,bom_deep_7_3_15_5_No1_p10_ao63_am15_3,63,1,SATISFIED,1.2925,163267475.0,4579.12
SAL-Ei-LM,bom_deep_7_3_15_5_No1_p10_ao63_am15_3,63,2,SATISFIED,1.2912,163256370.0,4615.28
SAL-Ei-LM,bom_deep_7_3_15_5_No1_p10_ao63_am15_3,63,3,SATISFIED,1.2921,163259045.0,4760.12
SAL-Ei-LM,bom_deep_7_3_15_5_No1_p10_ao63_am15_3,63,4,SATISFIED,1.3689,163208660.0,4775.28
SAL-Ei-LM,bom_deep_7_3_15_5_No1_p10_ao63_am15_3,63,5,SATISFIED,1.2854,163264360.0,4470.47
SAL-Ei-LM,bom_deep_7_3_15_5_No1_p10_ao63_am15_3,63,6,SATISFIED,1.2814,163183700.0,4529.69
SAL-Ei-LM,bom_deep_7_3_15_5_No1_p10_ao63_am15_3,63,7,SATISFIED,1.3159,163223660.0,4538.41
SAL-Ei-LM,bom_deep_7_3_15_5_No1_p10_ao63_am15_3,63,8,SATISFIED,1.2943,163228300.0,4526.0
SAL-Ei-LM,bom_deep_7_3_15_5_No1_p10_ao63_am15_3,63,9,SATISFIED,1.2955,163368705.0,4556.06
SAL-Ei-LM,bom_deep_7_3_15_5_No1_p10_ao63_am15_3,63,10,SATISFIED,1.289,163200325.0,4584.03
SAL-Ei-LM,bom_deep_7_3_15_5_No1_p10_ao63_am15_3_m10_ao63_am10_1,63,1,SATISFIED,1.2995,141677105.0,5241.84
SAL-Ei-LM,bom_deep_7_3_15_5_No1_p10_ao63_am15_3_m10_ao63_am10_1,63,2,SATISFIED,1.3562,141676655.0,5265.44
SAL-Ei-LM,bom_deep_7_3_15_5_No1_p10_ao63_am15_3_m10_ao63_am10_1,63,3,SATISFIED,1.2929,141676505.0,5150.31
SAL-Ei-LM,bom_deep_7_3_15_5_No1_p10_ao63_am15_3_m10_ao63_am10_1,63,4,SATISFIED,1.295,141676600.0,5234.03
SAL-Ei-LM,bom_deep_7_3_15_5_No1_p10_ao63_am15_3_m10_ao63_am10_1,63,5,SATISFIED,1.3066,141676300.0,5299.94
SAL-Ei-LM,bom_deep_7_3_15_5_No1_p10_ao63_am15_3_m10_ao63_am10_1,63,6,SATISFIED,1.2979,141675690.0,5328.97
SAL-Ei-LM,bom_deep_7_3_15_5_No1_p10_ao63_am15_3_m10_ao63_am10_1,63,7,SATISFIED,1.296,141676185.0,5366.16
SAL-Ei-LM,bom_deep_7_3_15_5_No1_p10_ao63_am15_3_m10_ao63_am10_1,63,8,SATISFIED,1.3215,141675405.0,5392.94
SAL-Ei-LM,bom_deep_7_3_15_5_No1_p10_ao63_am15_3_m10_ao63_am10_1,63,9,SATISFIED,1.298,141675260.0,5261.94
SAL-Ei-LM,bom_deep_7_3_15_5_No1_p10_ao63_am15_3_m10_ao63_am10_1,63,10,SATISFIED,1.4015,141676940.0,5285.0
SAL-Ei-LM,bom_deep_7_3_15_5_No1_p10_ao63_am15_3_m10_ao63_am10_2,63,1,SATISFIED,1.2927,232729077.0,4795.25
SAL-Ei-LM,bom_deep_7_3_15_5_No1_p10_ao63_am15_3_m10_ao63_am10_2,63,2,SATISFIED,1.2893,233713910.0,5019.22
SAL-Ei-LM,bom_deep_7_3_15_5_No1_p10_ao63_am15_3_m10_ao63_am10_2,63,3,SATISFIED,1.3021,233035570.0,5052.22
SAL-Ei-LM,bom_deep_7_3_15_5_No1_p10_ao63_am15_3_m10_ao63_am10_2,63,4,SATISFIED,1.3157,232696453.0,5034.47
SAL-Ei-LM,bom_deep_7_3_15_5_No1_p10_ao63_am15_3_m10_ao63_am10_2,63,5,SATISFIED,1.2981,232676185.0,5022.97
SAL-Ei-LM,bom_deep_7_3_15_5_No1_p10_ao63_am15_3_m10_ao63_am10_2,63,6,SATISFIED,1.2971,232957907.0,5125.06
SAL-Ei-LM,bom_deep_7_3_15_5_No1_p10_ao63_am15_3_m10_ao63_am10_2,63,7,SATISFIED,1.2938,232607420.0,5168.5
SAL-Ei-LM,bom_deep_7_3_15_5_No1_p10_ao63_am15_3_m10_ao63_am10_2,63,8,SATISFIED,1.4272,232840143.0,5170.72
SAL-Ei-LM,bom_deep_7_3_15_5_No1_p10_ao63_am15_3_m10_ao63_am10_2,63,9,SATISFIED,1.2742,232752608.0,4894.56
SAL-Ei-LM,bom_deep_7_3_15_5_No1_p10_ao63_am15_3_m10_ao63_am10_2,63,10,SATISFIED,1.2957,232768210.0,5034.03
SAL-Ei-LM,bom_deep_7_3_15_5_No1_p10_ao63_am15_3_m10_ao63_am10_3,63,1,SATISFIED,1.3041,155950354.0,4783.78
SAL-Ei-LM,bom_deep_7_3_15_5_No1_p10_ao63_am15_3_m10_ao63_am10_3,63,2,SATISFIED,1.306,158016263.0,4860.94
SAL-Ei-LM,bom_deep_7_3_15_5_No1_p10_ao63_am15_3_m10_ao63_am10_3,63,3,SATISFIED,1.2889,155760231.0,4923.19
SAL-Ei-LM,bom_deep_7_3_15_5_No1_p10_ao63_am15_3_m10_ao63_am10_3,63,4,SATISFIED,1.3116,156474280.0,4779.5
SAL-Ei-LM,bom_deep_7_3_15_5_No1_p10_ao63_am15_3_m10_ao63_am10_3,63,5,SATISFIED,1.2007,158391310.0,5268.75
SAL-Ei-LM,bom_deep_7_3_15_5_No1_p10_ao63_am15_3_m10_ao63_am10_3,63,6,SATISFIED,1.4151,153589999.0,5657.94
SAL-Ei-LM,bom_deep_7_3_15_5_No1_p10_ao63_am15_3_m10_ao63_am10_3,63,7,SATISFIED,1.2835,156086984.0,4662.31
SAL-Ei-LM,bom_deep_7_3_15_5_No1_p10_ao63_am15_3_m10_ao63_am10_3,63,8,SATISFIED,1.2833,157972658.0,4875.69
SAL-Ei-LM,bom_deep_7_3_15_5_No1_p10_ao63_am15_3_m10_ao63_am10_3,63,9,SATISFIED,1.296,156438165.0,4932.81
SAL-Ei-LM,bom_deep_7_3_15_5_No1_p10_ao63_am15_3_m10_ao63_am10_3,63,10,SATISFIED,1.2965,157158092.0,4868.12
SAL-Ei-LM,bom_deep_7_3_15_5_No1_p10_ao63_am15_3_m10_ao63_am10_4,63,1,SATISFIED,1.2893,200545402.0,4984.03
SAL-Ei-LM,bom_deep_7_3_15_5_No1_p10_ao63_am15_3_m10_ao63_am10_4,63,2,SATISFIED,1.2932,200549034.0,4974.16
SAL-Ei-LM,bom_deep_7_3_15_5_No1_p10_ao63_am15_3_m10_ao63_am10_4,63,3,SATISFIED,1.296,200547529.0,5019.25
SAL-Ei-LM,bom_deep_7_3_15_5_No1_p10_ao63_am15_3_m10_ao63_am10_4,63,4,SATISFIED,1.4122,200545872.0,5053.56
SAL-Ei-LM,bom_deep_7_3_15_5_No1_p10_ao63_am15_3_m10_ao63_am10_4,63,5,SATISFIED,1.2854,200542783.0,4880.97
SAL-Ei-LM,bom_deep_7_3_15_5_No1_p10_ao63_am15_3_m10_ao63_am10_4,63,6,SATISFIED,1.2871,200542911.0,5002.03
SAL-Ei-LM,bom_deep_7_3_15_5_No1_p10_ao63_am15_3_m10_ao63_am10_4,63,7,SATISFIED,1.2881,200545381.0,5050.47
SAL-Ei-LM,bom_deep_7_3_15_5_No1_p10_ao63_am15_3_m10_ao63_am10_4,63,8,SATISFIED,1.3035,200547324.0,5051.38
SAL-Ei-LM,bom_deep_7_3_15_5_No1_p10_ao63_am15_3_m10_ao63_am10_4,63,9,SATISFIED,1.2928,200546196.0,5114.91
SAL-Ei-LM,bom_deep_7_3_15_5_No1_p10_ao63_am15_3_m10_ao63_am10_4,63,10,SATISFIED,1.2935,200545572.0,5121.03
SAL-Ei-LM,bom_deep_7_3_15_5_No1_p10_ao63_am15_3_m10_ao63_am10_5,63,1,SATISFIED,1.2922,204928645.0,4825.19
SAL-Ei-LM,bom_deep_7_3_15_5_No1_p10_ao63_am15_3_m10_ao63_am10_5,63,2,SATISFIED,1.3067,205212565.0,4864.03
SAL-Ei-LM,bom_deep_7_3_15_5_No1_p10_ao63_am15_3_m10_ao63_am10_5,63,3,SATISFIED,1.3246,205228286.0,4966.56
SAL-Ei-LM,bom_deep_7_3_15_5_No1_p10_ao63_am15_3_m10_ao63_am10_5,63,4,SATISFIED,1.2936,205302761.0,4902.5
SAL-Ei-LM,bom_deep_7_3_15_5_No1_p10_ao63_am15_3_m10_ao63_am10_5,63,5,SATISFIED,1.2978,205248743.0,4886.25
SAL-Ei-LM,bom_deep_7_3_15_5_No1_p10_ao63_am15_3_m10_ao63_am10_5,63,6,SATISFIED,1.2814,204910825.0,4917.72
SAL-Ei-LM,bom_deep_7_3_15_5_No1_p10_ao63_am15_3_m10_ao63_am10_5,63,7,SATISFIED,1.2945,205062316.0,4943.12
SAL-Ei-LM,bom_deep_7_3_15_5_No1_p10_ao63_am15_3_m10_ao63_am10_5,63,8,SATISFIED,1.2863,205043443.0,5030.06
SAL-Ei-LM,bom_deep_7_3_15_5_No1_p10_ao63_am15_3_m10_ao63_am10_5,63,9,SATISFIED,1.2944,205500754.0,4982.72
SAL-Ei-LM,bom_deep_7_3_15_5_No1_p10_ao63_am15_3_m10_ao63_am10_5,63,10,SATISFIED,1.3006,205296056.0,4991.69
SAL-Ei-LM,bom_deep_7_3_15_5_No1_p10_ao63_am15_3_m25_ao63_am25_1,63,1,SATISFIED,1.3299,66943553.0,3978.91
SAL-Ei-LM,bom_deep_7_3_15_5_No1_p10_ao63_am15_3_m25_ao63_am25_1,63,2,SATISFIED,1.3024,66522169.0,3956.81
SAL-Ei-LM,bom_deep_7_3_15_5_No1_p10_ao63_am15_3_m25_ao63_am25_1,63,3,SATISFIED,1.291,65695075.0,3992.03
SAL-Ei-LM,bom_deep_7_3_15_5_No1_p10_ao63_am15_3_m25_ao63_am25_1,63,4,SATISFIED,1.3059,67550031.0,3924.5
SAL-Ei-LM,bom_deep_7_3_15_5_No1_p10_ao63_am15_3_m25_ao63_am25_1,63,5,SATISFIED,1.3248,66469047.0,3984.16
SAL-Ei-LM,bom_deep_7_3_15_5_No1_p10_ao63_am15_3_m25_ao63_am25_1,63,6,SATISFIED,1.2886,65384991.0,4026.56
SAL-Ei-LM,bom_deep_7_3_15_5_No1_p10_ao63_am15_3_m25_ao63_am25_1,63,7,SATISFIED,1.3208,67644535.0,3959.66
SAL-Ei-LM,bom_deep_7_3_15_5_No1_p10_ao63_am15_3_m25_ao63_am25_1,63,8,SATISFIED,1.3455,67148256.0,3970.0
SAL-Ei-LM,bom_deep_7_3_15_5_No1_p10_ao63_am15_3_m25_ao63_am25_1,63,9,SATISFIED,1.3067,65042672.0,3839.94
SAL-Ei-LM,bom_deep_7_3_15_5_No1_p10_ao63_am15_3_m25_ao63_am25_1,63,10,SATISFIED,1.2972,66866458.0,3897.72
SAL-Ei-LM,bom_deep_7_3_15_5_No1_p10_ao63_am15_3_m25_ao63_am25_2,63,1,SATISFIED,1.3066,91619015.0,3823.53
SAL-Ei-LM,bom_deep_7_3_15_5_No1_p10_ao63_am15_3_m25_ao63_am25_2,63,2,SATISFIED,1.3046,93605119.0,3903.12
SAL-Ei-LM,bom_deep_7_3_15_5_No1_p10_ao63_am15_3_m25_ao63_am25_2,63,3,SATISFIED,1.3178,90747572.0,3867.09
SAL-Ei-LM,bom_deep_7_3_15_5_No1_p10_ao63_am15_3_m25_ao63_am25_2,63,4,SATISFIED,1.4485,90725469.0,3967.81
SAL-Ei-LM,bom_deep_7_3_15_5_No1_p10_ao63_am15_3_m25_ao63_am25_2,63,5,SATISFIED,1.2889,91066457.0,3740.47
SAL-Ei-LM,bom_deep_7_3_15_5_No1_p10_ao63_am15_3_m25_ao63_am25_2,63,6,SATISFIED,1.2973,92064333.0,3819.38
SAL-Ei-LM,bom_deep_7_3_15_5_No1_p10_ao63_am15_3_m25_ao63_am25_2,63,7,SATISFIED,1.3021,90894283.0,3862.19
SAL-Ei-LM,bom_deep_7_3_15_5_No1_p10_ao63_am15_3_m25_ao63_am25_2,63,8,SATISFIED,1.307,92977422.0,3856.56
SAL-Ei-LM,bom_deep_7_3_15_5_No1_p10_ao63_am15_3_m25_ao63_am25_2,63,9,SATISFIED,1.306,91397771.0,3845.88
SAL-Ei-LM,bom_deep_7_3_15_5_No1_p10_ao63_am15_3_m25_ao63_am25_2,63,10,SATISFIED,1.2913,92634564.0,3896.34
SAL-Ei-LM,bom_deep_7_3_15_5_No1_p10_ao63_am15_3_m25_ao63_am25_3,63,1,SATISFIED,1.4021,26790272.0,3787.41
SAL-Ei-LM,bom_deep_7_3_15_5_No1_p10_ao63_am15_3_m25_ao63_am25_3,63,2,SATISFIED,1.2848,24828044.0,3763.47
SAL-Ei-LM,bom_deep_7_3_15_5_No1_p10_ao63_am15_3_m25_ao63_am25_3,63,3,SATISFIED,1.3085,26276750.0,3871.69
SAL-Ei-LM,bom_deep_7_3_15_5_No1_p10_ao63_am15_3_m25_ao63_am25_3,63,4,SATISFIED,1.2997,27177680.0,3873.66
SAL-Ei-LM,bom_deep_7_3_15_5_No1_p10_ao63_am15_3_m25_ao63_am25_3,63,5,SATISFIED,1.2917,26688200.0,3904.91
SAL-Ei-LM,bom_deep_7_3_15_5_No1_p10_ao63_am15_3_m25_ao63_am25_3,63,6,SATISFIED,1.3005,26766628.0,3846.78
SAL-Ei-LM,bom_deep_7_3_15_5_No1_p10_ao63_am15_3_m25_ao63_am25_3,63,7,SATISFIED,1.3033,24477004.0,3861.0
SAL-Ei-LM,bom_deep_7_3_15_5_No1_p10_ao63_am15_3_m25_ao63_am25_3,63,8,SATISFIED,1.3753,26560342.0,3904.5
SAL-Ei-LM,bom_deep_7_3_15_5_No1_p10_ao63_am15_3_m25_ao63_am25_3,63,9,SATISFIED,1.2771,26259083.0,3744.81
SAL-Ei-LM,bom_deep_7_3_15_5_No1_p10_ao63_am15_3_m25_ao63_am25_3,63,10,SATISFIED,1.2929,26607577.0,3865.78
SAL-Ei-LM,bom_deep_7_3_15_5_No1_p10_ao63_am15_3_m25_ao63_am25_4,63,1,SATISFIED,1.2987,23386726.0,3858.44
SAL-Ei-LM,bom_deep_7_3_15_5_No1_p10_ao63_am15_3_m25_ao63_am25_4,63,2,SATISFIED,1.2997,23069203.0,3895.75
SAL-Ei-LM,bom_deep_7_3_15_5_No1_p10_ao63_am15_3_m25_ao63_am25_4,63,3,SATISFIED,1.2971,23067356.0,3974.03
SAL-Ei-LM,bom_deep_7_3_15_5_No1_p10_ao63_am15_3_m25_ao63_am25_4,63,4,SATISFIED,1.2966,23658376.0,4006.62
SAL-Ei-LM,bom_deep_7_3_15_5_No1_p10_ao63_am15_3_m25_ao63_am25_4,63,5,SATISFIED,1.347,22413205.0,3890.91
SAL-Ei-LM,bom_deep_7_3_15_5_No1_p10_ao63_am15_3_m25_ao63_am25_4,63,6,SATISFIED,1.2851,22880392.0,3863.12
SAL-Ei-LM,bom_deep_7_3_15_5_No1_p10_ao63_am15_3_m25_ao63_am25_4,63,7,SATISFIED,1.2929,23274154.0,3906.66
SAL-Ei-LM,bom_deep_7_3_15_5_No1_p10_ao63_am15_3_m25_ao63_am25_4,63,8,SATISFIED,1.2921,23551228.0,3950.47
SAL-Ei-LM,bom_deep_7_3_15_5_No1_p10_ao63_am15_3_m25_ao63_am25_4,63,9,SATISFIED,1.3023,23621929.0,3843.59
SAL-Ei-LM,bom_deep_7_3_15_5_No1_p10_ao63_am15_3_m25_ao63_am25_4,63,10,SATISFIED,1.2924,23388361.0,3880.0
SAL-Ei-LM,bom_deep_7_3_15_5_No1_p10_ao63_am15_3_m25_ao63_am25_5,63,1,SATISFIED,1.2922,29238777.0,3838.41
SAL-Ei-LM,bom_deep_7_3_15_5_No1_p10_ao63_am15_3_m25_ao63_am25_5,63,2,SATISFIED,1.3448,28482238.0,3973.56
SAL-Ei-LM,bom_deep_7_3_15_5_No1_p10_ao63_am15_3_m25_ao63_am25_5,63,3,SATISFIED,1.2881,29286194.0,3829.28
SAL-Ei-LM,bom_deep_7_3_15_5_No1_p10_ao63_am15_3_m25_ao63_am25_5,63,4,SATISFIED,1.3073,28994581.0,3856.72
SAL-Ei-LM,bom_deep_7_3_15_5_No1_p10_ao63_am15_3_m25_ao63_am25_5,63,5,SATISFIED,1.286,29953559.0,3942.31
SAL-Ei-LM,bom_deep_7_3_15_5_No1_p10_ao63_am15_3_m25_ao63_am25_5,63,6,SATISFIED,1.2857,28881514.0,3946.53
SAL-Ei-LM,bom_deep_7_3_15_5_No1_p10_ao63_am15_3_m25_ao63_am25_5,63,7,SATISFIED,1.3092,28695584.0,3918.06
SAL-Ei-LM,bom_deep_7_3_15_5_No1_p10_ao63_am15_3_m25_ao63_am25_5,63,8,SATISFIED,1.2956,29268343.0,3896.72
SAL-Ei-LM,bom_deep_7_3_15_5_No1_p10_ao63_am15_3_m25_ao63_am25_5,63,9,SATISFIED,1.3245,29828009.0,3940.81
SAL-Ei-LM,bom_deep_7_3_15_5_No1_p10_ao63_am15_3_m25_ao63_am25_5,63,10,SATISFIED,1.2876,29782460.0,3875.5
SAL-Ei-LM,bom_deep_7_3_15_5_No1_p10_ao63_am15_4,63,1,SATISFIED,1.2925,106909250.0,4465.75
SAL-Ei-LM,bom_deep_7_3_15_5_No1_p10_ao63_am15_4,63,2,SATISFIED,1.2929,106914215.0,4578.78
SAL-Ei-LM,bom_deep_7_3_15_5_No1_p10_ao63_am15_4,63,3,SATISFIED,1.3097,106920725.0,4487.84
SAL-Ei-LM,bom_deep_7_3_15_5_No1_p10_ao63_am15_4,63,4,SATISFIED,1.2243,106863895.0,4752.5
SAL-Ei-LM,bom_deep_7_3_15_5_No1_p10_ao63_am15_4,63,5,SATISFIED,1.2873,106895365.0,4980.22
SAL-Ei-LM,bom_deep_7_3_15_5_No1_p10_ao63_am15_4,63,6,SATISFIED,1.3728,106878385.0,4802.5
SAL-Ei-LM,bom_deep_7_3_15_5_No1_p10_ao63_am15_4,63,7,SATISFIED,1.2892,106938330.0,4387.53
SAL-Ei-LM,bom_deep_7_3_15_5_No1_p10_ao63_am15_4,63,8,SATISFIED,1.2904,106894210.0,4496.31
SAL-Ei-LM,bom_deep_7_3_15_5_No1_p10_ao63_am15_4,63,9,SATISFIED,1.3058,106868635.0,4535.41
SAL-Ei-LM,bom_deep_7_3_15_5_No1_p10_ao63_am15_4,63,10,SATISFIED,1.3104,106924945.0,4455.16
SAL-Ei-LM,bom_deep_7_3_15_5_No1_p10_ao63_am15_4_m10_ao63_am10_1,63,1,SATISFIED,1.2977,129874998.0,5129.44
SAL-Ei-LM,bom_deep_7_3_15_5_No1_p10_ao63_am15_4_m10_ao63_am10_1,63,2,SATISFIED,1.2933,131479577.0,5153.75
SAL-Ei-LM,bom_deep_7_3_15_5_No1_p10_ao63_am15_4_m10_ao63_am10_1,63,3,SATISFIED,1.3044,129774640.0,5178.69
SAL-Ei-LM,bom_deep_7_3_15_5_No1_p10_ao63_am15_4_m10_ao63_am10_1,63,4,SATISFIED,1.3894,129494762.0,5189.94
SAL-Ei-LM,bom_deep_7_3_15_5_No1_p10_ao63_am15_4_m10_ao63_am10_1,63,5,SATISFIED,1.2855,129255464.0,5144.72
SAL-Ei-LM,bom_deep_7_3_15_5_No1_p10_ao63_am15_4_m10_ao63_am10_1,63,6,SATISFIED,1.3003,130090572.0,5239.91
SAL-Ei-LM,bom_deep_7_3_15_5_No1_p10_ao63_am15_4_m10_ao63_am10_1,63,7,SATISFIED,1.3152,130920894.0,5199.31
SAL-Ei-LM,bom_deep_7_3_15_5_No1_p10_ao63_am15_4_m10_ao63_am10_1,63,8,SATISFIED,1.2922,129526166.0,5188.81
SAL-Ei-LM,bom_deep_7_3_15_5_No1_p10_ao63_am15_4_m10_ao63_am10_1,63,9,SATISFIED,1.3043,130341332.0,5193.34
SAL-Ei-LM,bom_deep_7_3_15_5_No1_p10_ao63_am15_4_m10_ao63_am10_1,63,10,SATISFIED,1.3061,129655182.0,5273.06
SAL-Ei-LM,bom_deep_7_3_15_5_No1_p10_ao63_am15_4_m10_ao63_am10_2,63,1,SATISFIED,1.3001,181817548.0,4936.69
SAL-Ei-LM,bom_deep_7_3_15_5_No1_p10_ao63_am15_4_m10_ao63_am10_2,63,2,SATISFIED,1.3827,181725256.0,4962.5
SAL-Ei-LM,bom_deep_7_3_15_5_No1_p10_ao63_am15_4_m10_ao63_am10_2,63,3,SATISFIED,1.2949,182091545.0,4832.03
SAL-Ei-LM,bom_deep_7_3_15_5_No1_p10_ao63_am15_4_m10_ao63_am10_2,63,4,SATISFIED,1.3078,182089884.0,4946.62
SAL-Ei-LM,bom_deep_7_3_15_5_No1_p10_ao63_am15_4_m10_ao63_am10_2,63,5,SATISFIED,1.3055,182044260.0,4971.78
SAL-Ei-LM,bom_deep_7_3_15_5_No1_p10_ao63_am15_4_m10_ao63_am10_2,63,6,SATISFIED,1.3238,181160189.0,4939.84
SAL-Ei-LM,bom_deep_7_3_15_5_No1_p10_ao63_am15_4_m10_ao63_am10_2,63,7,SATISFIED,1.3058,181464120.0,4941.72
SAL-Ei-LM,bom_deep_7_3_15_5_No1_p10_ao63_am15_4_m10_ao63_am10_2,63,8,SATISFIED,1.2973,181763626.0,4969.66
SAL-Ei-LM,bom_deep_7_3_15_5_No1_p10_ao63_am15_4_m10_ao63_am10_2,63,9,SATISFIED,1.3053,182059850.0,5002.31
SAL-Ei-LM,bom_deep_7_3_15_5_No1_p10_ao63_am15_4_m10_ao63_am10_2,63,10,SATISFIED,1.4156,181732851.0,5027.34
SAL-Ei-LM,bom_deep_7_3_15_5_No1_p10_ao63_am15_4_m10_ao63_am10_3,63,1,SATISFIED,1.2959,132291517.0,4804.66
SAL-Ei-LM,bom_deep_7_3_15_5_No1_p10_ao63_am15_4_m10_ao63_am10_3,63,2,SATISFIED,1.3041,131432275.0,4960.31
SAL-Ei-LM,bom_deep_7_3_15_5_No1_p10_ao63_am15_4_m10_ao63_am10_3,63,3,SATISFIED,1.3076,132313890.0,5005.56
SAL-Ei-LM,bom_deep_7_3_15_5_No1_p10_ao63_am15_4_m10_ao63_am10_3,63,4,SATISFIED,1.3072,131613110.0,5030.78
SAL-Ei-LM,bom_deep_7_3_15_5_No1_p10_ao63_am15_4_m10_ao63_am10_3,63,5,SATISFIED,1.3035,132062150.0,5069.16
SAL-Ei-LM,bom_deep_7_3_15_5_No1_p10_ao63_am15_4_m10_ao63_am10_3,63,6,SATISFIED,1.3152,131502685.0,5038.56
SAL-Ei-LM,bom_deep_7_3_15_5_No1_p10_ao63_am15_4_m10_ao63_am10_3,63,7,SATISFIED,1.316,132353105.0,5016.66
SAL-Ei-LM,bom_deep_7_3_15_5_No1_p10_ao63_am15_4_m10_ao63_am10_3,63,8,SATISFIED,1.3083,132007705.0,5039.34
SAL-Ei-LM,bom_deep_7_3_15_5_No1_p10_ao63_am15_4_m10_ao63_am10_3,63,9,SATISFIED,1.3543,132556847.0,5097.44
SAL-Ei-LM,bom_deep_7_3_15_5_No1_p10_ao63_am15_4_m10_ao63_am10_3,63,10,SATISFIED,1.2864,132530875.0,4938.12
SAL-Ei-LM,bom_deep_7_3_15_5_No1_p10_ao63_am15_4_m10_ao63_am10_4,63,1,SATISFIED,1.3021,117559694.0,4924.78
SAL-Ei-LM,bom_deep_7_3_15_5_No1_p10_ao63_am15_4_m10_ao63_am10_4,63,2,SATISFIED,1.2901,117645489.0,4984.59
SAL-Ei-LM,bom_deep_7_3_15_5_No1_p10_ao63_am15_4_m10_ao63_am10_4,63,3,SATISFIED,1.3029,117793343.0,5002.22
SAL-Ei-LM,bom_deep_7_3_15_5_No1_p10_ao63_am15_4_m10_ao63_am10_4,63,4,SATISFIED,1.2137,117608922.0,5584.81
SAL-Ei-LM,bom_deep_7_3_15_5_No1_p10_ao63_am15_4_m10_ao63_am10_4,63,5,SATISFIED,1.2875,117660650.0,5682.75
SAL-Ei-LM,bom_deep_7_3_15_5_No1_p10_ao63_am15_4_m10_ao63_am10_4,63,6,SATISFIED,1.2873,117639127.0,5434.06
SAL-Ei-LM,bom_deep_7_3_15_5_No1_p10_ao63_am15_4_m10_ao63_am10_4,63,7,SATISFIED,1.3518,117662112.0,5126.47
SAL-Ei-LM,bom_deep_7_3_15_5_No1_p10_ao63_am15_4_m10_ao63_am10_4,63,8,SATISFIED,1.2888,117573852.0,4954.75
SAL-Ei-LM,bom_deep_7_3_15_5_No1_p10_ao63_am15_4_m10_ao63_am10_4,63,9,SATISFIED,1.3021,117816304.0,5003.69
SAL-Ei-LM,bom_deep_7_3_15_5_No1_p10_ao63_am15_4_m10_ao63_am10_4,63,10,SATISFIED,1.2965,117647355.0,5012.72
SAL-Ei-LM,bom_deep_7_3_15_5_No1_p10_ao63_am15_4_m10_ao63_am10_5,63,1,SATISFIED,1.2937,49632813.0,4803.34
SAL-Ei-LM,bom_deep_7_3_15_5_No1_p10_ao63_am15_4_m10_ao63_am10_5,63,2,SATISFIED,1.3056,49527750.0,4792.69
SAL-Ei-LM,bom_deep_7_3_15_5_No1_p10_ao63_am15_4_m10_ao63_am10_5,63,3,SATISFIED,1.3051,49545878.0,4822.03
SAL-Ei-LM,bom_deep_7_3_15_5_No1_p10_ao63_am15_4_m10_ao63_am10_5,63,4,SATISFIED,1.2947,49526027.0,4823.66
SAL-Ei-LM,bom_deep_7_3_15_5_No1_p10_ao63_am15_4_m10_ao63_am10_5,63,5,SATISFIED,1.3474,50250055.0,4832.72
SAL-Ei-LM,bom_deep_7_3_15_5_No1_p10_ao63_am15_4_m10_ao63_am10_5,63,6,SATISFIED,1.2778,49988862.0,4746.41
SAL-Ei-LM,bom_deep_7_3_15_5_No1_p10_ao63_am15_4_m10_ao63_am10_5,63,7,SATISFIED,1.3014,49832512.0,4873.22
SAL-Ei-LM,bom_deep_7_3_15_5_No1_p10_ao63_am15_4_m10_ao63_am10_5,63,8,SATISFIED,1.2973,50663434.0,4884.69
SAL-Ei-LM,bom_deep_7_3_15_5_No1_p10_ao63_am15_4_m10_ao63_am10_5,63,9,SATISFIED,1.2956,50237303.0,4979.03
SAL-Ei-LM,bom_deep_7_3_15_5_No1_p10_ao63_am15_4_m10_ao63_am10_5,63,10,SATISFIED,1.2946,49825084.0,4977.72
SAL-Ei-LM,bom_deep_7_3_15_5_No1_p10_ao63_am15_4_m25_ao63_am25_1,63,1,SATISFIED,1.3206,64686179.0,3917.19
SAL-Ei-LM,bom_deep_7_3_15_5_No1_p10_ao63_am15_4_m25_ao63_am25_1,63,2,SATISFIED,1.3378,62177307.0,4177.19
SAL-Ei-LM,bom_deep_7_3_15_5_No1_p10_ao63_am15_4_m25_ao63_am25_1,63,3,SATISFIED,1.2887,63465356.0,3833.47
SAL-Ei-LM,bom_deep_7_3_15_5_No1_p10_ao63_am15_4_m25_ao63_am25_1,63,4,SATISFIED,1.2964,65086891.0,3907.66
SAL-Ei-LM,bom_deep_7_3_15_5_No1_p10_ao63_am15_4_m25_ao63_am25_1,63,5,SATISFIED,1.2978,63635040.0,3949.03
SAL-Ei-LM,bom_deep_7_3_15_5_No1_p10_ao63_am15_4_m25_ao63_am25_1,63,6,SATISFIED,1.3036,63430889.0,4041.91
SAL-Ei-LM,bom_deep_7_3_15_5_No1_p10_ao63_am15_4_m25_ao63_am25_1,63,7,SATISFIED,1.3124,63555694.0,3988.88
SAL-Ei-LM,bom_deep_7_3_15_5_No1_p10_ao63_am15_4_m25_ao63_am25_1,63,8,SATISFIED,1.318,63209546.0,3932.38
SAL-Ei-LM,bom_deep_7_3_15_5_No1_p10_ao63_am15_4_m25_ao63_am25_1,63,9,SATISFIED,1.4717,63634042.0,3906.25
SAL-Ei-LM,bom_deep_7_3_15_5_No1_p10_ao63_am15_4_m25_ao63_am25_1,63,10,SATISFIED,1.2904,62452765.0,3757.25
SAL-Ei-LM,bom_deep_7_3_15_5_No1_p10_ao63_am15_4_m25_ao63_am25_2,63,1,SATISFIED,1.2973,63211936.0,3804.62
SAL-Ei-LM,bom_deep_7_3_15_5_No1_p10_ao63_am15_4_m25_ao63_am25_2,63,2,SATISFIED,1.2996,64537670.0,3897.16
SAL-Ei-LM,bom_deep_7_3_15_5_No1_p10_ao63_am15_4_m25_ao63_am25_2,63,3,SATISFIED,1.3127,63779238.0,3911.16
SAL-Ei-LM,bom_deep_7_3_15_5_No1_p10_ao63_am15_4_m25_ao63_am25_2,63,4,SATISFIED,1.3084,64476323.0,3950.88
SAL-Ei-LM,bom_deep_7_3_15_5_No1_p10_ao63_am15_4_m25_ao63_am25_2,63,5,SATISFIED,1.3074,64146317.0,3926.16
SAL-Ei-LM,bom_deep_7_3_15_5_No1_p10_ao63_am15_4_m25_ao63_am25_2,63,6,SATISFIED,1.4384,62307536.0,3993.41
SAL-Ei-LM,bom_deep_7_3_15_5_No1_p10_ao63_am15_4_m25_ao63_am25_2,63,7,SATISFIED,1.2818,65110790.0,3772.59
SAL-Ei-LM,bom_deep_7_3_15_5_No1_p10_ao63_am15_4_m25_ao63_am25_2,63,8,SATISFIED,1.292,65413485.0,3970.78
SAL-Ei-LM,bom_deep_7_3_15_5_No1_p10_ao63_am15_4_m25_ao63_am25_2,63,9,SATISFIED,1.3008,63633845.0,4018.97
SAL-Ei-LM,bom_deep_7_3_15_5_No1_p10_ao63_am15_4_m25_ao63_am25_2,63,10,SATISFIED,1.3013,62837473.0,4028.22
SAL-Ei-LM,bom_deep_7_3_15_5_No1_p10_ao63_am15_4_m25_ao63_am25_3,63,1,SATISFIED,1.3003,65821746.0,3895.12
SAL-Ei-LM,bom_deep_7_3_15_5_No1_p10_ao63_am15_4_m25_ao63_am25_3,63,2,SATISFIED,1.3142,65450669.0,3925.03
SAL-Ei-LM,bom_deep_7_3_15_5_No1_p10_ao63_am15_4_m25_ao63_am25_3,63,3,SATISFIED,1.3915,64736056.0,3929.47
SAL-Ei-LM,bom_deep_7_3_15_5_No1_p10_ao63_am15_4_m25_ao63_am25_3,63,4,SATISFIED,1.2839,65029055.0,3815.53
SAL-Ei-LM,bom_deep_7_3_15_5_No1_p10_ao63_am15_4_m25_ao63_am25_3,63,5,SATISFIED,1.3064,66363010.0,3845.69
SAL-Ei-LM,bom_deep_7_3_15_5_No1_p10_ao63_am15_4_m25_ao63_am25_3,63,6,SATISFIED,1.2945,66592200.0,3897.19
SAL-Ei-LM,bom_deep_7_3_15_5_No1_p10_ao63_am15_4_m25_ao63_am25_3,63,7,SATISFIED,1.2868,64198476.0,3949.0
SAL-Ei-LM,bom_deep_7_3_15_5_No1_p10_ao63_am15_4_m25_ao63_am25_3,63,8,SATISFIED,1.3025,66109106.0,3881.09
SAL-Ei-LM,bom_deep_7_3_15_5_No1_p10_ao63_am15_4_m25_ao63_am25_3,63,9,SATISFIED,1.3071,67330280.0,3820.25
SAL-Ei-LM,bom_deep_7_3_15_5_No1_p10_ao63_am15_4_m25_ao63_am25_3,63,10,SATISFIED,1.3854,68136198.0,3857.84
SAL-Ei-LM,bom_deep_7_3_15_5_No1_p10_ao63_am15_4_m25_ao63_am25_4,63,1,SATISFIED,1.2803,46448295.0,3774.72
SAL-Ei-LM,bom_deep_7_3_15_5_No1_p10_ao63_am15_4_m25_ao63_am25_4,63,2,SATISFIED,1.2998,48120264.0,3895.66
SAL-Ei-LM,bom_deep_7_3_15_5_No1_p10_ao63_am15_4_m25_ao63_am25_4,63,3,SATISFIED,1.2965,47473244.0,3946.78
SAL-Ei-LM,bom_deep_7_3_15_5_No1_p10_ao63_am15_4_m25_ao63_am25_4,63,4,SATISFIED,1.3082,47046885.0,3879.53
SAL-Ei-LM,bom_deep_7_3_15_5_No1_p10_ao63_am15_4_m25_ao63_am25_4,63,5,SATISFIED,1.311,45992793.0,3909.25
SAL-Ei-LM,bom_deep_7_3_15_5_No1_p10_ao63_am15_4_m25_ao63_am25_4,63,6,SATISFIED,1.3066,47108575.0,3911.62
SAL-Ei-LM,bom_deep_7_3_15_5_No1_p10_ao63_am15_4_m25_ao63_am25_4,63,7,SATISFIED,1.3591,47096265.0,3943.84
SAL-Ei-LM,bom_deep_7_3_15_5_No1_p10_ao63_am15_4_m25_ao63_am25_4,63,8,SATISFIED,1.3028,48320926.0,3838.84
SAL-Ei-LM,bom_deep_7_3_15_5_No1_p10_ao63_am15_4_m25_ao63_am25_4,63,9,SATISFIED,1.3122,47439224.0,3898.53
SAL-Ei-LM,bom_deep_7_3_15_5_No1_p10_ao63_am15_4_m25_ao63_am25_4,63,10,SATISFIED,1.3159,48613176.0,3863.06
SAL-Ei-LM,bom_deep_7_3_15_5_No1_p10_ao63_am15_4_m25_ao63_am25_5,63,1,SATISFIED,1.2953,83514569.0,3849.5
SAL-Ei-LM,bom_deep_7_3_15_5_No1_p10_ao63_am15_4_m25_ao63_am25_5,63,2,SATISFIED,1.3028,79578828.0,3913.88
SAL-Ei-LM,bom_deep_7_3_15_5_No1_p10_ao63_am15_4_m25_ao63_am25_5,63,3,SATISFIED,1.2952,80090086.0,3982.28
SAL-Ei-LM,bom_deep_7_3_15_5_No1_p10_ao63_am15_4_m25_ao63_am25_5,63,4,SATISFIED,1.296,81895071.0,3840.78
SAL-Ei-LM,bom_deep_7_3_15_5_No1_p10_ao63_am15_4_m25_ao63_am25_5,63,5,SATISFIED,1.2922,81863369.0,3940.03
SAL-Ei-LM,bom_deep_7_3_15_5_No1_p10_ao63_am15_4_m25_ao63_am25_5,63,6,SATISFIED,1.3076,83665535.0,3938.56
SAL-Ei-LM,bom_deep_7_3_15_5_No1_p10_ao63_am15_4_m25_ao63_am25_5,63,7,SATISFIED,1.3048,82726825.0,3911.94
SAL-Ei-LM,bom_deep_7_3_15_5_No1_p10_ao63_am15_4_m25_ao63_am25_5,63,8,SATISFIED,1.3053,80596821.0,3905.59
SAL-Ei-LM,bom_deep_7_3_15_5_No1_p10_ao63_am15_4_m25_ao63_am25_5,63,9,SATISFIED,1.3155,79612490.0,3910.66
SAL-Ei-LM,bom_deep_7_3_15_5_No1_p10_ao63_am15_4_m25_ao63_am25_5,63,10,SATISFIED,1.3264,79581894.0,3904.03
SAL-Ei-LM,bom_deep_7_3_15_5_No1_p10_ao63_am15_5,63,1,SATISFIED,1.2957,508009615.0,4323.5
SAL-Ei-LM,bom_deep_7_3_15_5_No1_p10_ao63_am15_5,63,2,SATISFIED,1.3017,507005940.0,4470.28
SAL-Ei-LM,bom_deep_7_3_15_5_No1_p10_ao63_am15_5,63,3,SATISFIED,1.3032,507832875.0,4526.78
SAL-Ei-LM,bom_deep_7_3_15_5_No1_p10_ao63_am15_5,63,4,SATISFIED,1.2956,507060310.0,4505.53
SAL-Ei-LM,bom_deep_7_3_15_5_No1_p10_ao63_am15_5,63,5,SATISFIED,1.2875,507870045.0,4530.03
SAL-Ei-LM,bom_deep_7_3_15_5_No1_p10_ao63_am15_5,63,6,SATISFIED,1.282,506349585.0,4668.97
SAL-Ei-LM,bom_deep_7_3_15_5_No1_p10_ao63_am15_5,63,7,SATISFIED,1.2917,507993770.0,4621.0
SAL-Ei-LM,bom_deep_7_3_15_5_No1_p10_ao63_am15_5,63,8,SATISFIED,1.3339,507580365.0,5158.16
SAL-Ei-LM,bom_deep_7_3_15_5_No1_p10_ao63_am15_5,63,9,SATISFIED,1.3161,507530455.0,4395.38
SAL-Ei-LM,bom_deep_7_3_15_5_No1_p10_ao63_am15_5,63,10,SATISFIED,1.3304,507827410.0,4463.59
SAL-Ei-LM,bom_deep_7_3_15_5_No1_p10_ao63_am15_5_m10_ao63_am10_1,63,1,SATISFIED,1.3071,305177423.0,4893.94
SAL-Ei-LM,bom_deep_7_3_15_5_No1_p10_ao63_am15_5_m10_ao63_am10_1,63,2,SATISFIED,1.3256,305471784.0,4898.0
SAL-Ei-LM,bom_deep_7_3_15_5_No1_p10_ao63_am15_5_m10_ao63_am10_1,63,3,SATISFIED,1.3113,305653695.0,4959.12
SAL-Ei-LM,bom_deep_7_3_15_5_No1_p10_ao63_am15_5_m10_ao63_am10_1,63,4,SATISFIED,1.3179,305704654.0,4953.0
SAL-Ei-LM,bom_deep_7_3_15_5_No1_p10_ao63_am15_5_m10_ao63_am10_1,63,5,SATISFIED,1.3083,305130611.0,5023.22
SAL-Ei-LM,bom_deep_7_3_15_5_No1_p10_ao63_am15_5_m10_ao63_am10_1,63,6,SATISFIED,1.4062,305869084.0,5036.94
SAL-Ei-LM,bom_deep_7_3_15_5_No1_p10_ao63_am15_5_m10_ao63_am10_1,63,7,SATISFIED,1.29,305328634.0,4804.84
SAL-Ei-LM,bom_deep_7_3_15_5_No1_p10_ao63_am15_5_m10_ao63_am10_1,63,8,SATISFIED,1.2925,305793235.0,4953.31
SAL-Ei-LM,bom_deep_7_3_15_5_No1_p10_ao63_am15_5_m10_ao63_am10_1,63,9,SATISFIED,1.3007,305171675.0,5052.53
SAL-Ei-LM,bom_deep_7_3_15_5_No1_p10_ao63_am15_5_m10_ao63_am10_1,63,10,SATISFIED,1.3094,305185526.0,4997.94
SAL-Ei-LM,bom_deep_7_3_15_5_No1_p10_ao63_am15_5_m10_ao63_am10_2,63,1,SATISFIED,1.3039,623847339.0,5282.28
SAL-Ei-LM,bom_deep_7_3_15_5_No1_p10_ao63_am15_5_m10_ao63_am10_2,63,2,SATISFIED,1.303,623846478.0,5323.09
SAL-Ei-LM,bom_deep_7_3_15_5_No1_p10_ao63_am15_5_m10_ao63_am10_2,63,3,SATISFIED,1.3111,623846814.0,5325.19
SAL-Ei-LM,bom_deep_7_3_15_5_No1_p10_ao63_am15_5_m10_ao63_am10_2,63,4,SATISFIED,1.4082,623845839.0,5283.34
SAL-Ei-LM,bom_deep_7_3_15_5_No1_p10_ao63_am15_5_m10_ao63_am10_2,63,5,SATISFIED,1.3003,623845866.0,5122.09
SAL-Ei-LM,bom_deep_7_3_15_5_No1_p10_ao63_am15_5_m10_ao63_am10_2,63,6,SATISFIED,1.2993,623846274.0,5290.97
SAL-Ei-LM,bom_deep_7_3_15_5_No1_p10_ao63_am15_5_m10_ao63_am10_2,63,7,SATISFIED,1.3199,623847114.0,5298.34
SAL-Ei-LM,bom_deep_7_3_15_5_No1_p10_ao63_am15_5_m10_ao63_am10_2,63,8,SATISFIED,1.2961,623847114.0,5304.78
SAL-Ei-LM,bom_deep_7_3_15_5_No1_p10_ao63_am15_5_m10_ao63_am10_2,63,9,SATISFIED,1.3073,623847564.0,5195.22
SAL-Ei-LM,bom_deep_7_3_15_5_No1_p10_ao63_am15_5_m10_ao63_am10_2,63,10,SATISFIED,1.306,623847855.0,5244.06
SAL-Ei-LM,bom_deep_7_3_15_5_No1_p10_ao63_am15_5_m10_ao63_am10_3,63,1,SATISFIED,1.3001,323722415.0,4712.66
SAL-Ei-LM,bom_deep_7_3_15_5_No1_p10_ao63_am15_5_m10_ao63_am10_3,63,2,SATISFIED,1.481,322675970.0,4742.5
SAL-Ei-LM,bom_deep_7_3_15_5_No1_p10_ao63_am15_5_m10_ao63_am10_3,63,3,SATISFIED,1.3057,323178685.0,4554.91
SAL-Ei-LM,bom_deep_7_3_15_5_No1_p10_ao63_am15_5_m10_ao63_am10_3,63,4,SATISFIED,1.2975,325543860.0,4731.41
SAL-Ei-LM,bom_deep_7_3_15_5_No1_p10_ao63_am15_5_m10_ao63_am10_3,63,5,SATISFIED,1.3114,323582167.0,4839.31
SAL-Ei-LM,bom_deep_7_3_15_5_No1_p10_ao63_am15_5_m10_ao63_am10_3,63,6,SATISFIED,1.2946,327581343.0,4942.03
SAL-Ei-LM,bom_deep_7_3_15_5_No1_p10_ao63_am15_5_m10_ao63_am10_3,63,7,SATISFIED,1.2993,323027360.0,4918.0
SAL-Ei-LM,bom_deep_7_3_15_5_No1_p10_ao63_am15_5_m10_ao63_am10_3,63,8,SATISFIED,1.3031,323509120.0,4902.94
SAL-Ei-LM,bom_deep_7_3_15_5_No1_p10_ao63_am15_5_m10_ao63_am10_3,63,9,SATISFIED,1.3144,325867317.0,4891.84
SAL-Ei-LM,bom_deep_7_3_15_5_No1_p10_ao63_am15_5_m10_ao63_am10_3,63,10,SATISFIED,1.2743,327437326.0,4935.94
SAL-Ei-LM,bom_deep_7_3_15_5_No1_p10_ao63_am15_5_m10_ao63_am10_4,63,1,SATISFIED,1.3405,408956345.0,5010.22
SAL-Ei-LM,bom_deep_7_3_15_5_No1_p10_ao63_am15_5_m10_ao63_am10_4,63,2,SATISFIED,1.2796,408509464.0,4854.31
SAL-Ei-LM,bom_deep_7_3_15_5_No1_p10_ao63_am15_5_m10_ao63_am10_4,63,3,SATISFIED,1.2812,408885234.0,4976.16
SAL-Ei-LM,bom_deep_7_3_15_5_No1_p10_ao63_am15_5_m10_ao63_am10_4,63,4,SATISFIED,1.298,409493314.0,4966.38
SAL-Ei-LM,bom_deep_7_3_15_5_No1_p10_ao63_am15_5_m10_ao63_am10_4,63,5,SATISFIED,1.2679,409158610.0,5188.81
SAL-Ei-LM,bom_deep_7_3_15_5_No1_p10_ao63_am15_5_m10_ao63_am10_4,63,6,SATISFIED,1.1741,409551876.0,6327.0
SAL-Ei-LM,bom_deep_7_3_15_5_No1_p10_ao63_am15_5_m10_ao63_am10_4,63,7,SATISFIED,1.2999,409609895.0,6232.38
SAL-Ei-LM,bom_deep_7_3_15_5_No1_p10_ao63_am15_5_m10_ao63_am10_4,63,8,SATISFIED,1.2962,409146434.0,5517.41
SAL-Ei-LM,bom_deep_7_3_15_5_No1_p10_ao63_am15_5_m10_ao63_am10_4,63,9,SATISFIED,1.3581,409589803.0,5138.0
SAL-Ei-LM,bom_deep_7_3_15_5_No1_p10_ao63_am15_5_m10_ao63_am10_4,63,10,SATISFIED,1.2877,408617408.0,4865.38
SAL-Ei-LM,bom_deep_7_3_15_5_No1_p10_ao63_am15_5_m10_ao63_am10_5,63,1,SATISFIED,1.2862,82014738.0,5021.97
SAL-Ei-LM,bom_deep_7_3_15_5_No1_p10_ao63_am15_5_m10_ao63_am10_5,63,2,SATISFIED,1.3105,80862217.0,5073.91
SAL-Ei-LM,bom_deep_7_3_15_5_No1_p10_ao63_am15_5_m10_ao63_am10_5,63,3,SATISFIED,1.2963,81601568.0,5076.31
SAL-Ei-LM,bom_deep_7_3_15_5_No1_p10_ao63_am15_5_m10_ao63_am10_5,63,4,SATISFIED,1.307,81195616.0,5091.62
SAL-Ei-LM,bom_deep_7_3_15_5_No1_p10_ao63_am15_5_m10_ao63_am10_5,63,5,SATISFIED,1.3054,81306883.0,5066.91
SAL-Ei-LM,bom_deep_7_3_15_5_No1_p10_ao63_am15_5_m10_ao63_am10_5,63,6,SATISFIED,1.3122,80583408.0,5052.62
SAL-Ei-LM,bom_deep_7_3_15_5_No1_p10_ao63_am15_5_m10_ao63_am10_5,63,7,SATISFIED,1.3915,81234316.0,5049.34
SAL-Ei-LM,bom_deep_7_3_15_5_No1_p10_ao63_am15_5_m10_ao63_am10_5,63,8,SATISFIED,1.284,81985799.0,4893.94
SAL-Ei-LM,bom_deep_7_3_15_5_No1_p10_ao63_am15_5_m10_ao63_am10_5,63,9,SATISFIED,1.2916,82280120.0,5047.31
SAL-Ei-LM,bom_deep_7_3_15_5_No1_p10_ao63_am15_5_m10_ao63_am10_5,63,10,SATISFIED,1.2904,81477948.0,5128.19
SAL-Ei-LM,bom_deep_7_3_15_5_No1_p10_ao63_am15_5_m25_ao63_am24_1,63,1,SATISFIED,1.3095,88002033.0,3907.28
SAL-Ei-LM,bom_deep_7_3_15_5_No1_p10_ao63_am15_5_m25_ao63_am24_1,63,2,SATISFIED,1.2876,86932971.0,3918.31
SAL-Ei-LM,bom_deep_7_3_15_5_No1_p10_ao63_am15_5_m25_ao63_am24_1,63,3,SATISFIED,1.306,87893225.0,4044.41
SAL-Ei-LM,bom_deep_7_3_15_5_No1_p10_ao63_am15_5_m25_ao63_am24_1,63,4,SATISFIED,1.2932,87979353.0,4004.62
SAL-Ei-LM,bom_deep_7_3_15_5_No1_p10_ao63_am15_5_m25_ao63_am24_1,63,5,SATISFIED,1.3354,87683242.0,3985.59
SAL-Ei-LM,bom_deep_7_3_15_5_No1_p10_ao63_am15_5_m25_ao63_am24_1,63,6,SATISFIED,1.288,88593538.0,3901.09
SAL-Ei-LM,bom_deep_7_3_15_5_No1_p10_ao63_am15_5_m25_ao63_am24_1,63,7,SATISFIED,1.2926,87909360.0,3947.16
SAL-Ei-LM,bom_deep_7_3_15_5_No1_p10_ao63_am15_5_m25_ao63_am24_1,63,8,SATISFIED,1.2833,87082368.0,4000.84
SAL-Ei-LM,bom_deep_7_3_15_5_No1_p10_ao63_am15_5_m25_ao63_am24_1,63,9,SATISFIED,1.2968,88537313.0,4033.44
SAL-Ei-LM,bom_deep_7_3_15_5_No1_p10_ao63_am15_5_m25_ao63_am24_1,63,10,SATISFIED,1.3029,89516370.0,4019.22
SAL-Ei-LM,bom_deep_7_3_15_5_No1_p10_ao63_am15_5_m25_ao63_am25_2,63,1,SATISFIED,1.3002,48880375.0,3845.47
SAL-Ei-LM,bom_deep_7_3_15_5_No1_p10_ao63_am15_5_m25_ao63_am25_2,63,2,SATISFIED,1.3298,49319920.0,3927.34
SAL-Ei-LM,bom_deep_7_3_15_5_No1_p10_ao63_am15_5_m25_ao63_am25_2,63,3,SATISFIED,1.2914,48601900.0,3842.31
SAL-Ei-LM,bom_deep_7_3_15_5_No1_p10_ao63_am15_5_m25_ao63_am25_2,63,4,SATISFIED,1.2938,48970389.0,3950.66
SAL-Ei-LM,bom_deep_7_3_15_5_No1_p10_ao63_am15_5_m25_ao63_am25_2,63,5,SATISFIED,1.3102,48527233.0,3960.22
SAL-Ei-LM,bom_deep_7_3_15_5_No1_p10_ao63_am15_5_m25_ao63_am25_2,63,6,SATISFIED,1.2977,49020240.0,3922.22
SAL-Ei-LM,bom_deep_7_3_15_5_No1_p10_ao63_am15_5_m25_ao63_am25_2,63,7,SATISFIED,1.3099,48722509.0,3971.66
SAL-Ei-LM,bom_deep_7_3_15_5_No1_p10_ao63_am15_5_m25_ao63_am25_2,63,8,SATISFIED,1.3036,48981524.0,4001.47
SAL-Ei-LM,bom_deep_7_3_15_5_No1_p10_ao63_am15_5_m25_ao63_am25_2,63,9,SATISFIED,1.3187,49429772.0,3953.19
SAL-Ei-LM,bom_deep_7_3_15_5_No1_p10_ao63_am15_5_m25_ao63_am25_2,63,10,SATISFIED,1.3296,47822543.0,3823.84
SAL-Ei-LM,bom_deep_7_3_15_5_No1_p10_ao63_am15_5_m25_ao63_am25_3,63,1,SATISFIED,1.3354,86761613.0,3776.97
SAL-Ei-LM,bom_deep_7_3_15_5_No1_p10_ao63_am15_5_m25_ao63_am25_3,63,2,SATISFIED,1.3143,84646245.0,3800.56
SAL-Ei-LM,bom_deep_7_3_15_5_No1_p10_ao63_am15_5_m25_ao63_am25_3,63,3,SATISFIED,1.3206,86376673.0,3803.84
SAL-Ei-LM,bom_deep_7_3_15_5_No1_p10_ao63_am15_5_m25_ao63_am25_3,63,4,SATISFIED,1.3186,85945138.0,3840.69
SAL-Ei-LM,bom_deep_7_3_15_5_No1_p10_ao63_am15_5_m25_ao63_am25_3,63,5,SATISFIED,1.4635,85288924.0,3869.06
SAL-Ei-LM,bom_deep_7_3_15_5_No1_p10_ao63_am15_5_m25_ao63_am25_3,63,6,SATISFIED,1.3242,84605021.0,3637.22
SAL-Ei-LM,bom_deep_7_3_15_5_No1_p10_ao63_am15_5_m25_ao63_am25_3,63,7,SATISFIED,1.3102,83890015.0,3794.78
SAL-Ei-LM,bom_deep_7_3_15_5_No1_p10_ao63_am15_5_m25_ao63_am25_3,63,8,SATISFIED,1.3187,85164112.0,3874.69
SAL-Ei-LM,bom_deep_7_3_15_5_No1_p10_ao63_am15_5_m25_ao63_am25_3,63,9,SATISFIED,1.3062,83772356.0,3862.88
SAL-Ei-LM,bom_deep_7_3_15_5_No1_p10_ao63_am15_5_m25_ao63_am25_3,63,10,SATISFIED,1.3062,85886209.0,3891.25
SAL-Ei-LM,bom_deep_7_3_15_5_No1_p10_ao63_am15_5_m25_ao63_am25_4,63,1,SATISFIED,1.2472,172428007.0,3973.22
SAL-Ei-LM,bom_deep_7_3_15_5_No1_p10_ao63_am15_5_m25_ao63_am25_4,63,2,SATISFIED,1.2636,170719428.0,4752.78
SAL-Ei-LM,bom_deep_7_3_15_5_No1_p10_ao63_am15_5_m25_ao63_am25_4,63,3,SATISFIED,1.1773,170433713.0,5230.47
SAL-Ei-LM,bom_deep_7_3_15_5_No1_p10_ao63_am15_5_m25_ao63_am25_4,63,4,SATISFIED,1.1838,169544275.0,5801.78
SAL-Ei-LM,bom_deep_7_3_15_5_No1_p10_ao63_am15_5_m25_ao63_am25_4,63,5,SATISFIED,1.309,169222143.0,4941.0
SAL-Ei-LM,bom_deep_7_3_15_5_No1_p10_ao63_am15_5_m25_ao63_am25_4,63,6,SATISFIED,1.3183,170934073.0,4359.75
SAL-Ei-LM,bom_deep_7_3_15_5_No1_p10_ao63_am15_5_m25_ao63_am25_4,63,7,SATISFIED,1.2975,170842768.0,3981.69
SAL-Ei-LM,bom_deep_7_3_15_5_No1_p10_ao63_am15_5_m25_ao63_am25_4,63,8,SATISFIED,1.3176,169359263.0,3840.56
SAL-Ei-LM,bom_deep_7_3_15_5_No1_p10_ao63_am15_5_m25_ao63_am25_4,63,9,SATISFIED,1.3942,168843923.0,3801.56
SAL-Ei-LM,bom_deep_7_3_15_5_No1_p10_ao63_am15_5_m25_ao63_am25_4,63,10,SATISFIED,1.2988,170494049.0,3730.78
SAL-Ei-LM,bom_deep_7_3_15_5_No1_p10_ao63_am15_5_m25_ao63_am25_5,63,1,SATISFIED,1.2996,111739150.0,3853.44
SAL-Ei-LM,bom_deep_7_3_15_5_No1_p10_ao63_am15_5_m25_ao63_am25_5,63,2,SATISFIED,1.3089,109138191.0,3904.44
SAL-Ei-LM,bom_deep_7_3_15_5_No1_p10_ao63_am15_5_m25_ao63_am25_5,63,3,SATISFIED,1.3106,108616930.0,3937.16
SAL-Ei-LM,bom_deep_7_3_15_5_No1_p10_ao63_am15_5_m25_ao63_am25_5,63,4,SATISFIED,1.3146,106086724.0,3952.16
SAL-Ei-LM,bom_deep_7_3_15_5_No1_p10_ao63_am15_5_m25_ao63_am25_5,63,5,SATISFIED,1.2883,107946958.0,4076.94
SAL-Ei-LM,bom_deep_7_3_15_5_No1_p10_ao63_am15_5_m25_ao63_am25_5,63,6,SATISFIED,1.3462,108187390.0,4055.88
SAL-Ei-LM,bom_deep_7_3_15_5_No1_p10_ao63_am15_5_m25_ao63_am25_5,63,7,SATISFIED,1.2922,109422469.0,3816.09
SAL-Ei-LM,bom_deep_7_3_15_5_No1_p10_ao63_am15_5_m25_ao63_am25_5,63,8,SATISFIED,1.2933,107998623.0,3920.91
SAL-Ei-LM,bom_deep_7_3_15_5_No1_p10_ao63_am15_5_m25_ao63_am25_5,63,9,SATISFIED,1.298,111558647.0,3944.34
SAL-Ei-LM,bom_deep_7_3_15_5_No1_p10_ao63_am15_5_m25_ao63_am25_5,63,10,SATISFIED,1.2938,110035163.0,3972.09
SAL-Ei-LM,bom_deep_7_3_15_5_No1_p20_ao69_am15_1,69,1,SATISFIED,1.3083,122509535.0,4356.62
SAL-Ei-LM,bom_deep_7_3_15_5_No1_p20_ao69_am15_1,69,2,SATISFIED,1.3138,122488165.0,4396.34
SAL-Ei-LM,bom_deep_7_3_15_5_No1_p20_ao69_am15_1,69,3,SATISFIED,1.3798,122479785.0,4336.28
SAL-Ei-LM,bom_deep_7_3_15_5_No1_p20_ao69_am15_1,69,4,SATISFIED,1.3164,122552520.0,4312.38
SAL-Ei-LM,bom_deep_7_3_15_5_No1_p20_ao69_am15_1,69,5,SATISFIED,1.3315,122514325.0,4443.78
SAL-Ei-LM,bom_deep_7_3_15_5_No1_p20_ao69_am15_1,69,6,SATISFIED,1.3231,122540790.0,4418.16
SAL-Ei-LM,bom_deep_7_3_15_5_No1_p20_ao69_am15_1,69,7,SATISFIED,1.3408,122521040.0,4360.53
SAL-Ei-LM,bom_deep_7_3_15_5_No1_p20_ao69_am15_1,69,8,SATISFIED,1.3425,122515000.0,4364.34
SAL-Ei-LM,bom_deep_7_3_15_5_No1_p20_ao69_am15_1,69,9,SATISFIED,1.2553,122462620.0,4381.88
SAL-Ei-LM,bom_deep_7_3_15_5_No1_p20_ao69_am15_1,69,10,SATISFIED,1.436,122496475.0,4420.41
SAL-Ei-LM,bom_deep_7_3_15_5_No1_p20_ao69_am15_1_m13_ao69_am13_1,69,1,SATISFIED,1.3102,123275290.0,4942.06
SAL-Ei-LM,bom_deep_7_3_15_5_No1_p20_ao69_am15_1_m13_ao69_am13_1,69,2,SATISFIED,1.3257,123269520.0,5059.31
SAL-Ei-LM,bom_deep_7_3_15_5_No1_p20_ao69_am15_1_m13_ao69_am13_1,69,3,SATISFIED,1.3166,123264370.0,5072.09
SAL-Ei-LM,bom_deep_7_3_15_5_No1_p20_ao69_am15_1_m13_ao69_am13_1,69,4,SATISFIED,1.3337,123264700.0,5003.84
SAL-Ei-LM,bom_deep_7_3_15_5_No1_p20_ao69_am15_1_m13_ao69_am13_1,69,5,SATISFIED,1.3076,123267220.0,5071.0
SAL-Ei-LM,bom_deep_7_3_15_5_No1_p20_ao69_am15_1_m13_ao69_am13_1,69,6,SATISFIED,1.3063,123271060.0,5119.38
SAL-Ei-LM,bom_deep_7_3_15_5_No1_p20_ao69_am15_1_m13_ao69_am13_1,69,7,SATISFIED,1.4166,123275180.0,5111.09
SAL-Ei-LM,bom_deep_7_3_15_5_No1_p20_ao69_am15_1_m13_ao69_am13_1,69,8,SATISFIED,1.296,123273220.0,5143.0
SAL-Ei-LM,bom_deep_7_3_15_5_No1_p20_ao69_am15_1_m13_ao69_am13_1,69,9,SATISFIED,1.3164,123270700.0,5108.53
SAL-Ei-LM,bom_deep_7_3_15_5_No1_p20_ao69_am15_1_m13_ao69_am13_1,69,10,SATISFIED,1.3177,123273680.0,5111.94
SAL-Ei-LM,bom_deep_7_3_15_5_No1_p20_ao69_am15_1_m13_ao69_am13_2,69,1,SATISFIED,1.3046,151204215.0,4690.12
SAL-Ei-LM,bom_deep_7_3_15_5_No1_p20_ao69_am15_1_m13_ao69_am13_2,69,2,SATISFIED,1.3035,151037497.0,4704.81
SAL-Ei-LM,bom_deep_7_3_15_5_No1_p20_ao69_am15_1_m13_ao69_am13_2,69,3,SATISFIED,1.3108,151317685.0,4738.03
SAL-Ei-LM,bom_deep_7_3_15_5_No1_p20_ao69_am15_1_m13_ao69_am13_2,69,4,SATISFIED,1.3183,151473025.0,4670.16
SAL-Ei-LM,bom_deep_7_3_15_5_No1_p20_ao69_am15_1_m13_ao69_am13_2,69,5,SATISFIED,1.3812,151400950.0,4784.34
SAL-Ei-LM,bom_deep_7_3_15_5_No1_p20_ao69_am15_1_m13_ao69_am13_2,69,6,SATISFIED,1.3,151410940.0,4531.25
SAL-Ei-LM,bom_deep_7_3_15_5_No1_p20_ao69_am15_1_m13_ao69_am13_2,69,7,SATISFIED,1.3164,152106930.0,4654.0
SAL-Ei-LM,bom_deep_7_3_15_5_No1_p20_ao69_am15_1_m13_ao69_am13_2,69,8,SATISFIED,1.313,151204075.0,4702.28
SAL-Ei-LM,bom_deep_7_3_15_5_No1_p20_ao69_am15_1_m13_ao69_am13_2,69,9,SATISFIED,1.3135,151132599.0,4717.38
SAL-Ei-LM,bom_deep_7_3_15_5_No1_p20_ao69_am15_1_m13_ao69_am13_2,69,10,SATISFIED,1.3179,151523582.0,4829.59
SAL-Ei-LM,bom_deep_7_3_15_5_No1_p20_ao69_am15_1_m13_ao69_am13_3,69,1,SATISFIED,1.3143,109599370.0,4791.59
SAL-Ei-LM,bom_deep_7_3_15_5_No1_p20_ao69_am15_1_m13_ao69_am13_3,69,2,SATISFIED,1.3165,110351385.0,4977.91
SAL-Ei-LM,bom_deep_7_3_15_5_No1_p20_ao69_am15_1_m13_ao69_am13_3,69,3,SATISFIED,1.3208,109582205.0,4745.47
SAL-Ei-LM,bom_deep_7_3_15_5_No1_p20_ao69_am15_1_m13_ao69_am13_3,69,4,SATISFIED,1.3337,111180280.0,4822.88
SAL-Ei-LM,bom_deep_7_3_15_5_No1_p20_ao69_am15_1_m13_ao69_am13_3,69,5,SATISFIED,1.3238,108608160.0,4865.81
SAL-Ei-LM,bom_deep_7_3_15_5_No1_p20_ao69_am15_1_m13_ao69_am13_3,69,6,SATISFIED,1.3311,109713565.0,4804.88
SAL-Ei-LM,bom_deep_7_3_15_5_No1_p20_ao69_am15_1_m13_ao69_am13_3,69,7,SATISFIED,1.3367,110207965.0,4834.5
SAL-Ei-LM,bom_deep_7_3_15_5_No1_p20_ao69_am15_1_m13_ao69_am13_3,69,8,SATISFIED,1.3317,109297485.0,4895.38
SAL-Ei-LM,bom_deep_7_3_15_5_No1_p20_ao69_am15_1_m13_ao69_am13_3,69,9,SATISFIED,1.4102,109278330.0,4896.25
SAL-Ei-LM,bom_deep_7_3_15_5_No1_p20_ao69_am15_1_m13_ao69_am13_3,69,10,SATISFIED,1.2898,110231415.0,4698.75
SAL-Ei-LM,bom_deep_7_3_15_5_No1_p20_ao69_am15_1_m13_ao69_am13_4,69,1,SATISFIED,1.3009,60861047.0,4526.94
SAL-Ei-LM,bom_deep_7_3_15_5_No1_p20_ao69_am15_1_m13_ao69_am13_4,69,2,SATISFIED,1.3209,60862070.0,4539.38
SAL-Ei-LM,bom_deep_7_3_15_5_No1_p20_ao69_am15_1_m13_ao69_am13_4,69,3,SATISFIED,1.3121,60859495.0,4606.88
SAL-Ei-LM,bom_deep_7_3_15_5_No1_p20_ao69_am15_1_m13_ao69_am13_4,69,4,SATISFIED,1.3087,60857105.0,4648.94
SAL-Ei-LM,bom_deep_7_3_15_5_No1_p20_ao69_am15_1_m13_ao69_am13_4,69,5,SATISFIED,1.3128,60857280.0,4621.72
SAL-Ei-LM,bom_deep_7_3_15_5_No1_p20_ao69_am15_1_m13_ao69_am13_4,69,6,SATISFIED,1.3094,60858527.0,4612.69
SAL-Ei-LM,bom_deep_7_3_15_5_No1_p20_ao69_am15_1_m13_ao69_am13_4,69,7,SATISFIED,1.3438,60862985.0,4651.62
SAL-Ei-LM,bom_deep_7_3_15_5_No1_p20_ao69_am15_1_m13_ao69_am13_4,69,8,SATISFIED,1.3023,60865240.0,4543.62
SAL-Ei-LM,bom_deep_7_3_15_5_No1_p20_ao69_am15_1_m13_ao69_am13_4,69,9,SATISFIED,1.3069,60864915.0,4668.06
SAL-Ei-LM,bom_deep_7_3_15_5_No1_p20_ao69_am15_1_m13_ao69_am13_4,69,10,SATISFIED,1.3054,60860685.0,4642.06
SAL-Ei-LM,bom_deep_7_3_15_5_No1_p20_ao69_am15_1_m13_ao69_am13_5,69,1,SATISFIED,1.3004,95590965.0,4618.72
SAL-Ei-LM,bom_deep_7_3_15_5_No1_p20_ao69_am15_1_m13_ao69_am13_5,69,2,SATISFIED,1.3206,95820902.0,4619.44
SAL-Ei-LM,bom_deep_7_3_15_5_No1_p20_ao69_am15_1_m13_ao69_am13_5,69,3,SATISFIED,1.3202,95684987.0,4616.66
SAL-Ei-LM,bom_deep_7_3_15_5_No1_p20_ao69_am15_1_m13_ao69_am13_5,69,4,SATISFIED,1.4264,95670115.0,4583.38
SAL-Ei-LM,bom_deep_7_3_15_5_No1_p20_ao69_am15_1_m13_ao69_am13_5,69,5,SATISFIED,1.3102,95654605.0,4443.31
SAL-Ei-LM,bom_deep_7_3_15_5_No1_p20_ao69_am15_1_m13_ao69_am13_5,69,6,SATISFIED,1.3171,95795622.0,4519.53
SAL-Ei-LM,bom_deep_7_3_15_5_No1_p20_ao69_am15_1_m13_ao69_am13_5,69,7,SATISFIED,1.3323,95593902.0,4517.03
SAL-Ei-LM,bom_deep_7_3_15_5_No1_p20_ao69_am15_1_m13_ao69_am13_5,69,8,SATISFIED,1.3451,95618210.0,4621.69
SAL-Ei-LM,bom_deep_7_3_15_5_No1_p20_ao69_am15_1_m13_ao69_am13_5,69,9,SATISFIED,1.1808,95732640.0,4945.91
SAL-Ei-LM,bom_deep_7_3_15_5_No1_p20_ao69_am15_1_m13_ao69_am13_5,69,10,SATISFIED,1.236,95884245.0,5665.78
SAL-Ei-LM,bom_deep_7_3_15_5_No1_p20_ao69_am15_1_m30_ao69_am27_1,69,1,SATISFIED,1.4029,67618710.0,3843.47
SAL-Ei-LM,bom_deep_7_3_15_5_No1_p20_ao69_am15_1_m30_ao69_am27_1,69,2,SATISFIED,1.3378,67906620.0,3744.75
SAL-Ei-LM,bom_deep_7_3_15_5_No1_p20_ao69_am15_1_m30_ao69_am27_1,69,3,SATISFIED,1.3197,68837120.0,3804.44
SAL-Ei-LM,bom_deep_7_3_15_5_No1_p20_ao69_am15_1_m30_ao69_am27_1,69,4,SATISFIED,1.324,68013120.0,3779.81
SAL-Ei-LM,bom_deep_7_3_15_5_No1_p20_ao69_am15_1_m30_ao69_am27_1,69,5,SATISFIED,1.3276,68759825.0,3793.28
SAL-Ei-LM,bom_deep_7_3_15_5_No1_p20_ao69_am15_1_m30_ao69_am27_1,69,6,SATISFIED,1.3313,67755054.0,3792.25
SAL-Ei-LM,bom_deep_7_3_15_5_No1_p20_ao69_am15_1_m30_ao69_am27_1,69,7,SATISFIED,1.3269,68552020.0,3760.56
SAL-Ei-LM,bom_deep_7_3_15_5_No1_p20_ao69_am15_1_m30_ao69_am27_1,69,8,SATISFIED,1.3752,67509419.0,3787.44
SAL-Ei-LM,bom_deep_7_3_15_5_No1_p20_ao69_am15_1_m30_ao69_am27_1,69,9,SATISFIED,1.3192,68412955.0,3721.31
SAL-Ei-LM,bom_deep_7_3_15_5_No1_p20_ao69_am15_1_m30_ao69_am27_1,69,10,SATISFIED,1.3332,67719475.0,3776.69
SAL-Ei-LM,bom_deep_7_3_15_5_No1_p20_ao69_am15_1_m30_ao69_am27_4,69,1,SATISFIED,1.3273,68229774.0,3738.88
SAL-Ei-LM,bom_deep_7_3_15_5_No1_p20_ao69_am15_1_m30_ao69_am27_4,69,2,SATISFIED,1.326,67730585.0,3761.53
SAL-Ei-LM,bom_deep_7_3_15_5_No1_p20_ao69_am15_1_m30_ao69_am27_4,69,3,SATISFIED,1.317,67889886.0,3819.81
SAL-Ei-LM,bom_deep_7_3_15_5_No1_p20_ao69_am15_1_m30_ao69_am27_4,69,4,SATISFIED,1.4054,69760206.0,3840.16
SAL-Ei-LM,bom_deep_7_3_15_5_No1_p20_ao69_am15_1_m30_ao69_am27_4,69,5,SATISFIED,1.309,66075098.0,3743.19
SAL-Ei-LM,bom_deep_7_3_15_5_No1_p20_ao69_am15_1_m30_ao69_am27_4,69,6,SATISFIED,1.1791,67053080.0,4168.09
SAL-Ei-LM,bom_deep_7_3_15_5_No1_p20_ao69_am15_1_m30_ao69_am27_4,69,7,SATISFIED,1.3114,67111811.0,4248.88
SAL-Ei-LM,bom_deep_7_3_15_5_No1_p20_ao69_am15_1_m30_ao69_am27_4,69,8,SATISFIED,1.3098,64902501.0,3970.19
SAL-Ei-LM,bom_deep_7_3_15_5_No1_p20_ao69_am15_1_m30_ao69_am27_4,69,9,SATISFIED,1.317,67485471.0,3932.78
SAL-Ei-LM,bom_deep_7_3_15_5_No1_p20_ao69_am15_1_m30_ao69_am27_4,69,10,SATISFIED,1.3135,67978694.0,3963.59
SAL-Ei-LM,bom_deep_7_3_15_5_No1_p20_ao69_am15_1_m30_ao69_am28_2,69,1,SATISFIED,1.3486,119330490.0,3849.0
SAL-Ei-LM,bom_deep_7_3_15_5_No1_p20_ao69_am15_1_m30_ao69_am28_2,69,2,SATISFIED,1.3015,119535176.0,3871.44
SAL-Ei-LM,bom_deep_7_3_15_5_No1_p20_ao69_am15_1_m30_ao69_am28_2,69,3,SATISFIED,1.309,119921643.0,3854.31
SAL-Ei-LM,bom_deep_7_3_15_5_No1_p20_ao69_am15_1_m30_ao69_am28_2,69,4,SATISFIED,1.3157,119921090.0,3883.59
SAL-Ei-LM,bom_deep_7_3_15_5_No1_p20_ao69_am15_1_m30_ao69_am28_2,69,5,SATISFIED,1.3129,118165182.0,3924.5
SAL-Ei-LM,bom_deep_7_3_15_5_No1_p20_ao69_am15_1_m30_ao69_am28_2,69,6,SATISFIED,1.2966,119856553.0,3960.81
SAL-Ei-LM,bom_deep_7_3_15_5_No1_p20_ao69_am15_1_m30_ao69_am28_2,69,7,SATISFIED,1.414,120634075.0,3951.62
SAL-Ei-LM,bom_deep_7_3_15_5_No1_p20_ao69_am15_1_m30_ao69_am28_2,69,8,SATISFIED,1.2881,117416407.0,3778.97
SAL-Ei-LM,bom_deep_7_3_15_5_No1_p20_ao69_am15_1_m30_ao69_am28_2,69,9,SATISFIED,1.3019,118521575.0,3845.94
SAL-Ei-LM,bom_deep_7_3_15_5_No1_p20_ao69_am15_1_m30_ao69_am28_2,69,10,SATISFIED,1.3136,119053210.0,3837.91
SAL-Ei-LM,bom_deep_7_3_15_5_No1_p20_ao69_am15_1_m30_ao69_am29_5,69,1,SATISFIED,1.2932,72436191.0,3738.66
SAL-Ei-LM,bom_deep_7_3_15_5_No1_p20_ao69_am15_1_m30_ao69_am29_5,69,2,SATISFIED,1.3142,73114842.0,3766.25
SAL-Ei-LM,bom_deep_7_3_15_5_No1_p20_ao69_am15_1_m30_ao69_am29_5,69,3,SATISFIED,1.3102,76679257.0,3845.38
SAL-Ei-LM,bom_deep_7_3_15_5_No1_p20_ao69_am15_1_m30_ao69_am29_5,69,4,SATISFIED,1.3446,76555437.0,3899.25
SAL-Ei-LM,bom_deep_7_3_15_5_No1_p20_ao69_am15_1_m30_ao69_am29_5,69,5,SATISFIED,1.2968,73536884.0,3811.59
SAL-Ei-LM,bom_deep_7_3_15_5_No1_p20_ao69_am15_1_m30_ao69_am29_5,69,6,SATISFIED,1.308,75109743.0,3825.59
SAL-Ei-LM,bom_deep_7_3_15_5_No1_p20_ao69_am15_1_m30_ao69_am29_5,69,7,SATISFIED,1.3113,77263242.0,3849.62
SAL-Ei-LM,bom_deep_7_3_15_5_No1_p20_ao69_am15_1_m30_ao69_am29_5,69,8,SATISFIED,1.3155,75872322.0,3845.66
SAL-Ei-LM,bom_deep_7_3_15_5_No1_p20_ao69_am15_1_m30_ao69_am29_5,69,9,SATISFIED,1.2817,74088111.0,3907.72
SAL-Ei-LM,bom_deep_7_3_15_5_No1_p20_ao69_am15_1_m30_ao69_am29_5,69,10,SATISFIED,1.3949,75602007.0,3828.0
SAL-Ei-LM,bom_deep_7_3_15_5_No1_p20_ao69_am15_1_m30_ao69_am30_3,69,1,SATISFIED,1.3018,52331925.0,3763.16
SAL-Ei-LM,bom_deep_7_3_15_5_No1_p20_ao69_am15_1_m30_ao69_am30_3,69,2,SATISFIED,1.3035,54338680.0,3905.69
SAL-Ei-LM,bom_deep_7_3_15_5_No1_p20_ao69_am15_1_m30_ao69_am30_3,69,3,SATISFIED,1.3106,52263089.0,3911.44
SAL-Ei-LM,bom_deep_7_3_15_5_No1_p20_ao69_am15_1_m30_ao69_am30_3,69,4,SATISFIED,1.3167,53224800.0,3905.5
SAL-Ei-LM,bom_deep_7_3_15_5_No1_p20_ao69_am15_1_m30_ao69_am30_3,69,5,SATISFIED,1.3083,54107885.0,3865.22
SAL-Ei-LM,bom_deep_7_3_15_5_No1_p20_ao69_am15_1_m30_ao69_am30_3,69,6,SATISFIED,1.432,54153385.0,3852.78
SAL-Ei-LM,bom_deep_7_3_15_5_No1_p20_ao69_am15_1_m30_ao69_am30_3,69,7,SATISFIED,1.2941,54733990.0,3714.88
SAL-Ei-LM,bom_deep_7_3_15_5_No1_p20_ao69_am15_1_m30_ao69_am30_3,69,8,SATISFIED,1.304,55155816.0,3822.47
SAL-Ei-LM,bom_deep_7_3_15_5_No1_p20_ao69_am15_1_m30_ao69_am30_3,69,9,SATISFIED,1.3166,54905415.0,3796.62
SAL-Ei-LM,bom_deep_7_3_15_5_No1_p20_ao69_am15_1_m30_ao69_am30_3,69,10,SATISFIED,1.3114,54517940.0,3851.84
SAL-Ei-LM,bom_deep_7_3_15_5_No1_p20_ao69_am15_2,69,1,SATISFIED,1.3096,106834250.0,4316.56
SAL-Ei-LM,bom_deep_7_3_15_5_No1_p20_ao69_am15_2,69,2,SATISFIED,1.3047,111525600.0,4340.94
SAL-Ei-LM,bom_deep_7_3_15_5_No1_p20_ao69_am15_2,69,3,SATISFIED,1.3756,106889479.0,4348.34
SAL-Ei-LM,bom_deep_7_3_15_5_No1_p20_ao69_am15_2,69,4,SATISFIED,1.2364,106601945.0,4332.97
SAL-Ei-LM,bom_deep_7_3_15_5_No1_p20_ao69_am15_2,69,5,SATISFIED,1.2935,106584455.0,4383.81
SAL-Ei-LM,bom_deep_7_3_15_5_No1_p20_ao69_am15_2,69,6,SATISFIED,1.2937,106646040.0,4467.38
SAL-Ei-LM,bom_deep_7_3_15_5_No1_p20_ao69_am15_2,69,7,SATISFIED,1.1864,106777805.0,5304.88
SAL-Ei-LM,bom_deep_7_3_15_5_No1_p20_ao69_am15_2,69,8,SATISFIED,1.1684,109929827.0,6744.62
SAL-Ei-LM,bom_deep_7_3_15_5_No1_p20_ao69_am15_2,69,9,SATISFIED,1.1695,106998880.0,6941.62
SAL-Ei-LM,bom_deep_7_3_15_5_No1_p20_ao69_am15_2,69,10,SATISFIED,1.2423,106743000.0,6926.41
SAL-Ei-LM,bom_deep_7_3_15_5_No1_p20_ao69_am15_2_m13_ao69_am13_1,69,1,SATISFIED,1.1748,324941989.0,7757.72
SAL-Ei-LM,bom_deep_7_3_15_5_No1_p20_ao69_am15_2_m13_ao69_am13_1,69,2,SATISFIED,1.1765,323986141.0,8110.78
SAL-Ei-LM,bom_deep_7_3_15_5_No1_p20_ao69_am15_2_m13_ao69_am13_1,69,3,SATISFIED,1.1685,325158757.0,8252.72
SAL-Ei-LM,bom_deep_7_3_15_5_No1_p20_ao69_am15_2_m13_ao69_am13_1,69,4,SATISFIED,1.1782,326552751.0,8330.09
SAL-Ei-LM,bom_deep_7_3_15_5_No1_p20_ao69_am15_2_m13_ao69_am13_1,69,5,SATISFIED,1.1724,327396415.0,8454.94
SAL-Ei-LM,bom_deep_7_3_15_5_No1_p20_ao69_am15_2_m13_ao69_am13_1,69,6,SATISFIED,1.1775,320650722.0,8415.84
SAL-Ei-LM,bom_deep_7_3_15_5_No1_p20_ao69_am15_2_m13_ao69_am13_1,69,7,SATISFIED,1.1859,327794572.0,8388.19
SAL-Ei-LM,bom_deep_7_3_15_5_No1_p20_ao69_am15_2_m13_ao69_am13_1,69,8,SATISFIED,1.2174,322146232.0,8552.78
SAL-Ei-LM,bom_deep_7_3_15_5_No1_p20_ao69_am15_2_m13_ao69_am13_1,69,9,SATISFIED,1.1745,319801320.0,8052.06
SAL-Ei-LM,bom_deep_7_3_15_5_No1_p20_ao69_am15_2_m13_ao69_am13_1,69,10,SATISFIED,1.3172,326951877.0,7039.28
SAL-Ei-LM,bom_deep_7_3_15_5_No1_p20_ao69_am15_2_m13_ao69_am13_2,69,1,SATISFIED,1.3046,765796550.0,4967.31
SAL-Ei-LM,bom_deep_7_3_15_5_No1_p20_ao69_am15_2_m13_ao69_am13_2,69,2,SATISFIED,1.2149,772132598.0,5370.75
SAL-Ei-LM,bom_deep_7_3_15_5_No1_p20_ao69_am15_2_m13_ao69_am13_2,69,3,SATISFIED,1.3201,763673429.0,5174.59
SAL-Ei-LM,bom_deep_7_3_15_5_No1_p20_ao69_am15_2_m13_ao69_am13_2,69,4,SATISFIED,1.3279,764317361.0,4853.53
SAL-Ei-LM,bom_deep_7_3_15_5_No1_p20_ao69_am15_2_m13_ao69_am13_2,69,5,SATISFIED,1.3921,767511203.0,4855.62
SAL-Ei-LM,bom_deep_7_3_15_5_No1_p20_ao69_am15_2_m13_ao69_am13_2,69,6,SATISFIED,1.3178,765218190.0,4658.22
SAL-Ei-LM,bom_deep_7_3_15_5_No1_p20_ao69_am15_2_m13_ao69_am13_2,69,7,SATISFIED,1.3103,763048520.0,4826.81
SAL-Ei-LM,bom_deep_7_3_15_5_No1_p20_ao69_am15_2_m13_ao69_am13_2,69,8,SATISFIED,1.3171,765194058.0,4845.19
SAL-Ei-LM,bom_deep_7_3_15_5_No1_p20_ao69_am15_2_m13_ao69_am13_2,69,9,SATISFIED,1.3122,763704630.0,4747.78
SAL-Ei-LM,bom_deep_7_3_15_5_No1_p20_ao69_am15_2_m13_ao69_am13_2,69,10,SATISFIED,1.3247,762982897.0,4775.81
SAL-Ei-LM,bom_deep_7_3_15_5_No1_p20_ao69_am15_2_m13_ao69_am13_3,69,1,SATISFIED,1.3088,625863188.0,4739.84
SAL-Ei-LM,bom_deep_7_3_15_5_No1_p20_ao69_am15_2_m13_ao69_am13_3,69,2,SATISFIED,1.4277,626065368.0,4818.56
SAL-Ei-LM,bom_deep_7_3_15_5_No1_p20_ao69_am15_2_m13_ao69_am13_3,69,3,SATISFIED,1.2984,625941718.0,4636.22
SAL-Ei-LM,bom_deep_7_3_15_5_No1_p20_ao69_am15_2_m13_ao69_am13_3,69,4,SATISFIED,1.3131,625845731.0,4788.47
SAL-Ei-LM,bom_deep_7_3_15_5_No1_p20_ao69_am15_2_m13_ao69_am13_3,69,5,SATISFIED,1.3106,626111115.0,4808.72
SAL-Ei-LM,bom_deep_7_3_15_5_No1_p20_ao69_am15_2_m13_ao69_am13_3,69,6,SATISFIED,1.3029,625932280.0,4754.81
SAL-Ei-LM,bom_deep_7_3_15_5_No1_p20_ao69_am15_2_m13_ao69_am13_3,69,7,SATISFIED,1.3302,625834956.0,4742.0
SAL-Ei-LM,bom_deep_7_3_15_5_No1_p20_ao69_am15_2_m13_ao69_am13_3,69,8,SATISFIED,1.3186,625803222.0,4744.59
SAL-Ei-LM,bom_deep_7_3_15_5_No1_p20_ao69_am15_2_m13_ao69_am13_3,69,9,SATISFIED,1.3253,625822186.0,4742.81
SAL-Ei-LM,bom_deep_7_3_15_5_No1_p20_ao69_am15_2_m13_ao69_am13_3,69,10,SATISFIED,1.3582,625924347.0,4796.62
SAL-Ei-LM,bom_deep_7_3_15_5_No1_p20_ao69_am15_2_m13_ao69_am13_4,69,1,SATISFIED,1.3065,720366137.0,4855.66
SAL-Ei-LM,bom_deep_7_3_15_5_No1_p20_ao69_am15_2_m13_ao69_am13_4,69,2,SATISFIED,1.3128,720393945.0,4962.47
SAL-Ei-LM,bom_deep_7_3_15_5_No1_p20_ao69_am15_2_m13_ao69_am13_4,69,3,SATISFIED,1.3208,720609259.0,4889.25
SAL-Ei-LM,bom_deep_7_3_15_5_No1_p20_ao69_am15_2_m13_ao69_am13_4,69,4,SATISFIED,1.3213,720478365.0,4939.88
SAL-Ei-LM,bom_deep_7_3_15_5_No1_p20_ao69_am15_2_m13_ao69_am13_4,69,5,SATISFIED,1.3,720782630.0,4951.97
SAL-Ei-LM,bom_deep_7_3_15_5_No1_p20_ao69_am15_2_m13_ao69_am13_4,69,6,SATISFIED,1.2455,720395310.0,5412.34
SAL-Ei-LM,bom_deep_7_3_15_5_No1_p20_ao69_am15_2_m13_ao69_am13_4,69,7,SATISFIED,1.3783,720284225.0,5083.53
SAL-Ei-LM,bom_deep_7_3_15_5_No1_p20_ao69_am15_2_m13_ao69_am13_4,69,8,SATISFIED,1.3063,720511055.0,4870.16
SAL-Ei-LM,bom_deep_7_3_15_5_No1_p20_ao69_am15_2_m13_ao69_am13_4,69,9,SATISFIED,1.3121,720602613.0,4933.62
SAL-Ei-LM,bom_deep_7_3_15_5_No1_p20_ao69_am15_2_m13_ao69_am13_4,69,10,SATISFIED,1.3251,720294585.0,4912.03
SAL-Ei-LM,bom_deep_7_3_15_5_No1_p20_ao69_am15_2_m13_ao69_am13_5,69,1,SATISFIED,1.3082,135409143.0,4859.06
SAL-Ei-LM,bom_deep_7_3_15_5_No1_p20_ao69_am15_2_m13_ao69_am13_5,69,2,SATISFIED,1.3079,135050429.0,4969.19
SAL-Ei-LM,bom_deep_7_3_15_5_No1_p20_ao69_am15_2_m13_ao69_am13_5,69,3,SATISFIED,1.1797,135022981.0,5449.03
SAL-Ei-LM,bom_deep_7_3_15_5_No1_p20_ao69_am15_2_m13_ao69_am13_5,69,4,SATISFIED,1.4226,136753711.0,5582.09
SAL-Ei-LM,bom_deep_7_3_15_5_No1_p20_ao69_am15_2_m13_ao69_am13_5,69,5,SATISFIED,1.2945,133866420.0,4758.19
SAL-Ei-LM,bom_deep_7_3_15_5_No1_p20_ao69_am15_2_m13_ao69_am13_5,69,6,SATISFIED,1.3102,136795852.0,4876.53
SAL-Ei-LM,bom_deep_7_3_15_5_No1_p20_ao69_am15_2_m13_ao69_am13_5,69,7,SATISFIED,1.3116,136053262.0,4952.84
SAL-Ei-LM,bom_deep_7_3_15_5_No1_p20_ao69_am15_2_m13_ao69_am13_5,69,8,SATISFIED,1.3168,134571950.0,4966.41
SAL-Ei-LM,bom_deep_7_3_15_5_No1_p20_ao69_am15_2_m13_ao69_am13_5,69,9,SATISFIED,1.3152,137042312.0,5060.69
SAL-Ei-LM,bom_deep_7_3_15_5_No1_p20_ao69_am15_2_m13_ao69_am13_5,69,10,SATISFIED,1.3252,136243292.0,4979.06
SAL-Ei-LM,bom_deep_7_3_15_5_No1_p20_ao69_am15_2_m30_ao69_am27_1,69,1,SATISFIED,1.4412,375696417.0,3896.56
SAL-Ei-LM,bom_deep_7_3_15_5_No1_p20_ao69_am15_2_m30_ao69_am27_1,69,2,SATISFIED,1.2975,375675090.0,3760.38
SAL-Ei-LM,bom_deep_7_3_15_5_No1_p20_ao69_am15_2_m30_ao69_am27_1,69,3,SATISFIED,1.3118,376930176.0,3828.88
SAL-Ei-LM,bom_deep_7_3_15_5_No1_p20_ao69_am15_2_m30_ao69_am27_1,69,4,SATISFIED,1.3227,373588753.0,3826.66
SAL-Ei-LM,bom_deep_7_3_15_5_No1_p20_ao69_am15_2_m30_ao69_am27_1,69,5,SATISFIED,1.3172,377289682.0,3901.03
SAL-Ei-LM,bom_deep_7_3_15_5_No1_p20_ao69_am15_2_m30_ao69_am27_1,69,6,SATISFIED,1.3196,373682418.0,3880.22
SAL-Ei-LM,bom_deep_7_3_15_5_No1_p20_ao69_am15_2_m30_ao69_am27_1,69,7,SATISFIED,1.3121,372874785.0,3899.5
SAL-Ei-LM,bom_deep_7_3_15_5_No1_p20_ao69_am15_2_m30_ao69_am27_1,69,8,SATISFIED,1.419,374588541.0,3876.09
SAL-Ei-LM,bom_deep_7_3_15_5_No1_p20_ao69_am15_2_m30_ao69_am27_1,69,9,SATISFIED,1.3137,375150132.0,3772.0
SAL-Ei-LM,bom_deep_7_3_15_5_No1_p20_ao69_am15_2_m30_ao69_am27_1,69,10,SATISFIED,1.3039,372788005.0,3883.88
SAL-Ei-LM,bom_deep_7_3_15_5_No1_p20_ao69_am15_2_m30_ao69_am27_5,69,1,SATISFIED,1.3146,290974417.0,3810.06
SAL-Ei-LM,bom_deep_7_3_15_5_No1_p20_ao69_am15_2_m30_ao69_am27_5,69,2,SATISFIED,1.2599,288083479.0,3932.56
SAL-Ei-LM,bom_deep_7_3_15_5_No1_p20_ao69_am15_2_m30_ao69_am27_5,69,3,SATISFIED,1.2575,287675615.0,4082.25
SAL-Ei-LM,bom_deep_7_3_15_5_No1_p20_ao69_am15_2_m30_ao69_am27_5,69,4,SATISFIED,1.4061,287453162.0,3963.56
SAL-Ei-LM,bom_deep_7_3_15_5_No1_p20_ao69_am15_2_m30_ao69_am27_5,69,5,SATISFIED,1.3064,285699553.0,3738.72
SAL-Ei-LM,bom_deep_7_3_15_5_No1_p20_ao69_am15_2_m30_ao69_am27_5,69,6,SATISFIED,1.3147,288276135.0,3786.69
SAL-Ei-LM,bom_deep_7_3_15_5_No1_p20_ao69_am15_2_m30_ao69_am27_5,69,7,SATISFIED,1.302,285265915.0,3866.19
SAL-Ei-LM,bom_deep_7_3_15_5_No1_p20_ao69_am15_2_m30_ao69_am27_5,69,8,SATISFIED,1.3212,292232540.0,3868.06
SAL-Ei-LM,bom_deep_7_3_15_5_No1_p20_ao69_am15_2_m30_ao69_am27_5,69,9,SATISFIED,1.3048,287575238.0,3869.34
SAL-Ei-LM,bom_deep_7_3_15_5_No1_p20_ao69_am15_2_m30_ao69_am27_5,69,10,SATISFIED,1.2847,288716260.0,3933.34
SAL-Ei-LM,bom_deep_7_3_15_5_No1_p20_ao69_am15_2_m30_ao69_am28_2,69,1,SATISFIED,1.2186,90331269.0,4545.03
SAL-Ei-LM,bom_deep_7_3_15_5_No1_p20_ao69_am15_2_m30_ao69_am28_2,69,2,SATISFIED,1.1682,90181060.0,5353.12
SAL-Ei-LM,bom_deep_7_3_15_5_No1_p20_ao69_am15_2_m30_ao69_am28_2,69,3,SATISFIED,1.3008,90527772.0,5067.09
SAL-Ei-LM,bom_deep_7_3_15_5_No1_p20_ao69_am15_2_m30_ao69_am28_2,69,4,SATISFIED,1.3195,89956079.0,4333.0
SAL-Ei-LM,bom_deep_7_3_15_5_No1_p20_ao69_am15_2_m30_ao69_am28_2,69,5,SATISFIED,1.3224,90616552.0,3873.78
SAL-Ei-LM,bom_deep_7_3_15_5_No1_p20_ao69_am15_2_m30_ao69_am28_2,69,6,SATISFIED,1.3172,90965014.0,3838.06
SAL-Ei-LM,bom_deep_7_3_15_5_No1_p20_ao69_am15_2_m30_ao69_am28_2,69,7,SATISFIED,1.4386,91736565.0,3843.62
SAL-Ei-LM,bom_deep_7_3_15_5_No1_p20_ao69_am15_2_m30_ao69_am28_2,69,8,SATISFIED,1.3022,91932925.0,3730.66
SAL-Ei-LM,bom_deep_7_3_15_5_No1_p20_ao69_am15_2_m30_ao69_am28_2,69,9,SATISFIED,1.3067,92477839.0,3830.12
SAL-Ei-LM,bom_deep_7_3_15_5_No1_p20_ao69_am15_2_m30_ao69_am28_2,69,10,SATISFIED,1.3138,93617142.0,3900.81
SAL-Ei-LM,bom_deep_7_3_15_5_No1_p20_ao69_am15_2_m30_ao69_am28_3,69,1,SATISFIED,1.31,273452823.0,3861.56
SAL-Ei-LM,bom_deep_7_3_15_5_No1_p20_ao69_am15_2_m30_ao69_am28_3,69,2,SATISFIED,1.3164,271432538.0,3869.88
SAL-Ei-LM,bom_deep_7_3_15_5_No1_p20_ao69_am15_2_m30_ao69_am28_3,69,3,SATISFIED,1.3111,275315447.0,3884.81
SAL-Ei-LM,bom_deep_7_3_15_5_No1_p20_ao69_am15_2_m30_ao69_am28_3,69,4,SATISFIED,1.3787,272333601.0,3849.28
SAL-Ei-LM,bom_deep_7_3_15_5_No1_p20_ao69_am15_2_m30_ao69_am28_3,69,5,SATISFIED,1.3008,275451234.0,3832.84
SAL-Ei-LM,bom_deep_7_3_15_5_No1_p20_ao69_am15_2_m30_ao69_am28_3,69,6,SATISFIED,1.3087,274611556.0,3903.75
SAL-Ei-LM,bom_deep_7_3_15_5_No1_p20_ao69_am15_2_m30_ao69_am28_3,69,7,SATISFIED,1.3167,278320648.0,3901.97
SAL-Ei-LM,bom_deep_7_3_15_5_No1_p20_ao69_am15_2_m30_ao69_am28_3,69,8,SATISFIED,1.3186,274703855.0,3913.75
SAL-Ei-LM,bom_deep_7_3_15_5_No1_p20_ao69_am15_2_m30_ao69_am28_3,69,9,SATISFIED,1.3158,272948626.0,3919.16
SAL-Ei-LM,bom_deep_7_3_15_5_No1_p20_ao69_am15_2_m30_ao69_am28_3,69,10,SATISFIED,1.3197,276314670.0,3897.88
SAL-Ei-LM,bom_deep_7_3_15_5_No1_p20_ao69_am15_2_m30_ao69_am29_4,69,1,SATISFIED,1.2979,518868603.0,3740.56
SAL-Ei-LM,bom_deep_7_3_15_5_No1_p20_ao69_am15_2_m30_ao69_am29_4,69,2,SATISFIED,1.3128,516146506.0,3870.72
SAL-Ei-LM,bom_deep_7_3_15_5_No1_p20_ao69_am15_2_m30_ao69_am29_4,69,3,SATISFIED,1.3077,515756125.0,3926.97
SAL-Ei-LM,bom_deep_7_3_15_5_No1_p20_ao69_am15_2_m30_ao69_am29_4,69,4,SATISFIED,1.3077,518011805.0,3934.66
SAL-Ei-LM,bom_deep_7_3_15_5_No1_p20_ao69_am15_2_m30_ao69_am29_4,69,5,SATISFIED,1.3142,521589499.0,3870.72
SAL-Ei-LM,bom_deep_7_3_15_5_No1_p20_ao69_am15_2_m30_ao69_am29_4,69,6,SATISFIED,1.3074,518471638.0,3895.09
SAL-Ei-LM,bom_deep_7_3_15_5_No1_p20_ao69_am15_2_m30_ao69_am29_4,69,7,SATISFIED,1.3801,520971278.0,3935.34
SAL-Ei-LM,bom_deep_7_3_15_5_No1_p20_ao69_am15_2_m30_ao69_am29_4,69,8,SATISFIED,1.3003,516303775.0,3781.44
SAL-Ei-LM,bom_deep_7_3_15_5_No1_p20_ao69_am15_2_m30_ao69_am29_4,69,9,SATISFIED,1.3146,517838775.0,3877.53
SAL-Ei-LM,bom_deep_7_3_15_5_No1_p20_ao69_am15_2_m30_ao69_am29_4,69,10,SATISFIED,1.3101,517848291.0,3919.09
SAL-Ei-LM,bom_deep_7_3_15_5_No1_p20_ao69_am15_3,69,1,SATISFIED,1.3013,141418454.0,4396.91
SAL-Ei-LM,bom_deep_7_3_15_5_No1_p20_ao69_am15_3,69,2,SATISFIED,1.3079,141877540.0,4478.03
SAL-Ei-LM,bom_deep_7_3_15_5_No1_p20_ao69_am15_3,69,3,SATISFIED,1.3109,141355936.0,4452.97
SAL-Ei-LM,bom_deep_7_3_15_5_No1_p20_ao69_am15_3,69,4,SATISFIED,1.3506,141708401.0,4455.09
SAL-Ei-LM,bom_deep_7_3_15_5_No1_p20_ao69_am15_3,69,5,SATISFIED,1.3026,141482150.0,4349.31
SAL-Ei-LM,bom_deep_7_3_15_5_No1_p20_ao69_am15_3,69,6,SATISFIED,1.31,141614900.0,4470.72
SAL-Ei-LM,bom_deep_7_3_15_5_No1_p20_ao69_am15_3,69,7,SATISFIED,1.3059,141412480.0,4475.19
SAL-Ei-LM,bom_deep_7_3_15_5_No1_p20_ao69_am15_3,69,8,SATISFIED,1.2098,141321128.0,4903.66
SAL-Ei-LM,bom_deep_7_3_15_5_No1_p20_ao69_am15_3,69,9,SATISFIED,1.3214,141757264.0,4672.78
SAL-Ei-LM,bom_deep_7_3_15_5_No1_p20_ao69_am15_3,69,10,SATISFIED,1.3112,141811532.0,4616.91
SAL-Ei-LM,bom_deep_7_3_15_5_No1_p20_ao69_am15_3_m13_ao69_am13_1,69,1,SATISFIED,1.3893,98498210.0,5044.75
SAL-Ei-LM,bom_deep_7_3_15_5_No1_p20_ao69_am15_3_m13_ao69_am13_1,69,2,SATISFIED,1.3119,97599825.0,4902.34
SAL-Ei-LM,bom_deep_7_3_15_5_No1_p20_ao69_am15_3_m13_ao69_am13_1,69,3,SATISFIED,1.3156,97176205.0,5070.62
SAL-Ei-LM,bom_deep_7_3_15_5_No1_p20_ao69_am15_3_m13_ao69_am13_1,69,4,SATISFIED,1.3134,98500465.0,5122.41
SAL-Ei-LM,bom_deep_7_3_15_5_No1_p20_ao69_am15_3_m13_ao69_am13_1,69,5,SATISFIED,1.325,98306305.0,5071.47
SAL-Ei-LM,bom_deep_7_3_15_5_No1_p20_ao69_am15_3_m13_ao69_am13_1,69,6,SATISFIED,1.3224,98512860.0,5070.5
SAL-Ei-LM,bom_deep_7_3_15_5_No1_p20_ao69_am15_3_m13_ao69_am13_1,69,7,SATISFIED,1.3147,98320520.0,5051.41
SAL-Ei-LM,bom_deep_7_3_15_5_No1_p20_ao69_am15_3_m13_ao69_am13_1,69,8,SATISFIED,1.4416,97466475.0,5192.62
SAL-Ei-LM,bom_deep_7_3_15_5_No1_p20_ao69_am15_3_m13_ao69_am13_1,69,9,SATISFIED,1.299,98420330.0,5035.06
SAL-Ei-LM,bom_deep_7_3_15_5_No1_p20_ao69_am15_3_m13_ao69_am13_1,69,10,SATISFIED,1.3127,95904930.0,5112.44
SAL-Ei-LM,bom_deep_7_3_15_5_No1_p20_ao69_am15_3_m13_ao69_am13_2,69,1,SATISFIED,1.3063,243593762.0,4867.66
SAL-Ei-LM,bom_deep_7_3_15_5_No1_p20_ao69_am15_3_m13_ao69_am13_2,69,2,SATISFIED,1.3133,243610840.0,4929.12
SAL-Ei-LM,bom_deep_7_3_15_5_No1_p20_ao69_am15_3_m13_ao69_am13_2,69,3,SATISFIED,1.3109,243586145.0,4908.06
SAL-Ei-LM,bom_deep_7_3_15_5_No1_p20_ao69_am15_3_m13_ao69_am13_2,69,4,SATISFIED,1.3255,243606315.0,4895.0
SAL-Ei-LM,bom_deep_7_3_15_5_No1_p20_ao69_am15_3_m13_ao69_am13_2,69,5,SATISFIED,1.318,243599581.0,4896.97
SAL-Ei-LM,bom_deep_7_3_15_5_No1_p20_ao69_am15_3_m13_ao69_am13_2,69,6,SATISFIED,1.3555,243598625.0,4963.59
SAL-Ei-LM,bom_deep_7_3_15_5_No1_p20_ao69_am15_3_m13_ao69_am13_2,69,7,SATISFIED,1.3,243602685.0,4943.41
SAL-Ei-LM,bom_deep_7_3_15_5_No1_p20_ao69_am15_3_m13_ao69_am13_2,69,8,SATISFIED,1.3134,243598660.0,4961.72
SAL-Ei-LM,bom_deep_7_3_15_5_No1_p20_ao69_am15_3_m13_ao69_am13_2,69,9,SATISFIED,1.1998,243580492.0,5562.41
SAL-Ei-LM,bom_deep_7_3_15_5_No1_p20_ao69_am15_3_m13_ao69_am13_2,69,10,SATISFIED,1.1787,243580950.0,7044.59
SAL-Ei-LM,bom_deep_7_3_15_5_No1_p20_ao69_am15_3_m13_ao69_am13_3,69,1,SATISFIED,1.3039,198878160.0,5833.16
SAL-Ei-LM,bom_deep_7_3_15_5_No1_p20_ao69_am15_3_m13_ao69_am13_3,69,2,SATISFIED,1.3183,198764625.0,5127.34
SAL-Ei-LM,bom_deep_7_3_15_5_No1_p20_ao69_am15_3_m13_ao69_am13_3,69,3,SATISFIED,1.2458,198661865.0,6069.72
SAL-Ei-LM,bom_deep_7_3_15_5_No1_p20_ao69_am15_3_m13_ao69_am13_3,69,4,SATISFIED,1.308,199055450.0,4722.81
SAL-Ei-LM,bom_deep_7_3_15_5_No1_p20_ao69_am15_3_m13_ao69_am13_3,69,5,SATISFIED,1.3206,199254135.0,4627.03
SAL-Ei-LM,bom_deep_7_3_15_5_No1_p20_ao69_am15_3_m13_ao69_am13_3,69,6,SATISFIED,1.3173,199021802.0,4600.06
SAL-Ei-LM,bom_deep_7_3_15_5_No1_p20_ao69_am15_3_m13_ao69_am13_3,69,7,SATISFIED,1.3128,198037050.0,4616.62
SAL-Ei-LM,bom_deep_7_3_15_5_No1_p20_ao69_am15_3_m13_ao69_am13_3,69,8,SATISFIED,1.3265,198485835.0,4602.03
SAL-Ei-LM,bom_deep_7_3_15_5_No1_p20_ao69_am15_3_m13_ao69_am13_3,69,9,SATISFIED,1.3206,199628340.0,4581.88
SAL-Ei-LM,bom_deep_7_3_15_5_No1_p20_ao69_am15_3_m13_ao69_am13_3,69,10,SATISFIED,1.4313,199089105.0,4654.06
SAL-Ei-LM,bom_deep_7_3_15_5_No1_p20_ao69_am15_3_m13_ao69_am13_4,69,1,SATISFIED,1.3191,189049920.0,4735.06
SAL-Ei-LM,bom_deep_7_3_15_5_No1_p20_ao69_am15_3_m13_ao69_am13_4,69,2,SATISFIED,1.3192,186312565.0,4850.09
SAL-Ei-LM,bom_deep_7_3_15_5_No1_p20_ao69_am15_3_m13_ao69_am13_4,69,3,SATISFIED,1.3207,186399410.0,4876.28
SAL-Ei-LM,bom_deep_7_3_15_5_No1_p20_ao69_am15_3_m13_ao69_am13_4,69,4,SATISFIED,1.3133,190126782.0,4952.94
SAL-Ei-LM,bom_deep_7_3_15_5_No1_p20_ao69_am15_3_m13_ao69_am13_4,69,5,SATISFIED,1.3205,188249340.0,5009.72
SAL-Ei-LM,bom_deep_7_3_15_5_No1_p20_ao69_am15_3_m13_ao69_am13_4,69,6,SATISFIED,1.3183,187562599.0,5084.03
SAL-Ei-LM,bom_deep_7_3_15_5_No1_p20_ao69_am15_3_m13_ao69_am13_4,69,7,SATISFIED,1.3207,186728110.0,5051.31
SAL-Ei-LM,bom_deep_7_3_15_5_No1_p20_ao69_am15_3_m13_ao69_am13_4,69,8,SATISFIED,1.3555,186540845.0,4911.66
SAL-Ei-LM,bom_deep_7_3_15_5_No1_p20_ao69_am15_3_m13_ao69_am13_4,69,9,SATISFIED,1.3041,187544210.0,4899.16
SAL-Ei-LM,bom_deep_7_3_15_5_No1_p20_ao69_am15_3_m13_ao69_am13_4,69,10,SATISFIED,1.3236,185983280.0,4926.06
SAL-Ei-LM,bom_deep_7_3_15_5_No1_p20_ao69_am15_3_m13_ao69_am13_5,69,1,SATISFIED,1.2947,103105290.0,4827.72
SAL-Ei-LM,bom_deep_7_3_15_5_No1_p20_ao69_am15_3_m13_ao69_am13_5,69,2,SATISFIED,1.3276,103397470.0,4818.78
SAL-Ei-LM,bom_deep_7_3_15_5_No1_p20_ao69_am15_3_m13_ao69_am13_5,69,3,SATISFIED,1.3171,102996480.0,4831.09
SAL-Ei-LM,bom_deep_7_3_15_5_No1_p20_ao69_am15_3_m13_ao69_am13_5,69,4,SATISFIED,1.3226,103185520.0,4746.88
SAL-Ei-LM,bom_deep_7_3_15_5_No1_p20_ao69_am15_3_m13_ao69_am13_5,69,5,SATISFIED,1.4129,103481139.0,4776.19
SAL-Ei-LM,bom_deep_7_3_15_5_No1_p20_ao69_am15_3_m13_ao69_am13_5,69,6,SATISFIED,1.3142,103284378.0,4675.75
SAL-Ei-LM,bom_deep_7_3_15_5_No1_p20_ao69_am15_3_m13_ao69_am13_5,69,7,SATISFIED,1.3,103185035.0,4816.06
SAL-Ei-LM,bom_deep_7_3_15_5_No1_p20_ao69_am15_3_m13_ao69_am13_5,69,8,SATISFIED,1.3134,103308826.0,4846.38
SAL-Ei-LM,bom_deep_7_3_15_5_No1_p20_ao69_am15_3_m13_ao69_am13_5,69,9,SATISFIED,1.3077,103138740.0,4846.62
SAL-Ei-LM,bom_deep_7_3_15_5_No1_p20_ao69_am15_3_m13_ao69_am13_5,69,10,SATISFIED,1.3071,103042644.0,4837.84
SAL-Ei-LM,bom_deep_7_3_15_5_No1_p20_ao69_am15_3_m30_ao69_am27_1,69,1,SATISFIED,1.3023,73345313.0,3850.91
SAL-Ei-LM,bom_deep_7_3_15_5_No1_p20_ao69_am15_3_m30_ao69_am27_1,69,2,SATISFIED,1.3846,70813189.0,3883.59
SAL-Ei-LM,bom_deep_7_3_15_5_No1_p20_ao69_am15_3_m30_ao69_am27_1,69,3,SATISFIED,1.2984,69540314.0,3840.88
SAL-Ei-LM,bom_deep_7_3_15_5_No1_p20_ao69_am15_3_m30_ao69_am27_1,69,4,SATISFIED,1.3134,71270585.0,3920.06
SAL-Ei-LM,bom_deep_7_3_15_5_No1_p20_ao69_am15_3_m30_ao69_am27_1,69,5,SATISFIED,1.3111,70698427.0,3919.69
SAL-Ei-LM,bom_deep_7_3_15_5_No1_p20_ao69_am15_3_m30_ao69_am27_1,69,6,SATISFIED,1.3051,71647665.0,3912.06
SAL-Ei-LM,bom_deep_7_3_15_5_No1_p20_ao69_am15_3_m30_ao69_am27_1,69,7,SATISFIED,1.3127,70965465.0,3906.56
SAL-Ei-LM,bom_deep_7_3_15_5_No1_p20_ao69_am15_3_m30_ao69_am27_1,69,8,SATISFIED,1.4076,71226143.0,3892.31
SAL-Ei-LM,bom_deep_7_3_15_5_No1_p20_ao69_am15_3_m30_ao69_am27_1,69,9,SATISFIED,1.2979,71250386.0,3757.44
SAL-Ei-LM,bom_deep_7_3_15_5_No1_p20_ao69_am15_3_m30_ao69_am27_1,69,10,SATISFIED,1.3066,70350323.0,3885.81
SAL-Ei-LM,bom_deep_7_3_15_5_No1_p20_ao69_am15_3_m30_ao69_am27_2,69,1,SATISFIED,1.307,65532720.0,3848.12
SAL-Ei-LM,bom_deep_7_3_15_5_No1_p20_ao69_am15_3_m30_ao69_am27_2,69,2,SATISFIED,1.3097,63691407.0,3891.12
SAL-Ei-LM,bom_deep_7_3_15_5_No1_p20_ao69_am15_3_m30_ao69_am27_2,69,3,SATISFIED,1.3114,65986681.0,3914.81
SAL-Ei-LM,bom_deep_7_3_15_5_No1_p20_ao69_am15_3_m30_ao69_am27_2,69,4,SATISFIED,1.3103,66758808.0,3935.28
SAL-Ei-LM,bom_deep_7_3_15_5_No1_p20_ao69_am15_3_m30_ao69_am27_2,69,5,SATISFIED,1.3798,66718135.0,3944.75
SAL-Ei-LM,bom_deep_7_3_15_5_No1_p20_ao69_am15_3_m30_ao69_am27_2,69,6,SATISFIED,1.3125,67163640.0,3773.47
SAL-Ei-LM,bom_deep_7_3_15_5_No1_p20_ao69_am15_3_m30_ao69_am27_2,69,7,SATISFIED,1.3147,65227129.0,3874.34
SAL-Ei-LM,bom_deep_7_3_15_5_No1_p20_ao69_am15_3_m30_ao69_am27_2,69,8,SATISFIED,1.3164,67912983.0,3849.44
SAL-Ei-LM,bom_deep_7_3_15_5_No1_p20_ao69_am15_3_m30_ao69_am27_2,69,9,SATISFIED,1.3202,65321070.0,3929.53
SAL-Ei-LM,bom_deep_7_3_15_5_No1_p20_ao69_am15_3_m30_ao69_am27_2,69,10,SATISFIED,1.3175,65702402.0,3956.03
SAL-Ei-LM,bom_deep_7_3_15_5_No1_p20_ao69_am15_3_m30_ao69_am27_5,69,1,SATISFIED,1.4007,59732075.0,3872.25
SAL-Ei-LM,bom_deep_7_3_15_5_No1_p20_ao69_am15_3_m30_ao69_am27_5,69,2,SATISFIED,1.2981,56877772.0,3756.72
SAL-Ei-LM,bom_deep_7_3_15_5_No1_p20_ao69_am15_3_m30_ao69_am27_5,69,3,SATISFIED,1.3109,58702373.0,3775.56
SAL-Ei-LM,bom_deep_7_3_15_5_No1_p20_ao69_am15_3_m30_ao69_am27_5,69,4,SATISFIED,1.3084,59121543.0,3813.97
SAL-Ei-LM,bom_deep_7_3_15_5_No1_p20_ao69_am15_3_m30_ao69_am27_5,69,5,SATISFIED,1.3137,55964753.0,3853.28
SAL-Ei-LM,bom_deep_7_3_15_5_No1_p20_ao69_am15_3_m30_ao69_am27_5,69,6,SATISFIED,1.3223,59198995.0,3816.94
SAL-Ei-LM,bom_deep_7_3_15_5_No1_p20_ao69_am15_3_m30_ao69_am27_5,69,7,SATISFIED,1.3142,58612475.0,3822.91
SAL-Ei-LM,bom_deep_7_3_15_5_No1_p20_ao69_am15_3_m30_ao69_am27_5,69,8,SATISFIED,1.4092,58284513.0,3850.22
SAL-Ei-LM,bom_deep_7_3_15_5_No1_p20_ao69_am15_3_m30_ao69_am27_5,69,9,SATISFIED,1.2955,56646280.0,3741.88
SAL-Ei-LM,bom_deep_7_3_15_5_No1_p20_ao69_am15_3_m30_ao69_am27_5,69,10,SATISFIED,1.3139,60034516.0,3797.75
SAL-Ei-LM,bom_deep_7_3_15_5_No1_p20_ao69_am15_3_m30_ao69_am30_3,69,1,SATISFIED,1.3118,100061002.0,3767.38
SAL-Ei-LM,bom_deep_7_3_15_5_No1_p20_ao69_am15_3_m30_ao69_am30_3,69,2,SATISFIED,1.3172,107623794.0,3806.59
SAL-Ei-LM,bom_deep_7_3_15_5_No1_p20_ao69_am15_3_m30_ao69_am30_3,69,3,SATISFIED,1.3043,102483578.0,3881.94
SAL-Ei-LM,bom_deep_7_3_15_5_No1_p20_ao69_am15_3_m30_ao69_am30_3,69,4,SATISFIED,1.4365,104290855.0,3866.38
SAL-Ei-LM,bom_deep_7_3_15_5_No1_p20_ao69_am15_3_m30_ao69_am30_3,69,5,SATISFIED,1.2935,107561765.0,3754.44
SAL-Ei-LM,bom_deep_7_3_15_5_No1_p20_ao69_am15_3_m30_ao69_am30_3,69,6,SATISFIED,1.3091,104707334.0,3790.75
SAL-Ei-LM,bom_deep_7_3_15_5_No1_p20_ao69_am15_3_m30_ao69_am30_3,69,7,SATISFIED,1.3124,102776101.0,3863.41
SAL-Ei-LM,bom_deep_7_3_15_5_No1_p20_ao69_am15_3_m30_ao69_am30_3,69,8,SATISFIED,1.317,105048889.0,3834.78
SAL-Ei-LM,bom_deep_7_3_15_5_No1_p20_ao69_am15_3_m30_ao69_am30_3,69,9,SATISFIED,1.3125,104382623.0,3832.88
SAL-Ei-LM,bom_deep_7_3_15_5_No1_p20_ao69_am15_3_m30_ao69_am30_3,69,10,SATISFIED,1.3125,104428660.0,3881.31
SAL-Ei-LM,bom_deep_7_3_15_5_No1_p20_ao69_am15_3_m30_ao69_am30_4,69,1,SATISFIED,1.3898,90239047.0,3846.69
SAL-Ei-LM,bom_deep_7_3_15_5_No1_p20_ao69_am15_3_m30_ao69_am30_4,69,2,SATISFIED,1.3013,92288310.0,3756.06
SAL-Ei-LM,bom_deep_7_3_15_5_No1_p20_ao69_am15_3_m30_ao69_am30_4,69,3,SATISFIED,1.3529,94321860.0,3828.25
SAL-Ei-LM,bom_deep_7_3_15_5_No1_p20_ao69_am15_3_m30_ao69_am30_4,69,4,SATISFIED,1.3455,89134498.0,3716.56
SAL-Ei-LM,bom_deep_7_3_15_5_No1_p20_ao69_am15_3_m30_ao69_am30_4,69,5,SATISFIED,1.3328,93740635.0,3739.59
SAL-Ei-LM,bom_deep_7_3_15_5_No1_p20_ao69_am15_3_m30_ao69_am30_4,69,6,SATISFIED,1.3333,93387127.0,3759.75
SAL-Ei-LM,bom_deep_7_3_15_5_No1_p20_ao69_am15_3_m30_ao69_am30_4,69,7,SATISFIED,1.4397,89811090.0,3720.88
SAL-Ei-LM,bom_deep_7_3_15_5_No1_p20_ao69_am15_3_m30_ao69_am30_4,69,8,SATISFIED,1.3293,91316474.0,3664.47
SAL-Ei-LM,bom_deep_7_3_15_5_No1_p20_ao69_am15_3_m30_ao69_am30_4,69,9,SATISFIED,1.3279,90643845.0,3700.88
SAL-Ei-LM,bom_deep_7_3_15_5_No1_p20_ao69_am15_3_m30_ao69_am30_4,69,10,SATISFIED,1.3351,90082045.0,3750.78
SAL-Ei-LM,bom_deep_7_3_15_5_No1_p20_ao69_am15_4,69,1,SATISFIED,1.3398,168047280.0,4180.31
SAL-Ei-LM,bom_deep_7_3_15_5_No1_p20_ao69_am15_4,69,2,SATISFIED,1.321,167972785.0,4203.44
SAL-Ei-LM,bom_deep_7_3_15_5_No1_p20_ao69_am15_4,69,3,SATISFIED,1.3442,168047815.0,4253.59
SAL-Ei-LM,bom_deep_7_3_15_5_No1_p20_ao69_am15_4,69,4,SATISFIED,1.4305,167992560.0,4341.78
SAL-Ei-LM,bom_deep_7_3_15_5_No1_p20_ao69_am15_4,69,5,SATISFIED,1.3121,168221730.0,4163.69
SAL-Ei-LM,bom_deep_7_3_15_5_No1_p20_ao69_am15_4,69,6,SATISFIED,1.3301,167967690.0,4249.25
SAL-Ei-LM,bom_deep_7_3_15_5_No1_p20_ao69_am15_4,69,7,SATISFIED,1.3295,167974035.0,4213.06
SAL-Ei-LM,bom_deep_7_3_15_5_No1_p20_ao69_am15_4,69,8,SATISFIED,1.3539,168086995.0,4265.84
SAL-Ei-LM,bom_deep_7_3_15_5_No1_p20_ao69_am15_4,69,9,SATISFIED,1.3571,168019085.0,4186.22
SAL-Ei-LM,bom_deep_7_3_15_5_No1_p20_ao69_am15_4,69,10,SATISFIED,1.3765,167990405.0,4163.97
SAL-Ei-LM,bom_deep_7_3_15_5_No1_p20_ao69_am15_4_m13_ao69_am13_1,69,1,SATISFIED,1.4167,104745425.0,4722.66
SAL-Ei-LM,bom_deep_7_3_15_5_No1_p20_ao69_am15_4_m13_ao69_am13_1,69,2,SATISFIED,1.2911,106500385.0,4664.66
SAL-Ei-LM,bom_deep_7_3_15_5_No1_p20_ao69_am15_4_m13_ao69_am13_1,69,3,SATISFIED,1.3214,105763116.0,4776.66
SAL-Ei-LM,bom_deep_7_3_15_5_No1_p20_ao69_am15_4_m13_ao69_am13_1,69,4,SATISFIED,1.3167,106415555.0,4726.16
SAL-Ei-LM,bom_deep_7_3_15_5_No1_p20_ao69_am15_4_m13_ao69_am13_1,69,5,SATISFIED,1.2316,105326190.0,5161.34
SAL-Ei-LM,bom_deep_7_3_15_5_No1_p20_ao69_am15_4_m13_ao69_am13_1,69,6,SATISFIED,1.1685,105280855.0,6439.5
SAL-Ei-LM,bom_deep_7_3_15_5_No1_p20_ao69_am15_4_m13_ao69_am13_1,69,7,SATISFIED,1.1732,104732475.0,7488.94
SAL-Ei-LM,bom_deep_7_3_15_5_No1_p20_ao69_am15_4_m13_ao69_am13_1,69,8,SATISFIED,1.1666,104945400.0,7653.06
SAL-Ei-LM,bom_deep_7_3_15_5_No1_p20_ao69_am15_4_m13_ao69_am13_1,69,9,SATISFIED,1.3304,105287372.0,6795.16
SAL-Ei-LM,bom_deep_7_3_15_5_No1_p20_ao69_am15_4_m13_ao69_am13_1,69,10,SATISFIED,1.2959,106508250.0,5350.62
SAL-Ei-LM,bom_deep_7_3_15_5_No1_p20_ao69_am15_4_m13_ao69_am13_2,69,1,SATISFIED,1.2931,188867800.0,4876.44
SAL-Ei-LM,bom_deep_7_3_15_5_No1_p20_ao69_am15_4_m13_ao69_am13_2,69,2,SATISFIED,1.3043,188873741.0,4915.38
SAL-Ei-LM,bom_deep_7_3_15_5_No1_p20_ao69_am15_4_m13_ao69_am13_2,69,3,SATISFIED,1.3221,188865185.0,4925.09
SAL-Ei-LM,bom_deep_7_3_15_5_No1_p20_ao69_am15_4_m13_ao69_am13_2,69,4,SATISFIED,1.3144,188872800.0,4923.44
SAL-Ei-LM,bom_deep_7_3_15_5_No1_p20_ao69_am15_4_m13_ao69_am13_2,69,5,SATISFIED,1.3107,188864475.0,4939.31
SAL-Ei-LM,bom_deep_7_3_15_5_No1_p20_ao69_am15_4_m13_ao69_am13_2,69,6,SATISFIED,1.3717,188869961.0,4962.28
SAL-Ei-LM,bom_deep_7_3_15_5_No1_p20_ao69_am15_4_m13_ao69_am13_2,69,7,SATISFIED,1.296,188863180.0,4797.72
SAL-Ei-LM,bom_deep_7_3_15_5_No1_p20_ao69_am15_4_m13_ao69_am13_2,69,8,SATISFIED,1.3088,188864240.0,4842.5
SAL-Ei-LM,bom_deep_7_3_15_5_No1_p20_ao69_am15_4_m13_ao69_am13_2,69,9,SATISFIED,1.3215,188872516.0,4879.81
SAL-Ei-LM,bom_deep_7_3_15_5_No1_p20_ao69_am15_4_m13_ao69_am13_2,69,10,SATISFIED,1.3113,188871451.0,4872.56
SAL-Ei-LM,bom_deep_7_3_15_5_No1_p20_ao69_am15_4_m13_ao69_am13_3,69,1,SATISFIED,1.3007,91684415.0,4563.0
SAL-Ei-LM,bom_deep_7_3_15_5_No1_p20_ao69_am15_4_m13_ao69_am13_3,69,2,SATISFIED,1.3161,91565326.0,4564.38
SAL-Ei-LM,bom_deep_7_3_15_5_No1_p20_ao69_am15_4_m13_ao69_am13_3,69,3,SATISFIED,1.3861,91104528.0,4448.19
SAL-Ei-LM,bom_deep_7_3_15_5_No1_p20_ao69_am15_4_m13_ao69_am13_3,69,4,SATISFIED,1.3069,91050777.0,4350.06
SAL-Ei-LM,bom_deep_7_3_15_5_No1_p20_ao69_am15_4_m13_ao69_am13_3,69,5,SATISFIED,1.3227,92769871.0,4398.59
SAL-Ei-LM,bom_deep_7_3_15_5_No1_p20_ao69_am15_4_m13_ao69_am13_3,69,6,SATISFIED,1.3322,90905485.0,4652.84
SAL-Ei-LM,bom_deep_7_3_15_5_No1_p20_ao69_am15_4_m13_ao69_am13_3,69,7,SATISFIED,1.3339,92043383.0,4656.84
SAL-Ei-LM,bom_deep_7_3_15_5_No1_p20_ao69_am15_4_m13_ao69_am13_3,69,8,SATISFIED,1.2997,91906981.0,4695.69
SAL-Ei-LM,bom_deep_7_3_15_5_No1_p20_ao69_am15_4_m13_ao69_am13_3,69,9,SATISFIED,1.3204,91386219.0,4669.16
SAL-Ei-LM,bom_deep_7_3_15_5_No1_p20_ao69_am15_4_m13_ao69_am13_3,69,10,SATISFIED,1.453,90653357.0,4675.69
SAL-Ei-LM,bom_deep_7_3_15_5_No1_p20_ao69_am15_4_m13_ao69_am13_4,69,1,SATISFIED,1.2983,145379545.0,4601.0
SAL-Ei-LM,bom_deep_7_3_15_5_No1_p20_ao69_am15_4_m13_ao69_am13_4,69,2,SATISFIED,1.3081,145151685.0,4779.12
SAL-Ei-LM,bom_deep_7_3_15_5_No1_p20_ao69_am15_4_m13_ao69_am13_4,69,3,SATISFIED,1.3212,145274687.0,4861.84
SAL-Ei-LM,bom_deep_7_3_15_5_No1_p20_ao69_am15_4_m13_ao69_am13_4,69,4,SATISFIED,1.3148,145215844.0,4881.0
SAL-Ei-LM,bom_deep_7_3_15_5_No1_p20_ao69_am15_4_m13_ao69_am13_4,69,5,SATISFIED,1.3144,145336722.0,4805.0
SAL-Ei-LM,bom_deep_7_3_15_5_No1_p20_ao69_am15_4_m13_ao69_am13_4,69,6,SATISFIED,1.3171,145559644.0,4800.5
SAL-Ei-LM,bom_deep_7_3_15_5_No1_p20_ao69_am15_4_m13_ao69_am13_4,69,7,SATISFIED,1.3123,145588415.0,4677.97
SAL-Ei-LM,bom_deep_7_3_15_5_No1_p20_ao69_am15_4_m13_ao69_am13_4,69,8,SATISFIED,1.3771,145259153.0,4693.06
SAL-Ei-LM,bom_deep_7_3_15_5_No1_p20_ao69_am15_4_m13_ao69_am13_4,69,9,SATISFIED,1.2993,145197100.0,4595.81
SAL-Ei-LM,bom_deep_7_3_15_5_No1_p20_ao69_am15_4_m13_ao69_am13_4,69,10,SATISFIED,1.3003,145607400.0,4753.19
SAL-Ei-LM,bom_deep_7_3_15_5_No1_p20_ao69_am15_4_m13_ao69_am13_5,69,1,SATISFIED,1.282,230555689.0,4624.75
SAL-Ei-LM,bom_deep_7_3_15_5_No1_p20_ao69_am15_4_m13_ao69_am13_5,69,2,SATISFIED,1.3081,230532246.0,4609.03
SAL-Ei-LM,bom_deep_7_3_15_5_No1_p20_ao69_am15_4_m13_ao69_am13_5,69,3,SATISFIED,1.3071,230546025.0,4649.84
SAL-Ei-LM,bom_deep_7_3_15_5_No1_p20_ao69_am15_4_m13_ao69_am13_5,69,4,SATISFIED,1.3196,230545245.0,4721.0
SAL-Ei-LM,bom_deep_7_3_15_5_No1_p20_ao69_am15_4_m13_ao69_am13_5,69,5,SATISFIED,1.3748,230539835.0,4682.16
SAL-Ei-LM,bom_deep_7_3_15_5_No1_p20_ao69_am15_4_m13_ao69_am13_5,69,6,SATISFIED,1.2963,230523215.0,4523.81
SAL-Ei-LM,bom_deep_7_3_15_5_No1_p20_ao69_am15_4_m13_ao69_am13_5,69,7,SATISFIED,1.3247,230541720.0,4602.81
SAL-Ei-LM,bom_deep_7_3_15_5_No1_p20_ao69_am15_4_m13_ao69_am13_5,69,8,SATISFIED,1.2972,230545295.0,4734.59
SAL-Ei-LM,bom_deep_7_3_15_5_No1_p20_ao69_am15_4_m13_ao69_am13_5,69,9,SATISFIED,1.3223,230546744.0,4654.94
SAL-Ei-LM,bom_deep_7_3_15_5_No1_p20_ao69_am15_4_m13_ao69_am13_5,69,10,SATISFIED,1.3163,230521516.0,4651.28
SAL-Ei-LM,bom_deep_7_3_15_5_No1_p20_ao69_am15_4_m30_ao69_am27_4,69,1,SATISFIED,1.3327,54154460.0,3869.66
SAL-Ei-LM,bom_deep_7_3_15_5_No1_p20_ao69_am15_4_m30_ao69_am27_4,69,2,SATISFIED,1.4088,55004786.0,3819.12
SAL-Ei-LM,bom_deep_7_3_15_5_No1_p20_ao69_am15_4_m30_ao69_am27_4,69,3,SATISFIED,1.3018,58314459.0,3740.78
SAL-Ei-LM,bom_deep_7_3_15_5_No1_p20_ao69_am15_4_m30_ao69_am27_4,69,4,SATISFIED,1.3203,55497389.0,3850.47
SAL-Ei-LM,bom_deep_7_3_15_5_No1_p20_ao69_am15_4_m30_ao69_am27_4,69,5,SATISFIED,1.3173,54379227.0,3870.31
SAL-Ei-LM,bom_deep_7_3_15_5_No1_p20_ao69_am15_4_m30_ao69_am27_4,69,6,SATISFIED,1.3238,55413587.0,3875.22
SAL-Ei-LM,bom_deep_7_3_15_5_No1_p20_ao69_am15_4_m30_ao69_am27_4,69,7,SATISFIED,1.326,55352251.0,3843.62
SAL-Ei-LM,bom_deep_7_3_15_5_No1_p20_ao69_am15_4_m30_ao69_am27_4,69,8,SATISFIED,1.3128,57988742.0,3861.56
SAL-Ei-LM,bom_deep_7_3_15_5_No1_p20_ao69_am15_4_m30_ao69_am27_4,69,9,SATISFIED,1.3613,54316281.0,3886.09
SAL-Ei-LM,bom_deep_7_3_15_5_No1_p20_ao69_am15_4_m30_ao69_am27_4,69,10,SATISFIED,1.3056,58659210.0,3872.12
SAL-Ei-LM,bom_deep_7_3_15_5_No1_p20_ao69_am15_4_m30_ao69_am29_2,69,1,SATISFIED,1.3052,59233404.0,3869.34
SAL-Ei-LM,bom_deep_7_3_15_5_No1_p20_ao69_am15_4_m30_ao69_am29_2,69,2,SATISFIED,1.2434,59602999.0,4120.84
SAL-Ei-LM,bom_deep_7_3_15_5_No1_p20_ao69_am15_4_m30_ao69_am29_2,69,3,SATISFIED,1.3164,60828010.0,3956.31
SAL-Ei-LM,bom_deep_7_3_15_5_No1_p20_ao69_am15_4_m30_ao69_am29_2,69,4,SATISFIED,1.3229,59715949.0,3971.47
SAL-Ei-LM,bom_deep_7_3_15_5_No1_p20_ao69_am15_4_m30_ao69_am29_2,69,5,SATISFIED,1.4077,60422470.0,3943.22
SAL-Ei-LM,bom_deep_7_3_15_5_No1_p20_ao69_am15_4_m30_ao69_am29_2,69,6,SATISFIED,1.3031,61616690.0,3814.47
SAL-Ei-LM,bom_deep_7_3_15_5_No1_p20_ao69_am15_4_m30_ao69_am29_2,69,7,SATISFIED,1.3185,59969292.0,3900.22
SAL-Ei-LM,bom_deep_7_3_15_5_No1_p20_ao69_am15_4_m30_ao69_am29_2,69,8,SATISFIED,1.3202,60657510.0,3962.81
SAL-Ei-LM,bom_deep_7_3_15_5_No1_p20_ao69_am15_4_m30_ao69_am29_2,69,9,SATISFIED,1.3074,60427365.0,3974.25
SAL-Ei-LM,bom_deep_7_3_15_5_No1_p20_ao69_am15_4_m30_ao69_am29_2,69,10,SATISFIED,1.313,59881284.0,3954.06
SAL-Ei-LM,bom_deep_7_3_15_5_No1_p20_ao69_am15_4_m30_ao69_am30_1,69,1,SATISFIED,1.316,57177010.0,3830.69
SAL-Ei-LM,bom_deep_7_3_15_5_No1_p20_ao69_am15_4_m30_ao69_am30_1,69,2,SATISFIED,1.3405,56788297.0,3887.59
SAL-Ei-LM,bom_deep_7_3_15_5_No1_p20_ao69_am15_4_m30_ao69_am30_1,69,3,SATISFIED,1.3005,54935435.0,3868.75
SAL-Ei-LM,bom_deep_7_3_15_5_No1_p20_ao69_am15_4_m30_ao69_am30_1,69,4,SATISFIED,1.3119,56863856.0,3936.44
SAL-Ei-LM,bom_deep_7_3_15_5_No1_p20_ao69_am15_4_m30_ao69_am30_1,69,5,SATISFIED,1.2967,55665913.0,3953.16
SAL-Ei-LM,bom_deep_7_3_15_5_No1_p20_ao69_am15_4_m30_ao69_am30_1,69,6,SATISFIED,1.3148,56607334.0,3878.38
SAL-Ei-LM,bom_deep_7_3_15_5_No1_p20_ao69_am15_4_m30_ao69_am30_1,69,7,SATISFIED,1.3089,54652335.0,3876.03
SAL-Ei-LM,bom_deep_7_3_15_5_No1_p20_ao69_am15_4_m30_ao69_am30_1,69,8,SATISFIED,1.4112,57444868.0,3872.72
SAL-Ei-LM,bom_deep_7_3_15_5_No1_p20_ao69_am15_4_m30_ao69_am30_1,69,9,SATISFIED,1.3054,56717246.0,3775.53
SAL-Ei-LM,bom_deep_7_3_15_5_No1_p20_ao69_am15_4_m30_ao69_am30_1,69,10,SATISFIED,1.3196,56738919.0,3857.12
SAL-Ei-LM,bom_deep_7_3_15_5_No1_p20_ao69_am15_4_m30_ao69_am30_3,69,1,SATISFIED,1.3008,83909485.0,3841.03
SAL-Ei-LM,bom_deep_7_3_15_5_No1_p20_ao69_am15_4_m30_ao69_am30_3,69,2,SATISFIED,1.3131,81989905.0,3854.84
SAL-Ei-LM,bom_deep_7_3_15_5_No1_p20_ao69_am15_4_m30_ao69_am30_3,69,3,SATISFIED,1.3174,85051514.0,3835.12
SAL-Ei-LM,bom_deep_7_3_15_5_No1_p20_ao69_am15_4_m30_ao69_am30_3,69,4,SATISFIED,1.371,85604132.0,4092.84
SAL-Ei-LM,bom_deep_7_3_15_5_No1_p20_ao69_am15_4_m30_ao69_am30_3,69,5,SATISFIED,1.2985,84216810.0,3738.12
SAL-Ei-LM,bom_deep_7_3_15_5_No1_p20_ao69_am15_4_m30_ao69_am30_3,69,6,SATISFIED,1.306,84921787.0,3853.5
SAL-Ei-LM,bom_deep_7_3_15_5_No1_p20_ao69_am15_4_m30_ao69_am30_3,69,7,SATISFIED,1.3152,82412875.0,3880.31
SAL-Ei-LM,bom_deep_7_3_15_5_No1_p20_ao69_am15_4_m30_ao69_am30_3,69,8,SATISFIED,1.3121,82199810.0,3909.16
SAL-Ei-LM,bom_deep_7_3_15_5_No1_p20_ao69_am15_4_m30_ao69_am30_3,69,9,SATISFIED,1.3084,84925080.0,3953.78
SAL-Ei-LM,bom_deep_7_3_15_5_No1_p20_ao69_am15_4_m30_ao69_am30_3,69,10,SATISFIED,1.3133,83490955.0,3875.47
SAL-Ei-LM,bom_deep_7_3_15_5_No1_p20_ao69_am15_4_m30_ao69_am30_5,69,1,SATISFIED,1.3009,108963421.0,3715.59
SAL-Ei-LM,bom_deep_7_3_15_5_No1_p20_ao69_am15_4_m30_ao69_am30_5,69,2,SATISFIED,1.306,109511184.0,3806.44
SAL-Ei-LM,bom_deep_7_3_15_5_No1_p20_ao69_am15_4_m30_ao69_am30_5,69,3,SATISFIED,1.3065,109131808.0,3834.84
SAL-Ei-LM,bom_deep_7_3_15_5_No1_p20_ao69_am15_4_m30_ao69_am30_5,69,4,SATISFIED,1.3107,108000593.0,3859.0
SAL-Ei-LM,bom_deep_7_3_15_5_No1_p20_ao69_am15_4_m30_ao69_am30_5,69,5,SATISFIED,1.3078,108881790.0,3840.94
SAL-Ei-LM,bom_deep_7_3_15_5_No1_p20_ao69_am15_4_m30_ao69_am30_5,69,6,SATISFIED,1.3129,108629456.0,3835.78
SAL-Ei-LM,bom_deep_7_3_15_5_No1_p20_ao69_am15_4_m30_ao69_am30_5,69,7,SATISFIED,1.3779,107845171.0,3919.62
SAL-Ei-LM,bom_deep_7_3_15_5_No1_p20_ao69_am15_4_m30_ao69_am30_5,69,8,SATISFIED,1.3061,107450430.0,3773.41
SAL-Ei-LM,bom_deep_7_3_15_5_No1_p20_ao69_am15_4_m30_ao69_am30_5,69,9,SATISFIED,1.308,107031672.0,3839.69
SAL-Ei-LM,bom_deep_7_3_15_5_No1_p20_ao69_am15_4_m30_ao69_am30_5,69,10,SATISFIED,1.3221,109205436.0,3874.81
SAL-Ei-LM,bom_deep_7_3_15_5_No1_p20_ao69_am15_5,69,1,SATISFIED,1.3021,131618565.0,4249.84
SAL-Ei-LM,bom_deep_7_3_15_5_No1_p20_ao69_am15_5,69,2,SATISFIED,1.3143,131621485.0,4259.53
SAL-Ei-LM,bom_deep_7_3_15_5_No1_p20_ao69_am15_5,69,3,SATISFIED,1.4483,131575780.0,4373.62
SAL-Ei-LM,bom_deep_7_3_15_5_No1_p20_ao69_am15_5,69,4,SATISFIED,1.2912,131521805.0,4116.12
SAL-Ei-LM,bom_deep_7_3_15_5_No1_p20_ao69_am15_5,69,5,SATISFIED,1.3093,131675600.0,4246.91
SAL-Ei-LM,bom_deep_7_3_15_5_No1_p20_ao69_am15_5,69,6,SATISFIED,1.3116,131532780.0,4287.06
SAL-Ei-LM,bom_deep_7_3_15_5_No1_p20_ao69_am15_5,69,7,SATISFIED,1.314,131579180.0,4282.28
SAL-Ei-LM,bom_deep_7_3_15_5_No1_p20_ao69_am15_5,69,8,SATISFIED,1.3184,131559965.0,4233.91
SAL-Ei-LM,bom_deep_7_3_15_5_No1_p20_ao69_am15_5,69,9,SATISFIED,1.3101,131621140.0,4256.84
SAL-Ei-LM,bom_deep_7_3_15_5_No1_p20_ao69_am15_5,69,10,SATISFIED,1.307,131547255.0,4286.72
SAL-Ei-LM,bom_deep_7_3_15_5_No1_p20_ao69_am15_5_m13_ao69_am13_1,69,1,SATISFIED,1.3447,168640540.0,4707.16
SAL-Ei-LM,bom_deep_7_3_15_5_No1_p20_ao69_am15_5_m13_ao69_am13_1,69,2,SATISFIED,1.3254,168904415.0,4757.22
SAL-Ei-LM,bom_deep_7_3_15_5_No1_p20_ao69_am15_5_m13_ao69_am13_1,69,3,SATISFIED,1.3306,168948570.0,4779.88
SAL-Ei-LM,bom_deep_7_3_15_5_No1_p20_ao69_am15_5_m13_ao69_am13_1,69,4,SATISFIED,1.3337,168740415.0,4747.34
SAL-Ei-LM,bom_deep_7_3_15_5_No1_p20_ao69_am15_5_m13_ao69_am13_1,69,5,SATISFIED,1.3393,168861320.0,4699.66
SAL-Ei-LM,bom_deep_7_3_15_5_No1_p20_ao69_am15_5_m13_ao69_am13_1,69,6,SATISFIED,1.3361,168852135.0,4719.53
SAL-Ei-LM,bom_deep_7_3_15_5_No1_p20_ao69_am15_5_m13_ao69_am13_1,69,7,SATISFIED,1.3252,168626300.0,4693.69
SAL-Ei-LM,bom_deep_7_3_15_5_No1_p20_ao69_am15_5_m13_ao69_am13_1,69,8,SATISFIED,1.3596,168693830.0,4734.56
SAL-Ei-LM,bom_deep_7_3_15_5_No1_p20_ao69_am15_5_m13_ao69_am13_1,69,9,SATISFIED,1.2321,168669770.0,5030.59
SAL-Ei-LM,bom_deep_7_3_15_5_No1_p20_ao69_am15_5_m13_ao69_am13_1,69,10,SATISFIED,1.3403,168787575.0,4986.22
SAL-Ei-LM,bom_deep_7_3_15_5_No1_p20_ao69_am15_5_m13_ao69_am13_2,69,1,SATISFIED,1.3143,64577809.0,4576.53
SAL-Ei-LM,bom_deep_7_3_15_5_No1_p20_ao69_am15_5_m13_ao69_am13_2,69,2,SATISFIED,1.3221,67432505.0,4544.88
SAL-Ei-LM,bom_deep_7_3_15_5_No1_p20_ao69_am15_5_m13_ao69_am13_2,69,3,SATISFIED,1.3069,65220413.0,4561.44
SAL-Ei-LM,bom_deep_7_3_15_5_No1_p20_ao69_am15_5_m13_ao69_am13_2,69,4,SATISFIED,1.3191,65599010.0,4612.56
SAL-Ei-LM,bom_deep_7_3_15_5_No1_p20_ao69_am15_5_m13_ao69_am13_2,69,5,SATISFIED,1.4281,64683980.0,4641.78
SAL-Ei-LM,bom_deep_7_3_15_5_No1_p20_ao69_am15_5_m13_ao69_am13_2,69,6,SATISFIED,1.2921,63813058.0,4509.88
SAL-Ei-LM,bom_deep_7_3_15_5_No1_p20_ao69_am15_5_m13_ao69_am13_2,69,7,SATISFIED,1.3103,64409691.0,4631.66
SAL-Ei-LM,bom_deep_7_3_15_5_No1_p20_ao69_am15_5_m13_ao69_am13_2,69,8,SATISFIED,1.3036,64225776.0,4663.28
SAL-Ei-LM,bom_deep_7_3_15_5_No1_p20_ao69_am15_5_m13_ao69_am13_2,69,9,SATISFIED,1.3092,63428760.0,4635.0
SAL-Ei-LM,bom_deep_7_3_15_5_No1_p20_ao69_am15_5_m13_ao69_am13_2,69,10,SATISFIED,1.3086,65061915.0,4687.09
SAL-Ei-LM,bom_deep_7_3_15_5_No1_p20_ao69_am15_5_m13_ao69_am13_3,69,1,SATISFIED,1.3081,111555089.0,4782.09
SAL-Ei-LM,bom_deep_7_3_15_5_No1_p20_ao69_am15_5_m13_ao69_am13_3,69,2,SATISFIED,1.3069,111577648.0,4686.31
SAL-Ei-LM,bom_deep_7_3_15_5_No1_p20_ao69_am15_5_m13_ao69_am13_3,69,3,SATISFIED,1.3485,111557513.0,4692.12
SAL-Ei-LM,bom_deep_7_3_15_5_No1_p20_ao69_am15_5_m13_ao69_am13_3,69,4,SATISFIED,1.3018,111554414.0,4692.09
SAL-Ei-LM,bom_deep_7_3_15_5_No1_p20_ao69_am15_5_m13_ao69_am13_3,69,5,SATISFIED,1.2977,111556607.0,4646.41
SAL-Ei-LM,bom_deep_7_3_15_5_No1_p20_ao69_am15_5_m13_ao69_am13_3,69,6,SATISFIED,1.3098,111534022.0,4636.91
SAL-Ei-LM,bom_deep_7_3_15_5_No1_p20_ao69_am15_5_m13_ao69_am13_3,69,7,SATISFIED,1.3028,111538641.0,4675.22
SAL-Ei-LM,bom_deep_7_3_15_5_No1_p20_ao69_am15_5_m13_ao69_am13_3,69,8,SATISFIED,1.3092,111524629.0,4730.44
SAL-Ei-LM,bom_deep_7_3_15_5_No1_p20_ao69_am15_5_m13_ao69_am13_3,69,9,SATISFIED,1.2987,111541262.0,4717.94
SAL-Ei-LM,bom_deep_7_3_15_5_No1_p20_ao69_am15_5_m13_ao69_am13_3,69,10,SATISFIED,1.3765,111571778.0,4719.56
SAL-Ei-LM,bom_deep_7_3_15_5_No1_p20_ao69_am15_5_m13_ao69_am13_4,69,1,SATISFIED,1.299,217996220.0,4583.12
SAL-Ei-LM,bom_deep_7_3_15_5_No1_p20_ao69_am15_5_m13_ao69_am13_4,69,2,SATISFIED,1.3099,218099740.0,4719.44
SAL-Ei-LM,bom_deep_7_3_15_5_No1_p20_ao69_am15_5_m13_ao69_am13_4,69,3,SATISFIED,1.3203,218000695.0,4750.75
SAL-Ei-LM,bom_deep_7_3_15_5_No1_p20_ao69_am15_5_m13_ao69_am13_4,69,4,SATISFIED,1.3214,217937195.0,4705.91
SAL-Ei-LM,bom_deep_7_3_15_5_No1_p20_ao69_am15_5_m13_ao69_am13_4,69,5,SATISFIED,1.314,217997375.0,4760.03
SAL-Ei-LM,bom_deep_7_3_15_5_No1_p20_ao69_am15_5_m13_ao69_am13_4,69,6,SATISFIED,1.3244,218100200.0,4710.53
SAL-Ei-LM,bom_deep_7_3_15_5_No1_p20_ao69_am15_5_m13_ao69_am13_4,69,7,SATISFIED,1.4108,218099345.0,4760.06
SAL-Ei-LM,bom_deep_7_3_15_5_No1_p20_ao69_am15_5_m13_ao69_am13_4,69,8,SATISFIED,1.295,218104565.0,4667.75
SAL-Ei-LM,bom_deep_7_3_15_5_No1_p20_ao69_am15_5_m13_ao69_am13_4,69,9,SATISFIED,1.3084,218103330.0,4751.91
SAL-Ei-LM,bom_deep_7_3_15_5_No1_p20_ao69_am15_5_m13_ao69_am13_4,69,10,SATISFIED,1.3123,217938415.0,4731.81
SAL-Ei-LM,bom_deep_7_3_15_5_No1_p20_ao69_am15_5_m13_ao69_am13_5,69,1,SATISFIED,1.3148,262572675.0,4943.5
SAL-Ei-LM,bom_deep_7_3_15_5_No1_p20_ao69_am15_5_m13_ao69_am13_5,69,2,SATISFIED,1.3135,262313170.0,5009.5
SAL-Ei-LM,bom_deep_7_3_15_5_No1_p20_ao69_am15_5_m13_ao69_am13_5,69,3,SATISFIED,1.3186,262259395.0,4989.78
SAL-Ei-LM,bom_deep_7_3_15_5_No1_p20_ao69_am15_5_m13_ao69_am13_5,69,4,SATISFIED,1.3118,262994790.0,4990.03
SAL-Ei-LM,bom_deep_7_3_15_5_No1_p20_ao69_am15_5_m13_ao69_am13_5,69,5,SATISFIED,1.3085,263237665.0,4868.0
SAL-Ei-LM,bom_deep_7_3_15_5_No1_p20_ao69_am15_5_m13_ao69_am13_5,69,6,SATISFIED,1.3163,262696585.0,4977.0
SAL-Ei-LM,bom_deep_7_3_15_5_No1_p20_ao69_am15_5_m13_ao69_am13_5,69,7,SATISFIED,1.3181,261662450.0,5024.59
SAL-Ei-LM,bom_deep_7_3_15_5_No1_p20_ao69_am15_5_m13_ao69_am13_5,69,8,SATISFIED,1.3231,261658435.0,4942.09
SAL-Ei-LM,bom_deep_7_3_15_5_No1_p20_ao69_am15_5_m13_ao69_am13_5,69,9,SATISFIED,1.3234,262283265.0,4942.62
SAL-Ei-LM,bom_deep_7_3_15_5_No1_p20_ao69_am15_5_m13_ao69_am13_5,69,10,SATISFIED,1.3172,262749480.0,4992.5
SAL-Ei-LM,bom_deep_7_3_15_5_No1_p20_ao69_am15_5_m30_ao69_am25_2,69,1,SATISFIED,1.3151,90500102.0,3826.09
SAL-Ei-LM,bom_deep_7_3_15_5_No1_p20_ao69_am15_5_m30_ao69_am25_2,69,2,SATISFIED,1.3566,89149182.0,3850.03
SAL-Ei-LM,bom_deep_7_3_15_5_No1_p20_ao69_am15_5_m30_ao69_am25_2,69,3,SATISFIED,1.3196,89446266.0,3782.66
SAL-Ei-LM,bom_deep_7_3_15_5_No1_p20_ao69_am15_5_m30_ao69_am25_2,69,4,SATISFIED,1.3118,90368628.0,3855.12
SAL-Ei-LM,bom_deep_7_3_15_5_No1_p20_ao69_am15_5_m30_ao69_am25_2,69,5,SATISFIED,1.3042,89629697.0,3906.06
SAL-Ei-LM,bom_deep_7_3_15_5_No1_p20_ao69_am15_5_m30_ao69_am25_2,69,6,SATISFIED,1.3169,89178545.0,3822.66
SAL-Ei-LM,bom_deep_7_3_15_5_No1_p20_ao69_am15_5_m30_ao69_am25_2,69,7,SATISFIED,1.3172,89133116.0,3819.12
SAL-Ei-LM,bom_deep_7_3_15_5_No1_p20_ao69_am15_5_m30_ao69_am25_2,69,8,SATISFIED,1.2139,90233890.0,4158.16
SAL-Ei-LM,bom_deep_7_3_15_5_No1_p20_ao69_am15_5_m30_ao69_am25_2,69,9,SATISFIED,1.3468,89063322.0,4182.19
SAL-Ei-LM,bom_deep_7_3_15_5_No1_p20_ao69_am15_5_m30_ao69_am25_2,69,10,SATISFIED,1.3091,90460886.0,3908.0
SAL-Ei-LM,bom_deep_7_3_15_5_No1_p20_ao69_am15_5_m30_ao69_am26_4,69,1,SATISFIED,1.2977,68779420.0,3890.03
SAL-Ei-LM,bom_deep_7_3_15_5_No1_p20_ao69_am15_5_m30_ao69_am26_4,69,2,SATISFIED,1.3058,71086245.0,3889.06
SAL-Ei-LM,bom_deep_7_3_15_5_No1_p20_ao69_am15_5_m30_ao69_am26_4,69,3,SATISFIED,1.3067,69286503.0,3926.31
SAL-Ei-LM,bom_deep_7_3_15_5_No1_p20_ao69_am15_5_m30_ao69_am26_4,69,4,SATISFIED,1.3149,70099201.0,3818.31
SAL-Ei-LM,bom_deep_7_3_15_5_No1_p20_ao69_am15_5_m30_ao69_am26_4,69,5,SATISFIED,1.4135,70748383.0,3832.53
SAL-Ei-LM,bom_deep_7_3_15_5_No1_p20_ao69_am15_5_m30_ao69_am26_4,69,6,SATISFIED,1.296,69876904.0,3705.06
SAL-Ei-LM,bom_deep_7_3_15_5_No1_p20_ao69_am15_5_m30_ao69_am26_4,69,7,SATISFIED,1.3066,70310686.0,3786.5
SAL-Ei-LM,bom_deep_7_3_15_5_No1_p20_ao69_am15_5_m30_ao69_am26_4,69,8,SATISFIED,1.3109,68714610.0,3837.38
SAL-Ei-LM,bom_deep_7_3_15_5_No1_p20_ao69_am15_5_m30_ao69_am26_4,69,9,SATISFIED,1.3084,68654545.0,3845.28
SAL-Ei-LM,bom_deep_7_3_15_5_No1_p20_ao69_am15_5_m30_ao69_am26_4,69,10,SATISFIED,1.318,70300410.0,3813.91
SAL-Ei-LM,bom_deep_7_3_15_5_No1_p20_ao69_am15_5_m30_ao69_am27_3,69,1,SATISFIED,1.308,122875683.0,3808.97
SAL-Ei-LM,bom_deep_7_3_15_5_No1_p20_ao69_am15_5_m30_ao69_am27_3,69,2,SATISFIED,1.3557,128338547.0,3856.44
SAL-Ei-LM,bom_deep_7_3_15_5_No1_p20_ao69_am15_5_m30_ao69_am27_3,69,3,SATISFIED,1.3052,127759634.0,3759.28
SAL-Ei-LM,bom_deep_7_3_15_5_No1_p20_ao69_am15_5_m30_ao69_am27_3,69,4,SATISFIED,1.3129,124835011.0,3808.75
SAL-Ei-LM,bom_deep_7_3_15_5_No1_p20_ao69_am15_5_m30_ao69_am27_3,69,5,SATISFIED,1.311,130400463.0,3918.47
SAL-Ei-LM,bom_deep_7_3_15_5_No1_p20_ao69_am15_5_m30_ao69_am27_3,69,6,SATISFIED,1.3135,127451795.0,3922.09
SAL-Ei-LM,bom_deep_7_3_15_5_No1_p20_ao69_am15_5_m30_ao69_am27_3,69,7,SATISFIED,1.3115,128740786.0,3910.72
SAL-Ei-LM,bom_deep_7_3_15_5_No1_p20_ao69_am15_5_m30_ao69_am27_3,69,8,SATISFIED,1.4034,133358311.0,3921.09
SAL-Ei-LM,bom_deep_7_3_15_5_No1_p20_ao69_am15_5_m30_ao69_am27_3,69,9,SATISFIED,1.2954,123377967.0,3832.31
SAL-Ei-LM,bom_deep_7_3_15_5_No1_p20_ao69_am15_5_m30_ao69_am27_3,69,10,SATISFIED,1.3001,130508109.0,3906.69
SAL-Ei-LM,bom_deep_7_3_15_5_No1_p20_ao69_am15_5_m30_ao69_am28_1,69,1,SATISFIED,1.3092,59841814.0,3837.06
SAL-Ei-LM,bom_deep_7_3_15_5_No1_p20_ao69_am15_5_m30_ao69_am28_1,69,2,SATISFIED,1.3118,59144260.0,3839.78
SAL-Ei-LM,bom_deep_7_3_15_5_No1_p20_ao69_am15_5_m30_ao69_am28_1,69,3,SATISFIED,1.3137,62193586.0,3882.84
SAL-Ei-LM,bom_deep_7_3_15_5_No1_p20_ao69_am15_5_m30_ao69_am28_1,69,4,SATISFIED,1.3143,58581835.0,3879.66
SAL-Ei-LM,bom_deep_7_3_15_5_No1_p20_ao69_am15_5_m30_ao69_am28_1,69,5,SATISFIED,1.3792,57281390.0,3848.06
SAL-Ei-LM,bom_deep_7_3_15_5_No1_p20_ao69_am15_5_m30_ao69_am28_1,69,6,SATISFIED,1.3031,58791974.0,3744.81
SAL-Ei-LM,bom_deep_7_3_15_5_No1_p20_ao69_am15_5_m30_ao69_am28_1,69,7,SATISFIED,1.3087,59975375.0,3810.53
SAL-Ei-LM,bom_deep_7_3_15_5_No1_p20_ao69_am15_5_m30_ao69_am28_1,69,8,SATISFIED,1.3175,58122423.0,3833.53
SAL-Ei-LM,bom_deep_7_3_15_5_No1_p20_ao69_am15_5_m30_ao69_am28_1,69,9,SATISFIED,1.3162,58513853.0,3836.19
SAL-Ei-LM,bom_deep_7_3_15_5_No1_p20_ao69_am15_5_m30_ao69_am28_1,69,10,SATISFIED,1.3146,60652607.0,3833.53
SAL-Ei-LM,bom_deep_7_3_15_5_No1_p20_ao69_am15_5_m30_ao69_am29_5,69,1,SATISFIED,1.3783,115802172.0,3778.97
SAL-Ei-LM,bom_deep_7_3_15_5_No1_p20_ao69_am15_5_m30_ao69_am29_5,69,2,SATISFIED,1.3104,114900063.0,3720.59
SAL-Ei-LM,bom_deep_7_3_15_5_No1_p20_ao69_am15_5_m30_ao69_am29_5,69,3,SATISFIED,1.2997,116646071.0,3892.03
SAL-Ei-LM,bom_deep_7_3_15_5_No1_p20_ao69_am15_5_m30_ao69_am29_5,69,4,SATISFIED,1.3091,113408140.0,3838.34
SAL-Ei-LM,bom_deep_7_3_15_5_No1_p20_ao69_am15_5_m30_ao69_am29_5,69,5,SATISFIED,1.2993,115675239.0,3908.47
SAL-Ei-LM,bom_deep_7_3_15_5_No1_p20_ao69_am15_5_m30_ao69_am29_5,69,6,SATISFIED,1.3173,112646740.0,3854.16
SAL-Ei-LM,bom_deep_7_3_15_5_No1_p20_ao69_am15_5_m30_ao69_am29_5,69,7,SATISFIED,1.3063,115697348.0,3884.59
SAL-Ei-LM,bom_deep_7_3_15_5_No1_p20_ao69_am15_5_m30_ao69_am29_5,69,8,SATISFIED,1.3496,116344033.0,3923.22
SAL-Ei-LM,bom_deep_7_3_15_5_No1_p20_ao69_am15_5_m30_ao69_am29_5,69,9,SATISFIED,1.2954,114607456.0,3811.47
SAL-Ei-LM,bom_deep_7_3_15_5_No1_p20_ao69_am15_5_m30_ao69_am29_5,69,10,SATISFIED,1.31,116554857.0,3869.62
SAL-Ei-LM,bom_deep_7_3_15_5_No1_p30_ao75_am15_1,75,1,SATISFIED,1.3208,122481845.0,4190.84
SAL-Ei-LM,bom_deep_7_3_15_5_No1_p30_ao75_am15_1,75,2,SATISFIED,1.2735,122520735.0,4367.75
SAL-Ei-LM,bom_deep_7_3_15_5_No1_p30_ao75_am15_1,75,3,SATISFIED,1.3387,122496680.0,4258.06
SAL-Ei-LM,bom_deep_7_3_15_5_No1_p30_ao75_am15_1,75,4,SATISFIED,1.4074,122477380.0,4248.59
SAL-Ei-LM,bom_deep_7_3_15_5_No1_p30_ao75_am15_1,75,5,SATISFIED,1.3226,122526105.0,4148.06
SAL-Ei-LM,bom_deep_7_3_15_5_No1_p30_ao75_am15_1,75,6,SATISFIED,1.3367,122472740.0,4211.06
SAL-Ei-LM,bom_deep_7_3_15_5_No1_p30_ao75_am15_1,75,7,SATISFIED,1.3364,122483525.0,4269.0
SAL-Ei-LM,bom_deep_7_3_15_5_No1_p30_ao75_am15_1,75,8,SATISFIED,1.3386,122485530.0,4234.28
SAL-Ei-LM,bom_deep_7_3_15_5_No1_p30_ao75_am15_1,75,9,SATISFIED,1.3522,122488275.0,4211.72
SAL-Ei-LM,bom_deep_7_3_15_5_No1_p30_ao75_am15_1,75,10,SATISFIED,1.3388,122536120.0,4247.31
SAL-Ei-LM,bom_deep_7_3_15_5_No1_p30_ao75_am15_1_m10_ao75_am10_1,75,1,SATISFIED,1.3552,106840441.0,4985.59
SAL-Ei-LM,bom_deep_7_3_15_5_No1_p30_ao75_am15_1_m10_ao75_am10_1,75,2,SATISFIED,1.3311,106841800.0,4705.94
SAL-Ei-LM,bom_deep_7_3_15_5_No1_p30_ao75_am15_1_m10_ao75_am10_1,75,3,SATISFIED,1.3409,106838088.0,4772.88
SAL-Ei-LM,bom_deep_7_3_15_5_No1_p30_ao75_am15_1_m10_ao75_am10_1,75,4,SATISFIED,1.3379,106845655.0,4757.44
SAL-Ei-LM,bom_deep_7_3_15_5_No1_p30_ao75_am15_1_m10_ao75_am10_1,75,5,SATISFIED,1.3577,106841403.0,4730.72
SAL-Ei-LM,bom_deep_7_3_15_5_No1_p30_ao75_am15_1_m10_ao75_am10_1,75,6,SATISFIED,1.3313,106838605.0,4729.69
SAL-Ei-LM,bom_deep_7_3_15_5_No1_p30_ao75_am15_1_m10_ao75_am10_1,75,7,SATISFIED,1.366,106837698.0,4785.78
SAL-Ei-LM,bom_deep_7_3_15_5_No1_p30_ao75_am15_1_m10_ao75_am10_1,75,8,SATISFIED,1.4831,106842898.0,4695.38
SAL-Ei-LM,bom_deep_7_3_15_5_No1_p30_ao75_am15_1_m10_ao75_am10_1,75,9,SATISFIED,1.2553,106842806.0,4642.66
SAL-Ei-LM,bom_deep_7_3_15_5_No1_p30_ao75_am15_1_m10_ao75_am10_1,75,10,SATISFIED,1.3456,106834598.0,4698.25
SAL-Ei-LM,bom_deep_7_3_15_5_No1_p30_ao75_am15_1_m10_ao75_am10_2,75,1,SATISFIED,1.3513,158307189.0,4801.06
SAL-Ei-LM,bom_deep_7_3_15_5_No1_p30_ao75_am15_1_m10_ao75_am10_2,75,2,SATISFIED,1.3705,158197726.0,4806.19
SAL-Ei-LM,bom_deep_7_3_15_5_No1_p30_ao75_am15_1_m10_ao75_am10_2,75,3,SATISFIED,1.3611,158209729.0,4829.72
SAL-Ei-LM,bom_deep_7_3_15_5_No1_p30_ao75_am15_1_m10_ao75_am10_2,75,4,SATISFIED,1.3642,158236742.0,4783.09
SAL-Ei-LM,bom_deep_7_3_15_5_No1_p30_ao75_am15_1_m10_ao75_am10_2,75,5,SATISFIED,1.3267,158217760.0,4937.62
SAL-Ei-LM,bom_deep_7_3_15_5_No1_p30_ao75_am15_1_m10_ao75_am10_2,75,6,SATISFIED,1.3711,158234023.0,4936.91
SAL-Ei-LM,bom_deep_7_3_15_5_No1_p30_ao75_am15_1_m10_ao75_am10_2,75,7,SATISFIED,1.3228,158198444.0,4830.12
SAL-Ei-LM,bom_deep_7_3_15_5_No1_p30_ao75_am15_1_m10_ao75_am10_2,75,8,SATISFIED,1.3222,158193593.0,4932.56
SAL-Ei-LM,bom_deep_7_3_15_5_No1_p30_ao75_am15_1_m10_ao75_am10_2,75,9,SATISFIED,1.3158,158220039.0,4989.53
SAL-Ei-LM,bom_deep_7_3_15_5_No1_p30_ao75_am15_1_m10_ao75_am10_2,75,10,SATISFIED,1.3222,158209889.0,5058.0
SAL-Ei-LM,bom_deep_7_3_15_5_No1_p30_ao75_am15_1_m10_ao75_am10_3,75,1,SATISFIED,1.3239,121535195.0,4551.34
SAL-Ei-LM,bom_deep_7_3_15_5_No1_p30_ao75_am15_1_m10_ao75_am10_3,75,2,SATISFIED,1.3316,123568558.0,4581.72
SAL-Ei-LM,bom_deep_7_3_15_5_No1_p30_ao75_am15_1_m10_ao75_am10_3,75,3,SATISFIED,1.3933,122460270.0,4599.78
SAL-Ei-LM,bom_deep_7_3_15_5_No1_p30_ao75_am15_1_m10_ao75_am10_3,75,4,SATISFIED,1.3068,122745120.0,4514.47
SAL-Ei-LM,bom_deep_7_3_15_5_No1_p30_ao75_am15_1_m10_ao75_am10_3,75,5,SATISFIED,1.3105,122928360.0,4598.19
SAL-Ei-LM,bom_deep_7_3_15_5_No1_p30_ao75_am15_1_m10_ao75_am10_3,75,6,SATISFIED,1.3116,122217615.0,4642.62
SAL-Ei-LM,bom_deep_7_3_15_5_No1_p30_ao75_am15_1_m10_ao75_am10_3,75,7,SATISFIED,1.3155,122850125.0,4656.0
SAL-Ei-LM,bom_deep_7_3_15_5_No1_p30_ao75_am15_1_m10_ao75_am10_3,75,8,SATISFIED,1.3186,122669905.0,4624.34
SAL-Ei-LM,bom_deep_7_3_15_5_No1_p30_ao75_am15_1_m10_ao75_am10_3,75,9,SATISFIED,1.3306,122848490.0,4584.69
SAL-Ei-LM,bom_deep_7_3_15_5_No1_p30_ao75_am15_1_m10_ao75_am10_3,75,10,SATISFIED,1.4122,122854280.0,4585.16
SAL-Ei-LM,bom_deep_7_3_15_5_No1_p30_ao75_am15_1_m10_ao75_am10_4,75,1,SATISFIED,1.314,81357910.0,4346.66
SAL-Ei-LM,bom_deep_7_3_15_5_No1_p30_ao75_am15_1_m10_ao75_am10_4,75,2,SATISFIED,1.3113,81315516.0,4449.31
SAL-Ei-LM,bom_deep_7_3_15_5_No1_p30_ao75_am15_1_m10_ao75_am10_4,75,3,SATISFIED,1.3242,81336982.0,4459.91
SAL-Ei-LM,bom_deep_7_3_15_5_No1_p30_ao75_am15_1_m10_ao75_am10_4,75,4,SATISFIED,1.3211,81315855.0,4480.66
SAL-Ei-LM,bom_deep_7_3_15_5_No1_p30_ao75_am15_1_m10_ao75_am10_4,75,5,SATISFIED,1.3166,81328650.0,4531.12
SAL-Ei-LM,bom_deep_7_3_15_5_No1_p30_ao75_am15_1_m10_ao75_am10_4,75,6,SATISFIED,1.3246,81320379.0,4486.0
SAL-Ei-LM,bom_deep_7_3_15_5_No1_p30_ao75_am15_1_m10_ao75_am10_4,75,7,SATISFIED,1.4232,81325424.0,4489.03
SAL-Ei-LM,bom_deep_7_3_15_5_No1_p30_ao75_am15_1_m10_ao75_am10_4,75,8,SATISFIED,1.3138,81322669.0,4421.62
SAL-Ei-LM,bom_deep_7_3_15_5_No1_p30_ao75_am15_1_m10_ao75_am10_4,75,9,SATISFIED,1.3239,81314560.0,4493.22
SAL-Ei-LM,bom_deep_7_3_15_5_No1_p30_ao75_am15_1_m10_ao75_am10_4,75,10,SATISFIED,1.3347,81360779.0,4463.94
SAL-Ei-LM,bom_deep_7_3_15_5_No1_p30_ao75_am15_1_m10_ao75_am10_5,75,1,SATISFIED,1.3231,66486365.0,4353.62
SAL-Ei-LM,bom_deep_7_3_15_5_No1_p30_ao75_am15_1_m10_ao75_am10_5,75,2,SATISFIED,1.3158,67309952.0,4422.22
SAL-Ei-LM,bom_deep_7_3_15_5_No1_p30_ao75_am15_1_m10_ao75_am10_5,75,3,SATISFIED,1.322,67064257.0,4409.19
SAL-Ei-LM,bom_deep_7_3_15_5_No1_p30_ao75_am15_1_m10_ao75_am10_5,75,4,SATISFIED,1.3221,65884426.0,4435.28
SAL-Ei-LM,bom_deep_7_3_15_5_No1_p30_ao75_am15_1_m10_ao75_am10_5,75,5,SATISFIED,1.3124,65263308.0,4706.72
SAL-Ei-LM,bom_deep_7_3_15_5_No1_p30_ao75_am15_1_m10_ao75_am10_5,75,6,SATISFIED,1.3118,64435689.0,4373.56
SAL-Ei-LM,bom_deep_7_3_15_5_No1_p30_ao75_am15_1_m10_ao75_am10_5,75,7,SATISFIED,1.3233,66483578.0,4446.78
SAL-Ei-LM,bom_deep_7_3_15_5_No1_p30_ao75_am15_1_m10_ao75_am10_5,75,8,SATISFIED,1.3212,66065146.0,4505.94
SAL-Ei-LM,bom_deep_7_3_15_5_No1_p30_ao75_am15_1_m10_ao75_am10_5,75,9,SATISFIED,1.3242,65181616.0,4491.84
SAL-Ei-LM,bom_deep_7_3_15_5_No1_p30_ao75_am15_1_m10_ao75_am10_5,75,10,SATISFIED,1.3323,65150270.0,4433.47
SAL-Ei-LM,bom_deep_7_3_15_5_No1_p30_ao75_am15_1_m30_ao75_am24_1,75,1,SATISFIED,1.343,66590075.0,4188.84
SAL-Ei-LM,bom_deep_7_3_15_5_No1_p30_ao75_am15_1_m30_ao75_am24_1,75,2,SATISFIED,1.3735,67822677.0,4203.53
SAL-Ei-LM,bom_deep_7_3_15_5_No1_p30_ao75_am15_1_m30_ao75_am24_1,75,3,SATISFIED,1.3326,67201500.0,4143.31
SAL-Ei-LM,bom_deep_7_3_15_5_No1_p30_ao75_am15_1_m30_ao75_am24_1,75,4,SATISFIED,1.3411,67189936.0,4212.94
SAL-Ei-LM,bom_deep_7_3_15_5_No1_p30_ao75_am15_1_m30_ao75_am24_1,75,5,SATISFIED,1.3421,67089035.0,4252.56
SAL-Ei-LM,bom_deep_7_3_15_5_No1_p30_ao75_am15_1_m30_ao75_am24_1,75,6,SATISFIED,1.3301,66879879.0,4279.03
SAL-Ei-LM,bom_deep_7_3_15_5_No1_p30_ao75_am15_1_m30_ao75_am24_1,75,7,SATISFIED,1.3393,67370889.0,4218.56
SAL-Ei-LM,bom_deep_7_3_15_5_No1_p30_ao75_am15_1_m30_ao75_am24_1,75,8,SATISFIED,1.4023,67360997.0,4224.5
SAL-Ei-LM,bom_deep_7_3_15_5_No1_p30_ao75_am15_1_m30_ao75_am24_1,75,9,SATISFIED,1.3271,67313789.0,4181.84
SAL-Ei-LM,bom_deep_7_3_15_5_No1_p30_ao75_am15_1_m30_ao75_am24_1,75,10,SATISFIED,1.3279,67915561.0,4262.19
SAL-Ei-LM,bom_deep_7_3_15_5_No1_p30_ao75_am15_1_m30_ao75_am25_5,75,1,SATISFIED,1.3273,87679458.0,4272.25
SAL-Ei-LM,bom_deep_7_3_15_5_No1_p30_ao75_am15_1_m30_ao75_am25_5,75,2,SATISFIED,1.3367,87695418.0,4321.12
SAL-Ei-LM,bom_deep_7_3_15_5_No1_p30_ao75_am15_1_m30_ao75_am25_5,75,3,SATISFIED,1.2415,87529525.0,4501.72
SAL-Ei-LM,bom_deep_7_3_15_5_No1_p30_ao75_am15_1_m30_ao75_am25_5,75,4,SATISFIED,1.4114,87680735.0,4392.56
SAL-Ei-LM,bom_deep_7_3_15_5_No1_p30_ao75_am15_1_m30_ao75_am25_5,75,5,SATISFIED,1.3199,86959090.0,4253.56
SAL-Ei-LM,bom_deep_7_3_15_5_No1_p30_ao75_am15_1_m30_ao75_am25_5,75,6,SATISFIED,1.3359,87129749.0,4305.38
SAL-Ei-LM,bom_deep_7_3_15_5_No1_p30_ao75_am15_1_m30_ao75_am25_5,75,7,SATISFIED,1.3446,86834623.0,4415.31
SAL-Ei-LM,bom_deep_7_3_15_5_No1_p30_ao75_am15_1_m30_ao75_am25_5,75,8,SATISFIED,1.3427,87401808.0,4368.25
SAL-Ei-LM,bom_deep_7_3_15_5_No1_p30_ao75_am15_1_m30_ao75_am25_5,75,9,SATISFIED,1.3366,87077288.0,4358.56
SAL-Ei-LM,bom_deep_7_3_15_5_No1_p30_ao75_am15_1_m30_ao75_am25_5,75,10,SATISFIED,1.4353,87685932.0,4348.09
SAL-Ei-LM,bom_deep_7_3_15_5_No1_p30_ao75_am15_1_m30_ao75_am28_2,75,1,SATISFIED,1.3241,73047670.0,4065.0
SAL-Ei-LM,bom_deep_7_3_15_5_No1_p30_ao75_am15_1_m30_ao75_am28_2,75,2,SATISFIED,1.3326,73969642.0,4154.09
SAL-Ei-LM,bom_deep_7_3_15_5_No1_p30_ao75_am15_1_m30_ao75_am28_2,75,3,SATISFIED,1.3284,73248400.0,4222.56
SAL-Ei-LM,bom_deep_7_3_15_5_No1_p30_ao75_am15_1_m30_ao75_am28_2,75,4,SATISFIED,1.3388,73167740.0,4181.44
SAL-Ei-LM,bom_deep_7_3_15_5_No1_p30_ao75_am15_1_m30_ao75_am28_2,75,5,SATISFIED,1.3406,72754171.0,4143.81
SAL-Ei-LM,bom_deep_7_3_15_5_No1_p30_ao75_am15_1_m30_ao75_am28_2,75,6,SATISFIED,1.3331,72407101.0,4081.16
SAL-Ei-LM,bom_deep_7_3_15_5_No1_p30_ao75_am15_1_m30_ao75_am28_2,75,7,SATISFIED,1.3784,73420718.0,4109.47
SAL-Ei-LM,bom_deep_7_3_15_5_No1_p30_ao75_am15_1_m30_ao75_am28_2,75,8,SATISFIED,1.3372,72791343.0,4042.75
SAL-Ei-LM,bom_deep_7_3_15_5_No1_p30_ao75_am15_1_m30_ao75_am28_2,75,9,SATISFIED,1.3349,72620190.0,4097.31
SAL-Ei-LM,bom_deep_7_3_15_5_No1_p30_ao75_am15_1_m30_ao75_am28_2,75,10,SATISFIED,1.3352,72235689.0,4152.31
SAL-Ei-LM,bom_deep_7_3_15_5_No1_p30_ao75_am15_1_m30_ao75_am28_3,75,1,SATISFIED,1.3302,131670635.0,4225.16
SAL-Ei-LM,bom_deep_7_3_15_5_No1_p30_ao75_am15_1_m30_ao75_am28_3,75,2,SATISFIED,1.2563,131628122.0,4401.88
SAL-Ei-LM,bom_deep_7_3_15_5_No1_p30_ao75_am15_1_m30_ao75_am28_3,75,3,SATISFIED,1.3921,131885170.0,4318.0
SAL-Ei-LM,bom_deep_7_3_15_5_No1_p30_ao75_am15_1_m30_ao75_am28_3,75,4,SATISFIED,1.3257,131887063.0,4246.22
SAL-Ei-LM,bom_deep_7_3_15_5_No1_p30_ao75_am15_1_m30_ao75_am28_3,75,5,SATISFIED,1.341,131559255.0,4253.72
SAL-Ei-LM,bom_deep_7_3_15_5_No1_p30_ao75_am15_1_m30_ao75_am28_3,75,6,SATISFIED,1.348,131726080.0,4267.66
SAL-Ei-LM,bom_deep_7_3_15_5_No1_p30_ao75_am15_1_m30_ao75_am28_3,75,7,SATISFIED,1.3256,131595120.0,4303.81
SAL-Ei-LM,bom_deep_7_3_15_5_No1_p30_ao75_am15_1_m30_ao75_am28_3,75,8,SATISFIED,1.3353,131591390.0,4275.69
SAL-Ei-LM,bom_deep_7_3_15_5_No1_p30_ao75_am15_1_m30_ao75_am28_3,75,9,SATISFIED,1.4527,131862023.0,4270.84
SAL-Ei-LM,bom_deep_7_3_15_5_No1_p30_ao75_am15_1_m30_ao75_am28_3,75,10,SATISFIED,1.3227,131806268.0,4171.81
SAL-Ei-LM,bom_deep_7_3_15_5_No1_p30_ao75_am15_1_m30_ao75_am28_4,75,1,SATISFIED,1.33,138191930.0,4158.31
SAL-Ei-LM,bom_deep_7_3_15_5_No1_p30_ao75_am15_1_m30_ao75_am28_4,75,2,SATISFIED,1.3414,138099877.0,4255.88
SAL-Ei-LM,bom_deep_7_3_15_5_No1_p30_ao75_am15_1_m30_ao75_am28_4,75,3,SATISFIED,1.3372,138106751.0,4273.97
SAL-Ei-LM,bom_deep_7_3_15_5_No1_p30_ao75_am15_1_m30_ao75_am28_4,75,4,SATISFIED,1.3188,138124215.0,4262.22
SAL-Ei-LM,bom_deep_7_3_15_5_No1_p30_ao75_am15_1_m30_ao75_am28_4,75,5,SATISFIED,1.4364,138144000.0,4289.47
SAL-Ei-LM,bom_deep_7_3_15_5_No1_p30_ao75_am15_1_m30_ao75_am28_4,75,6,SATISFIED,1.3178,138147860.0,4138.19
SAL-Ei-LM,bom_deep_7_3_15_5_No1_p30_ao75_am15_1_m30_ao75_am28_4,75,7,SATISFIED,1.325,137876810.0,4242.66
SAL-Ei-LM,bom_deep_7_3_15_5_No1_p30_ao75_am15_1_m30_ao75_am28_4,75,8,SATISFIED,1.3328,138186345.0,4261.03
SAL-Ei-LM,bom_deep_7_3_15_5_No1_p30_ao75_am15_1_m30_ao75_am28_4,75,9,SATISFIED,1.3331,138285566.0,4277.69
SAL-Ei-LM,bom_deep_7_3_15_5_No1_p30_ao75_am15_1_m30_ao75_am28_4,75,10,SATISFIED,1.3284,138115764.0,4271.38
SAL-Ei-LM,bom_deep_7_3_15_5_No1_p30_ao75_am15_2,75,1,SATISFIED,1.4502,56140860.0,4127.78
SAL-Ei-LM,bom_deep_7_3_15_5_No1_p30_ao75_am15_2,75,2,SATISFIED,1.3279,56000324.0,4006.22
SAL-Ei-LM,bom_deep_7_3_15_5_No1_p30_ao75_am15_2,75,3,SATISFIED,1.3315,56216450.0,4075.19
SAL-Ei-LM,bom_deep_7_3_15_5_No1_p30_ao75_am15_2,75,4,SATISFIED,1.3343,56099658.0,4099.62
SAL-Ei-LM,bom_deep_7_3_15_5_No1_p30_ao75_am15_2,75,5,SATISFIED,1.3427,56204202.0,4059.22
SAL-Ei-LM,bom_deep_7_3_15_5_No1_p30_ao75_am15_2,75,6,SATISFIED,1.3315,56197789.0,4049.34
SAL-Ei-LM,bom_deep_7_3_15_5_No1_p30_ao75_am15_2,75,7,SATISFIED,1.3379,56058821.0,4072.06
SAL-Ei-LM,bom_deep_7_3_15_5_No1_p30_ao75_am15_2,75,8,SATISFIED,1.4351,56293040.0,4102.28
SAL-Ei-LM,bom_deep_7_3_15_5_No1_p30_ao75_am15_2,75,9,SATISFIED,1.3187,56164115.0,4036.06
SAL-Ei-LM,bom_deep_7_3_15_5_No1_p30_ao75_am15_2,75,10,SATISFIED,1.3298,56249100.0,4081.16
SAL-Ei-LM,bom_deep_7_3_15_5_No1_p30_ao75_am15_2_m10_ao75_am10_1,75,1,SATISFIED,1.3219,186217412.0,4662.22
SAL-Ei-LM,bom_deep_7_3_15_5_No1_p30_ao75_am15_2_m10_ao75_am10_1,75,2,SATISFIED,1.3339,186198774.0,4697.72
SAL-Ei-LM,bom_deep_7_3_15_5_No1_p30_ao75_am15_2_m10_ao75_am10_1,75,3,SATISFIED,1.3386,186063938.0,4604.5
SAL-Ei-LM,bom_deep_7_3_15_5_No1_p30_ao75_am15_2_m10_ao75_am10_1,75,4,SATISFIED,1.3345,185991935.0,4626.59
SAL-Ei-LM,bom_deep_7_3_15_5_No1_p30_ao75_am15_2_m10_ao75_am10_1,75,5,SATISFIED,1.4456,186126669.0,4665.97
SAL-Ei-LM,bom_deep_7_3_15_5_No1_p30_ao75_am15_2_m10_ao75_am10_1,75,6,SATISFIED,1.3103,186545749.0,4545.0
SAL-Ei-LM,bom_deep_7_3_15_5_No1_p30_ao75_am15_2_m10_ao75_am10_1,75,7,SATISFIED,1.3241,186073960.0,4616.69
SAL-Ei-LM,bom_deep_7_3_15_5_No1_p30_ao75_am15_2_m10_ao75_am10_1,75,8,SATISFIED,1.3329,186409120.0,4680.09
SAL-Ei-LM,bom_deep_7_3_15_5_No1_p30_ao75_am15_2_m10_ao75_am10_1,75,9,SATISFIED,1.3274,186093119.0,4651.97
SAL-Ei-LM,bom_deep_7_3_15_5_No1_p30_ao75_am15_2_m10_ao75_am10_1,75,10,SATISFIED,1.3296,186221930.0,4672.31
SAL-Ei-LM,bom_deep_7_3_15_5_No1_p30_ao75_am15_2_m10_ao75_am10_2,75,1,SATISFIED,1.3313,191999097.0,4538.5
SAL-Ei-LM,bom_deep_7_3_15_5_No1_p30_ao75_am15_2_m10_ao75_am10_2,75,2,SATISFIED,1.3334,191969726.0,4599.12
SAL-Ei-LM,bom_deep_7_3_15_5_No1_p30_ao75_am15_2_m10_ao75_am10_2,75,3,SATISFIED,1.3692,191770877.0,4578.0
SAL-Ei-LM,bom_deep_7_3_15_5_No1_p30_ao75_am15_2_m10_ao75_am10_2,75,4,SATISFIED,1.3198,191706872.0,4506.03
SAL-Ei-LM,bom_deep_7_3_15_5_No1_p30_ao75_am15_2_m10_ao75_am10_2,75,5,SATISFIED,1.3363,192025227.0,4543.66
SAL-Ei-LM,bom_deep_7_3_15_5_No1_p30_ao75_am15_2_m10_ao75_am10_2,75,6,SATISFIED,1.3425,191894510.0,4571.72
SAL-Ei-LM,bom_deep_7_3_15_5_No1_p30_ao75_am15_2_m10_ao75_am10_2,75,7,SATISFIED,1.3301,192047829.0,4579.28
SAL-Ei-LM,bom_deep_7_3_15_5_No1_p30_ao75_am15_2_m10_ao75_am10_2,75,8,SATISFIED,1.3391,191912880.0,4618.03
SAL-Ei-LM,bom_deep_7_3_15_5_No1_p30_ao75_am15_2_m10_ao75_am10_2,75,9,SATISFIED,1.3356,191364875.0,4610.47
SAL-Ei-LM,bom_deep_7_3_15_5_No1_p30_ao75_am15_2_m10_ao75_am10_2,75,10,SATISFIED,1.4504,191960344.0,4577.91
SAL-Ei-LM,bom_deep_7_3_15_5_No1_p30_ao75_am15_2_m10_ao75_am10_3,75,1,SATISFIED,1.3434,349330883.0,4434.41
SAL-Ei-LM,bom_deep_7_3_15_5_No1_p30_ao75_am15_2_m10_ao75_am10_3,75,2,SATISFIED,1.3474,349350215.0,4513.5
SAL-Ei-LM,bom_deep_7_3_15_5_No1_p30_ao75_am15_2_m10_ao75_am10_3,75,3,SATISFIED,1.3221,348766320.0,4543.12
SAL-Ei-LM,bom_deep_7_3_15_5_No1_p30_ao75_am15_2_m10_ao75_am10_3,75,4,SATISFIED,1.3476,349938030.0,4630.44
SAL-Ei-LM,bom_deep_7_3_15_5_No1_p30_ao75_am15_2_m10_ao75_am10_3,75,5,SATISFIED,1.3447,349685512.0,4544.62
SAL-Ei-LM,bom_deep_7_3_15_5_No1_p30_ao75_am15_2_m10_ao75_am10_3,75,6,SATISFIED,1.327,349539402.0,4556.22
SAL-Ei-LM,bom_deep_7_3_15_5_No1_p30_ao75_am15_2_m10_ao75_am10_3,75,7,SATISFIED,1.4054,350085048.0,4604.75
SAL-Ei-LM,bom_deep_7_3_15_5_No1_p30_ao75_am15_2_m10_ao75_am10_3,75,8,SATISFIED,1.3171,349763942.0,4484.0
SAL-Ei-LM,bom_deep_7_3_15_5_No1_p30_ao75_am15_2_m10_ao75_am10_3,75,9,SATISFIED,1.3268,349666963.0,4587.75
SAL-Ei-LM,bom_deep_7_3_15_5_No1_p30_ao75_am15_2_m10_ao75_am10_3,75,10,SATISFIED,1.342,349493420.0,4562.16
SAL-Ei-LM,bom_deep_7_3_15_5_No1_p30_ao75_am15_2_m10_ao75_am10_4,75,1,SATISFIED,1.3474,280719040.0,4585.53
SAL-Ei-LM,bom_deep_7_3_15_5_No1_p30_ao75_am15_2_m10_ao75_am10_4,75,2,SATISFIED,1.335,280561670.0,4637.19
SAL-Ei-LM,bom_deep_7_3_15_5_No1_p30_ao75_am15_2_m10_ao75_am10_4,75,3,SATISFIED,1.335,280483208.0,4621.06
SAL-Ei-LM,bom_deep_7_3_15_5_No1_p30_ao75_am15_2_m10_ao75_am10_4,75,4,SATISFIED,1.4814,280761480.0,4620.06
SAL-Ei-LM,bom_deep_7_3_15_5_No1_p30_ao75_am15_2_m10_ao75_am10_4,75,5,SATISFIED,1.3355,280471905.0,4514.16
SAL-Ei-LM,bom_deep_7_3_15_5_No1_p30_ao75_am15_2_m10_ao75_am10_4,75,6,SATISFIED,1.3268,280641668.0,4594.88
SAL-Ei-LM,bom_deep_7_3_15_5_No1_p30_ao75_am15_2_m10_ao75_am10_4,75,7,SATISFIED,1.342,280672025.0,4620.12
SAL-Ei-LM,bom_deep_7_3_15_5_No1_p30_ao75_am15_2_m10_ao75_am10_4,75,8,SATISFIED,1.2487,280236884.0,4974.88
SAL-Ei-LM,bom_deep_7_3_15_5_No1_p30_ao75_am15_2_m10_ao75_am10_4,75,9,SATISFIED,1.19,280329120.0,5897.78
SAL-Ei-LM,bom_deep_7_3_15_5_No1_p30_ao75_am15_2_m10_ao75_am10_4,75,10,SATISFIED,1.1891,280323760.0,6757.56
SAL-Ei-LM,bom_deep_7_3_15_5_No1_p30_ao75_am15_2_m10_ao75_am10_5,75,1,SATISFIED,1.1977,285609080.0,6862.25
SAL-Ei-LM,bom_deep_7_3_15_5_No1_p30_ao75_am15_2_m10_ao75_am10_5,75,2,SATISFIED,1.2585,287570481.0,6939.88
SAL-Ei-LM,bom_deep_7_3_15_5_No1_p30_ao75_am15_2_m10_ao75_am10_5,75,3,SATISFIED,1.3295,284226220.0,4927.09
SAL-Ei-LM,bom_deep_7_3_15_5_No1_p30_ao75_am15_2_m10_ao75_am10_5,75,4,SATISFIED,1.3443,287015179.0,4678.91
SAL-Ei-LM,bom_deep_7_3_15_5_No1_p30_ao75_am15_2_m10_ao75_am10_5,75,5,SATISFIED,1.346,287631694.0,4679.91
SAL-Ei-LM,bom_deep_7_3_15_5_No1_p30_ao75_am15_2_m10_ao75_am10_5,75,6,SATISFIED,1.3337,284617970.0,4734.78
SAL-Ei-LM,bom_deep_7_3_15_5_No1_p30_ao75_am15_2_m10_ao75_am10_5,75,7,SATISFIED,1.3402,286650610.0,4701.12
SAL-Ei-LM,bom_deep_7_3_15_5_No1_p30_ao75_am15_2_m10_ao75_am10_5,75,8,SATISFIED,1.3368,285188346.0,4753.81
SAL-Ei-LM,bom_deep_7_3_15_5_No1_p30_ao75_am15_2_m10_ao75_am10_5,75,9,SATISFIED,1.4047,284930727.0,4735.03
SAL-Ei-LM,bom_deep_7_3_15_5_No1_p30_ao75_am15_2_m10_ao75_am10_5,75,10,SATISFIED,1.3305,291138494.0,4607.31
SAL-Ei-LM,bom_deep_7_3_15_5_No1_p30_ao75_am15_2_m30_ao75_am23_1,75,1,SATISFIED,1.334,103268519.0,4129.44
SAL-Ei-LM,bom_deep_7_3_15_5_No1_p30_ao75_am15_2_m30_ao75_am23_1,75,2,SATISFIED,1.3392,100641603.0,4189.44
SAL-Ei-LM,bom_deep_7_3_15_5_No1_p30_ao75_am15_2_m30_ao75_am23_1,75,3,SATISFIED,1.3372,100794514.0,4154.59
SAL-Ei-LM,bom_deep_7_3_15_5_No1_p30_ao75_am15_2_m30_ao75_am23_1,75,4,SATISFIED,1.3398,101026172.0,4117.44
SAL-Ei-LM,bom_deep_7_3_15_5_No1_p30_ao75_am15_2_m30_ao75_am23_1,75,5,SATISFIED,1.4488,100259079.0,4182.41
SAL-Ei-LM,bom_deep_7_3_15_5_No1_p30_ao75_am15_2_m30_ao75_am23_1,75,6,SATISFIED,1.3155,100152137.0,4065.31
SAL-Ei-LM,bom_deep_7_3_15_5_No1_p30_ao75_am15_2_m30_ao75_am23_1,75,7,SATISFIED,1.3379,101388200.0,4165.31
SAL-Ei-LM,bom_deep_7_3_15_5_No1_p30_ao75_am15_2_m30_ao75_am23_1,75,8,SATISFIED,1.3292,98911474.0,4171.47
SAL-Ei-LM,bom_deep_7_3_15_5_No1_p30_ao75_am15_2_m30_ao75_am23_1,75,9,SATISFIED,1.328,100724273.0,4196.47
SAL-Ei-LM,bom_deep_7_3_15_5_No1_p30_ao75_am15_2_m30_ao75_am23_1,75,10,SATISFIED,1.338,100035779.0,4178.84
SAL-Ei-LM,bom_deep_7_3_15_5_No1_p30_ao75_am15_2_m30_ao75_am24_2,75,1,SATISFIED,1.3341,105532826.0,4471.25
SAL-Ei-LM,bom_deep_7_3_15_5_No1_p30_ao75_am15_2_m30_ao75_am24_2,75,2,SATISFIED,1.3842,105740140.0,4545.31
SAL-Ei-LM,bom_deep_7_3_15_5_No1_p30_ao75_am15_2_m30_ao75_am24_2,75,3,SATISFIED,1.3214,105065268.0,4436.03
SAL-Ei-LM,bom_deep_7_3_15_5_No1_p30_ao75_am15_2_m30_ao75_am24_2,75,4,SATISFIED,1.3311,105519695.0,4517.88
SAL-Ei-LM,bom_deep_7_3_15_5_No1_p30_ao75_am15_2_m30_ao75_am24_2,75,5,SATISFIED,1.3344,105016731.0,4532.56
SAL-Ei-LM,bom_deep_7_3_15_5_No1_p30_ao75_am15_2_m30_ao75_am24_2,75,6,SATISFIED,1.3494,105109930.0,4499.28
SAL-Ei-LM,bom_deep_7_3_15_5_No1_p30_ao75_am15_2_m30_ao75_am24_2,75,7,SATISFIED,1.3418,105449515.0,4500.91
SAL-Ei-LM,bom_deep_7_3_15_5_No1_p30_ao75_am15_2_m30_ao75_am24_2,75,8,SATISFIED,1.4424,104822557.0,4539.94
SAL-Ei-LM,bom_deep_7_3_15_5_No1_p30_ao75_am15_2_m30_ao75_am24_2,75,9,SATISFIED,1.3237,105578892.0,4411.78
SAL-Ei-LM,bom_deep_7_3_15_5_No1_p30_ao75_am15_2_m30_ao75_am24_2,75,10,SATISFIED,1.3365,105281537.0,4513.94
SAL-Ei-LM,bom_deep_7_3_15_5_No1_p30_ao75_am15_2_m30_ao75_am24_4,75,1,SATISFIED,1.3352,132036050.0,4350.47
SAL-Ei-LM,bom_deep_7_3_15_5_No1_p30_ao75_am15_2_m30_ao75_am24_4,75,2,SATISFIED,1.3353,132701713.0,4369.16
SAL-Ei-LM,bom_deep_7_3_15_5_No1_p30_ao75_am15_2_m30_ao75_am24_4,75,3,SATISFIED,1.3439,134195662.0,4365.22
SAL-Ei-LM,bom_deep_7_3_15_5_No1_p30_ao75_am15_2_m30_ao75_am24_4,75,4,SATISFIED,1.4984,133755742.0,4399.34
SAL-Ei-LM,bom_deep_7_3_15_5_No1_p30_ao75_am15_2_m30_ao75_am24_4,75,5,SATISFIED,1.3237,133701335.0,4232.88
SAL-Ei-LM,bom_deep_7_3_15_5_No1_p30_ao75_am15_2_m30_ao75_am24_4,75,6,SATISFIED,1.3305,129627672.0,4320.62
SAL-Ei-LM,bom_deep_7_3_15_5_No1_p30_ao75_am15_2_m30_ao75_am24_4,75,7,SATISFIED,1.3379,129266126.0,4324.88
SAL-Ei-LM,bom_deep_7_3_15_5_No1_p30_ao75_am15_2_m30_ao75_am24_4,75,8,SATISFIED,1.3374,130693990.0,4374.16
SAL-Ei-LM,bom_deep_7_3_15_5_No1_p30_ao75_am15_2_m30_ao75_am24_4,75,9,SATISFIED,1.3438,129539103.0,4397.75
SAL-Ei-LM,bom_deep_7_3_15_5_No1_p30_ao75_am15_2_m30_ao75_am24_4,75,10,SATISFIED,1.3418,131902043.0,4424.66
SAL-Ei-LM,bom_deep_7_3_15_5_No1_p30_ao75_am15_2_m30_ao75_am24_5,75,1,SATISFIED,1.4117,90369810.0,4536.25
SAL-Ei-LM,bom_deep_7_3_15_5_No1_p30_ao75_am15_2_m30_ao75_am24_5,75,2,SATISFIED,1.3227,90358705.0,4450.31
SAL-Ei-LM,bom_deep_7_3_15_5_No1_p30_ao75_am15_2_m30_ao75_am24_5,75,3,SATISFIED,1.3532,90308044.0,4327.75
SAL-Ei-LM,bom_deep_7_3_15_5_No1_p30_ao75_am15_2_m30_ao75_am24_5,75,4,SATISFIED,1.3367,90920984.0,4398.47
SAL-Ei-LM,bom_deep_7_3_15_5_No1_p30_ao75_am15_2_m30_ao75_am24_5,75,5,SATISFIED,1.3365,90836350.0,4408.53
SAL-Ei-LM,bom_deep_7_3_15_5_No1_p30_ao75_am15_2_m30_ao75_am24_5,75,6,SATISFIED,1.3417,90184589.0,4401.31
SAL-Ei-LM,bom_deep_7_3_15_5_No1_p30_ao75_am15_2_m30_ao75_am24_5,75,7,SATISFIED,1.4348,90211170.0,4410.22
SAL-Ei-LM,bom_deep_7_3_15_5_No1_p30_ao75_am15_2_m30_ao75_am24_5,75,8,SATISFIED,1.3239,90624662.0,4279.97
SAL-Ei-LM,bom_deep_7_3_15_5_No1_p30_ao75_am15_2_m30_ao75_am24_5,75,9,SATISFIED,1.3302,90154601.0,4384.66
SAL-Ei-LM,bom_deep_7_3_15_5_No1_p30_ao75_am15_2_m30_ao75_am24_5,75,10,SATISFIED,1.3403,90689820.0,4408.06
SAL-Ei-LM,bom_deep_7_3_15_5_No1_p30_ao75_am15_2_m30_ao75_am27_3,75,1,SATISFIED,1.3249,328692165.0,4211.56
SAL-Ei-LM,bom_deep_7_3_15_5_No1_p30_ao75_am15_2_m30_ao75_am27_3,75,2,SATISFIED,1.2625,328722113.0,4334.16
SAL-Ei-LM,bom_deep_7_3_15_5_No1_p30_ao75_am15_2_m30_ao75_am27_3,75,3,SATISFIED,1.4469,328826085.0,4315.81
SAL-Ei-LM,bom_deep_7_3_15_5_No1_p30_ao75_am15_2_m30_ao75_am27_3,75,4,SATISFIED,1.3355,328881400.0,4095.91
SAL-Ei-LM,bom_deep_7_3_15_5_No1_p30_ao75_am15_2_m30_ao75_am27_3,75,5,SATISFIED,1.3293,328721420.0,4244.81
SAL-Ei-LM,bom_deep_7_3_15_5_No1_p30_ao75_am15_2_m30_ao75_am27_3,75,6,SATISFIED,1.3408,328738960.0,4272.84
SAL-Ei-LM,bom_deep_7_3_15_5_No1_p30_ao75_am15_2_m30_ao75_am27_3,75,7,SATISFIED,1.3326,328732790.0,4242.97
SAL-Ei-LM,bom_deep_7_3_15_5_No1_p30_ao75_am15_2_m30_ao75_am27_3,75,8,SATISFIED,1.3288,328804422.0,4250.31
SAL-Ei-LM,bom_deep_7_3_15_5_No1_p30_ao75_am15_2_m30_ao75_am27_3,75,9,SATISFIED,1.332,328853596.0,4219.66
SAL-Ei-LM,bom_deep_7_3_15_5_No1_p30_ao75_am15_2_m30_ao75_am27_3,75,10,SATISFIED,1.4118,328865839.0,4209.31
SAL-Ei-LM,bom_deep_7_3_15_5_No1_p30_ao75_am15_3,75,1,SATISFIED,1.3374,128649010.0,4011.84
SAL-Ei-LM,bom_deep_7_3_15_5_No1_p30_ao75_am15_3,75,2,SATISFIED,1.3504,129018295.0,4079.47
SAL-Ei-LM,bom_deep_7_3_15_5_No1_p30_ao75_am15_3,75,3,SATISFIED,1.3458,128720330.0,4087.25
SAL-Ei-LM,bom_deep_7_3_15_5_No1_p30_ao75_am15_3,75,4,SATISFIED,1.3352,128886465.0,4099.16
SAL-Ei-LM,bom_deep_7_3_15_5_No1_p30_ao75_am15_3,75,5,SATISFIED,1.34,128972580.0,4077.44
SAL-Ei-LM,bom_deep_7_3_15_5_No1_p30_ao75_am15_3,75,6,SATISFIED,1.4711,128699240.0,4131.88
SAL-Ei-LM,bom_deep_7_3_15_5_No1_p30_ao75_am15_3,75,7,SATISFIED,1.3158,128872530.0,4103.56
SAL-Ei-LM,bom_deep_7_3_15_5_No1_p30_ao75_am15_3,75,8,SATISFIED,1.3243,128846380.0,4187.53
SAL-Ei-LM,bom_deep_7_3_15_5_No1_p30_ao75_am15_3,75,9,SATISFIED,1.3341,128599540.0,4161.25
SAL-Ei-LM,bom_deep_7_3_15_5_No1_p30_ao75_am15_3,75,10,SATISFIED,1.3336,128688010.0,4126.25
SAL-Ei-LM,bom_deep_7_3_15_5_No1_p30_ao75_am15_3_m10_ao75_am10_1,75,1,SATISFIED,1.3211,109471048.0,4630.97
SAL-Ei-LM,bom_deep_7_3_15_5_No1_p30_ao75_am15_3_m10_ao75_am10_1,75,2,SATISFIED,1.3323,109469780.0,4740.81
SAL-Ei-LM,bom_deep_7_3_15_5_No1_p30_ao75_am15_3_m10_ao75_am10_1,75,3,SATISFIED,1.442,109469663.0,4737.41
SAL-Ei-LM,bom_deep_7_3_15_5_No1_p30_ao75_am15_3_m10_ao75_am10_1,75,4,SATISFIED,1.3254,109465283.0,4514.09
SAL-Ei-LM,bom_deep_7_3_15_5_No1_p30_ao75_am15_3_m10_ao75_am10_1,75,5,SATISFIED,1.3309,109463283.0,4652.16
SAL-Ei-LM,bom_deep_7_3_15_5_No1_p30_ao75_am15_3_m10_ao75_am10_1,75,6,SATISFIED,1.3235,109471134.0,4686.47
SAL-Ei-LM,bom_deep_7_3_15_5_No1_p30_ao75_am15_3_m10_ao75_am10_1,75,7,SATISFIED,1.3317,109469525.0,4690.72
SAL-Ei-LM,bom_deep_7_3_15_5_No1_p30_ao75_am15_3_m10_ao75_am10_1,75,8,SATISFIED,1.3364,109466228.0,4719.97
SAL-Ei-LM,bom_deep_7_3_15_5_No1_p30_ao75_am15_3_m10_ao75_am10_1,75,9,SATISFIED,1.329,109469065.0,4737.41
SAL-Ei-LM,bom_deep_7_3_15_5_No1_p30_ao75_am15_3_m10_ao75_am10_1,75,10,SATISFIED,1.3365,109471605.0,4702.88
SAL-Ei-LM,bom_deep_7_3_15_5_No1_p30_ao75_am15_3_m10_ao75_am10_2,75,1,SATISFIED,1.3775,117679510.0,4660.72
SAL-Ei-LM,bom_deep_7_3_15_5_No1_p30_ao75_am15_3_m10_ao75_am10_2,75,2,SATISFIED,1.3238,117684445.0,4584.66
SAL-Ei-LM,bom_deep_7_3_15_5_No1_p30_ao75_am15_3_m10_ao75_am10_2,75,3,SATISFIED,1.3324,117686780.0,4659.03
SAL-Ei-LM,bom_deep_7_3_15_5_No1_p30_ao75_am15_3_m10_ao75_am10_2,75,4,SATISFIED,1.3365,117679325.0,4695.06
SAL-Ei-LM,bom_deep_7_3_15_5_No1_p30_ao75_am15_3_m10_ao75_am10_2,75,5,SATISFIED,1.3379,117685935.0,4667.22
SAL-Ei-LM,bom_deep_7_3_15_5_No1_p30_ao75_am15_3_m10_ao75_am10_2,75,6,SATISFIED,1.3364,117681395.0,4632.44
SAL-Ei-LM,bom_deep_7_3_15_5_No1_p30_ao75_am15_3_m10_ao75_am10_2,75,7,SATISFIED,1.3355,117685595.0,4697.81
SAL-Ei-LM,bom_deep_7_3_15_5_No1_p30_ao75_am15_3_m10_ao75_am10_2,75,8,SATISFIED,1.4223,117685640.0,4644.84
SAL-Ei-LM,bom_deep_7_3_15_5_No1_p30_ao75_am15_3_m10_ao75_am10_2,75,9,SATISFIED,1.3321,117686010.0,4523.22
SAL-Ei-LM,bom_deep_7_3_15_5_No1_p30_ao75_am15_3_m10_ao75_am10_2,75,10,SATISFIED,1.3526,117687210.0,4648.31
SAL-Ei-LM,bom_deep_7_3_15_5_No1_p30_ao75_am15_3_m10_ao75_am10_3,75,1,SATISFIED,1.3238,153865990.0,4775.69
SAL-Ei-LM,bom_deep_7_3_15_5_No1_p30_ao75_am15_3_m10_ao75_am10_3,75,2,SATISFIED,1.3222,153775170.0,4880.38
SAL-Ei-LM,bom_deep_7_3_15_5_No1_p30_ao75_am15_3_m10_ao75_am10_3,75,3,SATISFIED,1.3288,153797680.0,4729.66
SAL-Ei-LM,bom_deep_7_3_15_5_No1_p30_ao75_am15_3_m10_ao75_am10_3,75,4,SATISFIED,1.3246,153745760.0,4750.38
SAL-Ei-LM,bom_deep_7_3_15_5_No1_p30_ao75_am15_3_m10_ao75_am10_3,75,5,SATISFIED,1.4423,153852480.0,4783.84
SAL-Ei-LM,bom_deep_7_3_15_5_No1_p30_ao75_am15_3_m10_ao75_am10_3,75,6,SATISFIED,1.3183,153745910.0,4606.34
SAL-Ei-LM,bom_deep_7_3_15_5_No1_p30_ao75_am15_3_m10_ao75_am10_3,75,7,SATISFIED,1.326,154020180.0,4755.16
SAL-Ei-LM,bom_deep_7_3_15_5_No1_p30_ao75_am15_3_m10_ao75_am10_3,75,8,SATISFIED,1.3318,153928770.0,4800.09
SAL-Ei-LM,bom_deep_7_3_15_5_No1_p30_ao75_am15_3_m10_ao75_am10_3,75,9,SATISFIED,1.3379,153868810.0,4724.16
SAL-Ei-LM,bom_deep_7_3_15_5_No1_p30_ao75_am15_3_m10_ao75_am10_3,75,10,SATISFIED,1.3321,153866102.0,4746.09
SAL-Ei-LM,bom_deep_7_3_15_5_No1_p30_ao75_am15_3_m10_ao75_am10_4,75,1,SATISFIED,1.3268,286669125.0,4652.09
SAL-Ei-LM,bom_deep_7_3_15_5_No1_p30_ao75_am15_3_m10_ao75_am10_4,75,2,SATISFIED,1.4339,286679721.0,4707.31
SAL-Ei-LM,bom_deep_7_3_15_5_No1_p30_ao75_am15_3_m10_ao75_am10_4,75,3,SATISFIED,1.3257,286712099.0,4581.5
SAL-Ei-LM,bom_deep_7_3_15_5_No1_p30_ao75_am15_3_m10_ao75_am10_4,75,4,SATISFIED,1.3321,286682403.0,4696.06
SAL-Ei-LM,bom_deep_7_3_15_5_No1_p30_ao75_am15_3_m10_ao75_am10_4,75,5,SATISFIED,1.3329,286676513.0,4747.28
SAL-Ei-LM,bom_deep_7_3_15_5_No1_p30_ao75_am15_3_m10_ao75_am10_4,75,6,SATISFIED,1.3315,286662889.0,4671.12
SAL-Ei-LM,bom_deep_7_3_15_5_No1_p30_ao75_am15_3_m10_ao75_am10_4,75,7,SATISFIED,1.3325,286718526.0,4716.72
SAL-Ei-LM,bom_deep_7_3_15_5_No1_p30_ao75_am15_3_m10_ao75_am10_4,75,8,SATISFIED,1.3381,286695735.0,4662.16
SAL-Ei-LM,bom_deep_7_3_15_5_No1_p30_ao75_am15_3_m10_ao75_am10_4,75,9,SATISFIED,1.3497,286692863.0,4611.31
SAL-Ei-LM,bom_deep_7_3_15_5_No1_p30_ao75_am15_3_m10_ao75_am10_4,75,10,SATISFIED,1.3588,286730793.0,4601.97
SAL-Ei-LM,bom_deep_7_3_15_5_No1_p30_ao75_am15_3_m10_ao75_am10_5,75,1,SATISFIED,1.2233,50894715.0,4578.66
SAL-Ei-LM,bom_deep_7_3_15_5_No1_p30_ao75_am15_3_m10_ao75_am10_5,75,2,SATISFIED,1.335,51542489.0,4506.97
SAL-Ei-LM,bom_deep_7_3_15_5_No1_p30_ao75_am15_3_m10_ao75_am10_5,75,3,SATISFIED,1.3415,51828609.0,4445.75
SAL-Ei-LM,bom_deep_7_3_15_5_No1_p30_ao75_am15_3_m10_ao75_am10_5,75,4,SATISFIED,1.3372,50939770.0,4479.69
SAL-Ei-LM,bom_deep_7_3_15_5_No1_p30_ao75_am15_3_m10_ao75_am10_5,75,5,SATISFIED,1.336,50936194.0,4476.22
SAL-Ei-LM,bom_deep_7_3_15_5_No1_p30_ao75_am15_3_m10_ao75_am10_5,75,6,SATISFIED,1.2845,50831510.0,4672.75
SAL-Ei-LM,bom_deep_7_3_15_5_No1_p30_ao75_am15_3_m10_ao75_am10_5,75,7,SATISFIED,1.4049,51169520.0,4552.03
SAL-Ei-LM,bom_deep_7_3_15_5_No1_p30_ao75_am15_3_m10_ao75_am10_5,75,8,SATISFIED,1.3169,50927740.0,4391.91
SAL-Ei-LM,bom_deep_7_3_15_5_No1_p30_ao75_am15_3_m10_ao75_am10_5,75,9,SATISFIED,1.3343,51048390.0,4494.41
SAL-Ei-LM,bom_deep_7_3_15_5_No1_p30_ao75_am15_3_m10_ao75_am10_5,75,10,SATISFIED,1.3277,50840220.0,4549.91
SAL-Ei-LM,bom_deep_7_3_15_5_No1_p30_ao75_am15_3_m30_ao75_am22_3,75,1,SATISFIED,1.3271,100616665.0,4326.72
SAL-Ei-LM,bom_deep_7_3_15_5_No1_p30_ao75_am15_3_m30_ao75_am22_3,75,2,SATISFIED,1.3297,100552750.0,4354.28
SAL-Ei-LM,bom_deep_7_3_15_5_No1_p30_ao75_am15_3_m30_ao75_am22_3,75,3,SATISFIED,1.3223,100512015.0,4358.16
SAL-Ei-LM,bom_deep_7_3_15_5_No1_p30_ao75_am15_3_m30_ao75_am22_3,75,4,SATISFIED,1.384,100456015.0,4374.56
SAL-Ei-LM,bom_deep_7_3_15_5_No1_p30_ao75_am15_3_m30_ao75_am22_3,75,5,SATISFIED,1.3318,100538570.0,4268.97
SAL-Ei-LM,bom_deep_7_3_15_5_No1_p30_ao75_am15_3_m30_ao75_am22_3,75,6,SATISFIED,1.3414,100597270.0,4350.94
SAL-Ei-LM,bom_deep_7_3_15_5_No1_p30_ao75_am15_3_m30_ao75_am22_3,75,7,SATISFIED,1.3289,100761260.0,4318.31
SAL-Ei-LM,bom_deep_7_3_15_5_No1_p30_ao75_am15_3_m30_ao75_am22_3,75,8,SATISFIED,1.3356,100567135.0,4347.66
SAL-Ei-LM,bom_deep_7_3_15_5_No1_p30_ao75_am15_3_m30_ao75_am22_3,75,9,SATISFIED,1.3254,100515065.0,4372.94
SAL-Ei-LM,bom_deep_7_3_15_5_No1_p30_ao75_am15_3_m30_ao75_am22_3,75,10,SATISFIED,1.4298,100565885.0,4369.97
SAL-Ei-LM,bom_deep_7_3_15_5_No1_p30_ao75_am15_3_m30_ao75_am24_4,75,1,SATISFIED,1.3132,337080693.0,4273.56
SAL-Ei-LM,bom_deep_7_3_15_5_No1_p30_ao75_am15_3_m30_ao75_am24_4,75,2,SATISFIED,1.3276,337074042.0,4360.41
SAL-Ei-LM,bom_deep_7_3_15_5_No1_p30_ao75_am15_3_m30_ao75_am24_4,75,3,SATISFIED,1.3324,337137772.0,4424.38
SAL-Ei-LM,bom_deep_7_3_15_5_No1_p30_ao75_am15_3_m30_ao75_am24_4,75,4,SATISFIED,1.373,337060269.0,4334.69
SAL-Ei-LM,bom_deep_7_3_15_5_No1_p30_ao75_am15_3_m30_ao75_am24_4,75,5,SATISFIED,1.3615,337083283.0,4349.94
SAL-Ei-LM,bom_deep_7_3_15_5_No1_p30_ao75_am15_3_m30_ao75_am24_4,75,6,SATISFIED,1.3497,337129622.0,4399.59
SAL-Ei-LM,bom_deep_7_3_15_5_No1_p30_ao75_am15_3_m30_ao75_am24_4,75,7,SATISFIED,1.3966,337080937.0,4367.41
SAL-Ei-LM,bom_deep_7_3_15_5_No1_p30_ao75_am15_3_m30_ao75_am24_4,75,8,SATISFIED,1.3207,337138436.0,4251.12
SAL-Ei-LM,bom_deep_7_3_15_5_No1_p30_ao75_am15_3_m30_ao75_am24_4,75,9,SATISFIED,1.3233,337087108.0,4347.38
SAL-Ei-LM,bom_deep_7_3_15_5_No1_p30_ao75_am15_3_m30_ao75_am24_4,75,10,SATISFIED,1.3293,337121625.0,4314.75
SAL-Ei-LM,bom_deep_7_3_15_5_No1_p30_ao75_am15_3_m30_ao75_am24_5,75,1,SATISFIED,1.3212,197424928.0,4332.19
SAL-Ei-LM,bom_deep_7_3_15_5_No1_p30_ao75_am15_3_m30_ao75_am24_5,75,2,SATISFIED,1.3303,197474224.0,4377.19
SAL-Ei-LM,bom_deep_7_3_15_5_No1_p30_ao75_am15_3_m30_ao75_am24_5,75,3,SATISFIED,1.3839,197489321.0,4380.53
SAL-Ei-LM,bom_deep_7_3_15_5_No1_p30_ao75_am15_3_m30_ao75_am24_5,75,4,SATISFIED,1.3265,197553535.0,4347.28
SAL-Ei-LM,bom_deep_7_3_15_5_No1_p30_ao75_am15_3_m30_ao75_am24_5,75,5,SATISFIED,1.3269,197240223.0,4336.5
SAL-Ei-LM,bom_deep_7_3_15_5_No1_p30_ao75_am15_3_m30_ao75_am24_5,75,6,SATISFIED,1.3314,197421359.0,4275.16
SAL-Ei-LM,bom_deep_7_3_15_5_No1_p30_ao75_am15_3_m30_ao75_am24_5,75,7,SATISFIED,1.2687,197311764.0,4424.72
SAL-Ei-LM,bom_deep_7_3_15_5_No1_p30_ao75_am15_3_m30_ao75_am24_5,75,8,SATISFIED,1.341,197326235.0,4372.34
SAL-Ei-LM,bom_deep_7_3_15_5_No1_p30_ao75_am15_3_m30_ao75_am24_5,75,9,SATISFIED,1.4197,197468989.0,4365.84
SAL-Ei-LM,bom_deep_7_3_15_5_No1_p30_ao75_am15_3_m30_ao75_am24_5,75,10,SATISFIED,1.3221,197496187.0,4271.34
SAL-Ei-LM,bom_deep_7_3_15_5_No1_p30_ao75_am15_3_m30_ao75_am26_1,75,1,SATISFIED,1.3309,71874470.0,4158.5
SAL-Ei-LM,bom_deep_7_3_15_5_No1_p30_ao75_am15_3_m30_ao75_am26_1,75,2,SATISFIED,1.3436,71865985.0,4256.53
SAL-Ei-LM,bom_deep_7_3_15_5_No1_p30_ao75_am15_3_m30_ao75_am26_1,75,3,SATISFIED,1.3433,71858580.0,4219.88
SAL-Ei-LM,bom_deep_7_3_15_5_No1_p30_ao75_am15_3_m30_ao75_am26_1,75,4,SATISFIED,1.3445,71869090.0,4263.22
SAL-Ei-LM,bom_deep_7_3_15_5_No1_p30_ao75_am15_3_m30_ao75_am26_1,75,5,SATISFIED,1.4451,71923238.0,4271.38
SAL-Ei-LM,bom_deep_7_3_15_5_No1_p30_ao75_am15_3_m30_ao75_am26_1,75,6,SATISFIED,1.3199,71868755.0,4150.12
SAL-Ei-LM,bom_deep_7_3_15_5_No1_p30_ao75_am15_3_m30_ao75_am26_1,75,7,SATISFIED,1.3462,71902338.0,4155.25
SAL-Ei-LM,bom_deep_7_3_15_5_No1_p30_ao75_am15_3_m30_ao75_am26_1,75,8,SATISFIED,1.3422,71864930.0,4202.47
SAL-Ei-LM,bom_deep_7_3_15_5_No1_p30_ao75_am15_3_m30_ao75_am26_1,75,9,SATISFIED,1.348,71867055.0,4238.16
SAL-Ei-LM,bom_deep_7_3_15_5_No1_p30_ao75_am15_3_m30_ao75_am26_1,75,10,SATISFIED,1.312,71912035.0,4181.12
SAL-Ei-LM,bom_deep_7_3_15_5_No1_p30_ao75_am15_3_m30_ao75_am28_2,75,1,SATISFIED,1.4481,97272815.0,4014.34
SAL-Ei-LM,bom_deep_7_3_15_5_No1_p30_ao75_am15_3_m30_ao75_am28_2,75,2,SATISFIED,1.2538,101058050.0,4034.38
SAL-Ei-LM,bom_deep_7_3_15_5_No1_p30_ao75_am15_3_m30_ao75_am28_2,75,3,SATISFIED,1.3431,100751895.0,4097.03
SAL-Ei-LM,bom_deep_7_3_15_5_No1_p30_ao75_am15_3_m30_ao75_am28_2,75,4,SATISFIED,1.3401,96834645.0,4093.59
SAL-Ei-LM,bom_deep_7_3_15_5_No1_p30_ao75_am15_3_m30_ao75_am28_2,75,5,SATISFIED,1.3353,95436870.0,4063.56
SAL-Ei-LM,bom_deep_7_3_15_5_No1_p30_ao75_am15_3_m30_ao75_am28_2,75,6,SATISFIED,1.3346,98025424.0,4030.38
SAL-Ei-LM,bom_deep_7_3_15_5_No1_p30_ao75_am15_3_m30_ao75_am28_2,75,7,SATISFIED,1.2777,97371159.0,4138.34
SAL-Ei-LM,bom_deep_7_3_15_5_No1_p30_ao75_am15_3_m30_ao75_am28_2,75,8,SATISFIED,1.4078,101319720.0,4161.53
SAL-Ei-LM,bom_deep_7_3_15_5_No1_p30_ao75_am15_3_m30_ao75_am28_2,75,9,SATISFIED,1.3205,99837556.0,4060.88
SAL-Ei-LM,bom_deep_7_3_15_5_No1_p30_ao75_am15_3_m30_ao75_am28_2,75,10,SATISFIED,1.3365,97972205.0,4097.94
SAL-Ei-LM,bom_deep_7_3_15_5_No1_p30_ao75_am15_4,75,1,SATISFIED,1.3377,107633720.0,4073.09
SAL-Ei-LM,bom_deep_7_3_15_5_No1_p30_ao75_am15_4,75,2,SATISFIED,1.3352,107419626.0,4137.53
SAL-Ei-LM,bom_deep_7_3_15_5_No1_p30_ao75_am15_4,75,3,SATISFIED,1.3437,108090178.0,4089.31
SAL-Ei-LM,bom_deep_7_3_15_5_No1_p30_ao75_am15_4,75,4,SATISFIED,1.4222,108626060.0,4127.38
SAL-Ei-LM,bom_deep_7_3_15_5_No1_p30_ao75_am15_4,75,5,SATISFIED,1.3297,107334715.0,4057.5
SAL-Ei-LM,bom_deep_7_3_15_5_No1_p30_ao75_am15_4,75,6,SATISFIED,1.3297,107120461.0,4117.97
SAL-Ei-LM,bom_deep_7_3_15_5_No1_p30_ao75_am15_4,75,7,SATISFIED,1.3433,107588385.0,4124.56
SAL-Ei-LM,bom_deep_7_3_15_5_No1_p30_ao75_am15_4,75,8,SATISFIED,1.3339,106910954.0,4147.0
SAL-Ei-LM,bom_deep_7_3_15_5_No1_p30_ao75_am15_4,75,9,SATISFIED,1.3401,107329455.0,4172.5
SAL-Ei-LM,bom_deep_7_3_15_5_No1_p30_ao75_am15_4,75,10,SATISFIED,1.3362,107374304.0,4115.66
SAL-Ei-LM,bom_deep_7_3_15_5_No1_p30_ao75_am15_4_m10_ao75_am10_1,75,1,SATISFIED,1.4055,276390141.0,4628.06
SAL-Ei-LM,bom_deep_7_3_15_5_No1_p30_ao75_am15_4_m10_ao75_am10_1,75,2,SATISFIED,1.3187,282264359.0,4533.25
SAL-Ei-LM,bom_deep_7_3_15_5_No1_p30_ao75_am15_4_m10_ao75_am10_1,75,3,SATISFIED,1.3275,273321539.0,4579.19
SAL-Ei-LM,bom_deep_7_3_15_5_No1_p30_ao75_am15_4_m10_ao75_am10_1,75,4,SATISFIED,1.33,277259273.0,4584.72
SAL-Ei-LM,bom_deep_7_3_15_5_No1_p30_ao75_am15_4_m10_ao75_am10_1,75,5,SATISFIED,1.3334,273247386.0,4590.53
SAL-Ei-LM,bom_deep_7_3_15_5_No1_p30_ao75_am15_4_m10_ao75_am10_1,75,6,SATISFIED,1.3365,281672435.0,4620.91
SAL-Ei-LM,bom_deep_7_3_15_5_No1_p30_ao75_am15_4_m10_ao75_am10_1,75,7,SATISFIED,1.3369,279223996.0,4603.09
SAL-Ei-LM,bom_deep_7_3_15_5_No1_p30_ao75_am15_4_m10_ao75_am10_1,75,8,SATISFIED,1.4492,273810408.0,4632.81
SAL-Ei-LM,bom_deep_7_3_15_5_No1_p30_ao75_am15_4_m10_ao75_am10_1,75,9,SATISFIED,1.3283,286478535.0,4438.28
SAL-Ei-LM,bom_deep_7_3_15_5_No1_p30_ao75_am15_4_m10_ao75_am10_1,75,10,SATISFIED,1.3354,277209645.0,4560.0
SAL-Ei-LM,bom_deep_7_3_15_5_No1_p30_ao75_am15_4_m10_ao75_am10_2,75,1,SATISFIED,1.3232,506657809.0,4549.0
SAL-Ei-LM,bom_deep_7_3_15_5_No1_p30_ao75_am15_4_m10_ao75_am10_2,75,2,SATISFIED,1.3387,506475445.0,4599.97
SAL-Ei-LM,bom_deep_7_3_15_5_No1_p30_ao75_am15_4_m10_ao75_am10_2,75,3,SATISFIED,1.3305,506384354.0,4608.69
SAL-Ei-LM,bom_deep_7_3_15_5_No1_p30_ao75_am15_4_m10_ao75_am10_2,75,4,SATISFIED,1.3404,506412909.0,4582.16
SAL-Ei-LM,bom_deep_7_3_15_5_No1_p30_ao75_am15_4_m10_ao75_am10_2,75,5,SATISFIED,1.3386,506658955.0,4537.03
SAL-Ei-LM,bom_deep_7_3_15_5_No1_p30_ao75_am15_4_m10_ao75_am10_2,75,6,SATISFIED,1.3917,506721652.0,4546.75
SAL-Ei-LM,bom_deep_7_3_15_5_No1_p30_ao75_am15_4_m10_ao75_am10_2,75,7,SATISFIED,1.3271,506436009.0,4534.03
SAL-Ei-LM,bom_deep_7_3_15_5_No1_p30_ao75_am15_4_m10_ao75_am10_2,75,8,SATISFIED,1.3493,506517387.0,4599.28
SAL-Ei-LM,bom_deep_7_3_15_5_No1_p30_ao75_am15_4_m10_ao75_am10_2,75,9,SATISFIED,1.3464,506645615.0,4637.25
SAL-Ei-LM,bom_deep_7_3_15_5_No1_p30_ao75_am15_4_m10_ao75_am10_2,75,10,SATISFIED,1.3399,506431460.0,4626.47
SAL-Ei-LM,bom_deep_7_3_15_5_No1_p30_ao75_am15_4_m10_ao75_am10_3,75,1,SATISFIED,1.3354,450597980.0,4642.56
SAL-Ei-LM,bom_deep_7_3_15_5_No1_p30_ao75_am15_4_m10_ao75_am10_3,75,2,SATISFIED,1.3333,450780730.0,4701.03
SAL-Ei-LM,bom_deep_7_3_15_5_No1_p30_ao75_am15_4_m10_ao75_am10_3,75,3,SATISFIED,1.4046,451207960.0,4797.12
SAL-Ei-LM,bom_deep_7_3_15_5_No1_p30_ao75_am15_4_m10_ao75_am10_3,75,4,SATISFIED,1.3219,450649050.0,4622.44
SAL-Ei-LM,bom_deep_7_3_15_5_No1_p30_ao75_am15_4_m10_ao75_am10_3,75,5,SATISFIED,1.2539,450701935.0,4757.28
SAL-Ei-LM,bom_deep_7_3_15_5_No1_p30_ao75_am15_4_m10_ao75_am10_3,75,6,SATISFIED,1.3537,450681472.0,4742.47
SAL-Ei-LM,bom_deep_7_3_15_5_No1_p30_ao75_am15_4_m10_ao75_am10_3,75,7,SATISFIED,1.363,451526091.0,4624.44
SAL-Ei-LM,bom_deep_7_3_15_5_No1_p30_ao75_am15_4_m10_ao75_am10_3,75,8,SATISFIED,1.3449,450907065.0,4680.69
SAL-Ei-LM,bom_deep_7_3_15_5_No1_p30_ao75_am15_4_m10_ao75_am10_3,75,9,SATISFIED,1.3797,450689828.0,4632.62
SAL-Ei-LM,bom_deep_7_3_15_5_No1_p30_ao75_am15_4_m10_ao75_am10_3,75,10,SATISFIED,1.4558,450812095.0,4599.88
SAL-Ei-LM,bom_deep_7_3_15_5_No1_p30_ao75_am15_4_m10_ao75_am10_4,75,1,SATISFIED,1.3341,196421131.0,4369.09
SAL-Ei-LM,bom_deep_7_3_15_5_No1_p30_ao75_am15_4_m10_ao75_am10_4,75,2,SATISFIED,1.3274,196162128.0,4399.03
SAL-Ei-LM,bom_deep_7_3_15_5_No1_p30_ao75_am15_4_m10_ao75_am10_4,75,3,SATISFIED,1.3539,195796073.0,4330.94
SAL-Ei-LM,bom_deep_7_3_15_5_No1_p30_ao75_am15_4_m10_ao75_am10_4,75,4,SATISFIED,1.3557,195374525.0,4398.72
SAL-Ei-LM,bom_deep_7_3_15_5_No1_p30_ao75_am15_4_m10_ao75_am10_4,75,5,SATISFIED,1.3412,195216439.0,4395.0
SAL-Ei-LM,bom_deep_7_3_15_5_No1_p30_ao75_am15_4_m10_ao75_am10_4,75,6,SATISFIED,1.273,195505050.0,4476.25
SAL-Ei-LM,bom_deep_7_3_15_5_No1_p30_ao75_am15_4_m10_ao75_am10_4,75,7,SATISFIED,1.3359,196026870.0,4443.19
SAL-Ei-LM,bom_deep_7_3_15_5_No1_p30_ao75_am15_4_m10_ao75_am10_4,75,8,SATISFIED,1.3365,195543044.0,4559.38
SAL-Ei-LM,bom_deep_7_3_15_5_No1_p30_ao75_am15_4_m10_ao75_am10_4,75,9,SATISFIED,1.3279,197670195.0,4412.47
SAL-Ei-LM,bom_deep_7_3_15_5_No1_p30_ao75_am15_4_m10_ao75_am10_4,75,10,SATISFIED,1.3434,198456299.0,4394.59
SAL-Ei-LM,bom_deep_7_3_15_5_No1_p30_ao75_am15_4_m10_ao75_am10_5,75,1,SATISFIED,1.3347,372751041.0,4296.12
SAL-Ei-LM,bom_deep_7_3_15_5_No1_p30_ao75_am15_4_m10_ao75_am10_5,75,2,SATISFIED,1.3372,372709465.0,4332.44
SAL-Ei-LM,bom_deep_7_3_15_5_No1_p30_ao75_am15_4_m10_ao75_am10_5,75,3,SATISFIED,1.3318,372870185.0,4331.53
SAL-Ei-LM,bom_deep_7_3_15_5_No1_p30_ao75_am15_4_m10_ao75_am10_5,75,4,SATISFIED,1.3368,372738326.0,4335.28
SAL-Ei-LM,bom_deep_7_3_15_5_No1_p30_ao75_am15_4_m10_ao75_am10_5,75,5,SATISFIED,1.392,372702500.0,4313.84
SAL-Ei-LM,bom_deep_7_3_15_5_No1_p30_ao75_am15_4_m10_ao75_am10_5,75,6,SATISFIED,1.3248,372782145.0,4269.75
SAL-Ei-LM,bom_deep_7_3_15_5_No1_p30_ao75_am15_4_m10_ao75_am10_5,75,7,SATISFIED,1.3338,372664700.0,4322.12
SAL-Ei-LM,bom_deep_7_3_15_5_No1_p30_ao75_am15_4_m10_ao75_am10_5,75,8,SATISFIED,1.3335,372644920.0,4360.75
SAL-Ei-LM,bom_deep_7_3_15_5_No1_p30_ao75_am15_4_m10_ao75_am10_5,75,9,SATISFIED,1.3395,372881910.0,4350.22
SAL-Ei-LM,bom_deep_7_3_15_5_No1_p30_ao75_am15_4_m10_ao75_am10_5,75,10,SATISFIED,1.334,372694970.0,4362.06
SAL-Ei-LM,bom_deep_7_3_15_5_No1_p30_ao75_am15_4_m30_ao75_am23_2,75,1,SATISFIED,1.3365,277555341.0,4432.03
SAL-Ei-LM,bom_deep_7_3_15_5_No1_p30_ao75_am15_4_m30_ao75_am23_2,75,2,SATISFIED,1.3951,277555270.0,4479.91
SAL-Ei-LM,bom_deep_7_3_15_5_No1_p30_ao75_am15_4_m30_ao75_am23_2,75,3,SATISFIED,1.3226,277548295.0,4425.25
SAL-Ei-LM,bom_deep_7_3_15_5_No1_p30_ao75_am15_4_m30_ao75_am23_2,75,4,SATISFIED,1.3325,277556840.0,4488.25
SAL-Ei-LM,bom_deep_7_3_15_5_No1_p30_ao75_am15_4_m30_ao75_am23_2,75,5,SATISFIED,1.3311,277556590.0,4491.0
SAL-Ei-LM,bom_deep_7_3_15_5_No1_p30_ao75_am15_4_m30_ao75_am23_2,75,6,SATISFIED,1.3367,277557125.0,4493.75
SAL-Ei-LM,bom_deep_7_3_15_5_No1_p30_ao75_am15_4_m30_ao75_am23_2,75,7,SATISFIED,1.3298,277547505.0,4456.22
SAL-Ei-LM,bom_deep_7_3_15_5_No1_p30_ao75_am15_4_m30_ao75_am23_2,75,8,SATISFIED,1.4556,277544065.0,4423.56
SAL-Ei-LM,bom_deep_7_3_15_5_No1_p30_ao75_am15_4_m30_ao75_am23_2,75,9,SATISFIED,1.3201,277550805.0,4334.53
SAL-Ei-LM,bom_deep_7_3_15_5_No1_p30_ao75_am15_4_m30_ao75_am23_2,75,10,SATISFIED,1.3281,277549864.0,4405.03
SAL-Ei-LM,bom_deep_7_3_15_5_No1_p30_ao75_am15_4_m30_ao75_am25_5,75,1,SATISFIED,1.3218,243400299.0,4061.06
SAL-Ei-LM,bom_deep_7_3_15_5_No1_p30_ao75_am15_4_m30_ao75_am25_5,75,2,SATISFIED,1.3286,243394440.0,4121.97
SAL-Ei-LM,bom_deep_7_3_15_5_No1_p30_ao75_am15_4_m30_ao75_am25_5,75,3,SATISFIED,1.3304,243469422.0,4161.44
SAL-Ei-LM,bom_deep_7_3_15_5_No1_p30_ao75_am15_4_m30_ao75_am25_5,75,4,SATISFIED,1.3382,244525455.0,4110.72
SAL-Ei-LM,bom_deep_7_3_15_5_No1_p30_ao75_am15_4_m30_ao75_am25_5,75,5,SATISFIED,1.4031,242907235.0,4113.25
SAL-Ei-LM,bom_deep_7_3_15_5_No1_p30_ao75_am15_4_m30_ao75_am25_5,75,6,SATISFIED,1.3246,243188335.0,4026.59
SAL-Ei-LM,bom_deep_7_3_15_5_No1_p30_ao75_am15_4_m30_ao75_am25_5,75,7,SATISFIED,1.341,243611610.0,4119.06
SAL-Ei-LM,bom_deep_7_3_15_5_No1_p30_ao75_am15_4_m30_ao75_am25_5,75,8,SATISFIED,1.2565,243304238.0,4355.5
SAL-Ei-LM,bom_deep_7_3_15_5_No1_p30_ao75_am15_4_m30_ao75_am25_5,75,9,SATISFIED,1.3441,243234126.0,4275.53
SAL-Ei-LM,bom_deep_7_3_15_5_No1_p30_ao75_am15_4_m30_ao75_am25_5,75,10,SATISFIED,1.3563,243659995.0,4144.22
SAL-Ei-LM,bom_deep_7_3_15_5_No1_p30_ao75_am15_4_m30_ao75_am26_1,75,1,SATISFIED,1.3938,203614522.0,4099.28
SAL-Ei-LM,bom_deep_7_3_15_5_No1_p30_ao75_am15_4_m30_ao75_am26_1,75,2,SATISFIED,1.3299,201142421.0,4057.84
SAL-Ei-LM,bom_deep_7_3_15_5_No1_p30_ao75_am15_4_m30_ao75_am26_1,75,3,SATISFIED,1.3419,201727079.0,4139.62
SAL-Ei-LM,bom_deep_7_3_15_5_No1_p30_ao75_am15_4_m30_ao75_am26_1,75,4,SATISFIED,1.3445,204065665.0,4080.56
SAL-Ei-LM,bom_deep_7_3_15_5_No1_p30_ao75_am15_4_m30_ao75_am26_1,75,5,SATISFIED,1.2333,198700836.0,4427.56
SAL-Ei-LM,bom_deep_7_3_15_5_No1_p30_ao75_am15_4_m30_ao75_am26_1,75,6,SATISFIED,1.1905,199303195.0,5238.69
SAL-Ei-LM,bom_deep_7_3_15_5_No1_p30_ao75_am15_4_m30_ao75_am26_1,75,7,SATISFIED,1.2854,201267018.0,6327.81
SAL-Ei-LM,bom_deep_7_3_15_5_No1_p30_ao75_am15_4_m30_ao75_am26_1,75,8,SATISFIED,1.3195,200832318.0,4201.12
SAL-Ei-LM,bom_deep_7_3_15_5_No1_p30_ao75_am15_4_m30_ao75_am26_1,75,9,SATISFIED,1.3423,200218540.0,4152.91
SAL-Ei-LM,bom_deep_7_3_15_5_No1_p30_ao75_am15_4_m30_ao75_am26_1,75,10,SATISFIED,1.337,199892418.0,4148.62
SAL-Ei-LM,bom_deep_7_3_15_5_No1_p30_ao75_am15_4_m30_ao75_am27_4,75,1,SATISFIED,1.336,223586000.0,4246.56
SAL-Ei-LM,bom_deep_7_3_15_5_No1_p30_ao75_am15_4_m30_ao75_am27_4,75,2,SATISFIED,1.3308,212750840.0,4251.59
SAL-Ei-LM,bom_deep_7_3_15_5_No1_p30_ao75_am15_4_m30_ao75_am27_4,75,3,SATISFIED,1.4692,217595900.0,4243.94
SAL-Ei-LM,bom_deep_7_3_15_5_No1_p30_ao75_am15_4_m30_ao75_am27_4,75,4,SATISFIED,1.3267,221235559.0,4154.38
SAL-Ei-LM,bom_deep_7_3_15_5_No1_p30_ao75_am15_4_m30_ao75_am27_4,75,5,SATISFIED,1.3427,219474755.0,4218.34
SAL-Ei-LM,bom_deep_7_3_15_5_No1_p30_ao75_am15_4_m30_ao75_am27_4,75,6,SATISFIED,1.3369,220130837.0,4264.06
SAL-Ei-LM,bom_deep_7_3_15_5_No1_p30_ao75_am15_4_m30_ao75_am27_4,75,7,SATISFIED,1.3458,220823310.0,4242.97
SAL-Ei-LM,bom_deep_7_3_15_5_No1_p30_ao75_am15_4_m30_ao75_am27_4,75,8,SATISFIED,1.3323,220960805.0,4263.62
SAL-Ei-LM,bom_deep_7_3_15_5_No1_p30_ao75_am15_4_m30_ao75_am27_4,75,9,SATISFIED,1.2896,217768730.0,4362.78
SAL-Ei-LM,bom_deep_7_3_15_5_No1_p30_ao75_am15_4_m30_ao75_am27_4,75,10,SATISFIED,1.4076,210575569.0,4286.16
SAL-Ei-LM,bom_deep_7_3_15_5_No1_p30_ao75_am15_4_m30_ao75_am28_3,75,1,SATISFIED,1.2236,260721211.0,4169.97
SAL-Ei-LM,bom_deep_7_3_15_5_No1_p30_ao75_am15_4_m30_ao75_am28_3,75,2,SATISFIED,1.3523,264927073.0,4198.44
SAL-Ei-LM,bom_deep_7_3_15_5_No1_p30_ao75_am15_4_m30_ao75_am28_3,75,3,SATISFIED,1.3679,262304921.0,4119.78
SAL-Ei-LM,bom_deep_7_3_15_5_No1_p30_ao75_am15_4_m30_ao75_am28_3,75,4,SATISFIED,1.3408,261875411.0,4123.59
SAL-Ei-LM,bom_deep_7_3_15_5_No1_p30_ao75_am15_4_m30_ao75_am28_3,75,5,SATISFIED,1.3414,264120429.0,4087.66
SAL-Ei-LM,bom_deep_7_3_15_5_No1_p30_ao75_am15_4_m30_ao75_am28_3,75,6,SATISFIED,1.4006,260699265.0,4165.19
SAL-Ei-LM,bom_deep_7_3_15_5_No1_p30_ao75_am15_4_m30_ao75_am28_3,75,7,SATISFIED,1.3296,262272729.0,4098.16
SAL-Ei-LM,bom_deep_7_3_15_5_No1_p30_ao75_am15_4_m30_ao75_am28_3,75,8,SATISFIED,1.3399,262841827.0,4118.97
SAL-Ei-LM,bom_deep_7_3_15_5_No1_p30_ao75_am15_4_m30_ao75_am28_3,75,9,SATISFIED,1.3434,264755917.0,4166.62
SAL-Ei-LM,bom_deep_7_3_15_5_No1_p30_ao75_am15_4_m30_ao75_am28_3,75,10,SATISFIED,1.3396,262773526.0,4161.91
SAL-Ei-LM,bom_deep_7_3_15_5_No1_p30_ao75_am15_5,75,1,SATISFIED,1.3339,126585775.0,4108.66
SAL-Ei-LM,bom_deep_7_3_15_5_No1_p30_ao75_am15_5,75,2,SATISFIED,1.43,125443810.0,4087.16
SAL-Ei-LM,bom_deep_7_3_15_5_No1_p30_ao75_am15_5,75,3,SATISFIED,1.3227,126480030.0,4034.41
SAL-Ei-LM,bom_deep_7_3_15_5_No1_p30_ao75_am15_5,75,4,SATISFIED,1.3457,125648037.0,4095.28
SAL-Ei-LM,bom_deep_7_3_15_5_No1_p30_ao75_am15_5,75,5,SATISFIED,1.3571,125641143.0,4089.94
SAL-Ei-LM,bom_deep_7_3_15_5_No1_p30_ao75_am15_5,75,6,SATISFIED,1.3411,125547436.0,4098.66
SAL-Ei-LM,bom_deep_7_3_15_5_No1_p30_ao75_am15_5,75,7,SATISFIED,1.3432,124753128.0,4098.25
SAL-Ei-LM,bom_deep_7_3_15_5_No1_p30_ao75_am15_5,75,8,SATISFIED,1.3498,125217875.0,4096.03
SAL-Ei-LM,bom_deep_7_3_15_5_No1_p30_ao75_am15_5,75,9,SATISFIED,1.4123,126529450.0,4084.19
SAL-Ei-LM,bom_deep_7_3_15_5_No1_p30_ao75_am15_5,75,10,SATISFIED,1.3217,126488615.0,3991.47
SAL-Ei-LM,bom_deep_7_3_15_5_No1_p30_ao75_am15_5_m10_ao75_am10_1,75,1,SATISFIED,1.3375,422995490.0,4769.16
SAL-Ei-LM,bom_deep_7_3_15_5_No1_p30_ao75_am15_5_m10_ao75_am10_1,75,2,SATISFIED,1.3499,422994477.0,4796.59
SAL-Ei-LM,bom_deep_7_3_15_5_No1_p30_ao75_am15_5_m10_ao75_am10_1,75,3,SATISFIED,1.3202,422982977.0,4889.84
SAL-Ei-LM,bom_deep_7_3_15_5_No1_p30_ao75_am15_5_m10_ao75_am10_1,75,4,SATISFIED,1.3298,422994675.0,4889.81
SAL-Ei-LM,bom_deep_7_3_15_5_No1_p30_ao75_am15_5_m10_ao75_am10_1,75,5,SATISFIED,1.3269,423025245.0,4935.72
SAL-Ei-LM,bom_deep_7_3_15_5_No1_p30_ao75_am15_5_m10_ao75_am10_1,75,6,SATISFIED,1.407,422960834.0,4967.19
SAL-Ei-LM,bom_deep_7_3_15_5_No1_p30_ao75_am15_5_m10_ao75_am10_1,75,7,SATISFIED,1.3108,423013909.0,4825.09
SAL-Ei-LM,bom_deep_7_3_15_5_No1_p30_ao75_am15_5_m10_ao75_am10_1,75,8,SATISFIED,1.3223,422994455.0,4952.09
SAL-Ei-LM,bom_deep_7_3_15_5_No1_p30_ao75_am15_5_m10_ao75_am10_1,75,9,SATISFIED,1.3513,422998780.0,4885.91
SAL-Ei-LM,bom_deep_7_3_15_5_No1_p30_ao75_am15_5_m10_ao75_am10_1,75,10,SATISFIED,1.3283,422954802.0,4885.59
SAL-Ei-LM,bom_deep_7_3_15_5_No1_p30_ao75_am15_5_m10_ao75_am10_2,75,1,SATISFIED,1.3228,190312295.0,4696.78
SAL-Ei-LM,bom_deep_7_3_15_5_No1_p30_ao75_am15_5_m10_ao75_am10_2,75,2,SATISFIED,1.3354,190300330.0,4648.88
SAL-Ei-LM,bom_deep_7_3_15_5_No1_p30_ao75_am15_5_m10_ao75_am10_2,75,3,SATISFIED,1.4454,190323998.0,4684.75
SAL-Ei-LM,bom_deep_7_3_15_5_No1_p30_ao75_am15_5_m10_ao75_am10_2,75,4,SATISFIED,1.3492,190324084.0,4567.0
SAL-Ei-LM,bom_deep_7_3_15_5_No1_p30_ao75_am15_5_m10_ao75_am10_2,75,5,SATISFIED,1.3163,190534197.0,4707.84
SAL-Ei-LM,bom_deep_7_3_15_5_No1_p30_ao75_am15_5_m10_ao75_am10_2,75,6,SATISFIED,1.332,190534947.0,4719.41
SAL-Ei-LM,bom_deep_7_3_15_5_No1_p30_ao75_am15_5_m10_ao75_am10_2,75,7,SATISFIED,1.362,190571701.0,4683.69
SAL-Ei-LM,bom_deep_7_3_15_5_No1_p30_ao75_am15_5_m10_ao75_am10_2,75,8,SATISFIED,1.3517,190315759.0,4673.44
SAL-Ei-LM,bom_deep_7_3_15_5_No1_p30_ao75_am15_5_m10_ao75_am10_2,75,9,SATISFIED,1.3628,190286242.0,4666.5
SAL-Ei-LM,bom_deep_7_3_15_5_No1_p30_ao75_am15_5_m10_ao75_am10_2,75,10,SATISFIED,1.3188,190534422.0,4763.41
SAL-Ei-LM,bom_deep_7_3_15_5_No1_p30_ao75_am15_5_m10_ao75_am10_3,75,1,SATISFIED,1.3598,914771514.0,4517.19
SAL-Ei-LM,bom_deep_7_3_15_5_No1_p30_ao75_am15_5_m10_ao75_am10_3,75,2,SATISFIED,1.3168,914902002.0,4451.66
SAL-Ei-LM,bom_deep_7_3_15_5_No1_p30_ao75_am15_5_m10_ao75_am10_3,75,3,SATISFIED,1.3271,914747425.0,4520.62
SAL-Ei-LM,bom_deep_7_3_15_5_No1_p30_ao75_am15_5_m10_ao75_am10_3,75,4,SATISFIED,1.333,916093206.0,4501.22
SAL-Ei-LM,bom_deep_7_3_15_5_No1_p30_ao75_am15_5_m10_ao75_am10_3,75,5,SATISFIED,1.337,914788280.0,4523.41
SAL-Ei-LM,bom_deep_7_3_15_5_No1_p30_ao75_am15_5_m10_ao75_am10_3,75,6,SATISFIED,1.3185,914901954.0,4574.5
SAL-Ei-LM,bom_deep_7_3_15_5_No1_p30_ao75_am15_5_m10_ao75_am10_3,75,7,SATISFIED,1.343,914902018.0,4513.5
SAL-Ei-LM,bom_deep_7_3_15_5_No1_p30_ao75_am15_5_m10_ao75_am10_3,75,8,SATISFIED,1.4266,915006805.0,4477.41
SAL-Ei-LM,bom_deep_7_3_15_5_No1_p30_ao75_am15_5_m10_ao75_am10_3,75,9,SATISFIED,1.3201,914902050.0,4422.56
SAL-Ei-LM,bom_deep_7_3_15_5_No1_p30_ao75_am15_5_m10_ao75_am10_3,75,10,SATISFIED,1.3252,915086475.0,4457.81
SAL-Ei-LM,bom_deep_7_3_15_5_No1_p30_ao75_am15_5_m10_ao75_am10_4,75,1,SATISFIED,1.3332,561574353.0,4604.0
SAL-Ei-LM,bom_deep_7_3_15_5_No1_p30_ao75_am15_5_m10_ao75_am10_4,75,2,SATISFIED,1.3194,561540076.0,4674.06
SAL-Ei-LM,bom_deep_7_3_15_5_No1_p30_ao75_am15_5_m10_ao75_am10_4,75,3,SATISFIED,1.3358,561920350.0,4605.03
SAL-Ei-LM,bom_deep_7_3_15_5_No1_p30_ao75_am15_5_m10_ao75_am10_4,75,4,SATISFIED,1.317,561582590.0,4577.09
SAL-Ei-LM,bom_deep_7_3_15_5_No1_p30_ao75_am15_5_m10_ao75_am10_4,75,5,SATISFIED,1.5016,561633805.0,4564.81
SAL-Ei-LM,bom_deep_7_3_15_5_No1_p30_ao75_am15_5_m10_ao75_am10_4,75,6,SATISFIED,1.3265,561519189.0,4487.19
SAL-Ei-LM,bom_deep_7_3_15_5_No1_p30_ao75_am15_5_m10_ao75_am10_4,75,7,SATISFIED,1.3385,561527038.0,4586.81
SAL-Ei-LM,bom_deep_7_3_15_5_No1_p30_ao75_am15_5_m10_ao75_am10_4,75,8,SATISFIED,1.336,561677270.0,4622.06
SAL-Ei-LM,bom_deep_7_3_15_5_No1_p30_ao75_am15_5_m10_ao75_am10_4,75,9,SATISFIED,1.3293,561535975.0,4611.91
SAL-Ei-LM,bom_deep_7_3_15_5_No1_p30_ao75_am15_5_m10_ao75_am10_4,75,10,SATISFIED,1.341,561543990.0,4571.03
SAL-Ei-LM,bom_deep_7_3_15_5_No1_p30_ao75_am15_5_m10_ao75_am10_5,75,1,SATISFIED,1.3374,1079173474.0,4696.22
SAL-Ei-LM,bom_deep_7_3_15_5_No1_p30_ao75_am15_5_m10_ao75_am10_5,75,2,SATISFIED,1.4504,1080281309.0,4706.34
SAL-Ei-LM,bom_deep_7_3_15_5_No1_p30_ao75_am15_5_m10_ao75_am10_5,75,3,SATISFIED,1.3289,1078727284.0,4644.31
SAL-Ei-LM,bom_deep_7_3_15_5_No1_p30_ao75_am15_5_m10_ao75_am10_5,75,4,SATISFIED,1.3335,1080711307.0,4705.41
SAL-Ei-LM,bom_deep_7_3_15_5_No1_p30_ao75_am15_5_m10_ao75_am10_5,75,5,SATISFIED,1.2558,1080051315.0,5033.34
SAL-Ei-LM,bom_deep_7_3_15_5_No1_p30_ao75_am15_5_m10_ao75_am10_5,75,6,SATISFIED,1.2791,1079389146.0,5081.31
SAL-Ei-LM,bom_deep_7_3_15_5_No1_p30_ao75_am15_5_m10_ao75_am10_5,75,7,SATISFIED,1.3422,1079266465.0,4871.69
SAL-Ei-LM,bom_deep_7_3_15_5_No1_p30_ao75_am15_5_m10_ao75_am10_5,75,8,SATISFIED,1.3284,1081491029.0,4805.03
SAL-Ei-LM,bom_deep_7_3_15_5_No1_p30_ao75_am15_5_m10_ao75_am10_5,75,9,SATISFIED,1.3386,1080189018.0,4746.66
SAL-Ei-LM,bom_deep_7_3_15_5_No1_p30_ao75_am15_5_m10_ao75_am10_5,75,10,SATISFIED,1.3811,1079808237.0,4727.38
SAL-Ei-LM,bom_deep_7_3_15_5_No1_p30_ao75_am15_5_m30_ao75_am25_1,75,1,SATISFIED,1.315,558528712.0,4287.66
SAL-Ei-LM,bom_deep_7_3_15_5_No1_p30_ao75_am15_5_m30_ao75_am25_1,75,2,SATISFIED,1.3362,560889785.0,4378.94
SAL-Ei-LM,bom_deep_7_3_15_5_No1_p30_ao75_am15_5_m30_ao75_am25_1,75,3,SATISFIED,1.3341,563012407.0,4390.84
SAL-Ei-LM,bom_deep_7_3_15_5_No1_p30_ao75_am15_5_m30_ao75_am25_1,75,4,SATISFIED,1.3435,557075462.0,4369.38
SAL-Ei-LM,bom_deep_7_3_15_5_No1_p30_ao75_am15_5_m30_ao75_am25_1,75,5,SATISFIED,1.3424,562950550.0,4388.72
SAL-Ei-LM,bom_deep_7_3_15_5_No1_p30_ao75_am15_5_m30_ao75_am25_1,75,6,SATISFIED,1.4175,566940597.0,4389.84
SAL-Ei-LM,bom_deep_7_3_15_5_No1_p30_ao75_am15_5_m30_ao75_am25_1,75,7,SATISFIED,1.3231,558867117.0,4284.25
SAL-Ei-LM,bom_deep_7_3_15_5_No1_p30_ao75_am15_5_m30_ao75_am25_1,75,8,SATISFIED,1.3424,559746705.0,4346.81
SAL-Ei-LM,bom_deep_7_3_15_5_No1_p30_ao75_am15_5_m30_ao75_am25_1,75,9,SATISFIED,1.3417,563411325.0,4410.16
SAL-Ei-LM,bom_deep_7_3_15_5_No1_p30_ao75_am15_5_m30_ao75_am25_1,75,10,SATISFIED,1.3472,558329980.0,4346.12
SAL-Ei-LM,bom_deep_7_3_15_5_No1_p30_ao75_am15_5_m30_ao75_am25_4,75,1,SATISFIED,1.3398,467726695.0,4166.47
SAL-Ei-LM,bom_deep_7_3_15_5_No1_p30_ao75_am15_5_m30_ao75_am25_4,75,2,SATISFIED,1.4513,472739806.0,4184.78
SAL-Ei-LM,bom_deep_7_3_15_5_No1_p30_ao75_am15_5_m30_ao75_am25_4,75,3,SATISFIED,1.2447,472332552.0,4174.03
SAL-Ei-LM,bom_deep_7_3_15_5_No1_p30_ao75_am15_5_m30_ao75_am25_4,75,4,SATISFIED,1.3401,468991397.0,4238.56
SAL-Ei-LM,bom_deep_7_3_15_5_No1_p30_ao75_am15_5_m30_ao75_am25_4,75,5,SATISFIED,1.351,465055174.0,4235.34
SAL-Ei-LM,bom_deep_7_3_15_5_No1_p30_ao75_am15_5_m30_ao75_am25_4,75,6,SATISFIED,1.3385,467134827.0,4259.59
SAL-Ei-LM,bom_deep_7_3_15_5_No1_p30_ao75_am15_5_m30_ao75_am25_4,75,7,SATISFIED,1.3443,476891340.0,4239.22
SAL-Ei-LM,bom_deep_7_3_15_5_No1_p30_ao75_am15_5_m30_ao75_am25_4,75,8,SATISFIED,1.3373,476963574.0,4261.66
SAL-Ei-LM,bom_deep_7_3_15_5_No1_p30_ao75_am15_5_m30_ao75_am25_4,75,9,SATISFIED,1.3762,465211853.0,4230.75
SAL-Ei-LM,bom_deep_7_3_15_5_No1_p30_ao75_am15_5_m30_ao75_am25_4,75,10,SATISFIED,1.3255,474870490.0,4200.94
SAL-Ei-LM,bom_deep_7_3_15_5_No1_p30_ao75_am15_5_m30_ao75_am26_2,75,1,SATISFIED,1.3649,184785271.0,4184.78
SAL-Ei-LM,bom_deep_7_3_15_5_No1_p30_ao75_am15_5_m30_ao75_am26_2,75,2,SATISFIED,1.3558,182608578.0,4214.97
SAL-Ei-LM,bom_deep_7_3_15_5_No1_p30_ao75_am15_5_m30_ao75_am26_2,75,3,SATISFIED,1.3432,184815920.0,4255.5
SAL-Ei-LM,bom_deep_7_3_15_5_No1_p30_ao75_am15_5_m30_ao75_am26_2,75,4,SATISFIED,1.345,182949860.0,4236.53
SAL-Ei-LM,bom_deep_7_3_15_5_No1_p30_ao75_am15_5_m30_ao75_am26_2,75,5,SATISFIED,1.3984,183126265.0,4234.47
SAL-Ei-LM,bom_deep_7_3_15_5_No1_p30_ao75_am15_5_m30_ao75_am26_2,75,6,SATISFIED,1.3244,181929903.0,4203.56
SAL-Ei-LM,bom_deep_7_3_15_5_No1_p30_ao75_am15_5_m30_ao75_am26_2,75,7,SATISFIED,1.3435,186112774.0,4234.56
SAL-Ei-LM,bom_deep_7_3_15_5_No1_p30_ao75_am15_5_m30_ao75_am26_2,75,8,SATISFIED,1.3437,185645557.0,4222.88
SAL-Ei-LM,bom_deep_7_3_15_5_No1_p30_ao75_am15_5_m30_ao75_am26_2,75,9,SATISFIED,1.3456,183878023.0,4257.91
SAL-Ei-LM,bom_deep_7_3_15_5_No1_p30_ao75_am15_5_m30_ao75_am26_2,75,10,SATISFIED,1.3379,181786914.0,4245.06
SAL-Ei-LM,bom_deep_7_3_15_5_No1_p30_ao75_am15_5_m30_ao75_am26_3,75,1,SATISFIED,1.4048,343751680.0,4149.22
SAL-Ei-LM,bom_deep_7_3_15_5_No1_p30_ao75_am15_5_m30_ao75_am26_3,75,2,SATISFIED,1.3354,341615545.0,4095.28
SAL-Ei-LM,bom_deep_7_3_15_5_No1_p30_ao75_am15_5_m30_ao75_am26_3,75,3,SATISFIED,1.345,343437780.0,4183.62
SAL-Ei-LM,bom_deep_7_3_15_5_No1_p30_ao75_am15_5_m30_ao75_am26_3,75,4,SATISFIED,1.3483,341255649.0,4165.62
SAL-Ei-LM,bom_deep_7_3_15_5_No1_p30_ao75_am15_5_m30_ao75_am26_3,75,5,SATISFIED,1.353,342512915.0,4167.0
SAL-Ei-LM,bom_deep_7_3_15_5_No1_p30_ao75_am15_5_m30_ao75_am26_3,75,6,SATISFIED,1.3551,342366975.0,4187.12
SAL-Ei-LM,bom_deep_7_3_15_5_No1_p30_ao75_am15_5_m30_ao75_am26_3,75,7,SATISFIED,1.4518,344972892.0,4147.41
SAL-Ei-LM,bom_deep_7_3_15_5_No1_p30_ao75_am15_5_m30_ao75_am26_3,75,8,SATISFIED,1.3289,343312680.0,4090.19
SAL-Ei-LM,bom_deep_7_3_15_5_No1_p30_ao75_am15_5_m30_ao75_am26_3,75,9,SATISFIED,1.3453,341375725.0,4164.28
SAL-Ei-LM,bom_deep_7_3_15_5_No1_p30_ao75_am15_5_m30_ao75_am26_3,75,10,SATISFIED,1.3357,341908595.0,4234.94
SAL-Ei-LM,bom_deep_7_3_15_5_No1_p30_ao75_am15_5_m30_ao75_am26_5,75,1,SATISFIED,1.3334,457555081.0,4393.97
SAL-Ei-LM,bom_deep_7_3_15_5_No1_p30_ao75_am15_5_m30_ao75_am26_5,75,2,SATISFIED,1.3389,464829365.0,4443.47
SAL-Ei-LM,bom_deep_7_3_15_5_No1_p30_ao75_am15_5_m30_ao75_am26_5,75,3,SATISFIED,1.4681,457772515.0,4391.81
SAL-Ei-LM,bom_deep_7_3_15_5_No1_p30_ao75_am15_5_m30_ao75_am26_5,75,4,SATISFIED,1.3214,456837054.0,4312.94
SAL-Ei-LM,bom_deep_7_3_15_5_No1_p30_ao75_am15_5_m30_ao75_am26_5,75,5,SATISFIED,1.3346,460194105.0,4394.5
SAL-Ei-LM,bom_deep_7_3_15_5_No1_p30_ao75_am15_5_m30_ao75_am26_5,75,6,SATISFIED,1.3385,462924683.0,4419.34
SAL-Ei-LM,bom_deep_7_3_15_5_No1_p30_ao75_am15_5_m30_ao75_am26_5,75,7,SATISFIED,1.3261,459764550.0,4439.94
SAL-Ei-LM,bom_deep_7_3_15_5_No1_p30_ao75_am15_5_m30_ao75_am26_5,75,8,SATISFIED,1.3405,460888415.0,4383.06
SAL-Ei-LM,bom_deep_7_3_15_5_No1_p30_ao75_am15_5_m30_ao75_am26_5,75,9,SATISFIED,1.3497,459459738.0,4428.0
SAL-Ei-LM,bom_deep_7_3_15_5_No1_p30_ao75_am15_5_m30_ao75_am26_5,75,10,SATISFIED,1.4343,459412089.0,4410.97
SAL-Ei-LM,bom_deep_7_3_15_5_No1_p40_ao81_am15_1,81,1,SATISFIED,1.344,122535695.0,4009.28
SAL-Ei-LM,bom_deep_7_3_15_5_No1_p40_ao81_am15_1,81,2,SATISFIED,1.3549,122535840.0,4079.38
SAL-Ei-LM,bom_deep_7_3_15_5_No1_p40_ao81_am15_1,81,3,SATISFIED,1.3634,122480825.0,4121.22
SAL-Ei-LM,bom_deep_7_3_15_5_No1_p40_ao81_am15_1,81,4,SATISFIED,1.358,122593965.0,4159.69
SAL-Ei-LM,bom_deep_7_3_15_5_No1_p40_ao81_am15_1,81,5,SATISFIED,1.3583,122468255.0,4174.03
SAL-Ei-LM,bom_deep_7_3_15_5_No1_p40_ao81_am15_1,81,6,SATISFIED,1.4262,122449000.0,4136.88
SAL-Ei-LM,bom_deep_7_3_15_5_No1_p40_ao81_am15_1,81,7,SATISFIED,1.3464,122597435.0,4062.91
SAL-Ei-LM,bom_deep_7_3_15_5_No1_p40_ao81_am15_1,81,8,SATISFIED,1.3582,122545450.0,4102.69
SAL-Ei-LM,bom_deep_7_3_15_5_No1_p40_ao81_am15_1,81,9,SATISFIED,1.361,122498300.0,4117.97
SAL-Ei-LM,bom_deep_7_3_15_5_No1_p40_ao81_am15_1,81,10,SATISFIED,1.3628,122541745.0,4135.12
SAL-Ei-LM,bom_deep_7_3_15_5_No1_p40_ao81_am15_1_m12_ao81_am12_1,81,1,SATISFIED,1.355,74728725.0,4206.75
SAL-Ei-LM,bom_deep_7_3_15_5_No1_p40_ao81_am15_1_m12_ao81_am12_1,81,2,SATISFIED,1.5263,75721366.0,4205.31
SAL-Ei-LM,bom_deep_7_3_15_5_No1_p40_ao81_am15_1_m12_ao81_am12_1,81,3,SATISFIED,1.3393,71777556.0,4170.41
SAL-Ei-LM,bom_deep_7_3_15_5_No1_p40_ao81_am15_1_m12_ao81_am12_1,81,4,SATISFIED,1.3509,74159672.0,4217.31
SAL-Ei-LM,bom_deep_7_3_15_5_No1_p40_ao81_am15_1_m12_ao81_am12_1,81,5,SATISFIED,1.37,73466710.0,4209.78
SAL-Ei-LM,bom_deep_7_3_15_5_No1_p40_ao81_am15_1_m12_ao81_am12_1,81,6,SATISFIED,1.3726,75238321.0,4226.56
SAL-Ei-LM,bom_deep_7_3_15_5_No1_p40_ao81_am15_1_m12_ao81_am12_1,81,7,SATISFIED,1.3544,73840152.0,4244.72
SAL-Ei-LM,bom_deep_7_3_15_5_No1_p40_ao81_am15_1_m12_ao81_am12_1,81,8,SATISFIED,1.3641,74575625.0,4244.88
SAL-Ei-LM,bom_deep_7_3_15_5_No1_p40_ao81_am15_1_m12_ao81_am12_1,81,9,SATISFIED,1.4465,75170685.0,4171.16
SAL-Ei-LM,bom_deep_7_3_15_5_No1_p40_ao81_am15_1_m12_ao81_am12_1,81,10,SATISFIED,1.3544,73969029.0,4093.03
SAL-Ei-LM,bom_deep_7_3_15_5_No1_p40_ao81_am15_1_m12_ao81_am12_2,81,1,SATISFIED,1.3541,60598380.0,4057.34
SAL-Ei-LM,bom_deep_7_3_15_5_No1_p40_ao81_am15_1_m12_ao81_am12_2,81,2,SATISFIED,1.3138,60428410.0,4249.0
SAL-Ei-LM,bom_deep_7_3_15_5_No1_p40_ao81_am15_1_m12_ao81_am12_2,81,3,SATISFIED,1.3676,60522170.0,4185.72
SAL-Ei-LM,bom_deep_7_3_15_5_No1_p40_ao81_am15_1_m12_ao81_am12_2,81,4,SATISFIED,1.3767,60884565.0,4070.78
SAL-Ei-LM,bom_deep_7_3_15_5_No1_p40_ao81_am15_1_m12_ao81_am12_2,81,5,SATISFIED,1.3735,60538950.0,4087.34
SAL-Ei-LM,bom_deep_7_3_15_5_No1_p40_ao81_am15_1_m12_ao81_am12_2,81,6,SATISFIED,1.4179,59924090.0,4092.0
SAL-Ei-LM,bom_deep_7_3_15_5_No1_p40_ao81_am15_1_m12_ao81_am12_2,81,7,SATISFIED,1.3481,60664825.0,4104.09
SAL-Ei-LM,bom_deep_7_3_15_5_No1_p40_ao81_am15_1_m12_ao81_am12_2,81,8,SATISFIED,1.3489,60757035.0,4174.56
SAL-Ei-LM,bom_deep_7_3_15_5_No1_p40_ao81_am15_1_m12_ao81_am12_2,81,9,SATISFIED,1.3534,60441375.0,4186.88
SAL-Ei-LM,bom_deep_7_3_15_5_No1_p40_ao81_am15_1_m12_ao81_am12_2,81,10,SATISFIED,1.3538,60569396.0,4203.44
SAL-Ei-LM,bom_deep_7_3_15_5_No1_p40_ao81_am15_1_m12_ao81_am12_3,81,1,SATISFIED,1.2855,77145005.0,4404.47
SAL-Ei-LM,bom_deep_7_3_15_5_No1_p40_ao81_am15_1_m12_ao81_am12_3,81,2,SATISFIED,1.4445,77334235.0,4328.0
SAL-Ei-LM,bom_deep_7_3_15_5_No1_p40_ao81_am15_1_m12_ao81_am12_3,81,3,SATISFIED,1.3389,77107707.0,4195.94
SAL-Ei-LM,bom_deep_7_3_15_5_No1_p40_ao81_am15_1_m12_ao81_am12_3,81,4,SATISFIED,1.3454,77411334.0,4280.44
SAL-Ei-LM,bom_deep_7_3_15_5_No1_p40_ao81_am15_1_m12_ao81_am12_3,81,5,SATISFIED,1.3443,77453910.0,4244.34
SAL-Ei-LM,bom_deep_7_3_15_5_No1_p40_ao81_am15_1_m12_ao81_am12_3,81,6,SATISFIED,1.3529,77219940.0,4323.91
SAL-Ei-LM,bom_deep_7_3_15_5_No1_p40_ao81_am15_1_m12_ao81_am12_3,81,7,SATISFIED,1.3585,77270789.0,4314.66
SAL-Ei-LM,bom_deep_7_3_15_5_No1_p40_ao81_am15_1_m12_ao81_am12_3,81,8,SATISFIED,1.3619,77166838.0,4319.38
SAL-Ei-LM,bom_deep_7_3_15_5_No1_p40_ao81_am15_1_m12_ao81_am12_3,81,9,SATISFIED,1.4206,77091545.0,4280.0
SAL-Ei-LM,bom_deep_7_3_15_5_No1_p40_ao81_am15_1_m12_ao81_am12_3,81,10,SATISFIED,1.3503,77440323.0,4230.09
SAL-Ei-LM,bom_deep_7_3_15_5_No1_p40_ao81_am15_1_m12_ao81_am12_4,81,1,SATISFIED,1.3606,75582300.0,3981.94
SAL-Ei-LM,bom_deep_7_3_15_5_No1_p40_ao81_am15_1_m12_ao81_am12_4,81,2,SATISFIED,1.3949,75731558.0,3992.75
SAL-Ei-LM,bom_deep_7_3_15_5_No1_p40_ao81_am15_1_m12_ao81_am12_4,81,3,SATISFIED,1.3548,73850325.0,4032.34
SAL-Ei-LM,bom_deep_7_3_15_5_No1_p40_ao81_am15_1_m12_ao81_am12_4,81,4,SATISFIED,1.3592,73362565.0,4042.44
SAL-Ei-LM,bom_deep_7_3_15_5_No1_p40_ao81_am15_1_m12_ao81_am12_4,81,5,SATISFIED,1.4679,75716810.0,4057.09
SAL-Ei-LM,bom_deep_7_3_15_5_No1_p40_ao81_am15_1_m12_ao81_am12_4,81,6,SATISFIED,1.3541,75048460.0,3977.84
SAL-Ei-LM,bom_deep_7_3_15_5_No1_p40_ao81_am15_1_m12_ao81_am12_4,81,7,SATISFIED,1.4004,74017501.0,4003.16
SAL-Ei-LM,bom_deep_7_3_15_5_No1_p40_ao81_am15_1_m12_ao81_am12_4,81,8,SATISFIED,1.3517,75309611.0,4030.78
SAL-Ei-LM,bom_deep_7_3_15_5_No1_p40_ao81_am15_1_m12_ao81_am12_4,81,9,SATISFIED,1.3022,72860110.0,4138.03
SAL-Ei-LM,bom_deep_7_3_15_5_No1_p40_ao81_am15_1_m12_ao81_am12_4,81,10,SATISFIED,1.3693,77071093.0,4071.0
SAL-Ei-LM,bom_deep_7_3_15_5_No1_p40_ao81_am15_1_m12_ao81_am12_5,81,1,SATISFIED,1.345,35877925.0,4217.84
SAL-Ei-LM,bom_deep_7_3_15_5_No1_p40_ao81_am15_1_m12_ao81_am12_5,81,2,SATISFIED,1.4118,35410890.0,4185.94
SAL-Ei-LM,bom_deep_7_3_15_5_No1_p40_ao81_am15_1_m12_ao81_am12_5,81,3,SATISFIED,1.3475,34817550.0,4183.06
SAL-Ei-LM,bom_deep_7_3_15_5_No1_p40_ao81_am15_1_m12_ao81_am12_5,81,4,SATISFIED,1.3493,35488340.0,4227.06
SAL-Ei-LM,bom_deep_7_3_15_5_No1_p40_ao81_am15_1_m12_ao81_am12_5,81,5,SATISFIED,1.3527,34777935.0,4238.59
SAL-Ei-LM,bom_deep_7_3_15_5_No1_p40_ao81_am15_1_m12_ao81_am12_5,81,6,SATISFIED,1.3552,35001880.0,4275.06
SAL-Ei-LM,bom_deep_7_3_15_5_No1_p40_ao81_am15_1_m12_ao81_am12_5,81,7,SATISFIED,1.3631,35569475.0,4263.56
SAL-Ei-LM,bom_deep_7_3_15_5_No1_p40_ao81_am15_1_m12_ao81_am12_5,81,8,SATISFIED,1.5105,35541575.0,4259.97
SAL-Ei-LM,bom_deep_7_3_15_5_No1_p40_ao81_am15_1_m12_ao81_am12_5,81,9,SATISFIED,1.3527,35451922.0,4177.72
SAL-Ei-LM,bom_deep_7_3_15_5_No1_p40_ao81_am15_1_m12_ao81_am12_5,81,10,SATISFIED,1.3681,35383495.0,4198.97
SAL-Ei-LM,bom_deep_7_3_15_5_No1_p40_ao81_am15_1_m35_ao81_am32_1,81,1,SATISFIED,1.4302,51533870.0,3458.5
SAL-Ei-LM,bom_deep_7_3_15_5_No1_p40_ao81_am15_1_m35_ao81_am32_1,81,2,SATISFIED,1.3606,51078848.0,3460.97
SAL-Ei-LM,bom_deep_7_3_15_5_No1_p40_ao81_am15_1_m35_ao81_am32_1,81,3,SATISFIED,1.3528,51004826.0,3494.44
SAL-Ei-LM,bom_deep_7_3_15_5_No1_p40_ao81_am15_1_m35_ao81_am32_1,81,4,SATISFIED,1.4707,50085882.0,3486.88
SAL-Ei-LM,bom_deep_7_3_15_5_No1_p40_ao81_am15_1_m35_ao81_am32_1,81,5,SATISFIED,1.3459,49253930.0,3452.31
SAL-Ei-LM,bom_deep_7_3_15_5_No1_p40_ao81_am15_1_m35_ao81_am32_1,81,6,SATISFIED,1.3495,48926642.0,3494.47
SAL-Ei-LM,bom_deep_7_3_15_5_No1_p40_ao81_am15_1_m35_ao81_am32_1,81,7,SATISFIED,1.3457,51104492.0,3513.59
SAL-Ei-LM,bom_deep_7_3_15_5_No1_p40_ao81_am15_1_m35_ao81_am32_1,81,8,SATISFIED,1.3652,50171511.0,3523.94
SAL-Ei-LM,bom_deep_7_3_15_5_No1_p40_ao81_am15_1_m35_ao81_am32_1,81,9,SATISFIED,1.3817,50601182.0,3511.62
SAL-Ei-LM,bom_deep_7_3_15_5_No1_p40_ao81_am15_1_m35_ao81_am32_1,81,10,SATISFIED,1.4418,49815244.0,3550.41
SAL-Ei-LM,bom_deep_7_3_15_5_No1_p40_ao81_am15_1_m35_ao81_am32_4,81,1,SATISFIED,1.3397,34452030.0,3427.53
SAL-Ei-LM,bom_deep_7_3_15_5_No1_p40_ao81_am15_1_m35_ao81_am32_4,81,2,SATISFIED,1.3576,34373315.0,3478.66
SAL-Ei-LM,bom_deep_7_3_15_5_No1_p40_ao81_am15_1_m35_ao81_am32_4,81,3,SATISFIED,1.3658,34565873.0,3477.84
SAL-Ei-LM,bom_deep_7_3_15_5_No1_p40_ao81_am15_1_m35_ao81_am32_4,81,4,SATISFIED,1.2707,33895114.0,3710.97
SAL-Ei-LM,bom_deep_7_3_15_5_No1_p40_ao81_am15_1_m35_ao81_am32_4,81,5,SATISFIED,1.4134,34439792.0,3880.38
SAL-Ei-LM,bom_deep_7_3_15_5_No1_p40_ao81_am15_1_m35_ao81_am32_4,81,6,SATISFIED,1.3434,34607685.0,3454.44
SAL-Ei-LM,bom_deep_7_3_15_5_No1_p40_ao81_am15_1_m35_ao81_am32_4,81,7,SATISFIED,1.3587,34747038.0,3492.0
SAL-Ei-LM,bom_deep_7_3_15_5_No1_p40_ao81_am15_1_m35_ao81_am32_4,81,8,SATISFIED,1.3663,35010415.0,3498.66
SAL-Ei-LM,bom_deep_7_3_15_5_No1_p40_ao81_am15_1_m35_ao81_am32_4,81,9,SATISFIED,1.3641,35165028.0,3505.12
SAL-Ei-LM,bom_deep_7_3_15_5_No1_p40_ao81_am15_1_m35_ao81_am32_4,81,10,SATISFIED,1.374,34205400.0,3459.19
SAL-Ei-LM,bom_deep_7_3_15_5_No1_p40_ao81_am15_1_m35_ao81_am33_2,81,1,SATISFIED,1.4349,34873493.0,3429.47
SAL-Ei-LM,bom_deep_7_3_15_5_No1_p40_ao81_am15_1_m35_ao81_am33_2,81,2,SATISFIED,1.3601,34317900.0,3409.41
SAL-Ei-LM,bom_deep_7_3_15_5_No1_p40_ao81_am15_1_m35_ao81_am33_2,81,3,SATISFIED,1.3596,35922975.0,3466.5
SAL-Ei-LM,bom_deep_7_3_15_5_No1_p40_ao81_am15_1_m35_ao81_am33_2,81,4,SATISFIED,1.3589,35097794.0,3473.03
SAL-Ei-LM,bom_deep_7_3_15_5_No1_p40_ao81_am15_1_m35_ao81_am33_2,81,5,SATISFIED,1.3572,34993902.0,3458.53
SAL-Ei-LM,bom_deep_7_3_15_5_No1_p40_ao81_am15_1_m35_ao81_am33_2,81,6,SATISFIED,1.3671,35808853.0,3455.44
SAL-Ei-LM,bom_deep_7_3_15_5_No1_p40_ao81_am15_1_m35_ao81_am33_2,81,7,SATISFIED,1.4288,34206248.0,3463.53
SAL-Ei-LM,bom_deep_7_3_15_5_No1_p40_ao81_am15_1_m35_ao81_am33_2,81,8,SATISFIED,1.35,33972650.0,3455.78
SAL-Ei-LM,bom_deep_7_3_15_5_No1_p40_ao81_am15_1_m35_ao81_am33_2,81,9,SATISFIED,1.353,36005880.0,3487.66
SAL-Ei-LM,bom_deep_7_3_15_5_No1_p40_ao81_am15_1_m35_ao81_am33_2,81,10,SATISFIED,1.3613,34140555.0,3484.09
SAL-Ei-LM,bom_deep_7_3_15_5_No1_p40_ao81_am15_1_m35_ao81_am33_3,81,1,SATISFIED,1.3652,58360050.0,3482.28
SAL-Ei-LM,bom_deep_7_3_15_5_No1_p40_ao81_am15_1_m35_ao81_am33_3,81,2,SATISFIED,1.4853,59377660.0,3522.47
SAL-Ei-LM,bom_deep_7_3_15_5_No1_p40_ao81_am15_1_m35_ao81_am33_3,81,3,SATISFIED,1.3451,55043229.0,3446.47
SAL-Ei-LM,bom_deep_7_3_15_5_No1_p40_ao81_am15_1_m35_ao81_am33_3,81,4,SATISFIED,1.3628,60012292.0,3509.16
SAL-Ei-LM,bom_deep_7_3_15_5_No1_p40_ao81_am15_1_m35_ao81_am33_3,81,5,SATISFIED,1.3685,58772319.0,3537.19
SAL-Ei-LM,bom_deep_7_3_15_5_No1_p40_ao81_am15_1_m35_ao81_am33_3,81,6,SATISFIED,1.3676,57115736.0,3561.59
SAL-Ei-LM,bom_deep_7_3_15_5_No1_p40_ao81_am15_1_m35_ao81_am33_3,81,7,SATISFIED,1.3577,57943763.0,3592.53
SAL-Ei-LM,bom_deep_7_3_15_5_No1_p40_ao81_am15_1_m35_ao81_am33_3,81,8,SATISFIED,1.4154,58229941.0,3561.22
SAL-Ei-LM,bom_deep_7_3_15_5_No1_p40_ao81_am15_1_m35_ao81_am33_3,81,9,SATISFIED,1.3518,59771512.0,3483.88
SAL-Ei-LM,bom_deep_7_3_15_5_No1_p40_ao81_am15_1_m35_ao81_am33_3,81,10,SATISFIED,1.3592,57214191.0,3530.91
SAL-Ei-LM,bom_deep_7_3_15_5_No1_p40_ao81_am15_1_m35_ao81_am34_5,81,1,SATISFIED,1.3542,78554871.0,3472.78
SAL-Ei-LM,bom_deep_7_3_15_5_No1_p40_ao81_am15_1_m35_ao81_am34_5,81,2,SATISFIED,1.3636,78318992.0,3474.09
SAL-Ei-LM,bom_deep_7_3_15_5_No1_p40_ao81_am15_1_m35_ao81_am34_5,81,3,SATISFIED,1.4436,78697599.0,3491.03
SAL-Ei-LM,bom_deep_7_3_15_5_No1_p40_ao81_am15_1_m35_ao81_am34_5,81,4,SATISFIED,1.3593,79436821.0,3425.19
SAL-Ei-LM,bom_deep_7_3_15_5_No1_p40_ao81_am15_1_m35_ao81_am34_5,81,5,SATISFIED,1.3646,79487463.0,3463.28
SAL-Ei-LM,bom_deep_7_3_15_5_No1_p40_ao81_am15_1_m35_ao81_am34_5,81,6,SATISFIED,1.3698,76292687.0,3462.56
SAL-Ei-LM,bom_deep_7_3_15_5_No1_p40_ao81_am15_1_m35_ao81_am34_5,81,7,SATISFIED,1.3596,79499294.0,3458.0
SAL-Ei-LM,bom_deep_7_3_15_5_No1_p40_ao81_am15_1_m35_ao81_am34_5,81,8,SATISFIED,1.3651,78781185.0,3521.69
SAL-Ei-LM,bom_deep_7_3_15_5_No1_p40_ao81_am15_1_m35_ao81_am34_5,81,9,SATISFIED,1.3536,79597370.0,3476.47
SAL-Ei-LM,bom_deep_7_3_15_5_No1_p40_ao81_am15_1_m35_ao81_am34_5,81,10,SATISFIED,1.3806,79626039.0,3469.91
SAL-Ei-LM,bom_deep_7_3_15_5_No1_p40_ao81_am15_2,81,1,SATISFIED,1.3481,130019168.0,4040.0
SAL-Ei-LM,bom_deep_7_3_15_5_No1_p40_ao81_am15_2,81,2,SATISFIED,1.3377,130529759.0,4091.0
SAL-Ei-LM,bom_deep_7_3_15_5_No1_p40_ao81_am15_2,81,3,SATISFIED,1.3626,129854080.0,4085.28
SAL-Ei-LM,bom_deep_7_3_15_5_No1_p40_ao81_am15_2,81,4,SATISFIED,1.3671,128958135.0,4097.44
SAL-Ei-LM,bom_deep_7_3_15_5_No1_p40_ao81_am15_2,81,5,SATISFIED,1.4003,131974916.0,4049.72
SAL-Ei-LM,bom_deep_7_3_15_5_No1_p40_ao81_am15_2,81,6,SATISFIED,1.3407,130850829.0,3975.5
SAL-Ei-LM,bom_deep_7_3_15_5_No1_p40_ao81_am15_2,81,7,SATISFIED,1.3459,128548125.0,4022.59
SAL-Ei-LM,bom_deep_7_3_15_5_No1_p40_ao81_am15_2,81,8,SATISFIED,1.3576,130168711.0,4048.19
SAL-Ei-LM,bom_deep_7_3_15_5_No1_p40_ao81_am15_2,81,9,SATISFIED,1.3503,130270633.0,4104.97
SAL-Ei-LM,bom_deep_7_3_15_5_No1_p40_ao81_am15_2,81,10,SATISFIED,1.3558,131062603.0,4063.34
SAL-Ei-LM,bom_deep_7_3_15_5_No1_p40_ao81_am15_2_m12_ao81_am12_1,81,1,SATISFIED,1.4386,157886828.0,4272.06
SAL-Ei-LM,bom_deep_7_3_15_5_No1_p40_ao81_am15_2_m12_ao81_am12_1,81,2,SATISFIED,1.2777,157261280.0,4245.78
SAL-Ei-LM,bom_deep_7_3_15_5_No1_p40_ao81_am15_2_m12_ao81_am12_1,81,3,SATISFIED,1.3545,159335875.0,4318.41
SAL-Ei-LM,bom_deep_7_3_15_5_No1_p40_ao81_am15_2_m12_ao81_am12_1,81,4,SATISFIED,1.3507,158180226.0,4252.09
SAL-Ei-LM,bom_deep_7_3_15_5_No1_p40_ao81_am15_2_m12_ao81_am12_1,81,5,SATISFIED,1.3465,158604440.0,4286.59
SAL-Ei-LM,bom_deep_7_3_15_5_No1_p40_ao81_am15_2_m12_ao81_am12_1,81,6,SATISFIED,1.3636,158745250.0,4231.81
SAL-Ei-LM,bom_deep_7_3_15_5_No1_p40_ao81_am15_2_m12_ao81_am12_1,81,7,SATISFIED,1.3331,162964559.0,4271.34
SAL-Ei-LM,bom_deep_7_3_15_5_No1_p40_ao81_am15_2_m12_ao81_am12_1,81,8,SATISFIED,1.4223,158002128.0,4241.97
SAL-Ei-LM,bom_deep_7_3_15_5_No1_p40_ao81_am15_2_m12_ao81_am12_1,81,9,SATISFIED,1.3386,157321520.0,4295.19
SAL-Ei-LM,bom_deep_7_3_15_5_No1_p40_ao81_am15_2_m12_ao81_am12_1,81,10,SATISFIED,1.3395,159147924.0,4278.31
SAL-Ei-LM,bom_deep_7_3_15_5_No1_p40_ao81_am15_2_m12_ao81_am12_2,81,1,SATISFIED,1.3443,108607685.0,4018.91
SAL-Ei-LM,bom_deep_7_3_15_5_No1_p40_ao81_am15_2_m12_ao81_am12_2,81,2,SATISFIED,1.3482,109934645.0,4058.19
SAL-Ei-LM,bom_deep_7_3_15_5_No1_p40_ao81_am15_2_m12_ao81_am12_2,81,3,SATISFIED,1.3489,109654934.0,4056.94
SAL-Ei-LM,bom_deep_7_3_15_5_No1_p40_ao81_am15_2_m12_ao81_am12_2,81,4,SATISFIED,1.4668,110760330.0,4080.25
SAL-Ei-LM,bom_deep_7_3_15_5_No1_p40_ao81_am15_2_m12_ao81_am12_2,81,5,SATISFIED,1.334,111197066.0,3978.38
SAL-Ei-LM,bom_deep_7_3_15_5_No1_p40_ao81_am15_2_m12_ao81_am12_2,81,6,SATISFIED,1.3503,109075815.0,4034.34
SAL-Ei-LM,bom_deep_7_3_15_5_No1_p40_ao81_am15_2_m12_ao81_am12_2,81,7,SATISFIED,1.3482,109379786.0,4085.59
SAL-Ei-LM,bom_deep_7_3_15_5_No1_p40_ao81_am15_2_m12_ao81_am12_2,81,8,SATISFIED,1.3478,110341665.0,4073.88
SAL-Ei-LM,bom_deep_7_3_15_5_No1_p40_ao81_am15_2_m12_ao81_am12_2,81,9,SATISFIED,1.3525,108596880.0,4038.56
SAL-Ei-LM,bom_deep_7_3_15_5_No1_p40_ao81_am15_2_m12_ao81_am12_2,81,10,SATISFIED,1.3495,112626163.0,4058.5
SAL-Ei-LM,bom_deep_7_3_15_5_No1_p40_ao81_am15_2_m12_ao81_am12_3,81,1,SATISFIED,1.3799,292981545.0,4026.19
SAL-Ei-LM,bom_deep_7_3_15_5_No1_p40_ao81_am15_2_m12_ao81_am12_3,81,2,SATISFIED,1.3419,292130918.0,3988.47
SAL-Ei-LM,bom_deep_7_3_15_5_No1_p40_ao81_am15_2_m12_ao81_am12_3,81,3,SATISFIED,1.3547,293559530.0,4040.25
SAL-Ei-LM,bom_deep_7_3_15_5_No1_p40_ao81_am15_2_m12_ao81_am12_3,81,4,SATISFIED,1.3505,293707126.0,4033.62
SAL-Ei-LM,bom_deep_7_3_15_5_No1_p40_ao81_am15_2_m12_ao81_am12_3,81,5,SATISFIED,1.3512,293641982.0,4009.88
SAL-Ei-LM,bom_deep_7_3_15_5_No1_p40_ao81_am15_2_m12_ao81_am12_3,81,6,SATISFIED,1.3453,293406108.0,4038.31
SAL-Ei-LM,bom_deep_7_3_15_5_No1_p40_ao81_am15_2_m12_ao81_am12_3,81,7,SATISFIED,1.4528,291976480.0,4020.12
SAL-Ei-LM,bom_deep_7_3_15_5_No1_p40_ao81_am15_2_m12_ao81_am12_3,81,8,SATISFIED,1.3369,291136142.0,3950.25
SAL-Ei-LM,bom_deep_7_3_15_5_No1_p40_ao81_am15_2_m12_ao81_am12_3,81,9,SATISFIED,1.3443,293438834.0,4031.59
SAL-Ei-LM,bom_deep_7_3_15_5_No1_p40_ao81_am15_2_m12_ao81_am12_3,81,10,SATISFIED,1.349,294975567.0,4050.97
SAL-Ei-LM,bom_deep_7_3_15_5_No1_p40_ao81_am15_2_m12_ao81_am12_4,81,1,SATISFIED,1.3438,195914910.0,4298.09
SAL-Ei-LM,bom_deep_7_3_15_5_No1_p40_ao81_am15_2_m12_ao81_am12_4,81,2,SATISFIED,1.345,195673735.0,4295.53
SAL-Ei-LM,bom_deep_7_3_15_5_No1_p40_ao81_am15_2_m12_ao81_am12_4,81,3,SATISFIED,1.3442,195896470.0,4298.28
SAL-Ei-LM,bom_deep_7_3_15_5_No1_p40_ao81_am15_2_m12_ao81_am12_4,81,4,SATISFIED,1.4096,195777690.0,4329.09
SAL-Ei-LM,bom_deep_7_3_15_5_No1_p40_ao81_am15_2_m12_ao81_am12_4,81,5,SATISFIED,1.3594,195625930.0,4252.09
SAL-Ei-LM,bom_deep_7_3_15_5_No1_p40_ao81_am15_2_m12_ao81_am12_4,81,6,SATISFIED,1.3657,195912315.0,4328.28
SAL-Ei-LM,bom_deep_7_3_15_5_No1_p40_ao81_am15_2_m12_ao81_am12_4,81,7,SATISFIED,1.3577,195752630.0,4347.34
SAL-Ei-LM,bom_deep_7_3_15_5_No1_p40_ao81_am15_2_m12_ao81_am12_4,81,8,SATISFIED,1.3703,195729010.0,4433.94
SAL-Ei-LM,bom_deep_7_3_15_5_No1_p40_ao81_am15_2_m12_ao81_am12_4,81,9,SATISFIED,1.3812,195908690.0,4272.09
SAL-Ei-LM,bom_deep_7_3_15_5_No1_p40_ao81_am15_2_m12_ao81_am12_4,81,10,SATISFIED,1.5026,195648445.0,4257.62
SAL-Ei-LM,bom_deep_7_3_15_5_No1_p40_ao81_am15_2_m12_ao81_am12_5,81,1,SATISFIED,1.3805,200182303.0,4125.0
SAL-Ei-LM,bom_deep_7_3_15_5_No1_p40_ao81_am15_2_m12_ao81_am12_5,81,2,SATISFIED,1.416,200498660.0,4075.59
SAL-Ei-LM,bom_deep_7_3_15_5_No1_p40_ao81_am15_2_m12_ao81_am12_5,81,3,SATISFIED,1.3705,199607086.0,4087.12
SAL-Ei-LM,bom_deep_7_3_15_5_No1_p40_ao81_am15_2_m12_ao81_am12_5,81,4,SATISFIED,1.367,199591735.0,4139.47
SAL-Ei-LM,bom_deep_7_3_15_5_No1_p40_ao81_am15_2_m12_ao81_am12_5,81,5,SATISFIED,1.3727,199588565.0,4130.0
SAL-Ei-LM,bom_deep_7_3_15_5_No1_p40_ao81_am15_2_m12_ao81_am12_5,81,6,SATISFIED,1.3751,199455383.0,4153.25
SAL-Ei-LM,bom_deep_7_3_15_5_No1_p40_ao81_am15_2_m12_ao81_am12_5,81,7,SATISFIED,1.4124,199964745.0,4132.69
SAL-Ei-LM,bom_deep_7_3_15_5_No1_p40_ao81_am15_2_m12_ao81_am12_5,81,8,SATISFIED,1.3326,200284850.0,4115.56
SAL-Ei-LM,bom_deep_7_3_15_5_No1_p40_ao81_am15_2_m12_ao81_am12_5,81,9,SATISFIED,1.3617,199616355.0,4149.06
SAL-Ei-LM,bom_deep_7_3_15_5_No1_p40_ao81_am15_2_m12_ao81_am12_5,81,10,SATISFIED,1.3733,200480969.0,4122.69
SAL-Ei-LM,bom_deep_7_3_15_5_No1_p40_ao81_am15_2_m35_ao81_am31_5,81,1,SATISFIED,1.3479,151117225.0,3519.09
SAL-Ei-LM,bom_deep_7_3_15_5_No1_p40_ao81_am15_2_m35_ao81_am31_5,81,2,SATISFIED,1.3568,150994693.0,3544.75
SAL-Ei-LM,bom_deep_7_3_15_5_No1_p40_ao81_am15_2_m35_ao81_am31_5,81,3,SATISFIED,1.4337,150768396.0,3547.06
SAL-Ei-LM,bom_deep_7_3_15_5_No1_p40_ao81_am15_2_m35_ao81_am31_5,81,4,SATISFIED,1.3473,153715541.0,3455.09
SAL-Ei-LM,bom_deep_7_3_15_5_No1_p40_ao81_am15_2_m35_ao81_am31_5,81,5,SATISFIED,1.3644,152154361.0,3525.59
SAL-Ei-LM,bom_deep_7_3_15_5_No1_p40_ao81_am15_2_m35_ao81_am31_5,81,6,SATISFIED,1.3792,150831260.0,3520.44
SAL-Ei-LM,bom_deep_7_3_15_5_No1_p40_ao81_am15_2_m35_ao81_am31_5,81,7,SATISFIED,1.3791,155431677.0,3479.81
SAL-Ei-LM,bom_deep_7_3_15_5_No1_p40_ao81_am15_2_m35_ao81_am31_5,81,8,SATISFIED,1.3682,153272673.0,3513.41
SAL-Ei-LM,bom_deep_7_3_15_5_No1_p40_ao81_am15_2_m35_ao81_am31_5,81,9,SATISFIED,1.4249,152763120.0,3511.94
SAL-Ei-LM,bom_deep_7_3_15_5_No1_p40_ao81_am15_2_m35_ao81_am31_5,81,10,SATISFIED,1.3553,151678046.0,3469.84
SAL-Ei-LM,bom_deep_7_3_15_5_No1_p40_ao81_am15_2_m35_ao81_am33_1,81,1,SATISFIED,1.3507,100874140.0,3445.91
SAL-Ei-LM,bom_deep_7_3_15_5_No1_p40_ao81_am15_2_m35_ao81_am33_1,81,2,SATISFIED,1.3641,101638624.0,3486.75
SAL-Ei-LM,bom_deep_7_3_15_5_No1_p40_ao81_am15_2_m35_ao81_am33_1,81,3,SATISFIED,1.3531,99282385.0,3463.59
SAL-Ei-LM,bom_deep_7_3_15_5_No1_p40_ao81_am15_2_m35_ao81_am33_1,81,4,SATISFIED,1.4377,99117003.0,3505.84
SAL-Ei-LM,bom_deep_7_3_15_5_No1_p40_ao81_am15_2_m35_ao81_am33_1,81,5,SATISFIED,1.3458,100494964.0,3434.88
SAL-Ei-LM,bom_deep_7_3_15_5_No1_p40_ao81_am15_2_m35_ao81_am33_1,81,6,SATISFIED,1.3571,102331873.0,3498.19
SAL-Ei-LM,bom_deep_7_3_15_5_No1_p40_ao81_am15_2_m35_ao81_am33_1,81,7,SATISFIED,1.3546,99448870.0,3507.59
SAL-Ei-LM,bom_deep_7_3_15_5_No1_p40_ao81_am15_2_m35_ao81_am33_1,81,8,SATISFIED,1.3651,99255639.0,3504.69
SAL-Ei-LM,bom_deep_7_3_15_5_No1_p40_ao81_am15_2_m35_ao81_am33_1,81,9,SATISFIED,1.3752,101584690.0,3501.5
SAL-Ei-LM,bom_deep_7_3_15_5_No1_p40_ao81_am15_2_m35_ao81_am33_1,81,10,SATISFIED,1.4418,100258569.0,3489.16
SAL-Ei-LM,bom_deep_7_3_15_5_No1_p40_ao81_am15_2_m35_ao81_am33_3,81,1,SATISFIED,1.3436,149535080.0,3390.47
SAL-Ei-LM,bom_deep_7_3_15_5_No1_p40_ao81_am15_2_m35_ao81_am33_3,81,2,SATISFIED,1.3527,152216908.0,3485.62
SAL-Ei-LM,bom_deep_7_3_15_5_No1_p40_ao81_am15_2_m35_ao81_am33_3,81,3,SATISFIED,1.3497,149778294.0,3503.53
SAL-Ei-LM,bom_deep_7_3_15_5_No1_p40_ao81_am15_2_m35_ao81_am33_3,81,4,SATISFIED,1.3493,148651989.0,3522.59
SAL-Ei-LM,bom_deep_7_3_15_5_No1_p40_ao81_am15_2_m35_ao81_am33_3,81,5,SATISFIED,1.4782,146706552.0,3521.19
SAL-Ei-LM,bom_deep_7_3_15_5_No1_p40_ao81_am15_2_m35_ao81_am33_3,81,6,SATISFIED,1.3466,150923145.0,3462.09
SAL-Ei-LM,bom_deep_7_3_15_5_No1_p40_ao81_am15_2_m35_ao81_am33_3,81,7,SATISFIED,1.3536,149361165.0,3516.81
SAL-Ei-LM,bom_deep_7_3_15_5_No1_p40_ao81_am15_2_m35_ao81_am33_3,81,8,SATISFIED,1.3558,147905302.0,3545.5
SAL-Ei-LM,bom_deep_7_3_15_5_No1_p40_ao81_am15_2_m35_ao81_am33_3,81,9,SATISFIED,1.3614,151920481.0,3520.53
SAL-Ei-LM,bom_deep_7_3_15_5_No1_p40_ao81_am15_2_m35_ao81_am33_3,81,10,SATISFIED,1.3627,147829160.0,3511.34
SAL-Ei-LM,bom_deep_7_3_15_5_No1_p40_ao81_am15_2_m35_ao81_am34_2,81,1,SATISFIED,1.4311,60882215.0,3469.81
SAL-Ei-LM,bom_deep_7_3_15_5_No1_p40_ao81_am15_2_m35_ao81_am34_2,81,2,SATISFIED,1.3471,61312955.0,3465.25
SAL-Ei-LM,bom_deep_7_3_15_5_No1_p40_ao81_am15_2_m35_ao81_am34_2,81,3,SATISFIED,1.3732,62523714.0,3471.38
SAL-Ei-LM,bom_deep_7_3_15_5_No1_p40_ao81_am15_2_m35_ao81_am34_2,81,4,SATISFIED,1.3805,59135933.0,3449.22
SAL-Ei-LM,bom_deep_7_3_15_5_No1_p40_ao81_am15_2_m35_ao81_am34_2,81,5,SATISFIED,1.37,61755036.0,3468.72
SAL-Ei-LM,bom_deep_7_3_15_5_No1_p40_ao81_am15_2_m35_ao81_am34_2,81,6,SATISFIED,1.4966,61420525.0,3466.88
SAL-Ei-LM,bom_deep_7_3_15_5_No1_p40_ao81_am15_2_m35_ao81_am34_2,81,7,SATISFIED,1.367,61240267.0,3445.56
SAL-Ei-LM,bom_deep_7_3_15_5_No1_p40_ao81_am15_2_m35_ao81_am34_2,81,8,SATISFIED,1.3714,61879838.0,3488.41
SAL-Ei-LM,bom_deep_7_3_15_5_No1_p40_ao81_am15_2_m35_ao81_am34_2,81,9,SATISFIED,1.3682,59789059.0,3506.31
SAL-Ei-LM,bom_deep_7_3_15_5_No1_p40_ao81_am15_2_m35_ao81_am34_2,81,10,SATISFIED,1.3712,62300165.0,3485.75
SAL-Ei-LM,bom_deep_7_3_15_5_No1_p40_ao81_am15_2_m35_ao81_am34_4,81,1,SATISFIED,1.3918,90266767.0,3515.12
SAL-Ei-LM,bom_deep_7_3_15_5_No1_p40_ao81_am15_2_m35_ao81_am34_4,81,2,SATISFIED,1.4205,93414253.0,3540.53
SAL-Ei-LM,bom_deep_7_3_15_5_No1_p40_ao81_am15_2_m35_ao81_am34_4,81,3,SATISFIED,1.3483,94813940.0,3502.22
SAL-Ei-LM,bom_deep_7_3_15_5_No1_p40_ao81_am15_2_m35_ao81_am34_4,81,4,SATISFIED,1.3723,90323992.0,3537.0
SAL-Ei-LM,bom_deep_7_3_15_5_No1_p40_ao81_am15_2_m35_ao81_am34_4,81,5,SATISFIED,1.3525,89518132.0,3546.75
SAL-Ei-LM,bom_deep_7_3_15_5_No1_p40_ao81_am15_2_m35_ao81_am34_4,81,6,SATISFIED,1.3318,91185851.0,3543.06
SAL-Ei-LM,bom_deep_7_3_15_5_No1_p40_ao81_am15_2_m35_ao81_am34_4,81,7,SATISFIED,1.4699,88421741.0,3538.78
SAL-Ei-LM,bom_deep_7_3_15_5_No1_p40_ao81_am15_2_m35_ao81_am34_4,81,8,SATISFIED,1.3462,89661791.0,3479.88
SAL-Ei-LM,bom_deep_7_3_15_5_No1_p40_ao81_am15_2_m35_ao81_am34_4,81,9,SATISFIED,1.3748,89719557.0,3520.66
SAL-Ei-LM,bom_deep_7_3_15_5_No1_p40_ao81_am15_2_m35_ao81_am34_4,81,10,SATISFIED,1.3584,91924201.0,3550.44
SAL-Ei-LM,bom_deep_7_3_15_5_No1_p40_ao81_am15_3,81,1,SATISFIED,1.3515,74550063.0,3909.78
SAL-Ei-LM,bom_deep_7_3_15_5_No1_p40_ao81_am15_3,81,2,SATISFIED,1.3666,74886864.0,3891.56
SAL-Ei-LM,bom_deep_7_3_15_5_No1_p40_ao81_am15_3,81,3,SATISFIED,1.4567,74585193.0,3880.06
SAL-Ei-LM,bom_deep_7_3_15_5_No1_p40_ao81_am15_3,81,4,SATISFIED,1.3382,75140802.0,3840.03
SAL-Ei-LM,bom_deep_7_3_15_5_No1_p40_ao81_am15_3,81,5,SATISFIED,1.3458,75765280.0,3989.69
SAL-Ei-LM,bom_deep_7_3_15_5_No1_p40_ao81_am15_3,81,6,SATISFIED,1.3479,74179659.0,3959.81
SAL-Ei-LM,bom_deep_7_3_15_5_No1_p40_ao81_am15_3,81,7,SATISFIED,1.3565,74701205.0,3924.66
SAL-Ei-LM,bom_deep_7_3_15_5_No1_p40_ao81_am15_3,81,8,SATISFIED,1.3553,74717590.0,3972.81
SAL-Ei-LM,bom_deep_7_3_15_5_No1_p40_ao81_am15_3,81,9,SATISFIED,1.3553,74870462.0,3938.06
SAL-Ei-LM,bom_deep_7_3_15_5_No1_p40_ao81_am15_3,81,10,SATISFIED,1.4077,74321632.0,3935.75
SAL-Ei-LM,bom_deep_7_3_15_5_No1_p40_ao81_am15_3_m12_ao81_am12_1,81,1,SATISFIED,1.3457,149945641.0,4198.72
SAL-Ei-LM,bom_deep_7_3_15_5_No1_p40_ao81_am15_3_m12_ao81_am12_1,81,2,SATISFIED,1.3987,149426481.0,4182.88
SAL-Ei-LM,bom_deep_7_3_15_5_No1_p40_ao81_am15_3_m12_ao81_am12_1,81,3,SATISFIED,1.3546,150895337.0,4237.78
SAL-Ei-LM,bom_deep_7_3_15_5_No1_p40_ao81_am15_3_m12_ao81_am12_1,81,4,SATISFIED,1.362,153003857.0,4311.53
SAL-Ei-LM,bom_deep_7_3_15_5_No1_p40_ao81_am15_3_m12_ao81_am12_1,81,5,SATISFIED,1.3577,150488665.0,4308.78
SAL-Ei-LM,bom_deep_7_3_15_5_No1_p40_ao81_am15_3_m12_ao81_am12_1,81,6,SATISFIED,1.4511,150648030.0,4298.38
SAL-Ei-LM,bom_deep_7_3_15_5_No1_p40_ao81_am15_3_m12_ao81_am12_1,81,7,SATISFIED,1.3423,148846881.0,4180.81
SAL-Ei-LM,bom_deep_7_3_15_5_No1_p40_ao81_am15_3_m12_ao81_am12_1,81,8,SATISFIED,1.3439,150589930.0,4306.19
SAL-Ei-LM,bom_deep_7_3_15_5_No1_p40_ao81_am15_3_m12_ao81_am12_1,81,9,SATISFIED,1.3546,152801911.0,4259.28
SAL-Ei-LM,bom_deep_7_3_15_5_No1_p40_ao81_am15_3_m12_ao81_am12_1,81,10,SATISFIED,1.3514,151649590.0,4309.31
SAL-Ei-LM,bom_deep_7_3_15_5_No1_p40_ao81_am15_3_m12_ao81_am12_2,81,1,SATISFIED,1.3461,172235013.0,4052.03
SAL-Ei-LM,bom_deep_7_3_15_5_No1_p40_ao81_am15_3_m12_ao81_am12_2,81,2,SATISFIED,1.3602,175306104.0,4011.81
SAL-Ei-LM,bom_deep_7_3_15_5_No1_p40_ao81_am15_3_m12_ao81_am12_2,81,3,SATISFIED,1.4027,175486960.0,4047.78
SAL-Ei-LM,bom_deep_7_3_15_5_No1_p40_ao81_am15_3_m12_ao81_am12_2,81,4,SATISFIED,1.3313,177765147.0,4011.81
SAL-Ei-LM,bom_deep_7_3_15_5_No1_p40_ao81_am15_3_m12_ao81_am12_2,81,5,SATISFIED,1.349,175655010.0,4061.09
SAL-Ei-LM,bom_deep_7_3_15_5_No1_p40_ao81_am15_3_m12_ao81_am12_2,81,6,SATISFIED,1.3561,174270473.0,4043.16
SAL-Ei-LM,bom_deep_7_3_15_5_No1_p40_ao81_am15_3_m12_ao81_am12_2,81,7,SATISFIED,1.3512,170952105.0,4054.28
SAL-Ei-LM,bom_deep_7_3_15_5_No1_p40_ao81_am15_3_m12_ao81_am12_2,81,8,SATISFIED,1.3412,167872474.0,4039.0
SAL-Ei-LM,bom_deep_7_3_15_5_No1_p40_ao81_am15_3_m12_ao81_am12_2,81,9,SATISFIED,1.4622,171658574.0,4039.03
SAL-Ei-LM,bom_deep_7_3_15_5_No1_p40_ao81_am15_3_m12_ao81_am12_2,81,10,SATISFIED,1.3395,172288474.0,3980.38
SAL-Ei-LM,bom_deep_7_3_15_5_No1_p40_ao81_am15_3_m12_ao81_am12_3,81,1,SATISFIED,1.3434,130621050.0,4385.09
SAL-Ei-LM,bom_deep_7_3_15_5_No1_p40_ao81_am15_3_m12_ao81_am12_3,81,2,SATISFIED,1.3557,131396028.0,4371.75
SAL-Ei-LM,bom_deep_7_3_15_5_No1_p40_ao81_am15_3_m12_ao81_am12_3,81,3,SATISFIED,1.3567,131177487.0,4383.47
SAL-Ei-LM,bom_deep_7_3_15_5_No1_p40_ao81_am15_3_m12_ao81_am12_3,81,4,SATISFIED,1.3683,132205649.0,4381.81
SAL-Ei-LM,bom_deep_7_3_15_5_No1_p40_ao81_am15_3_m12_ao81_am12_3,81,5,SATISFIED,1.3613,131737849.0,4393.72
SAL-Ei-LM,bom_deep_7_3_15_5_No1_p40_ao81_am15_3_m12_ao81_am12_3,81,6,SATISFIED,1.4412,131255749.0,4396.97
SAL-Ei-LM,bom_deep_7_3_15_5_No1_p40_ao81_am15_3_m12_ao81_am12_3,81,7,SATISFIED,1.3553,132272469.0,4330.69
SAL-Ei-LM,bom_deep_7_3_15_5_No1_p40_ao81_am15_3_m12_ao81_am12_3,81,8,SATISFIED,1.2858,131491604.0,4449.75
SAL-Ei-LM,bom_deep_7_3_15_5_No1_p40_ao81_am15_3_m12_ao81_am12_3,81,9,SATISFIED,1.3585,131797159.0,4439.62
SAL-Ei-LM,bom_deep_7_3_15_5_No1_p40_ao81_am15_3_m12_ao81_am12_3,81,10,SATISFIED,1.3446,131067362.0,4450.0
SAL-Ei-LM,bom_deep_7_3_15_5_No1_p40_ao81_am15_3_m12_ao81_am12_4,81,1,SATISFIED,1.3431,240262178.0,4094.94
SAL-Ei-LM,bom_deep_7_3_15_5_No1_p40_ao81_am15_3_m12_ao81_am12_4,81,2,SATISFIED,1.4419,239964504.0,4100.31
SAL-Ei-LM,bom_deep_7_3_15_5_No1_p40_ao81_am15_3_m12_ao81_am12_4,81,3,SATISFIED,1.3504,234054487.0,4003.38
SAL-Ei-LM,bom_deep_7_3_15_5_No1_p40_ao81_am15_3_m12_ao81_am12_4,81,4,SATISFIED,1.3647,242723086.0,4094.16
SAL-Ei-LM,bom_deep_7_3_15_5_No1_p40_ao81_am15_3_m12_ao81_am12_4,81,5,SATISFIED,1.3682,238542959.0,4091.22
SAL-Ei-LM,bom_deep_7_3_15_5_No1_p40_ao81_am15_3_m12_ao81_am12_4,81,6,SATISFIED,1.3748,240489183.0,4060.75
SAL-Ei-LM,bom_deep_7_3_15_5_No1_p40_ao81_am15_3_m12_ao81_am12_4,81,7,SATISFIED,1.3629,236958780.0,4060.62
SAL-Ei-LM,bom_deep_7_3_15_5_No1_p40_ao81_am15_3_m12_ao81_am12_4,81,8,SATISFIED,1.3588,239147753.0,4082.81
SAL-Ei-LM,bom_deep_7_3_15_5_No1_p40_ao81_am15_3_m12_ao81_am12_4,81,9,SATISFIED,1.4086,237548393.0,4024.16
SAL-Ei-LM,bom_deep_7_3_15_5_No1_p40_ao81_am15_3_m12_ao81_am12_4,81,10,SATISFIED,1.3639,235331475.0,4020.75
SAL-Ei-LM,bom_deep_7_3_15_5_No1_p40_ao81_am15_3_m12_ao81_am12_5,81,1,SATISFIED,1.3524,207167985.0,4157.69
SAL-Ei-LM,bom_deep_7_3_15_5_No1_p40_ao81_am15_3_m12_ao81_am12_5,81,2,SATISFIED,1.3531,207700320.0,4222.91
SAL-Ei-LM,bom_deep_7_3_15_5_No1_p40_ao81_am15_3_m12_ao81_am12_5,81,3,SATISFIED,1.3573,209461230.0,4211.44
SAL-Ei-LM,bom_deep_7_3_15_5_No1_p40_ao81_am15_3_m12_ao81_am12_5,81,4,SATISFIED,1.3646,209150070.0,4205.09
SAL-Ei-LM,bom_deep_7_3_15_5_No1_p40_ao81_am15_3_m12_ao81_am12_5,81,5,SATISFIED,1.476,209412168.0,4232.75
SAL-Ei-LM,bom_deep_7_3_15_5_No1_p40_ao81_am15_3_m12_ao81_am12_5,81,6,SATISFIED,1.3434,210025219.0,4122.34
SAL-Ei-LM,bom_deep_7_3_15_5_No1_p40_ao81_am15_3_m12_ao81_am12_5,81,7,SATISFIED,1.3571,210335269.0,4174.94
SAL-Ei-LM,bom_deep_7_3_15_5_No1_p40_ao81_am15_3_m12_ao81_am12_5,81,8,SATISFIED,1.3548,208570945.0,4227.72
SAL-Ei-LM,bom_deep_7_3_15_5_No1_p40_ao81_am15_3_m12_ao81_am12_5,81,9,SATISFIED,1.3567,208707053.0,4224.72
SAL-Ei-LM,bom_deep_7_3_15_5_No1_p40_ao81_am15_3_m12_ao81_am12_5,81,10,SATISFIED,1.3403,208956477.0,4231.56
SAL-Ei-LM,bom_deep_7_3_15_5_No1_p40_ao81_am15_3_m35_ao81_am31_1,81,1,SATISFIED,1.3491,139580394.0,3512.5
SAL-Ei-LM,bom_deep_7_3_15_5_No1_p40_ao81_am15_3_m35_ao81_am31_1,81,2,SATISFIED,1.4146,136657614.0,3572.25
SAL-Ei-LM,bom_deep_7_3_15_5_No1_p40_ao81_am15_3_m35_ao81_am31_1,81,3,SATISFIED,1.3476,138931895.0,3508.84
SAL-Ei-LM,bom_deep_7_3_15_5_No1_p40_ao81_am15_3_m35_ao81_am31_1,81,4,SATISFIED,1.3607,137387267.0,3539.25
SAL-Ei-LM,bom_deep_7_3_15_5_No1_p40_ao81_am15_3_m35_ao81_am31_1,81,5,SATISFIED,1.3514,137704621.0,3590.72
SAL-Ei-LM,bom_deep_7_3_15_5_No1_p40_ao81_am15_3_m35_ao81_am31_1,81,6,SATISFIED,1.3609,136823943.0,3574.75
SAL-Ei-LM,bom_deep_7_3_15_5_No1_p40_ao81_am15_3_m35_ao81_am31_1,81,7,SATISFIED,1.5078,139780167.0,3597.53
SAL-Ei-LM,bom_deep_7_3_15_5_No1_p40_ao81_am15_3_m35_ao81_am31_1,81,8,SATISFIED,1.3447,137700460.0,3504.34
SAL-Ei-LM,bom_deep_7_3_15_5_No1_p40_ao81_am15_3_m35_ao81_am31_1,81,9,SATISFIED,1.3551,135792842.0,3517.09
SAL-Ei-LM,bom_deep_7_3_15_5_No1_p40_ao81_am15_3_m35_ao81_am31_1,81,10,SATISFIED,1.3638,139618506.0,3522.34
SAL-Ei-LM,bom_deep_7_3_15_5_No1_p40_ao81_am15_3_m35_ao81_am32_2,81,1,SATISFIED,1.3572,192806960.0,3465.34
SAL-Ei-LM,bom_deep_7_3_15_5_No1_p40_ao81_am15_3_m35_ao81_am32_2,81,2,SATISFIED,1.363,191027218.0,3492.88
SAL-Ei-LM,bom_deep_7_3_15_5_No1_p40_ao81_am15_3_m35_ao81_am32_2,81,3,SATISFIED,1.4348,186397647.0,3480.25
SAL-Ei-LM,bom_deep_7_3_15_5_No1_p40_ao81_am15_3_m35_ao81_am32_2,81,4,SATISFIED,1.3492,187951978.0,3408.44
SAL-Ei-LM,bom_deep_7_3_15_5_No1_p40_ao81_am15_3_m35_ao81_am32_2,81,5,SATISFIED,1.3497,184239301.0,3487.03
SAL-Ei-LM,bom_deep_7_3_15_5_No1_p40_ao81_am15_3_m35_ao81_am32_2,81,6,SATISFIED,1.2643,182004625.0,3666.28
SAL-Ei-LM,bom_deep_7_3_15_5_No1_p40_ao81_am15_3_m35_ao81_am32_2,81,7,SATISFIED,1.3626,186977586.0,3555.53
SAL-Ei-LM,bom_deep_7_3_15_5_No1_p40_ao81_am15_3_m35_ao81_am32_2,81,8,SATISFIED,1.3475,180337802.0,3504.38
SAL-Ei-LM,bom_deep_7_3_15_5_No1_p40_ao81_am15_3_m35_ao81_am32_2,81,9,SATISFIED,1.4016,186745215.0,3521.16
SAL-Ei-LM,bom_deep_7_3_15_5_No1_p40_ao81_am15_3_m35_ao81_am32_2,81,10,SATISFIED,1.3373,192463693.0,3523.59
SAL-Ei-LM,bom_deep_7_3_15_5_No1_p40_ao81_am15_3_m35_ao81_am32_3,81,1,SATISFIED,1.3539,143416427.0,3482.16
SAL-Ei-LM,bom_deep_7_3_15_5_No1_p40_ao81_am15_3_m35_ao81_am32_3,81,2,SATISFIED,1.361,143952413.0,3500.12
SAL-Ei-LM,bom_deep_7_3_15_5_No1_p40_ao81_am15_3_m35_ao81_am32_3,81,3,SATISFIED,1.358,143111664.0,3509.03
SAL-Ei-LM,bom_deep_7_3_15_5_No1_p40_ao81_am15_3_m35_ao81_am32_3,81,4,SATISFIED,1.4533,142075057.0,3487.97
SAL-Ei-LM,bom_deep_7_3_15_5_No1_p40_ao81_am15_3_m35_ao81_am32_3,81,5,SATISFIED,1.371,143146252.0,3440.97
SAL-Ei-LM,bom_deep_7_3_15_5_No1_p40_ao81_am15_3_m35_ao81_am32_3,81,6,SATISFIED,1.3959,142831391.0,3467.16
SAL-Ei-LM,bom_deep_7_3_15_5_No1_p40_ao81_am15_3_m35_ao81_am32_3,81,7,SATISFIED,1.4059,140946224.0,3498.97
SAL-Ei-LM,bom_deep_7_3_15_5_No1_p40_ao81_am15_3_m35_ao81_am32_3,81,8,SATISFIED,1.3931,145879689.0,3453.75
SAL-Ei-LM,bom_deep_7_3_15_5_No1_p40_ao81_am15_3_m35_ao81_am32_3,81,9,SATISFIED,1.3611,144770131.0,3520.31
SAL-Ei-LM,bom_deep_7_3_15_5_No1_p40_ao81_am15_3_m35_ao81_am32_3,81,10,SATISFIED,1.4293,145325638.0,3496.0
SAL-Ei-LM,bom_deep_7_3_15_5_No1_p40_ao81_am15_3_m35_ao81_am34_4,81,1,SATISFIED,1.3547,170136634.0,3498.31
SAL-Ei-LM,bom_deep_7_3_15_5_No1_p40_ao81_am15_3_m35_ao81_am34_4,81,2,SATISFIED,1.3634,173880805.0,3519.34
SAL-Ei-LM,bom_deep_7_3_15_5_No1_p40_ao81_am15_3_m35_ao81_am34_4,81,3,SATISFIED,1.3574,175169429.0,3533.62
SAL-Ei-LM,bom_deep_7_3_15_5_No1_p40_ao81_am15_3_m35_ao81_am34_4,81,4,SATISFIED,1.3767,177157146.0,3556.88
SAL-Ei-LM,bom_deep_7_3_15_5_No1_p40_ao81_am15_3_m35_ao81_am34_4,81,5,SATISFIED,1.4529,176622165.0,3551.62
SAL-Ei-LM,bom_deep_7_3_15_5_No1_p40_ao81_am15_3_m35_ao81_am34_4,81,6,SATISFIED,1.3537,173585734.0,3468.78
SAL-Ei-LM,bom_deep_7_3_15_5_No1_p40_ao81_am15_3_m35_ao81_am34_4,81,7,SATISFIED,1.3665,176655023.0,3479.12
SAL-Ei-LM,bom_deep_7_3_15_5_No1_p40_ao81_am15_3_m35_ao81_am34_4,81,8,SATISFIED,1.3657,174247471.0,3521.75
SAL-Ei-LM,bom_deep_7_3_15_5_No1_p40_ao81_am15_3_m35_ao81_am34_4,81,9,SATISFIED,1.3783,176162941.0,3542.81
SAL-Ei-LM,bom_deep_7_3_15_5_No1_p40_ao81_am15_3_m35_ao81_am34_4,81,10,SATISFIED,1.3724,178313324.0,3522.19
SAL-Ei-LM,bom_deep_7_3_15_5_No1_p40_ao81_am15_3_m35_ao81_am35_5,81,1,SATISFIED,1.3339,108476435.0,3417.94
SAL-Ei-LM,bom_deep_7_3_15_5_No1_p40_ao81_am15_3_m35_ao81_am35_5,81,2,SATISFIED,1.3432,108200429.0,3503.16
SAL-Ei-LM,bom_deep_7_3_15_5_No1_p40_ao81_am15_3_m35_ao81_am35_5,81,3,SATISFIED,1.3483,106243614.0,3573.38
SAL-Ei-LM,bom_deep_7_3_15_5_No1_p40_ao81_am15_3_m35_ao81_am35_5,81,4,SATISFIED,1.3512,103508131.0,3577.75
SAL-Ei-LM,bom_deep_7_3_15_5_No1_p40_ao81_am15_3_m35_ao81_am35_5,81,5,SATISFIED,1.3506,106799814.0,3524.56
SAL-Ei-LM,bom_deep_7_3_15_5_No1_p40_ao81_am15_3_m35_ao81_am35_5,81,6,SATISFIED,1.4305,103156564.0,3541.09
SAL-Ei-LM,bom_deep_7_3_15_5_No1_p40_ao81_am15_3_m35_ao81_am35_5,81,7,SATISFIED,1.3353,109603018.0,3468.94
SAL-Ei-LM,bom_deep_7_3_15_5_No1_p40_ao81_am15_3_m35_ao81_am35_5,81,8,SATISFIED,1.3501,104634222.0,3522.59
SAL-Ei-LM,bom_deep_7_3_15_5_No1_p40_ao81_am15_3_m35_ao81_am35_5,81,9,SATISFIED,1.3578,105949565.0,3427.25
SAL-Ei-LM,bom_deep_7_3_15_5_No1_p40_ao81_am15_3_m35_ao81_am35_5,81,10,SATISFIED,1.3488,104986973.0,3514.97
SAL-Ei-LM,bom_deep_7_3_15_5_No1_p40_ao81_am15_4,81,1,SATISFIED,1.4909,124316918.0,3935.12
SAL-Ei-LM,bom_deep_7_3_15_5_No1_p40_ao81_am15_4,81,2,SATISFIED,1.3394,124703247.0,3825.0
SAL-Ei-LM,bom_deep_7_3_15_5_No1_p40_ao81_am15_4,81,3,SATISFIED,1.3455,124741184.0,3923.56
SAL-Ei-LM,bom_deep_7_3_15_5_No1_p40_ao81_am15_4,81,4,SATISFIED,1.3517,126482005.0,3964.03
SAL-Ei-LM,bom_deep_7_3_15_5_No1_p40_ao81_am15_4,81,5,SATISFIED,1.3521,125697390.0,3972.62
SAL-Ei-LM,bom_deep_7_3_15_5_No1_p40_ao81_am15_4,81,6,SATISFIED,1.3517,126269165.0,3978.56
SAL-Ei-LM,bom_deep_7_3_15_5_No1_p40_ao81_am15_4,81,7,SATISFIED,1.3532,124471199.0,3954.19
SAL-Ei-LM,bom_deep_7_3_15_5_No1_p40_ao81_am15_4,81,8,SATISFIED,1.4422,126008845.0,4010.84
SAL-Ei-LM,bom_deep_7_3_15_5_No1_p40_ao81_am15_4,81,9,SATISFIED,1.3357,126449030.0,3881.41
SAL-Ei-LM,bom_deep_7_3_15_5_No1_p40_ao81_am15_4,81,10,SATISFIED,1.3485,126287378.0,3974.56
SAL-Ei-LM,bom_deep_7_3_15_5_No1_p40_ao81_am15_4_m12_ao81_am12_1,81,1,SATISFIED,1.3507,823322595.0,4191.91
SAL-Ei-LM,bom_deep_7_3_15_5_No1_p40_ao81_am15_4_m12_ao81_am12_1,81,2,SATISFIED,1.3481,823285470.0,4228.62
SAL-Ei-LM,bom_deep_7_3_15_5_No1_p40_ao81_am15_4_m12_ao81_am12_1,81,3,SATISFIED,1.2866,822799010.0,4347.06
SAL-Ei-LM,bom_deep_7_3_15_5_No1_p40_ao81_am15_4_m12_ao81_am12_1,81,4,SATISFIED,1.362,822888356.0,4236.94
SAL-Ei-LM,bom_deep_7_3_15_5_No1_p40_ao81_am15_4_m12_ao81_am12_1,81,5,SATISFIED,1.3438,823141514.0,4132.0
SAL-Ei-LM,bom_deep_7_3_15_5_No1_p40_ao81_am15_4_m12_ao81_am12_1,81,6,SATISFIED,1.3479,823247396.0,4201.81
SAL-Ei-LM,bom_deep_7_3_15_5_No1_p40_ao81_am15_4_m12_ao81_am12_1,81,7,SATISFIED,1.3511,823234668.0,4229.72
SAL-Ei-LM,bom_deep_7_3_15_5_No1_p40_ao81_am15_4_m12_ao81_am12_1,81,8,SATISFIED,1.3517,823049330.0,4250.47
SAL-Ei-LM,bom_deep_7_3_15_5_No1_p40_ao81_am15_4_m12_ao81_am12_1,81,9,SATISFIED,1.3493,823473206.0,4260.09
SAL-Ei-LM,bom_deep_7_3_15_5_No1_p40_ao81_am15_4_m12_ao81_am12_1,81,10,SATISFIED,1.3552,823157590.0,4226.69
SAL-Ei-LM,bom_deep_7_3_15_5_No1_p40_ao81_am15_4_m12_ao81_am12_2,81,1,SATISFIED,1.4359,178231810.0,4328.31
SAL-Ei-LM,bom_deep_7_3_15_5_No1_p40_ao81_am15_4_m12_ao81_am12_2,81,2,SATISFIED,1.3474,178428432.0,4263.22
SAL-Ei-LM,bom_deep_7_3_15_5_No1_p40_ao81_am15_4_m12_ao81_am12_2,81,3,SATISFIED,1.346,178295418.0,4351.06
SAL-Ei-LM,bom_deep_7_3_15_5_No1_p40_ao81_am15_4_m12_ao81_am12_2,81,4,SATISFIED,1.348,178013080.0,4446.12
SAL-Ei-LM,bom_deep_7_3_15_5_No1_p40_ao81_am15_4_m12_ao81_am12_2,81,5,SATISFIED,1.354,178167670.0,4395.16
SAL-Ei-LM,bom_deep_7_3_15_5_No1_p40_ao81_am15_4_m12_ao81_am12_2,81,6,SATISFIED,1.3573,178350360.0,4414.78
SAL-Ei-LM,bom_deep_7_3_15_5_No1_p40_ao81_am15_4_m12_ao81_am12_2,81,7,SATISFIED,1.3597,178099254.0,4446.5
SAL-Ei-LM,bom_deep_7_3_15_5_No1_p40_ao81_am15_4_m12_ao81_am12_2,81,8,SATISFIED,1.4081,178217785.0,4479.97
SAL-Ei-LM,bom_deep_7_3_15_5_No1_p40_ao81_am15_4_m12_ao81_am12_2,81,9,SATISFIED,1.3496,178585439.0,4312.22
SAL-Ei-LM,bom_deep_7_3_15_5_No1_p40_ao81_am15_4_m12_ao81_am12_2,81,10,SATISFIED,1.3588,178197836.0,4364.25
SAL-Ei-LM,bom_deep_7_3_15_5_No1_p40_ao81_am15_4_m12_ao81_am12_3,81,1,SATISFIED,1.3531,625107873.0,4152.12
SAL-Ei-LM,bom_deep_7_3_15_5_No1_p40_ao81_am15_4_m12_ao81_am12_3,81,2,SATISFIED,1.36,626070040.0,4172.53
SAL-Ei-LM,bom_deep_7_3_15_5_No1_p40_ao81_am15_4_m12_ao81_am12_3,81,3,SATISFIED,1.3614,626616064.0,4230.12
SAL-Ei-LM,bom_deep_7_3_15_5_No1_p40_ao81_am15_4_m12_ao81_am12_3,81,4,SATISFIED,1.4566,626000980.0,4257.56
SAL-Ei-LM,bom_deep_7_3_15_5_No1_p40_ao81_am15_4_m12_ao81_am12_3,81,5,SATISFIED,1.3524,626755788.0,4168.25
SAL-Ei-LM,bom_deep_7_3_15_5_No1_p40_ao81_am15_4_m12_ao81_am12_3,81,6,SATISFIED,1.3659,626993115.0,4246.25
SAL-Ei-LM,bom_deep_7_3_15_5_No1_p40_ao81_am15_4_m12_ao81_am12_3,81,7,SATISFIED,1.361,626190960.0,4312.09
SAL-Ei-LM,bom_deep_7_3_15_5_No1_p40_ao81_am15_4_m12_ao81_am12_3,81,8,SATISFIED,1.374,625975868.0,4210.38
SAL-Ei-LM,bom_deep_7_3_15_5_No1_p40_ao81_am15_4_m12_ao81_am12_3,81,9,SATISFIED,1.3709,625748240.0,4234.22
SAL-Ei-LM,bom_deep_7_3_15_5_No1_p40_ao81_am15_4_m12_ao81_am12_3,81,10,SATISFIED,1.3629,626070384.0,4256.56
SAL-Ei-LM,bom_deep_7_3_15_5_No1_p40_ao81_am15_4_m12_ao81_am12_4,81,1,SATISFIED,1.3822,667870561.0,4330.53
SAL-Ei-LM,bom_deep_7_3_15_5_No1_p40_ao81_am15_4_m12_ao81_am12_4,81,2,SATISFIED,1.3531,667763202.0,4262.88
SAL-Ei-LM,bom_deep_7_3_15_5_No1_p40_ao81_am15_4_m12_ao81_am12_4,81,3,SATISFIED,1.3787,667998170.0,4317.59
SAL-Ei-LM,bom_deep_7_3_15_5_No1_p40_ao81_am15_4_m12_ao81_am12_4,81,4,SATISFIED,1.3696,667561948.0,4321.22
SAL-Ei-LM,bom_deep_7_3_15_5_No1_p40_ao81_am15_4_m12_ao81_am12_4,81,5,SATISFIED,1.3641,668386705.0,4322.5
SAL-Ei-LM,bom_deep_7_3_15_5_No1_p40_ao81_am15_4_m12_ao81_am12_4,81,6,SATISFIED,1.3629,667463306.0,4327.66
SAL-Ei-LM,bom_deep_7_3_15_5_No1_p40_ao81_am15_4_m12_ao81_am12_4,81,7,SATISFIED,1.491,667656801.0,4314.5
SAL-Ei-LM,bom_deep_7_3_15_5_No1_p40_ao81_am15_4_m12_ao81_am12_4,81,8,SATISFIED,1.3477,667715766.0,4202.81
SAL-Ei-LM,bom_deep_7_3_15_5_No1_p40_ao81_am15_4_m12_ao81_am12_4,81,9,SATISFIED,1.3525,667914073.0,4333.59
SAL-Ei-LM,bom_deep_7_3_15_5_No1_p40_ao81_am15_4_m12_ao81_am12_4,81,10,SATISFIED,1.3621,667592669.0,4328.34
SAL-Ei-LM,bom_deep_7_3_15_5_No1_p40_ao81_am15_4_m12_ao81_am12_5,81,1,SATISFIED,1.3571,286684020.0,4291.03
SAL-Ei-LM,bom_deep_7_3_15_5_No1_p40_ao81_am15_4_m12_ao81_am12_5,81,2,SATISFIED,1.3568,291729396.0,4252.03
SAL-Ei-LM,bom_deep_7_3_15_5_No1_p40_ao81_am15_4_m12_ao81_am12_5,81,3,SATISFIED,1.3569,292736715.0,4262.16
SAL-Ei-LM,bom_deep_7_3_15_5_No1_p40_ao81_am15_4_m12_ao81_am12_5,81,4,SATISFIED,1.4073,290554661.0,4234.81
SAL-Ei-LM,bom_deep_7_3_15_5_No1_p40_ao81_am15_4_m12_ao81_am12_5,81,5,SATISFIED,1.3476,292207340.0,4201.69
SAL-Ei-LM,bom_deep_7_3_15_5_No1_p40_ao81_am15_4_m12_ao81_am12_5,81,6,SATISFIED,1.3711,292918999.0,4202.94
SAL-Ei-LM,bom_deep_7_3_15_5_No1_p40_ao81_am15_4_m12_ao81_am12_5,81,7,SATISFIED,1.3618,292285073.0,4294.03
SAL-Ei-LM,bom_deep_7_3_15_5_No1_p40_ao81_am15_4_m12_ao81_am12_5,81,8,SATISFIED,1.3566,295567450.0,4258.25
SAL-Ei-LM,bom_deep_7_3_15_5_No1_p40_ao81_am15_4_m12_ao81_am12_5,81,9,SATISFIED,1.2972,292294135.0,4343.31
SAL-Ei-LM,bom_deep_7_3_15_5_No1_p40_ao81_am15_4_m12_ao81_am12_5,81,10,SATISFIED,1.4835,292565707.0,4322.94
SAL-Ei-LM,bom_deep_7_3_15_5_No1_p40_ao81_am15_4_m35_ao81_am32_1,81,1,SATISFIED,1.3438,240297102.0,3470.5
SAL-Ei-LM,bom_deep_7_3_15_5_No1_p40_ao81_am15_4_m35_ao81_am32_1,81,2,SATISFIED,1.3487,242274895.0,3524.03
SAL-Ei-LM,bom_deep_7_3_15_5_No1_p40_ao81_am15_4_m35_ao81_am32_1,81,3,SATISFIED,1.3561,246564770.0,3554.41
SAL-Ei-LM,bom_deep_7_3_15_5_No1_p40_ao81_am15_4_m35_ao81_am32_1,81,4,SATISFIED,1.3517,243880926.0,3551.78
SAL-Ei-LM,bom_deep_7_3_15_5_No1_p40_ao81_am15_4_m35_ao81_am32_1,81,5,SATISFIED,1.3612,235806289.0,3572.34
SAL-Ei-LM,bom_deep_7_3_15_5_No1_p40_ao81_am15_4_m35_ao81_am32_1,81,6,SATISFIED,1.4314,242731506.0,3584.62
SAL-Ei-LM,bom_deep_7_3_15_5_No1_p40_ao81_am15_4_m35_ao81_am32_1,81,7,SATISFIED,1.3507,240806685.0,3453.28
SAL-Ei-LM,bom_deep_7_3_15_5_No1_p40_ao81_am15_4_m35_ao81_am32_1,81,8,SATISFIED,1.3762,239906070.0,3517.22
SAL-Ei-LM,bom_deep_7_3_15_5_No1_p40_ao81_am15_4_m35_ao81_am32_1,81,9,SATISFIED,1.3525,238068806.0,3524.0
SAL-Ei-LM,bom_deep_7_3_15_5_No1_p40_ao81_am15_4_m35_ao81_am32_1,81,10,SATISFIED,1.347,236060772.0,3530.38
SAL-Ei-LM,bom_deep_7_3_15_5_No1_p40_ao81_am15_4_m35_ao81_am33_5,81,1,SATISFIED,1.4836,286167604.0,3541.75
SAL-Ei-LM,bom_deep_7_3_15_5_No1_p40_ao81_am15_4_m35_ao81_am33_5,81,2,SATISFIED,1.3375,274602831.0,3471.81
SAL-Ei-LM,bom_deep_7_3_15_5_No1_p40_ao81_am15_4_m35_ao81_am33_5,81,3,SATISFIED,1.3506,276276760.0,3538.53
SAL-Ei-LM,bom_deep_7_3_15_5_No1_p40_ao81_am15_4_m35_ao81_am33_5,81,4,SATISFIED,1.3553,274899530.0,3563.03
SAL-Ei-LM,bom_deep_7_3_15_5_No1_p40_ao81_am15_4_m35_ao81_am33_5,81,5,SATISFIED,1.3439,288370317.0,3573.66
SAL-Ei-LM,bom_deep_7_3_15_5_No1_p40_ao81_am15_4_m35_ao81_am33_5,81,6,SATISFIED,1.2795,268080925.0,3618.84
SAL-Ei-LM,bom_deep_7_3_15_5_No1_p40_ao81_am15_4_m35_ao81_am33_5,81,7,SATISFIED,1.4373,286859205.0,3604.41
SAL-Ei-LM,bom_deep_7_3_15_5_No1_p40_ao81_am15_4_m35_ao81_am33_5,81,8,SATISFIED,1.3389,277226051.0,3553.72
SAL-Ei-LM,bom_deep_7_3_15_5_No1_p40_ao81_am15_4_m35_ao81_am33_5,81,9,SATISFIED,1.3538,266464876.0,3585.53
SAL-Ei-LM,bom_deep_7_3_15_5_No1_p40_ao81_am15_4_m35_ao81_am33_5,81,10,SATISFIED,1.3534,266314429.0,3633.72
SAL-Ei-LM,bom_deep_7_3_15_5_No1_p40_ao81_am15_4_m35_ao81_am34_2,81,1,SATISFIED,1.3399,155830110.0,3522.0
SAL-Ei-LM,bom_deep_7_3_15_5_No1_p40_ao81_am15_4_m35_ao81_am34_2,81,2,SATISFIED,1.3583,154337030.0,3534.28
SAL-Ei-LM,bom_deep_7_3_15_5_No1_p40_ao81_am15_4_m35_ao81_am34_2,81,3,SATISFIED,1.4075,153821277.0,3522.75
SAL-Ei-LM,bom_deep_7_3_15_5_No1_p40_ao81_am15_4_m35_ao81_am34_2,81,4,SATISFIED,1.3409,149097618.0,3449.25
SAL-Ei-LM,bom_deep_7_3_15_5_No1_p40_ao81_am15_4_m35_ao81_am34_2,81,5,SATISFIED,1.3616,155269672.0,3502.59
SAL-Ei-LM,bom_deep_7_3_15_5_No1_p40_ao81_am15_4_m35_ao81_am34_2,81,6,SATISFIED,1.3501,154759419.0,3528.56
SAL-Ei-LM,bom_deep_7_3_15_5_No1_p40_ao81_am15_4_m35_ao81_am34_2,81,7,SATISFIED,1.3468,154260703.0,3517.94
SAL-Ei-LM,bom_deep_7_3_15_5_No1_p40_ao81_am15_4_m35_ao81_am34_2,81,8,SATISFIED,1.4351,151786990.0,3519.06
SAL-Ei-LM,bom_deep_7_3_15_5_No1_p40_ao81_am15_4_m35_ao81_am34_2,81,9,SATISFIED,1.3441,157341307.0,3445.03
SAL-Ei-LM,bom_deep_7_3_15_5_No1_p40_ao81_am15_4_m35_ao81_am34_2,81,10,SATISFIED,1.3436,154661481.0,3549.66
SAL-Ei-LM,bom_deep_7_3_15_5_No1_p40_ao81_am15_4_m35_ao81_am34_3,81,1,SATISFIED,1.345,185051535.0,3516.38
SAL-Ei-LM,bom_deep_7_3_15_5_No1_p40_ao81_am15_4_m35_ao81_am34_3,81,2,SATISFIED,1.3519,184943735.0,3564.78
SAL-Ei-LM,bom_deep_7_3_15_5_No1_p40_ao81_am15_4_m35_ao81_am34_3,81,3,SATISFIED,1.4881,185018476.0,3562.41
SAL-Ei-LM,bom_deep_7_3_15_5_No1_p40_ao81_am15_4_m35_ao81_am34_3,81,4,SATISFIED,1.3403,184308774.0,3460.44
SAL-Ei-LM,bom_deep_7_3_15_5_No1_p40_ao81_am15_4_m35_ao81_am34_3,81,5,SATISFIED,1.3444,185357438.0,3578.44
SAL-Ei-LM,bom_deep_7_3_15_5_No1_p40_ao81_am15_4_m35_ao81_am34_3,81,6,SATISFIED,1.349,186692311.0,3535.44
SAL-Ei-LM,bom_deep_7_3_15_5_No1_p40_ao81_am15_4_m35_ao81_am34_3,81,7,SATISFIED,1.3418,187758489.0,3561.09
SAL-Ei-LM,bom_deep_7_3_15_5_No1_p40_ao81_am15_4_m35_ao81_am34_3,81,8,SATISFIED,1.3471,186211803.0,3554.47
SAL-Ei-LM,bom_deep_7_3_15_5_No1_p40_ao81_am15_4_m35_ao81_am34_3,81,9,SATISFIED,1.4296,185024105.0,3569.88
SAL-Ei-LM,bom_deep_7_3_15_5_No1_p40_ao81_am15_4_m35_ao81_am34_3,81,10,SATISFIED,1.3364,178400760.0,3473.97
SAL-Ei-LM,bom_deep_7_3_15_5_No1_p40_ao81_am15_4_m35_ao81_am34_4,81,1,SATISFIED,1.3414,223887082.0,3471.06
SAL-Ei-LM,bom_deep_7_3_15_5_No1_p40_ao81_am15_4_m35_ao81_am34_4,81,2,SATISFIED,1.3536,221997150.0,3512.06
SAL-Ei-LM,bom_deep_7_3_15_5_No1_p40_ao81_am15_4_m35_ao81_am34_4,81,3,SATISFIED,1.3431,224707100.0,3594.03
SAL-Ei-LM,bom_deep_7_3_15_5_No1_p40_ao81_am15_4_m35_ao81_am34_4,81,4,SATISFIED,1.4491,222255825.0,3617.34
SAL-Ei-LM,bom_deep_7_3_15_5_No1_p40_ao81_am15_4_m35_ao81_am34_4,81,5,SATISFIED,1.3397,226387128.0,3473.78
SAL-Ei-LM,bom_deep_7_3_15_5_No1_p40_ao81_am15_4_m35_ao81_am34_4,81,6,SATISFIED,1.3482,223695730.0,3526.12
SAL-Ei-LM,bom_deep_7_3_15_5_No1_p40_ao81_am15_4_m35_ao81_am34_4,81,7,SATISFIED,1.3543,223866042.0,3544.06
SAL-Ei-LM,bom_deep_7_3_15_5_No1_p40_ao81_am15_4_m35_ao81_am34_4,81,8,SATISFIED,1.2731,223307320.0,3795.75
SAL-Ei-LM,bom_deep_7_3_15_5_No1_p40_ao81_am15_4_m35_ao81_am34_4,81,9,SATISFIED,1.3416,222850915.0,3631.78
SAL-Ei-LM,bom_deep_7_3_15_5_No1_p40_ao81_am15_4_m35_ao81_am34_4,81,10,SATISFIED,1.4063,226620278.0,3567.25
SAL-Ei-LM,bom_deep_7_3_15_5_No1_p40_ao81_am15_5,81,1,SATISFIED,1.3313,221581345.0,3936.06
SAL-Ei-LM,bom_deep_7_3_15_5_No1_p40_ao81_am15_5,81,2,SATISFIED,1.3457,219078050.0,3996.5
SAL-Ei-LM,bom_deep_7_3_15_5_No1_p40_ao81_am15_5,81,3,SATISFIED,1.3525,216533774.0,3974.94
SAL-Ei-LM,bom_deep_7_3_15_5_No1_p40_ao81_am15_5,81,4,SATISFIED,1.3542,220164055.0,3989.97
SAL-Ei-LM,bom_deep_7_3_15_5_No1_p40_ao81_am15_5,81,5,SATISFIED,1.3433,219780473.0,4023.12
SAL-Ei-LM,bom_deep_7_3_15_5_No1_p40_ao81_am15_5,81,6,SATISFIED,1.4237,217044394.0,4032.5
SAL-Ei-LM,bom_deep_7_3_15_5_No1_p40_ao81_am15_5,81,7,SATISFIED,1.3408,218897192.0,3951.22
SAL-Ei-LM,bom_deep_7_3_15_5_No1_p40_ao81_am15_5,81,8,SATISFIED,1.3543,217486703.0,3980.97
SAL-Ei-LM,bom_deep_7_3_15_5_No1_p40_ao81_am15_5,81,9,SATISFIED,1.3451,213049474.0,4024.44
SAL-Ei-LM,bom_deep_7_3_15_5_No1_p40_ao81_am15_5,81,10,SATISFIED,1.3435,220173410.0,4047.62
SAL-Ei-LM,bom_deep_7_3_15_5_No1_p40_ao81_am15_5_m12_ao81_am12_1,81,1,SATISFIED,1.3418,201759020.0,4361.12
SAL-Ei-LM,bom_deep_7_3_15_5_No1_p40_ao81_am15_5_m12_ao81_am12_1,81,2,SATISFIED,1.351,201835810.0,4391.0
SAL-Ei-LM,bom_deep_7_3_15_5_No1_p40_ao81_am15_5_m12_ao81_am12_1,81,3,SATISFIED,1.3955,201724392.0,4369.72
SAL-Ei-LM,bom_deep_7_3_15_5_No1_p40_ao81_am15_5_m12_ao81_am12_1,81,4,SATISFIED,1.3423,201748482.0,4442.94
SAL-Ei-LM,bom_deep_7_3_15_5_No1_p40_ao81_am15_5_m12_ao81_am12_1,81,5,SATISFIED,1.3611,201625162.0,4473.09
SAL-Ei-LM,bom_deep_7_3_15_5_No1_p40_ao81_am15_5_m12_ao81_am12_1,81,6,SATISFIED,1.3585,201836532.0,4468.97
SAL-Ei-LM,bom_deep_7_3_15_5_No1_p40_ao81_am15_5_m12_ao81_am12_1,81,7,SATISFIED,1.3561,201740952.0,4474.38
SAL-Ei-LM,bom_deep_7_3_15_5_No1_p40_ao81_am15_5_m12_ao81_am12_1,81,8,SATISFIED,1.3606,201782736.0,4482.5
SAL-Ei-LM,bom_deep_7_3_15_5_No1_p40_ao81_am15_5_m12_ao81_am12_1,81,9,SATISFIED,1.4488,201670902.0,4487.28
SAL-Ei-LM,bom_deep_7_3_15_5_No1_p40_ao81_am15_5_m12_ao81_am12_1,81,10,SATISFIED,1.3453,201807852.0,4383.66
SAL-Ei-LM,bom_deep_7_3_15_5_No1_p40_ao81_am15_5_m12_ao81_am12_2,81,1,SATISFIED,1.3445,178993839.0,4242.75
SAL-Ei-LM,bom_deep_7_3_15_5_No1_p40_ao81_am15_5_m12_ao81_am12_2,81,2,SATISFIED,1.2957,176970288.0,4393.81
SAL-Ei-LM,bom_deep_7_3_15_5_No1_p40_ao81_am15_5_m12_ao81_am12_2,81,3,SATISFIED,1.3584,181339676.0,4417.41
SAL-Ei-LM,bom_deep_7_3_15_5_No1_p40_ao81_am15_5_m12_ao81_am12_2,81,4,SATISFIED,1.3669,177848364.0,4368.53
SAL-Ei-LM,bom_deep_7_3_15_5_No1_p40_ao81_am15_5_m12_ao81_am12_2,81,5,SATISFIED,1.3627,179321502.0,4352.0
SAL-Ei-LM,bom_deep_7_3_15_5_No1_p40_ao81_am15_5_m12_ao81_am12_2,81,6,SATISFIED,1.3935,177249785.0,4356.44
SAL-Ei-LM,bom_deep_7_3_15_5_No1_p40_ao81_am15_5_m12_ao81_am12_2,81,7,SATISFIED,1.3425,172684117.0,4294.06
SAL-Ei-LM,bom_deep_7_3_15_5_No1_p40_ao81_am15_5_m12_ao81_am12_2,81,8,SATISFIED,1.3558,177504501.0,4290.5
SAL-Ei-LM,bom_deep_7_3_15_5_No1_p40_ao81_am15_5_m12_ao81_am12_2,81,9,SATISFIED,1.3633,177885667.0,4303.56
SAL-Ei-LM,bom_deep_7_3_15_5_No1_p40_ao81_am15_5_m12_ao81_am12_2,81,10,SATISFIED,1.3605,178121001.0,4283.09
SAL-Ei-LM,bom_deep_7_3_15_5_No1_p40_ao81_am15_5_m12_ao81_am12_3,81,1,SATISFIED,1.3625,145461193.0,4130.88
SAL-Ei-LM,bom_deep_7_3_15_5_No1_p40_ao81_am15_5_m12_ao81_am12_3,81,2,SATISFIED,1.4483,145408283.0,4156.91
SAL-Ei-LM,bom_deep_7_3_15_5_No1_p40_ao81_am15_5_m12_ao81_am12_3,81,3,SATISFIED,1.3429,145866481.0,4087.56
SAL-Ei-LM,bom_deep_7_3_15_5_No1_p40_ao81_am15_5_m12_ao81_am12_3,81,4,SATISFIED,1.347,145934930.0,4168.28
SAL-Ei-LM,bom_deep_7_3_15_5_No1_p40_ao81_am15_5_m12_ao81_am12_3,81,5,SATISFIED,1.3669,145880989.0,4124.25
SAL-Ei-LM,bom_deep_7_3_15_5_No1_p40_ao81_am15_5_m12_ao81_am12_3,81,6,SATISFIED,1.3685,145510160.0,4130.0
SAL-Ei-LM,bom_deep_7_3_15_5_No1_p40_ao81_am15_5_m12_ao81_am12_3,81,7,SATISFIED,1.3629,145674300.0,4163.69
SAL-Ei-LM,bom_deep_7_3_15_5_No1_p40_ao81_am15_5_m12_ao81_am12_3,81,8,SATISFIED,1.3596,145649319.0,4205.16
SAL-Ei-LM,bom_deep_7_3_15_5_No1_p40_ao81_am15_5_m12_ao81_am12_3,81,9,SATISFIED,1.4195,145450127.0,4206.34
SAL-Ei-LM,bom_deep_7_3_15_5_No1_p40_ao81_am15_5_m12_ao81_am12_3,81,10,SATISFIED,1.3471,146048175.0,4159.38
SAL-Ei-LM,bom_deep_7_3_15_5_No1_p40_ao81_am15_5_m12_ao81_am12_4,81,1,SATISFIED,1.3513,156375266.0,4193.12
SAL-Ei-LM,bom_deep_7_3_15_5_No1_p40_ao81_am15_5_m12_ao81_am12_4,81,2,SATISFIED,1.3637,155590076.0,4184.59
SAL-Ei-LM,bom_deep_7_3_15_5_No1_p40_ao81_am15_5_m12_ao81_am12_4,81,3,SATISFIED,1.3604,156129811.0,4165.0
SAL-Ei-LM,bom_deep_7_3_15_5_No1_p40_ao81_am15_5_m12_ao81_am12_4,81,4,SATISFIED,1.3639,155170685.0,4153.19
SAL-Ei-LM,bom_deep_7_3_15_5_No1_p40_ao81_am15_5_m12_ao81_am12_4,81,5,SATISFIED,1.4349,155860726.0,4230.44
SAL-Ei-LM,bom_deep_7_3_15_5_No1_p40_ao81_am15_5_m12_ao81_am12_4,81,6,SATISFIED,1.2692,155069209.0,4166.09
SAL-Ei-LM,bom_deep_7_3_15_5_No1_p40_ao81_am15_5_m12_ao81_am12_4,81,7,SATISFIED,1.3512,155894545.0,4185.0
SAL-Ei-LM,bom_deep_7_3_15_5_No1_p40_ao81_am15_5_m12_ao81_am12_4,81,8,SATISFIED,1.3479,155090172.0,4247.41
SAL-Ei-LM,bom_deep_7_3_15_5_No1_p40_ao81_am15_5_m12_ao81_am12_4,81,9,SATISFIED,1.3535,156090755.0,4180.09
SAL-Ei-LM,bom_deep_7_3_15_5_No1_p40_ao81_am15_5_m12_ao81_am12_4,81,10,SATISFIED,1.347,155648868.0,4184.0
SAL-Ei-LM,bom_deep_7_3_15_5_No1_p40_ao81_am15_5_m12_ao81_am12_5,81,1,SATISFIED,1.3491,173659967.0,4097.88
SAL-Ei-LM,bom_deep_7_3_15_5_No1_p40_ao81_am15_5_m12_ao81_am12_5,81,2,SATISFIED,1.367,173467636.0,4109.88
SAL-Ei-LM,bom_deep_7_3_15_5_No1_p40_ao81_am15_5_m12_ao81_am12_5,81,3,SATISFIED,1.28,172941248.0,4316.22
SAL-Ei-LM,bom_deep_7_3_15_5_No1_p40_ao81_am15_5_m12_ao81_am12_5,81,4,SATISFIED,1.2699,173411450.0,4384.31
SAL-Ei-LM,bom_deep_7_3_15_5_No1_p40_ao81_am15_5_m12_ao81_am12_5,81,5,SATISFIED,1.352,172671835.0,4239.53
SAL-Ei-LM,bom_deep_7_3_15_5_No1_p40_ao81_am15_5_m12_ao81_am12_5,81,6,SATISFIED,1.3436,172422125.0,4197.34
SAL-Ei-LM,bom_deep_7_3_15_5_No1_p40_ao81_am15_5_m12_ao81_am12_5,81,7,SATISFIED,1.3504,172891520.0,4171.5
SAL-Ei-LM,bom_deep_7_3_15_5_No1_p40_ao81_am15_5_m12_ao81_am12_5,81,8,SATISFIED,1.4446,173130300.0,4151.59
SAL-Ei-LM,bom_deep_7_3_15_5_No1_p40_ao81_am15_5_m12_ao81_am12_5,81,9,SATISFIED,1.3241,174057000.0,4082.09
SAL-Ei-LM,bom_deep_7_3_15_5_No1_p40_ao81_am15_5_m12_ao81_am12_5,81,10,SATISFIED,1.3384,174014140.0,4168.09
SAL-Ei-LM,bom_deep_7_3_15_5_No1_p40_ao81_am15_5_m35_ao81_am34_1,81,1,SATISFIED,1.3338,131313286.0,3498.47
SAL-Ei-LM,bom_deep_7_3_15_5_No1_p40_ao81_am15_5_m35_ao81_am34_1,81,2,SATISFIED,1.346,132950678.0,3488.34
SAL-Ei-LM,bom_deep_7_3_15_5_No1_p40_ao81_am15_5_m35_ao81_am34_1,81,3,SATISFIED,1.348,136224248.0,3509.44
SAL-Ei-LM,bom_deep_7_3_15_5_No1_p40_ao81_am15_5_m35_ao81_am34_1,81,4,SATISFIED,1.4317,132384271.0,3542.78
SAL-Ei-LM,bom_deep_7_3_15_5_No1_p40_ao81_am15_5_m35_ao81_am34_1,81,5,SATISFIED,1.3387,132174724.0,3445.84
SAL-Ei-LM,bom_deep_7_3_15_5_No1_p40_ao81_am15_5_m35_ao81_am34_1,81,6,SATISFIED,1.3385,134878357.0,3557.81
SAL-Ei-LM,bom_deep_7_3_15_5_No1_p40_ao81_am15_5_m35_ao81_am34_1,81,7,SATISFIED,1.353,129816002.0,3548.75
SAL-Ei-LM,bom_deep_7_3_15_5_No1_p40_ao81_am15_5_m35_ao81_am34_1,81,8,SATISFIED,1.3558,134285661.0,3496.78
SAL-Ei-LM,bom_deep_7_3_15_5_No1_p40_ao81_am15_5_m35_ao81_am34_1,81,9,SATISFIED,1.3518,130677281.0,3496.12
SAL-Ei-LM,bom_deep_7_3_15_5_No1_p40_ao81_am15_5_m35_ao81_am34_1,81,10,SATISFIED,1.4046,130473060.0,3470.16
SAL-Ei-LM,bom_deep_7_3_15_5_No1_p40_ao81_am15_5_m35_ao81_am34_3,81,1,SATISFIED,1.3392,195838096.0,3428.34
SAL-Ei-LM,bom_deep_7_3_15_5_No1_p40_ao81_am15_5_m35_ao81_am34_3,81,2,SATISFIED,1.3405,195320505.0,3521.59
SAL-Ei-LM,bom_deep_7_3_15_5_No1_p40_ao81_am15_5_m35_ao81_am34_3,81,3,SATISFIED,1.3503,200670220.0,3516.06
SAL-Ei-LM,bom_deep_7_3_15_5_No1_p40_ao81_am15_5_m35_ao81_am34_3,81,4,SATISFIED,1.3549,199320980.0,3500.25
SAL-Ei-LM,bom_deep_7_3_15_5_No1_p40_ao81_am15_5_m35_ao81_am34_3,81,5,SATISFIED,1.4188,199620882.0,3585.25
SAL-Ei-LM,bom_deep_7_3_15_5_No1_p40_ao81_am15_5_m35_ao81_am34_3,81,6,SATISFIED,1.3425,198259644.0,3501.66
SAL-Ei-LM,bom_deep_7_3_15_5_No1_p40_ao81_am15_5_m35_ao81_am34_3,81,7,SATISFIED,1.3587,193041222.0,3534.38
SAL-Ei-LM,bom_deep_7_3_15_5_No1_p40_ao81_am15_5_m35_ao81_am34_3,81,8,SATISFIED,1.3476,196985521.0,3563.66
SAL-Ei-LM,bom_deep_7_3_15_5_No1_p40_ao81_am15_5_m35_ao81_am34_3,81,9,SATISFIED,1.3458,203191175.0,3553.31
SAL-Ei-LM,bom_deep_7_3_15_5_No1_p40_ao81_am15_5_m35_ao81_am34_3,81,10,SATISFIED,1.4727,199287340.0,3559.66
SAL-Ei-LM,bom_deep_7_3_15_5_No1_p40_ao81_am15_5_m35_ao81_am34_4,81,1,SATISFIED,1.3322,211928142.0,3363.56
SAL-Ei-LM,bom_deep_7_3_15_5_No1_p40_ao81_am15_5_m35_ao81_am34_4,81,2,SATISFIED,1.345,209566639.0,3515.41
SAL-Ei-LM,bom_deep_7_3_15_5_No1_p40_ao81_am15_5_m35_ao81_am34_4,81,3,SATISFIED,1.3618,215203804.0,3517.25
SAL-Ei-LM,bom_deep_7_3_15_5_No1_p40_ao81_am15_5_m35_ao81_am34_4,81,4,SATISFIED,1.3445,208521619.0,3495.94
SAL-Ei-LM,bom_deep_7_3_15_5_No1_p40_ao81_am15_5_m35_ao81_am34_4,81,5,SATISFIED,1.3451,213183829.0,3460.12
SAL-Ei-LM,bom_deep_7_3_15_5_No1_p40_ao81_am15_5_m35_ao81_am34_4,81,6,SATISFIED,1.4066,216480126.0,3435.34
SAL-Ei-LM,bom_deep_7_3_15_5_No1_p40_ao81_am15_5_m35_ao81_am34_4,81,7,SATISFIED,1.3366,216102326.0,3475.94
SAL-Ei-LM,bom_deep_7_3_15_5_No1_p40_ao81_am15_5_m35_ao81_am34_4,81,8,SATISFIED,1.3497,218976290.0,3504.72
SAL-Ei-LM,bom_deep_7_3_15_5_No1_p40_ao81_am15_5_m35_ao81_am34_4,81,9,SATISFIED,1.3341,211898092.0,3498.97
SAL-Ei-LM,bom_deep_7_3_15_5_No1_p40_ao81_am15_5_m35_ao81_am34_4,81,10,SATISFIED,1.3987,217442968.0,3422.81
SAL-Ei-LM,bom_deep_7_3_15_5_No1_p40_ao81_am15_5_m35_ao81_am35_2,81,1,SATISFIED,1.4477,128673007.0,3371.06
SAL-Ei-LM,bom_deep_7_3_15_5_No1_p40_ao81_am15_5_m35_ao81_am35_2,81,2,SATISFIED,1.3514,128308492.0,3368.62
SAL-Ei-LM,bom_deep_7_3_15_5_No1_p40_ao81_am15_5_m35_ao81_am35_2,81,3,SATISFIED,1.3733,136212435.0,3409.81
SAL-Ei-LM,bom_deep_7_3_15_5_No1_p40_ao81_am15_5_m35_ao81_am35_2,81,4,SATISFIED,1.3464,131919152.0,3415.94
SAL-Ei-LM,bom_deep_7_3_15_5_No1_p40_ao81_am15_5_m35_ao81_am35_2,81,5,SATISFIED,1.3483,131641767.0,3421.72
SAL-Ei-LM,bom_deep_7_3_15_5_No1_p40_ao81_am15_5_m35_ao81_am35_2,81,6,SATISFIED,1.2644,135053068.0,3619.84
SAL-Ei-LM,bom_deep_7_3_15_5_No1_p40_ao81_am15_5_m35_ao81_am35_2,81,7,SATISFIED,1.2909,123594897.0,4134.59
SAL-Ei-LM,bom_deep_7_3_15_5_No1_p40_ao81_am15_5_m35_ao81_am35_2,81,8,SATISFIED,1.3438,129810728.0,3452.84
SAL-Ei-LM,bom_deep_7_3_15_5_No1_p40_ao81_am15_5_m35_ao81_am35_2,81,9,SATISFIED,1.3587,127055574.0,3413.62
SAL-Ei-LM,bom_deep_7_3_15_5_No1_p40_ao81_am15_5_m35_ao81_am35_2,81,10,SATISFIED,1.3534,130028000.0,3447.25
SAL-Ei-LM,bom_deep_7_3_15_5_No1_p40_ao81_am15_5_m35_ao81_am35_5,81,1,SATISFIED,1.342,137813565.0,3457.53
SAL-Ei-LM,bom_deep_7_3_15_5_No1_p40_ao81_am15_5_m35_ao81_am35_5,81,2,SATISFIED,1.4372,142247752.0,3480.0
SAL-Ei-LM,bom_deep_7_3_15_5_No1_p40_ao81_am15_5_m35_ao81_am35_5,81,3,SATISFIED,1.3412,143157528.0,3434.41
SAL-Ei-LM,bom_deep_7_3_15_5_No1_p40_ao81_am15_5_m35_ao81_am35_5,81,4,SATISFIED,1.355,139395645.0,3479.72
SAL-Ei-LM,bom_deep_7_3_15_5_No1_p40_ao81_am15_5_m35_ao81_am35_5,81,5,SATISFIED,1.3479,138000493.0,3476.16
SAL-Ei-LM,bom_deep_7_3_15_5_No1_p40_ao81_am15_5_m35_ao81_am35_5,81,6,SATISFIED,1.3532,138831429.0,3464.34
SAL-Ei-LM,bom_deep_7_3_15_5_No1_p40_ao81_am15_5_m35_ao81_am35_5,81,7,SATISFIED,1.4958,141575776.0,3509.41
SAL-Ei-LM,bom_deep_7_3_15_5_No1_p40_ao81_am15_5_m35_ao81_am35_5,81,8,SATISFIED,1.3381,139744542.0,3421.59
SAL-Ei-LM,bom_deep_7_3_15_5_No1_p40_ao81_am15_5_m35_ao81_am35_5,81,9,SATISFIED,1.3579,138426600.0,3433.53
SAL-Ei-LM,bom_deep_7_3_15_5_No1_p40_ao81_am15_5_m35_ao81_am35_5,81,10,SATISFIED,1.3545,138198491.0,3452.41
SAL-Ei-LM,bom_deep_7_3_15_5_No1_p50_ao87_am15_1,87,1,SATISFIED,1.3606,122492180.0,3948.47
SAL-Ei-LM,bom_deep_7_3_15_5_No1_p50_ao87_am15_1,87,2,SATISFIED,1.3693,122512375.0,4013.81
SAL-Ei-LM,bom_deep_7_3_15_5_No1_p50_ao87_am15_1,87,3,SATISFIED,1.5061,122559870.0,3952.59
SAL-Ei-LM,bom_deep_7_3_15_5_No1_p50_ao87_am15_1,87,4,SATISFIED,1.3601,122543265.0,3897.41
SAL-Ei-LM,bom_deep_7_3_15_5_No1_p50_ao87_am15_1,87,5,SATISFIED,1.3708,122626295.0,3934.09
SAL-Ei-LM,bom_deep_7_3_15_5_No1_p50_ao87_am15_1,87,6,SATISFIED,1.3106,122591785.0,4037.78
SAL-Ei-LM,bom_deep_7_3_15_5_No1_p50_ao87_am15_1,87,7,SATISFIED,1.3568,122506580.0,3989.44
SAL-Ei-LM,bom_deep_7_3_15_5_No1_p50_ao87_am15_1,87,8,SATISFIED,1.3574,122545155.0,3997.75
SAL-Ei-LM,bom_deep_7_3_15_5_No1_p50_ao87_am15_1,87,9,SATISFIED,1.4692,122510690.0,3966.41
SAL-Ei-LM,bom_deep_7_3_15_5_No1_p50_ao87_am15_1,87,10,SATISFIED,1.3535,122558115.0,3917.28
SAL-Ei-LM,bom_deep_7_3_15_5_No1_p50_ao87_am15_1_m10_ao87_am10_1,87,1,SATISFIED,1.3589,149158874.0,4483.53
SAL-Ei-LM,bom_deep_7_3_15_5_No1_p50_ao87_am15_1_m10_ao87_am10_1,87,2,SATISFIED,1.3705,149772385.0,4516.72
SAL-Ei-LM,bom_deep_7_3_15_5_No1_p50_ao87_am15_1_m10_ao87_am10_1,87,3,SATISFIED,1.3651,149682505.0,4491.25
SAL-Ei-LM,bom_deep_7_3_15_5_No1_p50_ao87_am15_1_m10_ao87_am10_1,87,4,SATISFIED,1.3727,148646545.0,4516.22
SAL-Ei-LM,bom_deep_7_3_15_5_No1_p50_ao87_am15_1_m10_ao87_am10_1,87,5,SATISFIED,1.3718,149964687.0,4598.0
SAL-Ei-LM,bom_deep_7_3_15_5_No1_p50_ao87_am15_1_m10_ao87_am10_1,87,6,SATISFIED,1.2995,149463775.0,4851.47
SAL-Ei-LM,bom_deep_7_3_15_5_No1_p50_ao87_am15_1_m10_ao87_am10_1,87,7,SATISFIED,1.2363,148980558.0,4921.59
SAL-Ei-LM,bom_deep_7_3_15_5_No1_p50_ao87_am15_1_m10_ao87_am10_1,87,8,SATISFIED,1.3576,149848731.0,4693.41
SAL-Ei-LM,bom_deep_7_3_15_5_No1_p50_ao87_am15_1_m10_ao87_am10_1,87,9,SATISFIED,1.3681,148777552.0,4568.97
SAL-Ei-LM,bom_deep_7_3_15_5_No1_p50_ao87_am15_1_m10_ao87_am10_1,87,10,SATISFIED,1.3722,149676364.0,4509.59
SAL-Ei-LM,bom_deep_7_3_15_5_No1_p50_ao87_am15_1_m10_ao87_am10_2,87,1,SATISFIED,1.3666,236157310.0,4283.81
SAL-Ei-LM,bom_deep_7_3_15_5_No1_p50_ao87_am15_1_m10_ao87_am10_2,87,2,SATISFIED,1.4261,236151815.0,4278.62
SAL-Ei-LM,bom_deep_7_3_15_5_No1_p50_ao87_am15_1_m10_ao87_am10_2,87,3,SATISFIED,1.3649,236151325.0,4232.69
SAL-Ei-LM,bom_deep_7_3_15_5_No1_p50_ao87_am15_1_m10_ao87_am10_2,87,4,SATISFIED,1.3876,236168476.0,4280.31
SAL-Ei-LM,bom_deep_7_3_15_5_No1_p50_ao87_am15_1_m10_ao87_am10_2,87,5,SATISFIED,1.3642,236156070.0,4312.44
SAL-Ei-LM,bom_deep_7_3_15_5_No1_p50_ao87_am15_1_m10_ao87_am10_2,87,6,SATISFIED,1.3665,236152748.0,4280.62
SAL-Ei-LM,bom_deep_7_3_15_5_No1_p50_ao87_am15_1_m10_ao87_am10_2,87,7,SATISFIED,1.373,236153697.0,4325.47
SAL-Ei-LM,bom_deep_7_3_15_5_No1_p50_ao87_am15_1_m10_ao87_am10_2,87,8,SATISFIED,1.4904,236151635.0,4299.34
SAL-Ei-LM,bom_deep_7_3_15_5_No1_p50_ao87_am15_1_m10_ao87_am10_2,87,9,SATISFIED,1.357,236158645.0,4272.34
SAL-Ei-LM,bom_deep_7_3_15_5_No1_p50_ao87_am15_1_m10_ao87_am10_2,87,10,SATISFIED,1.3652,236159119.0,4273.88
SAL-Ei-LM,bom_deep_7_3_15_5_No1_p50_ao87_am15_1_m10_ao87_am10_3,87,1,SATISFIED,1.3686,108335422.0,4153.0
SAL-Ei-LM,bom_deep_7_3_15_5_No1_p50_ao87_am15_1_m10_ao87_am10_3,87,2,SATISFIED,1.4072,109861648.0,4108.84
SAL-Ei-LM,bom_deep_7_3_15_5_No1_p50_ao87_am15_1_m10_ao87_am10_3,87,3,SATISFIED,1.3721,107456130.0,4195.94
SAL-Ei-LM,bom_deep_7_3_15_5_No1_p50_ao87_am15_1_m10_ao87_am10_3,87,4,SATISFIED,1.3751,107737305.0,4200.44
SAL-Ei-LM,bom_deep_7_3_15_5_No1_p50_ao87_am15_1_m10_ao87_am10_3,87,5,SATISFIED,1.4275,110008537.0,4175.78
SAL-Ei-LM,bom_deep_7_3_15_5_No1_p50_ao87_am15_1_m10_ao87_am10_3,87,6,SATISFIED,1.3541,109321983.0,4156.28
SAL-Ei-LM,bom_deep_7_3_15_5_No1_p50_ao87_am15_1_m10_ao87_am10_3,87,7,SATISFIED,1.3739,109863508.0,4172.38
SAL-Ei-LM,bom_deep_7_3_15_5_No1_p50_ao87_am15_1_m10_ao87_am10_3,87,8,SATISFIED,1.3789,106724238.0,4189.84
SAL-Ei-LM,bom_deep_7_3_15_5_No1_p50_ao87_am15_1_m10_ao87_am10_3,87,9,SATISFIED,1.3969,108172983.0,4235.59
SAL-Ei-LM,bom_deep_7_3_15_5_No1_p50_ao87_am15_1_m10_ao87_am10_3,87,10,SATISFIED,1.377,109676803.0,4205.06
SAL-Ei-LM,bom_deep_7_3_15_5_No1_p50_ao87_am15_1_m10_ao87_am10_4,87,1,SATISFIED,1.446,163560085.0,4458.78
SAL-Ei-LM,bom_deep_7_3_15_5_No1_p50_ao87_am15_1_m10_ao87_am10_4,87,2,SATISFIED,1.3651,163574645.0,4409.06
SAL-Ei-LM,bom_deep_7_3_15_5_No1_p50_ao87_am15_1_m10_ao87_am10_4,87,3,SATISFIED,1.3709,163573585.0,4417.31
SAL-Ei-LM,bom_deep_7_3_15_5_No1_p50_ao87_am15_1_m10_ao87_am10_4,87,4,SATISFIED,1.3731,163568535.0,4386.78
SAL-Ei-LM,bom_deep_7_3_15_5_No1_p50_ao87_am15_1_m10_ao87_am10_4,87,5,SATISFIED,1.3962,163560280.0,4392.88
SAL-Ei-LM,bom_deep_7_3_15_5_No1_p50_ao87_am15_1_m10_ao87_am10_4,87,6,SATISFIED,1.4042,163709825.0,4378.09
SAL-Ei-LM,bom_deep_7_3_15_5_No1_p50_ao87_am15_1_m10_ao87_am10_4,87,7,SATISFIED,1.3768,163555145.0,4386.34
SAL-Ei-LM,bom_deep_7_3_15_5_No1_p50_ao87_am15_1_m10_ao87_am10_4,87,8,SATISFIED,1.4201,163565415.0,4353.22
SAL-Ei-LM,bom_deep_7_3_15_5_No1_p50_ao87_am15_1_m10_ao87_am10_4,87,9,SATISFIED,1.3647,163614265.0,4335.75
SAL-Ei-LM,bom_deep_7_3_15_5_No1_p50_ao87_am15_1_m10_ao87_am10_4,87,10,SATISFIED,1.366,163572500.0,4377.19
SAL-Ei-LM,bom_deep_7_3_15_5_No1_p50_ao87_am15_1_m10_ao87_am10_5,87,1,SATISFIED,1.3919,238047225.0,4300.78
SAL-Ei-LM,bom_deep_7_3_15_5_No1_p50_ao87_am15_1_m10_ao87_am10_5,87,2,SATISFIED,1.3892,238045945.0,4241.47
SAL-Ei-LM,bom_deep_7_3_15_5_No1_p50_ao87_am15_1_m10_ao87_am10_5,87,3,SATISFIED,1.3911,238045245.0,4290.69
SAL-Ei-LM,bom_deep_7_3_15_5_No1_p50_ao87_am15_1_m10_ao87_am10_5,87,4,SATISFIED,1.478,238044565.0,4498.19
SAL-Ei-LM,bom_deep_7_3_15_5_No1_p50_ao87_am15_1_m10_ao87_am10_5,87,5,SATISFIED,1.4013,238051550.0,4247.78
SAL-Ei-LM,bom_deep_7_3_15_5_No1_p50_ao87_am15_1_m10_ao87_am10_5,87,6,SATISFIED,1.3962,238061575.0,4306.59
SAL-Ei-LM,bom_deep_7_3_15_5_No1_p50_ao87_am15_1_m10_ao87_am10_5,87,7,SATISFIED,1.3949,238062025.0,4363.69
SAL-Ei-LM,bom_deep_7_3_15_5_No1_p50_ao87_am15_1_m10_ao87_am10_5,87,8,SATISFIED,1.382,238054510.0,4354.16
SAL-Ei-LM,bom_deep_7_3_15_5_No1_p50_ao87_am15_1_m10_ao87_am10_5,87,9,SATISFIED,1.3981,238057495.0,4326.69
SAL-Ei-LM,bom_deep_7_3_15_5_No1_p50_ao87_am15_1_m10_ao87_am10_5,87,10,SATISFIED,1.5748,238065855.0,4301.88
SAL-Ei-LM,bom_deep_7_3_15_5_No1_p50_ao87_am15_1_m25_ao87_am19_1,87,1,SATISFIED,1.386,123778245.0,4254.0
SAL-Ei-LM,bom_deep_7_3_15_5_No1_p50_ao87_am15_1_m25_ao87_am19_1,87,2,SATISFIED,1.4142,123816050.0,4264.97
SAL-Ei-LM,bom_deep_7_3_15_5_No1_p50_ao87_am15_1_m25_ao87_am19_1,87,3,SATISFIED,1.3636,123688240.0,4327.28
SAL-Ei-LM,bom_deep_7_3_15_5_No1_p50_ao87_am15_1_m25_ao87_am19_1,87,4,SATISFIED,1.3659,123777745.0,4358.31
SAL-Ei-LM,bom_deep_7_3_15_5_No1_p50_ao87_am15_1_m25_ao87_am19_1,87,5,SATISFIED,1.3714,123738755.0,4351.53
SAL-Ei-LM,bom_deep_7_3_15_5_No1_p50_ao87_am15_1_m25_ao87_am19_1,87,6,SATISFIED,1.4768,123776035.0,4364.5
SAL-Ei-LM,bom_deep_7_3_15_5_No1_p50_ao87_am15_1_m25_ao87_am19_1,87,7,SATISFIED,1.3589,123605355.0,4329.94
SAL-Ei-LM,bom_deep_7_3_15_5_No1_p50_ao87_am15_1_m25_ao87_am19_1,87,8,SATISFIED,1.368,123761820.0,4337.22
SAL-Ei-LM,bom_deep_7_3_15_5_No1_p50_ao87_am15_1_m25_ao87_am19_1,87,9,SATISFIED,1.3784,123778895.0,4313.31
SAL-Ei-LM,bom_deep_7_3_15_5_No1_p50_ao87_am15_1_m25_ao87_am19_1,87,10,SATISFIED,1.3813,123657625.0,4327.25
SAL-Ei-LM,bom_deep_7_3_15_5_No1_p50_ao87_am15_1_m25_ao87_am20_3,87,1,SATISFIED,1.3678,176576195.0,4270.78
SAL-Ei-LM,bom_deep_7_3_15_5_No1_p50_ao87_am15_1_m25_ao87_am20_3,87,2,SATISFIED,1.4838,176711310.0,4260.81
SAL-Ei-LM,bom_deep_7_3_15_5_No1_p50_ao87_am15_1_m25_ao87_am20_3,87,3,SATISFIED,1.3545,176660627.0,4224.56
SAL-Ei-LM,bom_deep_7_3_15_5_No1_p50_ao87_am15_1_m25_ao87_am20_3,87,4,SATISFIED,1.3703,176646692.0,4334.72
SAL-Ei-LM,bom_deep_7_3_15_5_No1_p50_ao87_am15_1_m25_ao87_am20_3,87,5,SATISFIED,1.3774,176593871.0,4333.34
SAL-Ei-LM,bom_deep_7_3_15_5_No1_p50_ao87_am15_1_m25_ao87_am20_3,87,6,SATISFIED,1.3843,176674284.0,4250.22
SAL-Ei-LM,bom_deep_7_3_15_5_No1_p50_ao87_am15_1_m25_ao87_am20_3,87,7,SATISFIED,1.3737,176524840.0,4307.19
SAL-Ei-LM,bom_deep_7_3_15_5_No1_p50_ao87_am15_1_m25_ao87_am20_3,87,8,SATISFIED,1.4703,176694995.0,4295.47
SAL-Ei-LM,bom_deep_7_3_15_5_No1_p50_ao87_am15_1_m25_ao87_am20_3,87,9,SATISFIED,1.358,176741709.0,4231.53
SAL-Ei-LM,bom_deep_7_3_15_5_No1_p50_ao87_am15_1_m25_ao87_am20_3,87,10,SATISFIED,1.3841,176683185.0,4292.72
SAL-Ei-LM,bom_deep_7_3_15_5_No1_p50_ao87_am15_1_m25_ao87_am20_4,87,1,SATISFIED,1.367,46091835.0,4281.12
SAL-Ei-LM,bom_deep_7_3_15_5_No1_p50_ao87_am15_1_m25_ao87_am20_4,87,2,SATISFIED,1.3717,46152340.0,4354.53
SAL-Ei-LM,bom_deep_7_3_15_5_No1_p50_ao87_am15_1_m25_ao87_am20_4,87,3,SATISFIED,1.3736,46132945.0,4329.06
SAL-Ei-LM,bom_deep_7_3_15_5_No1_p50_ao87_am15_1_m25_ao87_am20_4,87,4,SATISFIED,1.4434,46180180.0,4313.91
SAL-Ei-LM,bom_deep_7_3_15_5_No1_p50_ao87_am15_1_m25_ao87_am20_4,87,5,SATISFIED,1.3651,46095810.0,4237.88
SAL-Ei-LM,bom_deep_7_3_15_5_No1_p50_ao87_am15_1_m25_ao87_am20_4,87,6,SATISFIED,1.3788,46090560.0,4279.81
SAL-Ei-LM,bom_deep_7_3_15_5_No1_p50_ao87_am15_1_m25_ao87_am20_4,87,7,SATISFIED,1.3752,46146350.0,4275.09
SAL-Ei-LM,bom_deep_7_3_15_5_No1_p50_ao87_am15_1_m25_ao87_am20_4,87,8,SATISFIED,1.378,46087415.0,4262.09
SAL-Ei-LM,bom_deep_7_3_15_5_No1_p50_ao87_am15_1_m25_ao87_am20_4,87,9,SATISFIED,1.3921,46315735.0,4264.31
SAL-Ei-LM,bom_deep_7_3_15_5_No1_p50_ao87_am15_1_m25_ao87_am20_4,87,10,SATISFIED,1.4537,46120660.0,4258.78
SAL-Ei-LM,bom_deep_7_3_15_5_No1_p50_ao87_am15_1_m25_ao87_am21_5,87,1,SATISFIED,1.36,222220010.0,4091.81
SAL-Ei-LM,bom_deep_7_3_15_5_No1_p50_ao87_am15_1_m25_ao87_am21_5,87,2,SATISFIED,1.3667,222226590.0,4131.97
SAL-Ei-LM,bom_deep_7_3_15_5_No1_p50_ao87_am15_1_m25_ao87_am21_5,87,3,SATISFIED,1.3763,222081580.0,4142.09
SAL-Ei-LM,bom_deep_7_3_15_5_No1_p50_ao87_am15_1_m25_ao87_am21_5,87,4,SATISFIED,1.3668,222111115.0,4166.12
SAL-Ei-LM,bom_deep_7_3_15_5_No1_p50_ao87_am15_1_m25_ao87_am21_5,87,5,SATISFIED,1.3734,222232510.0,4183.41
SAL-Ei-LM,bom_deep_7_3_15_5_No1_p50_ao87_am15_1_m25_ao87_am21_5,87,6,SATISFIED,1.4202,222137390.0,4149.41
SAL-Ei-LM,bom_deep_7_3_15_5_No1_p50_ao87_am15_1_m25_ao87_am21_5,87,7,SATISFIED,1.3541,222210875.0,4133.09
SAL-Ei-LM,bom_deep_7_3_15_5_No1_p50_ao87_am15_1_m25_ao87_am21_5,87,8,SATISFIED,1.3711,222244767.0,4192.06
SAL-Ei-LM,bom_deep_7_3_15_5_No1_p50_ao87_am15_1_m25_ao87_am21_5,87,9,SATISFIED,1.3644,222208205.0,4226.5
SAL-Ei-LM,bom_deep_7_3_15_5_No1_p50_ao87_am15_1_m25_ao87_am21_5,87,10,SATISFIED,1.3684,222182945.0,4203.19
SAL-Ei-LM,bom_deep_7_3_15_5_No1_p50_ao87_am15_1_m25_ao87_am24_2,87,1,SATISFIED,1.5214,131164397.0,4141.16
SAL-Ei-LM,bom_deep_7_3_15_5_No1_p50_ao87_am15_1_m25_ao87_am24_2,87,2,SATISFIED,1.3596,131173055.0,4085.06
SAL-Ei-LM,bom_deep_7_3_15_5_No1_p50_ao87_am15_1_m25_ao87_am24_2,87,3,SATISFIED,1.3683,131315847.0,4156.47
SAL-Ei-LM,bom_deep_7_3_15_5_No1_p50_ao87_am15_1_m25_ao87_am24_2,87,4,SATISFIED,1.3816,131157854.0,4201.28
SAL-Ei-LM,bom_deep_7_3_15_5_No1_p50_ao87_am15_1_m25_ao87_am24_2,87,5,SATISFIED,1.3869,131246934.0,4199.56
SAL-Ei-LM,bom_deep_7_3_15_5_No1_p50_ao87_am15_1_m25_ao87_am24_2,87,6,SATISFIED,1.3654,131200149.0,4151.75
SAL-Ei-LM,bom_deep_7_3_15_5_No1_p50_ao87_am15_1_m25_ao87_am24_2,87,7,SATISFIED,1.4856,131115996.0,4149.28
SAL-Ei-LM,bom_deep_7_3_15_5_No1_p50_ao87_am15_1_m25_ao87_am24_2,87,8,SATISFIED,1.3643,131136707.0,4077.81
SAL-Ei-LM,bom_deep_7_3_15_5_No1_p50_ao87_am15_1_m25_ao87_am24_2,87,9,SATISFIED,1.3703,131208069.0,4168.12
SAL-Ei-LM,bom_deep_7_3_15_5_No1_p50_ao87_am15_1_m25_ao87_am24_2,87,10,SATISFIED,1.3791,131142402.0,4146.19
SAL-Ei-LM,bom_deep_7_3_15_5_No1_p50_ao87_am15_2,87,1,SATISFIED,1.4104,93919315.0,3863.56
SAL-Ei-LM,bom_deep_7_3_15_5_No1_p50_ao87_am15_2,87,2,SATISFIED,1.4466,92396757.0,3901.53
SAL-Ei-LM,bom_deep_7_3_15_5_No1_p50_ao87_am15_2,87,3,SATISFIED,1.4559,92213065.0,3899.22
SAL-Ei-LM,bom_deep_7_3_15_5_No1_p50_ao87_am15_2,87,4,SATISFIED,1.3633,90109115.0,3872.56
SAL-Ei-LM,bom_deep_7_3_15_5_No1_p50_ao87_am15_2,87,5,SATISFIED,1.3764,91816325.0,3843.22
SAL-Ei-LM,bom_deep_7_3_15_5_No1_p50_ao87_am15_2,87,6,SATISFIED,1.3629,90055400.0,3882.28
SAL-Ei-LM,bom_deep_7_3_15_5_No1_p50_ao87_am15_2,87,7,SATISFIED,1.3633,93061433.0,3921.81
SAL-Ei-LM,bom_deep_7_3_15_5_No1_p50_ao87_am15_2,87,8,SATISFIED,1.3696,91064856.0,3887.88
SAL-Ei-LM,bom_deep_7_3_15_5_No1_p50_ao87_am15_2,87,9,SATISFIED,1.4518,89283372.0,3926.19
SAL-Ei-LM,bom_deep_7_3_15_5_No1_p50_ao87_am15_2,87,10,SATISFIED,1.3616,88794301.0,3874.34
SAL-Ei-LM,bom_deep_7_3_15_5_No1_p50_ao87_am15_2_m10_ao87_am10_1,87,1,SATISFIED,1.3659,338693475.0,4594.78
SAL-Ei-LM,bom_deep_7_3_15_5_No1_p50_ao87_am15_2_m10_ao87_am10_1,87,2,SATISFIED,1.3664,338695968.0,4634.91
SAL-Ei-LM,bom_deep_7_3_15_5_No1_p50_ao87_am15_2_m10_ao87_am10_1,87,3,SATISFIED,1.3668,338706025.0,4626.81
SAL-Ei-LM,bom_deep_7_3_15_5_No1_p50_ao87_am15_2_m10_ao87_am10_1,87,4,SATISFIED,1.3895,338687423.0,4605.72
SAL-Ei-LM,bom_deep_7_3_15_5_No1_p50_ao87_am15_2_m10_ao87_am10_1,87,5,SATISFIED,1.4867,338686931.0,4694.53
SAL-Ei-LM,bom_deep_7_3_15_5_No1_p50_ao87_am15_2_m10_ao87_am10_1,87,6,SATISFIED,1.3837,338682049.0,4575.0
SAL-Ei-LM,bom_deep_7_3_15_5_No1_p50_ao87_am15_2_m10_ao87_am10_1,87,7,SATISFIED,1.3854,338685730.0,4595.47
SAL-Ei-LM,bom_deep_7_3_15_5_No1_p50_ao87_am15_2_m10_ao87_am10_1,87,8,SATISFIED,1.3858,338690168.0,4603.94
SAL-Ei-LM,bom_deep_7_3_15_5_No1_p50_ao87_am15_2_m10_ao87_am10_1,87,9,SATISFIED,1.3889,338691443.0,4584.34
SAL-Ei-LM,bom_deep_7_3_15_5_No1_p50_ao87_am15_2_m10_ao87_am10_1,87,10,SATISFIED,1.3846,338693207.0,4626.16
SAL-Ei-LM,bom_deep_7_3_15_5_No1_p50_ao87_am15_2_m10_ao87_am10_2,87,1,SATISFIED,1.3644,428146679.0,4380.81
SAL-Ei-LM,bom_deep_7_3_15_5_No1_p50_ao87_am15_2_m10_ao87_am10_2,87,2,SATISFIED,1.4455,429091738.0,4381.31
SAL-Ei-LM,bom_deep_7_3_15_5_No1_p50_ao87_am15_2_m10_ao87_am10_2,87,3,SATISFIED,1.3679,432279426.0,4315.03
SAL-Ei-LM,bom_deep_7_3_15_5_No1_p50_ao87_am15_2_m10_ao87_am10_2,87,4,SATISFIED,1.3963,431701687.0,4329.91
SAL-Ei-LM,bom_deep_7_3_15_5_No1_p50_ao87_am15_2_m10_ao87_am10_2,87,5,SATISFIED,1.3753,430254610.0,4368.34
SAL-Ei-LM,bom_deep_7_3_15_5_No1_p50_ao87_am15_2_m10_ao87_am10_2,87,6,SATISFIED,1.3156,428577471.0,4468.16
SAL-Ei-LM,bom_deep_7_3_15_5_No1_p50_ao87_am15_2_m10_ao87_am10_2,87,7,SATISFIED,1.3808,432595688.0,4435.38
SAL-Ei-LM,bom_deep_7_3_15_5_No1_p50_ao87_am15_2_m10_ao87_am10_2,87,8,SATISFIED,1.4895,431404463.0,4390.09
SAL-Ei-LM,bom_deep_7_3_15_5_No1_p50_ao87_am15_2_m10_ao87_am10_2,87,9,SATISFIED,1.3709,438229488.0,4285.81
SAL-Ei-LM,bom_deep_7_3_15_5_No1_p50_ao87_am15_2_m10_ao87_am10_2,87,10,SATISFIED,1.3717,431181631.0,4417.75
SAL-Ei-LM,bom_deep_7_3_15_5_No1_p50_ao87_am15_2_m10_ao87_am10_3,87,1,SATISFIED,1.3743,188736922.0,4251.5
SAL-Ei-LM,bom_deep_7_3_15_5_No1_p50_ao87_am15_2_m10_ao87_am10_3,87,2,SATISFIED,1.3928,195851062.0,4184.28
SAL-Ei-LM,bom_deep_7_3_15_5_No1_p50_ao87_am15_2_m10_ao87_am10_3,87,3,SATISFIED,1.3786,193176348.0,4230.72
SAL-Ei-LM,bom_deep_7_3_15_5_No1_p50_ao87_am15_2_m10_ao87_am10_3,87,4,SATISFIED,1.3776,190971762.0,4274.5
SAL-Ei-LM,bom_deep_7_3_15_5_No1_p50_ao87_am15_2_m10_ao87_am10_3,87,5,SATISFIED,1.4242,190112873.0,4250.44
SAL-Ei-LM,bom_deep_7_3_15_5_No1_p50_ao87_am15_2_m10_ao87_am10_3,87,6,SATISFIED,1.3599,192589780.0,4239.69
SAL-Ei-LM,bom_deep_7_3_15_5_No1_p50_ao87_am15_2_m10_ao87_am10_3,87,7,SATISFIED,1.3468,194135820.0,4380.41
SAL-Ei-LM,bom_deep_7_3_15_5_No1_p50_ao87_am15_2_m10_ao87_am10_3,87,8,SATISFIED,1.4536,190938125.0,4249.66
SAL-Ei-LM,bom_deep_7_3_15_5_No1_p50_ao87_am15_2_m10_ao87_am10_3,87,9,SATISFIED,1.4055,192863233.0,4279.72
SAL-Ei-LM,bom_deep_7_3_15_5_No1_p50_ao87_am15_2_m10_ao87_am10_3,87,10,SATISFIED,1.3777,192545043.0,4258.97
SAL-Ei-LM,bom_deep_7_3_15_5_No1_p50_ao87_am15_2_m10_ao87_am10_4,87,1,SATISFIED,1.439,574387796.0,4369.84
SAL-Ei-LM,bom_deep_7_3_15_5_No1_p50_ao87_am15_2_m10_ao87_am10_4,87,2,SATISFIED,1.3705,577697460.0,4293.56
SAL-Ei-LM,bom_deep_7_3_15_5_No1_p50_ao87_am15_2_m10_ao87_am10_4,87,3,SATISFIED,1.3828,573775382.0,4370.84
SAL-Ei-LM,bom_deep_7_3_15_5_No1_p50_ao87_am15_2_m10_ao87_am10_4,87,4,SATISFIED,1.3931,572318780.0,4386.62
SAL-Ei-LM,bom_deep_7_3_15_5_No1_p50_ao87_am15_2_m10_ao87_am10_4,87,5,SATISFIED,1.3873,576473133.0,4406.59
SAL-Ei-LM,bom_deep_7_3_15_5_No1_p50_ao87_am15_2_m10_ao87_am10_4,87,6,SATISFIED,1.3817,574587605.0,4420.53
SAL-Ei-LM,bom_deep_7_3_15_5_No1_p50_ao87_am15_2_m10_ao87_am10_4,87,7,SATISFIED,1.4863,572220425.0,4382.75
SAL-Ei-LM,bom_deep_7_3_15_5_No1_p50_ao87_am15_2_m10_ao87_am10_4,87,8,SATISFIED,1.3704,574828141.0,4349.75
SAL-Ei-LM,bom_deep_7_3_15_5_No1_p50_ao87_am15_2_m10_ao87_am10_4,87,9,SATISFIED,1.3734,572694613.0,4405.0
SAL-Ei-LM,bom_deep_7_3_15_5_No1_p50_ao87_am15_2_m10_ao87_am10_4,87,10,SATISFIED,1.3816,573106895.0,4432.03
SAL-Ei-LM,bom_deep_7_3_15_5_No1_p50_ao87_am15_2_m10_ao87_am10_5,87,1,SATISFIED,1.3783,915899209.0,4432.53
SAL-Ei-LM,bom_deep_7_3_15_5_No1_p50_ao87_am15_2_m10_ao87_am10_5,87,2,SATISFIED,1.3808,915934593.0,4473.84
SAL-Ei-LM,bom_deep_7_3_15_5_No1_p50_ao87_am15_2_m10_ao87_am10_5,87,3,SATISFIED,1.3802,915870669.0,4478.66
SAL-Ei-LM,bom_deep_7_3_15_5_No1_p50_ao87_am15_2_m10_ao87_am10_5,87,4,SATISFIED,1.4535,915899090.0,4452.38
SAL-Ei-LM,bom_deep_7_3_15_5_No1_p50_ao87_am15_2_m10_ao87_am10_5,87,5,SATISFIED,1.3678,915890870.0,4405.62
SAL-Ei-LM,bom_deep_7_3_15_5_No1_p50_ao87_am15_2_m10_ao87_am10_5,87,6,SATISFIED,1.3873,915915743.0,4432.97
SAL-Ei-LM,bom_deep_7_3_15_5_No1_p50_ao87_am15_2_m10_ao87_am10_5,87,7,SATISFIED,1.3881,915889740.0,4422.75
SAL-Ei-LM,bom_deep_7_3_15_5_No1_p50_ao87_am15_2_m10_ao87_am10_5,87,8,SATISFIED,1.3842,915868450.0,4467.88
SAL-Ei-LM,bom_deep_7_3_15_5_No1_p50_ao87_am15_2_m10_ao87_am10_5,87,9,SATISFIED,1.3848,915913418.0,4456.12
SAL-Ei-LM,bom_deep_7_3_15_5_No1_p50_ao87_am15_2_m10_ao87_am10_5,87,10,SATISFIED,1.5192,915914765.0,4493.56
SAL-Ei-LM,bom_deep_7_3_15_5_No1_p50_ao87_am15_2_m25_ao87_am21_4,87,1,SATISFIED,1.3697,562680238.0,4177.78
SAL-Ei-LM,bom_deep_7_3_15_5_No1_p50_ao87_am15_2_m25_ao87_am21_4,87,2,SATISFIED,1.3766,570365285.0,4222.59
SAL-Ei-LM,bom_deep_7_3_15_5_No1_p50_ao87_am15_2_m25_ao87_am21_4,87,3,SATISFIED,1.3823,563887521.0,4213.47
SAL-Ei-LM,bom_deep_7_3_15_5_No1_p50_ao87_am15_2_m25_ao87_am21_4,87,4,SATISFIED,1.3866,571820860.0,4251.62
SAL-Ei-LM,bom_deep_7_3_15_5_No1_p50_ao87_am15_2_m25_ao87_am21_4,87,5,SATISFIED,1.3815,581699287.0,4314.75
SAL-Ei-LM,bom_deep_7_3_15_5_No1_p50_ao87_am15_2_m25_ao87_am21_4,87,6,SATISFIED,1.484,563975611.0,4306.81
SAL-Ei-LM,bom_deep_7_3_15_5_No1_p50_ao87_am15_2_m25_ao87_am21_4,87,7,SATISFIED,1.3671,566813089.0,4263.75
SAL-Ei-LM,bom_deep_7_3_15_5_No1_p50_ao87_am15_2_m25_ao87_am21_4,87,8,SATISFIED,1.3797,579971963.0,4325.31
SAL-Ei-LM,bom_deep_7_3_15_5_No1_p50_ao87_am15_2_m25_ao87_am21_4,87,9,SATISFIED,1.3771,565607561.0,4283.84
SAL-Ei-LM,bom_deep_7_3_15_5_No1_p50_ao87_am15_2_m25_ao87_am21_4,87,10,SATISFIED,1.3863,565283770.0,4289.66
SAL-Ei-LM,bom_deep_7_3_15_5_No1_p50_ao87_am15_2_m25_ao87_am22_2,87,1,SATISFIED,1.3875,413306755.0,4169.75
SAL-Ei-LM,bom_deep_7_3_15_5_No1_p50_ao87_am15_2_m25_ao87_am22_2,87,2,SATISFIED,1.4649,410082420.0,4242.56
SAL-Ei-LM,bom_deep_7_3_15_5_No1_p50_ao87_am15_2_m25_ao87_am22_2,87,3,SATISFIED,1.3678,406438311.0,4153.84
SAL-Ei-LM,bom_deep_7_3_15_5_No1_p50_ao87_am15_2_m25_ao87_am22_2,87,4,SATISFIED,1.3815,406476914.0,4227.97
SAL-Ei-LM,bom_deep_7_3_15_5_No1_p50_ao87_am15_2_m25_ao87_am22_2,87,5,SATISFIED,1.3901,411340522.0,4229.72
SAL-Ei-LM,bom_deep_7_3_15_5_No1_p50_ao87_am15_2_m25_ao87_am22_2,87,6,SATISFIED,1.3849,409012175.0,4199.22
SAL-Ei-LM,bom_deep_7_3_15_5_No1_p50_ao87_am15_2_m25_ao87_am22_2,87,7,SATISFIED,1.3796,408174001.0,4214.47
SAL-Ei-LM,bom_deep_7_3_15_5_No1_p50_ao87_am15_2_m25_ao87_am22_2,87,8,SATISFIED,1.4281,408046940.0,4219.91
SAL-Ei-LM,bom_deep_7_3_15_5_No1_p50_ao87_am15_2_m25_ao87_am22_2,87,9,SATISFIED,1.3747,408896490.0,4162.53
SAL-Ei-LM,bom_deep_7_3_15_5_No1_p50_ao87_am15_2_m25_ao87_am22_2,87,10,SATISFIED,1.3928,408729979.0,4176.03
SAL-Ei-LM,bom_deep_7_3_15_5_No1_p50_ao87_am15_2_m25_ao87_am23_3,87,1,SATISFIED,1.3062,332235131.0,4103.0
SAL-Ei-LM,bom_deep_7_3_15_5_No1_p50_ao87_am15_2_m25_ao87_am23_3,87,2,SATISFIED,1.406,328922656.0,4080.88
SAL-Ei-LM,bom_deep_7_3_15_5_No1_p50_ao87_am15_2_m25_ao87_am23_3,87,3,SATISFIED,1.4993,329063520.0,4176.56
SAL-Ei-LM,bom_deep_7_3_15_5_No1_p50_ao87_am15_2_m25_ao87_am23_3,87,4,SATISFIED,1.376,331027121.0,4017.88
SAL-Ei-LM,bom_deep_7_3_15_5_No1_p50_ao87_am15_2_m25_ao87_am23_3,87,5,SATISFIED,1.3888,332754920.0,4101.38
SAL-Ei-LM,bom_deep_7_3_15_5_No1_p50_ao87_am15_2_m25_ao87_am23_3,87,6,SATISFIED,1.3858,327876000.0,4098.38
SAL-Ei-LM,bom_deep_7_3_15_5_No1_p50_ao87_am15_2_m25_ao87_am23_3,87,7,SATISFIED,1.4025,328455330.0,4066.44
SAL-Ei-LM,bom_deep_7_3_15_5_No1_p50_ao87_am15_2_m25_ao87_am23_3,87,8,SATISFIED,1.311,329771817.0,4139.56
SAL-Ei-LM,bom_deep_7_3_15_5_No1_p50_ao87_am15_2_m25_ao87_am23_3,87,9,SATISFIED,1.4946,330966190.0,4045.66
SAL-Ei-LM,bom_deep_7_3_15_5_No1_p50_ao87_am15_2_m25_ao87_am23_3,87,10,SATISFIED,1.3796,327933281.0,3990.62
SAL-Ei-LM,bom_deep_7_3_15_5_No1_p50_ao87_am15_2_m25_ao87_am23_5,87,1,SATISFIED,1.3673,444075180.0,4177.81
SAL-Ei-LM,bom_deep_7_3_15_5_No1_p50_ao87_am15_2_m25_ao87_am23_5,87,2,SATISFIED,1.412,441646913.0,4197.47
SAL-Ei-LM,bom_deep_7_3_15_5_No1_p50_ao87_am15_2_m25_ao87_am23_5,87,3,SATISFIED,1.3825,443805343.0,4069.06
SAL-Ei-LM,bom_deep_7_3_15_5_No1_p50_ao87_am15_2_m25_ao87_am23_5,87,4,SATISFIED,1.3683,447973682.0,4166.28
SAL-Ei-LM,bom_deep_7_3_15_5_No1_p50_ao87_am15_2_m25_ao87_am23_5,87,5,SATISFIED,1.4291,457331730.0,4155.0
SAL-Ei-LM,bom_deep_7_3_15_5_No1_p50_ao87_am15_2_m25_ao87_am23_5,87,6,SATISFIED,1.3737,438241152.0,4119.25
SAL-Ei-LM,bom_deep_7_3_15_5_No1_p50_ao87_am15_2_m25_ao87_am23_5,87,7,SATISFIED,1.3723,457380825.0,4138.59
SAL-Ei-LM,bom_deep_7_3_15_5_No1_p50_ao87_am15_2_m25_ao87_am23_5,87,8,SATISFIED,1.3741,441987178.0,4206.59
SAL-Ei-LM,bom_deep_7_3_15_5_No1_p50_ao87_am15_2_m25_ao87_am23_5,87,9,SATISFIED,1.3758,447243223.0,4135.16
SAL-Ei-LM,bom_deep_7_3_15_5_No1_p50_ao87_am15_2_m25_ao87_am23_5,87,10,SATISFIED,1.4835,455518330.0,4115.16
SAL-Ei-LM,bom_deep_7_3_15_5_No1_p50_ao87_am15_2_m25_ao87_am24_1,87,1,SATISFIED,1.3674,715441130.0,4227.25
SAL-Ei-LM,bom_deep_7_3_15_5_No1_p50_ao87_am15_2_m25_ao87_am24_1,87,2,SATISFIED,1.3895,714415115.0,4223.06
SAL-Ei-LM,bom_deep_7_3_15_5_No1_p50_ao87_am15_2_m25_ao87_am24_1,87,3,SATISFIED,1.3823,714022180.0,4245.06
SAL-Ei-LM,bom_deep_7_3_15_5_No1_p50_ao87_am15_2_m25_ao87_am24_1,87,4,SATISFIED,1.3843,715081715.0,4275.34
SAL-Ei-LM,bom_deep_7_3_15_5_No1_p50_ao87_am15_2_m25_ao87_am24_1,87,5,SATISFIED,1.3862,715276140.0,4288.03
SAL-Ei-LM,bom_deep_7_3_15_5_No1_p50_ao87_am15_2_m25_ao87_am24_1,87,6,SATISFIED,1.4562,714088105.0,4266.81
SAL-Ei-LM,bom_deep_7_3_15_5_No1_p50_ao87_am15_2_m25_ao87_am24_1,87,7,SATISFIED,1.3768,715428995.0,4216.41
SAL-Ei-LM,bom_deep_7_3_15_5_No1_p50_ao87_am15_2_m25_ao87_am24_1,87,8,SATISFIED,1.3782,714711055.0,4265.88
SAL-Ei-LM,bom_deep_7_3_15_5_No1_p50_ao87_am15_2_m25_ao87_am24_1,87,9,SATISFIED,1.3933,714291917.0,4250.31
SAL-Ei-LM,bom_deep_7_3_15_5_No1_p50_ao87_am15_2_m25_ao87_am24_1,87,10,SATISFIED,1.3767,714766544.0,4268.78
SAL-Ei-LM,bom_deep_7_3_15_5_No1_p50_ao87_am15_3,87,1,SATISFIED,1.4933,710452190.0,3801.66
SAL-Ei-LM,bom_deep_7_3_15_5_No1_p50_ao87_am15_3,87,2,SATISFIED,1.3659,709534260.0,3766.25
SAL-Ei-LM,bom_deep_7_3_15_5_No1_p50_ao87_am15_3,87,3,SATISFIED,1.383,710489325.0,3796.06
SAL-Ei-LM,bom_deep_7_3_15_5_No1_p50_ao87_am15_3,87,4,SATISFIED,1.3849,710873565.0,3850.69
SAL-Ei-LM,bom_deep_7_3_15_5_No1_p50_ao87_am15_3,87,5,SATISFIED,1.3891,710451585.0,3838.53
SAL-Ei-LM,bom_deep_7_3_15_5_No1_p50_ao87_am15_3,87,6,SATISFIED,1.3816,710305915.0,3837.44
SAL-Ei-LM,bom_deep_7_3_15_5_No1_p50_ao87_am15_3,87,7,SATISFIED,1.386,710627590.0,3863.62
SAL-Ei-LM,bom_deep_7_3_15_5_No1_p50_ao87_am15_3,87,8,SATISFIED,1.4398,710287530.0,3888.28
SAL-Ei-LM,bom_deep_7_3_15_5_No1_p50_ao87_am15_3,87,9,SATISFIED,1.3662,710235970.0,3888.03
SAL-Ei-LM,bom_deep_7_3_15_5_No1_p50_ao87_am15_3,87,10,SATISFIED,1.3854,710660955.0,3942.5
SAL-Ei-LM,bom_deep_7_3_15_5_No1_p50_ao87_am15_3_m10_ao87_am10_1,87,1,SATISFIED,1.3906,399995653.0,4378.38
SAL-Ei-LM,bom_deep_7_3_15_5_No1_p50_ao87_am15_3_m10_ao87_am10_1,87,2,SATISFIED,1.369,400011604.0,4462.16
SAL-Ei-LM,bom_deep_7_3_15_5_No1_p50_ao87_am15_3_m10_ao87_am10_1,87,3,SATISFIED,1.3768,399963271.0,4496.0
SAL-Ei-LM,bom_deep_7_3_15_5_No1_p50_ao87_am15_3_m10_ao87_am10_1,87,4,SATISFIED,1.4422,399936440.0,4512.84
SAL-Ei-LM,bom_deep_7_3_15_5_No1_p50_ao87_am15_3_m10_ao87_am10_1,87,5,SATISFIED,1.3527,399884024.0,4431.41
SAL-Ei-LM,bom_deep_7_3_15_5_No1_p50_ao87_am15_3_m10_ao87_am10_1,87,6,SATISFIED,1.3625,399888560.0,4549.25
SAL-Ei-LM,bom_deep_7_3_15_5_No1_p50_ao87_am15_3_m10_ao87_am10_1,87,7,SATISFIED,1.3735,399894750.0,4528.84
SAL-Ei-LM,bom_deep_7_3_15_5_No1_p50_ao87_am15_3_m10_ao87_am10_1,87,8,SATISFIED,1.3707,400095163.0,4486.56
SAL-Ei-LM,bom_deep_7_3_15_5_No1_p50_ao87_am15_3_m10_ao87_am10_1,87,9,SATISFIED,1.3698,399984075.0,4509.97
SAL-Ei-LM,bom_deep_7_3_15_5_No1_p50_ao87_am15_3_m10_ao87_am10_1,87,10,SATISFIED,1.3677,400111450.0,4503.59
SAL-Ei-LM,bom_deep_7_3_15_5_No1_p50_ao87_am15_3_m10_ao87_am10_2,87,1,SATISFIED,1.379,145242249.0,4344.47
SAL-Ei-LM,bom_deep_7_3_15_5_No1_p50_ao87_am15_3_m10_ao87_am10_2,87,2,SATISFIED,1.3892,145177076.0,4354.66
SAL-Ei-LM,bom_deep_7_3_15_5_No1_p50_ao87_am15_3_m10_ao87_am10_2,87,3,SATISFIED,1.3794,144410538.0,4396.59
SAL-Ei-LM,bom_deep_7_3_15_5_No1_p50_ao87_am15_3_m10_ao87_am10_2,87,4,SATISFIED,1.3935,144971017.0,4429.84
SAL-Ei-LM,bom_deep_7_3_15_5_No1_p50_ao87_am15_3_m10_ao87_am10_2,87,5,SATISFIED,1.3984,144090804.0,4437.91
SAL-Ei-LM,bom_deep_7_3_15_5_No1_p50_ao87_am15_3_m10_ao87_am10_2,87,6,SATISFIED,1.3358,144858166.0,4522.22
SAL-Ei-LM,bom_deep_7_3_15_5_No1_p50_ao87_am15_3_m10_ao87_am10_2,87,7,SATISFIED,1.4692,144901921.0,4377.19
SAL-Ei-LM,bom_deep_7_3_15_5_No1_p50_ao87_am15_3_m10_ao87_am10_2,87,8,SATISFIED,1.3707,144241154.0,4346.03
SAL-Ei-LM,bom_deep_7_3_15_5_No1_p50_ao87_am15_3_m10_ao87_am10_2,87,9,SATISFIED,1.3728,144820509.0,4433.22
SAL-Ei-LM,bom_deep_7_3_15_5_No1_p50_ao87_am15_3_m10_ao87_am10_2,87,10,SATISFIED,1.3748,144558931.0,4443.88
SAL-Ei-LM,bom_deep_7_3_15_5_No1_p50_ao87_am15_3_m10_ao87_am10_3,87,1,SATISFIED,1.3846,199752563.0,4340.59
SAL-Ei-LM,bom_deep_7_3_15_5_No1_p50_ao87_am15_3_m10_ao87_am10_3,87,2,SATISFIED,1.3819,199434596.0,4359.94
SAL-Ei-LM,bom_deep_7_3_15_5_No1_p50_ao87_am15_3_m10_ao87_am10_3,87,3,SATISFIED,1.4868,199068608.0,4346.56
SAL-Ei-LM,bom_deep_7_3_15_5_No1_p50_ao87_am15_3_m10_ao87_am10_3,87,4,SATISFIED,1.3755,197773548.0,4248.72
SAL-Ei-LM,bom_deep_7_3_15_5_No1_p50_ao87_am15_3_m10_ao87_am10_3,87,5,SATISFIED,1.3734,201092288.0,4290.03
SAL-Ei-LM,bom_deep_7_3_15_5_No1_p50_ao87_am15_3_m10_ao87_am10_3,87,6,SATISFIED,1.3836,195665193.0,4300.03
SAL-Ei-LM,bom_deep_7_3_15_5_No1_p50_ao87_am15_3_m10_ao87_am10_3,87,7,SATISFIED,1.371,203223158.0,4333.66
SAL-Ei-LM,bom_deep_7_3_15_5_No1_p50_ao87_am15_3_m10_ao87_am10_3,87,8,SATISFIED,1.3799,203271285.0,4316.0
SAL-Ei-LM,bom_deep_7_3_15_5_No1_p50_ao87_am15_3_m10_ao87_am10_3,87,9,SATISFIED,1.3898,198780209.0,4334.16
SAL-Ei-LM,bom_deep_7_3_15_5_No1_p50_ao87_am15_3_m10_ao87_am10_3,87,10,SATISFIED,1.4234,195428077.0,4314.66
SAL-Ei-LM,bom_deep_7_3_15_5_No1_p50_ao87_am15_3_m10_ao87_am10_4,87,1,SATISFIED,1.3639,247294154.0,4204.44
SAL-Ei-LM,bom_deep_7_3_15_5_No1_p50_ao87_am15_3_m10_ao87_am10_4,87,2,SATISFIED,1.3784,244976730.0,4245.12
SAL-Ei-LM,bom_deep_7_3_15_5_No1_p50_ao87_am15_3_m10_ao87_am10_4,87,3,SATISFIED,1.3007,246381299.0,4301.72
SAL-Ei-LM,bom_deep_7_3_15_5_No1_p50_ao87_am15_3_m10_ao87_am10_4,87,4,SATISFIED,1.3777,246336750.0,4267.09
SAL-Ei-LM,bom_deep_7_3_15_5_No1_p50_ao87_am15_3_m10_ao87_am10_4,87,5,SATISFIED,1.3644,254039841.0,4272.31
SAL-Ei-LM,bom_deep_7_3_15_5_No1_p50_ao87_am15_3_m10_ao87_am10_4,87,6,SATISFIED,1.5026,250433029.0,4231.03
SAL-Ei-LM,bom_deep_7_3_15_5_No1_p50_ao87_am15_3_m10_ao87_am10_4,87,7,SATISFIED,1.3657,255636321.0,4154.81
SAL-Ei-LM,bom_deep_7_3_15_5_No1_p50_ao87_am15_3_m10_ao87_am10_4,87,8,SATISFIED,1.378,251537056.0,4207.78
SAL-Ei-LM,bom_deep_7_3_15_5_No1_p50_ao87_am15_3_m10_ao87_am10_4,87,9,SATISFIED,1.3762,252609894.0,4227.0
SAL-Ei-LM,bom_deep_7_3_15_5_No1_p50_ao87_am15_3_m10_ao87_am10_4,87,10,SATISFIED,1.4026,249701361.0,4188.38
SAL-Ei-LM,bom_deep_7_3_15_5_No1_p50_ao87_am15_3_m10_ao87_am10_5,87,1,SATISFIED,1.3646,169914290.0,4180.94
SAL-Ei-LM,bom_deep_7_3_15_5_No1_p50_ao87_am15_3_m10_ao87_am10_5,87,2,SATISFIED,1.4901,170650370.0,4270.69
SAL-Ei-LM,bom_deep_7_3_15_5_No1_p50_ao87_am15_3_m10_ao87_am10_5,87,3,SATISFIED,1.3569,169180200.0,4155.38
SAL-Ei-LM,bom_deep_7_3_15_5_No1_p50_ao87_am15_3_m10_ao87_am10_5,87,4,SATISFIED,1.3593,170293810.0,4223.53
SAL-Ei-LM,bom_deep_7_3_15_5_No1_p50_ao87_am15_3_m10_ao87_am10_5,87,5,SATISFIED,1.335,169289950.0,4261.41
SAL-Ei-LM,bom_deep_7_3_15_5_No1_p50_ao87_am15_3_m10_ao87_am10_5,87,6,SATISFIED,1.3627,169540399.0,4319.31
SAL-Ei-LM,bom_deep_7_3_15_5_No1_p50_ao87_am15_3_m10_ao87_am10_5,87,7,SATISFIED,1.3642,170312348.0,4228.78
SAL-Ei-LM,bom_deep_7_3_15_5_No1_p50_ao87_am15_3_m10_ao87_am10_5,87,8,SATISFIED,1.3691,169789865.0,4164.06
SAL-Ei-LM,bom_deep_7_3_15_5_No1_p50_ao87_am15_3_m10_ao87_am10_5,87,9,SATISFIED,1.4097,170299396.0,4317.56
SAL-Ei-LM,bom_deep_7_3_15_5_No1_p50_ao87_am15_3_m10_ao87_am10_5,87,10,SATISFIED,1.3663,169278055.0,4162.25
SAL-Ei-LM,bom_deep_7_3_15_5_No1_p50_ao87_am15_3_m25_ao87_am22_1,87,1,SATISFIED,1.3642,382447115.0,4309.84
SAL-Ei-LM,bom_deep_7_3_15_5_No1_p50_ao87_am15_3_m25_ao87_am22_1,87,2,SATISFIED,1.3739,382855420.0,4327.94
SAL-Ei-LM,bom_deep_7_3_15_5_No1_p50_ao87_am15_3_m25_ao87_am22_1,87,3,SATISFIED,1.3786,382743555.0,4362.28
SAL-Ei-LM,bom_deep_7_3_15_5_No1_p50_ao87_am15_3_m25_ao87_am22_1,87,4,SATISFIED,1.3807,382606195.0,4391.19
SAL-Ei-LM,bom_deep_7_3_15_5_No1_p50_ao87_am15_3_m25_ao87_am22_1,87,5,SATISFIED,1.429,382612035.0,4352.38
SAL-Ei-LM,bom_deep_7_3_15_5_No1_p50_ao87_am15_3_m25_ao87_am22_1,87,6,SATISFIED,1.3527,382096775.0,4288.09
SAL-Ei-LM,bom_deep_7_3_15_5_No1_p50_ao87_am15_3_m25_ao87_am22_1,87,7,SATISFIED,1.3775,382409620.0,4301.16
SAL-Ei-LM,bom_deep_7_3_15_5_No1_p50_ao87_am15_3_m25_ao87_am22_1,87,8,SATISFIED,1.3643,382166155.0,4356.47
SAL-Ei-LM,bom_deep_7_3_15_5_No1_p50_ao87_am15_3_m25_ao87_am22_1,87,9,SATISFIED,1.3665,381957770.0,4433.31
SAL-Ei-LM,bom_deep_7_3_15_5_No1_p50_ao87_am15_3_m25_ao87_am22_1,87,10,SATISFIED,1.4944,382873150.0,4359.31
SAL-Ei-LM,bom_deep_7_3_15_5_No1_p50_ao87_am15_3_m25_ao87_am22_2,87,1,SATISFIED,1.3637,313644300.0,4245.62
SAL-Ei-LM,bom_deep_7_3_15_5_No1_p50_ao87_am15_3_m25_ao87_am22_2,87,2,SATISFIED,1.3635,313854505.0,4300.28
SAL-Ei-LM,bom_deep_7_3_15_5_No1_p50_ao87_am15_3_m25_ao87_am22_2,87,3,SATISFIED,1.3708,313691770.0,4294.66
SAL-Ei-LM,bom_deep_7_3_15_5_No1_p50_ao87_am15_3_m25_ao87_am22_2,87,4,SATISFIED,1.3752,313680620.0,4295.5
SAL-Ei-LM,bom_deep_7_3_15_5_No1_p50_ao87_am15_3_m25_ao87_am22_2,87,5,SATISFIED,1.3706,313786565.0,4327.38
SAL-Ei-LM,bom_deep_7_3_15_5_No1_p50_ao87_am15_3_m25_ao87_am22_2,87,6,SATISFIED,1.5011,313719695.0,4289.75
SAL-Ei-LM,bom_deep_7_3_15_5_No1_p50_ao87_am15_3_m25_ao87_am22_2,87,7,SATISFIED,1.3563,313658170.0,4234.5
SAL-Ei-LM,bom_deep_7_3_15_5_No1_p50_ao87_am15_3_m25_ao87_am22_2,87,8,SATISFIED,1.3563,313854265.0,4307.66
SAL-Ei-LM,bom_deep_7_3_15_5_No1_p50_ao87_am15_3_m25_ao87_am22_2,87,9,SATISFIED,1.3678,313758660.0,4319.81
SAL-Ei-LM,bom_deep_7_3_15_5_No1_p50_ao87_am15_3_m25_ao87_am22_2,87,10,SATISFIED,1.3706,313809820.0,4303.56
SAL-Ei-LM,bom_deep_7_3_15_5_No1_p50_ao87_am15_3_m25_ao87_am22_3,87,1,SATISFIED,1.365,68807898.0,4087.31
SAL-Ei-LM,bom_deep_7_3_15_5_No1_p50_ao87_am15_3_m25_ao87_am22_3,87,2,SATISFIED,1.4589,68940510.0,4122.5
SAL-Ei-LM,bom_deep_7_3_15_5_No1_p50_ao87_am15_3_m25_ao87_am22_3,87,3,SATISFIED,1.354,68917315.0,4073.72
SAL-Ei-LM,bom_deep_7_3_15_5_No1_p50_ao87_am15_3_m25_ao87_am22_3,87,4,SATISFIED,1.3629,67418286.0,4107.62
SAL-Ei-LM,bom_deep_7_3_15_5_No1_p50_ao87_am15_3_m25_ao87_am22_3,87,5,SATISFIED,1.3662,68811085.0,4109.66
SAL-Ei-LM,bom_deep_7_3_15_5_No1_p50_ao87_am15_3_m25_ao87_am22_3,87,6,SATISFIED,1.369,67275300.0,4156.19
SAL-Ei-LM,bom_deep_7_3_15_5_No1_p50_ao87_am15_3_m25_ao87_am22_3,87,7,SATISFIED,1.3821,68553402.0,4141.72
SAL-Ei-LM,bom_deep_7_3_15_5_No1_p50_ao87_am15_3_m25_ao87_am22_3,87,8,SATISFIED,1.4717,67269049.0,4082.38
SAL-Ei-LM,bom_deep_7_3_15_5_No1_p50_ao87_am15_3_m25_ao87_am22_3,87,9,SATISFIED,1.3772,67435017.0,4075.69
SAL-Ei-LM,bom_deep_7_3_15_5_No1_p50_ao87_am15_3_m25_ao87_am22_3,87,10,SATISFIED,1.3942,68053551.0,4040.06
SAL-Ei-LM,bom_deep_7_3_15_5_No1_p50_ao87_am15_3_m25_ao87_am22_4,87,1,SATISFIED,1.371,205009830.0,4096.0
SAL-Ei-LM,bom_deep_7_3_15_5_No1_p50_ao87_am15_3_m25_ao87_am22_4,87,2,SATISFIED,1.3803,212082315.0,4151.59
SAL-Ei-LM,bom_deep_7_3_15_5_No1_p50_ao87_am15_3_m25_ao87_am22_4,87,3,SATISFIED,1.3757,204897920.0,4123.22
SAL-Ei-LM,bom_deep_7_3_15_5_No1_p50_ao87_am15_3_m25_ao87_am22_4,87,4,SATISFIED,1.4367,201906549.0,4149.94
SAL-Ei-LM,bom_deep_7_3_15_5_No1_p50_ao87_am15_3_m25_ao87_am22_4,87,5,SATISFIED,1.3744,201766007.0,4060.03
SAL-Ei-LM,bom_deep_7_3_15_5_No1_p50_ao87_am15_3_m25_ao87_am22_4,87,6,SATISFIED,1.3927,200814472.0,4106.81
SAL-Ei-LM,bom_deep_7_3_15_5_No1_p50_ao87_am15_3_m25_ao87_am22_4,87,7,SATISFIED,1.3868,200439665.0,4116.28
SAL-Ei-LM,bom_deep_7_3_15_5_No1_p50_ao87_am15_3_m25_ao87_am22_4,87,8,SATISFIED,1.3931,198492544.0,4127.81
SAL-Ei-LM,bom_deep_7_3_15_5_No1_p50_ao87_am15_3_m25_ao87_am22_4,87,9,SATISFIED,1.3796,200158188.0,4171.06
SAL-Ei-LM,bom_deep_7_3_15_5_No1_p50_ao87_am15_3_m25_ao87_am22_4,87,10,SATISFIED,1.3816,199732586.0,4211.25
SAL-Ei-LM,bom_deep_7_3_15_5_No1_p50_ao87_am15_3_m25_ao87_am24_5,87,1,SATISFIED,1.3705,158253245.0,3968.06
SAL-Ei-LM,bom_deep_7_3_15_5_No1_p50_ao87_am15_3_m25_ao87_am24_5,87,2,SATISFIED,1.385,158177125.0,4021.53
SAL-Ei-LM,bom_deep_7_3_15_5_No1_p50_ao87_am15_3_m25_ao87_am24_5,87,3,SATISFIED,1.3725,158264460.0,4056.34
SAL-Ei-LM,bom_deep_7_3_15_5_No1_p50_ao87_am15_3_m25_ao87_am24_5,87,4,SATISFIED,1.3949,158251920.0,4056.91
SAL-Ei-LM,bom_deep_7_3_15_5_No1_p50_ao87_am15_3_m25_ao87_am24_5,87,5,SATISFIED,1.4951,158309786.0,4061.75
SAL-Ei-LM,bom_deep_7_3_15_5_No1_p50_ao87_am15_3_m25_ao87_am24_5,87,6,SATISFIED,1.3722,158233230.0,3997.25
SAL-Ei-LM,bom_deep_7_3_15_5_No1_p50_ao87_am15_3_m25_ao87_am24_5,87,7,SATISFIED,1.3619,158268865.0,4024.06
SAL-Ei-LM,bom_deep_7_3_15_5_No1_p50_ao87_am15_3_m25_ao87_am24_5,87,8,SATISFIED,1.3627,158237590.0,4052.97
SAL-Ei-LM,bom_deep_7_3_15_5_No1_p50_ao87_am15_3_m25_ao87_am24_5,87,9,SATISFIED,1.3663,158243855.0,4077.44
SAL-Ei-LM,bom_deep_7_3_15_5_No1_p50_ao87_am15_3_m25_ao87_am24_5,87,10,SATISFIED,1.3685,158261440.0,4053.41
SAL-Ei-LM,bom_deep_7_3_15_5_No1_p50_ao87_am15_4,87,1,SATISFIED,1.406,393511870.0,3826.38
SAL-Ei-LM,bom_deep_7_3_15_5_No1_p50_ao87_am15_4,87,2,SATISFIED,1.3558,392838635.0,3845.72
SAL-Ei-LM,bom_deep_7_3_15_5_No1_p50_ao87_am15_4,87,3,SATISFIED,1.372,392728760.0,3869.75
SAL-Ei-LM,bom_deep_7_3_15_5_No1_p50_ao87_am15_4,87,4,SATISFIED,1.3722,393331300.0,3861.84
SAL-Ei-LM,bom_deep_7_3_15_5_No1_p50_ao87_am15_4,87,5,SATISFIED,1.3704,392544375.0,3904.22
SAL-Ei-LM,bom_deep_7_3_15_5_No1_p50_ao87_am15_4,87,6,SATISFIED,1.376,393607965.0,3839.16
SAL-Ei-LM,bom_deep_7_3_15_5_No1_p50_ao87_am15_4,87,7,SATISFIED,1.4565,393030425.0,3838.09
SAL-Ei-LM,bom_deep_7_3_15_5_No1_p50_ao87_am15_4,87,8,SATISFIED,1.3618,392972315.0,3798.06
SAL-Ei-LM,bom_deep_7_3_15_5_No1_p50_ao87_am15_4,87,9,SATISFIED,1.3806,393303910.0,3840.59
SAL-Ei-LM,bom_deep_7_3_15_5_No1_p50_ao87_am15_4,87,10,SATISFIED,1.2989,392594625.0,3964.03
SAL-Ei-LM,bom_deep_7_3_15_5_No1_p50_ao87_am15_4_m10_ao87_am10_1,87,1,SATISFIED,1.3778,216900127.0,4339.81
SAL-Ei-LM,bom_deep_7_3_15_5_No1_p50_ao87_am15_4_m10_ao87_am10_1,87,2,SATISFIED,1.3793,218565121.0,4355.28
SAL-Ei-LM,bom_deep_7_3_15_5_No1_p50_ao87_am15_4_m10_ao87_am10_1,87,3,SATISFIED,1.4646,215800801.0,4350.84
SAL-Ei-LM,bom_deep_7_3_15_5_No1_p50_ao87_am15_4_m10_ao87_am10_1,87,4,SATISFIED,1.3621,214993636.0,4325.97
SAL-Ei-LM,bom_deep_7_3_15_5_No1_p50_ao87_am15_4_m10_ao87_am10_1,87,5,SATISFIED,1.3748,214005245.0,4357.19
SAL-Ei-LM,bom_deep_7_3_15_5_No1_p50_ao87_am15_4_m10_ao87_am10_1,87,6,SATISFIED,1.3784,218551065.0,4379.72
SAL-Ei-LM,bom_deep_7_3_15_5_No1_p50_ao87_am15_4_m10_ao87_am10_1,87,7,SATISFIED,1.3758,216880721.0,4363.97
SAL-Ei-LM,bom_deep_7_3_15_5_No1_p50_ao87_am15_4_m10_ao87_am10_1,87,8,SATISFIED,1.3714,216770874.0,4326.5
SAL-Ei-LM,bom_deep_7_3_15_5_No1_p50_ao87_am15_4_m10_ao87_am10_1,87,9,SATISFIED,1.372,219051382.0,4329.62
SAL-Ei-LM,bom_deep_7_3_15_5_No1_p50_ao87_am15_4_m10_ao87_am10_1,87,10,SATISFIED,1.4268,216140506.0,4383.06
SAL-Ei-LM,bom_deep_7_3_15_5_No1_p50_ao87_am15_4_m10_ao87_am10_2,87,1,SATISFIED,1.368,351447216.0,4352.88
SAL-Ei-LM,bom_deep_7_3_15_5_No1_p50_ao87_am15_4_m10_ao87_am10_2,87,2,SATISFIED,1.3775,338669957.0,4389.22
SAL-Ei-LM,bom_deep_7_3_15_5_No1_p50_ao87_am15_4_m10_ao87_am10_2,87,3,SATISFIED,1.3724,345075406.0,4452.97
SAL-Ei-LM,bom_deep_7_3_15_5_No1_p50_ao87_am15_4_m10_ao87_am10_2,87,4,SATISFIED,1.3646,347974470.0,4407.69
SAL-Ei-LM,bom_deep_7_3_15_5_No1_p50_ao87_am15_4_m10_ao87_am10_2,87,5,SATISFIED,1.374,343608080.0,4441.62
SAL-Ei-LM,bom_deep_7_3_15_5_No1_p50_ao87_am15_4_m10_ao87_am10_2,87,6,SATISFIED,1.4772,340531085.0,4451.84
SAL-Ei-LM,bom_deep_7_3_15_5_No1_p50_ao87_am15_4_m10_ao87_am10_2,87,7,SATISFIED,1.3504,341612116.0,4329.97
SAL-Ei-LM,bom_deep_7_3_15_5_No1_p50_ao87_am15_4_m10_ao87_am10_2,87,8,SATISFIED,1.3618,340288152.0,4399.66
SAL-Ei-LM,bom_deep_7_3_15_5_No1_p50_ao87_am15_4_m10_ao87_am10_2,87,9,SATISFIED,1.369,327380333.0,4390.16
SAL-Ei-LM,bom_deep_7_3_15_5_No1_p50_ao87_am15_4_m10_ao87_am10_2,87,10,SATISFIED,1.3744,343318149.0,4347.75
SAL-Ei-LM,bom_deep_7_3_15_5_No1_p50_ao87_am15_4_m10_ao87_am10_3,87,1,SATISFIED,1.3671,283982870.0,4111.31
SAL-Ei-LM,bom_deep_7_3_15_5_No1_p50_ao87_am15_4_m10_ao87_am10_3,87,2,SATISFIED,1.5079,283322030.0,4125.53
SAL-Ei-LM,bom_deep_7_3_15_5_No1_p50_ao87_am15_4_m10_ao87_am10_3,87,3,SATISFIED,1.3473,289982585.0,4056.62
SAL-Ei-LM,bom_deep_7_3_15_5_No1_p50_ao87_am15_4_m10_ao87_am10_3,87,4,SATISFIED,1.3648,286191950.0,4141.0
SAL-Ei-LM,bom_deep_7_3_15_5_No1_p50_ao87_am15_4_m10_ao87_am10_3,87,5,SATISFIED,1.368,282935278.0,4131.91
SAL-Ei-LM,bom_deep_7_3_15_5_No1_p50_ao87_am15_4_m10_ao87_am10_3,87,6,SATISFIED,1.3723,283277427.0,4142.0
SAL-Ei-LM,bom_deep_7_3_15_5_No1_p50_ao87_am15_4_m10_ao87_am10_3,87,7,SATISFIED,1.3697,281765183.0,4164.47
SAL-Ei-LM,bom_deep_7_3_15_5_No1_p50_ao87_am15_4_m10_ao87_am10_3,87,8,SATISFIED,1.3706,285645636.0,4152.94
SAL-Ei-LM,bom_deep_7_3_15_5_No1_p50_ao87_am15_4_m10_ao87_am10_3,87,9,SATISFIED,1.4373,285526547.0,4149.66
SAL-Ei-LM,bom_deep_7_3_15_5_No1_p50_ao87_am15_4_m10_ao87_am10_3,87,10,SATISFIED,1.3571,282649628.0,4191.28
SAL-Ei-LM,bom_deep_7_3_15_5_No1_p50_ao87_am15_4_m10_ao87_am10_4,87,1,SATISFIED,1.3654,253212080.0,4353.88
SAL-Ei-LM,bom_deep_7_3_15_5_No1_p50_ao87_am15_4_m10_ao87_am10_4,87,2,SATISFIED,1.3694,253445520.0,4307.56
SAL-Ei-LM,bom_deep_7_3_15_5_No1_p50_ao87_am15_4_m10_ao87_am10_4,87,3,SATISFIED,1.377,253241853.0,4300.19
SAL-Ei-LM,bom_deep_7_3_15_5_No1_p50_ao87_am15_4_m10_ao87_am10_4,87,4,SATISFIED,1.3651,253392883.0,4343.38
SAL-Ei-LM,bom_deep_7_3_15_5_No1_p50_ao87_am15_4_m10_ao87_am10_4,87,5,SATISFIED,1.4623,253416173.0,4342.31
SAL-Ei-LM,bom_deep_7_3_15_5_No1_p50_ao87_am15_4_m10_ao87_am10_4,87,6,SATISFIED,1.2089,253247389.0,4419.16
SAL-Ei-LM,bom_deep_7_3_15_5_No1_p50_ao87_am15_4_m10_ao87_am10_4,87,7,SATISFIED,1.3705,253459947.0,4381.78
SAL-Ei-LM,bom_deep_7_3_15_5_No1_p50_ao87_am15_4_m10_ao87_am10_4,87,8,SATISFIED,1.3648,253360726.0,4386.06
SAL-Ei-LM,bom_deep_7_3_15_5_No1_p50_ao87_am15_4_m10_ao87_am10_4,87,9,SATISFIED,1.3669,253422648.0,4339.53
SAL-Ei-LM,bom_deep_7_3_15_5_No1_p50_ao87_am15_4_m10_ao87_am10_4,87,10,SATISFIED,1.3606,253435641.0,4408.69
SAL-Ei-LM,bom_deep_7_3_15_5_No1_p50_ao87_am15_4_m10_ao87_am10_5,87,1,SATISFIED,1.4827,527752709.0,4311.72
SAL-Ei-LM,bom_deep_7_3_15_5_No1_p50_ao87_am15_4_m10_ao87_am10_5,87,2,SATISFIED,1.3522,526955945.0,4320.44
SAL-Ei-LM,bom_deep_7_3_15_5_No1_p50_ao87_am15_4_m10_ao87_am10_5,87,3,SATISFIED,1.3626,528885276.0,4441.34
SAL-Ei-LM,bom_deep_7_3_15_5_No1_p50_ao87_am15_4_m10_ao87_am10_5,87,4,SATISFIED,1.372,526226466.0,4331.94
SAL-Ei-LM,bom_deep_7_3_15_5_No1_p50_ao87_am15_4_m10_ao87_am10_5,87,5,SATISFIED,1.3646,529241161.0,4378.53
SAL-Ei-LM,bom_deep_7_3_15_5_No1_p50_ao87_am15_4_m10_ao87_am10_5,87,6,SATISFIED,1.3634,527518210.0,4352.66
SAL-Ei-LM,bom_deep_7_3_15_5_No1_p50_ao87_am15_4_m10_ao87_am10_5,87,7,SATISFIED,1.3637,527925605.0,4369.19
SAL-Ei-LM,bom_deep_7_3_15_5_No1_p50_ao87_am15_4_m10_ao87_am10_5,87,8,SATISFIED,1.4542,528045055.0,4392.31
SAL-Ei-LM,bom_deep_7_3_15_5_No1_p50_ao87_am15_4_m10_ao87_am10_5,87,9,SATISFIED,1.346,527882555.0,4338.72
SAL-Ei-LM,bom_deep_7_3_15_5_No1_p50_ao87_am15_4_m10_ao87_am10_5,87,10,SATISFIED,1.3568,527045180.0,4360.0
SAL-Ei-LM,bom_deep_7_3_15_5_No1_p50_ao87_am15_4_m25_ao87_am19_4,87,1,SATISFIED,1.3516,391416848.0,4393.69
SAL-Ei-LM,bom_deep_7_3_15_5_No1_p50_ao87_am15_4_m25_ao87_am19_4,87,2,SATISFIED,1.383,401054221.0,4374.28
SAL-Ei-LM,bom_deep_7_3_15_5_No1_p50_ao87_am15_4_m25_ao87_am19_4,87,3,SATISFIED,1.3693,394462915.0,4431.28
SAL-Ei-LM,bom_deep_7_3_15_5_No1_p50_ao87_am15_4_m25_ao87_am19_4,87,4,SATISFIED,1.4084,392370890.0,4585.75
SAL-Ei-LM,bom_deep_7_3_15_5_No1_p50_ao87_am15_4_m25_ao87_am19_4,87,5,SATISFIED,1.3634,392745150.0,4351.66
SAL-Ei-LM,bom_deep_7_3_15_5_No1_p50_ao87_am15_4_m25_ao87_am19_4,87,6,SATISFIED,1.3652,394525582.0,4349.97
SAL-Ei-LM,bom_deep_7_3_15_5_No1_p50_ao87_am15_4_m25_ao87_am19_4,87,7,SATISFIED,1.3627,395690268.0,4360.53
SAL-Ei-LM,bom_deep_7_3_15_5_No1_p50_ao87_am15_4_m25_ao87_am19_4,87,8,SATISFIED,1.3577,391183048.0,4305.78
SAL-Ei-LM,bom_deep_7_3_15_5_No1_p50_ao87_am15_4_m25_ao87_am19_4,87,9,SATISFIED,1.3078,398250389.0,4560.12
SAL-Ei-LM,bom_deep_7_3_15_5_No1_p50_ao87_am15_4_m25_ao87_am19_4,87,10,SATISFIED,1.5126,390745090.0,4338.47
SAL-Ei-LM,bom_deep_7_3_15_5_No1_p50_ao87_am15_4_m25_ao87_am20_1,87,1,SATISFIED,1.3534,214032205.0,4106.41
SAL-Ei-LM,bom_deep_7_3_15_5_No1_p50_ao87_am15_4_m25_ao87_am20_1,87,2,SATISFIED,1.402,214139269.0,4151.56
SAL-Ei-LM,bom_deep_7_3_15_5_No1_p50_ao87_am15_4_m25_ao87_am20_1,87,3,SATISFIED,1.3783,213382741.0,4198.28
SAL-Ei-LM,bom_deep_7_3_15_5_No1_p50_ao87_am15_4_m25_ao87_am20_1,87,4,SATISFIED,1.3631,216030600.0,4234.16
SAL-Ei-LM,bom_deep_7_3_15_5_No1_p50_ao87_am15_4_m25_ao87_am20_1,87,5,SATISFIED,1.3683,215350950.0,4237.06
SAL-Ei-LM,bom_deep_7_3_15_5_No1_p50_ao87_am15_4_m25_ao87_am20_1,87,6,SATISFIED,1.3787,214077761.0,4330.47
SAL-Ei-LM,bom_deep_7_3_15_5_No1_p50_ao87_am15_4_m25_ao87_am20_1,87,7,SATISFIED,1.2123,216404519.0,4472.47
SAL-Ei-LM,bom_deep_7_3_15_5_No1_p50_ao87_am15_4_m25_ao87_am20_1,87,8,SATISFIED,1.3645,216114955.0,4269.0
SAL-Ei-LM,bom_deep_7_3_15_5_No1_p50_ao87_am15_4_m25_ao87_am20_1,87,9,SATISFIED,1.3727,214039095.0,4195.88
SAL-Ei-LM,bom_deep_7_3_15_5_No1_p50_ao87_am15_4_m25_ao87_am20_1,87,10,SATISFIED,1.3826,214212380.0,4199.66
SAL-Ei-LM,bom_deep_7_3_15_5_No1_p50_ao87_am15_4_m25_ao87_am20_3,87,1,SATISFIED,1.3925,168709845.0,3996.22
SAL-Ei-LM,bom_deep_7_3_15_5_No1_p50_ao87_am15_4_m25_ao87_am20_3,87,2,SATISFIED,1.408,168504356.0,4023.19
SAL-Ei-LM,bom_deep_7_3_15_5_No1_p50_ao87_am15_4_m25_ao87_am20_3,87,3,SATISFIED,1.362,168532128.0,4041.19
SAL-Ei-LM,bom_deep_7_3_15_5_No1_p50_ao87_am15_4_m25_ao87_am20_3,87,4,SATISFIED,1.358,168518520.0,4113.0
SAL-Ei-LM,bom_deep_7_3_15_5_No1_p50_ao87_am15_4_m25_ao87_am20_3,87,5,SATISFIED,1.3707,168609408.0,4113.88
SAL-Ei-LM,bom_deep_7_3_15_5_No1_p50_ao87_am15_4_m25_ao87_am20_3,87,6,SATISFIED,1.3661,168528660.0,4097.25
SAL-Ei-LM,bom_deep_7_3_15_5_No1_p50_ao87_am15_4_m25_ao87_am20_3,87,7,SATISFIED,1.3762,168550913.0,4027.31
SAL-Ei-LM,bom_deep_7_3_15_5_No1_p50_ao87_am15_4_m25_ao87_am20_3,87,8,SATISFIED,1.433,168496655.0,4100.09
SAL-Ei-LM,bom_deep_7_3_15_5_No1_p50_ao87_am15_4_m25_ao87_am20_3,87,9,SATISFIED,1.3583,168570890.0,4068.47
SAL-Ei-LM,bom_deep_7_3_15_5_No1_p50_ao87_am15_4_m25_ao87_am20_3,87,10,SATISFIED,1.3643,168482498.0,4091.38
SAL-Ei-LM,bom_deep_7_3_15_5_No1_p50_ao87_am15_4_m25_ao87_am22_2,87,1,SATISFIED,1.3556,240026870.0,4211.75
SAL-Ei-LM,bom_deep_7_3_15_5_No1_p50_ao87_am15_4_m25_ao87_am22_2,87,2,SATISFIED,1.3638,239909093.0,4238.38
SAL-Ei-LM,bom_deep_7_3_15_5_No1_p50_ao87_am15_4_m25_ao87_am22_2,87,3,SATISFIED,1.3739,239275412.0,4302.22
SAL-Ei-LM,bom_deep_7_3_15_5_No1_p50_ao87_am15_4_m25_ao87_am22_2,87,4,SATISFIED,1.4177,240992387.0,4285.84
SAL-Ei-LM,bom_deep_7_3_15_5_No1_p50_ao87_am15_4_m25_ao87_am22_2,87,5,SATISFIED,1.3553,241414351.0,4270.66
SAL-Ei-LM,bom_deep_7_3_15_5_No1_p50_ao87_am15_4_m25_ao87_am22_2,87,6,SATISFIED,1.3687,241245162.0,4309.28
SAL-Ei-LM,bom_deep_7_3_15_5_No1_p50_ao87_am15_4_m25_ao87_am22_2,87,7,SATISFIED,1.2774,239579969.0,4379.38
SAL-Ei-LM,bom_deep_7_3_15_5_No1_p50_ao87_am15_4_m25_ao87_am22_2,87,8,SATISFIED,1.3636,239753869.0,4381.69
SAL-Ei-LM,bom_deep_7_3_15_5_No1_p50_ao87_am15_4_m25_ao87_am22_2,87,9,SATISFIED,1.473,239377408.0,4378.84
SAL-Ei-LM,bom_deep_7_3_15_5_No1_p50_ao87_am15_4_m25_ao87_am22_2,87,10,SATISFIED,1.3569,241202530.0,4227.12
SAL-Ei-LM,bom_deep_7_3_15_5_No1_p50_ao87_am15_4_m25_ao87_am22_5,87,1,SATISFIED,1.3604,252585725.0,4167.03
SAL-Ei-LM,bom_deep_7_3_15_5_No1_p50_ao87_am15_4_m25_ao87_am22_5,87,2,SATISFIED,1.3672,252618722.0,4196.75
SAL-Ei-LM,bom_deep_7_3_15_5_No1_p50_ao87_am15_4_m25_ao87_am22_5,87,3,SATISFIED,1.3803,252664562.0,4186.12
SAL-Ei-LM,bom_deep_7_3_15_5_No1_p50_ao87_am15_4_m25_ao87_am22_5,87,4,SATISFIED,1.3726,252744090.0,4158.5
SAL-Ei-LM,bom_deep_7_3_15_5_No1_p50_ao87_am15_4_m25_ao87_am22_5,87,5,SATISFIED,1.4648,252610717.0,4136.66
SAL-Ei-LM,bom_deep_7_3_15_5_No1_p50_ao87_am15_4_m25_ao87_am22_5,87,6,SATISFIED,1.3652,252713595.0,4111.03
SAL-Ei-LM,bom_deep_7_3_15_5_No1_p50_ao87_am15_4_m25_ao87_am22_5,87,7,SATISFIED,1.3826,252614502.0,4138.69
SAL-Ei-LM,bom_deep_7_3_15_5_No1_p50_ao87_am15_4_m25_ao87_am22_5,87,8,SATISFIED,1.3742,252692150.0,4156.81
SAL-Ei-LM,bom_deep_7_3_15_5_No1_p50_ao87_am15_4_m25_ao87_am22_5,87,9,SATISFIED,1.3718,252707875.0,4155.44
SAL-Ei-LM,bom_deep_7_3_15_5_No1_p50_ao87_am15_4_m25_ao87_am22_5,87,10,SATISFIED,1.3756,252565137.0,4191.59
SAL-Ei-LM,bom_deep_7_3_15_5_No1_p50_ao87_am15_5,87,1,SATISFIED,1.419,121973167.0,3976.0
SAL-Ei-LM,bom_deep_7_3_15_5_No1_p50_ao87_am15_5,87,2,SATISFIED,1.3659,121578284.0,3901.5
SAL-Ei-LM,bom_deep_7_3_15_5_No1_p50_ao87_am15_5,87,3,SATISFIED,1.3858,121825575.0,3925.22
SAL-Ei-LM,bom_deep_7_3_15_5_No1_p50_ao87_am15_5,87,4,SATISFIED,1.3857,121616010.0,3933.53
SAL-Ei-LM,bom_deep_7_3_15_5_No1_p50_ao87_am15_5,87,5,SATISFIED,1.3819,123014840.0,3961.06
SAL-Ei-LM,bom_deep_7_3_15_5_No1_p50_ao87_am15_5,87,6,SATISFIED,1.3853,122126907.0,3955.34
SAL-Ei-LM,bom_deep_7_3_15_5_No1_p50_ao87_am15_5,87,7,SATISFIED,1.4789,123165807.0,3951.66
SAL-Ei-LM,bom_deep_7_3_15_5_No1_p50_ao87_am15_5,87,8,SATISFIED,1.367,122640721.0,3880.53
SAL-Ei-LM,bom_deep_7_3_15_5_No1_p50_ao87_am15_5,87,9,SATISFIED,1.3772,121682348.0,3934.19
SAL-Ei-LM,bom_deep_7_3_15_5_No1_p50_ao87_am15_5,87,10,SATISFIED,1.3938,121849400.0,3955.38
SAL-Ei-LM,bom_deep_7_3_15_5_No1_p50_ao87_am15_5_m10_ao87_am10_1,87,1,SATISFIED,1.3691,221350045.0,4332.78
SAL-Ei-LM,bom_deep_7_3_15_5_No1_p50_ao87_am15_5_m10_ao87_am10_1,87,2,SATISFIED,1.3693,221342663.0,4377.19
SAL-Ei-LM,bom_deep_7_3_15_5_No1_p50_ao87_am15_5_m10_ao87_am10_1,87,3,SATISFIED,1.4732,221331510.0,4390.09
SAL-Ei-LM,bom_deep_7_3_15_5_No1_p50_ao87_am15_5_m10_ao87_am10_1,87,4,SATISFIED,1.3582,221330757.0,4344.81
SAL-Ei-LM,bom_deep_7_3_15_5_No1_p50_ao87_am15_5_m10_ao87_am10_1,87,5,SATISFIED,1.3611,221320677.0,4398.41
SAL-Ei-LM,bom_deep_7_3_15_5_No1_p50_ao87_am15_5_m10_ao87_am10_1,87,6,SATISFIED,1.3742,221343978.0,4418.16
SAL-Ei-LM,bom_deep_7_3_15_5_No1_p50_ao87_am15_5_m10_ao87_am10_1,87,7,SATISFIED,1.3812,221362704.0,4400.66
SAL-Ei-LM,bom_deep_7_3_15_5_No1_p50_ao87_am15_5_m10_ao87_am10_1,87,8,SATISFIED,1.3703,221384209.0,4428.97
SAL-Ei-LM,bom_deep_7_3_15_5_No1_p50_ao87_am15_5_m10_ao87_am10_1,87,9,SATISFIED,1.3744,221387736.0,4386.88
SAL-Ei-LM,bom_deep_7_3_15_5_No1_p50_ao87_am15_5_m10_ao87_am10_1,87,10,SATISFIED,1.4363,221361833.0,4396.56
SAL-Ei-LM,bom_deep_7_3_15_5_No1_p50_ao87_am15_5_m10_ao87_am10_2,87,1,SATISFIED,1.3542,272954536.0,4407.0
SAL-Ei-LM,bom_deep_7_3_15_5_No1_p50_ao87_am15_5_m10_ao87_am10_2,87,2,SATISFIED,1.3749,272580644.0,4395.78
SAL-Ei-LM,bom_deep_7_3_15_5_No1_p50_ao87_am15_5_m10_ao87_am10_2,87,3,SATISFIED,1.3678,272792805.0,4412.47
SAL-Ei-LM,bom_deep_7_3_15_5_No1_p50_ao87_am15_5_m10_ao87_am10_2,87,4,SATISFIED,1.379,272903463.0,4387.94
SAL-Ei-LM,bom_deep_7_3_15_5_No1_p50_ao87_am15_5_m10_ao87_am10_2,87,5,SATISFIED,1.3758,273428172.0,4434.66
SAL-Ei-LM,bom_deep_7_3_15_5_No1_p50_ao87_am15_5_m10_ao87_am10_2,87,6,SATISFIED,1.4756,272917652.0,4403.94
SAL-Ei-LM,bom_deep_7_3_15_5_No1_p50_ao87_am15_5_m10_ao87_am10_2,87,7,SATISFIED,1.3555,272539476.0,4378.66
SAL-Ei-LM,bom_deep_7_3_15_5_No1_p50_ao87_am15_5_m10_ao87_am10_2,87,8,SATISFIED,1.3734,272645906.0,4391.31
SAL-Ei-LM,bom_deep_7_3_15_5_No1_p50_ao87_am15_5_m10_ao87_am10_2,87,9,SATISFIED,1.366,273341055.0,4340.94
SAL-Ei-LM,bom_deep_7_3_15_5_No1_p50_ao87_am15_5_m10_ao87_am10_2,87,10,SATISFIED,1.2886,272767055.0,4486.84
SAL-Ei-LM,bom_deep_7_3_15_5_No1_p50_ao87_am15_5_m10_ao87_am10_3,87,1,SATISFIED,1.371,360293555.0,4465.44
SAL-Ei-LM,bom_deep_7_3_15_5_No1_p50_ao87_am15_5_m10_ao87_am10_3,87,2,SATISFIED,1.3857,359772150.0,4654.94
SAL-Ei-LM,bom_deep_7_3_15_5_No1_p50_ao87_am15_5_m10_ao87_am10_3,87,3,SATISFIED,1.367,359768866.0,4384.94
SAL-Ei-LM,bom_deep_7_3_15_5_No1_p50_ao87_am15_5_m10_ao87_am10_3,87,4,SATISFIED,1.3751,360396663.0,4490.34
SAL-Ei-LM,bom_deep_7_3_15_5_No1_p50_ao87_am15_5_m10_ao87_am10_3,87,5,SATISFIED,1.3728,359899380.0,4546.38
SAL-Ei-LM,bom_deep_7_3_15_5_No1_p50_ao87_am15_5_m10_ao87_am10_3,87,6,SATISFIED,1.375,359716428.0,4564.62
SAL-Ei-LM,bom_deep_7_3_15_5_No1_p50_ao87_am15_5_m10_ao87_am10_3,87,7,SATISFIED,1.3722,360086514.0,4520.41
SAL-Ei-LM,bom_deep_7_3_15_5_No1_p50_ao87_am15_5_m10_ao87_am10_3,87,8,SATISFIED,1.4038,360434870.0,4500.12
SAL-Ei-LM,bom_deep_7_3_15_5_No1_p50_ao87_am15_5_m10_ao87_am10_3,87,9,SATISFIED,1.4541,360181105.0,4569.28
SAL-Ei-LM,bom_deep_7_3_15_5_No1_p50_ao87_am15_5_m10_ao87_am10_3,87,10,SATISFIED,1.2997,360732603.0,4631.94
SAL-Ei-LM,bom_deep_7_3_15_5_No1_p50_ao87_am15_5_m10_ao87_am10_4,87,1,SATISFIED,1.3835,371589755.0,4482.19
SAL-Ei-LM,bom_deep_7_3_15_5_No1_p50_ao87_am15_5_m10_ao87_am10_4,87,2,SATISFIED,1.3897,371575849.0,4590.28
SAL-Ei-LM,bom_deep_7_3_15_5_No1_p50_ao87_am15_5_m10_ao87_am10_4,87,3,SATISFIED,1.3854,371584089.0,4541.59
SAL-Ei-LM,bom_deep_7_3_15_5_No1_p50_ao87_am15_5_m10_ao87_am10_4,87,4,SATISFIED,1.3935,371581925.0,4531.59
SAL-Ei-LM,bom_deep_7_3_15_5_No1_p50_ao87_am15_5_m10_ao87_am10_4,87,5,SATISFIED,1.4717,371652468.0,4465.84
SAL-Ei-LM,bom_deep_7_3_15_5_No1_p50_ao87_am15_5_m10_ao87_am10_4,87,6,SATISFIED,1.3774,371678655.0,4403.84
SAL-Ei-LM,bom_deep_7_3_15_5_No1_p50_ao87_am15_5_m10_ao87_am10_4,87,7,SATISFIED,1.3864,372696469.0,4474.59
SAL-Ei-LM,bom_deep_7_3_15_5_No1_p50_ao87_am15_5_m10_ao87_am10_4,87,8,SATISFIED,1.3829,371579604.0,4509.22
SAL-Ei-LM,bom_deep_7_3_15_5_No1_p50_ao87_am15_5_m10_ao87_am10_4,87,9,SATISFIED,1.3679,371659435.0,4532.84
SAL-Ei-LM,bom_deep_7_3_15_5_No1_p50_ao87_am15_5_m10_ao87_am10_4,87,10,SATISFIED,1.419,371639022.0,4582.72
SAL-Ei-LM,bom_deep_7_3_15_5_No1_p50_ao87_am15_5_m10_ao87_am10_5,87,1,SATISFIED,1.508,161491412.0,4482.03
SAL-Ei-LM,bom_deep_7_3_15_5_No1_p50_ao87_am15_5_m10_ao87_am10_5,87,2,SATISFIED,1.3847,161856635.0,4416.75
SAL-Ei-LM,bom_deep_7_3_15_5_No1_p50_ao87_am15_5_m10_ao87_am10_5,87,3,SATISFIED,1.3816,161237575.0,4522.88
SAL-Ei-LM,bom_deep_7_3_15_5_No1_p50_ao87_am15_5_m10_ao87_am10_5,87,4,SATISFIED,1.3798,161357808.0,4519.56
SAL-Ei-LM,bom_deep_7_3_15_5_No1_p50_ao87_am15_5_m10_ao87_am10_5,87,5,SATISFIED,1.3958,161055120.0,4539.59
SAL-Ei-LM,bom_deep_7_3_15_5_No1_p50_ao87_am15_5_m10_ao87_am10_5,87,6,SATISFIED,1.3983,161480090.0,4469.56
SAL-Ei-LM,bom_deep_7_3_15_5_No1_p50_ao87_am15_5_m10_ao87_am10_5,87,7,SATISFIED,1.4052,161477620.0,4461.5
SAL-Ei-LM,bom_deep_7_3_15_5_No1_p50_ao87_am15_5_m10_ao87_am10_5,87,8,SATISFIED,1.4985,161277810.0,4469.31
SAL-Ei-LM,bom_deep_7_3_15_5_No1_p50_ao87_am15_5_m10_ao87_am10_5,87,9,SATISFIED,1.407,161714675.0,4438.03
SAL-Ei-LM,bom_deep_7_3_15_5_No1_p50_ao87_am15_5_m10_ao87_am10_5,87,10,SATISFIED,1.4165,161349505.0,4449.0
SAL-Ei-LM,bom_deep_7_3_15_5_No1_p50_ao87_am15_5_m25_ao87_am22_3,87,1,SATISFIED,1.3887,104375113.0,4239.44
SAL-Ei-LM,bom_deep_7_3_15_5_No1_p50_ao87_am15_5_m25_ao87_am22_3,87,2,SATISFIED,1.4034,104336573.0,4250.47
SAL-Ei-LM,bom_deep_7_3_15_5_No1_p50_ao87_am15_5_m25_ao87_am22_3,87,3,SATISFIED,1.3114,103263372.0,4361.62
SAL-Ei-LM,bom_deep_7_3_15_5_No1_p50_ao87_am15_5_m25_ao87_am22_3,87,4,SATISFIED,1.4698,104443719.0,4379.47
SAL-Ei-LM,bom_deep_7_3_15_5_No1_p50_ao87_am15_5_m25_ao87_am22_3,87,5,SATISFIED,1.3652,102639070.0,4224.75
SAL-Ei-LM,bom_deep_7_3_15_5_No1_p50_ao87_am15_5_m25_ao87_am22_3,87,6,SATISFIED,1.3586,104331550.0,4382.81
SAL-Ei-LM,bom_deep_7_3_15_5_No1_p50_ao87_am15_5_m25_ao87_am22_3,87,7,SATISFIED,1.268,104469785.0,4621.84
SAL-Ei-LM,bom_deep_7_3_15_5_No1_p50_ao87_am15_5_m25_ao87_am22_3,87,8,SATISFIED,1.2139,104394315.0,5131.47
SAL-Ei-LM,bom_deep_7_3_15_5_No1_p50_ao87_am15_5_m25_ao87_am22_3,87,9,SATISFIED,1.3995,104557090.0,4578.31
SAL-Ei-LM,bom_deep_7_3_15_5_No1_p50_ao87_am15_5_m25_ao87_am22_3,87,10,SATISFIED,1.4557,105488775.0,4407.41
SAL-Ei-LM,bom_deep_7_3_15_5_No1_p50_ao87_am15_5_m25_ao87_am22_4,87,1,SATISFIED,1.3929,162375698.0,4127.31
SAL-Ei-LM,bom_deep_7_3_15_5_No1_p50_ao87_am15_5_m25_ao87_am22_4,87,2,SATISFIED,1.4077,162246623.0,4165.0
SAL-Ei-LM,bom_deep_7_3_15_5_No1_p50_ao87_am15_5_m25_ao87_am22_4,87,3,SATISFIED,1.3967,161359420.0,4228.41
SAL-Ei-LM,bom_deep_7_3_15_5_No1_p50_ao87_am15_5_m25_ao87_am22_4,87,4,SATISFIED,1.3885,162534226.0,4271.16
SAL-Ei-LM,bom_deep_7_3_15_5_No1_p50_ao87_am15_5_m25_ao87_am22_4,87,5,SATISFIED,1.3943,163783399.0,4266.06
SAL-Ei-LM,bom_deep_7_3_15_5_No1_p50_ao87_am15_5_m25_ao87_am22_4,87,6,SATISFIED,1.4353,162485535.0,4204.88
SAL-Ei-LM,bom_deep_7_3_15_5_No1_p50_ao87_am15_5_m25_ao87_am22_4,87,7,SATISFIED,1.3713,162941835.0,4215.5
SAL-Ei-LM,bom_deep_7_3_15_5_No1_p50_ao87_am15_5_m25_ao87_am22_4,87,8,SATISFIED,1.3815,162381254.0,4246.41
SAL-Ei-LM,bom_deep_7_3_15_5_No1_p50_ao87_am15_5_m25_ao87_am22_4,87,9,SATISFIED,1.3819,162836865.0,4233.12
SAL-Ei-LM,bom_deep_7_3_15_5_No1_p50_ao87_am15_5_m25_ao87_am22_4,87,10,SATISFIED,1.3941,159484773.0,4248.75
SAL-Ei-LM,bom_deep_7_3_15_5_No1_p50_ao87_am15_5_m25_ao87_am23_1,87,1,SATISFIED,1.5265,212985533.0,4216.31
SAL-Ei-LM,bom_deep_7_3_15_5_No1_p50_ao87_am15_5_m25_ao87_am23_1,87,2,SATISFIED,1.3681,213687745.0,4172.38
SAL-Ei-LM,bom_deep_7_3_15_5_No1_p50_ao87_am15_5_m25_ao87_am23_1,87,3,SATISFIED,1.3771,212829433.0,4221.81
SAL-Ei-LM,bom_deep_7_3_15_5_No1_p50_ao87_am15_5_m25_ao87_am23_1,87,4,SATISFIED,1.3767,213300664.0,4237.03
SAL-Ei-LM,bom_deep_7_3_15_5_No1_p50_ao87_am15_5_m25_ao87_am23_1,87,5,SATISFIED,1.3797,212549078.0,4234.66
SAL-Ei-LM,bom_deep_7_3_15_5_No1_p50_ao87_am15_5_m25_ao87_am23_1,87,6,SATISFIED,1.3742,213442179.0,4239.5
SAL-Ei-LM,bom_deep_7_3_15_5_No1_p50_ao87_am15_5_m25_ao87_am23_1,87,7,SATISFIED,1.483,212995670.0,4256.59
SAL-Ei-LM,bom_deep_7_3_15_5_No1_p50_ao87_am15_5_m25_ao87_am23_1,87,8,SATISFIED,1.3606,213789190.0,4205.19
SAL-Ei-LM,bom_deep_7_3_15_5_No1_p50_ao87_am15_5_m25_ao87_am23_1,87,9,SATISFIED,1.3685,213261811.0,4264.84
SAL-Ei-LM,bom_deep_7_3_15_5_No1_p50_ao87_am15_5_m25_ao87_am23_1,87,10,SATISFIED,1.3736,213061000.0,4287.41
SAL-Ei-LM,bom_deep_7_3_15_5_No1_p50_ao87_am15_5_m25_ao87_am25_2,87,1,SATISFIED,1.3612,178687373.0,4270.72
SAL-Ei-LM,bom_deep_7_3_15_5_No1_p50_ao87_am15_5_m25_ao87_am25_2,87,2,SATISFIED,1.3761,179018590.0,4286.44
SAL-Ei-LM,bom_deep_7_3_15_5_No1_p50_ao87_am15_5_m25_ao87_am25_2,87,3,SATISFIED,1.4453,178820774.0,4297.47
SAL-Ei-LM,bom_deep_7_3_15_5_No1_p50_ao87_am15_5_m25_ao87_am25_2,87,4,SATISFIED,1.3654,179065694.0,4212.34
SAL-Ei-LM,bom_deep_7_3_15_5_No1_p50_ao87_am15_5_m25_ao87_am25_2,87,5,SATISFIED,1.3718,179819946.0,4317.53
SAL-Ei-LM,bom_deep_7_3_15_5_No1_p50_ao87_am15_5_m25_ao87_am25_2,87,6,SATISFIED,1.3717,179322523.0,4317.78
SAL-Ei-LM,bom_deep_7_3_15_5_No1_p50_ao87_am15_5_m25_ao87_am25_2,87,7,SATISFIED,1.3807,179006519.0,4276.25
SAL-Ei-LM,bom_deep_7_3_15_5_No1_p50_ao87_am15_5_m25_ao87_am25_2,87,8,SATISFIED,1.5002,179378703.0,4267.62
SAL-Ei-LM,bom_deep_7_3_15_5_No1_p50_ao87_am15_5_m25_ao87_am25_2,87,9,SATISFIED,1.3544,178713614.0,4220.66
SAL-Ei-LM,bom_deep_7_3_15_5_No1_p50_ao87_am15_5_m25_ao87_am25_2,87,10,SATISFIED,1.3677,180221736.0,4265.12
SAL-Ei-LM,bom_deep_7_3_15_5_No1_p50_ao87_am15_5_m25_ao87_am25_5,87,1,SATISFIED,1.3629,228611822.0,4148.12
SAL-Ei-LM,bom_deep_7_3_15_5_No1_p50_ao87_am15_5_m25_ao87_am25_5,87,2,SATISFIED,1.3604,230306414.0,4238.94
SAL-Ei-LM,bom_deep_7_3_15_5_No1_p50_ao87_am15_5_m25_ao87_am25_5,87,3,SATISFIED,1.3716,229483518.0,4200.56
SAL-Ei-LM,bom_deep_7_3_15_5_No1_p50_ao87_am15_5_m25_ao87_am25_5,87,4,SATISFIED,1.4499,231095400.0,4220.88
SAL-Ei-LM,bom_deep_7_3_15_5_No1_p50_ao87_am15_5_m25_ao87_am25_5,87,5,SATISFIED,1.3553,228947645.0,4175.44
SAL-Ei-LM,bom_deep_7_3_15_5_No1_p50_ao87_am15_5_m25_ao87_am25_5,87,6,SATISFIED,1.3599,230262074.0,4261.0
SAL-Ei-LM,bom_deep_7_3_15_5_No1_p50_ao87_am15_5_m25_ao87_am25_5,87,7,SATISFIED,1.3639,230245355.0,4230.75
SAL-Ei-LM,bom_deep_7_3_15_5_No1_p50_ao87_am15_5_m25_ao87_am25_5,87,8,SATISFIED,1.3642,229922908.0,4211.84
SAL-Ei-LM,bom_deep_7_3_15_5_No1_p50_ao87_am15_5_m25_ao87_am25_5,87,9,SATISFIED,1.359,230800279.0,4239.28
SAL-Ei-LM,bom_deep_7_3_15_5_No1_p50_ao87_am15_5_m25_ao87_am25_5,87,10,SATISFIED,1.4392,231070573.0,4266.12
