Algorithm,Bom,Nodes,AttemptNr,Status,Time,Makespan,Iterations
SAL-Ei-LM,bom_deep_7_3_15_5_No1_p10_ao63_am15_1,63,1,SATISFIED,5.2827,122568165.0,35622.19
SAL-Ei-LM,bom_deep_7_3_15_5_No1_p10_ao63_am15_1,63,2,SATISFIED,5.3018,122526220.0,35537.31
SAL-Ei-LM,bom_deep_7_3_15_5_No1_p10_ao63_am15_1,63,3,SATISFIED,5.3572,122530430.0,35863.47
SAL-Ei-LM,bom_deep_7_3_15_5_No1_p10_ao63_am15_1,63,4,SATISFIED,5.2886,122543665.0,34872.47
SAL-Ei-LM,bom_deep_7_3_15_5_No1_p10_ao63_am15_1,63,5,SATISFIED,5.3013,122490335.0,35823.12
SAL-Ei-LM,bom_deep_7_3_15_5_No1_p10_ao63_am15_1,63,6,SATISFIED,5.2981,122598955.0,35537.28
SAL-Ei-LM,bom_deep_7_3_15_5_No1_p10_ao63_am15_1,63,7,SATISFIED,5.3044,122532245.0,35194.25
SAL-Ei-LM,bom_deep_7_3_15_5_No1_p10_ao63_am15_1,63,8,SATISFIED,5.2996,122454655.0,35125.75
SAL-Ei-LM,bom_deep_7_3_15_5_No1_p10_ao63_am15_1,63,9,SATISFIED,5.309,122489490.0,35099.09
SAL-Ei-LM,bom_deep_7_3_15_5_No1_p10_ao63_am15_1,63,10,SATISFIED,5.4569,122538850.0,35813.94
SAL-Ei-LM,bom_deep_7_3_15_5_No1_p10_ao63_am15_1_m10_ao63_am10_1,63,1,SATISFIED,5.2958,88286067.0,35698.78
SAL-Ei-LM,bom_deep_7_3_15_5_No1_p10_ao63_am15_1_m10_ao63_am10_1,63,2,SATISFIED,5.1935,88396024.0,39733.28
SAL-Ei-LM,bom_deep_7_3_15_5_No1_p10_ao63_am15_1_m10_ao63_am10_1,63,3,SATISFIED,5.2961,88387393.0,39379.72
SAL-Ei-LM,bom_deep_7_3_15_5_No1_p10_ao63_am15_1_m10_ao63_am10_1,63,4,SATISFIED,5.3021,88594936.0,39907.38
SAL-Ei-LM,bom_deep_7_3_15_5_No1_p10_ao63_am15_1_m10_ao63_am10_1,63,5,SATISFIED,5.3037,88833190.0,38753.5
SAL-Ei-LM,bom_deep_7_3_15_5_No1_p10_ao63_am15_1_m10_ao63_am10_1,63,6,SATISFIED,5.304,88837961.0,38699.75
SAL-Ei-LM,bom_deep_7_3_15_5_No1_p10_ao63_am15_1_m10_ao63_am10_1,63,7,SATISFIED,5.3054,88810750.0,39281.41
SAL-Ei-LM,bom_deep_7_3_15_5_No1_p10_ao63_am15_1_m10_ao63_am10_1,63,8,SATISFIED,5.4232,88395227.0,38378.09
SAL-Ei-LM,bom_deep_7_3_15_5_No1_p10_ao63_am15_1_m10_ao63_am10_1,63,9,SATISFIED,5.2886,88852192.0,37288.25
SAL-Ei-LM,bom_deep_7_3_15_5_No1_p10_ao63_am15_1_m10_ao63_am10_1,63,10,SATISFIED,5.3083,88533538.0,39381.53
SAL-Ei-LM,bom_deep_7_3_15_5_No1_p10_ao63_am15_1_m10_ao63_am10_2,63,1,SATISFIED,5.3035,60914103.0,37065.38
SAL-Ei-LM,bom_deep_7_3_15_5_No1_p10_ao63_am15_1_m10_ao63_am10_2,63,2,SATISFIED,5.3107,61824645.0,38654.12
SAL-Ei-LM,bom_deep_7_3_15_5_No1_p10_ao63_am15_1_m10_ao63_am10_2,63,3,SATISFIED,5.3094,61549010.0,39414.5
SAL-Ei-LM,bom_deep_7_3_15_5_No1_p10_ao63_am15_1_m10_ao63_am10_2,63,4,SATISFIED,5.3139,61605294.0,39060.06
SAL-Ei-LM,bom_deep_7_3_15_5_No1_p10_ao63_am15_1_m10_ao63_am10_2,63,5,SATISFIED,5.3037,61089927.0,39063.72
SAL-Ei-LM,bom_deep_7_3_15_5_No1_p10_ao63_am15_1_m10_ao63_am10_2,63,6,SATISFIED,5.3029,62122846.0,39783.28
SAL-Ei-LM,bom_deep_7_3_15_5_No1_p10_ao63_am15_1_m10_ao63_am10_2,63,7,SATISFIED,5.3344,60561125.0,39333.44
SAL-Ei-LM,bom_deep_7_3_15_5_No1_p10_ao63_am15_1_m10_ao63_am10_2,63,8,SATISFIED,5.2912,61676025.0,38045.22
SAL-Ei-LM,bom_deep_7_3_15_5_No1_p10_ao63_am15_1_m10_ao63_am10_2,63,9,SATISFIED,5.3029,61426057.0,39074.5
SAL-Ei-LM,bom_deep_7_3_15_5_No1_p10_ao63_am15_1_m10_ao63_am10_2,63,10,SATISFIED,5.3057,61218326.0,38573.0
SAL-Ei-LM,bom_deep_7_3_15_5_No1_p10_ao63_am15_1_m10_ao63_am10_3,63,1,SATISFIED,5.301,205128714.0,41368.97
SAL-Ei-LM,bom_deep_7_3_15_5_No1_p10_ao63_am15_1_m10_ao63_am10_3,63,2,SATISFIED,5.2971,205130667.0,41035.53
SAL-Ei-LM,bom_deep_7_3_15_5_No1_p10_ao63_am15_1_m10_ao63_am10_3,63,3,SATISFIED,5.3399,205125654.0,39696.06
SAL-Ei-LM,bom_deep_7_3_15_5_No1_p10_ao63_am15_1_m10_ao63_am10_3,63,4,SATISFIED,5.297,205129555.0,40809.19
SAL-Ei-LM,bom_deep_7_3_15_5_No1_p10_ao63_am15_1_m10_ao63_am10_3,63,5,SATISFIED,5.3459,205130079.0,40730.53
SAL-Ei-LM,bom_deep_7_3_15_5_No1_p10_ao63_am15_1_m10_ao63_am10_3,63,6,SATISFIED,5.2938,205129314.0,40001.94
SAL-Ei-LM,bom_deep_7_3_15_5_No1_p10_ao63_am15_1_m10_ao63_am10_3,63,7,SATISFIED,5.3021,205126901.0,40548.31
SAL-Ei-LM,bom_deep_7_3_15_5_No1_p10_ao63_am15_1_m10_ao63_am10_3,63,8,SATISFIED,5.3147,205125248.0,38581.72
SAL-Ei-LM,bom_deep_7_3_15_5_No1_p10_ao63_am15_1_m10_ao63_am10_3,63,9,SATISFIED,5.2995,205124449.0,39799.44
SAL-Ei-LM,bom_deep_7_3_15_5_No1_p10_ao63_am15_1_m10_ao63_am10_3,63,10,SATISFIED,5.2913,205137170.0,38293.56
SAL-Ei-LM,bom_deep_7_3_15_5_No1_p10_ao63_am15_1_m10_ao63_am10_4,63,1,SATISFIED,5.3304,139037711.0,36865.66
SAL-Ei-LM,bom_deep_7_3_15_5_No1_p10_ao63_am15_1_m10_ao63_am10_4,63,2,SATISFIED,5.3121,139077584.0,37022.72
SAL-Ei-LM,bom_deep_7_3_15_5_No1_p10_ao63_am15_1_m10_ao63_am10_4,63,3,SATISFIED,5.3644,138995790.0,36631.69
SAL-Ei-LM,bom_deep_7_3_15_5_No1_p10_ao63_am15_1_m10_ao63_am10_4,63,4,SATISFIED,5.308,139040512.0,37333.88
SAL-Ei-LM,bom_deep_7_3_15_5_No1_p10_ao63_am15_1_m10_ao63_am10_4,63,5,SATISFIED,5.195,139067068.0,38158.09
SAL-Ei-LM,bom_deep_7_3_15_5_No1_p10_ao63_am15_1_m10_ao63_am10_4,63,6,SATISFIED,5.3004,139114391.0,38785.44
SAL-Ei-LM,bom_deep_7_3_15_5_No1_p10_ao63_am15_1_m10_ao63_am10_4,63,7,SATISFIED,5.313,139043676.0,39704.53
SAL-Ei-LM,bom_deep_7_3_15_5_No1_p10_ao63_am15_1_m10_ao63_am10_4,63,8,SATISFIED,5.3028,139050422.0,39073.94
SAL-Ei-LM,bom_deep_7_3_15_5_No1_p10_ao63_am15_1_m10_ao63_am10_4,63,9,SATISFIED,5.3114,139076872.0,38268.72
SAL-Ei-LM,bom_deep_7_3_15_5_No1_p10_ao63_am15_1_m10_ao63_am10_4,63,10,SATISFIED,5.3113,139047524.0,38636.22
SAL-Ei-LM,bom_deep_7_3_15_5_No1_p10_ao63_am15_1_m10_ao63_am10_5,63,1,SATISFIED,5.361,126842627.0,36887.53
SAL-Ei-LM,bom_deep_7_3_15_5_No1_p10_ao63_am15_1_m10_ao63_am10_5,63,2,SATISFIED,5.3051,126795381.0,36635.78
SAL-Ei-LM,bom_deep_7_3_15_5_No1_p10_ao63_am15_1_m10_ao63_am10_5,63,3,SATISFIED,5.3071,126739981.0,37306.78
SAL-Ei-LM,bom_deep_7_3_15_5_No1_p10_ao63_am15_1_m10_ao63_am10_5,63,4,SATISFIED,5.3131,126161736.0,37559.59
SAL-Ei-LM,bom_deep_7_3_15_5_No1_p10_ao63_am15_1_m10_ao63_am10_5,63,5,SATISFIED,5.3242,126743498.0,38554.56
SAL-Ei-LM,bom_deep_7_3_15_5_No1_p10_ao63_am15_1_m10_ao63_am10_5,63,6,SATISFIED,5.3027,126739666.0,37850.53
SAL-Ei-LM,bom_deep_7_3_15_5_No1_p10_ao63_am15_1_m10_ao63_am10_5,63,7,SATISFIED,5.3144,126731968.0,38244.41
SAL-Ei-LM,bom_deep_7_3_15_5_No1_p10_ao63_am15_1_m10_ao63_am10_5,63,8,SATISFIED,5.3089,126489147.0,36454.75
SAL-Ei-LM,bom_deep_7_3_15_5_No1_p10_ao63_am15_1_m10_ao63_am10_5,63,9,SATISFIED,5.4747,126770085.0,37280.75
SAL-Ei-LM,bom_deep_7_3_15_5_No1_p10_ao63_am15_1_m10_ao63_am10_5,63,10,SATISFIED,5.3207,126814729.0,35814.0
SAL-Ei-LM,bom_deep_7_3_15_5_No1_p10_ao63_am15_1_m25_ao63_am25_1,63,1,SATISFIED,5.3263,62220710.0,31287.94
SAL-Ei-LM,bom_deep_7_3_15_5_No1_p10_ao63_am15_1_m25_ao63_am25_1,63,2,SATISFIED,5.3281,63469954.0,31717.75
SAL-Ei-LM,bom_deep_7_3_15_5_No1_p10_ao63_am15_1_m25_ao63_am25_1,63,3,SATISFIED,5.3272,63303519.0,31826.06
SAL-Ei-LM,bom_deep_7_3_15_5_No1_p10_ao63_am15_1_m25_ao63_am25_1,63,4,SATISFIED,5.3317,61555671.0,30273.5
SAL-Ei-LM,bom_deep_7_3_15_5_No1_p10_ao63_am15_1_m25_ao63_am25_1,63,5,SATISFIED,5.3415,63439608.0,31228.28
SAL-Ei-LM,bom_deep_7_3_15_5_No1_p10_ao63_am15_1_m25_ao63_am25_1,63,6,SATISFIED,5.4427,61348557.0,31781.69
SAL-Ei-LM,bom_deep_7_3_15_5_No1_p10_ao63_am15_1_m25_ao63_am25_1,63,7,SATISFIED,5.2934,62382783.0,30630.28
SAL-Ei-LM,bom_deep_7_3_15_5_No1_p10_ao63_am15_1_m25_ao63_am25_1,63,8,SATISFIED,5.3101,62227785.0,31713.09
SAL-Ei-LM,bom_deep_7_3_15_5_No1_p10_ao63_am15_1_m25_ao63_am25_1,63,9,SATISFIED,5.1733,61666110.0,32342.34
SAL-Ei-LM,bom_deep_7_3_15_5_No1_p10_ao63_am15_1_m25_ao63_am25_1,63,10,SATISFIED,5.3042,63888990.0,30419.09
SAL-Ei-LM,bom_deep_7_3_15_5_No1_p10_ao63_am15_1_m25_ao63_am25_2,63,1,SATISFIED,5.3031,30487081.0,30706.56
SAL-Ei-LM,bom_deep_7_3_15_5_No1_p10_ao63_am15_1_m25_ao63_am25_2,63,2,SATISFIED,5.3157,29952087.0,31982.78
SAL-Ei-LM,bom_deep_7_3_15_5_No1_p10_ao63_am15_1_m25_ao63_am25_2,63,3,SATISFIED,5.3971,30168064.0,30398.47
SAL-Ei-LM,bom_deep_7_3_15_5_No1_p10_ao63_am15_1_m25_ao63_am25_2,63,4,SATISFIED,5.3054,30040085.0,30622.12
SAL-Ei-LM,bom_deep_7_3_15_5_No1_p10_ao63_am15_1_m25_ao63_am25_2,63,5,SATISFIED,5.317,30329935.0,31988.47
SAL-Ei-LM,bom_deep_7_3_15_5_No1_p10_ao63_am15_1_m25_ao63_am25_2,63,6,SATISFIED,5.3206,30351785.0,31265.53
SAL-Ei-LM,bom_deep_7_3_15_5_No1_p10_ao63_am15_1_m25_ao63_am25_2,63,7,SATISFIED,5.3192,29747358.0,31766.28
SAL-Ei-LM,bom_deep_7_3_15_5_No1_p10_ao63_am15_1_m25_ao63_am25_2,63,8,SATISFIED,5.3191,29961546.0,31554.59
SAL-Ei-LM,bom_deep_7_3_15_5_No1_p10_ao63_am15_1_m25_ao63_am25_2,63,9,SATISFIED,5.1877,30539328.0,31161.34
SAL-Ei-LM,bom_deep_7_3_15_5_No1_p10_ao63_am15_1_m25_ao63_am25_2,63,10,SATISFIED,5.4485,29028069.0,31805.66
SAL-Ei-LM,bom_deep_7_3_15_5_No1_p10_ao63_am15_1_m25_ao63_am25_3,63,1,SATISFIED,5.3248,27762268.0,28607.97
SAL-Ei-LM,bom_deep_7_3_15_5_No1_p10_ao63_am15_1_m25_ao63_am25_3,63,2,SATISFIED,5.3246,28532115.0,31174.56
SAL-Ei-LM,bom_deep_7_3_15_5_No1_p10_ao63_am15_1_m25_ao63_am25_3,63,3,SATISFIED,5.3357,28196121.0,31196.44
SAL-Ei-LM,bom_deep_7_3_15_5_No1_p10_ao63_am15_1_m25_ao63_am25_3,63,4,SATISFIED,5.3483,28828999.0,30784.84
SAL-Ei-LM,bom_deep_7_3_15_5_No1_p10_ao63_am15_1_m25_ao63_am25_3,63,5,SATISFIED,5.3348,28394391.0,30984.41
SAL-Ei-LM,bom_deep_7_3_15_5_No1_p10_ao63_am15_1_m25_ao63_am25_3,63,6,SATISFIED,5.3451,28680058.0,30254.12
SAL-Ei-LM,bom_deep_7_3_15_5_No1_p10_ao63_am15_1_m25_ao63_am25_3,63,7,SATISFIED,5.2867,28021931.0,31712.84
SAL-Ei-LM,bom_deep_7_3_15_5_No1_p10_ao63_am15_1_m25_ao63_am25_3,63,8,SATISFIED,5.3223,27870236.0,30568.69
SAL-Ei-LM,bom_deep_7_3_15_5_No1_p10_ao63_am15_1_m25_ao63_am25_3,63,9,SATISFIED,5.334,28304451.0,31100.16
SAL-Ei-LM,bom_deep_7_3_15_5_No1_p10_ao63_am15_1_m25_ao63_am25_3,63,10,SATISFIED,5.3189,28388761.0,31307.75
SAL-Ei-LM,bom_deep_7_3_15_5_No1_p10_ao63_am15_1_m25_ao63_am25_4,63,1,SATISFIED,5.3109,22448380.0,31448.66
SAL-Ei-LM,bom_deep_7_3_15_5_No1_p10_ao63_am15_1_m25_ao63_am25_4,63,2,SATISFIED,5.327,22173957.0,31996.94
SAL-Ei-LM,bom_deep_7_3_15_5_No1_p10_ao63_am15_1_m25_ao63_am25_4,63,3,SATISFIED,5.1969,22333313.0,32141.97
SAL-Ei-LM,bom_deep_7_3_15_5_No1_p10_ao63_am15_1_m25_ao63_am25_4,63,4,SATISFIED,5.3441,22478941.0,31050.38
SAL-Ei-LM,bom_deep_7_3_15_5_No1_p10_ao63_am15_1_m25_ao63_am25_4,63,5,SATISFIED,5.3011,22294977.0,31105.91
SAL-Ei-LM,bom_deep_7_3_15_5_No1_p10_ao63_am15_1_m25_ao63_am25_4,63,6,SATISFIED,5.3198,22451271.0,30914.56
SAL-Ei-LM,bom_deep_7_3_15_5_No1_p10_ao63_am15_1_m25_ao63_am25_4,63,7,SATISFIED,5.3046,22436213.0,30826.19
SAL-Ei-LM,bom_deep_7_3_15_5_No1_p10_ao63_am15_1_m25_ao63_am25_4,63,8,SATISFIED,5.3165,22434802.0,30615.41
SAL-Ei-LM,bom_deep_7_3_15_5_No1_p10_ao63_am15_1_m25_ao63_am25_4,63,9,SATISFIED,5.3344,22158700.0,29595.28
SAL-Ei-LM,bom_deep_7_3_15_5_No1_p10_ao63_am15_1_m25_ao63_am25_4,63,10,SATISFIED,5.3026,22410431.0,29798.81
SAL-Ei-LM,bom_deep_7_3_15_5_No1_p10_ao63_am15_1_m25_ao63_am25_5,63,1,SATISFIED,5.3046,91929468.0,28369.69
SAL-Ei-LM,bom_deep_7_3_15_5_No1_p10_ao63_am15_1_m25_ao63_am25_5,63,2,SATISFIED,5.3274,93531920.0,30213.47
SAL-Ei-LM,bom_deep_7_3_15_5_No1_p10_ao63_am15_1_m25_ao63_am25_5,63,3,SATISFIED,5.3084,94636723.0,29727.88
SAL-Ei-LM,bom_deep_7_3_15_5_No1_p10_ao63_am15_1_m25_ao63_am25_5,63,4,SATISFIED,5.3083,93947156.0,30902.91
SAL-Ei-LM,bom_deep_7_3_15_5_No1_p10_ao63_am15_1_m25_ao63_am25_5,63,5,SATISFIED,5.3093,93168822.0,31254.88
SAL-Ei-LM,bom_deep_7_3_15_5_No1_p10_ao63_am15_1_m25_ao63_am25_5,63,6,SATISFIED,5.317,93926624.0,31055.78
SAL-Ei-LM,bom_deep_7_3_15_5_No1_p10_ao63_am15_1_m25_ao63_am25_5,63,7,SATISFIED,5.431,94106075.0,29714.78
SAL-Ei-LM,bom_deep_7_3_15_5_No1_p10_ao63_am15_1_m25_ao63_am25_5,63,8,SATISFIED,5.2971,92966164.0,28939.88
SAL-Ei-LM,bom_deep_7_3_15_5_No1_p10_ao63_am15_1_m25_ao63_am25_5,63,9,SATISFIED,5.2184,93804342.0,31473.22
SAL-Ei-LM,bom_deep_7_3_15_5_No1_p10_ao63_am15_1_m25_ao63_am25_5,63,10,SATISFIED,5.3121,91830984.0,30835.47
SAL-Ei-LM,bom_deep_7_3_15_5_No1_p10_ao63_am15_2,63,1,SATISFIED,5.3192,192860240.0,35187.75
SAL-Ei-LM,bom_deep_7_3_15_5_No1_p10_ao63_am15_2,63,2,SATISFIED,5.3161,192856135.0,35564.06
SAL-Ei-LM,bom_deep_7_3_15_5_No1_p10_ao63_am15_2,63,3,SATISFIED,5.3089,192812755.0,35413.72
SAL-Ei-LM,bom_deep_7_3_15_5_No1_p10_ao63_am15_2,63,4,SATISFIED,5.3192,192915690.0,36465.31
SAL-Ei-LM,bom_deep_7_3_15_5_No1_p10_ao63_am15_2,63,5,SATISFIED,5.2601,192837710.0,35904.0
SAL-Ei-LM,bom_deep_7_3_15_5_No1_p10_ao63_am15_2,63,6,SATISFIED,5.308,192847375.0,35823.62
SAL-Ei-LM,bom_deep_7_3_15_5_No1_p10_ao63_am15_2,63,7,SATISFIED,5.3496,192823595.0,36260.5
SAL-Ei-LM,bom_deep_7_3_15_5_No1_p10_ao63_am15_2,63,8,SATISFIED,5.3197,192732895.0,36610.28
SAL-Ei-LM,bom_deep_7_3_15_5_No1_p10_ao63_am15_2,63,9,SATISFIED,5.3202,192912085.0,34922.94
SAL-Ei-LM,bom_deep_7_3_15_5_No1_p10_ao63_am15_2,63,10,SATISFIED,5.3255,193034980.0,36020.12
SAL-Ei-LM,bom_deep_7_3_15_5_No1_p10_ao63_am15_2_m10_ao63_am10_1,63,1,SATISFIED,5.3113,91484625.0,39173.62
SAL-Ei-LM,bom_deep_7_3_15_5_No1_p10_ao63_am15_2_m10_ao63_am10_1,63,2,SATISFIED,5.4602,91484894.0,39862.59
SAL-Ei-LM,bom_deep_7_3_15_5_No1_p10_ao63_am15_2_m10_ao63_am10_1,63,3,SATISFIED,5.3103,91484300.0,37329.22
SAL-Ei-LM,bom_deep_7_3_15_5_No1_p10_ao63_am15_2_m10_ao63_am10_1,63,4,SATISFIED,5.3135,91483603.0,39909.34
SAL-Ei-LM,bom_deep_7_3_15_5_No1_p10_ao63_am15_2_m10_ao63_am10_1,63,5,SATISFIED,5.3082,91483000.0,40809.66
SAL-Ei-LM,bom_deep_7_3_15_5_No1_p10_ao63_am15_2_m10_ao63_am10_1,63,6,SATISFIED,5.3214,91484690.0,40505.12
SAL-Ei-LM,bom_deep_7_3_15_5_No1_p10_ao63_am15_2_m10_ao63_am10_1,63,7,SATISFIED,5.3153,91483282.0,40769.81
SAL-Ei-LM,bom_deep_7_3_15_5_No1_p10_ao63_am15_2_m10_ao63_am10_1,63,8,SATISFIED,5.3157,91484080.0,41592.78
SAL-Ei-LM,bom_deep_7_3_15_5_No1_p10_ao63_am15_2_m10_ao63_am10_1,63,9,SATISFIED,5.3051,91484950.0,40513.44
SAL-Ei-LM,bom_deep_7_3_15_5_No1_p10_ao63_am15_2_m10_ao63_am10_1,63,10,SATISFIED,5.3181,91484207.0,40343.19
SAL-Ei-LM,bom_deep_7_3_15_5_No1_p10_ao63_am15_2_m10_ao63_am10_2,63,1,SATISFIED,5.3214,383145725.0,37374.78
SAL-Ei-LM,bom_deep_7_3_15_5_No1_p10_ao63_am15_2_m10_ao63_am10_2,63,2,SATISFIED,5.3059,382912110.0,38174.31
SAL-Ei-LM,bom_deep_7_3_15_5_No1_p10_ao63_am15_2_m10_ao63_am10_2,63,3,SATISFIED,5.3102,382927258.0,38732.41
SAL-Ei-LM,bom_deep_7_3_15_5_No1_p10_ao63_am15_2_m10_ao63_am10_2,63,4,SATISFIED,5.3095,383076995.0,39197.72
SAL-Ei-LM,bom_deep_7_3_15_5_No1_p10_ao63_am15_2_m10_ao63_am10_2,63,5,SATISFIED,5.3022,382972085.0,38809.47
SAL-Ei-LM,bom_deep_7_3_15_5_No1_p10_ao63_am15_2_m10_ao63_am10_2,63,6,SATISFIED,5.2965,383215940.0,39001.81
SAL-Ei-LM,bom_deep_7_3_15_5_No1_p10_ao63_am15_2_m10_ao63_am10_2,63,7,SATISFIED,5.298,383024110.0,38583.78
SAL-Ei-LM,bom_deep_7_3_15_5_No1_p10_ao63_am15_2_m10_ao63_am10_2,63,8,SATISFIED,5.3448,382954384.0,39078.31
SAL-Ei-LM,bom_deep_7_3_15_5_No1_p10_ao63_am15_2_m10_ao63_am10_2,63,9,SATISFIED,5.3672,382816197.0,37741.53
SAL-Ei-LM,bom_deep_7_3_15_5_No1_p10_ao63_am15_2_m10_ao63_am10_2,63,10,SATISFIED,5.342,382987405.0,37735.09
SAL-Ei-LM,bom_deep_7_3_15_5_No1_p10_ao63_am15_2_m10_ao63_am10_3,63,1,SATISFIED,5.1754,69417600.0,39340.81
SAL-Ei-LM,bom_deep_7_3_15_5_No1_p10_ao63_am15_2_m10_ao63_am10_3,63,2,SATISFIED,5.3098,69402266.0,38609.78
SAL-Ei-LM,bom_deep_7_3_15_5_No1_p10_ao63_am15_2_m10_ao63_am10_3,63,3,SATISFIED,5.311,69420475.0,36519.41
SAL-Ei-LM,bom_deep_7_3_15_5_No1_p10_ao63_am15_2_m10_ao63_am10_3,63,4,SATISFIED,5.3461,69429970.0,37623.78
SAL-Ei-LM,bom_deep_7_3_15_5_No1_p10_ao63_am15_2_m10_ao63_am10_3,63,5,SATISFIED,5.3099,69465887.0,37364.06
SAL-Ei-LM,bom_deep_7_3_15_5_No1_p10_ao63_am15_2_m10_ao63_am10_3,63,6,SATISFIED,5.3123,69407681.0,38476.41
SAL-Ei-LM,bom_deep_7_3_15_5_No1_p10_ao63_am15_2_m10_ao63_am10_3,63,7,SATISFIED,5.39,69460595.0,39234.66
SAL-Ei-LM,bom_deep_7_3_15_5_No1_p10_ao63_am15_2_m10_ao63_am10_3,63,8,SATISFIED,5.3019,69412946.0,37124.5
SAL-Ei-LM,bom_deep_7_3_15_5_No1_p10_ao63_am15_2_m10_ao63_am10_3,63,9,SATISFIED,5.3035,69494099.0,37539.19
SAL-Ei-LM,bom_deep_7_3_15_5_No1_p10_ao63_am15_2_m10_ao63_am10_3,63,10,SATISFIED,5.3022,69403914.0,35414.75
SAL-Ei-LM,bom_deep_7_3_15_5_No1_p10_ao63_am15_2_m10_ao63_am10_4,63,1,SATISFIED,5.2967,60359291.0,38378.28
SAL-Ei-LM,bom_deep_7_3_15_5_No1_p10_ao63_am15_2_m10_ao63_am10_4,63,2,SATISFIED,5.2939,60960689.0,38281.0
SAL-Ei-LM,bom_deep_7_3_15_5_No1_p10_ao63_am15_2_m10_ao63_am10_4,63,3,SATISFIED,5.1743,60665163.0,39637.16
SAL-Ei-LM,bom_deep_7_3_15_5_No1_p10_ao63_am15_2_m10_ao63_am10_4,63,4,SATISFIED,5.1788,60575004.0,40165.41
SAL-Ei-LM,bom_deep_7_3_15_5_No1_p10_ao63_am15_2_m10_ao63_am10_4,63,5,SATISFIED,5.4076,60722222.0,39843.53
SAL-Ei-LM,bom_deep_7_3_15_5_No1_p10_ao63_am15_2_m10_ao63_am10_4,63,6,SATISFIED,5.286,61079496.0,38277.59
SAL-Ei-LM,bom_deep_7_3_15_5_No1_p10_ao63_am15_2_m10_ao63_am10_4,63,7,SATISFIED,5.3041,59542078.0,40318.59
SAL-Ei-LM,bom_deep_7_3_15_5_No1_p10_ao63_am15_2_m10_ao63_am10_4,63,8,SATISFIED,5.3136,60835123.0,39353.28
SAL-Ei-LM,bom_deep_7_3_15_5_No1_p10_ao63_am15_2_m10_ao63_am10_4,63,9,SATISFIED,5.3011,61272021.0,40555.0
SAL-Ei-LM,bom_deep_7_3_15_5_No1_p10_ao63_am15_2_m10_ao63_am10_4,63,10,SATISFIED,5.3,60655121.0,39306.38
SAL-Ei-LM,bom_deep_7_3_15_5_No1_p10_ao63_am15_2_m10_ao63_am10_5,63,1,SATISFIED,5.2966,137559840.0,40294.0
SAL-Ei-LM,bom_deep_7_3_15_5_No1_p10_ao63_am15_2_m10_ao63_am10_5,63,2,SATISFIED,5.3102,137537240.0,40865.94
SAL-Ei-LM,bom_deep_7_3_15_5_No1_p10_ao63_am15_2_m10_ao63_am10_5,63,3,SATISFIED,5.3988,137563105.0,41161.53
SAL-Ei-LM,bom_deep_7_3_15_5_No1_p10_ao63_am15_2_m10_ao63_am10_5,63,4,SATISFIED,5.2988,137558975.0,38497.69
SAL-Ei-LM,bom_deep_7_3_15_5_No1_p10_ao63_am15_2_m10_ao63_am10_5,63,5,SATISFIED,5.3052,137556363.0,41536.78
SAL-Ei-LM,bom_deep_7_3_15_5_No1_p10_ao63_am15_2_m10_ao63_am10_5,63,6,SATISFIED,5.3012,137548600.0,41278.72
SAL-Ei-LM,bom_deep_7_3_15_5_No1_p10_ao63_am15_2_m10_ao63_am10_5,63,7,SATISFIED,5.3054,137551885.0,40589.62
SAL-Ei-LM,bom_deep_7_3_15_5_No1_p10_ao63_am15_2_m10_ao63_am10_5,63,8,SATISFIED,5.3128,137543450.0,40903.62
SAL-Ei-LM,bom_deep_7_3_15_5_No1_p10_ao63_am15_2_m10_ao63_am10_5,63,9,SATISFIED,5.3192,137549040.0,40477.88
SAL-Ei-LM,bom_deep_7_3_15_5_No1_p10_ao63_am15_2_m10_ao63_am10_5,63,10,SATISFIED,5.3029,137550205.0,41058.06
SAL-Ei-LM,bom_deep_7_3_15_5_No1_p10_ao63_am15_2_m25_ao63_am25_1,63,1,SATISFIED,5.4415,77478186.0,29417.25
SAL-Ei-LM,bom_deep_7_3_15_5_No1_p10_ao63_am15_2_m25_ao63_am25_1,63,2,SATISFIED,5.2963,80412636.0,29676.94
SAL-Ei-LM,bom_deep_7_3_15_5_No1_p10_ao63_am15_2_m25_ao63_am25_1,63,3,SATISFIED,5.2138,77931952.0,32229.78
SAL-Ei-LM,bom_deep_7_3_15_5_No1_p10_ao63_am15_2_m25_ao63_am25_1,63,4,SATISFIED,5.321,79189203.0,32283.59
SAL-Ei-LM,bom_deep_7_3_15_5_No1_p10_ao63_am15_2_m25_ao63_am25_1,63,5,SATISFIED,5.3347,77369790.0,31474.62
SAL-Ei-LM,bom_deep_7_3_15_5_No1_p10_ao63_am15_2_m25_ao63_am25_1,63,6,SATISFIED,5.3281,78343235.0,32078.16
SAL-Ei-LM,bom_deep_7_3_15_5_No1_p10_ao63_am15_2_m25_ao63_am25_1,63,7,SATISFIED,5.3399,77366410.0,31857.91
SAL-Ei-LM,bom_deep_7_3_15_5_No1_p10_ao63_am15_2_m25_ao63_am25_1,63,8,SATISFIED,5.3247,79652390.0,31968.41
SAL-Ei-LM,bom_deep_7_3_15_5_No1_p10_ao63_am15_2_m25_ao63_am25_1,63,9,SATISFIED,5.353,78046850.0,31590.81
SAL-Ei-LM,bom_deep_7_3_15_5_No1_p10_ao63_am15_2_m25_ao63_am25_1,63,10,SATISFIED,5.3227,77893813.0,31489.84
SAL-Ei-LM,bom_deep_7_3_15_5_No1_p10_ao63_am15_2_m25_ao63_am25_2,63,1,SATISFIED,5.307,46324154.0,30937.72
SAL-Ei-LM,bom_deep_7_3_15_5_No1_p10_ao63_am15_2_m25_ao63_am25_2,63,2,SATISFIED,5.2334,46500588.0,31055.31
SAL-Ei-LM,bom_deep_7_3_15_5_No1_p10_ao63_am15_2_m25_ao63_am25_2,63,3,SATISFIED,5.1911,46526281.0,31254.03
SAL-Ei-LM,bom_deep_7_3_15_5_No1_p10_ao63_am15_2_m25_ao63_am25_2,63,4,SATISFIED,5.3068,46984515.0,30447.25
SAL-Ei-LM,bom_deep_7_3_15_5_No1_p10_ao63_am15_2_m25_ao63_am25_2,63,5,SATISFIED,5.4451,46390582.0,30485.12
SAL-Ei-LM,bom_deep_7_3_15_5_No1_p10_ao63_am15_2_m25_ao63_am25_2,63,6,SATISFIED,5.3084,46887888.0,27596.25
SAL-Ei-LM,bom_deep_7_3_15_5_No1_p10_ao63_am15_2_m25_ao63_am25_2,63,7,SATISFIED,5.3431,46587993.0,28321.47
SAL-Ei-LM,bom_deep_7_3_15_5_No1_p10_ao63_am15_2_m25_ao63_am25_2,63,8,SATISFIED,5.3621,47420191.0,29443.88
SAL-Ei-LM,bom_deep_7_3_15_5_No1_p10_ao63_am15_2_m25_ao63_am25_2,63,9,SATISFIED,5.3454,46565962.0,29267.62
SAL-Ei-LM,bom_deep_7_3_15_5_No1_p10_ao63_am15_2_m25_ao63_am25_2,63,10,SATISFIED,5.336,46456051.0,29429.97
SAL-Ei-LM,bom_deep_7_3_15_5_No1_p10_ao63_am15_2_m25_ao63_am25_3,63,1,SATISFIED,5.3374,42488277.0,29608.38
SAL-Ei-LM,bom_deep_7_3_15_5_No1_p10_ao63_am15_2_m25_ao63_am25_3,63,2,SATISFIED,5.4101,42255068.0,29692.06
SAL-Ei-LM,bom_deep_7_3_15_5_No1_p10_ao63_am15_2_m25_ao63_am25_3,63,3,SATISFIED,5.3416,42867128.0,29670.31
SAL-Ei-LM,bom_deep_7_3_15_5_No1_p10_ao63_am15_2_m25_ao63_am25_3,63,4,SATISFIED,5.3544,42275751.0,29852.84
SAL-Ei-LM,bom_deep_7_3_15_5_No1_p10_ao63_am15_2_m25_ao63_am25_3,63,5,SATISFIED,5.3214,43132738.0,30438.91
SAL-Ei-LM,bom_deep_7_3_15_5_No1_p10_ao63_am15_2_m25_ao63_am25_3,63,6,SATISFIED,5.3212,42014801.0,30461.34
SAL-Ei-LM,bom_deep_7_3_15_5_No1_p10_ao63_am15_2_m25_ao63_am25_3,63,7,SATISFIED,5.3478,41987604.0,30636.28
SAL-Ei-LM,bom_deep_7_3_15_5_No1_p10_ao63_am15_2_m25_ao63_am25_3,63,8,SATISFIED,5.3346,42874838.0,30325.53
SAL-Ei-LM,bom_deep_7_3_15_5_No1_p10_ao63_am15_2_m25_ao63_am25_3,63,9,SATISFIED,5.4528,42365838.0,30738.5
SAL-Ei-LM,bom_deep_7_3_15_5_No1_p10_ao63_am15_2_m25_ao63_am25_3,63,10,SATISFIED,5.3369,42344258.0,29033.47
SAL-Ei-LM,bom_deep_7_3_15_5_No1_p10_ao63_am15_2_m25_ao63_am25_4,63,1,SATISFIED,5.2875,17754511.0,30989.56
SAL-Ei-LM,bom_deep_7_3_15_5_No1_p10_ao63_am15_2_m25_ao63_am25_4,63,2,SATISFIED,5.2883,17479840.0,31843.09
SAL-Ei-LM,bom_deep_7_3_15_5_No1_p10_ao63_am15_2_m25_ao63_am25_4,63,3,SATISFIED,5.2893,18249520.0,31928.38
SAL-Ei-LM,bom_deep_7_3_15_5_No1_p10_ao63_am15_2_m25_ao63_am25_4,63,4,SATISFIED,5.2932,18164708.0,30568.78
SAL-Ei-LM,bom_deep_7_3_15_5_No1_p10_ao63_am15_2_m25_ao63_am25_4,63,5,SATISFIED,5.3006,18143380.0,30696.75
SAL-Ei-LM,bom_deep_7_3_15_5_No1_p10_ao63_am15_2_m25_ao63_am25_4,63,6,SATISFIED,5.3949,18223675.0,30263.47
SAL-Ei-LM,bom_deep_7_3_15_5_No1_p10_ao63_am15_2_m25_ao63_am25_4,63,7,SATISFIED,5.2932,17827045.0,30173.59
SAL-Ei-LM,bom_deep_7_3_15_5_No1_p10_ao63_am15_2_m25_ao63_am25_4,63,8,SATISFIED,5.29,17226707.0,31548.88
SAL-Ei-LM,bom_deep_7_3_15_5_No1_p10_ao63_am15_2_m25_ao63_am25_4,63,9,SATISFIED,5.299,17673137.0,31285.78
SAL-Ei-LM,bom_deep_7_3_15_5_No1_p10_ao63_am15_2_m25_ao63_am25_4,63,10,SATISFIED,5.3446,18175229.0,30652.75
SAL-Ei-LM,bom_deep_7_3_15_5_No1_p10_ao63_am15_2_m25_ao63_am25_5,63,1,SATISFIED,5.3152,59104178.0,31156.81
SAL-Ei-LM,bom_deep_7_3_15_5_No1_p10_ao63_am15_2_m25_ao63_am25_5,63,2,SATISFIED,5.3112,60855880.0,31391.88
SAL-Ei-LM,bom_deep_7_3_15_5_No1_p10_ao63_am15_2_m25_ao63_am25_5,63,3,SATISFIED,5.3512,57086023.0,31949.88
SAL-Ei-LM,bom_deep_7_3_15_5_No1_p10_ao63_am15_2_m25_ao63_am25_5,63,4,SATISFIED,5.2888,58542581.0,31740.03
SAL-Ei-LM,bom_deep_7_3_15_5_No1_p10_ao63_am15_2_m25_ao63_am25_5,63,5,SATISFIED,5.313,58514888.0,32384.22
SAL-Ei-LM,bom_deep_7_3_15_5_No1_p10_ao63_am15_2_m25_ao63_am25_5,63,6,SATISFIED,5.3033,60093471.0,30941.47
SAL-Ei-LM,bom_deep_7_3_15_5_No1_p10_ao63_am15_2_m25_ao63_am25_5,63,7,SATISFIED,5.2972,59819196.0,31707.31
SAL-Ei-LM,bom_deep_7_3_15_5_No1_p10_ao63_am15_2_m25_ao63_am25_5,63,8,SATISFIED,5.298,60793222.0,31495.19
SAL-Ei-LM,bom_deep_7_3_15_5_No1_p10_ao63_am15_2_m25_ao63_am25_5,63,9,SATISFIED,5.2208,59775684.0,32475.31
SAL-Ei-LM,bom_deep_7_3_15_5_No1_p10_ao63_am15_2_m25_ao63_am25_5,63,10,SATISFIED,5.2445,59570365.0,31785.22
SAL-Ei-LM,bom_deep_7_3_15_5_No1_p10_ao63_am15_3,63,1,SATISFIED,5.2933,163127410.0,35601.03
SAL-Ei-LM,bom_deep_7_3_15_5_No1_p10_ao63_am15_3,63,2,SATISFIED,5.2956,163231805.0,35987.5
SAL-Ei-LM,bom_deep_7_3_15_5_No1_p10_ao63_am15_3,63,3,SATISFIED,5.2897,163238690.0,36588.84
SAL-Ei-LM,bom_deep_7_3_15_5_No1_p10_ao63_am15_3,63,4,SATISFIED,5.2997,163320595.0,37036.97
SAL-Ei-LM,bom_deep_7_3_15_5_No1_p10_ao63_am15_3,63,5,SATISFIED,5.3043,163218380.0,37479.53
SAL-Ei-LM,bom_deep_7_3_15_5_No1_p10_ao63_am15_3,63,6,SATISFIED,5.31,163273885.0,36265.41
SAL-Ei-LM,bom_deep_7_3_15_5_No1_p10_ao63_am15_3,63,7,SATISFIED,5.29,163242980.0,36768.53
SAL-Ei-LM,bom_deep_7_3_15_5_No1_p10_ao63_am15_3,63,8,SATISFIED,5.2931,163167790.0,35815.16
SAL-Ei-LM,bom_deep_7_3_15_5_No1_p10_ao63_am15_3,63,9,SATISFIED,5.3019,163188355.0,36554.19
SAL-Ei-LM,bom_deep_7_3_15_5_No1_p10_ao63_am15_3,63,10,SATISFIED,5.3022,163247205.0,36600.47
SAL-Ei-LM,bom_deep_7_3_15_5_No1_p10_ao63_am15_3_m10_ao63_am10_1,63,1,SATISFIED,5.3086,141675905.0,41896.84
SAL-Ei-LM,bom_deep_7_3_15_5_No1_p10_ao63_am15_3_m10_ao63_am10_1,63,2,SATISFIED,5.3024,141676085.0,41344.16
SAL-Ei-LM,bom_deep_7_3_15_5_No1_p10_ao63_am15_3_m10_ao63_am10_1,63,3,SATISFIED,5.3157,141674665.0,41745.22
SAL-Ei-LM,bom_deep_7_3_15_5_No1_p10_ao63_am15_3_m10_ao63_am10_1,63,4,SATISFIED,5.3066,141675100.0,42215.12
SAL-Ei-LM,bom_deep_7_3_15_5_No1_p10_ao63_am15_3_m10_ao63_am10_1,63,5,SATISFIED,5.4052,141675130.0,40772.25
SAL-Ei-LM,bom_deep_7_3_15_5_No1_p10_ao63_am15_3_m10_ao63_am10_1,63,6,SATISFIED,5.3197,141674880.0,39546.53
SAL-Ei-LM,bom_deep_7_3_15_5_No1_p10_ao63_am15_3_m10_ao63_am10_1,63,7,SATISFIED,5.3154,141675595.0,40534.38
SAL-Ei-LM,bom_deep_7_3_15_5_No1_p10_ao63_am15_3_m10_ao63_am10_1,63,8,SATISFIED,5.3208,141674800.0,42434.84
SAL-Ei-LM,bom_deep_7_3_15_5_No1_p10_ao63_am15_3_m10_ao63_am10_1,63,9,SATISFIED,5.3301,141675125.0,40665.19
SAL-Ei-LM,bom_deep_7_3_15_5_No1_p10_ao63_am15_3_m10_ao63_am10_1,63,10,SATISFIED,5.3219,141675870.0,41930.31
SAL-Ei-LM,bom_deep_7_3_15_5_No1_p10_ao63_am15_3_m10_ao63_am10_2,63,1,SATISFIED,5.3056,232668740.0,38915.0
SAL-Ei-LM,bom_deep_7_3_15_5_No1_p10_ao63_am15_3_m10_ao63_am10_2,63,2,SATISFIED,5.304,232685968.0,39311.12
SAL-Ei-LM,bom_deep_7_3_15_5_No1_p10_ao63_am15_3_m10_ao63_am10_2,63,3,SATISFIED,5.3883,232655813.0,40038.84
SAL-Ei-LM,bom_deep_7_3_15_5_No1_p10_ao63_am15_3_m10_ao63_am10_2,63,4,SATISFIED,5.2834,232725590.0,39704.84
SAL-Ei-LM,bom_deep_7_3_15_5_No1_p10_ao63_am15_3_m10_ao63_am10_2,63,5,SATISFIED,5.2972,232615198.0,40913.16
SAL-Ei-LM,bom_deep_7_3_15_5_No1_p10_ao63_am15_3_m10_ao63_am10_2,63,6,SATISFIED,5.303,232639815.0,40367.09
SAL-Ei-LM,bom_deep_7_3_15_5_No1_p10_ao63_am15_3_m10_ao63_am10_2,63,7,SATISFIED,5.2995,233470860.0,39519.03
SAL-Ei-LM,bom_deep_7_3_15_5_No1_p10_ao63_am15_3_m10_ao63_am10_2,63,8,SATISFIED,5.3074,232793223.0,40494.19
SAL-Ei-LM,bom_deep_7_3_15_5_No1_p10_ao63_am15_3_m10_ao63_am10_2,63,9,SATISFIED,5.3146,232626095.0,40881.72
SAL-Ei-LM,bom_deep_7_3_15_5_No1_p10_ao63_am15_3_m10_ao63_am10_2,63,10,SATISFIED,5.2943,232642545.0,41301.72
SAL-Ei-LM,bom_deep_7_3_15_5_No1_p10_ao63_am15_3_m10_ao63_am10_3,63,1,SATISFIED,5.4136,152931572.0,37730.47
SAL-Ei-LM,bom_deep_7_3_15_5_No1_p10_ao63_am15_3_m10_ao63_am10_3,63,2,SATISFIED,5.307,151121870.0,35738.06
SAL-Ei-LM,bom_deep_7_3_15_5_No1_p10_ao63_am15_3_m10_ao63_am10_3,63,3,SATISFIED,5.3105,152423155.0,37441.94
SAL-Ei-LM,bom_deep_7_3_15_5_No1_p10_ao63_am15_3_m10_ao63_am10_3,63,4,SATISFIED,5.3174,153503555.0,38573.5
SAL-Ei-LM,bom_deep_7_3_15_5_No1_p10_ao63_am15_3_m10_ao63_am10_3,63,5,SATISFIED,5.3103,152020403.0,38710.81
SAL-Ei-LM,bom_deep_7_3_15_5_No1_p10_ao63_am15_3_m10_ao63_am10_3,63,6,SATISFIED,5.3222,151845306.0,38827.28
SAL-Ei-LM,bom_deep_7_3_15_5_No1_p10_ao63_am15_3_m10_ao63_am10_3,63,7,SATISFIED,5.3145,153555369.0,38712.44
SAL-Ei-LM,bom_deep_7_3_15_5_No1_p10_ao63_am15_3_m10_ao63_am10_3,63,8,SATISFIED,5.362,151531772.0,39181.22
SAL-Ei-LM,bom_deep_7_3_15_5_No1_p10_ao63_am15_3_m10_ao63_am10_3,63,9,SATISFIED,5.3023,151119023.0,38645.09
SAL-Ei-LM,bom_deep_7_3_15_5_No1_p10_ao63_am15_3_m10_ao63_am10_3,63,10,SATISFIED,5.3603,152145310.0,39055.78
SAL-Ei-LM,bom_deep_7_3_15_5_No1_p10_ao63_am15_3_m10_ao63_am10_4,63,1,SATISFIED,5.3007,200545515.0,39224.81
SAL-Ei-LM,bom_deep_7_3_15_5_No1_p10_ao63_am15_3_m10_ao63_am10_4,63,2,SATISFIED,5.3144,200545674.0,39927.5
SAL-Ei-LM,bom_deep_7_3_15_5_No1_p10_ao63_am15_3_m10_ao63_am10_4,63,3,SATISFIED,5.3058,200547699.0,40946.84
SAL-Ei-LM,bom_deep_7_3_15_5_No1_p10_ao63_am15_3_m10_ao63_am10_4,63,4,SATISFIED,5.3023,200547624.0,40568.69
SAL-Ei-LM,bom_deep_7_3_15_5_No1_p10_ao63_am15_3_m10_ao63_am10_4,63,5,SATISFIED,5.3079,200543907.0,40184.25
SAL-Ei-LM,bom_deep_7_3_15_5_No1_p10_ao63_am15_3_m10_ao63_am10_4,63,6,SATISFIED,5.3074,200544880.0,40764.69
SAL-Ei-LM,bom_deep_7_3_15_5_No1_p10_ao63_am15_3_m10_ao63_am10_4,63,7,SATISFIED,5.3038,200548306.0,40691.69
SAL-Ei-LM,bom_deep_7_3_15_5_No1_p10_ao63_am15_3_m10_ao63_am10_4,63,8,SATISFIED,5.3454,200547999.0,41382.31
SAL-Ei-LM,bom_deep_7_3_15_5_No1_p10_ao63_am15_3_m10_ao63_am10_4,63,9,SATISFIED,5.3063,200543757.0,40561.56
SAL-Ei-LM,bom_deep_7_3_15_5_No1_p10_ao63_am15_3_m10_ao63_am10_4,63,10,SATISFIED,5.3109,200545130.0,40916.53
SAL-Ei-LM,bom_deep_7_3_15_5_No1_p10_ao63_am15_3_m10_ao63_am10_5,63,1,SATISFIED,5.301,204911704.0,39385.84
SAL-Ei-LM,bom_deep_7_3_15_5_No1_p10_ao63_am15_3_m10_ao63_am10_5,63,2,SATISFIED,5.3084,205022884.0,39404.78
SAL-Ei-LM,bom_deep_7_3_15_5_No1_p10_ao63_am15_3_m10_ao63_am10_5,63,3,SATISFIED,5.3117,204542470.0,38196.09
SAL-Ei-LM,bom_deep_7_3_15_5_No1_p10_ao63_am15_3_m10_ao63_am10_5,63,4,SATISFIED,5.3053,205047472.0,38877.91
SAL-Ei-LM,bom_deep_7_3_15_5_No1_p10_ao63_am15_3_m10_ao63_am10_5,63,5,SATISFIED,5.3174,204684412.0,39406.5
SAL-Ei-LM,bom_deep_7_3_15_5_No1_p10_ao63_am15_3_m10_ao63_am10_5,63,6,SATISFIED,5.3741,204714214.0,38312.31
SAL-Ei-LM,bom_deep_7_3_15_5_No1_p10_ao63_am15_3_m10_ao63_am10_5,63,7,SATISFIED,5.3047,204670667.0,38178.16
SAL-Ei-LM,bom_deep_7_3_15_5_No1_p10_ao63_am15_3_m10_ao63_am10_5,63,8,SATISFIED,5.3144,204644467.0,38408.53
SAL-Ei-LM,bom_deep_7_3_15_5_No1_p10_ao63_am15_3_m10_ao63_am10_5,63,9,SATISFIED,5.3029,205126623.0,37931.19
SAL-Ei-LM,bom_deep_7_3_15_5_No1_p10_ao63_am15_3_m10_ao63_am10_5,63,10,SATISFIED,5.3084,204665535.0,37635.84
SAL-Ei-LM,bom_deep_7_3_15_5_No1_p10_ao63_am15_3_m25_ao63_am25_1,63,1,SATISFIED,5.319,64919610.0,31776.88
SAL-Ei-LM,bom_deep_7_3_15_5_No1_p10_ao63_am15_3_m25_ao63_am25_1,63,2,SATISFIED,5.3163,65046982.0,32204.12
SAL-Ei-LM,bom_deep_7_3_15_5_No1_p10_ao63_am15_3_m25_ao63_am25_1,63,3,SATISFIED,5.4167,63309262.0,30858.78
SAL-Ei-LM,bom_deep_7_3_15_5_No1_p10_ao63_am15_3_m25_ao63_am25_1,63,4,SATISFIED,5.1775,63461029.0,29363.94
SAL-Ei-LM,bom_deep_7_3_15_5_No1_p10_ao63_am15_3_m25_ao63_am25_1,63,5,SATISFIED,5.2955,64044147.0,30876.25
SAL-Ei-LM,bom_deep_7_3_15_5_No1_p10_ao63_am15_3_m25_ao63_am25_1,63,6,SATISFIED,5.2986,63303031.0,30513.97
SAL-Ei-LM,bom_deep_7_3_15_5_No1_p10_ao63_am15_3_m25_ao63_am25_1,63,7,SATISFIED,5.3023,64641542.0,31933.34
SAL-Ei-LM,bom_deep_7_3_15_5_No1_p10_ao63_am15_3_m25_ao63_am25_1,63,8,SATISFIED,5.3064,64610966.0,31747.03
SAL-Ei-LM,bom_deep_7_3_15_5_No1_p10_ao63_am15_3_m25_ao63_am25_1,63,9,SATISFIED,5.3036,64915830.0,31465.94
SAL-Ei-LM,bom_deep_7_3_15_5_No1_p10_ao63_am15_3_m25_ao63_am25_1,63,10,SATISFIED,5.4471,65110597.0,31334.19
SAL-Ei-LM,bom_deep_7_3_15_5_No1_p10_ao63_am15_3_m25_ao63_am25_2,63,1,SATISFIED,5.2905,88193889.0,29346.31
SAL-Ei-LM,bom_deep_7_3_15_5_No1_p10_ao63_am15_3_m25_ao63_am25_2,63,2,SATISFIED,5.3048,90639183.0,31701.81
SAL-Ei-LM,bom_deep_7_3_15_5_No1_p10_ao63_am15_3_m25_ao63_am25_2,63,3,SATISFIED,5.3028,90013536.0,30970.22
SAL-Ei-LM,bom_deep_7_3_15_5_No1_p10_ao63_am15_3_m25_ao63_am25_2,63,4,SATISFIED,5.3032,91076605.0,31868.12
SAL-Ei-LM,bom_deep_7_3_15_5_No1_p10_ao63_am15_3_m25_ao63_am25_2,63,5,SATISFIED,5.3008,89277270.0,30939.62
SAL-Ei-LM,bom_deep_7_3_15_5_No1_p10_ao63_am15_3_m25_ao63_am25_2,63,6,SATISFIED,5.3067,88980350.0,31017.94
SAL-Ei-LM,bom_deep_7_3_15_5_No1_p10_ao63_am15_3_m25_ao63_am25_2,63,7,SATISFIED,5.3978,91110675.0,30741.75
SAL-Ei-LM,bom_deep_7_3_15_5_No1_p10_ao63_am15_3_m25_ao63_am25_2,63,8,SATISFIED,5.294,91028250.0,28566.12
SAL-Ei-LM,bom_deep_7_3_15_5_No1_p10_ao63_am15_3_m25_ao63_am25_2,63,9,SATISFIED,5.3028,92850590.0,30785.66
SAL-Ei-LM,bom_deep_7_3_15_5_No1_p10_ao63_am15_3_m25_ao63_am25_2,63,10,SATISFIED,5.3034,91094075.0,30910.22
SAL-Ei-LM,bom_deep_7_3_15_5_No1_p10_ao63_am15_3_m25_ao63_am25_3,63,1,SATISFIED,5.293,23507841.0,30839.09
SAL-Ei-LM,bom_deep_7_3_15_5_No1_p10_ao63_am15_3_m25_ao63_am25_3,63,2,SATISFIED,5.2972,24978924.0,30672.75
SAL-Ei-LM,bom_deep_7_3_15_5_No1_p10_ao63_am15_3_m25_ao63_am25_3,63,3,SATISFIED,5.3013,23981869.0,31151.22
SAL-Ei-LM,bom_deep_7_3_15_5_No1_p10_ao63_am15_3_m25_ao63_am25_3,63,4,SATISFIED,5.3817,22802073.0,30282.62
SAL-Ei-LM,bom_deep_7_3_15_5_No1_p10_ao63_am15_3_m25_ao63_am25_3,63,5,SATISFIED,5.2899,24136912.0,29315.47
SAL-Ei-LM,bom_deep_7_3_15_5_No1_p10_ao63_am15_3_m25_ao63_am25_3,63,6,SATISFIED,5.2929,24237261.0,30674.53
SAL-Ei-LM,bom_deep_7_3_15_5_No1_p10_ao63_am15_3_m25_ao63_am25_3,63,7,SATISFIED,5.291,24130612.0,31293.38
SAL-Ei-LM,bom_deep_7_3_15_5_No1_p10_ao63_am15_3_m25_ao63_am25_3,63,8,SATISFIED,5.1766,23942517.0,31668.41
SAL-Ei-LM,bom_deep_7_3_15_5_No1_p10_ao63_am15_3_m25_ao63_am25_3,63,9,SATISFIED,5.2943,24118035.0,31319.16
SAL-Ei-LM,bom_deep_7_3_15_5_No1_p10_ao63_am15_3_m25_ao63_am25_3,63,10,SATISFIED,5.2978,24015462.0,31138.66
SAL-Ei-LM,bom_deep_7_3_15_5_No1_p10_ao63_am15_3_m25_ao63_am25_4,63,1,SATISFIED,5.3352,22490917.0,31068.44
SAL-Ei-LM,bom_deep_7_3_15_5_No1_p10_ao63_am15_3_m25_ao63_am25_4,63,2,SATISFIED,5.2915,22369378.0,30522.12
SAL-Ei-LM,bom_deep_7_3_15_5_No1_p10_ao63_am15_3_m25_ao63_am25_4,63,3,SATISFIED,5.2904,22464725.0,30533.81
SAL-Ei-LM,bom_deep_7_3_15_5_No1_p10_ao63_am15_3_m25_ao63_am25_4,63,4,SATISFIED,5.2907,22488338.0,30835.41
SAL-Ei-LM,bom_deep_7_3_15_5_No1_p10_ao63_am15_3_m25_ao63_am25_4,63,5,SATISFIED,5.2911,22374860.0,31272.34
SAL-Ei-LM,bom_deep_7_3_15_5_No1_p10_ao63_am15_3_m25_ao63_am25_4,63,6,SATISFIED,5.294,22109030.0,31193.38
SAL-Ei-LM,bom_deep_7_3_15_5_No1_p10_ao63_am15_3_m25_ao63_am25_4,63,7,SATISFIED,5.2976,22480421.0,30874.59
SAL-Ei-LM,bom_deep_7_3_15_5_No1_p10_ao63_am15_3_m25_ao63_am25_4,63,8,SATISFIED,5.3325,22627605.0,31100.41
SAL-Ei-LM,bom_deep_7_3_15_5_No1_p10_ao63_am15_3_m25_ao63_am25_4,63,9,SATISFIED,5.2908,22127033.0,30940.25
SAL-Ei-LM,bom_deep_7_3_15_5_No1_p10_ao63_am15_3_m25_ao63_am25_4,63,10,SATISFIED,5.2902,22345776.0,30912.5
SAL-Ei-LM,bom_deep_7_3_15_5_No1_p10_ao63_am15_3_m25_ao63_am25_5,63,1,SATISFIED,5.285,28747364.0,32076.16
SAL-Ei-LM,bom_deep_7_3_15_5_No1_p10_ao63_am15_3_m25_ao63_am25_5,63,2,SATISFIED,5.3293,27810880.0,31268.38
SAL-Ei-LM,bom_deep_7_3_15_5_No1_p10_ao63_am15_3_m25_ao63_am25_5,63,3,SATISFIED,5.3049,28405313.0,31547.53
SAL-Ei-LM,bom_deep_7_3_15_5_No1_p10_ao63_am15_3_m25_ao63_am25_5,63,4,SATISFIED,5.4529,28459454.0,32082.28
SAL-Ei-LM,bom_deep_7_3_15_5_No1_p10_ao63_am15_3_m25_ao63_am25_5,63,5,SATISFIED,5.3083,29250781.0,29609.19
SAL-Ei-LM,bom_deep_7_3_15_5_No1_p10_ao63_am15_3_m25_ao63_am25_5,63,6,SATISFIED,5.316,28699282.0,31817.34
SAL-Ei-LM,bom_deep_7_3_15_5_No1_p10_ao63_am15_3_m25_ao63_am25_5,63,7,SATISFIED,5.302,29086370.0,32519.38
SAL-Ei-LM,bom_deep_7_3_15_5_No1_p10_ao63_am15_3_m25_ao63_am25_5,63,8,SATISFIED,5.3088,28304117.0,31688.94
SAL-Ei-LM,bom_deep_7_3_15_5_No1_p10_ao63_am15_3_m25_ao63_am25_5,63,9,SATISFIED,5.3095,28445003.0,32072.28
SAL-Ei-LM,bom_deep_7_3_15_5_No1_p10_ao63_am15_3_m25_ao63_am25_5,63,10,SATISFIED,5.3089,28538455.0,31581.5
SAL-Ei-LM,bom_deep_7_3_15_5_No1_p10_ao63_am15_4,63,1,SATISFIED,5.4561,106950685.0,36804.25
SAL-Ei-LM,bom_deep_7_3_15_5_No1_p10_ao63_am15_4,63,2,SATISFIED,5.3012,106988260.0,33428.25
SAL-Ei-LM,bom_deep_7_3_15_5_No1_p10_ao63_am15_4,63,3,SATISFIED,5.3057,106928450.0,36812.03
SAL-Ei-LM,bom_deep_7_3_15_5_No1_p10_ao63_am15_4,63,4,SATISFIED,5.3044,106920290.0,37016.75
SAL-Ei-LM,bom_deep_7_3_15_5_No1_p10_ao63_am15_4,63,5,SATISFIED,5.3118,106906805.0,37463.22
SAL-Ei-LM,bom_deep_7_3_15_5_No1_p10_ao63_am15_4,63,6,SATISFIED,5.3009,106921930.0,36198.19
SAL-Ei-LM,bom_deep_7_3_15_5_No1_p10_ao63_am15_4,63,7,SATISFIED,5.3254,106888185.0,36000.69
SAL-Ei-LM,bom_deep_7_3_15_5_No1_p10_ao63_am15_4,63,8,SATISFIED,5.3281,106992740.0,35204.38
SAL-Ei-LM,bom_deep_7_3_15_5_No1_p10_ao63_am15_4,63,9,SATISFIED,5.3871,106950860.0,36542.81
SAL-Ei-LM,bom_deep_7_3_15_5_No1_p10_ao63_am15_4,63,10,SATISFIED,5.2942,106923820.0,35761.69
SAL-Ei-LM,bom_deep_7_3_15_5_No1_p10_ao63_am15_4_m10_ao63_am10_1,63,1,SATISFIED,5.3023,128945109.0,41751.44
SAL-Ei-LM,bom_deep_7_3_15_5_No1_p10_ao63_am15_4_m10_ao63_am10_1,63,2,SATISFIED,5.3052,130020617.0,42152.28
SAL-Ei-LM,bom_deep_7_3_15_5_No1_p10_ao63_am15_4_m10_ao63_am10_1,63,3,SATISFIED,5.314,129897610.0,42020.44
SAL-Ei-LM,bom_deep_7_3_15_5_No1_p10_ao63_am15_4_m10_ao63_am10_1,63,4,SATISFIED,5.2999,129422883.0,40875.16
SAL-Ei-LM,bom_deep_7_3_15_5_No1_p10_ao63_am15_4_m10_ao63_am10_1,63,5,SATISFIED,5.3158,130088818.0,40392.38
SAL-Ei-LM,bom_deep_7_3_15_5_No1_p10_ao63_am15_4_m10_ao63_am10_1,63,6,SATISFIED,5.3337,130019494.0,41010.56
SAL-Ei-LM,bom_deep_7_3_15_5_No1_p10_ao63_am15_4_m10_ao63_am10_1,63,7,SATISFIED,5.4678,129979245.0,41852.56
SAL-Ei-LM,bom_deep_7_3_15_5_No1_p10_ao63_am15_4_m10_ao63_am10_1,63,8,SATISFIED,5.3298,129483775.0,38598.97
SAL-Ei-LM,bom_deep_7_3_15_5_No1_p10_ao63_am15_4_m10_ao63_am10_1,63,9,SATISFIED,5.3269,130377835.0,41217.47
SAL-Ei-LM,bom_deep_7_3_15_5_No1_p10_ao63_am15_4_m10_ao63_am10_1,63,10,SATISFIED,5.2111,129538247.0,40434.06
SAL-Ei-LM,bom_deep_7_3_15_5_No1_p10_ao63_am15_4_m10_ao63_am10_2,63,1,SATISFIED,5.3041,182008920.0,39195.97
SAL-Ei-LM,bom_deep_7_3_15_5_No1_p10_ao63_am15_4_m10_ao63_am10_2,63,2,SATISFIED,5.3157,181260392.0,39501.47
SAL-Ei-LM,bom_deep_7_3_15_5_No1_p10_ao63_am15_4_m10_ao63_am10_2,63,3,SATISFIED,5.2027,182033718.0,39769.56
SAL-Ei-LM,bom_deep_7_3_15_5_No1_p10_ao63_am15_4_m10_ao63_am10_2,63,4,SATISFIED,5.3149,181456345.0,38964.88
SAL-Ei-LM,bom_deep_7_3_15_5_No1_p10_ao63_am15_4_m10_ao63_am10_2,63,5,SATISFIED,5.4856,181986987.0,39524.34
SAL-Ei-LM,bom_deep_7_3_15_5_No1_p10_ao63_am15_4_m10_ao63_am10_2,63,6,SATISFIED,5.3306,181117642.0,36877.38
SAL-Ei-LM,bom_deep_7_3_15_5_No1_p10_ao63_am15_4_m10_ao63_am10_2,63,7,SATISFIED,5.3554,181981869.0,40319.09
SAL-Ei-LM,bom_deep_7_3_15_5_No1_p10_ao63_am15_4_m10_ao63_am10_2,63,8,SATISFIED,5.3372,182059731.0,39445.5
SAL-Ei-LM,bom_deep_7_3_15_5_No1_p10_ao63_am15_4_m10_ao63_am10_2,63,9,SATISFIED,5.3313,181951762.0,39031.38
SAL-Ei-LM,bom_deep_7_3_15_5_No1_p10_ao63_am15_4_m10_ao63_am10_2,63,10,SATISFIED,5.3687,181019610.0,39762.81
SAL-Ei-LM,bom_deep_7_3_15_5_No1_p10_ao63_am15_4_m10_ao63_am10_3,63,1,SATISFIED,5.3297,131499301.0,37884.03
SAL-Ei-LM,bom_deep_7_3_15_5_No1_p10_ao63_am15_4_m10_ao63_am10_3,63,2,SATISFIED,5.3135,131785875.0,39539.25
SAL-Ei-LM,bom_deep_7_3_15_5_No1_p10_ao63_am15_4_m10_ao63_am10_3,63,3,SATISFIED,5.3244,132618794.0,38904.06
SAL-Ei-LM,bom_deep_7_3_15_5_No1_p10_ao63_am15_4_m10_ao63_am10_3,63,4,SATISFIED,5.3279,131795004.0,38914.72
SAL-Ei-LM,bom_deep_7_3_15_5_No1_p10_ao63_am15_4_m10_ao63_am10_3,63,5,SATISFIED,5.2985,131590333.0,39759.03
SAL-Ei-LM,bom_deep_7_3_15_5_No1_p10_ao63_am15_4_m10_ao63_am10_3,63,6,SATISFIED,5.3507,132880937.0,39133.91
SAL-Ei-LM,bom_deep_7_3_15_5_No1_p10_ao63_am15_4_m10_ao63_am10_3,63,7,SATISFIED,5.3048,132370240.0,38915.66
SAL-Ei-LM,bom_deep_7_3_15_5_No1_p10_ao63_am15_4_m10_ao63_am10_3,63,8,SATISFIED,5.3013,132116281.0,38402.97
SAL-Ei-LM,bom_deep_7_3_15_5_No1_p10_ao63_am15_4_m10_ao63_am10_3,63,9,SATISFIED,5.2889,131491181.0,38419.31
SAL-Ei-LM,bom_deep_7_3_15_5_No1_p10_ao63_am15_4_m10_ao63_am10_3,63,10,SATISFIED,5.2948,131526554.0,39170.38
SAL-Ei-LM,bom_deep_7_3_15_5_No1_p10_ao63_am15_4_m10_ao63_am10_4,63,1,SATISFIED,5.3017,117575860.0,39548.56
SAL-Ei-LM,bom_deep_7_3_15_5_No1_p10_ao63_am15_4_m10_ao63_am10_4,63,2,SATISFIED,5.3338,117574535.0,38996.38
SAL-Ei-LM,bom_deep_7_3_15_5_No1_p10_ao63_am15_4_m10_ao63_am10_4,63,3,SATISFIED,5.3078,117732343.0,38763.94
SAL-Ei-LM,bom_deep_7_3_15_5_No1_p10_ao63_am15_4_m10_ao63_am10_4,63,4,SATISFIED,5.3111,117671376.0,37451.22
SAL-Ei-LM,bom_deep_7_3_15_5_No1_p10_ao63_am15_4_m10_ao63_am10_4,63,5,SATISFIED,5.3151,117708554.0,38786.88
SAL-Ei-LM,bom_deep_7_3_15_5_No1_p10_ao63_am15_4_m10_ao63_am10_4,63,6,SATISFIED,5.3107,117535310.0,38019.16
SAL-Ei-LM,bom_deep_7_3_15_5_No1_p10_ao63_am15_4_m10_ao63_am10_4,63,7,SATISFIED,5.3065,117965841.0,38364.47
SAL-Ei-LM,bom_deep_7_3_15_5_No1_p10_ao63_am15_4_m10_ao63_am10_4,63,8,SATISFIED,5.3109,117632691.0,39256.66
SAL-Ei-LM,bom_deep_7_3_15_5_No1_p10_ao63_am15_4_m10_ao63_am10_4,63,9,SATISFIED,5.3133,117667179.0,39676.69
SAL-Ei-LM,bom_deep_7_3_15_5_No1_p10_ao63_am15_4_m10_ao63_am10_4,63,10,SATISFIED,5.3939,117615604.0,41005.88
SAL-Ei-LM,bom_deep_7_3_15_5_No1_p10_ao63_am15_4_m10_ao63_am10_5,63,1,SATISFIED,5.2832,49624487.0,37456.53
SAL-Ei-LM,bom_deep_7_3_15_5_No1_p10_ao63_am15_4_m10_ao63_am10_5,63,2,SATISFIED,5.2966,49686175.0,39498.25
SAL-Ei-LM,bom_deep_7_3_15_5_No1_p10_ao63_am15_4_m10_ao63_am10_5,63,3,SATISFIED,5.1858,49949463.0,39762.28
SAL-Ei-LM,bom_deep_7_3_15_5_No1_p10_ao63_am15_4_m10_ao63_am10_5,63,4,SATISFIED,5.1995,49185227.0,40076.69
SAL-Ei-LM,bom_deep_7_3_15_5_No1_p10_ao63_am15_4_m10_ao63_am10_5,63,5,SATISFIED,5.3097,49374004.0,39420.34
SAL-Ei-LM,bom_deep_7_3_15_5_No1_p10_ao63_am15_4_m10_ao63_am10_5,63,6,SATISFIED,5.3008,49848860.0,38805.12
SAL-Ei-LM,bom_deep_7_3_15_5_No1_p10_ao63_am15_4_m10_ao63_am10_5,63,7,SATISFIED,5.304,49946936.0,38464.0
SAL-Ei-LM,bom_deep_7_3_15_5_No1_p10_ao63_am15_4_m10_ao63_am10_5,63,8,SATISFIED,5.3993,49284470.0,37832.59
SAL-Ei-LM,bom_deep_7_3_15_5_No1_p10_ao63_am15_4_m10_ao63_am10_5,63,9,SATISFIED,5.2995,49746321.0,36374.59
SAL-Ei-LM,bom_deep_7_3_15_5_No1_p10_ao63_am15_4_m10_ao63_am10_5,63,10,SATISFIED,5.3024,49343532.0,37598.66
SAL-Ei-LM,bom_deep_7_3_15_5_No1_p10_ao63_am15_4_m25_ao63_am25_1,63,1,SATISFIED,5.3053,61857892.0,30883.62
SAL-Ei-LM,bom_deep_7_3_15_5_No1_p10_ao63_am15_4_m25_ao63_am25_1,63,2,SATISFIED,5.3058,62597531.0,31942.72
SAL-Ei-LM,bom_deep_7_3_15_5_No1_p10_ao63_am15_4_m25_ao63_am25_1,63,3,SATISFIED,5.303,62312847.0,32139.84
SAL-Ei-LM,bom_deep_7_3_15_5_No1_p10_ao63_am15_4_m25_ao63_am25_1,63,4,SATISFIED,5.2903,62063047.0,31960.62
SAL-Ei-LM,bom_deep_7_3_15_5_No1_p10_ao63_am15_4_m25_ao63_am25_1,63,5,SATISFIED,5.4353,63926771.0,32314.44
SAL-Ei-LM,bom_deep_7_3_15_5_No1_p10_ao63_am15_4_m25_ao63_am25_1,63,6,SATISFIED,5.2865,62099275.0,29977.0
SAL-Ei-LM,bom_deep_7_3_15_5_No1_p10_ao63_am15_4_m25_ao63_am25_1,63,7,SATISFIED,5.2898,61811898.0,31530.47
SAL-Ei-LM,bom_deep_7_3_15_5_No1_p10_ao63_am15_4_m25_ao63_am25_1,63,8,SATISFIED,5.2945,62232512.0,31366.72
SAL-Ei-LM,bom_deep_7_3_15_5_No1_p10_ao63_am15_4_m25_ao63_am25_1,63,9,SATISFIED,5.2925,62677072.0,31651.19
SAL-Ei-LM,bom_deep_7_3_15_5_No1_p10_ao63_am15_4_m25_ao63_am25_1,63,10,SATISFIED,5.2915,63045051.0,31923.53
SAL-Ei-LM,bom_deep_7_3_15_5_No1_p10_ao63_am15_4_m25_ao63_am25_2,63,1,SATISFIED,5.298,60917970.0,31559.47
SAL-Ei-LM,bom_deep_7_3_15_5_No1_p10_ao63_am15_4_m25_ao63_am25_2,63,2,SATISFIED,5.3758,61310267.0,31376.47
SAL-Ei-LM,bom_deep_7_3_15_5_No1_p10_ao63_am15_4_m25_ao63_am25_2,63,3,SATISFIED,5.2815,63147810.0,30329.19
SAL-Ei-LM,bom_deep_7_3_15_5_No1_p10_ao63_am15_4_m25_ao63_am25_2,63,4,SATISFIED,5.2886,63289977.0,31387.09
SAL-Ei-LM,bom_deep_7_3_15_5_No1_p10_ao63_am15_4_m25_ao63_am25_2,63,5,SATISFIED,5.2934,62483025.0,30447.5
SAL-Ei-LM,bom_deep_7_3_15_5_No1_p10_ao63_am15_4_m25_ao63_am25_2,63,6,SATISFIED,5.2921,61092375.0,30904.44
SAL-Ei-LM,bom_deep_7_3_15_5_No1_p10_ao63_am15_4_m25_ao63_am25_2,63,7,SATISFIED,5.2956,61495244.0,30567.94
SAL-Ei-LM,bom_deep_7_3_15_5_No1_p10_ao63_am15_4_m25_ao63_am25_2,63,8,SATISFIED,5.2959,61623645.0,31409.38
SAL-Ei-LM,bom_deep_7_3_15_5_No1_p10_ao63_am15_4_m25_ao63_am25_2,63,9,SATISFIED,5.3792,62205276.0,31423.22
SAL-Ei-LM,bom_deep_7_3_15_5_No1_p10_ao63_am15_4_m25_ao63_am25_2,63,10,SATISFIED,5.2907,62240830.0,30921.91
SAL-Ei-LM,bom_deep_7_3_15_5_No1_p10_ao63_am15_4_m25_ao63_am25_3,63,1,SATISFIED,5.2865,63067115.0,30741.09
SAL-Ei-LM,bom_deep_7_3_15_5_No1_p10_ao63_am15_4_m25_ao63_am25_3,63,2,SATISFIED,5.2924,63834957.0,30292.03
SAL-Ei-LM,bom_deep_7_3_15_5_No1_p10_ao63_am15_4_m25_ao63_am25_3,63,3,SATISFIED,5.291,64589410.0,31504.66
SAL-Ei-LM,bom_deep_7_3_15_5_No1_p10_ao63_am15_4_m25_ao63_am25_3,63,4,SATISFIED,5.2951,64126377.0,31001.69
SAL-Ei-LM,bom_deep_7_3_15_5_No1_p10_ao63_am15_4_m25_ao63_am25_3,63,5,SATISFIED,5.2894,63424857.0,30995.91
SAL-Ei-LM,bom_deep_7_3_15_5_No1_p10_ao63_am15_4_m25_ao63_am25_3,63,6,SATISFIED,5.3429,63655592.0,30749.94
SAL-Ei-LM,bom_deep_7_3_15_5_No1_p10_ao63_am15_4_m25_ao63_am25_3,63,7,SATISFIED,5.2847,65540139.0,30305.69
SAL-Ei-LM,bom_deep_7_3_15_5_No1_p10_ao63_am15_4_m25_ao63_am25_3,63,8,SATISFIED,5.3,64728504.0,31167.16
SAL-Ei-LM,bom_deep_7_3_15_5_No1_p10_ao63_am15_4_m25_ao63_am25_3,63,9,SATISFIED,5.2968,64644254.0,31078.28
SAL-Ei-LM,bom_deep_7_3_15_5_No1_p10_ao63_am15_4_m25_ao63_am25_3,63,10,SATISFIED,5.2976,64663275.0,31311.34
SAL-Ei-LM,bom_deep_7_3_15_5_No1_p10_ao63_am15_4_m25_ao63_am25_4,63,1,SATISFIED,5.2976,46600711.0,31064.91
SAL-Ei-LM,bom_deep_7_3_15_5_No1_p10_ao63_am15_4_m25_ao63_am25_4,63,2,SATISFIED,5.3084,46526915.0,30289.31
SAL-Ei-LM,bom_deep_7_3_15_5_No1_p10_ao63_am15_4_m25_ao63_am25_4,63,3,SATISFIED,5.3396,45831394.0,31432.81
SAL-Ei-LM,bom_deep_7_3_15_5_No1_p10_ao63_am15_4_m25_ao63_am25_4,63,4,SATISFIED,5.2931,46150922.0,30753.84
SAL-Ei-LM,bom_deep_7_3_15_5_No1_p10_ao63_am15_4_m25_ao63_am25_4,63,5,SATISFIED,5.3086,48154040.0,32060.69
SAL-Ei-LM,bom_deep_7_3_15_5_No1_p10_ao63_am15_4_m25_ao63_am25_4,63,6,SATISFIED,5.3122,46696986.0,30992.97
SAL-Ei-LM,bom_deep_7_3_15_5_No1_p10_ao63_am15_4_m25_ao63_am25_4,63,7,SATISFIED,5.2978,46672906.0,31027.03
SAL-Ei-LM,bom_deep_7_3_15_5_No1_p10_ao63_am15_4_m25_ao63_am25_4,63,8,SATISFIED,5.3046,46059976.0,31633.09
SAL-Ei-LM,bom_deep_7_3_15_5_No1_p10_ao63_am15_4_m25_ao63_am25_4,63,9,SATISFIED,5.2971,46664652.0,31288.72
SAL-Ei-LM,bom_deep_7_3_15_5_No1_p10_ao63_am15_4_m25_ao63_am25_4,63,10,SATISFIED,5.3362,46909889.0,31317.19
SAL-Ei-LM,bom_deep_7_3_15_5_No1_p10_ao63_am15_4_m25_ao63_am25_5,63,1,SATISFIED,5.2925,77374299.0,31296.47
SAL-Ei-LM,bom_deep_7_3_15_5_No1_p10_ao63_am15_4_m25_ao63_am25_5,63,2,SATISFIED,5.2989,79306641.0,31891.75
SAL-Ei-LM,bom_deep_7_3_15_5_No1_p10_ao63_am15_4_m25_ao63_am25_5,63,3,SATISFIED,5.3068,78416118.0,32034.22
SAL-Ei-LM,bom_deep_7_3_15_5_No1_p10_ao63_am15_4_m25_ao63_am25_5,63,4,SATISFIED,5.3072,76201819.0,31147.28
SAL-Ei-LM,bom_deep_7_3_15_5_No1_p10_ao63_am15_4_m25_ao63_am25_5,63,5,SATISFIED,5.3129,76821295.0,31091.19
SAL-Ei-LM,bom_deep_7_3_15_5_No1_p10_ao63_am15_4_m25_ao63_am25_5,63,6,SATISFIED,5.4052,78208535.0,31726.72
SAL-Ei-LM,bom_deep_7_3_15_5_No1_p10_ao63_am15_4_m25_ao63_am25_5,63,7,SATISFIED,5.2998,79013490.0,29886.22
SAL-Ei-LM,bom_deep_7_3_15_5_No1_p10_ao63_am15_4_m25_ao63_am25_5,63,8,SATISFIED,5.3221,76563872.0,29799.94
SAL-Ei-LM,bom_deep_7_3_15_5_No1_p10_ao63_am15_4_m25_ao63_am25_5,63,9,SATISFIED,5.1823,77183064.0,31235.56
SAL-Ei-LM,bom_deep_7_3_15_5_No1_p10_ao63_am15_4_m25_ao63_am25_5,63,10,SATISFIED,5.3139,76971691.0,31145.09
SAL-Ei-LM,bom_deep_7_3_15_5_No1_p10_ao63_am15_5,63,1,SATISFIED,5.3045,508174420.0,35611.66
SAL-Ei-LM,bom_deep_7_3_15_5_No1_p10_ao63_am15_5,63,2,SATISFIED,5.3248,507554235.0,36271.97
SAL-Ei-LM,bom_deep_7_3_15_5_No1_p10_ao63_am15_5,63,3,SATISFIED,5.4132,507877785.0,35578.12
SAL-Ei-LM,bom_deep_7_3_15_5_No1_p10_ao63_am15_5,63,4,SATISFIED,5.3055,508120125.0,35149.94
SAL-Ei-LM,bom_deep_7_3_15_5_No1_p10_ao63_am15_5,63,5,SATISFIED,5.3052,507309930.0,36630.78
SAL-Ei-LM,bom_deep_7_3_15_5_No1_p10_ao63_am15_5,63,6,SATISFIED,5.3039,507053435.0,36099.41
SAL-Ei-LM,bom_deep_7_3_15_5_No1_p10_ao63_am15_5,63,7,SATISFIED,5.3107,507800540.0,36493.94
SAL-Ei-LM,bom_deep_7_3_15_5_No1_p10_ao63_am15_5,63,8,SATISFIED,5.3088,507833245.0,34709.22
SAL-Ei-LM,bom_deep_7_3_15_5_No1_p10_ao63_am15_5,63,9,SATISFIED,5.304,507548455.0,35619.69
SAL-Ei-LM,bom_deep_7_3_15_5_No1_p10_ao63_am15_5,63,10,SATISFIED,5.3075,507909765.0,35364.19
SAL-Ei-LM,bom_deep_7_3_15_5_No1_p10_ao63_am15_5_m10_ao63_am10_1,63,1,SATISFIED,5.3672,304937003.0,38895.88
SAL-Ei-LM,bom_deep_7_3_15_5_No1_p10_ao63_am15_5_m10_ao63_am10_1,63,2,SATISFIED,5.2956,304656148.0,39235.59
SAL-Ei-LM,bom_deep_7_3_15_5_No1_p10_ao63_am15_5_m10_ao63_am10_1,63,3,SATISFIED,5.3018,304957635.0,37245.12
SAL-Ei-LM,bom_deep_7_3_15_5_No1_p10_ao63_am15_5_m10_ao63_am10_1,63,4,SATISFIED,5.3053,304824839.0,39380.12
SAL-Ei-LM,bom_deep_7_3_15_5_No1_p10_ao63_am15_5_m10_ao63_am10_1,63,5,SATISFIED,5.3092,305363830.0,39126.34
SAL-Ei-LM,bom_deep_7_3_15_5_No1_p10_ao63_am15_5_m10_ao63_am10_1,63,6,SATISFIED,5.3109,306096945.0,39369.66
SAL-Ei-LM,bom_deep_7_3_15_5_No1_p10_ao63_am15_5_m10_ao63_am10_1,63,7,SATISFIED,5.306,304730845.0,39244.19
SAL-Ei-LM,bom_deep_7_3_15_5_No1_p10_ao63_am15_5_m10_ao63_am10_1,63,8,SATISFIED,5.1799,304699790.0,40208.03
SAL-Ei-LM,bom_deep_7_3_15_5_No1_p10_ao63_am15_5_m10_ao63_am10_1,63,9,SATISFIED,5.3178,305616170.0,40469.91
SAL-Ei-LM,bom_deep_7_3_15_5_No1_p10_ao63_am15_5_m10_ao63_am10_1,63,10,SATISFIED,5.2977,305606607.0,36594.62
SAL-Ei-LM,bom_deep_7_3_15_5_No1_p10_ao63_am15_5_m10_ao63_am10_2,63,1,SATISFIED,5.3024,623846886.0,41475.69
SAL-Ei-LM,bom_deep_7_3_15_5_No1_p10_ao63_am15_5_m10_ao63_am10_2,63,2,SATISFIED,5.311,623846733.0,43187.0
SAL-Ei-LM,bom_deep_7_3_15_5_No1_p10_ao63_am15_5_m10_ao63_am10_2,63,3,SATISFIED,5.3132,623846274.0,42305.5
SAL-Ei-LM,bom_deep_7_3_15_5_No1_p10_ao63_am15_5_m10_ao63_am10_2,63,4,SATISFIED,5.3257,623846064.0,42001.06
SAL-Ei-LM,bom_deep_7_3_15_5_No1_p10_ao63_am15_5_m10_ao63_am10_2,63,5,SATISFIED,5.3254,623846514.0,41199.59
SAL-Ei-LM,bom_deep_7_3_15_5_No1_p10_ao63_am15_5_m10_ao63_am10_2,63,6,SATISFIED,5.31,623847039.0,41555.31
SAL-Ei-LM,bom_deep_7_3_15_5_No1_p10_ao63_am15_5_m10_ao63_am10_2,63,7,SATISFIED,5.3137,623846589.0,41939.59
SAL-Ei-LM,bom_deep_7_3_15_5_No1_p10_ao63_am15_5_m10_ao63_am10_2,63,8,SATISFIED,5.3428,623846589.0,41484.19
SAL-Ei-LM,bom_deep_7_3_15_5_No1_p10_ao63_am15_5_m10_ao63_am10_2,63,9,SATISFIED,5.2986,623846439.0,43362.78
SAL-Ei-LM,bom_deep_7_3_15_5_No1_p10_ao63_am15_5_m10_ao63_am10_2,63,10,SATISFIED,5.3136,623845989.0,41476.84
SAL-Ei-LM,bom_deep_7_3_15_5_No1_p10_ao63_am15_5_m10_ao63_am10_3,63,1,SATISFIED,5.3074,326498747.0,36590.94
SAL-Ei-LM,bom_deep_7_3_15_5_No1_p10_ao63_am15_5_m10_ao63_am10_3,63,2,SATISFIED,5.3111,325639996.0,38093.53
SAL-Ei-LM,bom_deep_7_3_15_5_No1_p10_ao63_am15_5_m10_ao63_am10_3,63,3,SATISFIED,5.304,324244434.0,37213.53
SAL-Ei-LM,bom_deep_7_3_15_5_No1_p10_ao63_am15_5_m10_ao63_am10_3,63,4,SATISFIED,5.3002,322851938.0,37154.38
SAL-Ei-LM,bom_deep_7_3_15_5_No1_p10_ao63_am15_5_m10_ao63_am10_3,63,5,SATISFIED,5.3251,321973100.0,37950.47
SAL-Ei-LM,bom_deep_7_3_15_5_No1_p10_ao63_am15_5_m10_ao63_am10_3,63,6,SATISFIED,5.3766,323469497.0,38006.75
SAL-Ei-LM,bom_deep_7_3_15_5_No1_p10_ao63_am15_5_m10_ao63_am10_3,63,7,SATISFIED,5.3179,324614251.0,37259.94
SAL-Ei-LM,bom_deep_7_3_15_5_No1_p10_ao63_am15_5_m10_ao63_am10_3,63,8,SATISFIED,5.3219,322661013.0,36492.38
SAL-Ei-LM,bom_deep_7_3_15_5_No1_p10_ao63_am15_5_m10_ao63_am10_3,63,9,SATISFIED,5.1769,323442917.0,37228.09
SAL-Ei-LM,bom_deep_7_3_15_5_No1_p10_ao63_am15_5_m10_ao63_am10_3,63,10,SATISFIED,5.1825,325283163.0,37509.94
SAL-Ei-LM,bom_deep_7_3_15_5_No1_p10_ao63_am15_5_m10_ao63_am10_4,63,1,SATISFIED,5.2956,408826836.0,38688.56
SAL-Ei-LM,bom_deep_7_3_15_5_No1_p10_ao63_am15_5_m10_ao63_am10_4,63,2,SATISFIED,5.2017,409001195.0,37780.62
SAL-Ei-LM,bom_deep_7_3_15_5_No1_p10_ao63_am15_5_m10_ao63_am10_4,63,3,SATISFIED,5.3092,409103795.0,38050.28
SAL-Ei-LM,bom_deep_7_3_15_5_No1_p10_ao63_am15_5_m10_ao63_am10_4,63,4,SATISFIED,5.3256,408772271.0,38991.19
SAL-Ei-LM,bom_deep_7_3_15_5_No1_p10_ao63_am15_5_m10_ao63_am10_4,63,5,SATISFIED,5.3028,408642056.0,37301.28
SAL-Ei-LM,bom_deep_7_3_15_5_No1_p10_ao63_am15_5_m10_ao63_am10_4,63,6,SATISFIED,5.3093,408291595.0,38769.88
SAL-Ei-LM,bom_deep_7_3_15_5_No1_p10_ao63_am15_5_m10_ao63_am10_4,63,7,SATISFIED,5.3132,409147563.0,37610.31
SAL-Ei-LM,bom_deep_7_3_15_5_No1_p10_ao63_am15_5_m10_ao63_am10_4,63,8,SATISFIED,5.3264,408583550.0,37687.62
SAL-Ei-LM,bom_deep_7_3_15_5_No1_p10_ao63_am15_5_m10_ao63_am10_4,63,9,SATISFIED,5.3304,410473100.0,38444.75
SAL-Ei-LM,bom_deep_7_3_15_5_No1_p10_ao63_am15_5_m10_ao63_am10_4,63,10,SATISFIED,5.3247,409050533.0,39575.22
SAL-Ei-LM,bom_deep_7_3_15_5_No1_p10_ao63_am15_5_m10_ao63_am10_5,63,1,SATISFIED,5.3346,80664612.0,38514.28
SAL-Ei-LM,bom_deep_7_3_15_5_No1_p10_ao63_am15_5_m10_ao63_am10_5,63,2,SATISFIED,5.4096,81283697.0,39581.22
SAL-Ei-LM,bom_deep_7_3_15_5_No1_p10_ao63_am15_5_m10_ao63_am10_5,63,3,SATISFIED,5.3322,81782433.0,38016.81
SAL-Ei-LM,bom_deep_7_3_15_5_No1_p10_ao63_am15_5_m10_ao63_am10_5,63,4,SATISFIED,5.3323,81506988.0,38598.31
SAL-Ei-LM,bom_deep_7_3_15_5_No1_p10_ao63_am15_5_m10_ao63_am10_5,63,5,SATISFIED,5.355,81701688.0,39065.12
SAL-Ei-LM,bom_deep_7_3_15_5_No1_p10_ao63_am15_5_m10_ao63_am10_5,63,6,SATISFIED,5.3257,82330300.0,40139.34
SAL-Ei-LM,bom_deep_7_3_15_5_No1_p10_ao63_am15_5_m10_ao63_am10_5,63,7,SATISFIED,5.3178,80663290.0,38692.12
SAL-Ei-LM,bom_deep_7_3_15_5_No1_p10_ao63_am15_5_m10_ao63_am10_5,63,8,SATISFIED,5.1988,80984573.0,39533.97
SAL-Ei-LM,bom_deep_7_3_15_5_No1_p10_ao63_am15_5_m10_ao63_am10_5,63,9,SATISFIED,5.3003,82118510.0,39471.53
SAL-Ei-LM,bom_deep_7_3_15_5_No1_p10_ao63_am15_5_m10_ao63_am10_5,63,10,SATISFIED,5.4245,80519268.0,39043.34
SAL-Ei-LM,bom_deep_7_3_15_5_No1_p10_ao63_am15_5_m25_ao63_am24_1,63,1,SATISFIED,5.2959,86453279.0,29964.53
SAL-Ei-LM,bom_deep_7_3_15_5_No1_p10_ao63_am15_5_m25_ao63_am24_1,63,2,SATISFIED,5.3062,84813845.0,32006.88
SAL-Ei-LM,bom_deep_7_3_15_5_No1_p10_ao63_am15_5_m25_ao63_am24_1,63,3,SATISFIED,5.3142,84440869.0,31189.84
SAL-Ei-LM,bom_deep_7_3_15_5_No1_p10_ao63_am15_5_m25_ao63_am24_1,63,4,SATISFIED,5.3014,86572568.0,30840.91
SAL-Ei-LM,bom_deep_7_3_15_5_No1_p10_ao63_am15_5_m25_ao63_am24_1,63,5,SATISFIED,5.3019,85794005.0,31426.0
SAL-Ei-LM,bom_deep_7_3_15_5_No1_p10_ao63_am15_5_m25_ao63_am24_1,63,6,SATISFIED,5.3074,87783006.0,31965.53
SAL-Ei-LM,bom_deep_7_3_15_5_No1_p10_ao63_am15_5_m25_ao63_am24_1,63,7,SATISFIED,5.4253,86361021.0,30917.97
SAL-Ei-LM,bom_deep_7_3_15_5_No1_p10_ao63_am15_5_m25_ao63_am24_1,63,8,SATISFIED,5.2924,84966836.0,31021.34
SAL-Ei-LM,bom_deep_7_3_15_5_No1_p10_ao63_am15_5_m25_ao63_am24_1,63,9,SATISFIED,5.3117,86531633.0,31230.66
SAL-Ei-LM,bom_deep_7_3_15_5_No1_p10_ao63_am15_5_m25_ao63_am24_1,63,10,SATISFIED,5.3048,86345848.0,31179.22
SAL-Ei-LM,bom_deep_7_3_15_5_No1_p10_ao63_am15_5_m25_ao63_am25_2,63,1,SATISFIED,5.303,48172597.0,31012.75
SAL-Ei-LM,bom_deep_7_3_15_5_No1_p10_ao63_am15_5_m25_ao63_am25_2,63,2,SATISFIED,5.3113,47752924.0,30784.69
SAL-Ei-LM,bom_deep_7_3_15_5_No1_p10_ao63_am15_5_m25_ao63_am25_2,63,3,SATISFIED,5.3127,47846280.0,31184.75
SAL-Ei-LM,bom_deep_7_3_15_5_No1_p10_ao63_am15_5_m25_ao63_am25_2,63,4,SATISFIED,5.4361,48012468.0,32071.38
SAL-Ei-LM,bom_deep_7_3_15_5_No1_p10_ao63_am15_5_m25_ao63_am25_2,63,5,SATISFIED,5.347,47910199.0,29140.66
SAL-Ei-LM,bom_deep_7_3_15_5_No1_p10_ao63_am15_5_m25_ao63_am25_2,63,6,SATISFIED,5.3509,47866545.0,30853.75
SAL-Ei-LM,bom_deep_7_3_15_5_No1_p10_ao63_am15_5_m25_ao63_am25_2,63,7,SATISFIED,5.3411,48444559.0,30014.06
SAL-Ei-LM,bom_deep_7_3_15_5_No1_p10_ao63_am15_5_m25_ao63_am25_2,63,8,SATISFIED,5.1968,48016453.0,30594.34
SAL-Ei-LM,bom_deep_7_3_15_5_No1_p10_ao63_am15_5_m25_ao63_am25_2,63,9,SATISFIED,5.3462,48912814.0,29799.44
SAL-Ei-LM,bom_deep_7_3_15_5_No1_p10_ao63_am15_5_m25_ao63_am25_2,63,10,SATISFIED,5.3322,48006164.0,30360.62
SAL-Ei-LM,bom_deep_7_3_15_5_No1_p10_ao63_am15_5_m25_ao63_am25_3,63,1,SATISFIED,5.4225,84354557.0,30630.97
SAL-Ei-LM,bom_deep_7_3_15_5_No1_p10_ao63_am15_5_m25_ao63_am25_3,63,2,SATISFIED,5.3185,84288649.0,30128.31
SAL-Ei-LM,bom_deep_7_3_15_5_No1_p10_ao63_am15_5_m25_ao63_am25_3,63,3,SATISFIED,5.3299,85411635.0,31079.72
SAL-Ei-LM,bom_deep_7_3_15_5_No1_p10_ao63_am15_5_m25_ao63_am25_3,63,4,SATISFIED,5.3283,84771069.0,30422.78
SAL-Ei-LM,bom_deep_7_3_15_5_No1_p10_ao63_am15_5_m25_ao63_am25_3,63,5,SATISFIED,5.3383,84671903.0,30320.5
SAL-Ei-LM,bom_deep_7_3_15_5_No1_p10_ao63_am15_5_m25_ao63_am25_3,63,6,SATISFIED,5.3102,84206646.0,29751.31
SAL-Ei-LM,bom_deep_7_3_15_5_No1_p10_ao63_am15_5_m25_ao63_am25_3,63,7,SATISFIED,5.3014,83701592.0,29606.62
SAL-Ei-LM,bom_deep_7_3_15_5_No1_p10_ao63_am15_5_m25_ao63_am25_3,63,8,SATISFIED,5.4061,83898803.0,30762.44
SAL-Ei-LM,bom_deep_7_3_15_5_No1_p10_ao63_am15_5_m25_ao63_am25_3,63,9,SATISFIED,5.2882,85664367.0,30721.12
SAL-Ei-LM,bom_deep_7_3_15_5_No1_p10_ao63_am15_5_m25_ao63_am25_3,63,10,SATISFIED,5.2949,84656643.0,30910.16
SAL-Ei-LM,bom_deep_7_3_15_5_No1_p10_ao63_am15_5_m25_ao63_am25_4,63,1,SATISFIED,5.3113,170508464.0,30400.72
SAL-Ei-LM,bom_deep_7_3_15_5_No1_p10_ao63_am15_5_m25_ao63_am25_4,63,2,SATISFIED,5.3063,168883199.0,31188.19
SAL-Ei-LM,bom_deep_7_3_15_5_No1_p10_ao63_am15_5_m25_ao63_am25_4,63,3,SATISFIED,5.3159,170007178.0,31104.47
SAL-Ei-LM,bom_deep_7_3_15_5_No1_p10_ao63_am15_5_m25_ao63_am25_4,63,4,SATISFIED,5.3088,169162450.0,30620.66
SAL-Ei-LM,bom_deep_7_3_15_5_No1_p10_ao63_am15_5_m25_ao63_am25_4,63,5,SATISFIED,5.3626,168944864.0,30695.06
SAL-Ei-LM,bom_deep_7_3_15_5_No1_p10_ao63_am15_5_m25_ao63_am25_4,63,6,SATISFIED,5.302,169024298.0,30854.12
SAL-Ei-LM,bom_deep_7_3_15_5_No1_p10_ao63_am15_5_m25_ao63_am25_4,63,7,SATISFIED,5.3057,169820504.0,30771.47
SAL-Ei-LM,bom_deep_7_3_15_5_No1_p10_ao63_am15_5_m25_ao63_am25_4,63,8,SATISFIED,5.1788,167760862.0,29844.44
SAL-Ei-LM,bom_deep_7_3_15_5_No1_p10_ao63_am15_5_m25_ao63_am25_4,63,9,SATISFIED,5.2965,168788233.0,30562.53
SAL-Ei-LM,bom_deep_7_3_15_5_No1_p10_ao63_am15_5_m25_ao63_am25_4,63,10,SATISFIED,5.1882,168581220.0,31887.0
SAL-Ei-LM,bom_deep_7_3_15_5_No1_p10_ao63_am15_5_m25_ao63_am25_5,63,1,SATISFIED,5.3111,108315028.0,31877.59
SAL-Ei-LM,bom_deep_7_3_15_5_No1_p10_ao63_am15_5_m25_ao63_am25_5,63,2,SATISFIED,5.3575,109090182.0,31423.72
SAL-Ei-LM,bom_deep_7_3_15_5_No1_p10_ao63_am15_5_m25_ao63_am25_5,63,3,SATISFIED,5.3068,108467291.0,30882.72
SAL-Ei-LM,bom_deep_7_3_15_5_No1_p10_ao63_am15_5_m25_ao63_am25_5,63,4,SATISFIED,5.3259,107580998.0,30775.78
SAL-Ei-LM,bom_deep_7_3_15_5_No1_p10_ao63_am15_5_m25_ao63_am25_5,63,5,SATISFIED,5.3104,109686705.0,30960.66
SAL-Ei-LM,bom_deep_7_3_15_5_No1_p10_ao63_am15_5_m25_ao63_am25_5,63,6,SATISFIED,5.1938,106021009.0,31208.62
SAL-Ei-LM,bom_deep_7_3_15_5_No1_p10_ao63_am15_5_m25_ao63_am25_5,63,7,SATISFIED,5.3256,107428817.0,31267.88
SAL-Ei-LM,bom_deep_7_3_15_5_No1_p10_ao63_am15_5_m25_ao63_am25_5,63,8,SATISFIED,5.34,108520690.0,30579.69
SAL-Ei-LM,bom_deep_7_3_15_5_No1_p10_ao63_am15_5_m25_ao63_am25_5,63,9,SATISFIED,5.3999,107662774.0,30555.0
SAL-Ei-LM,bom_deep_7_3_15_5_No1_p10_ao63_am15_5_m25_ao63_am25_5,63,10,SATISFIED,5.3321,107632565.0,29212.06
SAL-Ei-LM,bom_deep_7_3_15_5_No1_p20_ao69_am15_1,69,1,SATISFIED,5.332,122522675.0,33834.09
SAL-Ei-LM,bom_deep_7_3_15_5_No1_p20_ao69_am15_1,69,2,SATISFIED,5.3313,122545875.0,35013.22
SAL-Ei-LM,bom_deep_7_3_15_5_No1_p20_ao69_am15_1,69,3,SATISFIED,5.3272,122469040.0,36079.72
SAL-Ei-LM,bom_deep_7_3_15_5_No1_p20_ao69_am15_1,69,4,SATISFIED,5.3439,122590905.0,35812.78
SAL-Ei-LM,bom_deep_7_3_15_5_No1_p20_ao69_am15_1,69,5,SATISFIED,5.3397,122507635.0,35813.62
SAL-Ei-LM,bom_deep_7_3_15_5_No1_p20_ao69_am15_1,69,6,SATISFIED,5.3644,122545785.0,35587.47
SAL-Ei-LM,bom_deep_7_3_15_5_No1_p20_ao69_am15_1,69,7,SATISFIED,5.326,122542685.0,34949.69
SAL-Ei-LM,bom_deep_7_3_15_5_No1_p20_ao69_am15_1,69,8,SATISFIED,5.2279,122512935.0,35451.09
SAL-Ei-LM,bom_deep_7_3_15_5_No1_p20_ao69_am15_1,69,9,SATISFIED,5.3275,122499845.0,35622.16
SAL-Ei-LM,bom_deep_7_3_15_5_No1_p20_ao69_am15_1,69,10,SATISFIED,5.3251,122481270.0,35060.53
SAL-Ei-LM,bom_deep_7_3_15_5_No1_p20_ao69_am15_1_m13_ao69_am13_1,69,1,SATISFIED,5.3293,123284535.0,39792.62
SAL-Ei-LM,bom_deep_7_3_15_5_No1_p20_ao69_am15_1_m13_ao69_am13_1,69,2,SATISFIED,5.3262,123264725.0,40367.16
SAL-Ei-LM,bom_deep_7_3_15_5_No1_p20_ao69_am15_1_m13_ao69_am13_1,69,3,SATISFIED,5.3467,123266580.0,40627.28
SAL-Ei-LM,bom_deep_7_3_15_5_No1_p20_ao69_am15_1_m13_ao69_am13_1,69,4,SATISFIED,5.1877,123267275.0,40363.38
SAL-Ei-LM,bom_deep_7_3_15_5_No1_p20_ao69_am15_1_m13_ao69_am13_1,69,5,SATISFIED,5.3199,123274160.0,39699.44
SAL-Ei-LM,bom_deep_7_3_15_5_No1_p20_ao69_am15_1_m13_ao69_am13_1,69,6,SATISFIED,5.3283,123264495.0,39126.19
SAL-Ei-LM,bom_deep_7_3_15_5_No1_p20_ao69_am15_1_m13_ao69_am13_1,69,7,SATISFIED,5.3238,123271595.0,39650.0
SAL-Ei-LM,bom_deep_7_3_15_5_No1_p20_ao69_am15_1_m13_ao69_am13_1,69,8,SATISFIED,5.3351,123269475.0,40045.09
SAL-Ei-LM,bom_deep_7_3_15_5_No1_p20_ao69_am15_1_m13_ao69_am13_1,69,9,SATISFIED,5.3145,123269975.0,38737.91
SAL-Ei-LM,bom_deep_7_3_15_5_No1_p20_ao69_am15_1_m13_ao69_am13_1,69,10,SATISFIED,5.2864,123272725.0,40407.09
SAL-Ei-LM,bom_deep_7_3_15_5_No1_p20_ao69_am15_1_m13_ao69_am13_2,69,1,SATISFIED,5.3184,151384970.0,34976.41
SAL-Ei-LM,bom_deep_7_3_15_5_No1_p20_ao69_am15_1_m13_ao69_am13_2,69,2,SATISFIED,5.3231,150983300.0,36859.41
SAL-Ei-LM,bom_deep_7_3_15_5_No1_p20_ao69_am15_1_m13_ao69_am13_2,69,3,SATISFIED,5.3182,151380510.0,37055.41
SAL-Ei-LM,bom_deep_7_3_15_5_No1_p20_ao69_am15_1_m13_ao69_am13_2,69,4,SATISFIED,5.3259,152436665.0,37377.69
SAL-Ei-LM,bom_deep_7_3_15_5_No1_p20_ao69_am15_1_m13_ao69_am13_2,69,5,SATISFIED,5.3351,151336995.0,38232.09
SAL-Ei-LM,bom_deep_7_3_15_5_No1_p20_ao69_am15_1_m13_ao69_am13_2,69,6,SATISFIED,5.3351,151678990.0,38088.16
SAL-Ei-LM,bom_deep_7_3_15_5_No1_p20_ao69_am15_1_m13_ao69_am13_2,69,7,SATISFIED,5.3307,152349720.0,34759.31
SAL-Ei-LM,bom_deep_7_3_15_5_No1_p20_ao69_am15_1_m13_ao69_am13_2,69,8,SATISFIED,5.3427,152048893.0,36573.91
SAL-Ei-LM,bom_deep_7_3_15_5_No1_p20_ao69_am15_1_m13_ao69_am13_2,69,9,SATISFIED,5.3151,151394180.0,36752.72
SAL-Ei-LM,bom_deep_7_3_15_5_No1_p20_ao69_am15_1_m13_ao69_am13_2,69,10,SATISFIED,5.3257,151475310.0,36432.69
SAL-Ei-LM,bom_deep_7_3_15_5_No1_p20_ao69_am15_1_m13_ao69_am13_3,69,1,SATISFIED,5.1929,108693610.0,37786.5
SAL-Ei-LM,bom_deep_7_3_15_5_No1_p20_ao69_am15_1_m13_ao69_am13_3,69,2,SATISFIED,5.3204,109652085.0,37658.66
SAL-Ei-LM,bom_deep_7_3_15_5_No1_p20_ao69_am15_1_m13_ao69_am13_3,69,3,SATISFIED,5.3286,108779991.0,39097.44
SAL-Ei-LM,bom_deep_7_3_15_5_No1_p20_ao69_am15_1_m13_ao69_am13_3,69,4,SATISFIED,5.2902,110312750.0,38359.28
SAL-Ei-LM,bom_deep_7_3_15_5_No1_p20_ao69_am15_1_m13_ao69_am13_3,69,5,SATISFIED,5.4127,109847665.0,38738.53
SAL-Ei-LM,bom_deep_7_3_15_5_No1_p20_ao69_am15_1_m13_ao69_am13_3,69,6,SATISFIED,5.334,109023055.0,38115.25
SAL-Ei-LM,bom_deep_7_3_15_5_No1_p20_ao69_am15_1_m13_ao69_am13_3,69,7,SATISFIED,5.3551,109989780.0,38686.28
SAL-Ei-LM,bom_deep_7_3_15_5_No1_p20_ao69_am15_1_m13_ao69_am13_3,69,8,SATISFIED,5.3543,110306710.0,38193.22
SAL-Ei-LM,bom_deep_7_3_15_5_No1_p20_ao69_am15_1_m13_ao69_am13_3,69,9,SATISFIED,5.4042,110503760.0,37841.62
SAL-Ei-LM,bom_deep_7_3_15_5_No1_p20_ao69_am15_1_m13_ao69_am13_3,69,10,SATISFIED,5.329,108829785.0,37605.38
SAL-Ei-LM,bom_deep_7_3_15_5_No1_p20_ao69_am15_1_m13_ao69_am13_4,69,1,SATISFIED,5.3472,60855585.0,36205.84
SAL-Ei-LM,bom_deep_7_3_15_5_No1_p20_ao69_am15_1_m13_ao69_am13_4,69,2,SATISFIED,5.464,60858611.0,36875.5
SAL-Ei-LM,bom_deep_7_3_15_5_No1_p20_ao69_am15_1_m13_ao69_am13_4,69,3,SATISFIED,5.3233,60859250.0,34556.12
SAL-Ei-LM,bom_deep_7_3_15_5_No1_p20_ao69_am15_1_m13_ao69_am13_4,69,4,SATISFIED,5.2953,60857040.0,35689.06
SAL-Ei-LM,bom_deep_7_3_15_5_No1_p20_ao69_am15_1_m13_ao69_am13_4,69,5,SATISFIED,5.3254,60861505.0,36467.94
SAL-Ei-LM,bom_deep_7_3_15_5_No1_p20_ao69_am15_1_m13_ao69_am13_4,69,6,SATISFIED,5.2155,60857545.0,36320.34
SAL-Ei-LM,bom_deep_7_3_15_5_No1_p20_ao69_am15_1_m13_ao69_am13_4,69,7,SATISFIED,5.3446,60864792.0,37010.81
SAL-Ei-LM,bom_deep_7_3_15_5_No1_p20_ao69_am15_1_m13_ao69_am13_4,69,8,SATISFIED,5.3382,60858225.0,36879.59
SAL-Ei-LM,bom_deep_7_3_15_5_No1_p20_ao69_am15_1_m13_ao69_am13_4,69,9,SATISFIED,5.3282,60862037.0,37465.44
SAL-Ei-LM,bom_deep_7_3_15_5_No1_p20_ao69_am15_1_m13_ao69_am13_4,69,10,SATISFIED,5.3145,60865510.0,35624.31
SAL-Ei-LM,bom_deep_7_3_15_5_No1_p20_ao69_am15_1_m13_ao69_am13_5,69,1,SATISFIED,5.3238,95645800.0,36066.19
SAL-Ei-LM,bom_deep_7_3_15_5_No1_p20_ao69_am15_1_m13_ao69_am13_5,69,2,SATISFIED,5.3399,95777553.0,36606.06
SAL-Ei-LM,bom_deep_7_3_15_5_No1_p20_ao69_am15_1_m13_ao69_am13_5,69,3,SATISFIED,5.3316,95926635.0,36286.34
SAL-Ei-LM,bom_deep_7_3_15_5_No1_p20_ao69_am15_1_m13_ao69_am13_5,69,4,SATISFIED,5.3302,95661510.0,36940.34
SAL-Ei-LM,bom_deep_7_3_15_5_No1_p20_ao69_am15_1_m13_ao69_am13_5,69,5,SATISFIED,5.3487,95700072.0,36962.03
SAL-Ei-LM,bom_deep_7_3_15_5_No1_p20_ao69_am15_1_m13_ao69_am13_5,69,6,SATISFIED,5.3239,95764045.0,36071.38
SAL-Ei-LM,bom_deep_7_3_15_5_No1_p20_ao69_am15_1_m13_ao69_am13_5,69,7,SATISFIED,5.3917,95814534.0,36570.94
SAL-Ei-LM,bom_deep_7_3_15_5_No1_p20_ao69_am15_1_m13_ao69_am13_5,69,8,SATISFIED,5.3367,95741402.0,36408.28
SAL-Ei-LM,bom_deep_7_3_15_5_No1_p20_ao69_am15_1_m13_ao69_am13_5,69,9,SATISFIED,5.3356,95959337.0,37802.66
SAL-Ei-LM,bom_deep_7_3_15_5_No1_p20_ao69_am15_1_m13_ao69_am13_5,69,10,SATISFIED,5.3313,95727537.0,36431.31
SAL-Ei-LM,bom_deep_7_3_15_5_No1_p20_ao69_am15_1_m30_ao69_am27_1,69,1,SATISFIED,5.3284,67154577.0,30207.91
SAL-Ei-LM,bom_deep_7_3_15_5_No1_p20_ao69_am15_1_m30_ao69_am27_1,69,2,SATISFIED,5.3288,67500469.0,29993.47
SAL-Ei-LM,bom_deep_7_3_15_5_No1_p20_ao69_am15_1_m30_ao69_am27_1,69,3,SATISFIED,5.3382,67797570.0,30471.66
SAL-Ei-LM,bom_deep_7_3_15_5_No1_p20_ao69_am15_1_m30_ao69_am27_1,69,4,SATISFIED,5.3966,66744165.0,30168.19
SAL-Ei-LM,bom_deep_7_3_15_5_No1_p20_ao69_am15_1_m30_ao69_am27_1,69,5,SATISFIED,5.3284,67202542.0,29924.88
SAL-Ei-LM,bom_deep_7_3_15_5_No1_p20_ao69_am15_1_m30_ao69_am27_1,69,6,SATISFIED,5.3328,67212770.0,30274.53
SAL-Ei-LM,bom_deep_7_3_15_5_No1_p20_ao69_am15_1_m30_ao69_am27_1,69,7,SATISFIED,5.3375,68301958.0,30928.31
SAL-Ei-LM,bom_deep_7_3_15_5_No1_p20_ao69_am15_1_m30_ao69_am27_1,69,8,SATISFIED,5.3127,68965610.0,30963.75
SAL-Ei-LM,bom_deep_7_3_15_5_No1_p20_ao69_am15_1_m30_ao69_am27_1,69,9,SATISFIED,5.3692,68114392.0,30180.81
SAL-Ei-LM,bom_deep_7_3_15_5_No1_p20_ao69_am15_1_m30_ao69_am27_1,69,10,SATISFIED,5.4263,67496685.0,30410.44
SAL-Ei-LM,bom_deep_7_3_15_5_No1_p20_ao69_am15_1_m30_ao69_am27_4,69,1,SATISFIED,5.2543,65148798.0,30635.19
SAL-Ei-LM,bom_deep_7_3_15_5_No1_p20_ao69_am15_1_m30_ao69_am27_4,69,2,SATISFIED,5.3609,65292649.0,29644.22
SAL-Ei-LM,bom_deep_7_3_15_5_No1_p20_ao69_am15_1_m30_ao69_am27_4,69,3,SATISFIED,5.1904,65479835.0,31646.22
SAL-Ei-LM,bom_deep_7_3_15_5_No1_p20_ao69_am15_1_m30_ao69_am27_4,69,4,SATISFIED,5.2771,64761100.0,31263.56
SAL-Ei-LM,bom_deep_7_3_15_5_No1_p20_ao69_am15_1_m30_ao69_am27_4,69,5,SATISFIED,5.3652,65461245.0,30299.47
SAL-Ei-LM,bom_deep_7_3_15_5_No1_p20_ao69_am15_1_m30_ao69_am27_4,69,6,SATISFIED,5.323,65228354.0,30888.22
SAL-Ei-LM,bom_deep_7_3_15_5_No1_p20_ao69_am15_1_m30_ao69_am27_4,69,7,SATISFIED,5.3787,66058999.0,30885.84
SAL-Ei-LM,bom_deep_7_3_15_5_No1_p20_ao69_am15_1_m30_ao69_am27_4,69,8,SATISFIED,5.3263,66199165.0,30966.38
SAL-Ei-LM,bom_deep_7_3_15_5_No1_p20_ao69_am15_1_m30_ao69_am27_4,69,9,SATISFIED,5.3261,66212579.0,30390.75
SAL-Ei-LM,bom_deep_7_3_15_5_No1_p20_ao69_am15_1_m30_ao69_am27_4,69,10,SATISFIED,5.405,65660241.0,30847.56
SAL-Ei-LM,bom_deep_7_3_15_5_No1_p20_ao69_am15_1_m30_ao69_am28_2,69,1,SATISFIED,5.3399,116908310.0,29735.19
SAL-Ei-LM,bom_deep_7_3_15_5_No1_p20_ao69_am15_1_m30_ao69_am28_2,69,2,SATISFIED,5.339,116451060.0,31311.56
SAL-Ei-LM,bom_deep_7_3_15_5_No1_p20_ao69_am15_1_m30_ao69_am28_2,69,3,SATISFIED,5.4019,121779907.0,32225.47
SAL-Ei-LM,bom_deep_7_3_15_5_No1_p20_ao69_am15_1_m30_ao69_am28_2,69,4,SATISFIED,5.3234,117200150.0,30723.47
SAL-Ei-LM,bom_deep_7_3_15_5_No1_p20_ao69_am15_1_m30_ao69_am28_2,69,5,SATISFIED,5.3343,115999670.0,31893.59
SAL-Ei-LM,bom_deep_7_3_15_5_No1_p20_ao69_am15_1_m30_ao69_am28_2,69,6,SATISFIED,5.3529,119529430.0,31348.25
SAL-Ei-LM,bom_deep_7_3_15_5_No1_p20_ao69_am15_1_m30_ao69_am28_2,69,7,SATISFIED,5.3362,115441050.0,31669.94
SAL-Ei-LM,bom_deep_7_3_15_5_No1_p20_ao69_am15_1_m30_ao69_am28_2,69,8,SATISFIED,5.3609,116375865.0,30123.19
SAL-Ei-LM,bom_deep_7_3_15_5_No1_p20_ao69_am15_1_m30_ao69_am28_2,69,9,SATISFIED,5.3501,116831989.0,31287.06
SAL-Ei-LM,bom_deep_7_3_15_5_No1_p20_ao69_am15_1_m30_ao69_am28_2,69,10,SATISFIED,5.3413,117469083.0,31496.56
SAL-Ei-LM,bom_deep_7_3_15_5_No1_p20_ao69_am15_1_m30_ao69_am29_5,69,1,SATISFIED,5.1908,72703273.0,31769.41
SAL-Ei-LM,bom_deep_7_3_15_5_No1_p20_ao69_am15_1_m30_ao69_am29_5,69,2,SATISFIED,5.3336,72417340.0,31193.53
SAL-Ei-LM,bom_deep_7_3_15_5_No1_p20_ao69_am15_1_m30_ao69_am29_5,69,3,SATISFIED,5.3271,70868488.0,31065.19
SAL-Ei-LM,bom_deep_7_3_15_5_No1_p20_ao69_am15_1_m30_ao69_am29_5,69,4,SATISFIED,5.3515,71649541.0,30211.19
SAL-Ei-LM,bom_deep_7_3_15_5_No1_p20_ao69_am15_1_m30_ao69_am29_5,69,5,SATISFIED,5.3477,74327722.0,30152.62
SAL-Ei-LM,bom_deep_7_3_15_5_No1_p20_ao69_am15_1_m30_ao69_am29_5,69,6,SATISFIED,5.4247,71752527.0,30619.22
SAL-Ei-LM,bom_deep_7_3_15_5_No1_p20_ao69_am15_1_m30_ao69_am29_5,69,7,SATISFIED,5.3165,73925252.0,30138.88
SAL-Ei-LM,bom_deep_7_3_15_5_No1_p20_ao69_am15_1_m30_ao69_am29_5,69,8,SATISFIED,5.1899,71537082.0,30969.75
SAL-Ei-LM,bom_deep_7_3_15_5_No1_p20_ao69_am15_1_m30_ao69_am29_5,69,9,SATISFIED,5.1887,72382128.0,31627.12
SAL-Ei-LM,bom_deep_7_3_15_5_No1_p20_ao69_am15_1_m30_ao69_am29_5,69,10,SATISFIED,5.3238,72104615.0,30771.19
SAL-Ei-LM,bom_deep_7_3_15_5_No1_p20_ao69_am15_1_m30_ao69_am30_3,69,1,SATISFIED,5.3224,54735870.0,31480.88
SAL-Ei-LM,bom_deep_7_3_15_5_No1_p20_ao69_am15_1_m30_ao69_am30_3,69,2,SATISFIED,5.4817,52686971.0,30906.06
SAL-Ei-LM,bom_deep_7_3_15_5_No1_p20_ao69_am15_1_m30_ao69_am30_3,69,3,SATISFIED,5.339,53588675.0,28882.47
SAL-Ei-LM,bom_deep_7_3_15_5_No1_p20_ao69_am15_1_m30_ao69_am30_3,69,4,SATISFIED,5.3424,53587312.0,30658.0
SAL-Ei-LM,bom_deep_7_3_15_5_No1_p20_ao69_am15_1_m30_ao69_am30_3,69,5,SATISFIED,5.3497,52955021.0,31562.94
SAL-Ei-LM,bom_deep_7_3_15_5_No1_p20_ao69_am15_1_m30_ao69_am30_3,69,6,SATISFIED,5.3431,53675800.0,31379.5
SAL-Ei-LM,bom_deep_7_3_15_5_No1_p20_ao69_am15_1_m30_ao69_am30_3,69,7,SATISFIED,5.3435,53717380.0,30190.69
SAL-Ei-LM,bom_deep_7_3_15_5_No1_p20_ao69_am15_1_m30_ao69_am30_3,69,8,SATISFIED,5.3355,54202144.0,31368.28
SAL-Ei-LM,bom_deep_7_3_15_5_No1_p20_ao69_am15_1_m30_ao69_am30_3,69,9,SATISFIED,5.4297,52460025.0,30952.44
SAL-Ei-LM,bom_deep_7_3_15_5_No1_p20_ao69_am15_1_m30_ao69_am30_3,69,10,SATISFIED,5.3343,53032551.0,29332.84
SAL-Ei-LM,bom_deep_7_3_15_5_No1_p20_ao69_am15_2,69,1,SATISFIED,5.3327,106499965.0,34404.09
SAL-Ei-LM,bom_deep_7_3_15_5_No1_p20_ao69_am15_2,69,2,SATISFIED,5.3321,107007729.0,34897.56
SAL-Ei-LM,bom_deep_7_3_15_5_No1_p20_ao69_am15_2,69,3,SATISFIED,5.2163,109906691.0,35115.88
SAL-Ei-LM,bom_deep_7_3_15_5_No1_p20_ao69_am15_2,69,4,SATISFIED,5.3345,108584143.0,35110.47
SAL-Ei-LM,bom_deep_7_3_15_5_No1_p20_ao69_am15_2,69,5,SATISFIED,5.3337,109167401.0,33244.47
SAL-Ei-LM,bom_deep_7_3_15_5_No1_p20_ao69_am15_2,69,6,SATISFIED,5.3678,108832069.0,33521.62
SAL-Ei-LM,bom_deep_7_3_15_5_No1_p20_ao69_am15_2,69,7,SATISFIED,5.1803,107548742.0,35378.59
SAL-Ei-LM,bom_deep_7_3_15_5_No1_p20_ao69_am15_2,69,8,SATISFIED,5.3166,107184115.0,34578.62
SAL-Ei-LM,bom_deep_7_3_15_5_No1_p20_ao69_am15_2,69,9,SATISFIED,5.3147,109130269.0,35397.84
SAL-Ei-LM,bom_deep_7_3_15_5_No1_p20_ao69_am15_2,69,10,SATISFIED,5.3231,106696250.0,34546.16
SAL-Ei-LM,bom_deep_7_3_15_5_No1_p20_ao69_am15_2_m13_ao69_am13_1,69,1,SATISFIED,5.2211,326090167.0,42896.72
SAL-Ei-LM,bom_deep_7_3_15_5_No1_p20_ao69_am15_2_m13_ao69_am13_1,69,2,SATISFIED,5.3181,326158224.0,42607.53
SAL-Ei-LM,bom_deep_7_3_15_5_No1_p20_ao69_am15_2_m13_ao69_am13_1,69,3,SATISFIED,5.4073,326565366.0,43001.72
SAL-Ei-LM,bom_deep_7_3_15_5_No1_p20_ao69_am15_2_m13_ao69_am13_1,69,4,SATISFIED,5.3178,326837605.0,41101.62
SAL-Ei-LM,bom_deep_7_3_15_5_No1_p20_ao69_am15_2_m13_ao69_am13_1,69,5,SATISFIED,5.311,316538158.0,42680.34
SAL-Ei-LM,bom_deep_7_3_15_5_No1_p20_ao69_am15_2_m13_ao69_am13_1,69,6,SATISFIED,5.3211,328137460.0,42772.5
SAL-Ei-LM,bom_deep_7_3_15_5_No1_p20_ao69_am15_2_m13_ao69_am13_1,69,7,SATISFIED,5.332,322172235.0,43153.59
SAL-Ei-LM,bom_deep_7_3_15_5_No1_p20_ao69_am15_2_m13_ao69_am13_1,69,8,SATISFIED,5.2628,325074673.0,43507.0
SAL-Ei-LM,bom_deep_7_3_15_5_No1_p20_ao69_am15_2_m13_ao69_am13_1,69,9,SATISFIED,5.3222,327919212.0,43070.06
SAL-Ei-LM,bom_deep_7_3_15_5_No1_p20_ao69_am15_2_m13_ao69_am13_1,69,10,SATISFIED,5.3405,319131874.0,43159.91
SAL-Ei-LM,bom_deep_7_3_15_5_No1_p20_ao69_am15_2_m13_ao69_am13_2,69,1,SATISFIED,5.314,770493119.0,36648.0
SAL-Ei-LM,bom_deep_7_3_15_5_No1_p20_ao69_am15_2_m13_ao69_am13_2,69,2,SATISFIED,5.3192,762846148.0,38566.97
SAL-Ei-LM,bom_deep_7_3_15_5_No1_p20_ao69_am15_2_m13_ao69_am13_2,69,3,SATISFIED,5.3245,765846454.0,38200.66
SAL-Ei-LM,bom_deep_7_3_15_5_No1_p20_ao69_am15_2_m13_ao69_am13_2,69,4,SATISFIED,5.3299,765664087.0,38415.16
SAL-Ei-LM,bom_deep_7_3_15_5_No1_p20_ao69_am15_2_m13_ao69_am13_2,69,5,SATISFIED,5.3196,763039595.0,38323.44
SAL-Ei-LM,bom_deep_7_3_15_5_No1_p20_ao69_am15_2_m13_ao69_am13_2,69,6,SATISFIED,5.3281,763968005.0,38306.62
SAL-Ei-LM,bom_deep_7_3_15_5_No1_p20_ao69_am15_2_m13_ao69_am13_2,69,7,SATISFIED,5.3181,775851577.0,38103.75
SAL-Ei-LM,bom_deep_7_3_15_5_No1_p20_ao69_am15_2_m13_ao69_am13_2,69,8,SATISFIED,5.3961,765210855.0,38146.97
SAL-Ei-LM,bom_deep_7_3_15_5_No1_p20_ao69_am15_2_m13_ao69_am13_2,69,9,SATISFIED,5.3181,766377001.0,37010.19
SAL-Ei-LM,bom_deep_7_3_15_5_No1_p20_ao69_am15_2_m13_ao69_am13_2,69,10,SATISFIED,5.3251,772616457.0,38214.75
SAL-Ei-LM,bom_deep_7_3_15_5_No1_p20_ao69_am15_2_m13_ao69_am13_3,69,1,SATISFIED,5.3381,625832877.0,37593.19
SAL-Ei-LM,bom_deep_7_3_15_5_No1_p20_ao69_am15_2_m13_ao69_am13_3,69,2,SATISFIED,5.3637,625890285.0,38681.78
SAL-Ei-LM,bom_deep_7_3_15_5_No1_p20_ao69_am15_2_m13_ao69_am13_3,69,3,SATISFIED,5.3254,625960369.0,38205.91
SAL-Ei-LM,bom_deep_7_3_15_5_No1_p20_ao69_am15_2_m13_ao69_am13_3,69,4,SATISFIED,5.3267,625891151.0,37810.44
SAL-Ei-LM,bom_deep_7_3_15_5_No1_p20_ao69_am15_2_m13_ao69_am13_3,69,5,SATISFIED,5.4535,625898118.0,36584.56
SAL-Ei-LM,bom_deep_7_3_15_5_No1_p20_ao69_am15_2_m13_ao69_am13_3,69,6,SATISFIED,5.3235,625966493.0,35435.25
SAL-Ei-LM,bom_deep_7_3_15_5_No1_p20_ao69_am15_2_m13_ao69_am13_3,69,7,SATISFIED,5.3289,625850969.0,38295.19
SAL-Ei-LM,bom_deep_7_3_15_5_No1_p20_ao69_am15_2_m13_ao69_am13_3,69,8,SATISFIED,5.3363,625931157.0,38482.53
SAL-Ei-LM,bom_deep_7_3_15_5_No1_p20_ao69_am15_2_m13_ao69_am13_3,69,9,SATISFIED,5.3361,625922796.0,39032.66
SAL-Ei-LM,bom_deep_7_3_15_5_No1_p20_ao69_am15_2_m13_ao69_am13_3,69,10,SATISFIED,5.4014,625819338.0,38244.34
SAL-Ei-LM,bom_deep_7_3_15_5_No1_p20_ao69_am15_2_m13_ao69_am13_4,69,1,SATISFIED,5.354,720375445.0,38396.25
SAL-Ei-LM,bom_deep_7_3_15_5_No1_p20_ao69_am15_2_m13_ao69_am13_4,69,2,SATISFIED,5.4741,720425705.0,39038.22
SAL-Ei-LM,bom_deep_7_3_15_5_No1_p20_ao69_am15_2_m13_ao69_am13_4,69,3,SATISFIED,5.3256,720314480.0,37443.75
SAL-Ei-LM,bom_deep_7_3_15_5_No1_p20_ao69_am15_2_m13_ao69_am13_4,69,4,SATISFIED,5.2331,720641050.0,39878.59
SAL-Ei-LM,bom_deep_7_3_15_5_No1_p20_ao69_am15_2_m13_ao69_am13_4,69,5,SATISFIED,5.3383,720254095.0,40353.12
SAL-Ei-LM,bom_deep_7_3_15_5_No1_p20_ao69_am15_2_m13_ao69_am13_4,69,6,SATISFIED,5.3329,720875650.0,40578.47
SAL-Ei-LM,bom_deep_7_3_15_5_No1_p20_ao69_am15_2_m13_ao69_am13_4,69,7,SATISFIED,5.3651,720353815.0,38396.75
SAL-Ei-LM,bom_deep_7_3_15_5_No1_p20_ao69_am15_2_m13_ao69_am13_4,69,8,SATISFIED,5.3554,720626190.0,36521.94
SAL-Ei-LM,bom_deep_7_3_15_5_No1_p20_ao69_am15_2_m13_ao69_am13_4,69,9,SATISFIED,5.3589,720364180.0,39104.34
SAL-Ei-LM,bom_deep_7_3_15_5_No1_p20_ao69_am15_2_m13_ao69_am13_4,69,10,SATISFIED,5.381,720346739.0,38477.97
SAL-Ei-LM,bom_deep_7_3_15_5_No1_p20_ao69_am15_2_m13_ao69_am13_5,69,1,SATISFIED,5.3409,132236642.0,38183.94
SAL-Ei-LM,bom_deep_7_3_15_5_No1_p20_ao69_am15_2_m13_ao69_am13_5,69,2,SATISFIED,5.3487,136237044.0,38842.94
SAL-Ei-LM,bom_deep_7_3_15_5_No1_p20_ao69_am15_2_m13_ao69_am13_5,69,3,SATISFIED,5.3603,137252001.0,38602.62
SAL-Ei-LM,bom_deep_7_3_15_5_No1_p20_ao69_am15_2_m13_ao69_am13_5,69,4,SATISFIED,5.2576,132102912.0,40345.59
SAL-Ei-LM,bom_deep_7_3_15_5_No1_p20_ao69_am15_2_m13_ao69_am13_5,69,5,SATISFIED,5.3857,136254701.0,38437.5
SAL-Ei-LM,bom_deep_7_3_15_5_No1_p20_ao69_am15_2_m13_ao69_am13_5,69,6,SATISFIED,5.3869,136074379.0,36918.91
SAL-Ei-LM,bom_deep_7_3_15_5_No1_p20_ao69_am15_2_m13_ao69_am13_5,69,7,SATISFIED,5.4255,136000721.0,38098.59
SAL-Ei-LM,bom_deep_7_3_15_5_No1_p20_ao69_am15_2_m13_ao69_am13_5,69,8,SATISFIED,5.3246,132772022.0,37980.81
SAL-Ei-LM,bom_deep_7_3_15_5_No1_p20_ao69_am15_2_m13_ao69_am13_5,69,9,SATISFIED,5.3292,134289589.0,38660.12
SAL-Ei-LM,bom_deep_7_3_15_5_No1_p20_ao69_am15_2_m13_ao69_am13_5,69,10,SATISFIED,5.3251,135810159.0,38799.47
SAL-Ei-LM,bom_deep_7_3_15_5_No1_p20_ao69_am15_2_m30_ao69_am27_1,69,1,SATISFIED,5.3252,373058868.0,31043.69
SAL-Ei-LM,bom_deep_7_3_15_5_No1_p20_ao69_am15_2_m30_ao69_am27_1,69,2,SATISFIED,5.3138,375423614.0,31599.41
SAL-Ei-LM,bom_deep_7_3_15_5_No1_p20_ao69_am15_2_m30_ao69_am27_1,69,3,SATISFIED,5.2306,372131017.0,32014.62
SAL-Ei-LM,bom_deep_7_3_15_5_No1_p20_ao69_am15_2_m30_ao69_am27_1,69,4,SATISFIED,5.3849,371448657.0,31314.81
SAL-Ei-LM,bom_deep_7_3_15_5_No1_p20_ao69_am15_2_m30_ao69_am27_1,69,5,SATISFIED,5.3189,373519642.0,30203.81
SAL-Ei-LM,bom_deep_7_3_15_5_No1_p20_ao69_am15_2_m30_ao69_am27_1,69,6,SATISFIED,5.3253,373924278.0,31200.16
SAL-Ei-LM,bom_deep_7_3_15_5_No1_p20_ao69_am15_2_m30_ao69_am27_1,69,7,SATISFIED,5.3259,379382108.0,31100.25
SAL-Ei-LM,bom_deep_7_3_15_5_No1_p20_ao69_am15_2_m30_ao69_am27_1,69,8,SATISFIED,5.3282,374331128.0,30647.94
SAL-Ei-LM,bom_deep_7_3_15_5_No1_p20_ao69_am15_2_m30_ao69_am27_1,69,9,SATISFIED,5.322,373556313.0,31074.78
SAL-Ei-LM,bom_deep_7_3_15_5_No1_p20_ao69_am15_2_m30_ao69_am27_1,69,10,SATISFIED,5.4752,374155385.0,30408.75
SAL-Ei-LM,bom_deep_7_3_15_5_No1_p20_ao69_am15_2_m30_ao69_am27_5,69,1,SATISFIED,5.3156,288062294.0,28105.56
SAL-Ei-LM,bom_deep_7_3_15_5_No1_p20_ao69_am15_2_m30_ao69_am27_5,69,2,SATISFIED,5.3247,287110617.0,30493.62
SAL-Ei-LM,bom_deep_7_3_15_5_No1_p20_ao69_am15_2_m30_ao69_am27_5,69,3,SATISFIED,5.322,285692489.0,30973.69
SAL-Ei-LM,bom_deep_7_3_15_5_No1_p20_ao69_am15_2_m30_ao69_am27_5,69,4,SATISFIED,5.3401,289057947.0,30785.69
SAL-Ei-LM,bom_deep_7_3_15_5_No1_p20_ao69_am15_2_m30_ao69_am27_5,69,5,SATISFIED,5.3242,288757491.0,30687.72
SAL-Ei-LM,bom_deep_7_3_15_5_No1_p20_ao69_am15_2_m30_ao69_am27_5,69,6,SATISFIED,5.3228,288467423.0,30812.62
SAL-Ei-LM,bom_deep_7_3_15_5_No1_p20_ao69_am15_2_m30_ao69_am27_5,69,7,SATISFIED,5.3825,288156395.0,30448.0
SAL-Ei-LM,bom_deep_7_3_15_5_No1_p20_ao69_am15_2_m30_ao69_am27_5,69,8,SATISFIED,5.2651,289057120.0,30792.44
SAL-Ei-LM,bom_deep_7_3_15_5_No1_p20_ao69_am15_2_m30_ao69_am27_5,69,9,SATISFIED,5.3239,287555960.0,30879.38
SAL-Ei-LM,bom_deep_7_3_15_5_No1_p20_ao69_am15_2_m30_ao69_am27_5,69,10,SATISFIED,5.3295,286172648.0,30685.38
SAL-Ei-LM,bom_deep_7_3_15_5_No1_p20_ao69_am15_2_m30_ao69_am28_2,69,1,SATISFIED,5.313,87556193.0,30879.09
SAL-Ei-LM,bom_deep_7_3_15_5_No1_p20_ao69_am15_2_m30_ao69_am28_2,69,2,SATISFIED,5.3218,87686605.0,30719.94
SAL-Ei-LM,bom_deep_7_3_15_5_No1_p20_ao69_am15_2_m30_ao69_am28_2,69,3,SATISFIED,5.4246,89709051.0,30522.59
SAL-Ei-LM,bom_deep_7_3_15_5_No1_p20_ao69_am15_2_m30_ao69_am28_2,69,4,SATISFIED,5.3172,90245441.0,29518.09
SAL-Ei-LM,bom_deep_7_3_15_5_No1_p20_ao69_am15_2_m30_ao69_am28_2,69,5,SATISFIED,5.3316,91982052.0,30593.25
SAL-Ei-LM,bom_deep_7_3_15_5_No1_p20_ao69_am15_2_m30_ao69_am28_2,69,6,SATISFIED,5.3459,91946754.0,29663.22
SAL-Ei-LM,bom_deep_7_3_15_5_No1_p20_ao69_am15_2_m30_ao69_am28_2,69,7,SATISFIED,5.329,91167543.0,29557.69
SAL-Ei-LM,bom_deep_7_3_15_5_No1_p20_ao69_am15_2_m30_ao69_am28_2,69,8,SATISFIED,5.3264,89108733.0,30016.44
SAL-Ei-LM,bom_deep_7_3_15_5_No1_p20_ao69_am15_2_m30_ao69_am28_2,69,9,SATISFIED,5.3341,91276125.0,29981.78
SAL-Ei-LM,bom_deep_7_3_15_5_No1_p20_ao69_am15_2_m30_ao69_am28_2,69,10,SATISFIED,5.3636,91268931.0,29763.31
SAL-Ei-LM,bom_deep_7_3_15_5_No1_p20_ao69_am15_2_m30_ao69_am28_3,69,1,SATISFIED,5.1961,273134913.0,29989.53
SAL-Ei-LM,bom_deep_7_3_15_5_No1_p20_ao69_am15_2_m30_ao69_am28_3,69,2,SATISFIED,5.1902,273686201.0,31111.22
SAL-Ei-LM,bom_deep_7_3_15_5_No1_p20_ao69_am15_2_m30_ao69_am28_3,69,3,SATISFIED,5.3283,269182726.0,31134.09
SAL-Ei-LM,bom_deep_7_3_15_5_No1_p20_ao69_am15_2_m30_ao69_am28_3,69,4,SATISFIED,5.3326,272540972.0,30353.0
SAL-Ei-LM,bom_deep_7_3_15_5_No1_p20_ao69_am15_2_m30_ao69_am28_3,69,5,SATISFIED,5.3293,272579643.0,30015.28
SAL-Ei-LM,bom_deep_7_3_15_5_No1_p20_ao69_am15_2_m30_ao69_am28_3,69,6,SATISFIED,5.3541,272869960.0,30077.03
SAL-Ei-LM,bom_deep_7_3_15_5_No1_p20_ao69_am15_2_m30_ao69_am28_3,69,7,SATISFIED,5.3282,272840606.0,28594.66
SAL-Ei-LM,bom_deep_7_3_15_5_No1_p20_ao69_am15_2_m30_ao69_am28_3,69,8,SATISFIED,5.1891,272012781.0,30536.78
SAL-Ei-LM,bom_deep_7_3_15_5_No1_p20_ao69_am15_2_m30_ao69_am28_3,69,9,SATISFIED,5.3321,272215887.0,31389.72
SAL-Ei-LM,bom_deep_7_3_15_5_No1_p20_ao69_am15_2_m30_ao69_am28_3,69,10,SATISFIED,5.3324,272813020.0,30778.62
SAL-Ei-LM,bom_deep_7_3_15_5_No1_p20_ao69_am15_2_m30_ao69_am29_4,69,1,SATISFIED,5.3377,516920105.0,29930.94
SAL-Ei-LM,bom_deep_7_3_15_5_No1_p20_ao69_am15_2_m30_ao69_am29_4,69,2,SATISFIED,5.3303,514960801.0,30408.91
SAL-Ei-LM,bom_deep_7_3_15_5_No1_p20_ao69_am15_2_m30_ao69_am29_4,69,3,SATISFIED,5.4001,516191772.0,30305.03
SAL-Ei-LM,bom_deep_7_3_15_5_No1_p20_ao69_am15_2_m30_ao69_am29_4,69,4,SATISFIED,5.3311,518436551.0,29795.88
SAL-Ei-LM,bom_deep_7_3_15_5_No1_p20_ao69_am15_2_m30_ao69_am29_4,69,5,SATISFIED,5.3344,517663944.0,31013.47
SAL-Ei-LM,bom_deep_7_3_15_5_No1_p20_ao69_am15_2_m30_ao69_am29_4,69,6,SATISFIED,5.3341,515968887.0,31364.84
SAL-Ei-LM,bom_deep_7_3_15_5_No1_p20_ao69_am15_2_m30_ao69_am29_4,69,7,SATISFIED,5.3237,518811968.0,30869.97
SAL-Ei-LM,bom_deep_7_3_15_5_No1_p20_ao69_am15_2_m30_ao69_am29_4,69,8,SATISFIED,5.1941,515070162.0,31474.31
SAL-Ei-LM,bom_deep_7_3_15_5_No1_p20_ao69_am15_2_m30_ao69_am29_4,69,9,SATISFIED,5.4775,517549443.0,31185.22
SAL-Ei-LM,bom_deep_7_3_15_5_No1_p20_ao69_am15_2_m30_ao69_am29_4,69,10,SATISFIED,5.3238,522375690.0,29418.34
SAL-Ei-LM,bom_deep_7_3_15_5_No1_p20_ao69_am15_3,69,1,SATISFIED,5.3313,141829243.0,35279.81
SAL-Ei-LM,bom_deep_7_3_15_5_No1_p20_ao69_am15_3,69,2,SATISFIED,5.3478,141594867.0,35497.44
SAL-Ei-LM,bom_deep_7_3_15_5_No1_p20_ao69_am15_3,69,3,SATISFIED,5.3409,141507441.0,35718.94
SAL-Ei-LM,bom_deep_7_3_15_5_No1_p20_ao69_am15_3,69,4,SATISFIED,5.3337,141674600.0,36122.84
SAL-Ei-LM,bom_deep_7_3_15_5_No1_p20_ao69_am15_3,69,5,SATISFIED,5.3421,141580082.0,34509.66
SAL-Ei-LM,bom_deep_7_3_15_5_No1_p20_ao69_am15_3,69,6,SATISFIED,5.3304,141566523.0,34974.88
SAL-Ei-LM,bom_deep_7_3_15_5_No1_p20_ao69_am15_3,69,7,SATISFIED,5.3799,141782755.0,35352.03
SAL-Ei-LM,bom_deep_7_3_15_5_No1_p20_ao69_am15_3,69,8,SATISFIED,5.3371,141830325.0,35522.31
SAL-Ei-LM,bom_deep_7_3_15_5_No1_p20_ao69_am15_3,69,9,SATISFIED,5.3372,141684111.0,35771.78
SAL-Ei-LM,bom_deep_7_3_15_5_No1_p20_ao69_am15_3,69,10,SATISFIED,5.3327,141509988.0,36174.78
SAL-Ei-LM,bom_deep_7_3_15_5_No1_p20_ao69_am15_3_m13_ao69_am13_1,69,1,SATISFIED,5.1847,98516025.0,41361.44
SAL-Ei-LM,bom_deep_7_3_15_5_No1_p20_ao69_am15_3_m13_ao69_am13_1,69,2,SATISFIED,5.3311,98194455.0,40955.16
SAL-Ei-LM,bom_deep_7_3_15_5_No1_p20_ao69_am15_3_m13_ao69_am13_1,69,3,SATISFIED,5.3284,98528095.0,39107.69
SAL-Ei-LM,bom_deep_7_3_15_5_No1_p20_ao69_am15_3_m13_ao69_am13_1,69,4,SATISFIED,5.375,98712330.0,39971.03
SAL-Ei-LM,bom_deep_7_3_15_5_No1_p20_ao69_am15_3_m13_ao69_am13_1,69,5,SATISFIED,5.3334,98540480.0,38518.62
SAL-Ei-LM,bom_deep_7_3_15_5_No1_p20_ao69_am15_3_m13_ao69_am13_1,69,6,SATISFIED,5.3941,98735810.0,39614.38
SAL-Ei-LM,bom_deep_7_3_15_5_No1_p20_ao69_am15_3_m13_ao69_am13_1,69,7,SATISFIED,5.3406,96965690.0,40744.22
SAL-Ei-LM,bom_deep_7_3_15_5_No1_p20_ao69_am15_3_m13_ao69_am13_1,69,8,SATISFIED,5.3349,96671870.0,41794.78
SAL-Ei-LM,bom_deep_7_3_15_5_No1_p20_ao69_am15_3_m13_ao69_am13_1,69,9,SATISFIED,5.3349,98592765.0,39750.81
SAL-Ei-LM,bom_deep_7_3_15_5_No1_p20_ao69_am15_3_m13_ao69_am13_1,69,10,SATISFIED,5.336,98590310.0,40694.38
SAL-Ei-LM,bom_deep_7_3_15_5_No1_p20_ao69_am15_3_m13_ao69_am13_2,69,1,SATISFIED,5.416,243604280.0,37522.12
SAL-Ei-LM,bom_deep_7_3_15_5_No1_p20_ao69_am15_3_m13_ao69_am13_2,69,2,SATISFIED,5.3488,243639635.0,37098.06
SAL-Ei-LM,bom_deep_7_3_15_5_No1_p20_ao69_am15_3_m13_ao69_am13_2,69,3,SATISFIED,5.3414,243608725.0,38995.41
SAL-Ei-LM,bom_deep_7_3_15_5_No1_p20_ao69_am15_3_m13_ao69_am13_2,69,4,SATISFIED,5.3496,243608610.0,38429.66
SAL-Ei-LM,bom_deep_7_3_15_5_No1_p20_ao69_am15_3_m13_ao69_am13_2,69,5,SATISFIED,5.339,243607845.0,38002.72
SAL-Ei-LM,bom_deep_7_3_15_5_No1_p20_ao69_am15_3_m13_ao69_am13_2,69,6,SATISFIED,5.3283,243601380.0,39117.72
SAL-Ei-LM,bom_deep_7_3_15_5_No1_p20_ao69_am15_3_m13_ao69_am13_2,69,7,SATISFIED,5.3423,243614938.0,38673.22
SAL-Ei-LM,bom_deep_7_3_15_5_No1_p20_ao69_am15_3_m13_ao69_am13_2,69,8,SATISFIED,5.5197,243578432.0,38716.34
SAL-Ei-LM,bom_deep_7_3_15_5_No1_p20_ao69_am15_3_m13_ao69_am13_2,69,9,SATISFIED,5.3537,243590123.0,35712.03
SAL-Ei-LM,bom_deep_7_3_15_5_No1_p20_ao69_am15_3_m13_ao69_am13_2,69,10,SATISFIED,5.3462,243611285.0,39224.81
SAL-Ei-LM,bom_deep_7_3_15_5_No1_p20_ao69_am15_3_m13_ao69_am13_3,69,1,SATISFIED,5.3415,198313605.0,36282.91
SAL-Ei-LM,bom_deep_7_3_15_5_No1_p20_ao69_am15_3_m13_ao69_am13_3,69,2,SATISFIED,5.3466,198454050.0,37049.97
SAL-Ei-LM,bom_deep_7_3_15_5_No1_p20_ao69_am15_3_m13_ao69_am13_3,69,3,SATISFIED,5.3296,198531425.0,36744.38
SAL-Ei-LM,bom_deep_7_3_15_5_No1_p20_ao69_am15_3_m13_ao69_am13_3,69,4,SATISFIED,5.3144,198316395.0,36086.12
SAL-Ei-LM,bom_deep_7_3_15_5_No1_p20_ao69_am15_3_m13_ao69_am13_3,69,5,SATISFIED,5.3302,198392410.0,36400.06
SAL-Ei-LM,bom_deep_7_3_15_5_No1_p20_ao69_am15_3_m13_ao69_am13_3,69,6,SATISFIED,5.3748,197993505.0,37276.31
SAL-Ei-LM,bom_deep_7_3_15_5_No1_p20_ao69_am15_3_m13_ao69_am13_3,69,7,SATISFIED,5.3264,198350060.0,35992.41
SAL-Ei-LM,bom_deep_7_3_15_5_No1_p20_ao69_am15_3_m13_ao69_am13_3,69,8,SATISFIED,5.3229,198365672.0,37148.34
SAL-Ei-LM,bom_deep_7_3_15_5_No1_p20_ao69_am15_3_m13_ao69_am13_3,69,9,SATISFIED,5.3244,198470557.0,37503.12
SAL-Ei-LM,bom_deep_7_3_15_5_No1_p20_ao69_am15_3_m13_ao69_am13_3,69,10,SATISFIED,5.3325,198622543.0,36353.16
SAL-Ei-LM,bom_deep_7_3_15_5_No1_p20_ao69_am15_3_m13_ao69_am13_4,69,1,SATISFIED,5.3208,188546008.0,38917.75
SAL-Ei-LM,bom_deep_7_3_15_5_No1_p20_ao69_am15_3_m13_ao69_am13_4,69,2,SATISFIED,5.3199,188712495.0,39439.28
SAL-Ei-LM,bom_deep_7_3_15_5_No1_p20_ao69_am15_3_m13_ao69_am13_4,69,3,SATISFIED,5.3861,187635310.0,38770.16
SAL-Ei-LM,bom_deep_7_3_15_5_No1_p20_ao69_am15_3_m13_ao69_am13_4,69,4,SATISFIED,5.3166,185868485.0,38433.16
SAL-Ei-LM,bom_deep_7_3_15_5_No1_p20_ao69_am15_3_m13_ao69_am13_4,69,5,SATISFIED,5.3167,186249385.0,39036.03
SAL-Ei-LM,bom_deep_7_3_15_5_No1_p20_ao69_am15_3_m13_ao69_am13_4,69,6,SATISFIED,5.3121,187048950.0,39873.69
SAL-Ei-LM,bom_deep_7_3_15_5_No1_p20_ao69_am15_3_m13_ao69_am13_4,69,7,SATISFIED,5.3187,185445335.0,39602.41
SAL-Ei-LM,bom_deep_7_3_15_5_No1_p20_ao69_am15_3_m13_ao69_am13_4,69,8,SATISFIED,5.3201,189577563.0,39377.47
SAL-Ei-LM,bom_deep_7_3_15_5_No1_p20_ao69_am15_3_m13_ao69_am13_4,69,9,SATISFIED,5.3122,189518820.0,39409.56
SAL-Ei-LM,bom_deep_7_3_15_5_No1_p20_ao69_am15_3_m13_ao69_am13_4,69,10,SATISFIED,5.4814,186022190.0,39875.0
SAL-Ei-LM,bom_deep_7_3_15_5_No1_p20_ao69_am15_3_m13_ao69_am13_5,69,1,SATISFIED,5.3364,102971690.0,35416.19
SAL-Ei-LM,bom_deep_7_3_15_5_No1_p20_ao69_am15_3_m13_ao69_am13_5,69,2,SATISFIED,5.3451,103228523.0,38680.59
SAL-Ei-LM,bom_deep_7_3_15_5_No1_p20_ao69_am15_3_m13_ao69_am13_5,69,3,SATISFIED,5.3294,103099555.0,38705.38
SAL-Ei-LM,bom_deep_7_3_15_5_No1_p20_ao69_am15_3_m13_ao69_am13_5,69,4,SATISFIED,5.3249,103066609.0,39707.5
SAL-Ei-LM,bom_deep_7_3_15_5_No1_p20_ao69_am15_3_m13_ao69_am13_5,69,5,SATISFIED,5.3354,103106577.0,38582.78
SAL-Ei-LM,bom_deep_7_3_15_5_No1_p20_ao69_am15_3_m13_ao69_am13_5,69,6,SATISFIED,5.3394,103119244.0,38073.22
SAL-Ei-LM,bom_deep_7_3_15_5_No1_p20_ao69_am15_3_m13_ao69_am13_5,69,7,SATISFIED,5.3353,103062705.0,37786.16
SAL-Ei-LM,bom_deep_7_3_15_5_No1_p20_ao69_am15_3_m13_ao69_am13_5,69,8,SATISFIED,5.3614,103078801.0,38705.84
SAL-Ei-LM,bom_deep_7_3_15_5_No1_p20_ao69_am15_3_m13_ao69_am13_5,69,9,SATISFIED,5.3121,103020835.0,37649.62
SAL-Ei-LM,bom_deep_7_3_15_5_No1_p20_ao69_am15_3_m13_ao69_am13_5,69,10,SATISFIED,5.331,103049965.0,38568.41
SAL-Ei-LM,bom_deep_7_3_15_5_No1_p20_ao69_am15_3_m30_ao69_am27_1,69,1,SATISFIED,5.1898,68827163.0,31549.81
SAL-Ei-LM,bom_deep_7_3_15_5_No1_p20_ao69_am15_3_m30_ao69_am27_1,69,2,SATISFIED,5.3173,68381232.0,31099.22
SAL-Ei-LM,bom_deep_7_3_15_5_No1_p20_ao69_am15_3_m30_ao69_am27_1,69,3,SATISFIED,5.3266,69629538.0,31349.97
SAL-Ei-LM,bom_deep_7_3_15_5_No1_p20_ao69_am15_3_m30_ao69_am27_1,69,4,SATISFIED,5.426,68827716.0,31055.53
SAL-Ei-LM,bom_deep_7_3_15_5_No1_p20_ao69_am15_3_m30_ao69_am27_1,69,5,SATISFIED,5.3148,69172517.0,30593.59
SAL-Ei-LM,bom_deep_7_3_15_5_No1_p20_ao69_am15_3_m30_ao69_am27_1,69,6,SATISFIED,5.3282,69384620.0,30471.0
SAL-Ei-LM,bom_deep_7_3_15_5_No1_p20_ao69_am15_3_m30_ao69_am27_1,69,7,SATISFIED,5.3238,69477084.0,30834.0
SAL-Ei-LM,bom_deep_7_3_15_5_No1_p20_ao69_am15_3_m30_ao69_am27_1,69,8,SATISFIED,5.326,70400626.0,30694.88
SAL-Ei-LM,bom_deep_7_3_15_5_No1_p20_ao69_am15_3_m30_ao69_am27_1,69,9,SATISFIED,5.3359,68552212.0,31382.38
SAL-Ei-LM,bom_deep_7_3_15_5_No1_p20_ao69_am15_3_m30_ao69_am27_1,69,10,SATISFIED,5.3208,68453504.0,30537.34
SAL-Ei-LM,bom_deep_7_3_15_5_No1_p20_ao69_am15_3_m30_ao69_am27_2,69,1,SATISFIED,5.4145,64595263.0,31140.03
SAL-Ei-LM,bom_deep_7_3_15_5_No1_p20_ao69_am15_3_m30_ao69_am27_2,69,2,SATISFIED,5.3067,65485560.0,30673.34
SAL-Ei-LM,bom_deep_7_3_15_5_No1_p20_ao69_am15_3_m30_ao69_am27_2,69,3,SATISFIED,5.3194,64960032.0,30295.62
SAL-Ei-LM,bom_deep_7_3_15_5_No1_p20_ao69_am15_3_m30_ao69_am27_2,69,4,SATISFIED,5.2113,66074104.0,31014.75
SAL-Ei-LM,bom_deep_7_3_15_5_No1_p20_ao69_am15_3_m30_ao69_am27_2,69,5,SATISFIED,5.3331,66138147.0,30849.88
SAL-Ei-LM,bom_deep_7_3_15_5_No1_p20_ao69_am15_3_m30_ao69_am27_2,69,6,SATISFIED,5.3354,66178844.0,30529.91
SAL-Ei-LM,bom_deep_7_3_15_5_No1_p20_ao69_am15_3_m30_ao69_am27_2,69,7,SATISFIED,5.4941,65817300.0,30593.47
SAL-Ei-LM,bom_deep_7_3_15_5_No1_p20_ao69_am15_3_m30_ao69_am27_2,69,8,SATISFIED,5.3614,65769984.0,28519.84
SAL-Ei-LM,bom_deep_7_3_15_5_No1_p20_ao69_am15_3_m30_ao69_am27_2,69,9,SATISFIED,5.33,64427176.0,29728.69
SAL-Ei-LM,bom_deep_7_3_15_5_No1_p20_ao69_am15_3_m30_ao69_am27_2,69,10,SATISFIED,5.3397,64587784.0,31063.69
SAL-Ei-LM,bom_deep_7_3_15_5_No1_p20_ao69_am15_3_m30_ao69_am27_5,69,1,SATISFIED,5.3384,55370228.0,31275.06
SAL-Ei-LM,bom_deep_7_3_15_5_No1_p20_ao69_am15_3_m30_ao69_am27_5,69,2,SATISFIED,5.328,55331621.0,31255.75
SAL-Ei-LM,bom_deep_7_3_15_5_No1_p20_ao69_am15_3_m30_ao69_am27_5,69,3,SATISFIED,5.3353,56931333.0,30757.81
SAL-Ei-LM,bom_deep_7_3_15_5_No1_p20_ao69_am15_3_m30_ao69_am27_5,69,4,SATISFIED,5.3948,56139003.0,31613.41
SAL-Ei-LM,bom_deep_7_3_15_5_No1_p20_ao69_am15_3_m30_ao69_am27_5,69,5,SATISFIED,5.3318,55256285.0,30137.25
SAL-Ei-LM,bom_deep_7_3_15_5_No1_p20_ao69_am15_3_m30_ao69_am27_5,69,6,SATISFIED,5.3343,55685360.0,30809.97
SAL-Ei-LM,bom_deep_7_3_15_5_No1_p20_ao69_am15_3_m30_ao69_am27_5,69,7,SATISFIED,5.3589,53711881.0,31211.97
SAL-Ei-LM,bom_deep_7_3_15_5_No1_p20_ao69_am15_3_m30_ao69_am27_5,69,8,SATISFIED,5.3352,53891483.0,30041.38
SAL-Ei-LM,bom_deep_7_3_15_5_No1_p20_ao69_am15_3_m30_ao69_am27_5,69,9,SATISFIED,5.3413,55984222.0,30142.59
SAL-Ei-LM,bom_deep_7_3_15_5_No1_p20_ao69_am15_3_m30_ao69_am27_5,69,10,SATISFIED,5.3192,55462158.0,31169.66
SAL-Ei-LM,bom_deep_7_3_15_5_No1_p20_ao69_am15_3_m30_ao69_am30_3,69,1,SATISFIED,5.315,98643544.0,27741.66
SAL-Ei-LM,bom_deep_7_3_15_5_No1_p20_ao69_am15_3_m30_ao69_am30_3,69,2,SATISFIED,5.2145,97420391.0,30434.84
SAL-Ei-LM,bom_deep_7_3_15_5_No1_p20_ao69_am15_3_m30_ao69_am30_3,69,3,SATISFIED,5.3265,99048527.0,30996.31
SAL-Ei-LM,bom_deep_7_3_15_5_No1_p20_ao69_am15_3_m30_ao69_am30_3,69,4,SATISFIED,5.3729,96317358.0,29913.94
SAL-Ei-LM,bom_deep_7_3_15_5_No1_p20_ao69_am15_3_m30_ao69_am30_3,69,5,SATISFIED,5.3373,96664609.0,30646.91
SAL-Ei-LM,bom_deep_7_3_15_5_No1_p20_ao69_am15_3_m30_ao69_am30_3,69,6,SATISFIED,5.3229,99187047.0,31038.03
SAL-Ei-LM,bom_deep_7_3_15_5_No1_p20_ao69_am15_3_m30_ao69_am30_3,69,7,SATISFIED,5.3932,96710968.0,30125.41
SAL-Ei-LM,bom_deep_7_3_15_5_No1_p20_ao69_am15_3_m30_ao69_am30_3,69,8,SATISFIED,5.3748,100368158.0,28007.56
SAL-Ei-LM,bom_deep_7_3_15_5_No1_p20_ao69_am15_3_m30_ao69_am30_3,69,9,SATISFIED,5.3852,98561952.0,28893.12
SAL-Ei-LM,bom_deep_7_3_15_5_No1_p20_ao69_am15_3_m30_ao69_am30_3,69,10,SATISFIED,5.3765,97979762.0,30377.66
SAL-Ei-LM,bom_deep_7_3_15_5_No1_p20_ao69_am15_3_m30_ao69_am30_4,69,1,SATISFIED,5.3635,87965752.0,30393.91
SAL-Ei-LM,bom_deep_7_3_15_5_No1_p20_ao69_am15_3_m30_ao69_am30_4,69,2,SATISFIED,5.3558,87752200.0,30855.16
SAL-Ei-LM,bom_deep_7_3_15_5_No1_p20_ao69_am15_3_m30_ao69_am30_4,69,3,SATISFIED,5.4577,86923855.0,29390.16
SAL-Ei-LM,bom_deep_7_3_15_5_No1_p20_ao69_am15_3_m30_ao69_am30_4,69,4,SATISFIED,5.3323,88094936.0,28194.25
SAL-Ei-LM,bom_deep_7_3_15_5_No1_p20_ao69_am15_3_m30_ao69_am30_4,69,5,SATISFIED,5.3482,87945400.0,29421.19
SAL-Ei-LM,bom_deep_7_3_15_5_No1_p20_ao69_am15_3_m30_ao69_am30_4,69,6,SATISFIED,5.3492,90016167.0,30274.59
SAL-Ei-LM,bom_deep_7_3_15_5_No1_p20_ao69_am15_3_m30_ao69_am30_4,69,7,SATISFIED,5.3591,88984370.0,30206.75
SAL-Ei-LM,bom_deep_7_3_15_5_No1_p20_ao69_am15_3_m30_ao69_am30_4,69,8,SATISFIED,5.3616,87771774.0,30160.38
SAL-Ei-LM,bom_deep_7_3_15_5_No1_p20_ao69_am15_3_m30_ao69_am30_4,69,9,SATISFIED,5.3106,89284055.0,30895.88
SAL-Ei-LM,bom_deep_7_3_15_5_No1_p20_ao69_am15_3_m30_ao69_am30_4,69,10,SATISFIED,5.4325,86937811.0,30903.47
SAL-Ei-LM,bom_deep_7_3_15_5_No1_p20_ao69_am15_4,69,1,SATISFIED,5.3298,167963720.0,31904.34
SAL-Ei-LM,bom_deep_7_3_15_5_No1_p20_ao69_am15_4,69,2,SATISFIED,5.3343,167949275.0,34291.12
SAL-Ei-LM,bom_deep_7_3_15_5_No1_p20_ao69_am15_4,69,3,SATISFIED,5.3266,167876680.0,35449.66
SAL-Ei-LM,bom_deep_7_3_15_5_No1_p20_ao69_am15_4,69,4,SATISFIED,5.3524,167952880.0,34268.84
SAL-Ei-LM,bom_deep_7_3_15_5_No1_p20_ao69_am15_4,69,5,SATISFIED,5.2109,167902610.0,35198.16
SAL-Ei-LM,bom_deep_7_3_15_5_No1_p20_ao69_am15_4,69,6,SATISFIED,5.35,167935645.0,35271.38
SAL-Ei-LM,bom_deep_7_3_15_5_No1_p20_ao69_am15_4,69,7,SATISFIED,5.4198,167937180.0,33333.47
SAL-Ei-LM,bom_deep_7_3_15_5_No1_p20_ao69_am15_4,69,8,SATISFIED,5.3284,167905535.0,33083.19
SAL-Ei-LM,bom_deep_7_3_15_5_No1_p20_ao69_am15_4,69,9,SATISFIED,5.354,167918645.0,34475.62
SAL-Ei-LM,bom_deep_7_3_15_5_No1_p20_ao69_am15_4,69,10,SATISFIED,5.3551,167942600.0,34702.72
SAL-Ei-LM,bom_deep_7_3_15_5_No1_p20_ao69_am15_4_m13_ao69_am13_1,69,1,SATISFIED,5.3561,104582789.0,37892.38
SAL-Ei-LM,bom_deep_7_3_15_5_No1_p20_ao69_am15_4_m13_ao69_am13_1,69,2,SATISFIED,5.3752,104734877.0,38645.88
SAL-Ei-LM,bom_deep_7_3_15_5_No1_p20_ao69_am15_4_m13_ao69_am13_1,69,3,SATISFIED,5.3374,104554537.0,37908.97
SAL-Ei-LM,bom_deep_7_3_15_5_No1_p20_ao69_am15_4_m13_ao69_am13_1,69,4,SATISFIED,5.4105,104692599.0,38155.94
SAL-Ei-LM,bom_deep_7_3_15_5_No1_p20_ao69_am15_4_m13_ao69_am13_1,69,5,SATISFIED,5.3286,104165388.0,37746.41
SAL-Ei-LM,bom_deep_7_3_15_5_No1_p20_ao69_am15_4_m13_ao69_am13_1,69,6,SATISFIED,5.3281,104375025.0,39507.94
SAL-Ei-LM,bom_deep_7_3_15_5_No1_p20_ao69_am15_4_m13_ao69_am13_1,69,7,SATISFIED,5.3387,104694235.0,39278.19
SAL-Ei-LM,bom_deep_7_3_15_5_No1_p20_ao69_am15_4_m13_ao69_am13_1,69,8,SATISFIED,5.3361,103914335.0,38609.09
SAL-Ei-LM,bom_deep_7_3_15_5_No1_p20_ao69_am15_4_m13_ao69_am13_1,69,9,SATISFIED,5.3263,104791275.0,39678.88
SAL-Ei-LM,bom_deep_7_3_15_5_No1_p20_ao69_am15_4_m13_ao69_am13_1,69,10,SATISFIED,5.3186,105165651.0,39921.16
SAL-Ei-LM,bom_deep_7_3_15_5_No1_p20_ao69_am15_4_m13_ao69_am13_2,69,1,SATISFIED,5.4352,188863645.0,39044.59
SAL-Ei-LM,bom_deep_7_3_15_5_No1_p20_ao69_am15_4_m13_ao69_am13_2,69,2,SATISFIED,5.3142,188880275.0,37542.84
SAL-Ei-LM,bom_deep_7_3_15_5_No1_p20_ao69_am15_4_m13_ao69_am13_2,69,3,SATISFIED,5.3266,188880250.0,38254.25
SAL-Ei-LM,bom_deep_7_3_15_5_No1_p20_ao69_am15_4_m13_ao69_am13_2,69,4,SATISFIED,5.3215,188863837.0,39242.88
SAL-Ei-LM,bom_deep_7_3_15_5_No1_p20_ao69_am15_4_m13_ao69_am13_2,69,5,SATISFIED,5.32,188872450.0,40288.75
SAL-Ei-LM,bom_deep_7_3_15_5_No1_p20_ao69_am15_4_m13_ao69_am13_2,69,6,SATISFIED,5.3282,188863290.0,39435.91
SAL-Ei-LM,bom_deep_7_3_15_5_No1_p20_ao69_am15_4_m13_ao69_am13_2,69,7,SATISFIED,5.3176,188865145.0,39598.84
SAL-Ei-LM,bom_deep_7_3_15_5_No1_p20_ao69_am15_4_m13_ao69_am13_2,69,8,SATISFIED,5.3248,188874346.0,38041.72
SAL-Ei-LM,bom_deep_7_3_15_5_No1_p20_ao69_am15_4_m13_ao69_am13_2,69,9,SATISFIED,5.3724,188871380.0,39544.44
SAL-Ei-LM,bom_deep_7_3_15_5_No1_p20_ao69_am15_4_m13_ao69_am13_2,69,10,SATISFIED,5.3125,188862645.0,39171.25
SAL-Ei-LM,bom_deep_7_3_15_5_No1_p20_ao69_am15_4_m13_ao69_am13_3,69,1,SATISFIED,5.3214,90361269.0,36973.62
SAL-Ei-LM,bom_deep_7_3_15_5_No1_p20_ao69_am15_4_m13_ao69_am13_3,69,2,SATISFIED,5.3142,90256100.0,37241.0
SAL-Ei-LM,bom_deep_7_3_15_5_No1_p20_ao69_am15_4_m13_ao69_am13_3,69,3,SATISFIED,5.3142,91034810.0,37145.34
SAL-Ei-LM,bom_deep_7_3_15_5_No1_p20_ao69_am15_4_m13_ao69_am13_3,69,4,SATISFIED,5.3221,91331105.0,37310.09
SAL-Ei-LM,bom_deep_7_3_15_5_No1_p20_ao69_am15_4_m13_ao69_am13_3,69,5,SATISFIED,5.3111,91172694.0,36561.84
SAL-Ei-LM,bom_deep_7_3_15_5_No1_p20_ao69_am15_4_m13_ao69_am13_3,69,6,SATISFIED,5.3875,90593446.0,36815.12
SAL-Ei-LM,bom_deep_7_3_15_5_No1_p20_ao69_am15_4_m13_ao69_am13_3,69,7,SATISFIED,5.312,91564860.0,36381.88
SAL-Ei-LM,bom_deep_7_3_15_5_No1_p20_ao69_am15_4_m13_ao69_am13_3,69,8,SATISFIED,5.3125,90883336.0,37022.94
SAL-Ei-LM,bom_deep_7_3_15_5_No1_p20_ao69_am15_4_m13_ao69_am13_3,69,9,SATISFIED,5.3158,91062983.0,36818.72
SAL-Ei-LM,bom_deep_7_3_15_5_No1_p20_ao69_am15_4_m13_ao69_am13_3,69,10,SATISFIED,5.3135,90211049.0,38184.06
SAL-Ei-LM,bom_deep_7_3_15_5_No1_p20_ao69_am15_4_m13_ao69_am13_4,69,1,SATISFIED,5.3108,145146842.0,38379.81
SAL-Ei-LM,bom_deep_7_3_15_5_No1_p20_ao69_am15_4_m13_ao69_am13_4,69,2,SATISFIED,5.1723,145316422.0,38092.19
SAL-Ei-LM,bom_deep_7_3_15_5_No1_p20_ao69_am15_4_m13_ao69_am13_4,69,3,SATISFIED,5.3189,145156442.0,39449.34
SAL-Ei-LM,bom_deep_7_3_15_5_No1_p20_ao69_am15_4_m13_ao69_am13_4,69,4,SATISFIED,5.3181,145180834.0,36438.59
SAL-Ei-LM,bom_deep_7_3_15_5_No1_p20_ao69_am15_4_m13_ao69_am13_4,69,5,SATISFIED,5.3154,145151892.0,37894.25
SAL-Ei-LM,bom_deep_7_3_15_5_No1_p20_ao69_am15_4_m13_ao69_am13_4,69,6,SATISFIED,5.3225,145272625.0,39084.91
SAL-Ei-LM,bom_deep_7_3_15_5_No1_p20_ao69_am15_4_m13_ao69_am13_4,69,7,SATISFIED,5.3197,145209020.0,38343.59
SAL-Ei-LM,bom_deep_7_3_15_5_No1_p20_ao69_am15_4_m13_ao69_am13_4,69,8,SATISFIED,5.3267,145233260.0,38038.25
SAL-Ei-LM,bom_deep_7_3_15_5_No1_p20_ao69_am15_4_m13_ao69_am13_4,69,9,SATISFIED,5.3201,145180405.0,38435.16
SAL-Ei-LM,bom_deep_7_3_15_5_No1_p20_ao69_am15_4_m13_ao69_am13_4,69,10,SATISFIED,5.3204,145135488.0,38077.22
SAL-Ei-LM,bom_deep_7_3_15_5_No1_p20_ao69_am15_4_m13_ao69_am13_5,69,1,SATISFIED,5.3196,230553792.0,34847.56
SAL-Ei-LM,bom_deep_7_3_15_5_No1_p20_ao69_am15_4_m13_ao69_am13_5,69,2,SATISFIED,5.3187,230547910.0,37461.56
SAL-Ei-LM,bom_deep_7_3_15_5_No1_p20_ao69_am15_4_m13_ao69_am13_5,69,3,SATISFIED,5.3271,230550835.0,37772.91
SAL-Ei-LM,bom_deep_7_3_15_5_No1_p20_ao69_am15_4_m13_ao69_am13_5,69,4,SATISFIED,5.3204,230548790.0,37769.53
SAL-Ei-LM,bom_deep_7_3_15_5_No1_p20_ao69_am15_4_m13_ao69_am13_5,69,5,SATISFIED,5.3209,230539552.0,36336.41
SAL-Ei-LM,bom_deep_7_3_15_5_No1_p20_ao69_am15_4_m13_ao69_am13_5,69,6,SATISFIED,5.3226,230536811.0,35337.19
SAL-Ei-LM,bom_deep_7_3_15_5_No1_p20_ao69_am15_4_m13_ao69_am13_5,69,7,SATISFIED,5.3236,230547260.0,37234.66
SAL-Ei-LM,bom_deep_7_3_15_5_No1_p20_ao69_am15_4_m13_ao69_am13_5,69,8,SATISFIED,5.4142,230557261.0,34483.38
SAL-Ei-LM,bom_deep_7_3_15_5_No1_p20_ao69_am15_4_m13_ao69_am13_5,69,9,SATISFIED,5.312,230550546.0,35019.47
SAL-Ei-LM,bom_deep_7_3_15_5_No1_p20_ao69_am15_4_m13_ao69_am13_5,69,10,SATISFIED,5.3232,230552050.0,35294.97
SAL-Ei-LM,bom_deep_7_3_15_5_No1_p20_ao69_am15_4_m30_ao69_am27_4,69,1,SATISFIED,5.3179,52214892.0,29544.34
SAL-Ei-LM,bom_deep_7_3_15_5_No1_p20_ao69_am15_4_m30_ao69_am27_4,69,2,SATISFIED,5.3246,53656399.0,30028.19
SAL-Ei-LM,bom_deep_7_3_15_5_No1_p20_ao69_am15_4_m30_ao69_am27_4,69,3,SATISFIED,5.363,52717710.0,30152.5
SAL-Ei-LM,bom_deep_7_3_15_5_No1_p20_ao69_am15_4_m30_ao69_am27_4,69,4,SATISFIED,5.3216,52959463.0,30675.84
SAL-Ei-LM,bom_deep_7_3_15_5_No1_p20_ao69_am15_4_m30_ao69_am27_4,69,5,SATISFIED,5.353,53189712.0,30410.19
SAL-Ei-LM,bom_deep_7_3_15_5_No1_p20_ao69_am15_4_m30_ao69_am27_4,69,6,SATISFIED,5.3126,53852275.0,29438.56
SAL-Ei-LM,bom_deep_7_3_15_5_No1_p20_ao69_am15_4_m30_ao69_am27_4,69,7,SATISFIED,5.3159,52861715.0,29265.66
SAL-Ei-LM,bom_deep_7_3_15_5_No1_p20_ao69_am15_4_m30_ao69_am27_4,69,8,SATISFIED,5.3242,53222744.0,29774.78
SAL-Ei-LM,bom_deep_7_3_15_5_No1_p20_ao69_am15_4_m30_ao69_am27_4,69,9,SATISFIED,5.3236,52137460.0,29647.31
SAL-Ei-LM,bom_deep_7_3_15_5_No1_p20_ao69_am15_4_m30_ao69_am27_4,69,10,SATISFIED,5.3176,53207004.0,30052.12
SAL-Ei-LM,bom_deep_7_3_15_5_No1_p20_ao69_am15_4_m30_ao69_am29_2,69,1,SATISFIED,5.4023,59050382.0,30941.28
SAL-Ei-LM,bom_deep_7_3_15_5_No1_p20_ao69_am15_4_m30_ao69_am29_2,69,2,SATISFIED,5.3105,60699259.0,30294.59
SAL-Ei-LM,bom_deep_7_3_15_5_No1_p20_ao69_am15_4_m30_ao69_am29_2,69,3,SATISFIED,5.3398,60050387.0,29610.66
SAL-Ei-LM,bom_deep_7_3_15_5_No1_p20_ao69_am15_4_m30_ao69_am29_2,69,4,SATISFIED,5.3232,59334205.0,31196.28
SAL-Ei-LM,bom_deep_7_3_15_5_No1_p20_ao69_am15_4_m30_ao69_am29_2,69,5,SATISFIED,5.3098,59674816.0,29358.31
SAL-Ei-LM,bom_deep_7_3_15_5_No1_p20_ao69_am15_4_m30_ao69_am29_2,69,6,SATISFIED,5.1869,59988235.0,31182.03
SAL-Ei-LM,bom_deep_7_3_15_5_No1_p20_ao69_am15_4_m30_ao69_am29_2,69,7,SATISFIED,5.1863,60376439.0,31264.19
SAL-Ei-LM,bom_deep_7_3_15_5_No1_p20_ao69_am15_4_m30_ao69_am29_2,69,8,SATISFIED,5.264,60435431.0,31307.75
SAL-Ei-LM,bom_deep_7_3_15_5_No1_p20_ao69_am15_4_m30_ao69_am29_2,69,9,SATISFIED,5.3083,59184166.0,29176.97
SAL-Ei-LM,bom_deep_7_3_15_5_No1_p20_ao69_am15_4_m30_ao69_am29_2,69,10,SATISFIED,5.2111,59300156.0,29911.0
SAL-Ei-LM,bom_deep_7_3_15_5_No1_p20_ao69_am15_4_m30_ao69_am30_1,69,1,SATISFIED,5.3223,53542836.0,30185.19
SAL-Ei-LM,bom_deep_7_3_15_5_No1_p20_ao69_am15_4_m30_ao69_am30_1,69,2,SATISFIED,5.3178,54893755.0,30699.59
SAL-Ei-LM,bom_deep_7_3_15_5_No1_p20_ao69_am15_4_m30_ao69_am30_1,69,3,SATISFIED,5.3202,52451662.0,30974.06
SAL-Ei-LM,bom_deep_7_3_15_5_No1_p20_ao69_am15_4_m30_ao69_am30_1,69,4,SATISFIED,5.3948,55178067.0,29842.94
SAL-Ei-LM,bom_deep_7_3_15_5_No1_p20_ao69_am15_4_m30_ao69_am30_1,69,5,SATISFIED,5.1895,53367647.0,30638.06
SAL-Ei-LM,bom_deep_7_3_15_5_No1_p20_ao69_am15_4_m30_ao69_am30_1,69,6,SATISFIED,5.3295,53023478.0,30164.5
SAL-Ei-LM,bom_deep_7_3_15_5_No1_p20_ao69_am15_4_m30_ao69_am30_1,69,7,SATISFIED,5.3249,54886900.0,30841.22
SAL-Ei-LM,bom_deep_7_3_15_5_No1_p20_ao69_am15_4_m30_ao69_am30_1,69,8,SATISFIED,5.3286,53898810.0,29679.03
SAL-Ei-LM,bom_deep_7_3_15_5_No1_p20_ao69_am15_4_m30_ao69_am30_1,69,9,SATISFIED,5.3332,53777678.0,30962.84
SAL-Ei-LM,bom_deep_7_3_15_5_No1_p20_ao69_am15_4_m30_ao69_am30_1,69,10,SATISFIED,5.3183,53747405.0,30953.91
SAL-Ei-LM,bom_deep_7_3_15_5_No1_p20_ao69_am15_4_m30_ao69_am30_3,69,1,SATISFIED,5.3723,83804305.0,30886.03
SAL-Ei-LM,bom_deep_7_3_15_5_No1_p20_ao69_am15_4_m30_ao69_am30_3,69,2,SATISFIED,5.3085,82133970.0,29935.66
SAL-Ei-LM,bom_deep_7_3_15_5_No1_p20_ao69_am15_4_m30_ao69_am30_3,69,3,SATISFIED,5.3221,83109930.0,30428.0
SAL-Ei-LM,bom_deep_7_3_15_5_No1_p20_ao69_am15_4_m30_ao69_am30_3,69,4,SATISFIED,5.3217,81023275.0,29847.72
SAL-Ei-LM,bom_deep_7_3_15_5_No1_p20_ao69_am15_4_m30_ao69_am30_3,69,5,SATISFIED,5.3134,82068250.0,30377.19
SAL-Ei-LM,bom_deep_7_3_15_5_No1_p20_ao69_am15_4_m30_ao69_am30_3,69,6,SATISFIED,5.193,83189680.0,30875.06
SAL-Ei-LM,bom_deep_7_3_15_5_No1_p20_ao69_am15_4_m30_ao69_am30_3,69,7,SATISFIED,5.3458,81166219.0,31137.69
SAL-Ei-LM,bom_deep_7_3_15_5_No1_p20_ao69_am15_4_m30_ao69_am30_3,69,8,SATISFIED,5.2065,80369546.0,31630.47
SAL-Ei-LM,bom_deep_7_3_15_5_No1_p20_ao69_am15_4_m30_ao69_am30_3,69,9,SATISFIED,5.3139,83010751.0,31249.56
SAL-Ei-LM,bom_deep_7_3_15_5_No1_p20_ao69_am15_4_m30_ao69_am30_3,69,10,SATISFIED,5.3251,81488640.0,31515.94
SAL-Ei-LM,bom_deep_7_3_15_5_No1_p20_ao69_am15_4_m30_ao69_am30_5,69,1,SATISFIED,5.2088,104750563.0,30633.41
SAL-Ei-LM,bom_deep_7_3_15_5_No1_p20_ao69_am15_4_m30_ao69_am30_5,69,2,SATISFIED,5.1871,103111094.0,31156.12
SAL-Ei-LM,bom_deep_7_3_15_5_No1_p20_ao69_am15_4_m30_ao69_am30_5,69,3,SATISFIED,5.3921,102753537.0,30442.03
SAL-Ei-LM,bom_deep_7_3_15_5_No1_p20_ao69_am15_4_m30_ao69_am30_5,69,4,SATISFIED,5.2007,104409752.0,30889.53
SAL-Ei-LM,bom_deep_7_3_15_5_No1_p20_ao69_am15_4_m30_ao69_am30_5,69,5,SATISFIED,5.3294,104748079.0,30531.16
SAL-Ei-LM,bom_deep_7_3_15_5_No1_p20_ao69_am15_4_m30_ao69_am30_5,69,6,SATISFIED,5.3329,103512006.0,30711.78
SAL-Ei-LM,bom_deep_7_3_15_5_No1_p20_ao69_am15_4_m30_ao69_am30_5,69,7,SATISFIED,5.327,102538211.0,30900.94
SAL-Ei-LM,bom_deep_7_3_15_5_No1_p20_ao69_am15_4_m30_ao69_am30_5,69,8,SATISFIED,5.3253,103510901.0,30593.41
SAL-Ei-LM,bom_deep_7_3_15_5_No1_p20_ao69_am15_4_m30_ao69_am30_5,69,9,SATISFIED,5.3111,104829263.0,30051.59
SAL-Ei-LM,bom_deep_7_3_15_5_No1_p20_ao69_am15_4_m30_ao69_am30_5,69,10,SATISFIED,5.3213,103271725.0,29169.72
SAL-Ei-LM,bom_deep_7_3_15_5_No1_p20_ao69_am15_5,69,1,SATISFIED,5.3219,131520880.0,33968.69
SAL-Ei-LM,bom_deep_7_3_15_5_No1_p20_ao69_am15_5,69,2,SATISFIED,5.3233,131652040.0,32533.75
SAL-Ei-LM,bom_deep_7_3_15_5_No1_p20_ao69_am15_5,69,3,SATISFIED,5.322,131558345.0,32906.16
SAL-Ei-LM,bom_deep_7_3_15_5_No1_p20_ao69_am15_5,69,4,SATISFIED,5.3235,131594265.0,33657.84
SAL-Ei-LM,bom_deep_7_3_15_5_No1_p20_ao69_am15_5,69,5,SATISFIED,5.325,131568280.0,33917.78
SAL-Ei-LM,bom_deep_7_3_15_5_No1_p20_ao69_am15_5,69,6,SATISFIED,5.4257,131573915.0,34293.12
SAL-Ei-LM,bom_deep_7_3_15_5_No1_p20_ao69_am15_5,69,7,SATISFIED,5.3228,131514605.0,32208.09
SAL-Ei-LM,bom_deep_7_3_15_5_No1_p20_ao69_am15_5,69,8,SATISFIED,5.3228,131528430.0,33211.53
SAL-Ei-LM,bom_deep_7_3_15_5_No1_p20_ao69_am15_5,69,9,SATISFIED,5.3327,131550360.0,33841.03
SAL-Ei-LM,bom_deep_7_3_15_5_No1_p20_ao69_am15_5,69,10,SATISFIED,5.3319,131566490.0,34621.72
SAL-Ei-LM,bom_deep_7_3_15_5_No1_p20_ao69_am15_5_m13_ao69_am13_1,69,1,SATISFIED,5.1813,168661870.0,40283.22
SAL-Ei-LM,bom_deep_7_3_15_5_No1_p20_ao69_am15_5_m13_ao69_am13_1,69,2,SATISFIED,5.1904,168896365.0,38896.06
SAL-Ei-LM,bom_deep_7_3_15_5_No1_p20_ao69_am15_5_m13_ao69_am13_1,69,3,SATISFIED,5.1922,168814050.0,39269.78
SAL-Ei-LM,bom_deep_7_3_15_5_No1_p20_ao69_am15_5_m13_ao69_am13_1,69,4,SATISFIED,5.2531,168837555.0,39173.5
SAL-Ei-LM,bom_deep_7_3_15_5_No1_p20_ao69_am15_5_m13_ao69_am13_1,69,5,SATISFIED,5.3274,168900470.0,37709.72
SAL-Ei-LM,bom_deep_7_3_15_5_No1_p20_ao69_am15_5_m13_ao69_am13_1,69,6,SATISFIED,5.3374,168758550.0,38111.66
SAL-Ei-LM,bom_deep_7_3_15_5_No1_p20_ao69_am15_5_m13_ao69_am13_1,69,7,SATISFIED,5.1832,168714800.0,39350.53
SAL-Ei-LM,bom_deep_7_3_15_5_No1_p20_ao69_am15_5_m13_ao69_am13_1,69,8,SATISFIED,5.3521,168746800.0,39145.0
SAL-Ei-LM,bom_deep_7_3_15_5_No1_p20_ao69_am15_5_m13_ao69_am13_1,69,9,SATISFIED,5.2041,168672070.0,39742.53
SAL-Ei-LM,bom_deep_7_3_15_5_No1_p20_ao69_am15_5_m13_ao69_am13_1,69,10,SATISFIED,5.2593,168798460.0,40190.62
SAL-Ei-LM,bom_deep_7_3_15_5_No1_p20_ao69_am15_5_m13_ao69_am13_2,69,1,SATISFIED,5.3857,62321510.0,36487.72
SAL-Ei-LM,bom_deep_7_3_15_5_No1_p20_ao69_am15_5_m13_ao69_am13_2,69,2,SATISFIED,5.3586,62180724.0,36761.44
SAL-Ei-LM,bom_deep_7_3_15_5_No1_p20_ao69_am15_5_m13_ao69_am13_2,69,3,SATISFIED,5.3602,61617590.0,34744.81
SAL-Ei-LM,bom_deep_7_3_15_5_No1_p20_ao69_am15_5_m13_ao69_am13_2,69,4,SATISFIED,5.3485,62949424.0,34438.28
SAL-Ei-LM,bom_deep_7_3_15_5_No1_p20_ao69_am15_5_m13_ao69_am13_2,69,5,SATISFIED,5.242,63390605.0,36175.72
SAL-Ei-LM,bom_deep_7_3_15_5_No1_p20_ao69_am15_5_m13_ao69_am13_2,69,6,SATISFIED,5.2368,60448510.0,36828.25
SAL-Ei-LM,bom_deep_7_3_15_5_No1_p20_ao69_am15_5_m13_ao69_am13_2,69,7,SATISFIED,5.4022,62509645.0,36542.41
SAL-Ei-LM,bom_deep_7_3_15_5_No1_p20_ao69_am15_5_m13_ao69_am13_2,69,8,SATISFIED,5.4285,62711250.0,38123.34
SAL-Ei-LM,bom_deep_7_3_15_5_No1_p20_ao69_am15_5_m13_ao69_am13_2,69,9,SATISFIED,5.3103,62959077.0,37613.12
SAL-Ei-LM,bom_deep_7_3_15_5_No1_p20_ao69_am15_5_m13_ao69_am13_2,69,10,SATISFIED,5.335,61610403.0,36537.31
SAL-Ei-LM,bom_deep_7_3_15_5_No1_p20_ao69_am15_5_m13_ao69_am13_3,69,1,SATISFIED,5.3371,111518569.0,35798.97
SAL-Ei-LM,bom_deep_7_3_15_5_No1_p20_ao69_am15_5_m13_ao69_am13_3,69,2,SATISFIED,5.3237,111534551.0,36533.34
SAL-Ei-LM,bom_deep_7_3_15_5_No1_p20_ao69_am15_5_m13_ao69_am13_3,69,3,SATISFIED,5.1855,111526311.0,37723.53
SAL-Ei-LM,bom_deep_7_3_15_5_No1_p20_ao69_am15_5_m13_ao69_am13_3,69,4,SATISFIED,5.1934,111539926.0,37218.62
SAL-Ei-LM,bom_deep_7_3_15_5_No1_p20_ao69_am15_5_m13_ao69_am13_3,69,5,SATISFIED,5.3393,111567601.0,37439.91
SAL-Ei-LM,bom_deep_7_3_15_5_No1_p20_ao69_am15_5_m13_ao69_am13_3,69,6,SATISFIED,5.3379,111520672.0,35167.59
SAL-Ei-LM,bom_deep_7_3_15_5_No1_p20_ao69_am15_5_m13_ao69_am13_3,69,7,SATISFIED,5.1994,111565543.0,38474.72
SAL-Ei-LM,bom_deep_7_3_15_5_No1_p20_ao69_am15_5_m13_ao69_am13_3,69,8,SATISFIED,5.3436,111568833.0,38354.38
SAL-Ei-LM,bom_deep_7_3_15_5_No1_p20_ao69_am15_5_m13_ao69_am13_3,69,9,SATISFIED,5.3442,111537700.0,37534.97
SAL-Ei-LM,bom_deep_7_3_15_5_No1_p20_ao69_am15_5_m13_ao69_am13_3,69,10,SATISFIED,5.3385,111524889.0,36206.81
SAL-Ei-LM,bom_deep_7_3_15_5_No1_p20_ao69_am15_5_m13_ao69_am13_4,69,1,SATISFIED,5.3557,218099295.0,37036.38
SAL-Ei-LM,bom_deep_7_3_15_5_No1_p20_ao69_am15_5_m13_ao69_am13_4,69,2,SATISFIED,5.3502,217983685.0,38656.97
SAL-Ei-LM,bom_deep_7_3_15_5_No1_p20_ao69_am15_5_m13_ao69_am13_4,69,3,SATISFIED,5.4225,217897760.0,37006.38
SAL-Ei-LM,bom_deep_7_3_15_5_No1_p20_ao69_am15_5_m13_ao69_am13_4,69,4,SATISFIED,5.2779,217956353.0,38056.34
SAL-Ei-LM,bom_deep_7_3_15_5_No1_p20_ao69_am15_5_m13_ao69_am13_4,69,5,SATISFIED,5.329,218008040.0,39895.06
SAL-Ei-LM,bom_deep_7_3_15_5_No1_p20_ao69_am15_5_m13_ao69_am13_4,69,6,SATISFIED,5.3371,218004860.0,38869.91
SAL-Ei-LM,bom_deep_7_3_15_5_No1_p20_ao69_am15_5_m13_ao69_am13_4,69,7,SATISFIED,5.342,218099425.0,37671.66
SAL-Ei-LM,bom_deep_7_3_15_5_No1_p20_ao69_am15_5_m13_ao69_am13_4,69,8,SATISFIED,5.3283,217879211.0,37667.09
SAL-Ei-LM,bom_deep_7_3_15_5_No1_p20_ao69_am15_5_m13_ao69_am13_4,69,9,SATISFIED,5.3329,218029320.0,36549.44
SAL-Ei-LM,bom_deep_7_3_15_5_No1_p20_ao69_am15_5_m13_ao69_am13_4,69,10,SATISFIED,5.4007,218096775.0,37629.31
SAL-Ei-LM,bom_deep_7_3_15_5_No1_p20_ao69_am15_5_m13_ao69_am13_5,69,1,SATISFIED,5.3318,262030820.0,38370.91
SAL-Ei-LM,bom_deep_7_3_15_5_No1_p20_ao69_am15_5_m13_ao69_am13_5,69,2,SATISFIED,5.327,261787939.0,39642.69
SAL-Ei-LM,bom_deep_7_3_15_5_No1_p20_ao69_am15_5_m13_ao69_am13_5,69,3,SATISFIED,5.316,262034225.0,40149.75
SAL-Ei-LM,bom_deep_7_3_15_5_No1_p20_ao69_am15_5_m13_ao69_am13_5,69,4,SATISFIED,5.3203,261876670.0,40178.56
SAL-Ei-LM,bom_deep_7_3_15_5_No1_p20_ao69_am15_5_m13_ao69_am13_5,69,5,SATISFIED,5.3221,262193385.0,40541.81
SAL-Ei-LM,bom_deep_7_3_15_5_No1_p20_ao69_am15_5_m13_ao69_am13_5,69,6,SATISFIED,5.3244,262020208.0,40323.59
SAL-Ei-LM,bom_deep_7_3_15_5_No1_p20_ao69_am15_5_m13_ao69_am13_5,69,7,SATISFIED,5.426,261894440.0,38738.19
SAL-Ei-LM,bom_deep_7_3_15_5_No1_p20_ao69_am15_5_m13_ao69_am13_5,69,8,SATISFIED,5.3131,262982690.0,37394.28
SAL-Ei-LM,bom_deep_7_3_15_5_No1_p20_ao69_am15_5_m13_ao69_am13_5,69,9,SATISFIED,5.3155,263501960.0,40146.69
SAL-Ei-LM,bom_deep_7_3_15_5_No1_p20_ao69_am15_5_m13_ao69_am13_5,69,10,SATISFIED,5.3265,261929935.0,38970.06
SAL-Ei-LM,bom_deep_7_3_15_5_No1_p20_ao69_am15_5_m30_ao69_am25_2,69,1,SATISFIED,5.3186,88721771.0,30514.66
SAL-Ei-LM,bom_deep_7_3_15_5_No1_p20_ao69_am15_5_m30_ao69_am25_2,69,2,SATISFIED,5.3212,87099740.0,30948.47
SAL-Ei-LM,bom_deep_7_3_15_5_No1_p20_ao69_am15_5_m30_ao69_am25_2,69,3,SATISFIED,5.3247,85574488.0,30491.97
SAL-Ei-LM,bom_deep_7_3_15_5_No1_p20_ao69_am15_5_m30_ao69_am25_2,69,4,SATISFIED,5.4389,88018921.0,31115.62
SAL-Ei-LM,bom_deep_7_3_15_5_No1_p20_ao69_am15_5_m30_ao69_am25_2,69,5,SATISFIED,5.3128,87209195.0,30714.19
SAL-Ei-LM,bom_deep_7_3_15_5_No1_p20_ao69_am15_5_m30_ao69_am25_2,69,6,SATISFIED,5.3297,87046642.0,31098.09
SAL-Ei-LM,bom_deep_7_3_15_5_No1_p20_ao69_am15_5_m30_ao69_am25_2,69,7,SATISFIED,5.3253,86682378.0,31210.44
SAL-Ei-LM,bom_deep_7_3_15_5_No1_p20_ao69_am15_5_m30_ao69_am25_2,69,8,SATISFIED,5.3233,87009625.0,30975.53
SAL-Ei-LM,bom_deep_7_3_15_5_No1_p20_ao69_am15_5_m30_ao69_am25_2,69,9,SATISFIED,5.3221,88249132.0,32035.5
SAL-Ei-LM,bom_deep_7_3_15_5_No1_p20_ao69_am15_5_m30_ao69_am25_2,69,10,SATISFIED,5.3216,87403985.0,31288.53
SAL-Ei-LM,bom_deep_7_3_15_5_No1_p20_ao69_am15_5_m30_ao69_am26_4,69,1,SATISFIED,5.2842,69240463.0,31328.22
SAL-Ei-LM,bom_deep_7_3_15_5_No1_p20_ao69_am15_5_m30_ao69_am26_4,69,2,SATISFIED,5.3112,68770243.0,29876.41
SAL-Ei-LM,bom_deep_7_3_15_5_No1_p20_ao69_am15_5_m30_ao69_am26_4,69,3,SATISFIED,5.3333,68403597.0,30474.75
SAL-Ei-LM,bom_deep_7_3_15_5_No1_p20_ao69_am15_5_m30_ao69_am26_4,69,4,SATISFIED,5.3195,69055430.0,30987.66
SAL-Ei-LM,bom_deep_7_3_15_5_No1_p20_ao69_am15_5_m30_ao69_am26_4,69,5,SATISFIED,5.3371,68465714.0,31364.66
SAL-Ei-LM,bom_deep_7_3_15_5_No1_p20_ao69_am15_5_m30_ao69_am26_4,69,6,SATISFIED,5.4245,68577740.0,29735.31
SAL-Ei-LM,bom_deep_7_3_15_5_No1_p20_ao69_am15_5_m30_ao69_am26_4,69,7,SATISFIED,5.3356,67992012.0,29448.56
SAL-Ei-LM,bom_deep_7_3_15_5_No1_p20_ao69_am15_5_m30_ao69_am26_4,69,8,SATISFIED,5.3851,68522451.0,29855.09
SAL-Ei-LM,bom_deep_7_3_15_5_No1_p20_ao69_am15_5_m30_ao69_am26_4,69,9,SATISFIED,5.33,69086961.0,29838.34
SAL-Ei-LM,bom_deep_7_3_15_5_No1_p20_ao69_am15_5_m30_ao69_am26_4,69,10,SATISFIED,5.344,68407200.0,29649.91
SAL-Ei-LM,bom_deep_7_3_15_5_No1_p20_ao69_am15_5_m30_ao69_am27_3,69,1,SATISFIED,5.3552,121057810.0,30570.44
SAL-Ei-LM,bom_deep_7_3_15_5_No1_p20_ao69_am15_5_m30_ao69_am27_3,69,2,SATISFIED,5.3348,124300085.0,31016.0
SAL-Ei-LM,bom_deep_7_3_15_5_No1_p20_ao69_am15_5_m30_ao69_am27_3,69,3,SATISFIED,5.3466,118384882.0,30368.06
SAL-Ei-LM,bom_deep_7_3_15_5_No1_p20_ao69_am15_5_m30_ao69_am27_3,69,4,SATISFIED,5.4143,122340923.0,29763.19
SAL-Ei-LM,bom_deep_7_3_15_5_No1_p20_ao69_am15_5_m30_ao69_am27_3,69,5,SATISFIED,5.3229,122719781.0,29141.88
SAL-Ei-LM,bom_deep_7_3_15_5_No1_p20_ao69_am15_5_m30_ao69_am27_3,69,6,SATISFIED,5.3195,118852155.0,29970.28
SAL-Ei-LM,bom_deep_7_3_15_5_No1_p20_ao69_am15_5_m30_ao69_am27_3,69,7,SATISFIED,5.3233,119732181.0,29887.78
SAL-Ei-LM,bom_deep_7_3_15_5_No1_p20_ao69_am15_5_m30_ao69_am27_3,69,8,SATISFIED,5.3173,121272567.0,30438.38
SAL-Ei-LM,bom_deep_7_3_15_5_No1_p20_ao69_am15_5_m30_ao69_am27_3,69,9,SATISFIED,5.3249,120084040.0,31600.12
SAL-Ei-LM,bom_deep_7_3_15_5_No1_p20_ao69_am15_5_m30_ao69_am27_3,69,10,SATISFIED,5.3167,120471576.0,31296.78
SAL-Ei-LM,bom_deep_7_3_15_5_No1_p20_ao69_am15_5_m30_ao69_am28_1,69,1,SATISFIED,5.3491,55938324.0,30744.97
SAL-Ei-LM,bom_deep_7_3_15_5_No1_p20_ao69_am15_5_m30_ao69_am28_1,69,2,SATISFIED,5.3239,56368758.0,28964.84
SAL-Ei-LM,bom_deep_7_3_15_5_No1_p20_ao69_am15_5_m30_ao69_am28_1,69,3,SATISFIED,5.3289,55038268.0,29926.09
SAL-Ei-LM,bom_deep_7_3_15_5_No1_p20_ao69_am15_5_m30_ao69_am28_1,69,4,SATISFIED,5.3229,56141208.0,30730.84
SAL-Ei-LM,bom_deep_7_3_15_5_No1_p20_ao69_am15_5_m30_ao69_am28_1,69,5,SATISFIED,5.3283,55641135.0,31053.0
SAL-Ei-LM,bom_deep_7_3_15_5_No1_p20_ao69_am15_5_m30_ao69_am28_1,69,6,SATISFIED,5.3228,56398564.0,30768.22
SAL-Ei-LM,bom_deep_7_3_15_5_No1_p20_ao69_am15_5_m30_ao69_am28_1,69,7,SATISFIED,5.418,56259536.0,30444.16
SAL-Ei-LM,bom_deep_7_3_15_5_No1_p20_ao69_am15_5_m30_ao69_am28_1,69,8,SATISFIED,5.3092,56228969.0,30698.03
SAL-Ei-LM,bom_deep_7_3_15_5_No1_p20_ao69_am15_5_m30_ao69_am28_1,69,9,SATISFIED,5.3228,56425785.0,31885.56
SAL-Ei-LM,bom_deep_7_3_15_5_No1_p20_ao69_am15_5_m30_ao69_am28_1,69,10,SATISFIED,5.3185,55706943.0,31017.5
SAL-Ei-LM,bom_deep_7_3_15_5_No1_p20_ao69_am15_5_m30_ao69_am29_5,69,1,SATISFIED,5.3203,111221891.0,30548.94
SAL-Ei-LM,bom_deep_7_3_15_5_No1_p20_ao69_am15_5_m30_ao69_am29_5,69,2,SATISFIED,5.3244,110287320.0,31619.66
SAL-Ei-LM,bom_deep_7_3_15_5_No1_p20_ao69_am15_5_m30_ao69_am29_5,69,3,SATISFIED,5.3205,110192786.0,31156.84
SAL-Ei-LM,bom_deep_7_3_15_5_No1_p20_ao69_am15_5_m30_ao69_am29_5,69,4,SATISFIED,5.3588,109716221.0,30423.62
SAL-Ei-LM,bom_deep_7_3_15_5_No1_p20_ao69_am15_5_m30_ao69_am29_5,69,5,SATISFIED,5.3113,112149540.0,30693.75
SAL-Ei-LM,bom_deep_7_3_15_5_No1_p20_ao69_am15_5_m30_ao69_am29_5,69,6,SATISFIED,5.3145,109714798.0,30919.97
SAL-Ei-LM,bom_deep_7_3_15_5_No1_p20_ao69_am15_5_m30_ao69_am29_5,69,7,SATISFIED,5.3128,109637445.0,31434.5
SAL-Ei-LM,bom_deep_7_3_15_5_No1_p20_ao69_am15_5_m30_ao69_am29_5,69,8,SATISFIED,5.3133,110370791.0,30609.66
SAL-Ei-LM,bom_deep_7_3_15_5_No1_p20_ao69_am15_5_m30_ao69_am29_5,69,9,SATISFIED,5.3189,110672894.0,30730.16
SAL-Ei-LM,bom_deep_7_3_15_5_No1_p20_ao69_am15_5_m30_ao69_am29_5,69,10,SATISFIED,5.4399,107799510.0,30929.69
SAL-Ei-LM,bom_deep_7_3_15_5_No1_p30_ao75_am15_1,75,1,SATISFIED,5.3283,122535770.0,32476.16
SAL-Ei-LM,bom_deep_7_3_15_5_No1_p30_ao75_am15_1,75,2,SATISFIED,5.3429,122518545.0,34248.19
SAL-Ei-LM,bom_deep_7_3_15_5_No1_p30_ao75_am15_1,75,3,SATISFIED,5.3707,122530625.0,33209.03
SAL-Ei-LM,bom_deep_7_3_15_5_No1_p30_ao75_am15_1,75,4,SATISFIED,5.3703,122510070.0,34163.75
SAL-Ei-LM,bom_deep_7_3_15_5_No1_p30_ao75_am15_1,75,5,SATISFIED,5.3988,122678150.0,32968.91
SAL-Ei-LM,bom_deep_7_3_15_5_No1_p30_ao75_am15_1,75,6,SATISFIED,5.336,122564235.0,33808.09
SAL-Ei-LM,bom_deep_7_3_15_5_No1_p30_ao75_am15_1,75,7,SATISFIED,5.4598,122534130.0,34171.0
SAL-Ei-LM,bom_deep_7_3_15_5_No1_p30_ao75_am15_1,75,8,SATISFIED,5.347,122549690.0,32928.72
SAL-Ei-LM,bom_deep_7_3_15_5_No1_p30_ao75_am15_1,75,9,SATISFIED,5.3529,122503775.0,33948.03
SAL-Ei-LM,bom_deep_7_3_15_5_No1_p30_ao75_am15_1,75,10,SATISFIED,5.3646,122558505.0,33679.91
SAL-Ei-LM,bom_deep_7_3_15_5_No1_p30_ao75_am15_1_m10_ao75_am10_1,75,1,SATISFIED,5.2449,106836618.0,39190.03
SAL-Ei-LM,bom_deep_7_3_15_5_No1_p30_ao75_am15_1_m10_ao75_am10_1,75,2,SATISFIED,5.3367,106838539.0,38282.12
SAL-Ei-LM,bom_deep_7_3_15_5_No1_p30_ao75_am15_1_m10_ao75_am10_1,75,3,SATISFIED,5.3328,106837473.0,38837.69
SAL-Ei-LM,bom_deep_7_3_15_5_No1_p30_ao75_am15_1_m10_ao75_am10_1,75,4,SATISFIED,5.4103,106834196.0,38404.06
SAL-Ei-LM,bom_deep_7_3_15_5_No1_p30_ao75_am15_1_m10_ao75_am10_1,75,5,SATISFIED,5.3272,106834884.0,36355.53
SAL-Ei-LM,bom_deep_7_3_15_5_No1_p30_ao75_am15_1_m10_ao75_am10_1,75,6,SATISFIED,5.3285,106839237.0,39129.72
SAL-Ei-LM,bom_deep_7_3_15_5_No1_p30_ao75_am15_1_m10_ao75_am10_1,75,7,SATISFIED,5.333,106836195.0,39601.81
SAL-Ei-LM,bom_deep_7_3_15_5_No1_p30_ao75_am15_1_m10_ao75_am10_1,75,8,SATISFIED,5.3327,106837438.0,38466.91
SAL-Ei-LM,bom_deep_7_3_15_5_No1_p30_ao75_am15_1_m10_ao75_am10_1,75,9,SATISFIED,5.3349,106837438.0,38644.34
SAL-Ei-LM,bom_deep_7_3_15_5_No1_p30_ao75_am15_1_m10_ao75_am10_1,75,10,SATISFIED,5.3349,106835725.0,37629.72
SAL-Ei-LM,bom_deep_7_3_15_5_No1_p30_ao75_am15_1_m10_ao75_am10_2,75,1,SATISFIED,5.408,158204552.0,38238.91
SAL-Ei-LM,bom_deep_7_3_15_5_No1_p30_ao75_am15_1_m10_ao75_am10_2,75,2,SATISFIED,5.327,158156020.0,39601.0
SAL-Ei-LM,bom_deep_7_3_15_5_No1_p30_ao75_am15_1_m10_ao75_am10_2,75,3,SATISFIED,5.3354,158200017.0,38620.06
SAL-Ei-LM,bom_deep_7_3_15_5_No1_p30_ao75_am15_1_m10_ao75_am10_2,75,4,SATISFIED,5.3385,158202833.0,40285.41
SAL-Ei-LM,bom_deep_7_3_15_5_No1_p30_ao75_am15_1_m10_ao75_am10_2,75,5,SATISFIED,5.3312,158192965.0,39713.34
SAL-Ei-LM,bom_deep_7_3_15_5_No1_p30_ao75_am15_1_m10_ao75_am10_2,75,6,SATISFIED,5.3305,158211063.0,38829.97
SAL-Ei-LM,bom_deep_7_3_15_5_No1_p30_ao75_am15_1_m10_ao75_am10_2,75,7,SATISFIED,5.3491,158202850.0,38886.53
SAL-Ei-LM,bom_deep_7_3_15_5_No1_p30_ao75_am15_1_m10_ao75_am10_2,75,8,SATISFIED,5.4585,158189985.0,38857.34
SAL-Ei-LM,bom_deep_7_3_15_5_No1_p30_ao75_am15_1_m10_ao75_am10_2,75,9,SATISFIED,5.3815,158204840.0,36554.22
SAL-Ei-LM,bom_deep_7_3_15_5_No1_p30_ao75_am15_1_m10_ao75_am10_2,75,10,SATISFIED,5.3979,158199745.0,39030.28
SAL-Ei-LM,bom_deep_7_3_15_5_No1_p30_ao75_am15_1_m10_ao75_am10_3,75,1,SATISFIED,5.3938,122847740.0,34736.81
SAL-Ei-LM,bom_deep_7_3_15_5_No1_p30_ao75_am15_1_m10_ao75_am10_3,75,2,SATISFIED,5.3801,122846305.0,35804.59
SAL-Ei-LM,bom_deep_7_3_15_5_No1_p30_ao75_am15_1_m10_ao75_am10_3,75,3,SATISFIED,5.38,121864326.0,36047.38
SAL-Ei-LM,bom_deep_7_3_15_5_No1_p30_ao75_am15_1_m10_ao75_am10_3,75,4,SATISFIED,5.3796,121851810.0,36666.59
SAL-Ei-LM,bom_deep_7_3_15_5_No1_p30_ao75_am15_1_m10_ao75_am10_3,75,5,SATISFIED,5.343,121480985.0,35418.81
SAL-Ei-LM,bom_deep_7_3_15_5_No1_p30_ao75_am15_1_m10_ao75_am10_3,75,6,SATISFIED,5.3909,122862735.0,36986.88
SAL-Ei-LM,bom_deep_7_3_15_5_No1_p30_ao75_am15_1_m10_ao75_am10_3,75,7,SATISFIED,5.3454,122064582.0,37493.41
SAL-Ei-LM,bom_deep_7_3_15_5_No1_p30_ao75_am15_1_m10_ao75_am10_3,75,8,SATISFIED,5.3589,122847665.0,37256.28
SAL-Ei-LM,bom_deep_7_3_15_5_No1_p30_ao75_am15_1_m10_ao75_am10_3,75,9,SATISFIED,5.3603,122849015.0,37203.84
SAL-Ei-LM,bom_deep_7_3_15_5_No1_p30_ao75_am15_1_m10_ao75_am10_3,75,10,SATISFIED,5.3654,123024950.0,37162.5
SAL-Ei-LM,bom_deep_7_3_15_5_No1_p30_ao75_am15_1_m10_ao75_am10_4,75,1,SATISFIED,5.3507,81308865.0,35330.22
SAL-Ei-LM,bom_deep_7_3_15_5_No1_p30_ao75_am15_1_m10_ao75_am10_4,75,2,SATISFIED,5.3619,81309380.0,36028.72
SAL-Ei-LM,bom_deep_7_3_15_5_No1_p30_ao75_am15_1_m10_ao75_am10_4,75,3,SATISFIED,5.4303,81310659.0,35329.44
SAL-Ei-LM,bom_deep_7_3_15_5_No1_p30_ao75_am15_1_m10_ao75_am10_4,75,4,SATISFIED,5.3696,81309222.0,34429.34
SAL-Ei-LM,bom_deep_7_3_15_5_No1_p30_ao75_am15_1_m10_ao75_am10_4,75,5,SATISFIED,5.4186,81313495.0,34960.47
SAL-Ei-LM,bom_deep_7_3_15_5_No1_p30_ao75_am15_1_m10_ao75_am10_4,75,6,SATISFIED,5.3639,81310877.0,36214.16
SAL-Ei-LM,bom_deep_7_3_15_5_No1_p30_ao75_am15_1_m10_ao75_am10_4,75,7,SATISFIED,5.3703,81310535.0,36363.72
SAL-Ei-LM,bom_deep_7_3_15_5_No1_p30_ao75_am15_1_m10_ao75_am10_4,75,8,SATISFIED,5.3878,81315940.0,35887.41
SAL-Ei-LM,bom_deep_7_3_15_5_No1_p30_ao75_am15_1_m10_ao75_am10_4,75,9,SATISFIED,5.376,81307445.0,35480.31
SAL-Ei-LM,bom_deep_7_3_15_5_No1_p30_ao75_am15_1_m10_ao75_am10_4,75,10,SATISFIED,5.5306,81308238.0,36249.47
SAL-Ei-LM,bom_deep_7_3_15_5_No1_p30_ao75_am15_1_m10_ao75_am10_5,75,1,SATISFIED,5.3523,62602276.0,32474.56
SAL-Ei-LM,bom_deep_7_3_15_5_No1_p30_ao75_am15_1_m10_ao75_am10_5,75,2,SATISFIED,5.3619,63730107.0,35122.34
SAL-Ei-LM,bom_deep_7_3_15_5_No1_p30_ao75_am15_1_m10_ao75_am10_5,75,3,SATISFIED,5.3573,63114580.0,35288.72
SAL-Ei-LM,bom_deep_7_3_15_5_No1_p30_ao75_am15_1_m10_ao75_am10_5,75,4,SATISFIED,5.3468,63310153.0,35066.34
SAL-Ei-LM,bom_deep_7_3_15_5_No1_p30_ao75_am15_1_m10_ao75_am10_5,75,5,SATISFIED,5.3654,62833406.0,34948.88
SAL-Ei-LM,bom_deep_7_3_15_5_No1_p30_ao75_am15_1_m10_ao75_am10_5,75,6,SATISFIED,5.3569,62299673.0,35907.56
SAL-Ei-LM,bom_deep_7_3_15_5_No1_p30_ao75_am15_1_m10_ao75_am10_5,75,7,SATISFIED,5.3584,62307292.0,35362.34
SAL-Ei-LM,bom_deep_7_3_15_5_No1_p30_ao75_am15_1_m10_ao75_am10_5,75,8,SATISFIED,5.415,61809115.0,35708.34
SAL-Ei-LM,bom_deep_7_3_15_5_No1_p30_ao75_am15_1_m10_ao75_am10_5,75,9,SATISFIED,5.3534,61525125.0,34265.72
SAL-Ei-LM,bom_deep_7_3_15_5_No1_p30_ao75_am15_1_m10_ao75_am10_5,75,10,SATISFIED,5.3425,63479505.0,33813.06
SAL-Ei-LM,bom_deep_7_3_15_5_No1_p30_ao75_am15_1_m30_ao75_am24_1,75,1,SATISFIED,5.3521,66284069.0,32845.44
SAL-Ei-LM,bom_deep_7_3_15_5_No1_p30_ao75_am15_1_m30_ao75_am24_1,75,2,SATISFIED,5.3505,66387535.0,33496.59
SAL-Ei-LM,bom_deep_7_3_15_5_No1_p30_ao75_am15_1_m30_ao75_am24_1,75,3,SATISFIED,5.3567,66594924.0,34243.25
SAL-Ei-LM,bom_deep_7_3_15_5_No1_p30_ao75_am15_1_m30_ao75_am24_1,75,4,SATISFIED,5.4742,66475772.0,34638.72
SAL-Ei-LM,bom_deep_7_3_15_5_No1_p30_ao75_am15_1_m30_ao75_am24_1,75,5,SATISFIED,5.3538,66250787.0,32098.88
SAL-Ei-LM,bom_deep_7_3_15_5_No1_p30_ao75_am15_1_m30_ao75_am24_1,75,6,SATISFIED,5.3536,66284668.0,34513.5
SAL-Ei-LM,bom_deep_7_3_15_5_No1_p30_ao75_am15_1_m30_ao75_am24_1,75,7,SATISFIED,5.3555,66070485.0,32376.62
SAL-Ei-LM,bom_deep_7_3_15_5_No1_p30_ao75_am15_1_m30_ao75_am24_1,75,8,SATISFIED,5.3742,66171385.0,33368.44
SAL-Ei-LM,bom_deep_7_3_15_5_No1_p30_ao75_am15_1_m30_ao75_am24_1,75,9,SATISFIED,5.3945,66200553.0,33796.06
SAL-Ei-LM,bom_deep_7_3_15_5_No1_p30_ao75_am15_1_m30_ao75_am24_1,75,10,SATISFIED,5.4586,66248797.0,34702.91
SAL-Ei-LM,bom_deep_7_3_15_5_No1_p30_ao75_am15_1_m30_ao75_am25_5,75,1,SATISFIED,5.3504,87180315.0,33440.56
SAL-Ei-LM,bom_deep_7_3_15_5_No1_p30_ao75_am15_1_m30_ao75_am25_5,75,2,SATISFIED,5.3434,87424138.0,35899.38
SAL-Ei-LM,bom_deep_7_3_15_5_No1_p30_ao75_am15_1_m30_ao75_am25_5,75,3,SATISFIED,5.3417,86687032.0,36609.91
SAL-Ei-LM,bom_deep_7_3_15_5_No1_p30_ao75_am15_1_m30_ao75_am25_5,75,4,SATISFIED,5.3396,87619276.0,35802.59
SAL-Ei-LM,bom_deep_7_3_15_5_No1_p30_ao75_am15_1_m30_ao75_am25_5,75,5,SATISFIED,5.3465,87514015.0,34960.09
SAL-Ei-LM,bom_deep_7_3_15_5_No1_p30_ao75_am15_1_m30_ao75_am25_5,75,6,SATISFIED,5.3435,87252290.0,34547.25
SAL-Ei-LM,bom_deep_7_3_15_5_No1_p30_ao75_am15_1_m30_ao75_am25_5,75,7,SATISFIED,5.3813,86995217.0,31814.25
SAL-Ei-LM,bom_deep_7_3_15_5_No1_p30_ao75_am15_1_m30_ao75_am25_5,75,8,SATISFIED,5.3315,87461393.0,34752.22
SAL-Ei-LM,bom_deep_7_3_15_5_No1_p30_ao75_am15_1_m30_ao75_am25_5,75,9,SATISFIED,5.3422,87624288.0,34832.94
SAL-Ei-LM,bom_deep_7_3_15_5_No1_p30_ao75_am15_1_m30_ao75_am25_5,75,10,SATISFIED,5.3439,87166868.0,35897.31
SAL-Ei-LM,bom_deep_7_3_15_5_No1_p30_ao75_am15_1_m30_ao75_am28_2,75,1,SATISFIED,5.3399,72200627.0,33738.69
SAL-Ei-LM,bom_deep_7_3_15_5_No1_p30_ao75_am15_1_m30_ao75_am28_2,75,2,SATISFIED,5.368,73395317.0,33810.53
SAL-Ei-LM,bom_deep_7_3_15_5_No1_p30_ao75_am15_1_m30_ao75_am28_2,75,3,SATISFIED,5.4386,72288635.0,32874.38
SAL-Ei-LM,bom_deep_7_3_15_5_No1_p30_ao75_am15_1_m30_ao75_am28_2,75,4,SATISFIED,5.3607,72238250.0,32678.47
SAL-Ei-LM,bom_deep_7_3_15_5_No1_p30_ao75_am15_1_m30_ao75_am28_2,75,5,SATISFIED,5.3511,72514665.0,33625.44
SAL-Ei-LM,bom_deep_7_3_15_5_No1_p30_ao75_am15_1_m30_ao75_am28_2,75,6,SATISFIED,5.3689,72782996.0,32963.69
SAL-Ei-LM,bom_deep_7_3_15_5_No1_p30_ao75_am15_1_m30_ao75_am28_2,75,7,SATISFIED,5.3574,72726555.0,32231.66
SAL-Ei-LM,bom_deep_7_3_15_5_No1_p30_ao75_am15_1_m30_ao75_am28_2,75,8,SATISFIED,5.348,72656136.0,33360.75
SAL-Ei-LM,bom_deep_7_3_15_5_No1_p30_ao75_am15_1_m30_ao75_am28_2,75,9,SATISFIED,5.3585,72453510.0,33882.78
SAL-Ei-LM,bom_deep_7_3_15_5_No1_p30_ao75_am15_1_m30_ao75_am28_2,75,10,SATISFIED,5.1912,72508707.0,33582.59
SAL-Ei-LM,bom_deep_7_3_15_5_No1_p30_ao75_am15_1_m30_ao75_am28_3,75,1,SATISFIED,5.3416,131637087.0,35783.88
SAL-Ei-LM,bom_deep_7_3_15_5_No1_p30_ao75_am15_1_m30_ao75_am28_3,75,2,SATISFIED,5.3374,131809002.0,35098.5
SAL-Ei-LM,bom_deep_7_3_15_5_No1_p30_ao75_am15_1_m30_ao75_am28_3,75,3,SATISFIED,5.3425,131784819.0,34900.41
SAL-Ei-LM,bom_deep_7_3_15_5_No1_p30_ao75_am15_1_m30_ao75_am28_3,75,4,SATISFIED,5.3384,131532053.0,35403.28
SAL-Ei-LM,bom_deep_7_3_15_5_No1_p30_ao75_am15_1_m30_ao75_am28_3,75,5,SATISFIED,5.4753,131813550.0,35532.44
SAL-Ei-LM,bom_deep_7_3_15_5_No1_p30_ao75_am15_1_m30_ao75_am28_3,75,6,SATISFIED,5.3287,131661125.0,32608.53
SAL-Ei-LM,bom_deep_7_3_15_5_No1_p30_ao75_am15_1_m30_ao75_am28_3,75,7,SATISFIED,5.3442,131705456.0,35392.94
SAL-Ei-LM,bom_deep_7_3_15_5_No1_p30_ao75_am15_1_m30_ao75_am28_3,75,8,SATISFIED,5.3396,131738134.0,35084.91
SAL-Ei-LM,bom_deep_7_3_15_5_No1_p30_ao75_am15_1_m30_ao75_am28_3,75,9,SATISFIED,5.3376,131734657.0,35651.94
SAL-Ei-LM,bom_deep_7_3_15_5_No1_p30_ao75_am15_1_m30_ao75_am28_3,75,10,SATISFIED,5.3448,131532488.0,33315.69
SAL-Ei-LM,bom_deep_7_3_15_5_No1_p30_ao75_am15_1_m30_ao75_am28_4,75,1,SATISFIED,5.432,138120000.0,34027.88
SAL-Ei-LM,bom_deep_7_3_15_5_No1_p30_ao75_am15_1_m30_ao75_am28_4,75,2,SATISFIED,5.3362,138088580.0,32412.81
SAL-Ei-LM,bom_deep_7_3_15_5_No1_p30_ao75_am15_1_m30_ao75_am28_4,75,3,SATISFIED,5.3448,138171015.0,34597.16
SAL-Ei-LM,bom_deep_7_3_15_5_No1_p30_ao75_am15_1_m30_ao75_am28_4,75,4,SATISFIED,5.3443,138002105.0,32903.66
SAL-Ei-LM,bom_deep_7_3_15_5_No1_p30_ao75_am15_1_m30_ao75_am28_4,75,5,SATISFIED,5.3386,138157030.0,34530.28
SAL-Ei-LM,bom_deep_7_3_15_5_No1_p30_ao75_am15_1_m30_ao75_am28_4,75,6,SATISFIED,5.3409,138152409.0,34185.12
SAL-Ei-LM,bom_deep_7_3_15_5_No1_p30_ao75_am15_1_m30_ao75_am28_4,75,7,SATISFIED,5.3385,138096080.0,33899.59
SAL-Ei-LM,bom_deep_7_3_15_5_No1_p30_ao75_am15_1_m30_ao75_am28_4,75,8,SATISFIED,5.3859,138095390.0,34999.09
SAL-Ei-LM,bom_deep_7_3_15_5_No1_p30_ao75_am15_1_m30_ao75_am28_4,75,9,SATISFIED,5.3381,138101184.0,33709.41
SAL-Ei-LM,bom_deep_7_3_15_5_No1_p30_ao75_am15_1_m30_ao75_am28_4,75,10,SATISFIED,5.342,138061758.0,34253.38
SAL-Ei-LM,bom_deep_7_3_15_5_No1_p30_ao75_am15_2,75,1,SATISFIED,5.335,55760610.0,33231.25
SAL-Ei-LM,bom_deep_7_3_15_5_No1_p30_ao75_am15_2,75,2,SATISFIED,5.3422,56138551.0,33957.25
SAL-Ei-LM,bom_deep_7_3_15_5_No1_p30_ao75_am15_2,75,3,SATISFIED,5.3479,56017573.0,31905.75
SAL-Ei-LM,bom_deep_7_3_15_5_No1_p30_ao75_am15_2,75,4,SATISFIED,5.4292,55809840.0,33321.31
SAL-Ei-LM,bom_deep_7_3_15_5_No1_p30_ao75_am15_2,75,5,SATISFIED,5.3354,56012780.0,32115.09
SAL-Ei-LM,bom_deep_7_3_15_5_No1_p30_ao75_am15_2,75,6,SATISFIED,5.3399,56037305.0,34169.44
SAL-Ei-LM,bom_deep_7_3_15_5_No1_p30_ao75_am15_2,75,7,SATISFIED,5.3414,55771019.0,32235.44
SAL-Ei-LM,bom_deep_7_3_15_5_No1_p30_ao75_am15_2,75,8,SATISFIED,5.3386,56182295.0,32715.16
SAL-Ei-LM,bom_deep_7_3_15_5_No1_p30_ao75_am15_2,75,9,SATISFIED,5.3365,55786570.0,32603.28
SAL-Ei-LM,bom_deep_7_3_15_5_No1_p30_ao75_am15_2,75,10,SATISFIED,5.3389,56135465.0,33344.94
SAL-Ei-LM,bom_deep_7_3_15_5_No1_p30_ao75_am15_2_m10_ao75_am10_1,75,1,SATISFIED,5.3957,185778203.0,35794.31
SAL-Ei-LM,bom_deep_7_3_15_5_No1_p30_ao75_am15_2_m10_ao75_am10_1,75,2,SATISFIED,5.3269,185767705.0,36508.66
SAL-Ei-LM,bom_deep_7_3_15_5_No1_p30_ao75_am15_2_m10_ao75_am10_1,75,3,SATISFIED,5.1932,185839711.0,37485.5
SAL-Ei-LM,bom_deep_7_3_15_5_No1_p30_ao75_am15_2_m10_ao75_am10_1,75,4,SATISFIED,5.3417,185826038.0,38381.06
SAL-Ei-LM,bom_deep_7_3_15_5_No1_p30_ao75_am15_2_m10_ao75_am10_1,75,5,SATISFIED,5.351,185794962.0,39513.47
SAL-Ei-LM,bom_deep_7_3_15_5_No1_p30_ao75_am15_2_m10_ao75_am10_1,75,6,SATISFIED,5.3398,186012662.0,38101.5
SAL-Ei-LM,bom_deep_7_3_15_5_No1_p30_ao75_am15_2_m10_ao75_am10_1,75,7,SATISFIED,5.3324,186055153.0,38491.88
SAL-Ei-LM,bom_deep_7_3_15_5_No1_p30_ao75_am15_2_m10_ao75_am10_1,75,8,SATISFIED,5.4625,185841786.0,37584.78
SAL-Ei-LM,bom_deep_7_3_15_5_No1_p30_ao75_am15_2_m10_ao75_am10_1,75,9,SATISFIED,5.3225,185828619.0,36218.0
SAL-Ei-LM,bom_deep_7_3_15_5_No1_p30_ao75_am15_2_m10_ao75_am10_1,75,10,SATISFIED,5.3463,185773094.0,37171.06
SAL-Ei-LM,bom_deep_7_3_15_5_No1_p30_ao75_am15_2_m10_ao75_am10_2,75,1,SATISFIED,5.3306,191642400.0,37108.69
SAL-Ei-LM,bom_deep_7_3_15_5_No1_p30_ao75_am15_2_m10_ao75_am10_2,75,2,SATISFIED,5.3375,191772696.0,36908.41
SAL-Ei-LM,bom_deep_7_3_15_5_No1_p30_ao75_am15_2_m10_ao75_am10_2,75,3,SATISFIED,5.3393,191629075.0,36630.84
SAL-Ei-LM,bom_deep_7_3_15_5_No1_p30_ao75_am15_2_m10_ao75_am10_2,75,4,SATISFIED,5.3419,191601538.0,37610.72
SAL-Ei-LM,bom_deep_7_3_15_5_No1_p30_ao75_am15_2_m10_ao75_am10_2,75,5,SATISFIED,5.4653,192175424.0,36873.59
SAL-Ei-LM,bom_deep_7_3_15_5_No1_p30_ao75_am15_2_m10_ao75_am10_2,75,6,SATISFIED,5.3236,192073336.0,34943.34
SAL-Ei-LM,bom_deep_7_3_15_5_No1_p30_ao75_am15_2_m10_ao75_am10_2,75,7,SATISFIED,5.335,191934067.0,36555.38
SAL-Ei-LM,bom_deep_7_3_15_5_No1_p30_ao75_am15_2_m10_ao75_am10_2,75,8,SATISFIED,5.3403,191736517.0,36829.56
SAL-Ei-LM,bom_deep_7_3_15_5_No1_p30_ao75_am15_2_m10_ao75_am10_2,75,9,SATISFIED,5.3438,191944791.0,36860.25
SAL-Ei-LM,bom_deep_7_3_15_5_No1_p30_ao75_am15_2_m10_ao75_am10_2,75,10,SATISFIED,5.3367,191762965.0,37108.38
SAL-Ei-LM,bom_deep_7_3_15_5_No1_p30_ao75_am15_2_m10_ao75_am10_3,75,1,SATISFIED,5.34,349786855.0,34100.47
SAL-Ei-LM,bom_deep_7_3_15_5_No1_p30_ao75_am15_2_m10_ao75_am10_3,75,2,SATISFIED,5.3371,350148492.0,36772.25
SAL-Ei-LM,bom_deep_7_3_15_5_No1_p30_ao75_am15_2_m10_ao75_am10_3,75,3,SATISFIED,5.3941,349400362.0,37705.28
SAL-Ei-LM,bom_deep_7_3_15_5_No1_p30_ao75_am15_2_m10_ao75_am10_3,75,4,SATISFIED,5.3297,349284490.0,36009.06
SAL-Ei-LM,bom_deep_7_3_15_5_No1_p30_ao75_am15_2_m10_ao75_am10_3,75,5,SATISFIED,5.3461,350128270.0,37124.41
SAL-Ei-LM,bom_deep_7_3_15_5_No1_p30_ao75_am15_2_m10_ao75_am10_3,75,6,SATISFIED,5.3338,349408043.0,36923.72
SAL-Ei-LM,bom_deep_7_3_15_5_No1_p30_ao75_am15_2_m10_ao75_am10_3,75,7,SATISFIED,5.3386,349288650.0,38017.75
SAL-Ei-LM,bom_deep_7_3_15_5_No1_p30_ao75_am15_2_m10_ao75_am10_3,75,8,SATISFIED,5.3493,349593070.0,36989.53
SAL-Ei-LM,bom_deep_7_3_15_5_No1_p30_ao75_am15_2_m10_ao75_am10_3,75,9,SATISFIED,5.3397,349724658.0,36952.41
SAL-Ei-LM,bom_deep_7_3_15_5_No1_p30_ao75_am15_2_m10_ao75_am10_3,75,10,SATISFIED,5.4131,349549283.0,36986.5
SAL-Ei-LM,bom_deep_7_3_15_5_No1_p30_ao75_am15_2_m10_ao75_am10_4,75,1,SATISFIED,5.3347,280313140.0,36322.34
SAL-Ei-LM,bom_deep_7_3_15_5_No1_p30_ao75_am15_2_m10_ao75_am10_4,75,2,SATISFIED,5.3475,280352361.0,38962.25
SAL-Ei-LM,bom_deep_7_3_15_5_No1_p30_ao75_am15_2_m10_ao75_am10_4,75,3,SATISFIED,5.3495,280335090.0,36859.09
SAL-Ei-LM,bom_deep_7_3_15_5_No1_p30_ao75_am15_2_m10_ao75_am10_4,75,4,SATISFIED,5.2063,280395389.0,38204.34
SAL-Ei-LM,bom_deep_7_3_15_5_No1_p30_ao75_am15_2_m10_ao75_am10_4,75,5,SATISFIED,5.3507,280209412.0,39229.09
SAL-Ei-LM,bom_deep_7_3_15_5_No1_p30_ao75_am15_2_m10_ao75_am10_4,75,6,SATISFIED,5.347,280365185.0,38544.25
SAL-Ei-LM,bom_deep_7_3_15_5_No1_p30_ao75_am15_2_m10_ao75_am10_4,75,7,SATISFIED,5.4344,280365660.0,38195.47
SAL-Ei-LM,bom_deep_7_3_15_5_No1_p30_ao75_am15_2_m10_ao75_am10_4,75,8,SATISFIED,5.3402,280358615.0,36499.28
SAL-Ei-LM,bom_deep_7_3_15_5_No1_p30_ao75_am15_2_m10_ao75_am10_4,75,9,SATISFIED,5.3505,280337770.0,38294.44
SAL-Ei-LM,bom_deep_7_3_15_5_No1_p30_ao75_am15_2_m10_ao75_am10_4,75,10,SATISFIED,5.3557,280212330.0,37598.16
SAL-Ei-LM,bom_deep_7_3_15_5_No1_p30_ao75_am15_2_m10_ao75_am10_5,75,1,SATISFIED,5.3456,284285256.0,37532.88
SAL-Ei-LM,bom_deep_7_3_15_5_No1_p30_ao75_am15_2_m10_ao75_am10_5,75,2,SATISFIED,5.3575,284073365.0,37022.03
SAL-Ei-LM,bom_deep_7_3_15_5_No1_p30_ao75_am15_2_m10_ao75_am10_5,75,3,SATISFIED,5.3517,284762918.0,37482.72
SAL-Ei-LM,bom_deep_7_3_15_5_No1_p30_ao75_am15_2_m10_ao75_am10_5,75,4,SATISFIED,5.3521,285111421.0,38202.84
SAL-Ei-LM,bom_deep_7_3_15_5_No1_p30_ao75_am15_2_m10_ao75_am10_5,75,5,SATISFIED,5.3808,285212061.0,39313.81
SAL-Ei-LM,bom_deep_7_3_15_5_No1_p30_ao75_am15_2_m10_ao75_am10_5,75,6,SATISFIED,5.3511,284289802.0,39071.56
SAL-Ei-LM,bom_deep_7_3_15_5_No1_p30_ao75_am15_2_m10_ao75_am10_5,75,7,SATISFIED,5.3739,283660740.0,38465.59
SAL-Ei-LM,bom_deep_7_3_15_5_No1_p30_ao75_am15_2_m10_ao75_am10_5,75,8,SATISFIED,5.3529,284318891.0,37870.81
SAL-Ei-LM,bom_deep_7_3_15_5_No1_p30_ao75_am15_2_m10_ao75_am10_5,75,9,SATISFIED,5.3532,285087203.0,38695.09
SAL-Ei-LM,bom_deep_7_3_15_5_No1_p30_ao75_am15_2_m10_ao75_am10_5,75,10,SATISFIED,5.3466,285058182.0,39707.75
SAL-Ei-LM,bom_deep_7_3_15_5_No1_p30_ao75_am15_2_m30_ao75_am23_1,75,1,SATISFIED,5.3469,99473856.0,34105.72
SAL-Ei-LM,bom_deep_7_3_15_5_No1_p30_ao75_am15_2_m30_ao75_am23_1,75,2,SATISFIED,5.3751,99223915.0,34435.75
SAL-Ei-LM,bom_deep_7_3_15_5_No1_p30_ao75_am15_2_m30_ao75_am23_1,75,3,SATISFIED,5.3447,100325924.0,34807.09
SAL-Ei-LM,bom_deep_7_3_15_5_No1_p30_ao75_am15_2_m30_ao75_am23_1,75,4,SATISFIED,5.3563,98442339.0,33215.31
SAL-Ei-LM,bom_deep_7_3_15_5_No1_p30_ao75_am15_2_m30_ao75_am23_1,75,5,SATISFIED,5.3533,99064942.0,34472.38
SAL-Ei-LM,bom_deep_7_3_15_5_No1_p30_ao75_am15_2_m30_ao75_am23_1,75,6,SATISFIED,5.3445,100068552.0,34604.84
SAL-Ei-LM,bom_deep_7_3_15_5_No1_p30_ao75_am15_2_m30_ao75_am23_1,75,7,SATISFIED,5.3648,98348986.0,33795.41
SAL-Ei-LM,bom_deep_7_3_15_5_No1_p30_ao75_am15_2_m30_ao75_am23_1,75,8,SATISFIED,5.4016,98933770.0,34303.16
SAL-Ei-LM,bom_deep_7_3_15_5_No1_p30_ao75_am15_2_m30_ao75_am23_1,75,9,SATISFIED,5.3392,99239071.0,32796.47
SAL-Ei-LM,bom_deep_7_3_15_5_No1_p30_ao75_am15_2_m30_ao75_am23_1,75,10,SATISFIED,5.339,98624011.0,34237.88
SAL-Ei-LM,bom_deep_7_3_15_5_No1_p30_ao75_am15_2_m30_ao75_am24_2,75,1,SATISFIED,5.3393,104768585.0,35926.59
SAL-Ei-LM,bom_deep_7_3_15_5_No1_p30_ao75_am15_2_m30_ao75_am24_2,75,2,SATISFIED,5.3526,105127440.0,36041.19
SAL-Ei-LM,bom_deep_7_3_15_5_No1_p30_ao75_am15_2_m30_ao75_am24_2,75,3,SATISFIED,5.3503,105500770.0,36434.19
SAL-Ei-LM,bom_deep_7_3_15_5_No1_p30_ao75_am15_2_m30_ao75_am24_2,75,4,SATISFIED,5.4474,105093640.0,35925.94
SAL-Ei-LM,bom_deep_7_3_15_5_No1_p30_ao75_am15_2_m30_ao75_am24_2,75,5,SATISFIED,5.3629,104909785.0,33833.53
SAL-Ei-LM,bom_deep_7_3_15_5_No1_p30_ao75_am15_2_m30_ao75_am24_2,75,6,SATISFIED,5.3572,105203678.0,35630.59
SAL-Ei-LM,bom_deep_7_3_15_5_No1_p30_ao75_am15_2_m30_ao75_am24_2,75,7,SATISFIED,5.3495,105113717.0,35494.88
SAL-Ei-LM,bom_deep_7_3_15_5_No1_p30_ao75_am15_2_m30_ao75_am24_2,75,8,SATISFIED,5.3516,104985650.0,36618.12
SAL-Ei-LM,bom_deep_7_3_15_5_No1_p30_ao75_am15_2_m30_ao75_am24_2,75,9,SATISFIED,5.3434,104991241.0,35800.16
SAL-Ei-LM,bom_deep_7_3_15_5_No1_p30_ao75_am15_2_m30_ao75_am24_2,75,10,SATISFIED,5.3465,104903075.0,36876.44
SAL-Ei-LM,bom_deep_7_3_15_5_No1_p30_ao75_am15_2_m30_ao75_am24_4,75,1,SATISFIED,5.3793,128792505.0,34366.59
SAL-Ei-LM,bom_deep_7_3_15_5_No1_p30_ao75_am15_2_m30_ao75_am24_4,75,2,SATISFIED,5.3405,128743719.0,34244.03
SAL-Ei-LM,bom_deep_7_3_15_5_No1_p30_ao75_am15_2_m30_ao75_am24_4,75,3,SATISFIED,5.34,128610965.0,34940.94
SAL-Ei-LM,bom_deep_7_3_15_5_No1_p30_ao75_am15_2_m30_ao75_am24_4,75,4,SATISFIED,5.3444,128861271.0,33829.5
SAL-Ei-LM,bom_deep_7_3_15_5_No1_p30_ao75_am15_2_m30_ao75_am24_4,75,5,SATISFIED,5.3504,128891080.0,33908.0
SAL-Ei-LM,bom_deep_7_3_15_5_No1_p30_ao75_am15_2_m30_ao75_am24_4,75,6,SATISFIED,5.3494,129514120.0,36008.56
SAL-Ei-LM,bom_deep_7_3_15_5_No1_p30_ao75_am15_2_m30_ao75_am24_4,75,7,SATISFIED,5.4057,129135886.0,35514.06
SAL-Ei-LM,bom_deep_7_3_15_5_No1_p30_ao75_am15_2_m30_ao75_am24_4,75,8,SATISFIED,5.338,128920820.0,33333.38
SAL-Ei-LM,bom_deep_7_3_15_5_No1_p30_ao75_am15_2_m30_ao75_am24_4,75,9,SATISFIED,5.3366,128917335.0,35298.75
SAL-Ei-LM,bom_deep_7_3_15_5_No1_p30_ao75_am15_2_m30_ao75_am24_4,75,10,SATISFIED,5.3459,130048041.0,35145.12
SAL-Ei-LM,bom_deep_7_3_15_5_No1_p30_ao75_am15_2_m30_ao75_am24_5,75,1,SATISFIED,5.3501,90592740.0,35173.12
SAL-Ei-LM,bom_deep_7_3_15_5_No1_p30_ao75_am15_2_m30_ao75_am24_5,75,2,SATISFIED,5.3468,90360448.0,35569.44
SAL-Ei-LM,bom_deep_7_3_15_5_No1_p30_ao75_am15_2_m30_ao75_am24_5,75,3,SATISFIED,5.4621,90367695.0,34852.91
SAL-Ei-LM,bom_deep_7_3_15_5_No1_p30_ao75_am15_2_m30_ao75_am24_5,75,4,SATISFIED,5.3353,90565997.0,33394.16
SAL-Ei-LM,bom_deep_7_3_15_5_No1_p30_ao75_am15_2_m30_ao75_am24_5,75,5,SATISFIED,5.3536,90900060.0,35250.03
SAL-Ei-LM,bom_deep_7_3_15_5_No1_p30_ao75_am15_2_m30_ao75_am24_5,75,6,SATISFIED,5.3604,90268635.0,35608.28
SAL-Ei-LM,bom_deep_7_3_15_5_No1_p30_ao75_am15_2_m30_ao75_am24_5,75,7,SATISFIED,5.3582,90438190.0,35318.97
SAL-Ei-LM,bom_deep_7_3_15_5_No1_p30_ao75_am15_2_m30_ao75_am24_5,75,8,SATISFIED,5.3549,90417200.0,34196.22
SAL-Ei-LM,bom_deep_7_3_15_5_No1_p30_ao75_am15_2_m30_ao75_am24_5,75,9,SATISFIED,5.3449,90363945.0,35099.78
SAL-Ei-LM,bom_deep_7_3_15_5_No1_p30_ao75_am15_2_m30_ao75_am24_5,75,10,SATISFIED,5.4041,90550655.0,35298.31
SAL-Ei-LM,bom_deep_7_3_15_5_No1_p30_ao75_am15_2_m30_ao75_am27_3,75,1,SATISFIED,5.3495,328683702.0,32226.97
SAL-Ei-LM,bom_deep_7_3_15_5_No1_p30_ao75_am15_2_m30_ao75_am27_3,75,2,SATISFIED,5.3553,328682463.0,34704.19
SAL-Ei-LM,bom_deep_7_3_15_5_No1_p30_ao75_am15_2_m30_ao75_am27_3,75,3,SATISFIED,5.3508,328681214.0,33581.0
SAL-Ei-LM,bom_deep_7_3_15_5_No1_p30_ao75_am15_2_m30_ao75_am27_3,75,4,SATISFIED,5.3511,328684936.0,34781.75
SAL-Ei-LM,bom_deep_7_3_15_5_No1_p30_ao75_am15_2_m30_ao75_am27_3,75,5,SATISFIED,5.3533,328688301.0,34239.38
SAL-Ei-LM,bom_deep_7_3_15_5_No1_p30_ao75_am15_2_m30_ao75_am27_3,75,6,SATISFIED,5.4324,328679599.0,34397.06
SAL-Ei-LM,bom_deep_7_3_15_5_No1_p30_ao75_am15_2_m30_ao75_am27_3,75,7,SATISFIED,5.3414,328684699.0,33651.19
SAL-Ei-LM,bom_deep_7_3_15_5_No1_p30_ao75_am15_2_m30_ao75_am27_3,75,8,SATISFIED,5.3734,328681677.0,34999.31
SAL-Ei-LM,bom_deep_7_3_15_5_No1_p30_ao75_am15_2_m30_ao75_am27_3,75,9,SATISFIED,5.2502,328687234.0,35542.59
SAL-Ei-LM,bom_deep_7_3_15_5_No1_p30_ao75_am15_2_m30_ao75_am27_3,75,10,SATISFIED,5.3453,328686724.0,34868.53
SAL-Ei-LM,bom_deep_7_3_15_5_No1_p30_ao75_am15_3,75,1,SATISFIED,5.3337,128687005.0,34016.0
SAL-Ei-LM,bom_deep_7_3_15_5_No1_p30_ao75_am15_3,75,2,SATISFIED,5.4533,128791515.0,34454.22
SAL-Ei-LM,bom_deep_7_3_15_5_No1_p30_ao75_am15_3,75,3,SATISFIED,5.3525,128695535.0,31973.19
SAL-Ei-LM,bom_deep_7_3_15_5_No1_p30_ao75_am15_3,75,4,SATISFIED,5.2583,128700610.0,33477.84
SAL-Ei-LM,bom_deep_7_3_15_5_No1_p30_ao75_am15_3,75,5,SATISFIED,5.3422,128893220.0,33963.31
SAL-Ei-LM,bom_deep_7_3_15_5_No1_p30_ao75_am15_3,75,6,SATISFIED,5.345,128798965.0,32969.09
SAL-Ei-LM,bom_deep_7_3_15_5_No1_p30_ao75_am15_3,75,7,SATISFIED,5.3365,128895820.0,33146.78
SAL-Ei-LM,bom_deep_7_3_15_5_No1_p30_ao75_am15_3,75,8,SATISFIED,5.3426,128779680.0,33074.47
SAL-Ei-LM,bom_deep_7_3_15_5_No1_p30_ao75_am15_3,75,9,SATISFIED,5.4335,128865345.0,33000.41
SAL-Ei-LM,bom_deep_7_3_15_5_No1_p30_ao75_am15_3,75,10,SATISFIED,5.338,128831070.0,31738.88
SAL-Ei-LM,bom_deep_7_3_15_5_No1_p30_ao75_am15_3_m10_ao75_am10_1,75,1,SATISFIED,5.3391,109468540.0,37370.41
SAL-Ei-LM,bom_deep_7_3_15_5_No1_p30_ao75_am15_3_m10_ao75_am10_1,75,2,SATISFIED,5.3802,109466698.0,36916.62
SAL-Ei-LM,bom_deep_7_3_15_5_No1_p30_ao75_am15_3_m10_ao75_am10_1,75,3,SATISFIED,5.3507,109468805.0,37299.28
SAL-Ei-LM,bom_deep_7_3_15_5_No1_p30_ao75_am15_3_m10_ao75_am10_1,75,4,SATISFIED,5.3534,109470741.0,37407.62
SAL-Ei-LM,bom_deep_7_3_15_5_No1_p30_ao75_am15_3_m10_ao75_am10_1,75,5,SATISFIED,5.3365,109469455.0,37954.53
SAL-Ei-LM,bom_deep_7_3_15_5_No1_p30_ao75_am15_3_m10_ao75_am10_1,75,6,SATISFIED,5.4869,109468675.0,38138.69
SAL-Ei-LM,bom_deep_7_3_15_5_No1_p30_ao75_am15_3_m10_ao75_am10_1,75,7,SATISFIED,5.3343,109468858.0,34169.09
SAL-Ei-LM,bom_deep_7_3_15_5_No1_p30_ao75_am15_3_m10_ao75_am10_1,75,8,SATISFIED,5.3567,109466240.0,37738.06
SAL-Ei-LM,bom_deep_7_3_15_5_No1_p30_ao75_am15_3_m10_ao75_am10_1,75,9,SATISFIED,5.3589,109471612.0,37373.69
SAL-Ei-LM,bom_deep_7_3_15_5_No1_p30_ao75_am15_3_m10_ao75_am10_1,75,10,SATISFIED,5.335,109469462.0,38622.28
SAL-Ei-LM,bom_deep_7_3_15_5_No1_p30_ao75_am15_3_m10_ao75_am10_2,75,1,SATISFIED,5.1991,117685073.0,38444.19
SAL-Ei-LM,bom_deep_7_3_15_5_No1_p30_ao75_am15_3_m10_ao75_am10_2,75,2,SATISFIED,5.2296,117685260.0,38902.59
SAL-Ei-LM,bom_deep_7_3_15_5_No1_p30_ao75_am15_3_m10_ao75_am10_2,75,3,SATISFIED,5.3477,117675820.0,37813.62
SAL-Ei-LM,bom_deep_7_3_15_5_No1_p30_ao75_am15_3_m10_ao75_am10_2,75,4,SATISFIED,5.3899,117683290.0,38286.75
SAL-Ei-LM,bom_deep_7_3_15_5_No1_p30_ao75_am15_3_m10_ao75_am10_2,75,5,SATISFIED,5.3458,117681654.0,37356.78
SAL-Ei-LM,bom_deep_7_3_15_5_No1_p30_ao75_am15_3_m10_ao75_am10_2,75,6,SATISFIED,5.3556,117686995.0,38075.66
SAL-Ei-LM,bom_deep_7_3_15_5_No1_p30_ao75_am15_3_m10_ao75_am10_2,75,7,SATISFIED,5.3439,117687135.0,36926.59
SAL-Ei-LM,bom_deep_7_3_15_5_No1_p30_ao75_am15_3_m10_ao75_am10_2,75,8,SATISFIED,5.3489,117685780.0,37768.69
SAL-Ei-LM,bom_deep_7_3_15_5_No1_p30_ao75_am15_3_m10_ao75_am10_2,75,9,SATISFIED,5.2022,117685755.0,39226.09
SAL-Ei-LM,bom_deep_7_3_15_5_No1_p30_ao75_am15_3_m10_ao75_am10_2,75,10,SATISFIED,5.1998,117682478.0,37950.06
SAL-Ei-LM,bom_deep_7_3_15_5_No1_p30_ao75_am15_3_m10_ao75_am10_3,75,1,SATISFIED,5.3195,153767089.0,39120.09
SAL-Ei-LM,bom_deep_7_3_15_5_No1_p30_ao75_am15_3_m10_ao75_am10_3,75,2,SATISFIED,5.3307,153742561.0,37514.69
SAL-Ei-LM,bom_deep_7_3_15_5_No1_p30_ao75_am15_3_m10_ao75_am10_3,75,3,SATISFIED,5.4032,153755825.0,37014.94
SAL-Ei-LM,bom_deep_7_3_15_5_No1_p30_ao75_am15_3_m10_ao75_am10_3,75,4,SATISFIED,5.3703,153806919.0,38257.0
SAL-Ei-LM,bom_deep_7_3_15_5_No1_p30_ao75_am15_3_m10_ao75_am10_3,75,5,SATISFIED,5.3843,153758610.0,37999.31
SAL-Ei-LM,bom_deep_7_3_15_5_No1_p30_ao75_am15_3_m10_ao75_am10_3,75,6,SATISFIED,5.3721,153754212.0,37369.5
SAL-Ei-LM,bom_deep_7_3_15_5_No1_p30_ao75_am15_3_m10_ao75_am10_3,75,7,SATISFIED,5.3576,153758032.0,38188.66
SAL-Ei-LM,bom_deep_7_3_15_5_No1_p30_ao75_am15_3_m10_ao75_am10_3,75,8,SATISFIED,5.4755,153751145.0,38406.03
SAL-Ei-LM,bom_deep_7_3_15_5_No1_p30_ao75_am15_3_m10_ao75_am10_3,75,9,SATISFIED,5.3402,153759060.0,36110.34
SAL-Ei-LM,bom_deep_7_3_15_5_No1_p30_ao75_am15_3_m10_ao75_am10_3,75,10,SATISFIED,5.3532,153797540.0,38719.03
SAL-Ei-LM,bom_deep_7_3_15_5_No1_p30_ao75_am15_3_m10_ao75_am10_4,75,1,SATISFIED,5.3586,286686412.0,37642.69
SAL-Ei-LM,bom_deep_7_3_15_5_No1_p30_ao75_am15_3_m10_ao75_am10_4,75,2,SATISFIED,5.3688,286706092.0,37708.72
SAL-Ei-LM,bom_deep_7_3_15_5_No1_p30_ao75_am15_3_m10_ao75_am10_4,75,3,SATISFIED,5.3605,286679417.0,38336.94
SAL-Ei-LM,bom_deep_7_3_15_5_No1_p30_ao75_am15_3_m10_ao75_am10_4,75,4,SATISFIED,5.3444,286684056.0,38275.09
SAL-Ei-LM,bom_deep_7_3_15_5_No1_p30_ao75_am15_3_m10_ao75_am10_4,75,5,SATISFIED,5.3376,286683938.0,37865.94
SAL-Ei-LM,bom_deep_7_3_15_5_No1_p30_ao75_am15_3_m10_ao75_am10_4,75,6,SATISFIED,5.3533,286661315.0,37650.78
SAL-Ei-LM,bom_deep_7_3_15_5_No1_p30_ao75_am15_3_m10_ao75_am10_4,75,7,SATISFIED,5.2033,286696841.0,39990.94
SAL-Ei-LM,bom_deep_7_3_15_5_No1_p30_ao75_am15_3_m10_ao75_am10_4,75,8,SATISFIED,5.3553,286721797.0,37947.16
SAL-Ei-LM,bom_deep_7_3_15_5_No1_p30_ao75_am15_3_m10_ao75_am10_4,75,9,SATISFIED,5.1981,286694335.0,37835.72
SAL-Ei-LM,bom_deep_7_3_15_5_No1_p30_ao75_am15_3_m10_ao75_am10_4,75,10,SATISFIED,5.3683,286683615.0,38251.53
SAL-Ei-LM,bom_deep_7_3_15_5_No1_p30_ao75_am15_3_m10_ao75_am10_5,75,1,SATISFIED,5.3543,50835075.0,35260.66
SAL-Ei-LM,bom_deep_7_3_15_5_No1_p30_ao75_am15_3_m10_ao75_am10_5,75,2,SATISFIED,5.3441,50815350.0,35925.16
SAL-Ei-LM,bom_deep_7_3_15_5_No1_p30_ao75_am15_3_m10_ao75_am10_5,75,3,SATISFIED,5.3948,50806575.0,36294.78
SAL-Ei-LM,bom_deep_7_3_15_5_No1_p30_ao75_am15_3_m10_ao75_am10_5,75,4,SATISFIED,5.3362,50807125.0,35719.97
SAL-Ei-LM,bom_deep_7_3_15_5_No1_p30_ao75_am15_3_m10_ao75_am10_5,75,5,SATISFIED,5.3511,50827875.0,36024.41
SAL-Ei-LM,bom_deep_7_3_15_5_No1_p30_ao75_am15_3_m10_ao75_am10_5,75,6,SATISFIED,5.3521,50804160.0,36705.34
SAL-Ei-LM,bom_deep_7_3_15_5_No1_p30_ao75_am15_3_m10_ao75_am10_5,75,7,SATISFIED,5.348,50835420.0,36708.19
SAL-Ei-LM,bom_deep_7_3_15_5_No1_p30_ao75_am15_3_m10_ao75_am10_5,75,8,SATISFIED,5.3667,50823005.0,35621.28
SAL-Ei-LM,bom_deep_7_3_15_5_No1_p30_ao75_am15_3_m10_ao75_am10_5,75,9,SATISFIED,5.384,50820225.0,34473.88
SAL-Ei-LM,bom_deep_7_3_15_5_No1_p30_ao75_am15_3_m10_ao75_am10_5,75,10,SATISFIED,5.4748,50811667.0,35542.69
SAL-Ei-LM,bom_deep_7_3_15_5_No1_p30_ao75_am15_3_m30_ao75_am22_3,75,1,SATISFIED,5.3744,100516355.0,31343.81
SAL-Ei-LM,bom_deep_7_3_15_5_No1_p30_ao75_am15_3_m30_ao75_am22_3,75,2,SATISFIED,5.3974,100486605.0,34373.53
SAL-Ei-LM,bom_deep_7_3_15_5_No1_p30_ao75_am15_3_m30_ao75_am22_3,75,3,SATISFIED,5.3524,100427800.0,34881.66
SAL-Ei-LM,bom_deep_7_3_15_5_No1_p30_ao75_am15_3_m30_ao75_am22_3,75,4,SATISFIED,5.3455,100530895.0,34306.72
SAL-Ei-LM,bom_deep_7_3_15_5_No1_p30_ao75_am15_3_m30_ao75_am22_3,75,5,SATISFIED,5.3368,100460849.0,35417.0
SAL-Ei-LM,bom_deep_7_3_15_5_No1_p30_ao75_am15_3_m30_ao75_am22_3,75,6,SATISFIED,5.3473,100476750.0,34802.44
SAL-Ei-LM,bom_deep_7_3_15_5_No1_p30_ao75_am15_3_m30_ao75_am22_3,75,7,SATISFIED,5.3796,100471765.0,34604.56
SAL-Ei-LM,bom_deep_7_3_15_5_No1_p30_ao75_am15_3_m30_ao75_am22_3,75,8,SATISFIED,5.3403,100530895.0,34738.53
SAL-Ei-LM,bom_deep_7_3_15_5_No1_p30_ao75_am15_3_m30_ao75_am22_3,75,9,SATISFIED,5.3496,100507745.0,34929.78
SAL-Ei-LM,bom_deep_7_3_15_5_No1_p30_ao75_am15_3_m30_ao75_am22_3,75,10,SATISFIED,5.3399,100447570.0,35046.38
SAL-Ei-LM,bom_deep_7_3_15_5_No1_p30_ao75_am15_3_m30_ao75_am24_4,75,1,SATISFIED,5.3601,337075690.0,35199.19
SAL-Ei-LM,bom_deep_7_3_15_5_No1_p30_ao75_am15_3_m30_ao75_am24_4,75,2,SATISFIED,5.3422,337041316.0,34886.0
SAL-Ei-LM,bom_deep_7_3_15_5_No1_p30_ao75_am15_3_m30_ao75_am24_4,75,3,SATISFIED,5.4095,337080147.0,35297.34
SAL-Ei-LM,bom_deep_7_3_15_5_No1_p30_ao75_am15_3_m30_ao75_am24_4,75,4,SATISFIED,5.3302,337090793.0,34911.03
SAL-Ei-LM,bom_deep_7_3_15_5_No1_p30_ao75_am15_3_m30_ao75_am24_4,75,5,SATISFIED,5.3379,337067976.0,35498.53
SAL-Ei-LM,bom_deep_7_3_15_5_No1_p30_ao75_am15_3_m30_ao75_am24_4,75,6,SATISFIED,5.3461,337053578.0,35016.62
SAL-Ei-LM,bom_deep_7_3_15_5_No1_p30_ao75_am15_3_m30_ao75_am24_4,75,7,SATISFIED,5.3439,337075799.0,36064.97
SAL-Ei-LM,bom_deep_7_3_15_5_No1_p30_ao75_am15_3_m30_ao75_am24_4,75,8,SATISFIED,5.3429,337090188.0,36740.22
SAL-Ei-LM,bom_deep_7_3_15_5_No1_p30_ao75_am15_3_m30_ao75_am24_4,75,9,SATISFIED,5.4696,337065716.0,35671.88
SAL-Ei-LM,bom_deep_7_3_15_5_No1_p30_ao75_am15_3_m30_ao75_am24_4,75,10,SATISFIED,5.3234,337075431.0,34219.97
SAL-Ei-LM,bom_deep_7_3_15_5_No1_p30_ao75_am15_3_m30_ao75_am24_5,75,1,SATISFIED,5.3352,197403602.0,35308.88
SAL-Ei-LM,bom_deep_7_3_15_5_No1_p30_ao75_am15_3_m30_ao75_am24_5,75,2,SATISFIED,5.3387,197462859.0,36557.34
SAL-Ei-LM,bom_deep_7_3_15_5_No1_p30_ao75_am15_3_m30_ao75_am24_5,75,3,SATISFIED,5.3389,197470509.0,35059.44
SAL-Ei-LM,bom_deep_7_3_15_5_No1_p30_ao75_am15_3_m30_ao75_am24_5,75,4,SATISFIED,5.3446,197422650.0,34575.91
SAL-Ei-LM,bom_deep_7_3_15_5_No1_p30_ao75_am15_3_m30_ao75_am24_5,75,5,SATISFIED,5.4619,197139095.0,34261.75
SAL-Ei-LM,bom_deep_7_3_15_5_No1_p30_ao75_am15_3_m30_ao75_am24_5,75,6,SATISFIED,5.335,197264834.0,32418.88
SAL-Ei-LM,bom_deep_7_3_15_5_No1_p30_ao75_am15_3_m30_ao75_am24_5,75,7,SATISFIED,5.3379,197392416.0,34504.19
SAL-Ei-LM,bom_deep_7_3_15_5_No1_p30_ao75_am15_3_m30_ao75_am24_5,75,8,SATISFIED,5.3343,197470890.0,34531.72
SAL-Ei-LM,bom_deep_7_3_15_5_No1_p30_ao75_am15_3_m30_ao75_am24_5,75,9,SATISFIED,5.349,197204098.0,35455.44
SAL-Ei-LM,bom_deep_7_3_15_5_No1_p30_ao75_am15_3_m30_ao75_am24_5,75,10,SATISFIED,5.3437,197450715.0,34870.0
SAL-Ei-LM,bom_deep_7_3_15_5_No1_p30_ao75_am15_3_m30_ao75_am26_1,75,1,SATISFIED,5.3282,71883680.0,32629.06
SAL-Ei-LM,bom_deep_7_3_15_5_No1_p30_ao75_am15_3_m30_ao75_am26_1,75,2,SATISFIED,5.3848,71887725.0,33047.16
SAL-Ei-LM,bom_deep_7_3_15_5_No1_p30_ao75_am15_3_m30_ao75_am26_1,75,3,SATISFIED,5.337,71865300.0,33394.69
SAL-Ei-LM,bom_deep_7_3_15_5_No1_p30_ao75_am15_3_m30_ao75_am26_1,75,4,SATISFIED,5.341,71883344.0,34313.03
SAL-Ei-LM,bom_deep_7_3_15_5_No1_p30_ao75_am15_3_m30_ao75_am26_1,75,5,SATISFIED,5.3457,71943747.0,34169.47
SAL-Ei-LM,bom_deep_7_3_15_5_No1_p30_ao75_am15_3_m30_ao75_am26_1,75,6,SATISFIED,5.3397,71864445.0,33853.16
SAL-Ei-LM,bom_deep_7_3_15_5_No1_p30_ao75_am15_3_m30_ao75_am26_1,75,7,SATISFIED,5.3402,71902680.0,33970.94
SAL-Ei-LM,bom_deep_7_3_15_5_No1_p30_ao75_am15_3_m30_ao75_am26_1,75,8,SATISFIED,5.4122,71873725.0,33266.84
SAL-Ei-LM,bom_deep_7_3_15_5_No1_p30_ao75_am15_3_m30_ao75_am26_1,75,9,SATISFIED,5.3267,71900310.0,33047.28
SAL-Ei-LM,bom_deep_7_3_15_5_No1_p30_ao75_am15_3_m30_ao75_am26_1,75,10,SATISFIED,5.342,71930460.0,33958.34
SAL-Ei-LM,bom_deep_7_3_15_5_No1_p30_ao75_am15_3_m30_ao75_am28_2,75,1,SATISFIED,5.3402,95866588.0,32251.84
SAL-Ei-LM,bom_deep_7_3_15_5_No1_p30_ao75_am15_3_m30_ao75_am28_2,75,2,SATISFIED,5.3413,95472922.0,32495.69
SAL-Ei-LM,bom_deep_7_3_15_5_No1_p30_ao75_am15_3_m30_ao75_am28_2,75,3,SATISFIED,5.3343,95062996.0,32786.72
SAL-Ei-LM,bom_deep_7_3_15_5_No1_p30_ao75_am15_3_m30_ao75_am28_2,75,4,SATISFIED,5.4342,95176379.0,33915.03
SAL-Ei-LM,bom_deep_7_3_15_5_No1_p30_ao75_am15_3_m30_ao75_am28_2,75,5,SATISFIED,5.3283,95499689.0,32329.06
SAL-Ei-LM,bom_deep_7_3_15_5_No1_p30_ao75_am15_3_m30_ao75_am28_2,75,6,SATISFIED,5.3436,95142838.0,33305.78
SAL-Ei-LM,bom_deep_7_3_15_5_No1_p30_ao75_am15_3_m30_ao75_am28_2,75,7,SATISFIED,5.3469,95299057.0,31135.84
SAL-Ei-LM,bom_deep_7_3_15_5_No1_p30_ao75_am15_3_m30_ao75_am28_2,75,8,SATISFIED,5.3373,95066500.0,31620.16
SAL-Ei-LM,bom_deep_7_3_15_5_No1_p30_ao75_am15_3_m30_ao75_am28_2,75,9,SATISFIED,5.3464,95084101.0,33494.81
SAL-Ei-LM,bom_deep_7_3_15_5_No1_p30_ao75_am15_3_m30_ao75_am28_2,75,10,SATISFIED,5.4845,95505617.0,33521.88
SAL-Ei-LM,bom_deep_7_3_15_5_No1_p30_ao75_am15_4,75,1,SATISFIED,5.3308,108252571.0,30945.72
SAL-Ei-LM,bom_deep_7_3_15_5_No1_p30_ao75_am15_4,75,2,SATISFIED,5.36,108197447.0,32784.09
SAL-Ei-LM,bom_deep_7_3_15_5_No1_p30_ao75_am15_4,75,3,SATISFIED,5.342,108817925.0,32997.34
SAL-Ei-LM,bom_deep_7_3_15_5_No1_p30_ao75_am15_4,75,4,SATISFIED,5.3436,107144845.0,33049.53
SAL-Ei-LM,bom_deep_7_3_15_5_No1_p30_ao75_am15_4,75,5,SATISFIED,5.3394,107917425.0,33035.97
SAL-Ei-LM,bom_deep_7_3_15_5_No1_p30_ao75_am15_4,75,6,SATISFIED,5.3397,107120190.0,33212.38
SAL-Ei-LM,bom_deep_7_3_15_5_No1_p30_ao75_am15_4,75,7,SATISFIED,5.4479,107346783.0,33297.38
SAL-Ei-LM,bom_deep_7_3_15_5_No1_p30_ao75_am15_4,75,8,SATISFIED,5.3245,107516635.0,32640.03
SAL-Ei-LM,bom_deep_7_3_15_5_No1_p30_ao75_am15_4,75,9,SATISFIED,5.3427,107086657.0,32931.5
SAL-Ei-LM,bom_deep_7_3_15_5_No1_p30_ao75_am15_4,75,10,SATISFIED,5.3473,107551957.0,33593.12
SAL-Ei-LM,bom_deep_7_3_15_5_No1_p30_ao75_am15_4_m10_ao75_am10_1,75,1,SATISFIED,5.2229,274635645.0,37448.31
SAL-Ei-LM,bom_deep_7_3_15_5_No1_p30_ao75_am15_4_m10_ao75_am10_1,75,2,SATISFIED,5.3375,278056653.0,37972.34
SAL-Ei-LM,bom_deep_7_3_15_5_No1_p30_ao75_am15_4_m10_ao75_am10_1,75,3,SATISFIED,5.3432,279190660.0,36722.56
SAL-Ei-LM,bom_deep_7_3_15_5_No1_p30_ao75_am15_4_m10_ao75_am10_1,75,4,SATISFIED,5.4175,278162300.0,37356.88
SAL-Ei-LM,bom_deep_7_3_15_5_No1_p30_ao75_am15_4_m10_ao75_am10_1,75,5,SATISFIED,5.3338,277922425.0,36512.0
SAL-Ei-LM,bom_deep_7_3_15_5_No1_p30_ao75_am15_4_m10_ao75_am10_1,75,6,SATISFIED,5.3451,277082713.0,37201.78
SAL-Ei-LM,bom_deep_7_3_15_5_No1_p30_ao75_am15_4_m10_ao75_am10_1,75,7,SATISFIED,5.2168,278789598.0,37940.53
SAL-Ei-LM,bom_deep_7_3_15_5_No1_p30_ao75_am15_4_m10_ao75_am10_1,75,8,SATISFIED,5.2054,278049319.0,38716.84
SAL-Ei-LM,bom_deep_7_3_15_5_No1_p30_ao75_am15_4_m10_ao75_am10_1,75,9,SATISFIED,5.3374,277538538.0,38230.5
SAL-Ei-LM,bom_deep_7_3_15_5_No1_p30_ao75_am15_4_m10_ao75_am10_1,75,10,SATISFIED,5.3394,279849400.0,38159.56
SAL-Ei-LM,bom_deep_7_3_15_5_No1_p30_ao75_am15_4_m10_ao75_am10_2,75,1,SATISFIED,5.4394,506670140.0,38141.38
SAL-Ei-LM,bom_deep_7_3_15_5_No1_p30_ao75_am15_4_m10_ao75_am10_2,75,2,SATISFIED,5.3428,506395125.0,35913.16
SAL-Ei-LM,bom_deep_7_3_15_5_No1_p30_ao75_am15_4_m10_ao75_am10_2,75,3,SATISFIED,5.3395,506422849.0,36890.53
SAL-Ei-LM,bom_deep_7_3_15_5_No1_p30_ao75_am15_4_m10_ao75_am10_2,75,4,SATISFIED,5.3395,506633399.0,38046.94
SAL-Ei-LM,bom_deep_7_3_15_5_No1_p30_ao75_am15_4_m10_ao75_am10_2,75,5,SATISFIED,5.3424,506543585.0,37842.59
SAL-Ei-LM,bom_deep_7_3_15_5_No1_p30_ao75_am15_4_m10_ao75_am10_2,75,6,SATISFIED,5.3418,506421615.0,37269.09
SAL-Ei-LM,bom_deep_7_3_15_5_No1_p30_ao75_am15_4_m10_ao75_am10_2,75,7,SATISFIED,5.3424,506322615.0,37682.03
SAL-Ei-LM,bom_deep_7_3_15_5_No1_p30_ao75_am15_4_m10_ao75_am10_2,75,8,SATISFIED,5.3409,507061833.0,38320.12
SAL-Ei-LM,bom_deep_7_3_15_5_No1_p30_ao75_am15_4_m10_ao75_am10_2,75,9,SATISFIED,5.4068,506489729.0,36989.78
SAL-Ei-LM,bom_deep_7_3_15_5_No1_p30_ao75_am15_4_m10_ao75_am10_2,75,10,SATISFIED,5.3382,506500125.0,36830.47
SAL-Ei-LM,bom_deep_7_3_15_5_No1_p30_ao75_am15_4_m10_ao75_am10_3,75,1,SATISFIED,5.3422,450988140.0,37760.5
SAL-Ei-LM,bom_deep_7_3_15_5_No1_p30_ao75_am15_4_m10_ao75_am10_3,75,2,SATISFIED,5.34,450371136.0,38328.66
SAL-Ei-LM,bom_deep_7_3_15_5_No1_p30_ao75_am15_4_m10_ao75_am10_3,75,3,SATISFIED,5.3346,451517316.0,37746.66
SAL-Ei-LM,bom_deep_7_3_15_5_No1_p30_ao75_am15_4_m10_ao75_am10_3,75,4,SATISFIED,5.3373,451985209.0,38642.84
SAL-Ei-LM,bom_deep_7_3_15_5_No1_p30_ao75_am15_4_m10_ao75_am10_3,75,5,SATISFIED,5.3378,450905040.0,37632.22
SAL-Ei-LM,bom_deep_7_3_15_5_No1_p30_ao75_am15_4_m10_ao75_am10_3,75,6,SATISFIED,5.3989,451008930.0,38295.16
SAL-Ei-LM,bom_deep_7_3_15_5_No1_p30_ao75_am15_4_m10_ao75_am10_3,75,7,SATISFIED,5.3219,450541190.0,37930.31
SAL-Ei-LM,bom_deep_7_3_15_5_No1_p30_ao75_am15_4_m10_ao75_am10_3,75,8,SATISFIED,5.3362,450605000.0,37147.16
SAL-Ei-LM,bom_deep_7_3_15_5_No1_p30_ao75_am15_4_m10_ao75_am10_3,75,9,SATISFIED,5.3416,450895940.0,37440.47
SAL-Ei-LM,bom_deep_7_3_15_5_No1_p30_ao75_am15_4_m10_ao75_am10_3,75,10,SATISFIED,5.3471,450736040.0,37881.78
SAL-Ei-LM,bom_deep_7_3_15_5_No1_p30_ao75_am15_4_m10_ao75_am10_4,75,1,SATISFIED,5.3345,197849804.0,35527.72
SAL-Ei-LM,bom_deep_7_3_15_5_No1_p30_ao75_am15_4_m10_ao75_am10_4,75,2,SATISFIED,5.3422,194916919.0,35880.78
SAL-Ei-LM,bom_deep_7_3_15_5_No1_p30_ao75_am15_4_m10_ao75_am10_4,75,3,SATISFIED,5.4345,195243519.0,36267.44
SAL-Ei-LM,bom_deep_7_3_15_5_No1_p30_ao75_am15_4_m10_ao75_am10_4,75,4,SATISFIED,5.334,196859215.0,34977.09
SAL-Ei-LM,bom_deep_7_3_15_5_No1_p30_ao75_am15_4_m10_ao75_am10_4,75,5,SATISFIED,5.3417,195089138.0,36501.5
SAL-Ei-LM,bom_deep_7_3_15_5_No1_p30_ao75_am15_4_m10_ao75_am10_4,75,6,SATISFIED,5.338,198410035.0,36850.91
SAL-Ei-LM,bom_deep_7_3_15_5_No1_p30_ao75_am15_4_m10_ao75_am10_4,75,7,SATISFIED,5.3547,195251384.0,36392.5
SAL-Ei-LM,bom_deep_7_3_15_5_No1_p30_ao75_am15_4_m10_ao75_am10_4,75,8,SATISFIED,5.3405,195068226.0,37087.91
SAL-Ei-LM,bom_deep_7_3_15_5_No1_p30_ao75_am15_4_m10_ao75_am10_4,75,9,SATISFIED,5.3431,196191484.0,36952.72
SAL-Ei-LM,bom_deep_7_3_15_5_No1_p30_ao75_am15_4_m10_ao75_am10_4,75,10,SATISFIED,5.3584,196283467.0,36370.53
SAL-Ei-LM,bom_deep_7_3_15_5_No1_p30_ao75_am15_4_m10_ao75_am10_5,75,1,SATISFIED,5.3303,372606515.0,33787.28
SAL-Ei-LM,bom_deep_7_3_15_5_No1_p30_ao75_am15_4_m10_ao75_am10_5,75,2,SATISFIED,5.3469,372744280.0,35319.0
SAL-Ei-LM,bom_deep_7_3_15_5_No1_p30_ao75_am15_4_m10_ao75_am10_5,75,3,SATISFIED,5.3365,372635335.0,35472.31
SAL-Ei-LM,bom_deep_7_3_15_5_No1_p30_ao75_am15_4_m10_ao75_am10_5,75,4,SATISFIED,5.3467,372792555.0,35317.06
SAL-Ei-LM,bom_deep_7_3_15_5_No1_p30_ao75_am15_4_m10_ao75_am10_5,75,5,SATISFIED,5.3458,372778155.0,35034.12
SAL-Ei-LM,bom_deep_7_3_15_5_No1_p30_ao75_am15_4_m10_ao75_am10_5,75,6,SATISFIED,5.3378,372767453.0,34973.69
SAL-Ei-LM,bom_deep_7_3_15_5_No1_p30_ao75_am15_4_m10_ao75_am10_5,75,7,SATISFIED,5.3439,372778220.0,35299.75
SAL-Ei-LM,bom_deep_7_3_15_5_No1_p30_ao75_am15_4_m10_ao75_am10_5,75,8,SATISFIED,5.393,372633705.0,35420.56
SAL-Ei-LM,bom_deep_7_3_15_5_No1_p30_ao75_am15_4_m10_ao75_am10_5,75,9,SATISFIED,5.3506,372701100.0,35017.84
SAL-Ei-LM,bom_deep_7_3_15_5_No1_p30_ao75_am15_4_m10_ao75_am10_5,75,10,SATISFIED,5.3578,372598213.0,35071.16
SAL-Ei-LM,bom_deep_7_3_15_5_No1_p30_ao75_am15_4_m30_ao75_am23_2,75,1,SATISFIED,5.235,277559866.0,36336.5
SAL-Ei-LM,bom_deep_7_3_15_5_No1_p30_ao75_am15_4_m30_ao75_am23_2,75,2,SATISFIED,5.3602,277542990.0,36200.88
SAL-Ei-LM,bom_deep_7_3_15_5_No1_p30_ao75_am15_4_m30_ao75_am23_2,75,3,SATISFIED,5.3535,277553180.0,35592.34
SAL-Ei-LM,bom_deep_7_3_15_5_No1_p30_ao75_am15_4_m30_ao75_am23_2,75,4,SATISFIED,5.5003,277555660.0,35355.91
SAL-Ei-LM,bom_deep_7_3_15_5_No1_p30_ao75_am15_4_m30_ao75_am23_2,75,5,SATISFIED,5.3314,277562722.0,33363.62
SAL-Ei-LM,bom_deep_7_3_15_5_No1_p30_ao75_am15_4_m30_ao75_am23_2,75,6,SATISFIED,5.3515,277548350.0,35555.84
SAL-Ei-LM,bom_deep_7_3_15_5_No1_p30_ao75_am15_4_m30_ao75_am23_2,75,7,SATISFIED,5.3499,277549278.0,35702.59
SAL-Ei-LM,bom_deep_7_3_15_5_No1_p30_ao75_am15_4_m30_ao75_am23_2,75,8,SATISFIED,5.3757,277543940.0,35268.03
SAL-Ei-LM,bom_deep_7_3_15_5_No1_p30_ao75_am15_4_m30_ao75_am23_2,75,9,SATISFIED,5.353,277555417.0,35772.34
SAL-Ei-LM,bom_deep_7_3_15_5_No1_p30_ao75_am15_4_m30_ao75_am23_2,75,10,SATISFIED,5.3808,277545950.0,35525.47
SAL-Ei-LM,bom_deep_7_3_15_5_No1_p30_ao75_am15_4_m30_ao75_am25_5,75,1,SATISFIED,5.4749,244065530.0,32814.41
SAL-Ei-LM,bom_deep_7_3_15_5_No1_p30_ao75_am15_4_m30_ao75_am25_5,75,2,SATISFIED,5.357,243106890.0,30986.41
SAL-Ei-LM,bom_deep_7_3_15_5_No1_p30_ao75_am15_4_m30_ao75_am25_5,75,3,SATISFIED,5.3691,242979700.0,32751.69
SAL-Ei-LM,bom_deep_7_3_15_5_No1_p30_ao75_am15_4_m30_ao75_am25_5,75,4,SATISFIED,5.3633,242933695.0,33505.5
SAL-Ei-LM,bom_deep_7_3_15_5_No1_p30_ao75_am15_4_m30_ao75_am25_5,75,5,SATISFIED,5.3643,243283985.0,33165.22
SAL-Ei-LM,bom_deep_7_3_15_5_No1_p30_ao75_am15_4_m30_ao75_am25_5,75,6,SATISFIED,5.368,243463570.0,32157.53
SAL-Ei-LM,bom_deep_7_3_15_5_No1_p30_ao75_am15_4_m30_ao75_am25_5,75,7,SATISFIED,5.3556,243299230.0,34595.5
SAL-Ei-LM,bom_deep_7_3_15_5_No1_p30_ao75_am15_4_m30_ao75_am25_5,75,8,SATISFIED,5.3272,243518215.0,32651.16
SAL-Ei-LM,bom_deep_7_3_15_5_No1_p30_ao75_am15_4_m30_ao75_am25_5,75,9,SATISFIED,5.3477,243907045.0,32671.66
SAL-Ei-LM,bom_deep_7_3_15_5_No1_p30_ao75_am15_4_m30_ao75_am25_5,75,10,SATISFIED,5.3449,243445524.0,32600.72
SAL-Ei-LM,bom_deep_7_3_15_5_No1_p30_ao75_am15_4_m30_ao75_am26_1,75,1,SATISFIED,5.3454,200558255.0,31448.09
SAL-Ei-LM,bom_deep_7_3_15_5_No1_p30_ao75_am15_4_m30_ao75_am26_1,75,2,SATISFIED,5.3498,200256144.0,31580.84
SAL-Ei-LM,bom_deep_7_3_15_5_No1_p30_ao75_am15_4_m30_ao75_am26_1,75,3,SATISFIED,5.3339,198056931.0,34403.81
SAL-Ei-LM,bom_deep_7_3_15_5_No1_p30_ao75_am15_4_m30_ao75_am26_1,75,4,SATISFIED,5.3419,202045362.0,31647.66
SAL-Ei-LM,bom_deep_7_3_15_5_No1_p30_ao75_am15_4_m30_ao75_am26_1,75,5,SATISFIED,5.3532,201086984.0,33206.28
SAL-Ei-LM,bom_deep_7_3_15_5_No1_p30_ao75_am15_4_m30_ao75_am26_1,75,6,SATISFIED,5.3643,201258957.0,32439.56
SAL-Ei-LM,bom_deep_7_3_15_5_No1_p30_ao75_am15_4_m30_ao75_am26_1,75,7,SATISFIED,5.3484,199256210.0,33005.03
SAL-Ei-LM,bom_deep_7_3_15_5_No1_p30_ao75_am15_4_m30_ao75_am26_1,75,8,SATISFIED,5.3559,202378851.0,32432.12
SAL-Ei-LM,bom_deep_7_3_15_5_No1_p30_ao75_am15_4_m30_ao75_am26_1,75,9,SATISFIED,5.3398,201852596.0,33146.16
SAL-Ei-LM,bom_deep_7_3_15_5_No1_p30_ao75_am15_4_m30_ao75_am26_1,75,10,SATISFIED,5.4053,203550432.0,33522.0
SAL-Ei-LM,bom_deep_7_3_15_5_No1_p30_ao75_am15_4_m30_ao75_am27_4,75,1,SATISFIED,5.3345,212461627.0,33218.25
SAL-Ei-LM,bom_deep_7_3_15_5_No1_p30_ao75_am15_4_m30_ao75_am27_4,75,2,SATISFIED,5.3429,217357989.0,34051.22
SAL-Ei-LM,bom_deep_7_3_15_5_No1_p30_ao75_am15_4_m30_ao75_am27_4,75,3,SATISFIED,5.3465,217208995.0,34638.19
SAL-Ei-LM,bom_deep_7_3_15_5_No1_p30_ao75_am15_4_m30_ao75_am27_4,75,4,SATISFIED,5.3539,214109810.0,34324.72
SAL-Ei-LM,bom_deep_7_3_15_5_No1_p30_ao75_am15_4_m30_ao75_am27_4,75,5,SATISFIED,5.343,212516672.0,34919.69
SAL-Ei-LM,bom_deep_7_3_15_5_No1_p30_ao75_am15_4_m30_ao75_am27_4,75,6,SATISFIED,5.4023,215267900.0,34403.03
SAL-Ei-LM,bom_deep_7_3_15_5_No1_p30_ao75_am15_4_m30_ao75_am27_4,75,7,SATISFIED,5.3195,211143372.0,33774.38
SAL-Ei-LM,bom_deep_7_3_15_5_No1_p30_ao75_am15_4_m30_ao75_am27_4,75,8,SATISFIED,5.3955,217137049.0,33969.34
SAL-Ei-LM,bom_deep_7_3_15_5_No1_p30_ao75_am15_4_m30_ao75_am27_4,75,9,SATISFIED,5.2132,211774280.0,34481.31
SAL-Ei-LM,bom_deep_7_3_15_5_No1_p30_ao75_am15_4_m30_ao75_am27_4,75,10,SATISFIED,5.3532,211836099.0,33291.47
SAL-Ei-LM,bom_deep_7_3_15_5_No1_p30_ao75_am15_4_m30_ao75_am28_3,75,1,SATISFIED,5.3728,263509233.0,32575.81
SAL-Ei-LM,bom_deep_7_3_15_5_No1_p30_ao75_am15_4_m30_ao75_am28_3,75,2,SATISFIED,5.3728,262397685.0,33253.19
SAL-Ei-LM,bom_deep_7_3_15_5_No1_p30_ao75_am15_4_m30_ao75_am28_3,75,3,SATISFIED,5.1915,261275557.0,33385.47
SAL-Ei-LM,bom_deep_7_3_15_5_No1_p30_ao75_am15_4_m30_ao75_am28_3,75,4,SATISFIED,5.3406,261548936.0,33527.88
SAL-Ei-LM,bom_deep_7_3_15_5_No1_p30_ao75_am15_4_m30_ao75_am28_3,75,5,SATISFIED,5.3367,262603525.0,33604.97
SAL-Ei-LM,bom_deep_7_3_15_5_No1_p30_ao75_am15_4_m30_ao75_am28_3,75,6,SATISFIED,5.3468,261582412.0,33452.41
SAL-Ei-LM,bom_deep_7_3_15_5_No1_p30_ao75_am15_4_m30_ao75_am28_3,75,7,SATISFIED,5.3396,260820828.0,33273.28
SAL-Ei-LM,bom_deep_7_3_15_5_No1_p30_ao75_am15_4_m30_ao75_am28_3,75,8,SATISFIED,5.4318,261811321.0,33724.12
SAL-Ei-LM,bom_deep_7_3_15_5_No1_p30_ao75_am15_4_m30_ao75_am28_3,75,9,SATISFIED,5.3329,261111879.0,32457.16
SAL-Ei-LM,bom_deep_7_3_15_5_No1_p30_ao75_am15_4_m30_ao75_am28_3,75,10,SATISFIED,5.3441,262659155.0,34089.0
SAL-Ei-LM,bom_deep_7_3_15_5_No1_p30_ao75_am15_5,75,1,SATISFIED,5.3273,124486107.0,33942.88
SAL-Ei-LM,bom_deep_7_3_15_5_No1_p30_ao75_am15_5,75,2,SATISFIED,5.344,126187264.0,34271.22
SAL-Ei-LM,bom_deep_7_3_15_5_No1_p30_ao75_am15_5,75,3,SATISFIED,5.3408,124803655.0,33724.19
SAL-Ei-LM,bom_deep_7_3_15_5_No1_p30_ao75_am15_5,75,4,SATISFIED,5.3373,123813156.0,33167.41
SAL-Ei-LM,bom_deep_7_3_15_5_No1_p30_ao75_am15_5,75,5,SATISFIED,5.4096,124431082.0,33016.09
SAL-Ei-LM,bom_deep_7_3_15_5_No1_p30_ao75_am15_5,75,6,SATISFIED,5.3426,126349115.0,33471.62
SAL-Ei-LM,bom_deep_7_3_15_5_No1_p30_ao75_am15_5,75,7,SATISFIED,5.3657,124105754.0,33296.03
SAL-Ei-LM,bom_deep_7_3_15_5_No1_p30_ao75_am15_5,75,8,SATISFIED,5.3884,124419936.0,32944.66
SAL-Ei-LM,bom_deep_7_3_15_5_No1_p30_ao75_am15_5,75,9,SATISFIED,5.4106,124760327.0,32859.53
SAL-Ei-LM,bom_deep_7_3_15_5_No1_p30_ao75_am15_5,75,10,SATISFIED,5.4055,124707027.0,33093.03
SAL-Ei-LM,bom_deep_7_3_15_5_No1_p30_ao75_am15_5_m10_ao75_am10_1,75,1,SATISFIED,5.3916,423017008.0,39236.97
SAL-Ei-LM,bom_deep_7_3_15_5_No1_p30_ao75_am15_5_m10_ao75_am10_1,75,2,SATISFIED,5.3815,423009695.0,38978.0
SAL-Ei-LM,bom_deep_7_3_15_5_No1_p30_ao75_am15_5_m10_ao75_am10_1,75,3,SATISFIED,5.3502,422957766.0,39383.59
SAL-Ei-LM,bom_deep_7_3_15_5_No1_p30_ao75_am15_5_m10_ao75_am10_1,75,4,SATISFIED,5.3387,423054684.0,39694.84
SAL-Ei-LM,bom_deep_7_3_15_5_No1_p30_ao75_am15_5_m10_ao75_am10_1,75,5,SATISFIED,5.3538,422976930.0,40072.72
SAL-Ei-LM,bom_deep_7_3_15_5_No1_p30_ao75_am15_5_m10_ao75_am10_1,75,6,SATISFIED,5.3468,422978496.0,39574.09
SAL-Ei-LM,bom_deep_7_3_15_5_No1_p30_ao75_am15_5_m10_ao75_am10_1,75,7,SATISFIED,5.346,422962140.0,40601.06
SAL-Ei-LM,bom_deep_7_3_15_5_No1_p30_ao75_am15_5_m10_ao75_am10_1,75,8,SATISFIED,5.3401,422999133.0,40807.34
SAL-Ei-LM,bom_deep_7_3_15_5_No1_p30_ao75_am15_5_m10_ao75_am10_1,75,9,SATISFIED,5.4113,422980860.0,40725.22
SAL-Ei-LM,bom_deep_7_3_15_5_No1_p30_ao75_am15_5_m10_ao75_am10_1,75,10,SATISFIED,5.1983,423028725.0,40443.62
SAL-Ei-LM,bom_deep_7_3_15_5_No1_p30_ao75_am15_5_m10_ao75_am10_2,75,1,SATISFIED,5.3612,190303111.0,37882.72
SAL-Ei-LM,bom_deep_7_3_15_5_No1_p30_ao75_am15_5_m10_ao75_am10_2,75,2,SATISFIED,5.3588,190288293.0,38482.28
SAL-Ei-LM,bom_deep_7_3_15_5_No1_p30_ao75_am15_5_m10_ao75_am10_2,75,3,SATISFIED,5.3851,190291523.0,37349.59
SAL-Ei-LM,bom_deep_7_3_15_5_No1_p30_ao75_am15_5_m10_ao75_am10_2,75,4,SATISFIED,5.4131,190327488.0,37612.72
SAL-Ei-LM,bom_deep_7_3_15_5_No1_p30_ao75_am15_5_m10_ao75_am10_2,75,5,SATISFIED,5.3458,190291272.0,37993.0
SAL-Ei-LM,bom_deep_7_3_15_5_No1_p30_ao75_am15_5_m10_ao75_am10_2,75,6,SATISFIED,5.2702,190299371.0,39117.81
SAL-Ei-LM,bom_deep_7_3_15_5_No1_p30_ao75_am15_5_m10_ao75_am10_2,75,7,SATISFIED,5.1958,190306950.0,38894.41
SAL-Ei-LM,bom_deep_7_3_15_5_No1_p30_ao75_am15_5_m10_ao75_am10_2,75,8,SATISFIED,5.1929,190306894.0,39883.62
SAL-Ei-LM,bom_deep_7_3_15_5_No1_p30_ao75_am15_5_m10_ao75_am10_2,75,9,SATISFIED,5.1877,190356652.0,38942.09
SAL-Ei-LM,bom_deep_7_3_15_5_No1_p30_ao75_am15_5_m10_ao75_am10_2,75,10,SATISFIED,5.3515,190293926.0,39559.81
SAL-Ei-LM,bom_deep_7_3_15_5_No1_p30_ao75_am15_5_m10_ao75_am10_3,75,1,SATISFIED,5.3347,914955966.0,35883.47
SAL-Ei-LM,bom_deep_7_3_15_5_No1_p30_ao75_am15_5_m10_ao75_am10_3,75,2,SATISFIED,5.34,914902050.0,36879.53
SAL-Ei-LM,bom_deep_7_3_15_5_No1_p30_ao75_am15_5_m10_ao75_am10_3,75,3,SATISFIED,5.341,914912700.0,38152.88
SAL-Ei-LM,bom_deep_7_3_15_5_No1_p30_ao75_am15_5_m10_ao75_am10_3,75,4,SATISFIED,5.37,914836422.0,35960.03
SAL-Ei-LM,bom_deep_7_3_15_5_No1_p30_ao75_am15_5_m10_ao75_am10_3,75,5,SATISFIED,5.3342,914742680.0,35526.91
SAL-Ei-LM,bom_deep_7_3_15_5_No1_p30_ao75_am15_5_m10_ao75_am10_3,75,6,SATISFIED,5.2014,914795127.0,38087.25
SAL-Ei-LM,bom_deep_7_3_15_5_No1_p30_ao75_am15_5_m10_ao75_am10_3,75,7,SATISFIED,5.3567,914902050.0,36656.66
SAL-Ei-LM,bom_deep_7_3_15_5_No1_p30_ao75_am15_5_m10_ao75_am10_3,75,8,SATISFIED,5.3557,915613000.0,36298.22
SAL-Ei-LM,bom_deep_7_3_15_5_No1_p30_ao75_am15_5_m10_ao75_am10_3,75,9,SATISFIED,5.3467,914797998.0,36760.12
SAL-Ei-LM,bom_deep_7_3_15_5_No1_p30_ao75_am15_5_m10_ao75_am10_3,75,10,SATISFIED,5.3302,914813350.0,35869.81
SAL-Ei-LM,bom_deep_7_3_15_5_No1_p30_ao75_am15_5_m10_ao75_am10_4,75,1,SATISFIED,5.3874,561528670.0,36461.0
SAL-Ei-LM,bom_deep_7_3_15_5_No1_p30_ao75_am15_5_m10_ao75_am10_4,75,2,SATISFIED,5.3432,561728365.0,37304.38
SAL-Ei-LM,bom_deep_7_3_15_5_No1_p30_ao75_am15_5_m10_ao75_am10_4,75,3,SATISFIED,5.3478,561657467.0,37346.25
SAL-Ei-LM,bom_deep_7_3_15_5_No1_p30_ao75_am15_5_m10_ao75_am10_4,75,4,SATISFIED,5.3537,561533005.0,36943.22
SAL-Ei-LM,bom_deep_7_3_15_5_No1_p30_ao75_am15_5_m10_ao75_am10_4,75,5,SATISFIED,5.335,561528805.0,39085.22
SAL-Ei-LM,bom_deep_7_3_15_5_No1_p30_ao75_am15_5_m10_ao75_am10_4,75,6,SATISFIED,5.3435,561555535.0,37923.66
SAL-Ei-LM,bom_deep_7_3_15_5_No1_p30_ao75_am15_5_m10_ao75_am10_4,75,7,SATISFIED,5.197,561539250.0,38131.53
SAL-Ei-LM,bom_deep_7_3_15_5_No1_p30_ao75_am15_5_m10_ao75_am10_4,75,8,SATISFIED,5.2641,561560105.0,38179.03
SAL-Ei-LM,bom_deep_7_3_15_5_No1_p30_ao75_am15_5_m10_ao75_am10_4,75,9,SATISFIED,5.201,561519893.0,38265.66
SAL-Ei-LM,bom_deep_7_3_15_5_No1_p30_ao75_am15_5_m10_ao75_am10_4,75,10,SATISFIED,5.1994,561514233.0,37320.41
SAL-Ei-LM,bom_deep_7_3_15_5_No1_p30_ao75_am15_5_m10_ao75_am10_5,75,1,SATISFIED,5.1969,1079044168.0,38754.97
SAL-Ei-LM,bom_deep_7_3_15_5_No1_p30_ao75_am15_5_m10_ao75_am10_5,75,2,SATISFIED,5.2045,1080983695.0,39487.12
SAL-Ei-LM,bom_deep_7_3_15_5_No1_p30_ao75_am15_5_m10_ao75_am10_5,75,3,SATISFIED,5.206,1079403194.0,39900.47
SAL-Ei-LM,bom_deep_7_3_15_5_No1_p30_ao75_am15_5_m10_ao75_am10_5,75,4,SATISFIED,5.206,1079768814.0,37303.91
SAL-Ei-LM,bom_deep_7_3_15_5_No1_p30_ao75_am15_5_m10_ao75_am10_5,75,5,SATISFIED,5.297,1078940286.0,37291.84
SAL-Ei-LM,bom_deep_7_3_15_5_No1_p30_ao75_am15_5_m10_ao75_am10_5,75,6,SATISFIED,5.341,1078922997.0,35324.31
SAL-Ei-LM,bom_deep_7_3_15_5_No1_p30_ao75_am15_5_m10_ao75_am10_5,75,7,SATISFIED,5.345,1080361493.0,37932.03
SAL-Ei-LM,bom_deep_7_3_15_5_No1_p30_ao75_am15_5_m10_ao75_am10_5,75,8,SATISFIED,5.3438,1079844399.0,38163.75
SAL-Ei-LM,bom_deep_7_3_15_5_No1_p30_ao75_am15_5_m10_ao75_am10_5,75,9,SATISFIED,5.3389,1079909356.0,39254.06
SAL-Ei-LM,bom_deep_7_3_15_5_No1_p30_ao75_am15_5_m10_ao75_am10_5,75,10,SATISFIED,5.3406,1079295301.0,39576.69
SAL-Ei-LM,bom_deep_7_3_15_5_No1_p30_ao75_am15_5_m30_ao75_am25_1,75,1,SATISFIED,5.3326,564738214.0,35464.25
SAL-Ei-LM,bom_deep_7_3_15_5_No1_p30_ao75_am15_5_m30_ao75_am25_1,75,2,SATISFIED,5.4845,559512099.0,35897.56
SAL-Ei-LM,bom_deep_7_3_15_5_No1_p30_ao75_am15_5_m30_ao75_am25_1,75,3,SATISFIED,5.3435,561980138.0,33804.56
SAL-Ei-LM,bom_deep_7_3_15_5_No1_p30_ao75_am15_5_m30_ao75_am25_1,75,4,SATISFIED,5.1999,561236065.0,36360.47
SAL-Ei-LM,bom_deep_7_3_15_5_No1_p30_ao75_am15_5_m30_ao75_am25_1,75,5,SATISFIED,5.346,558179340.0,36558.59
SAL-Ei-LM,bom_deep_7_3_15_5_No1_p30_ao75_am15_5_m30_ao75_am25_1,75,6,SATISFIED,5.3474,561731460.0,35304.31
SAL-Ei-LM,bom_deep_7_3_15_5_No1_p30_ao75_am15_5_m30_ao75_am25_1,75,7,SATISFIED,5.3445,560977362.0,36597.75
SAL-Ei-LM,bom_deep_7_3_15_5_No1_p30_ao75_am15_5_m30_ao75_am25_1,75,8,SATISFIED,5.3514,556322293.0,35367.69
SAL-Ei-LM,bom_deep_7_3_15_5_No1_p30_ao75_am15_5_m30_ao75_am25_1,75,9,SATISFIED,5.4149,560873680.0,35032.84
SAL-Ei-LM,bom_deep_7_3_15_5_No1_p30_ao75_am15_5_m30_ao75_am25_1,75,10,SATISFIED,5.3535,560131543.0,34670.69
SAL-Ei-LM,bom_deep_7_3_15_5_No1_p30_ao75_am15_5_m30_ao75_am25_4,75,1,SATISFIED,5.3495,481059621.0,33330.81
SAL-Ei-LM,bom_deep_7_3_15_5_No1_p30_ao75_am15_5_m30_ao75_am25_4,75,2,SATISFIED,5.3913,478213055.0,34027.72
SAL-Ei-LM,bom_deep_7_3_15_5_No1_p30_ao75_am15_5_m30_ao75_am25_4,75,3,SATISFIED,5.3318,470692615.0,33067.97
SAL-Ei-LM,bom_deep_7_3_15_5_No1_p30_ao75_am15_5_m30_ao75_am25_4,75,4,SATISFIED,5.345,467264865.0,33503.88
SAL-Ei-LM,bom_deep_7_3_15_5_No1_p30_ao75_am15_5_m30_ao75_am25_4,75,5,SATISFIED,5.4336,472018703.0,34125.75
SAL-Ei-LM,bom_deep_7_3_15_5_No1_p30_ao75_am15_5_m30_ao75_am25_4,75,6,SATISFIED,5.3527,478418495.0,33242.84
SAL-Ei-LM,bom_deep_7_3_15_5_No1_p30_ao75_am15_5_m30_ao75_am25_4,75,7,SATISFIED,5.33,471771150.0,34362.09
SAL-Ei-LM,bom_deep_7_3_15_5_No1_p30_ao75_am15_5_m30_ao75_am25_4,75,8,SATISFIED,5.3753,471613156.0,33442.75
SAL-Ei-LM,bom_deep_7_3_15_5_No1_p30_ao75_am15_5_m30_ao75_am25_4,75,9,SATISFIED,5.3558,468883690.0,33378.47
SAL-Ei-LM,bom_deep_7_3_15_5_No1_p30_ao75_am15_5_m30_ao75_am25_4,75,10,SATISFIED,5.3631,467760609.0,33943.03
SAL-Ei-LM,bom_deep_7_3_15_5_No1_p30_ao75_am15_5_m30_ao75_am26_2,75,1,SATISFIED,5.4155,188036376.0,33531.44
SAL-Ei-LM,bom_deep_7_3_15_5_No1_p30_ao75_am15_5_m30_ao75_am26_2,75,2,SATISFIED,5.3342,182592825.0,34091.5
SAL-Ei-LM,bom_deep_7_3_15_5_No1_p30_ao75_am15_5_m30_ao75_am26_2,75,3,SATISFIED,5.3513,187697644.0,34805.62
SAL-Ei-LM,bom_deep_7_3_15_5_No1_p30_ao75_am15_5_m30_ao75_am26_2,75,4,SATISFIED,5.3562,182121082.0,34237.53
SAL-Ei-LM,bom_deep_7_3_15_5_No1_p30_ao75_am15_5_m30_ao75_am26_2,75,5,SATISFIED,5.2291,182574202.0,35516.38
SAL-Ei-LM,bom_deep_7_3_15_5_No1_p30_ao75_am15_5_m30_ao75_am26_2,75,6,SATISFIED,5.3445,183205615.0,34833.69
SAL-Ei-LM,bom_deep_7_3_15_5_No1_p30_ao75_am15_5_m30_ao75_am26_2,75,7,SATISFIED,5.4691,183100195.0,33471.44
SAL-Ei-LM,bom_deep_7_3_15_5_No1_p30_ao75_am15_5_m30_ao75_am26_2,75,8,SATISFIED,5.3449,182529091.0,32406.0
SAL-Ei-LM,bom_deep_7_3_15_5_No1_p30_ao75_am15_5_m30_ao75_am26_2,75,9,SATISFIED,5.3455,183924290.0,35764.91
SAL-Ei-LM,bom_deep_7_3_15_5_No1_p30_ao75_am15_5_m30_ao75_am26_2,75,10,SATISFIED,5.3515,187012687.0,32313.88
SAL-Ei-LM,bom_deep_7_3_15_5_No1_p30_ao75_am15_5_m30_ao75_am26_3,75,1,SATISFIED,5.3632,345172960.0,32666.06
SAL-Ei-LM,bom_deep_7_3_15_5_No1_p30_ao75_am15_5_m30_ao75_am26_3,75,2,SATISFIED,5.3493,344175548.0,34641.59
SAL-Ei-LM,bom_deep_7_3_15_5_No1_p30_ao75_am15_5_m30_ao75_am26_3,75,3,SATISFIED,5.4946,343466195.0,34488.53
SAL-Ei-LM,bom_deep_7_3_15_5_No1_p30_ao75_am15_5_m30_ao75_am26_3,75,4,SATISFIED,5.2749,341702045.0,33278.56
SAL-Ei-LM,bom_deep_7_3_15_5_No1_p30_ao75_am15_5_m30_ao75_am26_3,75,5,SATISFIED,5.3621,342568600.0,33725.69
SAL-Ei-LM,bom_deep_7_3_15_5_No1_p30_ao75_am15_5_m30_ao75_am26_3,75,6,SATISFIED,5.361,343404368.0,34323.53
SAL-Ei-LM,bom_deep_7_3_15_5_No1_p30_ao75_am15_5_m30_ao75_am26_3,75,7,SATISFIED,5.3667,342391195.0,33297.03
SAL-Ei-LM,bom_deep_7_3_15_5_No1_p30_ao75_am15_5_m30_ao75_am26_3,75,8,SATISFIED,5.2511,340406936.0,33745.66
SAL-Ei-LM,bom_deep_7_3_15_5_No1_p30_ao75_am15_5_m30_ao75_am26_3,75,9,SATISFIED,5.3693,341328990.0,34286.09
SAL-Ei-LM,bom_deep_7_3_15_5_No1_p30_ao75_am15_5_m30_ao75_am26_3,75,10,SATISFIED,5.4096,345606150.0,33755.38
SAL-Ei-LM,bom_deep_7_3_15_5_No1_p30_ao75_am15_5_m30_ao75_am26_5,75,1,SATISFIED,5.3422,458451120.0,34527.75
SAL-Ei-LM,bom_deep_7_3_15_5_No1_p30_ao75_am15_5_m30_ao75_am26_5,75,2,SATISFIED,5.339,457091281.0,36101.88
SAL-Ei-LM,bom_deep_7_3_15_5_No1_p30_ao75_am15_5_m30_ao75_am26_5,75,3,SATISFIED,5.3512,457595425.0,36249.09
SAL-Ei-LM,bom_deep_7_3_15_5_No1_p30_ao75_am15_5_m30_ao75_am26_5,75,4,SATISFIED,5.3366,457764733.0,36296.72
SAL-Ei-LM,bom_deep_7_3_15_5_No1_p30_ao75_am15_5_m30_ao75_am26_5,75,5,SATISFIED,5.339,459074850.0,35970.38
SAL-Ei-LM,bom_deep_7_3_15_5_No1_p30_ao75_am15_5_m30_ao75_am26_5,75,6,SATISFIED,5.3922,457482336.0,35047.53
SAL-Ei-LM,bom_deep_7_3_15_5_No1_p30_ao75_am15_5_m30_ao75_am26_5,75,7,SATISFIED,5.3374,456835942.0,34943.88
SAL-Ei-LM,bom_deep_7_3_15_5_No1_p30_ao75_am15_5_m30_ao75_am26_5,75,8,SATISFIED,5.349,459252025.0,35476.16
SAL-Ei-LM,bom_deep_7_3_15_5_No1_p30_ao75_am15_5_m30_ao75_am26_5,75,9,SATISFIED,5.3307,463992442.0,36866.34
SAL-Ei-LM,bom_deep_7_3_15_5_No1_p30_ao75_am15_5_m30_ao75_am26_5,75,10,SATISFIED,5.3477,466101253.0,35318.09
SAL-Ei-LM,bom_deep_7_3_15_5_No1_p40_ao81_am15_1,81,1,SATISFIED,5.3533,122533930.0,32748.28
SAL-Ei-LM,bom_deep_7_3_15_5_No1_p40_ao81_am15_1,81,2,SATISFIED,5.4349,122498080.0,33838.91
SAL-Ei-LM,bom_deep_7_3_15_5_No1_p40_ao81_am15_1,81,3,SATISFIED,5.345,122541670.0,32431.28
SAL-Ei-LM,bom_deep_7_3_15_5_No1_p40_ao81_am15_1,81,4,SATISFIED,5.3597,122564170.0,33162.12
SAL-Ei-LM,bom_deep_7_3_15_5_No1_p40_ao81_am15_1,81,5,SATISFIED,5.3563,122484880.0,34070.31
SAL-Ei-LM,bom_deep_7_3_15_5_No1_p40_ao81_am15_1,81,6,SATISFIED,5.3591,122506125.0,33849.72
SAL-Ei-LM,bom_deep_7_3_15_5_No1_p40_ao81_am15_1,81,7,SATISFIED,5.3562,122498540.0,32927.91
SAL-Ei-LM,bom_deep_7_3_15_5_No1_p40_ao81_am15_1,81,8,SATISFIED,5.3607,122463680.0,34275.94
SAL-Ei-LM,bom_deep_7_3_15_5_No1_p40_ao81_am15_1,81,9,SATISFIED,5.4001,122561320.0,34337.91
SAL-Ei-LM,bom_deep_7_3_15_5_No1_p40_ao81_am15_1,81,10,SATISFIED,5.3486,122585420.0,33965.81
SAL-Ei-LM,bom_deep_7_3_15_5_No1_p40_ao81_am15_1_m12_ao81_am12_1,81,1,SATISFIED,5.3541,69629604.0,33236.16
SAL-Ei-LM,bom_deep_7_3_15_5_No1_p40_ao81_am15_1_m12_ao81_am12_1,81,2,SATISFIED,5.3724,71280430.0,33756.97
SAL-Ei-LM,bom_deep_7_3_15_5_No1_p40_ao81_am15_1_m12_ao81_am12_1,81,3,SATISFIED,5.3747,70830924.0,34332.59
SAL-Ei-LM,bom_deep_7_3_15_5_No1_p40_ao81_am15_1_m12_ao81_am12_1,81,4,SATISFIED,5.3643,69165582.0,34707.78
SAL-Ei-LM,bom_deep_7_3_15_5_No1_p40_ao81_am15_1_m12_ao81_am12_1,81,5,SATISFIED,5.5046,69804090.0,33460.97
SAL-Ei-LM,bom_deep_7_3_15_5_No1_p40_ao81_am15_1_m12_ao81_am12_1,81,6,SATISFIED,5.3548,70674290.0,32388.12
SAL-Ei-LM,bom_deep_7_3_15_5_No1_p40_ao81_am15_1_m12_ao81_am12_1,81,7,SATISFIED,5.3905,69632460.0,33505.12
SAL-Ei-LM,bom_deep_7_3_15_5_No1_p40_ao81_am15_1_m12_ao81_am12_1,81,8,SATISFIED,5.3908,70747835.0,32251.53
SAL-Ei-LM,bom_deep_7_3_15_5_No1_p40_ao81_am15_1_m12_ao81_am12_1,81,9,SATISFIED,5.3894,70108342.0,33119.12
SAL-Ei-LM,bom_deep_7_3_15_5_No1_p40_ao81_am15_1_m12_ao81_am12_1,81,10,SATISFIED,5.3901,69816115.0,33582.75
SAL-Ei-LM,bom_deep_7_3_15_5_No1_p40_ao81_am15_1_m12_ao81_am12_2,81,1,SATISFIED,5.3982,60433305.0,32697.72
SAL-Ei-LM,bom_deep_7_3_15_5_No1_p40_ao81_am15_1_m12_ao81_am12_2,81,2,SATISFIED,5.4351,60123285.0,32560.69
SAL-Ei-LM,bom_deep_7_3_15_5_No1_p40_ao81_am15_1_m12_ao81_am12_2,81,3,SATISFIED,5.3692,60417263.0,32676.56
SAL-Ei-LM,bom_deep_7_3_15_5_No1_p40_ao81_am15_1_m12_ao81_am12_2,81,4,SATISFIED,5.3661,60378560.0,33031.69
SAL-Ei-LM,bom_deep_7_3_15_5_No1_p40_ao81_am15_1_m12_ao81_am12_2,81,5,SATISFIED,5.3389,60532050.0,33628.84
SAL-Ei-LM,bom_deep_7_3_15_5_No1_p40_ao81_am15_1_m12_ao81_am12_2,81,6,SATISFIED,5.3715,60102750.0,33873.22
SAL-Ei-LM,bom_deep_7_3_15_5_No1_p40_ao81_am15_1_m12_ao81_am12_2,81,7,SATISFIED,5.3758,60317741.0,33040.5
SAL-Ei-LM,bom_deep_7_3_15_5_No1_p40_ao81_am15_1_m12_ao81_am12_2,81,8,SATISFIED,5.4557,60420215.0,33137.41
SAL-Ei-LM,bom_deep_7_3_15_5_No1_p40_ao81_am15_1_m12_ao81_am12_2,81,9,SATISFIED,5.3575,60585615.0,31043.28
SAL-Ei-LM,bom_deep_7_3_15_5_No1_p40_ao81_am15_1_m12_ao81_am12_2,81,10,SATISFIED,5.3626,60463915.0,32558.0
SAL-Ei-LM,bom_deep_7_3_15_5_No1_p40_ao81_am15_1_m12_ao81_am12_3,81,1,SATISFIED,5.3596,77306265.0,33425.44
SAL-Ei-LM,bom_deep_7_3_15_5_No1_p40_ao81_am15_1_m12_ao81_am12_3,81,2,SATISFIED,5.3639,77582062.0,35477.41
SAL-Ei-LM,bom_deep_7_3_15_5_No1_p40_ao81_am15_1_m12_ao81_am12_3,81,3,SATISFIED,5.3701,77135295.0,34011.69
SAL-Ei-LM,bom_deep_7_3_15_5_No1_p40_ao81_am15_1_m12_ao81_am12_3,81,4,SATISFIED,5.3604,77129785.0,33680.03
SAL-Ei-LM,bom_deep_7_3_15_5_No1_p40_ao81_am15_1_m12_ao81_am12_3,81,5,SATISFIED,5.4311,77282621.0,33768.59
SAL-Ei-LM,bom_deep_7_3_15_5_No1_p40_ao81_am15_1_m12_ao81_am12_3,81,6,SATISFIED,5.3835,77237887.0,32912.06
SAL-Ei-LM,bom_deep_7_3_15_5_No1_p40_ao81_am15_1_m12_ao81_am12_3,81,7,SATISFIED,5.4,77066289.0,34385.03
SAL-Ei-LM,bom_deep_7_3_15_5_No1_p40_ao81_am15_1_m12_ao81_am12_3,81,8,SATISFIED,5.4039,77223681.0,34917.91
SAL-Ei-LM,bom_deep_7_3_15_5_No1_p40_ao81_am15_1_m12_ao81_am12_3,81,9,SATISFIED,5.3581,77080093.0,35248.53
SAL-Ei-LM,bom_deep_7_3_15_5_No1_p40_ao81_am15_1_m12_ao81_am12_3,81,10,SATISFIED,5.3683,77166016.0,35332.56
SAL-Ei-LM,bom_deep_7_3_15_5_No1_p40_ao81_am15_1_m12_ao81_am12_4,81,1,SATISFIED,5.488,72152405.0,32400.12
SAL-Ei-LM,bom_deep_7_3_15_5_No1_p40_ao81_am15_1_m12_ao81_am12_4,81,2,SATISFIED,5.3487,70188135.0,30936.78
SAL-Ei-LM,bom_deep_7_3_15_5_No1_p40_ao81_am15_1_m12_ao81_am12_4,81,3,SATISFIED,5.369,71550214.0,33345.47
SAL-Ei-LM,bom_deep_7_3_15_5_No1_p40_ao81_am15_1_m12_ao81_am12_4,81,4,SATISFIED,5.3589,74082486.0,33620.66
SAL-Ei-LM,bom_deep_7_3_15_5_No1_p40_ao81_am15_1_m12_ao81_am12_4,81,5,SATISFIED,5.3579,71043272.0,32882.28
SAL-Ei-LM,bom_deep_7_3_15_5_No1_p40_ao81_am15_1_m12_ao81_am12_4,81,6,SATISFIED,5.3648,71220202.0,32294.69
SAL-Ei-LM,bom_deep_7_3_15_5_No1_p40_ao81_am15_1_m12_ao81_am12_4,81,7,SATISFIED,5.3529,71754640.0,33132.19
SAL-Ei-LM,bom_deep_7_3_15_5_No1_p40_ao81_am15_1_m12_ao81_am12_4,81,8,SATISFIED,5.4377,71919657.0,33248.97
SAL-Ei-LM,bom_deep_7_3_15_5_No1_p40_ao81_am15_1_m12_ao81_am12_4,81,9,SATISFIED,5.3496,70924577.0,32797.06
SAL-Ei-LM,bom_deep_7_3_15_5_No1_p40_ao81_am15_1_m12_ao81_am12_4,81,10,SATISFIED,5.3789,72461073.0,33292.47
SAL-Ei-LM,bom_deep_7_3_15_5_No1_p40_ao81_am15_1_m12_ao81_am12_5,81,1,SATISFIED,5.366,34129650.0,34157.81
SAL-Ei-LM,bom_deep_7_3_15_5_No1_p40_ao81_am15_1_m12_ao81_am12_5,81,2,SATISFIED,5.3527,34313000.0,34387.81
SAL-Ei-LM,bom_deep_7_3_15_5_No1_p40_ao81_am15_1_m12_ao81_am12_5,81,3,SATISFIED,5.3703,33950615.0,34733.31
SAL-Ei-LM,bom_deep_7_3_15_5_No1_p40_ao81_am15_1_m12_ao81_am12_5,81,4,SATISFIED,5.5462,34014450.0,34699.94
SAL-Ei-LM,bom_deep_7_3_15_5_No1_p40_ao81_am15_1_m12_ao81_am12_5,81,5,SATISFIED,5.3621,34324250.0,31898.19
SAL-Ei-LM,bom_deep_7_3_15_5_No1_p40_ao81_am15_1_m12_ao81_am12_5,81,6,SATISFIED,5.3799,34051665.0,34120.12
SAL-Ei-LM,bom_deep_7_3_15_5_No1_p40_ao81_am15_1_m12_ao81_am12_5,81,7,SATISFIED,5.2823,34384240.0,35839.72
SAL-Ei-LM,bom_deep_7_3_15_5_No1_p40_ao81_am15_1_m12_ao81_am12_5,81,8,SATISFIED,5.392,34208975.0,34281.75
SAL-Ei-LM,bom_deep_7_3_15_5_No1_p40_ao81_am15_1_m12_ao81_am12_5,81,9,SATISFIED,5.3964,34040885.0,33689.12
SAL-Ei-LM,bom_deep_7_3_15_5_No1_p40_ao81_am15_1_m12_ao81_am12_5,81,10,SATISFIED,5.3788,34272930.0,33710.97
SAL-Ei-LM,bom_deep_7_3_15_5_No1_p40_ao81_am15_1_m35_ao81_am32_1,81,1,SATISFIED,5.4666,46132363.0,26841.66
SAL-Ei-LM,bom_deep_7_3_15_5_No1_p40_ao81_am15_1_m35_ao81_am32_1,81,2,SATISFIED,5.3747,45009701.0,26707.53
SAL-Ei-LM,bom_deep_7_3_15_5_No1_p40_ao81_am15_1_m35_ao81_am32_1,81,3,SATISFIED,5.3717,47019128.0,27725.84
SAL-Ei-LM,bom_deep_7_3_15_5_No1_p40_ao81_am15_1_m35_ao81_am32_1,81,4,SATISFIED,5.3652,45009382.0,28668.56
SAL-Ei-LM,bom_deep_7_3_15_5_No1_p40_ao81_am15_1_m35_ao81_am32_1,81,5,SATISFIED,5.2184,46343530.0,29319.66
SAL-Ei-LM,bom_deep_7_3_15_5_No1_p40_ao81_am15_1_m35_ao81_am32_1,81,6,SATISFIED,5.216,46023561.0,29395.94
SAL-Ei-LM,bom_deep_7_3_15_5_No1_p40_ao81_am15_1_m35_ao81_am32_1,81,7,SATISFIED,5.4435,44755874.0,28063.31
SAL-Ei-LM,bom_deep_7_3_15_5_No1_p40_ao81_am15_1_m35_ao81_am32_1,81,8,SATISFIED,5.3658,45533592.0,27647.56
SAL-Ei-LM,bom_deep_7_3_15_5_No1_p40_ao81_am15_1_m35_ao81_am32_1,81,9,SATISFIED,5.372,46624333.0,29660.59
SAL-Ei-LM,bom_deep_7_3_15_5_No1_p40_ao81_am15_1_m35_ao81_am32_1,81,10,SATISFIED,5.3724,46742333.0,28982.06
SAL-Ei-LM,bom_deep_7_3_15_5_No1_p40_ao81_am15_1_m35_ao81_am32_4,81,1,SATISFIED,5.3556,33966250.0,28334.56
SAL-Ei-LM,bom_deep_7_3_15_5_No1_p40_ao81_am15_1_m35_ao81_am32_4,81,2,SATISFIED,5.4417,34663212.0,28776.5
SAL-Ei-LM,bom_deep_7_3_15_5_No1_p40_ao81_am15_1_m35_ao81_am32_4,81,3,SATISFIED,5.3599,34260704.0,27941.03
SAL-Ei-LM,bom_deep_7_3_15_5_No1_p40_ao81_am15_1_m35_ao81_am32_4,81,4,SATISFIED,5.3647,34609398.0,29105.31
SAL-Ei-LM,bom_deep_7_3_15_5_No1_p40_ao81_am15_1_m35_ao81_am32_4,81,5,SATISFIED,5.3648,33879434.0,28526.78
SAL-Ei-LM,bom_deep_7_3_15_5_No1_p40_ao81_am15_1_m35_ao81_am32_4,81,6,SATISFIED,5.3669,34193505.0,27764.69
SAL-Ei-LM,bom_deep_7_3_15_5_No1_p40_ao81_am15_1_m35_ao81_am32_4,81,7,SATISFIED,5.374,33898473.0,28546.78
SAL-Ei-LM,bom_deep_7_3_15_5_No1_p40_ao81_am15_1_m35_ao81_am32_4,81,8,SATISFIED,5.436,33669061.0,29290.97
SAL-Ei-LM,bom_deep_7_3_15_5_No1_p40_ao81_am15_1_m35_ao81_am32_4,81,9,SATISFIED,5.3706,34676953.0,27094.62
SAL-Ei-LM,bom_deep_7_3_15_5_No1_p40_ao81_am15_1_m35_ao81_am32_4,81,10,SATISFIED,5.3842,34237612.0,28659.41
SAL-Ei-LM,bom_deep_7_3_15_5_No1_p40_ao81_am15_1_m35_ao81_am33_2,81,1,SATISFIED,5.3521,33982932.0,27254.69
SAL-Ei-LM,bom_deep_7_3_15_5_No1_p40_ao81_am15_1_m35_ao81_am33_2,81,2,SATISFIED,5.3645,33320267.0,28483.38
SAL-Ei-LM,bom_deep_7_3_15_5_No1_p40_ao81_am15_1_m35_ao81_am33_2,81,3,SATISFIED,5.4667,34376869.0,28328.69
SAL-Ei-LM,bom_deep_7_3_15_5_No1_p40_ao81_am15_1_m35_ao81_am33_2,81,4,SATISFIED,5.3474,34421338.0,27450.41
SAL-Ei-LM,bom_deep_7_3_15_5_No1_p40_ao81_am15_1_m35_ao81_am33_2,81,5,SATISFIED,5.3499,34230037.0,28591.69
SAL-Ei-LM,bom_deep_7_3_15_5_No1_p40_ao81_am15_1_m35_ao81_am33_2,81,6,SATISFIED,5.3659,34324006.0,28375.06
SAL-Ei-LM,bom_deep_7_3_15_5_No1_p40_ao81_am15_1_m35_ao81_am33_2,81,7,SATISFIED,5.3551,33395270.0,28527.56
SAL-Ei-LM,bom_deep_7_3_15_5_No1_p40_ao81_am15_1_m35_ao81_am33_2,81,8,SATISFIED,5.3583,34130864.0,28624.38
SAL-Ei-LM,bom_deep_7_3_15_5_No1_p40_ao81_am15_1_m35_ao81_am33_2,81,9,SATISFIED,5.4627,33325360.0,28526.88
SAL-Ei-LM,bom_deep_7_3_15_5_No1_p40_ao81_am15_1_m35_ao81_am33_2,81,10,SATISFIED,5.3674,34144404.0,26850.12
SAL-Ei-LM,bom_deep_7_3_15_5_No1_p40_ao81_am15_1_m35_ao81_am33_3,81,1,SATISFIED,5.3578,54811030.0,27960.0
SAL-Ei-LM,bom_deep_7_3_15_5_No1_p40_ao81_am15_1_m35_ao81_am33_3,81,2,SATISFIED,5.3693,54876014.0,28874.97
SAL-Ei-LM,bom_deep_7_3_15_5_No1_p40_ao81_am15_1_m35_ao81_am33_3,81,3,SATISFIED,5.3916,52239886.0,28843.06
SAL-Ei-LM,bom_deep_7_3_15_5_No1_p40_ao81_am15_1_m35_ao81_am33_3,81,4,SATISFIED,5.5048,54814634.0,27897.31
SAL-Ei-LM,bom_deep_7_3_15_5_No1_p40_ao81_am15_1_m35_ao81_am33_3,81,5,SATISFIED,5.3495,54953014.0,27996.84
SAL-Ei-LM,bom_deep_7_3_15_5_No1_p40_ao81_am15_1_m35_ao81_am33_3,81,6,SATISFIED,5.3643,54665256.0,27444.72
SAL-Ei-LM,bom_deep_7_3_15_5_No1_p40_ao81_am15_1_m35_ao81_am33_3,81,7,SATISFIED,5.3635,54942928.0,28172.19
SAL-Ei-LM,bom_deep_7_3_15_5_No1_p40_ao81_am15_1_m35_ao81_am33_3,81,8,SATISFIED,5.3566,55666351.0,27740.41
SAL-Ei-LM,bom_deep_7_3_15_5_No1_p40_ao81_am15_1_m35_ao81_am33_3,81,9,SATISFIED,5.3643,55263178.0,28758.41
SAL-Ei-LM,bom_deep_7_3_15_5_No1_p40_ao81_am15_1_m35_ao81_am33_3,81,10,SATISFIED,5.4699,54857915.0,28808.34
SAL-Ei-LM,bom_deep_7_3_15_5_No1_p40_ao81_am15_1_m35_ao81_am34_5,81,1,SATISFIED,5.3472,74662134.0,27001.0
SAL-Ei-LM,bom_deep_7_3_15_5_No1_p40_ao81_am15_1_m35_ao81_am34_5,81,2,SATISFIED,5.3684,75342970.0,28368.91
SAL-Ei-LM,bom_deep_7_3_15_5_No1_p40_ao81_am15_1_m35_ao81_am34_5,81,3,SATISFIED,5.3667,75214504.0,27527.44
SAL-Ei-LM,bom_deep_7_3_15_5_No1_p40_ao81_am15_1_m35_ao81_am34_5,81,4,SATISFIED,5.3612,75185134.0,28918.22
SAL-Ei-LM,bom_deep_7_3_15_5_No1_p40_ao81_am15_1_m35_ao81_am34_5,81,5,SATISFIED,5.5041,74868098.0,28157.16
SAL-Ei-LM,bom_deep_7_3_15_5_No1_p40_ao81_am15_1_m35_ao81_am34_5,81,6,SATISFIED,5.3533,74218941.0,26179.25
SAL-Ei-LM,bom_deep_7_3_15_5_No1_p40_ao81_am15_1_m35_ao81_am34_5,81,7,SATISFIED,5.3604,75422020.0,27658.25
SAL-Ei-LM,bom_deep_7_3_15_5_No1_p40_ao81_am15_1_m35_ao81_am34_5,81,8,SATISFIED,5.3892,74322643.0,26108.25
SAL-Ei-LM,bom_deep_7_3_15_5_No1_p40_ao81_am15_1_m35_ao81_am34_5,81,9,SATISFIED,5.392,75589325.0,27139.94
SAL-Ei-LM,bom_deep_7_3_15_5_No1_p40_ao81_am15_1_m35_ao81_am34_5,81,10,SATISFIED,5.3785,74480285.0,27269.44
SAL-Ei-LM,bom_deep_7_3_15_5_No1_p40_ao81_am15_2,81,1,SATISFIED,5.406,129501415.0,31150.12
SAL-Ei-LM,bom_deep_7_3_15_5_No1_p40_ao81_am15_2,81,2,SATISFIED,5.3865,128275843.0,31663.69
SAL-Ei-LM,bom_deep_7_3_15_5_No1_p40_ao81_am15_2,81,3,SATISFIED,5.3701,127734413.0,31000.41
SAL-Ei-LM,bom_deep_7_3_15_5_No1_p40_ao81_am15_2,81,4,SATISFIED,5.3782,130084513.0,32039.66
SAL-Ei-LM,bom_deep_7_3_15_5_No1_p40_ao81_am15_2,81,5,SATISFIED,5.381,129767982.0,31858.78
SAL-Ei-LM,bom_deep_7_3_15_5_No1_p40_ao81_am15_2,81,6,SATISFIED,5.3708,128347968.0,31820.5
SAL-Ei-LM,bom_deep_7_3_15_5_No1_p40_ao81_am15_2,81,7,SATISFIED,5.4604,128187862.0,31328.72
SAL-Ei-LM,bom_deep_7_3_15_5_No1_p40_ao81_am15_2,81,8,SATISFIED,5.3592,129585534.0,31409.62
SAL-Ei-LM,bom_deep_7_3_15_5_No1_p40_ao81_am15_2,81,9,SATISFIED,5.3716,128767117.0,32931.72
SAL-Ei-LM,bom_deep_7_3_15_5_No1_p40_ao81_am15_2,81,10,SATISFIED,5.3581,129694920.0,32196.62
SAL-Ei-LM,bom_deep_7_3_15_5_No1_p40_ao81_am15_2_m12_ao81_am12_1,81,1,SATISFIED,5.3625,157185360.0,34227.84
SAL-Ei-LM,bom_deep_7_3_15_5_No1_p40_ao81_am15_2_m12_ao81_am12_1,81,2,SATISFIED,5.3719,157172026.0,34401.44
SAL-Ei-LM,bom_deep_7_3_15_5_No1_p40_ao81_am15_2_m12_ao81_am12_1,81,3,SATISFIED,5.3607,157201465.0,34790.25
SAL-Ei-LM,bom_deep_7_3_15_5_No1_p40_ao81_am15_2_m12_ao81_am12_1,81,4,SATISFIED,5.417,157300695.0,34661.5
SAL-Ei-LM,bom_deep_7_3_15_5_No1_p40_ao81_am15_2_m12_ao81_am12_1,81,5,SATISFIED,5.3576,157233870.0,35001.5
SAL-Ei-LM,bom_deep_7_3_15_5_No1_p40_ao81_am15_2_m12_ao81_am12_1,81,6,SATISFIED,5.3729,157147385.0,35243.22
SAL-Ei-LM,bom_deep_7_3_15_5_No1_p40_ao81_am15_2_m12_ao81_am12_1,81,7,SATISFIED,5.3719,157108250.0,35330.28
SAL-Ei-LM,bom_deep_7_3_15_5_No1_p40_ao81_am15_2_m12_ao81_am12_1,81,8,SATISFIED,5.2163,157144150.0,36318.47
SAL-Ei-LM,bom_deep_7_3_15_5_No1_p40_ao81_am15_2_m12_ao81_am12_1,81,9,SATISFIED,5.3569,157064985.0,35792.34
SAL-Ei-LM,bom_deep_7_3_15_5_No1_p40_ao81_am15_2_m12_ao81_am12_1,81,10,SATISFIED,5.5166,157192845.0,35071.16
SAL-Ei-LM,bom_deep_7_3_15_5_No1_p40_ao81_am15_2_m12_ao81_am12_2,81,1,SATISFIED,5.3469,105735303.0,30227.78
SAL-Ei-LM,bom_deep_7_3_15_5_No1_p40_ao81_am15_2_m12_ao81_am12_2,81,2,SATISFIED,5.3721,104642530.0,31888.75
SAL-Ei-LM,bom_deep_7_3_15_5_No1_p40_ao81_am15_2_m12_ao81_am12_2,81,3,SATISFIED,5.3687,103661619.0,32241.47
SAL-Ei-LM,bom_deep_7_3_15_5_No1_p40_ao81_am15_2_m12_ao81_am12_2,81,4,SATISFIED,5.3702,103401274.0,32516.0
SAL-Ei-LM,bom_deep_7_3_15_5_No1_p40_ao81_am15_2_m12_ao81_am12_2,81,5,SATISFIED,5.226,106099422.0,32819.12
SAL-Ei-LM,bom_deep_7_3_15_5_No1_p40_ao81_am15_2_m12_ao81_am12_2,81,6,SATISFIED,5.3736,106327970.0,32058.59
SAL-Ei-LM,bom_deep_7_3_15_5_No1_p40_ao81_am15_2_m12_ao81_am12_2,81,7,SATISFIED,5.378,104693248.0,32131.41
SAL-Ei-LM,bom_deep_7_3_15_5_No1_p40_ao81_am15_2_m12_ao81_am12_2,81,8,SATISFIED,5.2145,104172229.0,32354.56
SAL-Ei-LM,bom_deep_7_3_15_5_No1_p40_ao81_am15_2_m12_ao81_am12_2,81,9,SATISFIED,5.3804,102919076.0,32094.0
SAL-Ei-LM,bom_deep_7_3_15_5_No1_p40_ao81_am15_2_m12_ao81_am12_2,81,10,SATISFIED,5.3639,103469953.0,31976.12
SAL-Ei-LM,bom_deep_7_3_15_5_No1_p40_ao81_am15_2_m12_ao81_am12_3,81,1,SATISFIED,5.3679,293293407.0,30886.5
SAL-Ei-LM,bom_deep_7_3_15_5_No1_p40_ao81_am15_2_m12_ao81_am12_3,81,2,SATISFIED,5.3681,294669080.0,31176.25
SAL-Ei-LM,bom_deep_7_3_15_5_No1_p40_ao81_am15_2_m12_ao81_am12_3,81,3,SATISFIED,5.4487,293713935.0,32307.31
SAL-Ei-LM,bom_deep_7_3_15_5_No1_p40_ao81_am15_2_m12_ao81_am12_3,81,4,SATISFIED,5.3586,294843920.0,30436.97
SAL-Ei-LM,bom_deep_7_3_15_5_No1_p40_ao81_am15_2_m12_ao81_am12_3,81,5,SATISFIED,5.374,291344100.0,31511.38
SAL-Ei-LM,bom_deep_7_3_15_5_No1_p40_ao81_am15_2_m12_ao81_am12_3,81,6,SATISFIED,5.3575,292294934.0,32439.88
SAL-Ei-LM,bom_deep_7_3_15_5_No1_p40_ao81_am15_2_m12_ao81_am12_3,81,7,SATISFIED,5.3684,290971224.0,32607.34
SAL-Ei-LM,bom_deep_7_3_15_5_No1_p40_ao81_am15_2_m12_ao81_am12_3,81,8,SATISFIED,5.3711,295088033.0,32216.66
SAL-Ei-LM,bom_deep_7_3_15_5_No1_p40_ao81_am15_2_m12_ao81_am12_3,81,9,SATISFIED,5.3748,295457364.0,31949.03
SAL-Ei-LM,bom_deep_7_3_15_5_No1_p40_ao81_am15_2_m12_ao81_am12_3,81,10,SATISFIED,5.4552,293093767.0,31519.09
SAL-Ei-LM,bom_deep_7_3_15_5_No1_p40_ao81_am15_2_m12_ao81_am12_4,81,1,SATISFIED,5.3536,195747300.0,31947.94
SAL-Ei-LM,bom_deep_7_3_15_5_No1_p40_ao81_am15_2_m12_ao81_am12_4,81,2,SATISFIED,5.3579,195817150.0,35064.78
SAL-Ei-LM,bom_deep_7_3_15_5_No1_p40_ao81_am15_2_m12_ao81_am12_4,81,3,SATISFIED,5.2023,195627195.0,35408.91
SAL-Ei-LM,bom_deep_7_3_15_5_No1_p40_ao81_am15_2_m12_ao81_am12_4,81,4,SATISFIED,5.3667,195795610.0,34553.19
SAL-Ei-LM,bom_deep_7_3_15_5_No1_p40_ao81_am15_2_m12_ao81_am12_4,81,5,SATISFIED,5.3789,195691890.0,34135.19
SAL-Ei-LM,bom_deep_7_3_15_5_No1_p40_ao81_am15_2_m12_ao81_am12_4,81,6,SATISFIED,5.477,195648710.0,34374.12
SAL-Ei-LM,bom_deep_7_3_15_5_No1_p40_ao81_am15_2_m12_ao81_am12_4,81,7,SATISFIED,5.3506,195845075.0,31833.53
SAL-Ei-LM,bom_deep_7_3_15_5_No1_p40_ao81_am15_2_m12_ao81_am12_4,81,8,SATISFIED,5.3552,195779695.0,33610.19
SAL-Ei-LM,bom_deep_7_3_15_5_No1_p40_ao81_am15_2_m12_ao81_am12_4,81,9,SATISFIED,5.2418,195666435.0,34015.97
SAL-Ei-LM,bom_deep_7_3_15_5_No1_p40_ao81_am15_2_m12_ao81_am12_4,81,10,SATISFIED,5.3683,195896315.0,34389.81
SAL-Ei-LM,bom_deep_7_3_15_5_No1_p40_ao81_am15_2_m12_ao81_am12_5,81,1,SATISFIED,5.2208,199433574.0,33117.41
SAL-Ei-LM,bom_deep_7_3_15_5_No1_p40_ao81_am15_2_m12_ao81_am12_5,81,2,SATISFIED,5.3656,199702544.0,33917.88
SAL-Ei-LM,bom_deep_7_3_15_5_No1_p40_ao81_am15_2_m12_ao81_am12_5,81,3,SATISFIED,5.433,199357995.0,33032.5
SAL-Ei-LM,bom_deep_7_3_15_5_No1_p40_ao81_am15_2_m12_ao81_am12_5,81,4,SATISFIED,5.3636,199427567.0,32307.84
SAL-Ei-LM,bom_deep_7_3_15_5_No1_p40_ao81_am15_2_m12_ao81_am12_5,81,5,SATISFIED,5.3733,200007333.0,33155.16
SAL-Ei-LM,bom_deep_7_3_15_5_No1_p40_ao81_am15_2_m12_ao81_am12_5,81,6,SATISFIED,5.3837,199386405.0,33141.97
SAL-Ei-LM,bom_deep_7_3_15_5_No1_p40_ao81_am15_2_m12_ao81_am12_5,81,7,SATISFIED,5.3918,199375152.0,32612.81
SAL-Ei-LM,bom_deep_7_3_15_5_No1_p40_ao81_am15_2_m12_ao81_am12_5,81,8,SATISFIED,5.3939,199476061.0,33401.44
SAL-Ei-LM,bom_deep_7_3_15_5_No1_p40_ao81_am15_2_m12_ao81_am12_5,81,9,SATISFIED,5.5123,199353835.0,32667.28
SAL-Ei-LM,bom_deep_7_3_15_5_No1_p40_ao81_am15_2_m12_ao81_am12_5,81,10,SATISFIED,5.3529,199400309.0,30860.31
SAL-Ei-LM,bom_deep_7_3_15_5_No1_p40_ao81_am15_2_m35_ao81_am31_5,81,1,SATISFIED,5.357,149234019.0,28170.91
SAL-Ei-LM,bom_deep_7_3_15_5_No1_p40_ao81_am15_2_m35_ao81_am31_5,81,2,SATISFIED,5.3655,148339784.0,28512.94
SAL-Ei-LM,bom_deep_7_3_15_5_No1_p40_ao81_am15_2_m35_ao81_am31_5,81,3,SATISFIED,5.3655,146278973.0,28498.5
SAL-Ei-LM,bom_deep_7_3_15_5_No1_p40_ao81_am15_2_m35_ao81_am31_5,81,4,SATISFIED,5.3778,147349242.0,27846.53
SAL-Ei-LM,bom_deep_7_3_15_5_No1_p40_ao81_am15_2_m35_ao81_am31_5,81,5,SATISFIED,5.4764,148047631.0,28635.25
SAL-Ei-LM,bom_deep_7_3_15_5_No1_p40_ao81_am15_2_m35_ao81_am31_5,81,6,SATISFIED,5.2417,147916849.0,28772.69
SAL-Ei-LM,bom_deep_7_3_15_5_No1_p40_ao81_am15_2_m35_ao81_am31_5,81,7,SATISFIED,5.2507,149082126.0,30213.97
SAL-Ei-LM,bom_deep_7_3_15_5_No1_p40_ao81_am15_2_m35_ao81_am31_5,81,8,SATISFIED,5.3806,152175527.0,28173.22
SAL-Ei-LM,bom_deep_7_3_15_5_No1_p40_ao81_am15_2_m35_ao81_am31_5,81,9,SATISFIED,5.3786,146795680.0,29069.5
SAL-Ei-LM,bom_deep_7_3_15_5_No1_p40_ao81_am15_2_m35_ao81_am31_5,81,10,SATISFIED,5.3631,148276065.0,27565.75
SAL-Ei-LM,bom_deep_7_3_15_5_No1_p40_ao81_am15_2_m35_ao81_am33_1,81,1,SATISFIED,5.399,98021446.0,27544.53
SAL-Ei-LM,bom_deep_7_3_15_5_No1_p40_ao81_am15_2_m35_ao81_am33_1,81,2,SATISFIED,5.3815,98812911.0,28153.53
SAL-Ei-LM,bom_deep_7_3_15_5_No1_p40_ao81_am15_2_m35_ao81_am33_1,81,3,SATISFIED,5.3746,98457774.0,27995.34
SAL-Ei-LM,bom_deep_7_3_15_5_No1_p40_ao81_am15_2_m35_ao81_am33_1,81,4,SATISFIED,5.3765,98952944.0,28064.25
SAL-Ei-LM,bom_deep_7_3_15_5_No1_p40_ao81_am15_2_m35_ao81_am33_1,81,5,SATISFIED,5.3884,98205614.0,28287.91
SAL-Ei-LM,bom_deep_7_3_15_5_No1_p40_ao81_am15_2_m35_ao81_am33_1,81,6,SATISFIED,5.5261,98214220.0,28287.12
SAL-Ei-LM,bom_deep_7_3_15_5_No1_p40_ao81_am15_2_m35_ao81_am33_1,81,7,SATISFIED,5.3745,98262609.0,26063.44
SAL-Ei-LM,bom_deep_7_3_15_5_No1_p40_ao81_am15_2_m35_ao81_am33_1,81,8,SATISFIED,5.3956,98731623.0,28251.75
SAL-Ei-LM,bom_deep_7_3_15_5_No1_p40_ao81_am15_2_m35_ao81_am33_1,81,9,SATISFIED,5.3882,98156260.0,28166.09
SAL-Ei-LM,bom_deep_7_3_15_5_No1_p40_ao81_am15_2_m35_ao81_am33_1,81,10,SATISFIED,5.3897,98088307.0,28897.19
SAL-Ei-LM,bom_deep_7_3_15_5_No1_p40_ao81_am15_2_m35_ao81_am33_3,81,1,SATISFIED,5.2052,143846578.0,29292.53
SAL-Ei-LM,bom_deep_7_3_15_5_No1_p40_ao81_am15_2_m35_ao81_am33_3,81,2,SATISFIED,5.4193,143722689.0,28915.22
SAL-Ei-LM,bom_deep_7_3_15_5_No1_p40_ao81_am15_2_m35_ao81_am33_3,81,3,SATISFIED,5.3592,143203953.0,27519.22
SAL-Ei-LM,bom_deep_7_3_15_5_No1_p40_ao81_am15_2_m35_ao81_am33_3,81,4,SATISFIED,5.3704,145179465.0,28639.31
SAL-Ei-LM,bom_deep_7_3_15_5_No1_p40_ao81_am15_2_m35_ao81_am33_3,81,5,SATISFIED,5.3677,144883526.0,28334.41
SAL-Ei-LM,bom_deep_7_3_15_5_No1_p40_ao81_am15_2_m35_ao81_am33_3,81,6,SATISFIED,5.2324,144866698.0,29302.19
SAL-Ei-LM,bom_deep_7_3_15_5_No1_p40_ao81_am15_2_m35_ao81_am33_3,81,7,SATISFIED,5.3746,144792066.0,29024.31
SAL-Ei-LM,bom_deep_7_3_15_5_No1_p40_ao81_am15_2_m35_ao81_am33_3,81,8,SATISFIED,5.398,146840798.0,28298.56
SAL-Ei-LM,bom_deep_7_3_15_5_No1_p40_ao81_am15_2_m35_ao81_am33_3,81,9,SATISFIED,5.3721,145008023.0,27779.47
SAL-Ei-LM,bom_deep_7_3_15_5_No1_p40_ao81_am15_2_m35_ao81_am33_3,81,10,SATISFIED,5.372,144768125.0,28307.09
SAL-Ei-LM,bom_deep_7_3_15_5_No1_p40_ao81_am15_2_m35_ao81_am34_2,81,1,SATISFIED,5.363,59147717.0,27856.44
SAL-Ei-LM,bom_deep_7_3_15_5_No1_p40_ao81_am15_2_m35_ao81_am34_2,81,2,SATISFIED,5.2112,58368049.0,29782.16
SAL-Ei-LM,bom_deep_7_3_15_5_No1_p40_ao81_am15_2_m35_ao81_am34_2,81,3,SATISFIED,5.393,60775627.0,28829.38
SAL-Ei-LM,bom_deep_7_3_15_5_No1_p40_ao81_am15_2_m35_ao81_am34_2,81,4,SATISFIED,5.3646,59930667.0,27525.56
SAL-Ei-LM,bom_deep_7_3_15_5_No1_p40_ao81_am15_2_m35_ao81_am34_2,81,5,SATISFIED,5.3551,59007676.0,28625.06
SAL-Ei-LM,bom_deep_7_3_15_5_No1_p40_ao81_am15_2_m35_ao81_am34_2,81,6,SATISFIED,5.3638,60235916.0,28099.25
SAL-Ei-LM,bom_deep_7_3_15_5_No1_p40_ao81_am15_2_m35_ao81_am34_2,81,7,SATISFIED,5.2318,59917048.0,28883.94
SAL-Ei-LM,bom_deep_7_3_15_5_No1_p40_ao81_am15_2_m35_ao81_am34_2,81,8,SATISFIED,5.3727,59518262.0,28474.38
SAL-Ei-LM,bom_deep_7_3_15_5_No1_p40_ao81_am15_2_m35_ao81_am34_2,81,9,SATISFIED,5.4261,58558357.0,28280.34
SAL-Ei-LM,bom_deep_7_3_15_5_No1_p40_ao81_am15_2_m35_ao81_am34_2,81,10,SATISFIED,5.3781,59274181.0,27394.31
SAL-Ei-LM,bom_deep_7_3_15_5_No1_p40_ao81_am15_2_m35_ao81_am34_4,81,1,SATISFIED,5.3626,88189756.0,28462.69
SAL-Ei-LM,bom_deep_7_3_15_5_No1_p40_ao81_am15_2_m35_ao81_am34_4,81,2,SATISFIED,5.3737,86917841.0,28543.97
SAL-Ei-LM,bom_deep_7_3_15_5_No1_p40_ao81_am15_2_m35_ao81_am34_4,81,3,SATISFIED,5.3776,86340142.0,28067.5
SAL-Ei-LM,bom_deep_7_3_15_5_No1_p40_ao81_am15_2_m35_ao81_am34_4,81,4,SATISFIED,5.4336,88332467.0,28337.91
SAL-Ei-LM,bom_deep_7_3_15_5_No1_p40_ao81_am15_2_m35_ao81_am34_4,81,5,SATISFIED,5.3703,89009659.0,27295.78
SAL-Ei-LM,bom_deep_7_3_15_5_No1_p40_ao81_am15_2_m35_ao81_am34_4,81,6,SATISFIED,5.4015,86884249.0,28625.81
SAL-Ei-LM,bom_deep_7_3_15_5_No1_p40_ao81_am15_2_m35_ao81_am34_4,81,7,SATISFIED,5.384,88495903.0,27962.66
SAL-Ei-LM,bom_deep_7_3_15_5_No1_p40_ao81_am15_2_m35_ao81_am34_4,81,8,SATISFIED,5.3873,87109356.0,27955.12
SAL-Ei-LM,bom_deep_7_3_15_5_No1_p40_ao81_am15_2_m35_ao81_am34_4,81,9,SATISFIED,5.4859,87775568.0,27636.09
SAL-Ei-LM,bom_deep_7_3_15_5_No1_p40_ao81_am15_2_m35_ao81_am34_4,81,10,SATISFIED,5.3902,88331432.0,26883.06
SAL-Ei-LM,bom_deep_7_3_15_5_No1_p40_ao81_am15_3,81,1,SATISFIED,5.3845,74474024.0,29619.41
SAL-Ei-LM,bom_deep_7_3_15_5_No1_p40_ao81_am15_3,81,2,SATISFIED,5.3754,74379130.0,31177.5
SAL-Ei-LM,bom_deep_7_3_15_5_No1_p40_ao81_am15_3,81,3,SATISFIED,5.389,74524602.0,31778.97
SAL-Ei-LM,bom_deep_7_3_15_5_No1_p40_ao81_am15_3,81,4,SATISFIED,5.384,74567426.0,31783.94
SAL-Ei-LM,bom_deep_7_3_15_5_No1_p40_ao81_am15_3,81,5,SATISFIED,5.3958,74483267.0,30968.38
SAL-Ei-LM,bom_deep_7_3_15_5_No1_p40_ao81_am15_3,81,6,SATISFIED,5.4185,74365973.0,31592.0
SAL-Ei-LM,bom_deep_7_3_15_5_No1_p40_ao81_am15_3,81,7,SATISFIED,5.4107,75106121.0,31035.12
SAL-Ei-LM,bom_deep_7_3_15_5_No1_p40_ao81_am15_3,81,8,SATISFIED,5.4118,75280491.0,29547.94
SAL-Ei-LM,bom_deep_7_3_15_5_No1_p40_ao81_am15_3,81,9,SATISFIED,5.4,74374626.0,30114.31
SAL-Ei-LM,bom_deep_7_3_15_5_No1_p40_ao81_am15_3,81,10,SATISFIED,5.3605,74207651.0,30563.0
SAL-Ei-LM,bom_deep_7_3_15_5_No1_p40_ao81_am15_3_m12_ao81_am12_1,81,1,SATISFIED,5.3472,150589265.0,32441.75
SAL-Ei-LM,bom_deep_7_3_15_5_No1_p40_ao81_am15_3_m12_ao81_am12_1,81,2,SATISFIED,5.4205,148974074.0,33030.78
SAL-Ei-LM,bom_deep_7_3_15_5_No1_p40_ao81_am15_3_m12_ao81_am12_1,81,3,SATISFIED,5.3453,147887396.0,32789.66
SAL-Ei-LM,bom_deep_7_3_15_5_No1_p40_ao81_am15_3_m12_ao81_am12_1,81,4,SATISFIED,5.3504,149514091.0,33654.75
SAL-Ei-LM,bom_deep_7_3_15_5_No1_p40_ao81_am15_3_m12_ao81_am12_1,81,5,SATISFIED,5.3729,149891709.0,32698.53
SAL-Ei-LM,bom_deep_7_3_15_5_No1_p40_ao81_am15_3_m12_ao81_am12_1,81,6,SATISFIED,5.3756,147439868.0,33091.72
SAL-Ei-LM,bom_deep_7_3_15_5_No1_p40_ao81_am15_3_m12_ao81_am12_1,81,7,SATISFIED,5.2313,149564033.0,34661.25
SAL-Ei-LM,bom_deep_7_3_15_5_No1_p40_ao81_am15_3_m12_ao81_am12_1,81,8,SATISFIED,5.2302,150311029.0,33865.47
SAL-Ei-LM,bom_deep_7_3_15_5_No1_p40_ao81_am15_3_m12_ao81_am12_1,81,9,SATISFIED,5.4125,150370233.0,34328.62
SAL-Ei-LM,bom_deep_7_3_15_5_No1_p40_ao81_am15_3_m12_ao81_am12_1,81,10,SATISFIED,5.3663,148697009.0,34406.91
SAL-Ei-LM,bom_deep_7_3_15_5_No1_p40_ao81_am15_3_m12_ao81_am12_2,81,1,SATISFIED,5.3624,165738110.0,31177.56
SAL-Ei-LM,bom_deep_7_3_15_5_No1_p40_ao81_am15_3_m12_ao81_am12_2,81,2,SATISFIED,5.3633,162751315.0,31550.88
SAL-Ei-LM,bom_deep_7_3_15_5_No1_p40_ao81_am15_3_m12_ao81_am12_2,81,3,SATISFIED,5.371,163578398.0,30863.5
SAL-Ei-LM,bom_deep_7_3_15_5_No1_p40_ao81_am15_3_m12_ao81_am12_2,81,4,SATISFIED,5.3683,163797530.0,32449.94
SAL-Ei-LM,bom_deep_7_3_15_5_No1_p40_ao81_am15_3_m12_ao81_am12_2,81,5,SATISFIED,5.2998,163830850.0,32640.38
SAL-Ei-LM,bom_deep_7_3_15_5_No1_p40_ao81_am15_3_m12_ao81_am12_2,81,6,SATISFIED,5.3506,164639990.0,31352.97
SAL-Ei-LM,bom_deep_7_3_15_5_No1_p40_ao81_am15_3_m12_ao81_am12_2,81,7,SATISFIED,5.3707,163595640.0,32559.03
SAL-Ei-LM,bom_deep_7_3_15_5_No1_p40_ao81_am15_3_m12_ao81_am12_2,81,8,SATISFIED,5.3653,165691000.0,32901.72
SAL-Ei-LM,bom_deep_7_3_15_5_No1_p40_ao81_am15_3_m12_ao81_am12_2,81,9,SATISFIED,5.3659,163954879.0,32529.69
SAL-Ei-LM,bom_deep_7_3_15_5_No1_p40_ao81_am15_3_m12_ao81_am12_2,81,10,SATISFIED,5.3743,167258423.0,32366.38
SAL-Ei-LM,bom_deep_7_3_15_5_No1_p40_ao81_am15_3_m12_ao81_am12_3,81,1,SATISFIED,5.382,129880288.0,34843.56
SAL-Ei-LM,bom_deep_7_3_15_5_No1_p40_ao81_am15_3_m12_ao81_am12_3,81,2,SATISFIED,5.4163,130405046.0,34441.25
SAL-Ei-LM,bom_deep_7_3_15_5_No1_p40_ao81_am15_3_m12_ao81_am12_3,81,3,SATISFIED,5.3593,130554716.0,34753.16
SAL-Ei-LM,bom_deep_7_3_15_5_No1_p40_ao81_am15_3_m12_ao81_am12_3,81,4,SATISFIED,5.3714,130672761.0,35875.56
SAL-Ei-LM,bom_deep_7_3_15_5_No1_p40_ao81_am15_3_m12_ao81_am12_3,81,5,SATISFIED,5.3671,130845399.0,36522.31
SAL-Ei-LM,bom_deep_7_3_15_5_No1_p40_ao81_am15_3_m12_ao81_am12_3,81,6,SATISFIED,5.3605,131173616.0,35065.03
SAL-Ei-LM,bom_deep_7_3_15_5_No1_p40_ao81_am15_3_m12_ao81_am12_3,81,7,SATISFIED,5.3537,131665879.0,36020.34
SAL-Ei-LM,bom_deep_7_3_15_5_No1_p40_ao81_am15_3_m12_ao81_am12_3,81,8,SATISFIED,5.5636,131567875.0,34069.22
SAL-Ei-LM,bom_deep_7_3_15_5_No1_p40_ao81_am15_3_m12_ao81_am12_3,81,9,SATISFIED,5.3954,130791094.0,32798.16
SAL-Ei-LM,bom_deep_7_3_15_5_No1_p40_ao81_am15_3_m12_ao81_am12_3,81,10,SATISFIED,5.3983,130846551.0,34545.94
SAL-Ei-LM,bom_deep_7_3_15_5_No1_p40_ao81_am15_3_m12_ao81_am12_4,81,1,SATISFIED,5.285,235603812.0,34838.16
SAL-Ei-LM,bom_deep_7_3_15_5_No1_p40_ao81_am15_3_m12_ao81_am12_4,81,2,SATISFIED,5.3875,230461628.0,32684.34
SAL-Ei-LM,bom_deep_7_3_15_5_No1_p40_ao81_am15_3_m12_ao81_am12_4,81,3,SATISFIED,5.399,236024212.0,32402.66
SAL-Ei-LM,bom_deep_7_3_15_5_No1_p40_ao81_am15_3_m12_ao81_am12_4,81,4,SATISFIED,5.3746,233508242.0,33330.19
SAL-Ei-LM,bom_deep_7_3_15_5_No1_p40_ao81_am15_3_m12_ao81_am12_4,81,5,SATISFIED,5.4245,233863094.0,32244.84
SAL-Ei-LM,bom_deep_7_3_15_5_No1_p40_ao81_am15_3_m12_ao81_am12_4,81,6,SATISFIED,5.3462,232657311.0,33138.19
SAL-Ei-LM,bom_deep_7_3_15_5_No1_p40_ao81_am15_3_m12_ao81_am12_4,81,7,SATISFIED,5.3725,232648379.0,33421.72
SAL-Ei-LM,bom_deep_7_3_15_5_No1_p40_ao81_am15_3_m12_ao81_am12_4,81,8,SATISFIED,5.3545,230408368.0,32907.59
SAL-Ei-LM,bom_deep_7_3_15_5_No1_p40_ao81_am15_3_m12_ao81_am12_4,81,9,SATISFIED,5.3635,234942241.0,33466.19
SAL-Ei-LM,bom_deep_7_3_15_5_No1_p40_ao81_am15_3_m12_ao81_am12_4,81,10,SATISFIED,5.3663,237560429.0,32918.88
SAL-Ei-LM,bom_deep_7_3_15_5_No1_p40_ao81_am15_3_m12_ao81_am12_5,81,1,SATISFIED,5.4566,207378501.0,33456.22
SAL-Ei-LM,bom_deep_7_3_15_5_No1_p40_ao81_am15_3_m12_ao81_am12_5,81,2,SATISFIED,5.3631,207305140.0,31899.06
SAL-Ei-LM,bom_deep_7_3_15_5_No1_p40_ao81_am15_3_m12_ao81_am12_5,81,3,SATISFIED,5.3648,206815325.0,33281.16
SAL-Ei-LM,bom_deep_7_3_15_5_No1_p40_ao81_am15_3_m12_ao81_am12_5,81,4,SATISFIED,5.2395,207562976.0,34977.84
SAL-Ei-LM,bom_deep_7_3_15_5_No1_p40_ao81_am15_3_m12_ao81_am12_5,81,5,SATISFIED,5.3654,207179539.0,34126.66
SAL-Ei-LM,bom_deep_7_3_15_5_No1_p40_ao81_am15_3_m12_ao81_am12_5,81,6,SATISFIED,5.3666,206804436.0,34689.59
SAL-Ei-LM,bom_deep_7_3_15_5_No1_p40_ao81_am15_3_m12_ao81_am12_5,81,7,SATISFIED,5.3665,207765083.0,34734.72
SAL-Ei-LM,bom_deep_7_3_15_5_No1_p40_ao81_am15_3_m12_ao81_am12_5,81,8,SATISFIED,5.2986,206679640.0,34565.44
SAL-Ei-LM,bom_deep_7_3_15_5_No1_p40_ao81_am15_3_m12_ao81_am12_5,81,9,SATISFIED,5.3552,206802497.0,32778.38
SAL-Ei-LM,bom_deep_7_3_15_5_No1_p40_ao81_am15_3_m12_ao81_am12_5,81,10,SATISFIED,5.3527,206638654.0,34694.56
SAL-Ei-LM,bom_deep_7_3_15_5_No1_p40_ao81_am15_3_m35_ao81_am31_1,81,1,SATISFIED,5.365,137271117.0,28934.25
SAL-Ei-LM,bom_deep_7_3_15_5_No1_p40_ao81_am15_3_m35_ao81_am31_1,81,2,SATISFIED,5.2753,137144770.0,30057.84
SAL-Ei-LM,bom_deep_7_3_15_5_No1_p40_ao81_am15_3_m35_ao81_am31_1,81,3,SATISFIED,5.2024,135804908.0,30284.59
SAL-Ei-LM,bom_deep_7_3_15_5_No1_p40_ao81_am15_3_m35_ao81_am31_1,81,4,SATISFIED,5.2902,135685242.0,29505.88
SAL-Ei-LM,bom_deep_7_3_15_5_No1_p40_ao81_am15_3_m35_ao81_am31_1,81,5,SATISFIED,5.4402,135143409.0,27773.72
SAL-Ei-LM,bom_deep_7_3_15_5_No1_p40_ao81_am15_3_m35_ao81_am31_1,81,6,SATISFIED,5.3944,135092362.0,28366.97
SAL-Ei-LM,bom_deep_7_3_15_5_No1_p40_ao81_am15_3_m35_ao81_am31_1,81,7,SATISFIED,5.3908,140893769.0,29429.66
SAL-Ei-LM,bom_deep_7_3_15_5_No1_p40_ao81_am15_3_m35_ao81_am31_1,81,8,SATISFIED,5.3768,138358184.0,29127.62
SAL-Ei-LM,bom_deep_7_3_15_5_No1_p40_ao81_am15_3_m35_ao81_am31_1,81,9,SATISFIED,5.3759,134839137.0,28370.16
SAL-Ei-LM,bom_deep_7_3_15_5_No1_p40_ao81_am15_3_m35_ao81_am31_1,81,10,SATISFIED,5.3812,136683439.0,28653.84
SAL-Ei-LM,bom_deep_7_3_15_5_No1_p40_ao81_am15_3_m35_ao81_am32_2,81,1,SATISFIED,5.2196,173372545.0,28905.12
SAL-Ei-LM,bom_deep_7_3_15_5_No1_p40_ao81_am15_3_m35_ao81_am32_2,81,2,SATISFIED,5.3884,176633525.0,28634.53
SAL-Ei-LM,bom_deep_7_3_15_5_No1_p40_ao81_am15_3_m35_ao81_am32_2,81,3,SATISFIED,5.3792,175049501.0,28601.66
SAL-Ei-LM,bom_deep_7_3_15_5_No1_p40_ao81_am15_3_m35_ao81_am32_2,81,4,SATISFIED,5.3942,176896256.0,28428.03
SAL-Ei-LM,bom_deep_7_3_15_5_No1_p40_ao81_am15_3_m35_ao81_am32_2,81,5,SATISFIED,5.487,176316170.0,28508.91
SAL-Ei-LM,bom_deep_7_3_15_5_No1_p40_ao81_am15_3_m35_ao81_am32_2,81,6,SATISFIED,5.3733,175276342.0,27098.66
SAL-Ei-LM,bom_deep_7_3_15_5_No1_p40_ao81_am15_3_m35_ao81_am32_2,81,7,SATISFIED,5.3646,174922479.0,29130.41
SAL-Ei-LM,bom_deep_7_3_15_5_No1_p40_ao81_am15_3_m35_ao81_am32_2,81,8,SATISFIED,5.3765,171052112.0,29141.41
SAL-Ei-LM,bom_deep_7_3_15_5_No1_p40_ao81_am15_3_m35_ao81_am32_2,81,9,SATISFIED,5.2509,172214644.0,29908.25
SAL-Ei-LM,bom_deep_7_3_15_5_No1_p40_ao81_am15_3_m35_ao81_am32_2,81,10,SATISFIED,5.376,174264064.0,28717.28
SAL-Ei-LM,bom_deep_7_3_15_5_No1_p40_ao81_am15_3_m35_ao81_am32_3,81,1,SATISFIED,5.3961,142655859.0,28231.69
SAL-Ei-LM,bom_deep_7_3_15_5_No1_p40_ao81_am15_3_m35_ao81_am32_3,81,2,SATISFIED,5.3556,140996953.0,28381.41
SAL-Ei-LM,bom_deep_7_3_15_5_No1_p40_ao81_am15_3_m35_ao81_am32_3,81,3,SATISFIED,5.4341,142279095.0,27685.03
SAL-Ei-LM,bom_deep_7_3_15_5_No1_p40_ao81_am15_3_m35_ao81_am32_3,81,4,SATISFIED,5.4143,141796520.0,27213.62
SAL-Ei-LM,bom_deep_7_3_15_5_No1_p40_ao81_am15_3_m35_ao81_am32_3,81,5,SATISFIED,5.3924,142135513.0,28230.91
SAL-Ei-LM,bom_deep_7_3_15_5_No1_p40_ao81_am15_3_m35_ao81_am32_3,81,6,SATISFIED,5.5906,141375448.0,28540.06
SAL-Ei-LM,bom_deep_7_3_15_5_No1_p40_ao81_am15_3_m35_ao81_am32_3,81,7,SATISFIED,5.3725,143824726.0,26479.28
SAL-Ei-LM,bom_deep_7_3_15_5_No1_p40_ao81_am15_3_m35_ao81_am32_3,81,8,SATISFIED,5.3534,142022813.0,28177.34
SAL-Ei-LM,bom_deep_7_3_15_5_No1_p40_ao81_am15_3_m35_ao81_am32_3,81,9,SATISFIED,5.3664,142708074.0,28652.22
SAL-Ei-LM,bom_deep_7_3_15_5_No1_p40_ao81_am15_3_m35_ao81_am32_3,81,10,SATISFIED,5.3621,141751687.0,28212.91
SAL-Ei-LM,bom_deep_7_3_15_5_No1_p40_ao81_am15_3_m35_ao81_am34_4,81,1,SATISFIED,5.3577,170654263.0,28226.91
SAL-Ei-LM,bom_deep_7_3_15_5_No1_p40_ao81_am15_3_m35_ao81_am34_4,81,2,SATISFIED,5.4319,173021794.0,28785.06
SAL-Ei-LM,bom_deep_7_3_15_5_No1_p40_ao81_am15_3_m35_ao81_am34_4,81,3,SATISFIED,5.3863,170468674.0,27219.12
SAL-Ei-LM,bom_deep_7_3_15_5_No1_p40_ao81_am15_3_m35_ao81_am34_4,81,4,SATISFIED,5.4013,171447991.0,27744.47
SAL-Ei-LM,bom_deep_7_3_15_5_No1_p40_ao81_am15_3_m35_ao81_am34_4,81,5,SATISFIED,5.36,176080953.0,27941.81
SAL-Ei-LM,bom_deep_7_3_15_5_No1_p40_ao81_am15_3_m35_ao81_am34_4,81,6,SATISFIED,5.351,172667622.0,29028.0
SAL-Ei-LM,bom_deep_7_3_15_5_No1_p40_ao81_am15_3_m35_ao81_am34_4,81,7,SATISFIED,5.4468,172516951.0,28188.72
SAL-Ei-LM,bom_deep_7_3_15_5_No1_p40_ao81_am15_3_m35_ao81_am34_4,81,8,SATISFIED,5.2094,170634188.0,29038.97
SAL-Ei-LM,bom_deep_7_3_15_5_No1_p40_ao81_am15_3_m35_ao81_am34_4,81,9,SATISFIED,5.2066,171192677.0,29122.12
SAL-Ei-LM,bom_deep_7_3_15_5_No1_p40_ao81_am15_3_m35_ao81_am34_4,81,10,SATISFIED,5.2061,173437313.0,28856.66
SAL-Ei-LM,bom_deep_7_3_15_5_No1_p40_ao81_am15_3_m35_ao81_am35_5,81,1,SATISFIED,5.3585,102223136.0,28336.16
SAL-Ei-LM,bom_deep_7_3_15_5_No1_p40_ao81_am15_3_m35_ao81_am35_5,81,2,SATISFIED,5.3534,101950266.0,28211.34
SAL-Ei-LM,bom_deep_7_3_15_5_No1_p40_ao81_am15_3_m35_ao81_am35_5,81,3,SATISFIED,5.4264,102041344.0,28396.41
SAL-Ei-LM,bom_deep_7_3_15_5_No1_p40_ao81_am15_3_m35_ao81_am35_5,81,4,SATISFIED,5.3582,102062004.0,27457.69
SAL-Ei-LM,bom_deep_7_3_15_5_No1_p40_ao81_am15_3_m35_ao81_am35_5,81,5,SATISFIED,5.3578,102436452.0,28026.78
SAL-Ei-LM,bom_deep_7_3_15_5_No1_p40_ao81_am15_3_m35_ao81_am35_5,81,6,SATISFIED,5.3606,101361711.0,27027.97
SAL-Ei-LM,bom_deep_7_3_15_5_No1_p40_ao81_am15_3_m35_ao81_am35_5,81,7,SATISFIED,5.2123,102306991.0,27588.25
SAL-Ei-LM,bom_deep_7_3_15_5_No1_p40_ao81_am15_3_m35_ao81_am35_5,81,8,SATISFIED,5.4694,102568615.0,27495.5
SAL-Ei-LM,bom_deep_7_3_15_5_No1_p40_ao81_am15_3_m35_ao81_am35_5,81,9,SATISFIED,5.3483,101718714.0,26724.75
SAL-Ei-LM,bom_deep_7_3_15_5_No1_p40_ao81_am15_3_m35_ao81_am35_5,81,10,SATISFIED,5.351,101185149.0,26501.06
SAL-Ei-LM,bom_deep_7_3_15_5_No1_p40_ao81_am15_4,81,1,SATISFIED,5.3507,125435057.0,30426.59
SAL-Ei-LM,bom_deep_7_3_15_5_No1_p40_ao81_am15_4,81,2,SATISFIED,5.3599,124477397.0,32095.94
SAL-Ei-LM,bom_deep_7_3_15_5_No1_p40_ao81_am15_4,81,3,SATISFIED,5.3569,124569888.0,32609.66
SAL-Ei-LM,bom_deep_7_3_15_5_No1_p40_ao81_am15_4,81,4,SATISFIED,5.4533,124357987.0,32125.41
SAL-Ei-LM,bom_deep_7_3_15_5_No1_p40_ao81_am15_4,81,5,SATISFIED,5.3531,125318015.0,30825.25
SAL-Ei-LM,bom_deep_7_3_15_5_No1_p40_ao81_am15_4,81,6,SATISFIED,5.3649,125221276.0,32427.62
SAL-Ei-LM,bom_deep_7_3_15_5_No1_p40_ao81_am15_4,81,7,SATISFIED,5.3608,124400615.0,32226.31
SAL-Ei-LM,bom_deep_7_3_15_5_No1_p40_ao81_am15_4,81,8,SATISFIED,5.3596,124187373.0,30799.12
SAL-Ei-LM,bom_deep_7_3_15_5_No1_p40_ao81_am15_4,81,9,SATISFIED,5.3583,124143492.0,32263.66
SAL-Ei-LM,bom_deep_7_3_15_5_No1_p40_ao81_am15_4,81,10,SATISFIED,5.3647,124734280.0,32787.81
SAL-Ei-LM,bom_deep_7_3_15_5_No1_p40_ao81_am15_4_m12_ao81_am12_1,81,1,SATISFIED,5.395,823287304.0,35090.94
SAL-Ei-LM,bom_deep_7_3_15_5_No1_p40_ao81_am15_4_m12_ao81_am12_1,81,2,SATISFIED,5.3492,823250199.0,33934.47
SAL-Ei-LM,bom_deep_7_3_15_5_No1_p40_ao81_am15_4_m12_ao81_am12_1,81,3,SATISFIED,5.37,822681205.0,32920.16
SAL-Ei-LM,bom_deep_7_3_15_5_No1_p40_ao81_am15_4_m12_ao81_am12_1,81,4,SATISFIED,5.3576,823044780.0,33853.69
SAL-Ei-LM,bom_deep_7_3_15_5_No1_p40_ao81_am15_4_m12_ao81_am12_1,81,5,SATISFIED,5.3632,823119885.0,32658.91
SAL-Ei-LM,bom_deep_7_3_15_5_No1_p40_ao81_am15_4_m12_ao81_am12_1,81,6,SATISFIED,5.3687,822926990.0,33118.19
SAL-Ei-LM,bom_deep_7_3_15_5_No1_p40_ao81_am15_4_m12_ao81_am12_1,81,7,SATISFIED,5.481,822991480.0,34204.38
SAL-Ei-LM,bom_deep_7_3_15_5_No1_p40_ao81_am15_4_m12_ao81_am12_1,81,8,SATISFIED,5.3589,822862525.0,33119.38
SAL-Ei-LM,bom_deep_7_3_15_5_No1_p40_ao81_am15_4_m12_ao81_am12_1,81,9,SATISFIED,5.4199,823331850.0,34031.03
SAL-Ei-LM,bom_deep_7_3_15_5_No1_p40_ao81_am15_4_m12_ao81_am12_1,81,10,SATISFIED,5.3273,823436579.0,35256.34
SAL-Ei-LM,bom_deep_7_3_15_5_No1_p40_ao81_am15_4_m12_ao81_am12_2,81,1,SATISFIED,5.2018,178244048.0,36372.31
SAL-Ei-LM,bom_deep_7_3_15_5_No1_p40_ao81_am15_4_m12_ao81_am12_2,81,2,SATISFIED,5.3751,178574665.0,36477.22
SAL-Ei-LM,bom_deep_7_3_15_5_No1_p40_ao81_am15_4_m12_ao81_am12_2,81,3,SATISFIED,5.3686,178150316.0,36225.94
SAL-Ei-LM,bom_deep_7_3_15_5_No1_p40_ao81_am15_4_m12_ao81_am12_2,81,4,SATISFIED,5.4951,177947991.0,34534.59
SAL-Ei-LM,bom_deep_7_3_15_5_No1_p40_ao81_am15_4_m12_ao81_am12_2,81,5,SATISFIED,5.3589,178203566.0,33890.16
SAL-Ei-LM,bom_deep_7_3_15_5_No1_p40_ao81_am15_4_m12_ao81_am12_2,81,6,SATISFIED,5.4356,177991898.0,34808.41
SAL-Ei-LM,bom_deep_7_3_15_5_No1_p40_ao81_am15_4_m12_ao81_am12_2,81,7,SATISFIED,5.2758,178111725.0,36835.03
SAL-Ei-LM,bom_deep_7_3_15_5_No1_p40_ao81_am15_4_m12_ao81_am12_2,81,8,SATISFIED,5.3702,178425165.0,35739.88
SAL-Ei-LM,bom_deep_7_3_15_5_No1_p40_ao81_am15_4_m12_ao81_am12_2,81,9,SATISFIED,5.3838,177982770.0,35975.22
SAL-Ei-LM,bom_deep_7_3_15_5_No1_p40_ao81_am15_4_m12_ao81_am12_2,81,10,SATISFIED,5.3291,178195432.0,37121.47
SAL-Ei-LM,bom_deep_7_3_15_5_No1_p40_ao81_am15_4_m12_ao81_am12_3,81,1,SATISFIED,5.3548,625721817.0,32533.12
SAL-Ei-LM,bom_deep_7_3_15_5_No1_p40_ao81_am15_4_m12_ao81_am12_3,81,2,SATISFIED,5.3711,626416160.0,34054.09
SAL-Ei-LM,bom_deep_7_3_15_5_No1_p40_ao81_am15_4_m12_ao81_am12_3,81,3,SATISFIED,5.3789,625508499.0,34269.09
SAL-Ei-LM,bom_deep_7_3_15_5_No1_p40_ao81_am15_4_m12_ao81_am12_3,81,4,SATISFIED,5.3576,626399476.0,32799.44
SAL-Ei-LM,bom_deep_7_3_15_5_No1_p40_ao81_am15_4_m12_ao81_am12_3,81,5,SATISFIED,5.3538,626621943.0,34683.03
SAL-Ei-LM,bom_deep_7_3_15_5_No1_p40_ao81_am15_4_m12_ao81_am12_3,81,6,SATISFIED,5.3605,625170317.0,34670.75
SAL-Ei-LM,bom_deep_7_3_15_5_No1_p40_ao81_am15_4_m12_ao81_am12_3,81,7,SATISFIED,5.4139,626117288.0,34892.84
SAL-Ei-LM,bom_deep_7_3_15_5_No1_p40_ao81_am15_4_m12_ao81_am12_3,81,8,SATISFIED,5.3541,626892850.0,33961.47
SAL-Ei-LM,bom_deep_7_3_15_5_No1_p40_ao81_am15_4_m12_ao81_am12_3,81,9,SATISFIED,5.3602,625769385.0,34666.28
SAL-Ei-LM,bom_deep_7_3_15_5_No1_p40_ao81_am15_4_m12_ao81_am12_3,81,10,SATISFIED,5.3546,629029595.0,35375.38
SAL-Ei-LM,bom_deep_7_3_15_5_No1_p40_ao81_am15_4_m12_ao81_am12_4,81,1,SATISFIED,5.3598,667209933.0,35235.91
SAL-Ei-LM,bom_deep_7_3_15_5_No1_p40_ao81_am15_4_m12_ao81_am12_4,81,2,SATISFIED,5.3539,667416630.0,35199.72
SAL-Ei-LM,bom_deep_7_3_15_5_No1_p40_ao81_am15_4_m12_ao81_am12_4,81,3,SATISFIED,5.4766,667470766.0,33687.0
SAL-Ei-LM,bom_deep_7_3_15_5_No1_p40_ao81_am15_4_m12_ao81_am12_4,81,4,SATISFIED,5.3516,667719577.0,32487.84
SAL-Ei-LM,bom_deep_7_3_15_5_No1_p40_ao81_am15_4_m12_ao81_am12_4,81,5,SATISFIED,5.3548,667639110.0,32993.62
SAL-Ei-LM,bom_deep_7_3_15_5_No1_p40_ao81_am15_4_m12_ao81_am12_4,81,6,SATISFIED,5.354,667956226.0,33673.75
SAL-Ei-LM,bom_deep_7_3_15_5_No1_p40_ao81_am15_4_m12_ao81_am12_4,81,7,SATISFIED,5.3646,667172584.0,33474.19
SAL-Ei-LM,bom_deep_7_3_15_5_No1_p40_ao81_am15_4_m12_ao81_am12_4,81,8,SATISFIED,5.3692,667614245.0,33455.41
SAL-Ei-LM,bom_deep_7_3_15_5_No1_p40_ao81_am15_4_m12_ao81_am12_4,81,9,SATISFIED,5.3545,667500582.0,33831.53
SAL-Ei-LM,bom_deep_7_3_15_5_No1_p40_ao81_am15_4_m12_ao81_am12_4,81,10,SATISFIED,5.4555,667896441.0,34611.59
SAL-Ei-LM,bom_deep_7_3_15_5_No1_p40_ao81_am15_4_m12_ao81_am12_5,81,1,SATISFIED,5.3233,292002569.0,32961.94
SAL-Ei-LM,bom_deep_7_3_15_5_No1_p40_ao81_am15_4_m12_ao81_am12_5,81,2,SATISFIED,5.3538,291142004.0,34913.81
SAL-Ei-LM,bom_deep_7_3_15_5_No1_p40_ao81_am15_4_m12_ao81_am12_5,81,3,SATISFIED,5.3651,292218323.0,34744.72
SAL-Ei-LM,bom_deep_7_3_15_5_No1_p40_ao81_am15_4_m12_ao81_am12_5,81,4,SATISFIED,5.3897,291834281.0,34293.0
SAL-Ei-LM,bom_deep_7_3_15_5_No1_p40_ao81_am15_4_m12_ao81_am12_5,81,5,SATISFIED,5.3768,288052982.0,34370.41
SAL-Ei-LM,bom_deep_7_3_15_5_No1_p40_ao81_am15_4_m12_ao81_am12_5,81,6,SATISFIED,5.5047,292592080.0,34561.91
SAL-Ei-LM,bom_deep_7_3_15_5_No1_p40_ao81_am15_4_m12_ao81_am12_5,81,7,SATISFIED,5.3568,289871698.0,32867.25
SAL-Ei-LM,bom_deep_7_3_15_5_No1_p40_ao81_am15_4_m12_ao81_am12_5,81,8,SATISFIED,5.3685,290374128.0,35097.81
SAL-Ei-LM,bom_deep_7_3_15_5_No1_p40_ao81_am15_4_m12_ao81_am12_5,81,9,SATISFIED,5.3738,291365138.0,35021.81
SAL-Ei-LM,bom_deep_7_3_15_5_No1_p40_ao81_am15_4_m12_ao81_am12_5,81,10,SATISFIED,5.3585,294338181.0,34503.88
SAL-Ei-LM,bom_deep_7_3_15_5_No1_p40_ao81_am15_4_m35_ao81_am32_1,81,1,SATISFIED,5.3661,236847613.0,28560.56
SAL-Ei-LM,bom_deep_7_3_15_5_No1_p40_ao81_am15_4_m35_ao81_am32_1,81,2,SATISFIED,5.4667,241907812.0,28512.81
SAL-Ei-LM,bom_deep_7_3_15_5_No1_p40_ao81_am15_4_m35_ao81_am32_1,81,3,SATISFIED,5.3605,237850626.0,27141.66
SAL-Ei-LM,bom_deep_7_3_15_5_No1_p40_ao81_am15_4_m35_ao81_am32_1,81,4,SATISFIED,5.399,234477442.0,28902.78
SAL-Ei-LM,bom_deep_7_3_15_5_No1_p40_ao81_am15_4_m35_ao81_am32_1,81,5,SATISFIED,5.3738,233236603.0,27883.91
SAL-Ei-LM,bom_deep_7_3_15_5_No1_p40_ao81_am15_4_m35_ao81_am32_1,81,6,SATISFIED,5.3862,238144473.0,27679.59
SAL-Ei-LM,bom_deep_7_3_15_5_No1_p40_ao81_am15_4_m35_ao81_am32_1,81,7,SATISFIED,5.3912,235251735.0,28422.03
SAL-Ei-LM,bom_deep_7_3_15_5_No1_p40_ao81_am15_4_m35_ao81_am32_1,81,8,SATISFIED,5.5014,236283218.0,28350.56
SAL-Ei-LM,bom_deep_7_3_15_5_No1_p40_ao81_am15_4_m35_ao81_am32_1,81,9,SATISFIED,5.3858,238124975.0,26613.88
SAL-Ei-LM,bom_deep_7_3_15_5_No1_p40_ao81_am15_4_m35_ao81_am32_1,81,10,SATISFIED,5.2424,242160657.0,29686.59
SAL-Ei-LM,bom_deep_7_3_15_5_No1_p40_ao81_am15_4_m35_ao81_am33_5,81,1,SATISFIED,5.3706,276059714.0,28203.81
SAL-Ei-LM,bom_deep_7_3_15_5_No1_p40_ao81_am15_4_m35_ao81_am33_5,81,2,SATISFIED,5.3754,283451616.0,28090.47
SAL-Ei-LM,bom_deep_7_3_15_5_No1_p40_ao81_am15_4_m35_ao81_am33_5,81,3,SATISFIED,5.3831,283431291.0,27663.59
SAL-Ei-LM,bom_deep_7_3_15_5_No1_p40_ao81_am15_4_m35_ao81_am33_5,81,4,SATISFIED,5.4137,288538410.0,26519.84
SAL-Ei-LM,bom_deep_7_3_15_5_No1_p40_ao81_am15_4_m35_ao81_am33_5,81,5,SATISFIED,5.3701,276389415.0,27214.72
SAL-Ei-LM,bom_deep_7_3_15_5_No1_p40_ao81_am15_4_m35_ao81_am33_5,81,6,SATISFIED,5.3863,269615223.0,28539.56
SAL-Ei-LM,bom_deep_7_3_15_5_No1_p40_ao81_am15_4_m35_ao81_am33_5,81,7,SATISFIED,5.3955,279911070.0,27923.44
SAL-Ei-LM,bom_deep_7_3_15_5_No1_p40_ao81_am15_4_m35_ao81_am33_5,81,8,SATISFIED,5.378,272355396.0,27485.31
SAL-Ei-LM,bom_deep_7_3_15_5_No1_p40_ao81_am15_4_m35_ao81_am33_5,81,9,SATISFIED,5.479,289424759.0,27897.19
SAL-Ei-LM,bom_deep_7_3_15_5_No1_p40_ao81_am15_4_m35_ao81_am33_5,81,10,SATISFIED,5.3576,269558517.0,25914.06
SAL-Ei-LM,bom_deep_7_3_15_5_No1_p40_ao81_am15_4_m35_ao81_am34_2,81,1,SATISFIED,5.368,147644031.0,26835.69
SAL-Ei-LM,bom_deep_7_3_15_5_No1_p40_ao81_am15_4_m35_ao81_am34_2,81,2,SATISFIED,5.386,151151082.0,28058.0
SAL-Ei-LM,bom_deep_7_3_15_5_No1_p40_ao81_am15_4_m35_ao81_am34_2,81,3,SATISFIED,5.3963,148106034.0,27553.59
SAL-Ei-LM,bom_deep_7_3_15_5_No1_p40_ao81_am15_4_m35_ao81_am34_2,81,4,SATISFIED,5.3867,150305330.0,27815.09
SAL-Ei-LM,bom_deep_7_3_15_5_No1_p40_ao81_am15_4_m35_ao81_am34_2,81,5,SATISFIED,5.4223,151551508.0,26671.72
SAL-Ei-LM,bom_deep_7_3_15_5_No1_p40_ao81_am15_4_m35_ao81_am34_2,81,6,SATISFIED,5.3761,150728677.0,26350.56
SAL-Ei-LM,bom_deep_7_3_15_5_No1_p40_ao81_am15_4_m35_ao81_am34_2,81,7,SATISFIED,5.3824,146337677.0,27386.16
SAL-Ei-LM,bom_deep_7_3_15_5_No1_p40_ao81_am15_4_m35_ao81_am34_2,81,8,SATISFIED,5.364,147906938.0,28083.03
SAL-Ei-LM,bom_deep_7_3_15_5_No1_p40_ao81_am15_4_m35_ao81_am34_2,81,9,SATISFIED,5.3867,147443449.0,27667.66
SAL-Ei-LM,bom_deep_7_3_15_5_No1_p40_ao81_am15_4_m35_ao81_am34_2,81,10,SATISFIED,5.5273,150752752.0,27745.38
SAL-Ei-LM,bom_deep_7_3_15_5_No1_p40_ao81_am15_4_m35_ao81_am34_3,81,1,SATISFIED,5.3683,180073503.0,26252.72
SAL-Ei-LM,bom_deep_7_3_15_5_No1_p40_ao81_am15_4_m35_ao81_am34_3,81,2,SATISFIED,5.3744,181891852.0,27611.66
SAL-Ei-LM,bom_deep_7_3_15_5_No1_p40_ao81_am15_4_m35_ao81_am34_3,81,3,SATISFIED,5.4604,180055362.0,28100.22
SAL-Ei-LM,bom_deep_7_3_15_5_No1_p40_ao81_am15_4_m35_ao81_am34_3,81,4,SATISFIED,5.3522,183062953.0,28447.16
SAL-Ei-LM,bom_deep_7_3_15_5_No1_p40_ao81_am15_4_m35_ao81_am34_3,81,5,SATISFIED,5.3659,180957108.0,29220.31
SAL-Ei-LM,bom_deep_7_3_15_5_No1_p40_ao81_am15_4_m35_ao81_am34_3,81,6,SATISFIED,5.3918,182745009.0,27990.12
SAL-Ei-LM,bom_deep_7_3_15_5_No1_p40_ao81_am15_4_m35_ao81_am34_3,81,7,SATISFIED,5.3634,181220471.0,28088.91
SAL-Ei-LM,bom_deep_7_3_15_5_No1_p40_ao81_am15_4_m35_ao81_am34_3,81,8,SATISFIED,5.2373,181495992.0,29435.25
SAL-Ei-LM,bom_deep_7_3_15_5_No1_p40_ao81_am15_4_m35_ao81_am34_3,81,9,SATISFIED,5.4175,180439365.0,27813.16
SAL-Ei-LM,bom_deep_7_3_15_5_No1_p40_ao81_am15_4_m35_ao81_am34_3,81,10,SATISFIED,5.4148,182137042.0,28461.25
SAL-Ei-LM,bom_deep_7_3_15_5_No1_p40_ao81_am15_4_m35_ao81_am34_4,81,1,SATISFIED,5.4361,222363201.0,27891.25
SAL-Ei-LM,bom_deep_7_3_15_5_No1_p40_ao81_am15_4_m35_ao81_am34_4,81,2,SATISFIED,5.3873,224826158.0,27979.12
SAL-Ei-LM,bom_deep_7_3_15_5_No1_p40_ao81_am15_4_m35_ao81_am34_4,81,3,SATISFIED,5.3799,222142400.0,28460.09
SAL-Ei-LM,bom_deep_7_3_15_5_No1_p40_ao81_am15_4_m35_ao81_am34_4,81,4,SATISFIED,5.3608,222541234.0,28415.5
SAL-Ei-LM,bom_deep_7_3_15_5_No1_p40_ao81_am15_4_m35_ao81_am34_4,81,5,SATISFIED,5.3545,222177038.0,28774.0
SAL-Ei-LM,bom_deep_7_3_15_5_No1_p40_ao81_am15_4_m35_ao81_am34_4,81,6,SATISFIED,5.4611,222142529.0,28673.66
SAL-Ei-LM,bom_deep_7_3_15_5_No1_p40_ao81_am15_4_m35_ao81_am34_4,81,7,SATISFIED,5.3666,222979778.0,27463.59
SAL-Ei-LM,bom_deep_7_3_15_5_No1_p40_ao81_am15_4_m35_ao81_am34_4,81,8,SATISFIED,5.3833,225412491.0,28564.25
SAL-Ei-LM,bom_deep_7_3_15_5_No1_p40_ao81_am15_4_m35_ao81_am34_4,81,9,SATISFIED,5.3744,221662528.0,28373.28
SAL-Ei-LM,bom_deep_7_3_15_5_No1_p40_ao81_am15_4_m35_ao81_am34_4,81,10,SATISFIED,5.3666,222775975.0,29310.75
SAL-Ei-LM,bom_deep_7_3_15_5_No1_p40_ao81_am15_5,81,1,SATISFIED,5.3657,218966180.0,31411.28
SAL-Ei-LM,bom_deep_7_3_15_5_No1_p40_ao81_am15_5,81,2,SATISFIED,5.4312,217489695.0,31886.25
SAL-Ei-LM,bom_deep_7_3_15_5_No1_p40_ao81_am15_5,81,3,SATISFIED,5.3611,216898701.0,31091.38
SAL-Ei-LM,bom_deep_7_3_15_5_No1_p40_ao81_am15_5,81,4,SATISFIED,5.2146,215467150.0,33333.47
SAL-Ei-LM,bom_deep_7_3_15_5_No1_p40_ao81_am15_5,81,5,SATISFIED,5.215,218644365.0,32667.72
SAL-Ei-LM,bom_deep_7_3_15_5_No1_p40_ao81_am15_5,81,6,SATISFIED,5.2088,214271755.0,32782.5
SAL-Ei-LM,bom_deep_7_3_15_5_No1_p40_ao81_am15_5,81,7,SATISFIED,5.3745,214879950.0,32840.06
SAL-Ei-LM,bom_deep_7_3_15_5_No1_p40_ao81_am15_5,81,8,SATISFIED,5.3737,213643195.0,32256.41
SAL-Ei-LM,bom_deep_7_3_15_5_No1_p40_ao81_am15_5,81,9,SATISFIED,5.4264,215029167.0,32404.59
SAL-Ei-LM,bom_deep_7_3_15_5_No1_p40_ao81_am15_5,81,10,SATISFIED,5.3715,217508859.0,31353.69
SAL-Ei-LM,bom_deep_7_3_15_5_No1_p40_ao81_am15_5_m12_ao81_am12_1,81,1,SATISFIED,5.3806,201825372.0,34151.19
SAL-Ei-LM,bom_deep_7_3_15_5_No1_p40_ao81_am15_5_m12_ao81_am12_1,81,2,SATISFIED,5.3814,201685407.0,34329.84
SAL-Ei-LM,bom_deep_7_3_15_5_No1_p40_ao81_am15_5_m12_ao81_am12_1,81,3,SATISFIED,5.4062,201769755.0,35533.94
SAL-Ei-LM,bom_deep_7_3_15_5_No1_p40_ao81_am15_5_m12_ao81_am12_1,81,4,SATISFIED,5.4386,201711497.0,34664.5
SAL-Ei-LM,bom_deep_7_3_15_5_No1_p40_ao81_am15_5_m12_ao81_am12_1,81,5,SATISFIED,5.4626,201685237.0,34579.06
SAL-Ei-LM,bom_deep_7_3_15_5_No1_p40_ao81_am15_5_m12_ao81_am12_1,81,6,SATISFIED,5.3681,201768417.0,34119.75
SAL-Ei-LM,bom_deep_7_3_15_5_No1_p40_ao81_am15_5_m12_ao81_am12_1,81,7,SATISFIED,5.3749,201748547.0,35013.47
SAL-Ei-LM,bom_deep_7_3_15_5_No1_p40_ao81_am15_5_m12_ao81_am12_1,81,8,SATISFIED,5.3867,201676392.0,35432.53
SAL-Ei-LM,bom_deep_7_3_15_5_No1_p40_ao81_am15_5_m12_ao81_am12_1,81,9,SATISFIED,5.38,201794585.0,34689.75
SAL-Ei-LM,bom_deep_7_3_15_5_No1_p40_ao81_am15_5_m12_ao81_am12_1,81,10,SATISFIED,5.3776,201763611.0,34264.03
SAL-Ei-LM,bom_deep_7_3_15_5_No1_p40_ao81_am15_5_m12_ao81_am12_2,81,1,SATISFIED,5.3914,171411291.0,33093.22
SAL-Ei-LM,bom_deep_7_3_15_5_No1_p40_ao81_am15_5_m12_ao81_am12_2,81,2,SATISFIED,5.4101,171665995.0,34395.34
SAL-Ei-LM,bom_deep_7_3_15_5_No1_p40_ao81_am15_5_m12_ao81_am12_2,81,3,SATISFIED,5.3683,170172677.0,34740.06
SAL-Ei-LM,bom_deep_7_3_15_5_No1_p40_ao81_am15_5_m12_ao81_am12_2,81,4,SATISFIED,5.3867,170255318.0,34542.75
SAL-Ei-LM,bom_deep_7_3_15_5_No1_p40_ao81_am15_5_m12_ao81_am12_2,81,5,SATISFIED,5.4285,172040270.0,35041.31
SAL-Ei-LM,bom_deep_7_3_15_5_No1_p40_ao81_am15_5_m12_ao81_am12_2,81,6,SATISFIED,5.3966,175192626.0,34029.22
SAL-Ei-LM,bom_deep_7_3_15_5_No1_p40_ao81_am15_5_m12_ao81_am12_2,81,7,SATISFIED,5.3786,173194951.0,34513.28
SAL-Ei-LM,bom_deep_7_3_15_5_No1_p40_ao81_am15_5_m12_ao81_am12_2,81,8,SATISFIED,5.5113,170528364.0,33520.41
SAL-Ei-LM,bom_deep_7_3_15_5_No1_p40_ao81_am15_5_m12_ao81_am12_2,81,9,SATISFIED,5.3637,174029644.0,33075.22
SAL-Ei-LM,bom_deep_7_3_15_5_No1_p40_ao81_am15_5_m12_ao81_am12_2,81,10,SATISFIED,5.3791,172781693.0,33760.59
SAL-Ei-LM,bom_deep_7_3_15_5_No1_p40_ao81_am15_5_m12_ao81_am12_3,81,1,SATISFIED,5.3588,145556062.0,33082.75
SAL-Ei-LM,bom_deep_7_3_15_5_No1_p40_ao81_am15_5_m12_ao81_am12_3,81,2,SATISFIED,5.3874,145595418.0,33908.94
SAL-Ei-LM,bom_deep_7_3_15_5_No1_p40_ao81_am15_5_m12_ao81_am12_3,81,3,SATISFIED,5.3868,145613110.0,34061.16
SAL-Ei-LM,bom_deep_7_3_15_5_No1_p40_ao81_am15_5_m12_ao81_am12_3,81,4,SATISFIED,5.3949,145519390.0,34132.84
SAL-Ei-LM,bom_deep_7_3_15_5_No1_p40_ao81_am15_5_m12_ao81_am12_3,81,5,SATISFIED,5.4062,145543542.0,33062.34
SAL-Ei-LM,bom_deep_7_3_15_5_No1_p40_ao81_am15_5_m12_ao81_am12_3,81,6,SATISFIED,5.3896,145626770.0,32192.31
SAL-Ei-LM,bom_deep_7_3_15_5_No1_p40_ao81_am15_5_m12_ao81_am12_3,81,7,SATISFIED,5.4247,145791325.0,33216.34
SAL-Ei-LM,bom_deep_7_3_15_5_No1_p40_ao81_am15_5_m12_ao81_am12_3,81,8,SATISFIED,5.2476,145784100.0,34718.78
SAL-Ei-LM,bom_deep_7_3_15_5_No1_p40_ao81_am15_5_m12_ao81_am12_3,81,9,SATISFIED,5.3721,145478328.0,32565.91
SAL-Ei-LM,bom_deep_7_3_15_5_No1_p40_ao81_am15_5_m12_ao81_am12_3,81,10,SATISFIED,5.3602,145582877.0,33096.28
SAL-Ei-LM,bom_deep_7_3_15_5_No1_p40_ao81_am15_5_m12_ao81_am12_4,81,1,SATISFIED,5.4415,155712474.0,32998.09
SAL-Ei-LM,bom_deep_7_3_15_5_No1_p40_ao81_am15_5_m12_ao81_am12_4,81,2,SATISFIED,5.2096,155461969.0,34652.78
SAL-Ei-LM,bom_deep_7_3_15_5_No1_p40_ao81_am15_5_m12_ao81_am12_4,81,3,SATISFIED,5.3663,155607097.0,34392.28
SAL-Ei-LM,bom_deep_7_3_15_5_No1_p40_ao81_am15_5_m12_ao81_am12_4,81,4,SATISFIED,5.3632,155691603.0,34607.75
SAL-Ei-LM,bom_deep_7_3_15_5_No1_p40_ao81_am15_5_m12_ao81_am12_4,81,5,SATISFIED,5.3674,156103322.0,34663.94
SAL-Ei-LM,bom_deep_7_3_15_5_No1_p40_ao81_am15_5_m12_ao81_am12_4,81,6,SATISFIED,5.366,156061639.0,34120.38
SAL-Ei-LM,bom_deep_7_3_15_5_No1_p40_ao81_am15_5_m12_ao81_am12_4,81,7,SATISFIED,5.3634,155719486.0,34900.97
SAL-Ei-LM,bom_deep_7_3_15_5_No1_p40_ao81_am15_5_m12_ao81_am12_4,81,8,SATISFIED,5.4436,155604642.0,33497.25
SAL-Ei-LM,bom_deep_7_3_15_5_No1_p40_ao81_am15_5_m12_ao81_am12_4,81,9,SATISFIED,5.3525,155612522.0,32632.88
SAL-Ei-LM,bom_deep_7_3_15_5_No1_p40_ao81_am15_5_m12_ao81_am12_4,81,10,SATISFIED,5.365,155311171.0,34078.19
SAL-Ei-LM,bom_deep_7_3_15_5_No1_p40_ao81_am15_5_m12_ao81_am12_5,81,1,SATISFIED,5.3565,172062820.0,33435.84
SAL-Ei-LM,bom_deep_7_3_15_5_No1_p40_ao81_am15_5_m12_ao81_am12_5,81,2,SATISFIED,5.204,171185565.0,34884.53
SAL-Ei-LM,bom_deep_7_3_15_5_No1_p40_ao81_am15_5_m12_ao81_am12_5,81,3,SATISFIED,5.3609,171852006.0,33670.59
SAL-Ei-LM,bom_deep_7_3_15_5_No1_p40_ao81_am15_5_m12_ao81_am12_5,81,4,SATISFIED,5.4552,172499612.0,33411.25
SAL-Ei-LM,bom_deep_7_3_15_5_No1_p40_ao81_am15_5_m12_ao81_am12_5,81,5,SATISFIED,5.2072,173415162.0,33655.0
SAL-Ei-LM,bom_deep_7_3_15_5_No1_p40_ao81_am15_5_m12_ao81_am12_5,81,6,SATISFIED,5.2084,171925487.0,34748.25
SAL-Ei-LM,bom_deep_7_3_15_5_No1_p40_ao81_am15_5_m12_ao81_am12_5,81,7,SATISFIED,5.1977,171224512.0,34527.88
SAL-Ei-LM,bom_deep_7_3_15_5_No1_p40_ao81_am15_5_m12_ao81_am12_5,81,8,SATISFIED,5.1968,171728556.0,34877.53
SAL-Ei-LM,bom_deep_7_3_15_5_No1_p40_ao81_am15_5_m12_ao81_am12_5,81,9,SATISFIED,5.3783,172449242.0,34459.56
SAL-Ei-LM,bom_deep_7_3_15_5_No1_p40_ao81_am15_5_m12_ao81_am12_5,81,10,SATISFIED,5.3143,171575893.0,34571.56
SAL-Ei-LM,bom_deep_7_3_15_5_No1_p40_ao81_am15_5_m35_ao81_am34_1,81,1,SATISFIED,5.4099,127999362.0,27153.41
SAL-Ei-LM,bom_deep_7_3_15_5_No1_p40_ao81_am15_5_m35_ao81_am34_1,81,2,SATISFIED,5.3736,128615891.0,26991.41
SAL-Ei-LM,bom_deep_7_3_15_5_No1_p40_ao81_am15_5_m35_ao81_am34_1,81,3,SATISFIED,5.3745,126934211.0,27083.06
SAL-Ei-LM,bom_deep_7_3_15_5_No1_p40_ao81_am15_5_m35_ao81_am34_1,81,4,SATISFIED,5.376,128146370.0,27821.72
SAL-Ei-LM,bom_deep_7_3_15_5_No1_p40_ao81_am15_5_m35_ao81_am34_1,81,5,SATISFIED,5.3713,130144469.0,27966.41
SAL-Ei-LM,bom_deep_7_3_15_5_No1_p40_ao81_am15_5_m35_ao81_am34_1,81,6,SATISFIED,5.506,128629103.0,28679.78
SAL-Ei-LM,bom_deep_7_3_15_5_No1_p40_ao81_am15_5_m35_ao81_am34_1,81,7,SATISFIED,5.3497,128738556.0,27023.88
SAL-Ei-LM,bom_deep_7_3_15_5_No1_p40_ao81_am15_5_m35_ao81_am34_1,81,8,SATISFIED,5.204,129303261.0,29933.94
SAL-Ei-LM,bom_deep_7_3_15_5_No1_p40_ao81_am15_5_m35_ao81_am34_1,81,9,SATISFIED,5.3733,128176383.0,29141.47
SAL-Ei-LM,bom_deep_7_3_15_5_No1_p40_ao81_am15_5_m35_ao81_am34_1,81,10,SATISFIED,5.3739,126790375.0,28481.12
SAL-Ei-LM,bom_deep_7_3_15_5_No1_p40_ao81_am15_5_m35_ao81_am34_3,81,1,SATISFIED,5.3551,190233838.0,27708.12
SAL-Ei-LM,bom_deep_7_3_15_5_No1_p40_ao81_am15_5_m35_ao81_am34_3,81,2,SATISFIED,5.3236,188247404.0,29854.59
SAL-Ei-LM,bom_deep_7_3_15_5_No1_p40_ao81_am15_5_m35_ao81_am34_3,81,3,SATISFIED,5.3574,190822940.0,27546.09
SAL-Ei-LM,bom_deep_7_3_15_5_No1_p40_ao81_am15_5_m35_ao81_am34_3,81,4,SATISFIED,5.3781,192116816.0,27987.31
SAL-Ei-LM,bom_deep_7_3_15_5_No1_p40_ao81_am15_5_m35_ao81_am34_3,81,5,SATISFIED,5.3769,192878245.0,28573.44
SAL-Ei-LM,bom_deep_7_3_15_5_No1_p40_ao81_am15_5_m35_ao81_am34_3,81,6,SATISFIED,5.3674,187813774.0,28583.56
SAL-Ei-LM,bom_deep_7_3_15_5_No1_p40_ao81_am15_5_m35_ao81_am34_3,81,7,SATISFIED,5.4481,184654589.0,28294.78
SAL-Ei-LM,bom_deep_7_3_15_5_No1_p40_ao81_am15_5_m35_ao81_am34_3,81,8,SATISFIED,5.3559,189626145.0,27945.59
SAL-Ei-LM,bom_deep_7_3_15_5_No1_p40_ao81_am15_5_m35_ao81_am34_3,81,9,SATISFIED,5.3708,189014090.0,28914.47
SAL-Ei-LM,bom_deep_7_3_15_5_No1_p40_ao81_am15_5_m35_ao81_am34_3,81,10,SATISFIED,5.3761,187585234.0,29130.28
SAL-Ei-LM,bom_deep_7_3_15_5_No1_p40_ao81_am15_5_m35_ao81_am34_4,81,1,SATISFIED,5.3628,213887941.0,27993.66
SAL-Ei-LM,bom_deep_7_3_15_5_No1_p40_ao81_am15_5_m35_ao81_am34_4,81,2,SATISFIED,5.513,213830613.0,28796.03
SAL-Ei-LM,bom_deep_7_3_15_5_No1_p40_ao81_am15_5_m35_ao81_am34_4,81,3,SATISFIED,5.3572,211229405.0,27249.91
SAL-Ei-LM,bom_deep_7_3_15_5_No1_p40_ao81_am15_5_m35_ao81_am34_4,81,4,SATISFIED,5.3678,211730008.0,28392.34
SAL-Ei-LM,bom_deep_7_3_15_5_No1_p40_ao81_am15_5_m35_ao81_am34_4,81,5,SATISFIED,5.3673,210240449.0,28280.12
SAL-Ei-LM,bom_deep_7_3_15_5_No1_p40_ao81_am15_5_m35_ao81_am34_4,81,6,SATISFIED,5.3729,211230221.0,28231.88
SAL-Ei-LM,bom_deep_7_3_15_5_No1_p40_ao81_am15_5_m35_ao81_am34_4,81,7,SATISFIED,5.3562,213695883.0,28197.97
SAL-Ei-LM,bom_deep_7_3_15_5_No1_p40_ao81_am15_5_m35_ao81_am34_4,81,8,SATISFIED,5.4441,208031568.0,28396.5
SAL-Ei-LM,bom_deep_7_3_15_5_No1_p40_ao81_am15_5_m35_ao81_am34_4,81,9,SATISFIED,5.3536,211688508.0,27246.34
SAL-Ei-LM,bom_deep_7_3_15_5_No1_p40_ao81_am15_5_m35_ao81_am34_4,81,10,SATISFIED,5.3582,206689906.0,29199.69
SAL-Ei-LM,bom_deep_7_3_15_5_No1_p40_ao81_am15_5_m35_ao81_am35_2,81,1,SATISFIED,5.3484,118944466.0,28021.53
SAL-Ei-LM,bom_deep_7_3_15_5_No1_p40_ao81_am15_5_m35_ao81_am35_2,81,2,SATISFIED,5.3658,118573116.0,28873.22
SAL-Ei-LM,bom_deep_7_3_15_5_No1_p40_ao81_am15_5_m35_ao81_am35_2,81,3,SATISFIED,5.4861,120785886.0,28174.12
SAL-Ei-LM,bom_deep_7_3_15_5_No1_p40_ao81_am15_5_m35_ao81_am35_2,81,4,SATISFIED,5.3584,120976429.0,27261.0
SAL-Ei-LM,bom_deep_7_3_15_5_No1_p40_ao81_am15_5_m35_ao81_am35_2,81,5,SATISFIED,5.3735,120058350.0,27982.12
SAL-Ei-LM,bom_deep_7_3_15_5_No1_p40_ao81_am15_5_m35_ao81_am35_2,81,6,SATISFIED,5.3517,121411807.0,28448.53
SAL-Ei-LM,bom_deep_7_3_15_5_No1_p40_ao81_am15_5_m35_ao81_am35_2,81,7,SATISFIED,5.3587,118744386.0,29042.31
SAL-Ei-LM,bom_deep_7_3_15_5_No1_p40_ao81_am15_5_m35_ao81_am35_2,81,8,SATISFIED,5.3592,121071155.0,28193.56
SAL-Ei-LM,bom_deep_7_3_15_5_No1_p40_ao81_am15_5_m35_ao81_am35_2,81,9,SATISFIED,5.445,120981099.0,28266.62
SAL-Ei-LM,bom_deep_7_3_15_5_No1_p40_ao81_am15_5_m35_ao81_am35_2,81,10,SATISFIED,5.3574,119106981.0,27642.81
SAL-Ei-LM,bom_deep_7_3_15_5_No1_p40_ao81_am15_5_m35_ao81_am35_5,81,1,SATISFIED,5.3604,136346691.0,28962.69
SAL-Ei-LM,bom_deep_7_3_15_5_No1_p40_ao81_am15_5_m35_ao81_am35_5,81,2,SATISFIED,5.3658,141524541.0,29582.22
SAL-Ei-LM,bom_deep_7_3_15_5_No1_p40_ao81_am15_5_m35_ao81_am35_5,81,3,SATISFIED,5.3576,137163249.0,28271.09
SAL-Ei-LM,bom_deep_7_3_15_5_No1_p40_ao81_am15_5_m35_ao81_am35_5,81,4,SATISFIED,5.452,137319125.0,28207.22
SAL-Ei-LM,bom_deep_7_3_15_5_No1_p40_ao81_am15_5_m35_ao81_am35_5,81,5,SATISFIED,5.3588,138802485.0,27770.0
SAL-Ei-LM,bom_deep_7_3_15_5_No1_p40_ao81_am15_5_m35_ao81_am35_5,81,6,SATISFIED,5.3604,140250370.0,28517.91
SAL-Ei-LM,bom_deep_7_3_15_5_No1_p40_ao81_am15_5_m35_ao81_am35_5,81,7,SATISFIED,5.3681,135209428.0,28769.94
SAL-Ei-LM,bom_deep_7_3_15_5_No1_p40_ao81_am15_5_m35_ao81_am35_5,81,8,SATISFIED,5.3583,136187674.0,29491.66
SAL-Ei-LM,bom_deep_7_3_15_5_No1_p40_ao81_am15_5_m35_ao81_am35_5,81,9,SATISFIED,5.36,137704314.0,28402.88
SAL-Ei-LM,bom_deep_7_3_15_5_No1_p40_ao81_am15_5_m35_ao81_am35_5,81,10,SATISFIED,5.4098,136255915.0,28434.0
SAL-Ei-LM,bom_deep_7_3_15_5_No1_p50_ao87_am15_1,87,1,SATISFIED,5.3772,122565035.0,31384.78
SAL-Ei-LM,bom_deep_7_3_15_5_No1_p50_ao87_am15_1,87,2,SATISFIED,5.4019,122532635.0,33057.53
SAL-Ei-LM,bom_deep_7_3_15_5_No1_p50_ao87_am15_1,87,3,SATISFIED,5.3989,122497495.0,32425.41
SAL-Ei-LM,bom_deep_7_3_15_5_No1_p50_ao87_am15_1,87,4,SATISFIED,5.3914,122548685.0,33086.69
SAL-Ei-LM,bom_deep_7_3_15_5_No1_p50_ao87_am15_1,87,5,SATISFIED,5.2173,122517075.0,34290.47
SAL-Ei-LM,bom_deep_7_3_15_5_No1_p50_ao87_am15_1,87,6,SATISFIED,5.4427,122549660.0,33123.19
SAL-Ei-LM,bom_deep_7_3_15_5_No1_p50_ao87_am15_1,87,7,SATISFIED,5.3744,122489300.0,31543.25
SAL-Ei-LM,bom_deep_7_3_15_5_No1_p50_ao87_am15_1,87,8,SATISFIED,5.3948,122547885.0,32424.88
SAL-Ei-LM,bom_deep_7_3_15_5_No1_p50_ao87_am15_1,87,9,SATISFIED,5.3882,122591240.0,32471.12
SAL-Ei-LM,bom_deep_7_3_15_5_No1_p50_ao87_am15_1,87,10,SATISFIED,5.3972,122521620.0,31739.59
SAL-Ei-LM,bom_deep_7_3_15_5_No1_p50_ao87_am15_1_m10_ao87_am10_1,87,1,SATISFIED,5.4088,149058591.0,35483.88
SAL-Ei-LM,bom_deep_7_3_15_5_No1_p50_ao87_am15_1_m10_ao87_am10_1,87,2,SATISFIED,5.429,149897867.0,37112.47
SAL-Ei-LM,bom_deep_7_3_15_5_No1_p50_ao87_am15_1_m10_ao87_am10_1,87,3,SATISFIED,5.3737,149517948.0,35353.31
SAL-Ei-LM,bom_deep_7_3_15_5_No1_p50_ao87_am15_1_m10_ao87_am10_1,87,4,SATISFIED,5.3912,149801021.0,35341.75
SAL-Ei-LM,bom_deep_7_3_15_5_No1_p50_ao87_am15_1_m10_ao87_am10_1,87,5,SATISFIED,5.3789,148868431.0,37714.88
SAL-Ei-LM,bom_deep_7_3_15_5_No1_p50_ao87_am15_1_m10_ao87_am10_1,87,6,SATISFIED,5.3843,149617575.0,37754.56
SAL-Ei-LM,bom_deep_7_3_15_5_No1_p50_ao87_am15_1_m10_ao87_am10_1,87,7,SATISFIED,5.3823,148551517.0,37370.5
SAL-Ei-LM,bom_deep_7_3_15_5_No1_p50_ao87_am15_1_m10_ao87_am10_1,87,8,SATISFIED,5.4617,149109108.0,36986.03
SAL-Ei-LM,bom_deep_7_3_15_5_No1_p50_ao87_am15_1_m10_ao87_am10_1,87,9,SATISFIED,5.3758,149737633.0,35798.06
SAL-Ei-LM,bom_deep_7_3_15_5_No1_p50_ao87_am15_1_m10_ao87_am10_1,87,10,SATISFIED,5.3785,149522151.0,36966.03
SAL-Ei-LM,bom_deep_7_3_15_5_No1_p50_ao87_am15_1_m10_ao87_am10_2,87,1,SATISFIED,5.3691,236142795.0,33685.69
SAL-Ei-LM,bom_deep_7_3_15_5_No1_p50_ao87_am15_1_m10_ao87_am10_2,87,2,SATISFIED,5.3804,236144896.0,34873.66
SAL-Ei-LM,bom_deep_7_3_15_5_No1_p50_ao87_am15_1_m10_ao87_am10_2,87,3,SATISFIED,5.3747,236156925.0,34164.44
SAL-Ei-LM,bom_deep_7_3_15_5_No1_p50_ao87_am15_1_m10_ao87_am10_2,87,4,SATISFIED,5.37,236159270.0,35073.09
SAL-Ei-LM,bom_deep_7_3_15_5_No1_p50_ao87_am15_1_m10_ao87_am10_2,87,5,SATISFIED,5.4082,236150950.0,34456.56
SAL-Ei-LM,bom_deep_7_3_15_5_No1_p50_ao87_am15_1_m10_ao87_am10_2,87,6,SATISFIED,5.3716,236151950.0,35158.66
SAL-Ei-LM,bom_deep_7_3_15_5_No1_p50_ao87_am15_1_m10_ao87_am10_2,87,7,SATISFIED,5.3825,236161597.0,34660.0
SAL-Ei-LM,bom_deep_7_3_15_5_No1_p50_ao87_am15_1_m10_ao87_am10_2,87,8,SATISFIED,5.3799,236163304.0,34371.28
SAL-Ei-LM,bom_deep_7_3_15_5_No1_p50_ao87_am15_1_m10_ao87_am10_2,87,9,SATISFIED,5.3749,236153641.0,33742.91
SAL-Ei-LM,bom_deep_7_3_15_5_No1_p50_ao87_am15_1_m10_ao87_am10_2,87,10,SATISFIED,5.3793,236144805.0,35919.38
SAL-Ei-LM,bom_deep_7_3_15_5_No1_p50_ao87_am15_1_m10_ao87_am10_3,87,1,SATISFIED,5.439,105270606.0,32760.75
SAL-Ei-LM,bom_deep_7_3_15_5_No1_p50_ao87_am15_1_m10_ao87_am10_3,87,2,SATISFIED,5.3835,105029412.0,32896.34
SAL-Ei-LM,bom_deep_7_3_15_5_No1_p50_ao87_am15_1_m10_ao87_am10_3,87,3,SATISFIED,5.3804,104167627.0,33631.88
SAL-Ei-LM,bom_deep_7_3_15_5_No1_p50_ao87_am15_1_m10_ao87_am10_3,87,4,SATISFIED,5.376,105018823.0,33856.03
SAL-Ei-LM,bom_deep_7_3_15_5_No1_p50_ao87_am15_1_m10_ao87_am10_3,87,5,SATISFIED,5.374,103932070.0,32568.09
SAL-Ei-LM,bom_deep_7_3_15_5_No1_p50_ao87_am15_1_m10_ao87_am10_3,87,6,SATISFIED,5.4023,104294277.0,34427.22
SAL-Ei-LM,bom_deep_7_3_15_5_No1_p50_ao87_am15_1_m10_ao87_am10_3,87,7,SATISFIED,5.473,104834706.0,34907.44
SAL-Ei-LM,bom_deep_7_3_15_5_No1_p50_ao87_am15_1_m10_ao87_am10_3,87,8,SATISFIED,5.3612,105959561.0,32638.19
SAL-Ei-LM,bom_deep_7_3_15_5_No1_p50_ao87_am15_1_m10_ao87_am10_3,87,9,SATISFIED,5.3718,105952794.0,33279.59
SAL-Ei-LM,bom_deep_7_3_15_5_No1_p50_ao87_am15_1_m10_ao87_am10_3,87,10,SATISFIED,5.3726,104470202.0,32219.88
SAL-Ei-LM,bom_deep_7_3_15_5_No1_p50_ao87_am15_1_m10_ao87_am10_4,87,1,SATISFIED,5.3769,163618270.0,34168.06
SAL-Ei-LM,bom_deep_7_3_15_5_No1_p50_ao87_am15_1_m10_ao87_am10_4,87,2,SATISFIED,5.3765,163576625.0,35823.47
SAL-Ei-LM,bom_deep_7_3_15_5_No1_p50_ao87_am15_1_m10_ao87_am10_4,87,3,SATISFIED,5.3824,164117240.0,35862.19
SAL-Ei-LM,bom_deep_7_3_15_5_No1_p50_ao87_am15_1_m10_ao87_am10_4,87,4,SATISFIED,5.4273,163564440.0,36786.69
SAL-Ei-LM,bom_deep_7_3_15_5_No1_p50_ao87_am15_1_m10_ao87_am10_4,87,5,SATISFIED,5.3883,163569315.0,33729.81
SAL-Ei-LM,bom_deep_7_3_15_5_No1_p50_ao87_am15_1_m10_ao87_am10_4,87,6,SATISFIED,5.3872,163659135.0,34710.5
SAL-Ei-LM,bom_deep_7_3_15_5_No1_p50_ao87_am15_1_m10_ao87_am10_4,87,7,SATISFIED,5.3856,163559020.0,36205.12
SAL-Ei-LM,bom_deep_7_3_15_5_No1_p50_ao87_am15_1_m10_ao87_am10_4,87,8,SATISFIED,5.3807,163766015.0,36997.06
SAL-Ei-LM,bom_deep_7_3_15_5_No1_p50_ao87_am15_1_m10_ao87_am10_4,87,9,SATISFIED,5.3693,163698675.0,36382.78
SAL-Ei-LM,bom_deep_7_3_15_5_No1_p50_ao87_am15_1_m10_ao87_am10_4,87,10,SATISFIED,5.4894,163656985.0,35400.94
SAL-Ei-LM,bom_deep_7_3_15_5_No1_p50_ao87_am15_1_m10_ao87_am10_5,87,1,SATISFIED,5.261,238038865.0,35434.5
SAL-Ei-LM,bom_deep_7_3_15_5_No1_p50_ao87_am15_1_m10_ao87_am10_5,87,2,SATISFIED,5.4142,238042310.0,35690.91
SAL-Ei-LM,bom_deep_7_3_15_5_No1_p50_ao87_am15_1_m10_ao87_am10_5,87,3,SATISFIED,5.3879,238045180.0,34667.28
SAL-Ei-LM,bom_deep_7_3_15_5_No1_p50_ao87_am15_1_m10_ao87_am10_5,87,4,SATISFIED,5.4034,238051215.0,35121.78
SAL-Ei-LM,bom_deep_7_3_15_5_No1_p50_ao87_am15_1_m10_ao87_am10_5,87,5,SATISFIED,5.3912,238043610.0,35111.88
SAL-Ei-LM,bom_deep_7_3_15_5_No1_p50_ao87_am15_1_m10_ao87_am10_5,87,6,SATISFIED,5.2198,238053140.0,37174.44
SAL-Ei-LM,bom_deep_7_3_15_5_No1_p50_ao87_am15_1_m10_ao87_am10_5,87,7,SATISFIED,5.286,238044485.0,36371.53
SAL-Ei-LM,bom_deep_7_3_15_5_No1_p50_ao87_am15_1_m10_ao87_am10_5,87,8,SATISFIED,5.3946,238051695.0,34896.66
SAL-Ei-LM,bom_deep_7_3_15_5_No1_p50_ao87_am15_1_m10_ao87_am10_5,87,9,SATISFIED,5.3882,238042430.0,35181.12
SAL-Ei-LM,bom_deep_7_3_15_5_No1_p50_ao87_am15_1_m10_ao87_am10_5,87,10,SATISFIED,5.397,238050375.0,35254.28
SAL-Ei-LM,bom_deep_7_3_15_5_No1_p50_ao87_am15_1_m25_ao87_am19_1,87,1,SATISFIED,5.4096,123699100.0,33268.44
SAL-Ei-LM,bom_deep_7_3_15_5_No1_p50_ao87_am15_1_m25_ao87_am19_1,87,2,SATISFIED,5.4003,123704745.0,34492.88
SAL-Ei-LM,bom_deep_7_3_15_5_No1_p50_ao87_am15_1_m25_ao87_am19_1,87,3,SATISFIED,5.4435,123565870.0,35506.28
SAL-Ei-LM,bom_deep_7_3_15_5_No1_p50_ao87_am15_1_m25_ao87_am19_1,87,4,SATISFIED,5.3871,123590200.0,34603.47
SAL-Ei-LM,bom_deep_7_3_15_5_No1_p50_ao87_am15_1_m25_ao87_am19_1,87,5,SATISFIED,5.3859,123772255.0,35379.56
SAL-Ei-LM,bom_deep_7_3_15_5_No1_p50_ao87_am15_1_m25_ao87_am19_1,87,6,SATISFIED,5.4165,123757020.0,34681.81
SAL-Ei-LM,bom_deep_7_3_15_5_No1_p50_ao87_am15_1_m25_ao87_am19_1,87,7,SATISFIED,5.3799,123667195.0,35846.75
SAL-Ei-LM,bom_deep_7_3_15_5_No1_p50_ao87_am15_1_m25_ao87_am19_1,87,8,SATISFIED,5.3931,123557060.0,35428.81
SAL-Ei-LM,bom_deep_7_3_15_5_No1_p50_ao87_am15_1_m25_ao87_am19_1,87,9,SATISFIED,5.4264,123766210.0,34970.22
SAL-Ei-LM,bom_deep_7_3_15_5_No1_p50_ao87_am15_1_m25_ao87_am19_1,87,10,SATISFIED,5.3762,123744390.0,34485.72
SAL-Ei-LM,bom_deep_7_3_15_5_No1_p50_ao87_am15_1_m25_ao87_am20_3,87,1,SATISFIED,5.3751,176619425.0,34552.0
SAL-Ei-LM,bom_deep_7_3_15_5_No1_p50_ao87_am15_1_m25_ao87_am20_3,87,2,SATISFIED,5.3886,176746200.0,34470.47
SAL-Ei-LM,bom_deep_7_3_15_5_No1_p50_ao87_am15_1_m25_ao87_am20_3,87,3,SATISFIED,5.3943,176627645.0,33993.81
SAL-Ei-LM,bom_deep_7_3_15_5_No1_p50_ao87_am15_1_m25_ao87_am20_3,87,4,SATISFIED,5.3901,176688099.0,33805.88
SAL-Ei-LM,bom_deep_7_3_15_5_No1_p50_ao87_am15_1_m25_ao87_am20_3,87,5,SATISFIED,5.4156,176551885.0,34764.19
SAL-Ei-LM,bom_deep_7_3_15_5_No1_p50_ao87_am15_1_m25_ao87_am20_3,87,6,SATISFIED,5.3753,176713994.0,34422.34
SAL-Ei-LM,bom_deep_7_3_15_5_No1_p50_ao87_am15_1_m25_ao87_am20_3,87,7,SATISFIED,5.3734,176795495.0,34902.97
SAL-Ei-LM,bom_deep_7_3_15_5_No1_p50_ao87_am15_1_m25_ao87_am20_3,87,8,SATISFIED,5.3795,176741240.0,34925.53
SAL-Ei-LM,bom_deep_7_3_15_5_No1_p50_ao87_am15_1_m25_ao87_am20_3,87,9,SATISFIED,5.383,176653015.0,34948.94
SAL-Ei-LM,bom_deep_7_3_15_5_No1_p50_ao87_am15_1_m25_ao87_am20_3,87,10,SATISFIED,5.3823,176764100.0,34688.22
SAL-Ei-LM,bom_deep_7_3_15_5_No1_p50_ao87_am15_1_m25_ao87_am20_4,87,1,SATISFIED,5.3618,46139425.0,32849.34
SAL-Ei-LM,bom_deep_7_3_15_5_No1_p50_ao87_am15_1_m25_ao87_am20_4,87,2,SATISFIED,5.3727,46013810.0,34528.72
SAL-Ei-LM,bom_deep_7_3_15_5_No1_p50_ao87_am15_1_m25_ao87_am20_4,87,3,SATISFIED,5.382,46104720.0,34065.91
SAL-Ei-LM,bom_deep_7_3_15_5_No1_p50_ao87_am15_1_m25_ao87_am20_4,87,4,SATISFIED,5.3778,46105810.0,34415.0
SAL-Ei-LM,bom_deep_7_3_15_5_No1_p50_ao87_am15_1_m25_ao87_am20_4,87,5,SATISFIED,5.3802,46080845.0,35074.78
SAL-Ei-LM,bom_deep_7_3_15_5_No1_p50_ao87_am15_1_m25_ao87_am20_4,87,6,SATISFIED,5.5367,46098615.0,35077.31
SAL-Ei-LM,bom_deep_7_3_15_5_No1_p50_ao87_am15_1_m25_ao87_am20_4,87,7,SATISFIED,5.3696,46093285.0,32761.91
SAL-Ei-LM,bom_deep_7_3_15_5_No1_p50_ao87_am15_1_m25_ao87_am20_4,87,8,SATISFIED,5.4173,46082455.0,34744.28
SAL-Ei-LM,bom_deep_7_3_15_5_No1_p50_ao87_am15_1_m25_ao87_am20_4,87,9,SATISFIED,5.3784,46065085.0,34455.06
SAL-Ei-LM,bom_deep_7_3_15_5_No1_p50_ao87_am15_1_m25_ao87_am20_4,87,10,SATISFIED,5.2439,46057755.0,35984.19
SAL-Ei-LM,bom_deep_7_3_15_5_No1_p50_ao87_am15_1_m25_ao87_am21_5,87,1,SATISFIED,5.3872,222273500.0,33841.19
SAL-Ei-LM,bom_deep_7_3_15_5_No1_p50_ao87_am15_1_m25_ao87_am21_5,87,2,SATISFIED,5.5099,222194777.0,33291.19
SAL-Ei-LM,bom_deep_7_3_15_5_No1_p50_ao87_am15_1_m25_ao87_am21_5,87,3,SATISFIED,5.3766,222169710.0,31718.94
SAL-Ei-LM,bom_deep_7_3_15_5_No1_p50_ao87_am15_1_m25_ao87_am21_5,87,4,SATISFIED,5.3858,221969195.0,33647.47
SAL-Ei-LM,bom_deep_7_3_15_5_No1_p50_ao87_am15_1_m25_ao87_am21_5,87,5,SATISFIED,5.3931,222023650.0,33215.16
SAL-Ei-LM,bom_deep_7_3_15_5_No1_p50_ao87_am15_1_m25_ao87_am21_5,87,6,SATISFIED,5.3939,222221645.0,33112.16
SAL-Ei-LM,bom_deep_7_3_15_5_No1_p50_ao87_am15_1_m25_ao87_am21_5,87,7,SATISFIED,5.3946,222077740.0,33383.5
SAL-Ei-LM,bom_deep_7_3_15_5_No1_p50_ao87_am15_1_m25_ao87_am21_5,87,8,SATISFIED,5.4909,222025740.0,34116.62
SAL-Ei-LM,bom_deep_7_3_15_5_No1_p50_ao87_am15_1_m25_ao87_am21_5,87,9,SATISFIED,5.3825,222215190.0,31535.47
SAL-Ei-LM,bom_deep_7_3_15_5_No1_p50_ao87_am15_1_m25_ao87_am21_5,87,10,SATISFIED,5.3939,221976377.0,32593.41
SAL-Ei-LM,bom_deep_7_3_15_5_No1_p50_ao87_am15_1_m25_ao87_am24_2,87,1,SATISFIED,5.3867,131070344.0,33118.44
SAL-Ei-LM,bom_deep_7_3_15_5_No1_p50_ao87_am15_1_m25_ao87_am24_2,87,2,SATISFIED,5.3991,131076610.0,32752.75
SAL-Ei-LM,bom_deep_7_3_15_5_No1_p50_ao87_am15_1_m25_ao87_am24_2,87,3,SATISFIED,5.3958,131086247.0,33233.56
SAL-Ei-LM,bom_deep_7_3_15_5_No1_p50_ao87_am15_1_m25_ao87_am24_2,87,4,SATISFIED,5.4921,131078582.0,33667.62
SAL-Ei-LM,bom_deep_7_3_15_5_No1_p50_ao87_am15_1_m25_ao87_am24_2,87,5,SATISFIED,5.4047,131172375.0,32112.78
SAL-Ei-LM,bom_deep_7_3_15_5_No1_p50_ao87_am15_1_m25_ao87_am24_2,87,6,SATISFIED,5.3919,131105817.0,33864.78
SAL-Ei-LM,bom_deep_7_3_15_5_No1_p50_ao87_am15_1_m25_ao87_am24_2,87,7,SATISFIED,5.3771,131115625.0,32880.44
SAL-Ei-LM,bom_deep_7_3_15_5_No1_p50_ao87_am15_1_m25_ao87_am24_2,87,8,SATISFIED,5.3899,131103710.0,32823.5
SAL-Ei-LM,bom_deep_7_3_15_5_No1_p50_ao87_am15_1_m25_ao87_am24_2,87,9,SATISFIED,5.3843,131073205.0,33049.62
SAL-Ei-LM,bom_deep_7_3_15_5_No1_p50_ao87_am15_1_m25_ao87_am24_2,87,10,SATISFIED,5.415,131095597.0,32995.5
SAL-Ei-LM,bom_deep_7_3_15_5_No1_p50_ao87_am15_2,87,1,SATISFIED,5.3788,90323765.0,30179.19
SAL-Ei-LM,bom_deep_7_3_15_5_No1_p50_ao87_am15_2,87,2,SATISFIED,5.3914,89682031.0,31303.03
SAL-Ei-LM,bom_deep_7_3_15_5_No1_p50_ao87_am15_2,87,3,SATISFIED,5.3798,91131936.0,31389.75
SAL-Ei-LM,bom_deep_7_3_15_5_No1_p50_ao87_am15_2,87,4,SATISFIED,5.3782,90968550.0,30752.78
SAL-Ei-LM,bom_deep_7_3_15_5_No1_p50_ao87_am15_2,87,5,SATISFIED,5.4795,90537974.0,30895.69
SAL-Ei-LM,bom_deep_7_3_15_5_No1_p50_ao87_am15_2,87,6,SATISFIED,5.3691,89471920.0,30242.12
SAL-Ei-LM,bom_deep_7_3_15_5_No1_p50_ao87_am15_2,87,7,SATISFIED,5.3846,93189265.0,31726.47
SAL-Ei-LM,bom_deep_7_3_15_5_No1_p50_ao87_am15_2,87,8,SATISFIED,5.3769,93972490.0,31500.72
SAL-Ei-LM,bom_deep_7_3_15_5_No1_p50_ao87_am15_2,87,9,SATISFIED,5.3855,89837235.0,30682.69
SAL-Ei-LM,bom_deep_7_3_15_5_No1_p50_ao87_am15_2,87,10,SATISFIED,5.2427,90172470.0,31411.44
SAL-Ei-LM,bom_deep_7_3_15_5_No1_p50_ao87_am15_2_m10_ao87_am10_1,87,1,SATISFIED,5.2604,338693804.0,37869.53
SAL-Ei-LM,bom_deep_7_3_15_5_No1_p50_ao87_am15_2_m10_ao87_am10_1,87,2,SATISFIED,5.2835,338685931.0,38696.84
SAL-Ei-LM,bom_deep_7_3_15_5_No1_p50_ao87_am15_2_m10_ao87_am10_1,87,3,SATISFIED,5.4001,338686420.0,35126.31
SAL-Ei-LM,bom_deep_7_3_15_5_No1_p50_ao87_am15_2_m10_ao87_am10_1,87,4,SATISFIED,5.3929,338687790.0,35959.78
SAL-Ei-LM,bom_deep_7_3_15_5_No1_p50_ao87_am15_2_m10_ao87_am10_1,87,5,SATISFIED,5.3989,338695300.0,36858.75
SAL-Ei-LM,bom_deep_7_3_15_5_No1_p50_ao87_am15_2_m10_ao87_am10_1,87,6,SATISFIED,5.3953,338685555.0,36819.84
SAL-Ei-LM,bom_deep_7_3_15_5_No1_p50_ao87_am15_2_m10_ao87_am10_1,87,7,SATISFIED,5.4117,338688533.0,37686.91
SAL-Ei-LM,bom_deep_7_3_15_5_No1_p50_ao87_am15_2_m10_ao87_am10_1,87,8,SATISFIED,5.4927,338679494.0,37396.03
SAL-Ei-LM,bom_deep_7_3_15_5_No1_p50_ao87_am15_2_m10_ao87_am10_1,87,9,SATISFIED,5.3854,338686255.0,35395.12
SAL-Ei-LM,bom_deep_7_3_15_5_No1_p50_ao87_am15_2_m10_ao87_am10_1,87,10,SATISFIED,5.3943,338683211.0,37193.47
SAL-Ei-LM,bom_deep_7_3_15_5_No1_p50_ao87_am15_2_m10_ao87_am10_2,87,1,SATISFIED,5.3857,432361448.0,34135.69
SAL-Ei-LM,bom_deep_7_3_15_5_No1_p50_ao87_am15_2_m10_ao87_am10_2,87,2,SATISFIED,5.3973,432650407.0,35054.62
SAL-Ei-LM,bom_deep_7_3_15_5_No1_p50_ao87_am15_2_m10_ao87_am10_2,87,3,SATISFIED,5.3916,431519208.0,35887.0
SAL-Ei-LM,bom_deep_7_3_15_5_No1_p50_ao87_am15_2_m10_ao87_am10_2,87,4,SATISFIED,5.5717,429970219.0,34833.84
SAL-Ei-LM,bom_deep_7_3_15_5_No1_p50_ao87_am15_2_m10_ao87_am10_2,87,5,SATISFIED,5.3822,437298433.0,33060.56
SAL-Ei-LM,bom_deep_7_3_15_5_No1_p50_ao87_am15_2_m10_ao87_am10_2,87,6,SATISFIED,5.3927,438178103.0,35239.44
SAL-Ei-LM,bom_deep_7_3_15_5_No1_p50_ao87_am15_2_m10_ao87_am10_2,87,7,SATISFIED,5.3885,432578249.0,35457.41
SAL-Ei-LM,bom_deep_7_3_15_5_No1_p50_ao87_am15_2_m10_ao87_am10_2,87,8,SATISFIED,5.4098,429342967.0,34244.56
SAL-Ei-LM,bom_deep_7_3_15_5_No1_p50_ao87_am15_2_m10_ao87_am10_2,87,9,SATISFIED,5.4356,427787328.0,34740.41
SAL-Ei-LM,bom_deep_7_3_15_5_No1_p50_ao87_am15_2_m10_ao87_am10_2,87,10,SATISFIED,5.4252,431062640.0,33392.09
SAL-Ei-LM,bom_deep_7_3_15_5_No1_p50_ao87_am15_2_m10_ao87_am10_3,87,1,SATISFIED,5.487,192001130.0,33053.53
SAL-Ei-LM,bom_deep_7_3_15_5_No1_p50_ao87_am15_2_m10_ao87_am10_3,87,2,SATISFIED,5.4062,191974024.0,32832.53
SAL-Ei-LM,bom_deep_7_3_15_5_No1_p50_ao87_am15_2_m10_ao87_am10_3,87,3,SATISFIED,5.4298,191877695.0,33861.72
SAL-Ei-LM,bom_deep_7_3_15_5_No1_p50_ao87_am15_2_m10_ao87_am10_3,87,4,SATISFIED,5.4129,190733740.0,33908.75
SAL-Ei-LM,bom_deep_7_3_15_5_No1_p50_ao87_am15_2_m10_ao87_am10_3,87,5,SATISFIED,5.4278,191690756.0,33150.12
SAL-Ei-LM,bom_deep_7_3_15_5_No1_p50_ao87_am15_2_m10_ao87_am10_3,87,6,SATISFIED,5.4281,191893935.0,33274.81
SAL-Ei-LM,bom_deep_7_3_15_5_No1_p50_ao87_am15_2_m10_ao87_am10_3,87,7,SATISFIED,5.5624,195539069.0,33800.69
SAL-Ei-LM,bom_deep_7_3_15_5_No1_p50_ao87_am15_2_m10_ao87_am10_3,87,8,SATISFIED,5.3668,190337300.0,32820.62
SAL-Ei-LM,bom_deep_7_3_15_5_No1_p50_ao87_am15_2_m10_ao87_am10_3,87,9,SATISFIED,5.4036,190119183.0,34344.5
SAL-Ei-LM,bom_deep_7_3_15_5_No1_p50_ao87_am15_2_m10_ao87_am10_3,87,10,SATISFIED,5.3923,188967156.0,34439.5
SAL-Ei-LM,bom_deep_7_3_15_5_No1_p50_ao87_am15_2_m10_ao87_am10_4,87,1,SATISFIED,5.3841,572542648.0,34901.28
SAL-Ei-LM,bom_deep_7_3_15_5_No1_p50_ao87_am15_2_m10_ao87_am10_4,87,2,SATISFIED,5.3736,578795273.0,36666.75
SAL-Ei-LM,bom_deep_7_3_15_5_No1_p50_ao87_am15_2_m10_ao87_am10_4,87,3,SATISFIED,5.4013,572570839.0,35489.09
SAL-Ei-LM,bom_deep_7_3_15_5_No1_p50_ao87_am15_2_m10_ao87_am10_4,87,4,SATISFIED,5.4252,574075075.0,34922.75
SAL-Ei-LM,bom_deep_7_3_15_5_No1_p50_ao87_am15_2_m10_ao87_am10_4,87,5,SATISFIED,5.3834,575507135.0,36017.69
SAL-Ei-LM,bom_deep_7_3_15_5_No1_p50_ao87_am15_2_m10_ao87_am10_4,87,6,SATISFIED,5.3972,572637275.0,35720.78
SAL-Ei-LM,bom_deep_7_3_15_5_No1_p50_ao87_am15_2_m10_ao87_am10_4,87,7,SATISFIED,5.2289,573750795.0,36672.53
SAL-Ei-LM,bom_deep_7_3_15_5_No1_p50_ao87_am15_2_m10_ao87_am10_4,87,8,SATISFIED,5.3835,572873205.0,35471.72
SAL-Ei-LM,bom_deep_7_3_15_5_No1_p50_ao87_am15_2_m10_ao87_am10_4,87,9,SATISFIED,5.3886,571690039.0,36358.94
SAL-Ei-LM,bom_deep_7_3_15_5_No1_p50_ao87_am15_2_m10_ao87_am10_4,87,10,SATISFIED,5.441,571916084.0,35541.94
SAL-Ei-LM,bom_deep_7_3_15_5_No1_p50_ao87_am15_2_m10_ao87_am10_5,87,1,SATISFIED,5.2247,915894539.0,34908.38
SAL-Ei-LM,bom_deep_7_3_15_5_No1_p50_ao87_am15_2_m10_ao87_am10_5,87,2,SATISFIED,5.4161,915914893.0,34899.38
SAL-Ei-LM,bom_deep_7_3_15_5_No1_p50_ao87_am15_2_m10_ao87_am10_5,87,3,SATISFIED,5.4094,915886920.0,35034.56
SAL-Ei-LM,bom_deep_7_3_15_5_No1_p50_ao87_am15_2_m10_ao87_am10_5,87,4,SATISFIED,5.4181,915889570.0,34662.06
SAL-Ei-LM,bom_deep_7_3_15_5_No1_p50_ao87_am15_2_m10_ao87_am10_5,87,5,SATISFIED,5.2522,915868235.0,36335.88
SAL-Ei-LM,bom_deep_7_3_15_5_No1_p50_ao87_am15_2_m10_ao87_am10_5,87,6,SATISFIED,5.5269,915914431.0,35270.75
SAL-Ei-LM,bom_deep_7_3_15_5_No1_p50_ao87_am15_2_m10_ao87_am10_5,87,7,SATISFIED,5.3703,915911040.0,33823.34
SAL-Ei-LM,bom_deep_7_3_15_5_No1_p50_ao87_am15_2_m10_ao87_am10_5,87,8,SATISFIED,5.3907,915915268.0,35798.03
SAL-Ei-LM,bom_deep_7_3_15_5_No1_p50_ao87_am15_2_m10_ao87_am10_5,87,9,SATISFIED,5.3934,915871770.0,36008.34
SAL-Ei-LM,bom_deep_7_3_15_5_No1_p50_ao87_am15_2_m10_ao87_am10_5,87,10,SATISFIED,5.3999,915914668.0,35987.44
SAL-Ei-LM,bom_deep_7_3_15_5_No1_p50_ao87_am15_2_m25_ao87_am21_4,87,1,SATISFIED,5.3832,573065639.0,32662.16
SAL-Ei-LM,bom_deep_7_3_15_5_No1_p50_ao87_am15_2_m25_ao87_am21_4,87,2,SATISFIED,5.3959,568829149.0,33419.09
SAL-Ei-LM,bom_deep_7_3_15_5_No1_p50_ao87_am15_2_m25_ao87_am21_4,87,3,SATISFIED,5.4081,567901238.0,33370.69
SAL-Ei-LM,bom_deep_7_3_15_5_No1_p50_ao87_am15_2_m25_ao87_am21_4,87,4,SATISFIED,5.373,570469187.0,33798.72
SAL-Ei-LM,bom_deep_7_3_15_5_No1_p50_ao87_am15_2_m25_ao87_am21_4,87,5,SATISFIED,5.392,566942922.0,32750.97
SAL-Ei-LM,bom_deep_7_3_15_5_No1_p50_ao87_am15_2_m25_ao87_am21_4,87,6,SATISFIED,5.397,559553696.0,32784.22
SAL-Ei-LM,bom_deep_7_3_15_5_No1_p50_ao87_am15_2_m25_ao87_am21_4,87,7,SATISFIED,5.3917,566436795.0,33139.22
SAL-Ei-LM,bom_deep_7_3_15_5_No1_p50_ao87_am15_2_m25_ao87_am21_4,87,8,SATISFIED,5.5234,566947829.0,33494.75
SAL-Ei-LM,bom_deep_7_3_15_5_No1_p50_ao87_am15_2_m25_ao87_am21_4,87,9,SATISFIED,5.3822,559899836.0,31392.34
SAL-Ei-LM,bom_deep_7_3_15_5_No1_p50_ao87_am15_2_m25_ao87_am21_4,87,10,SATISFIED,5.3806,563878207.0,32951.88
SAL-Ei-LM,bom_deep_7_3_15_5_No1_p50_ao87_am15_2_m25_ao87_am22_2,87,1,SATISFIED,5.2212,409915321.0,34658.69
SAL-Ei-LM,bom_deep_7_3_15_5_No1_p50_ao87_am15_2_m25_ao87_am22_2,87,2,SATISFIED,5.3824,408973305.0,33359.41
SAL-Ei-LM,bom_deep_7_3_15_5_No1_p50_ao87_am15_2_m25_ao87_am22_2,87,3,SATISFIED,5.3689,409859757.0,33440.62
SAL-Ei-LM,bom_deep_7_3_15_5_No1_p50_ao87_am15_2_m25_ao87_am22_2,87,4,SATISFIED,5.4362,405593662.0,33586.19
SAL-Ei-LM,bom_deep_7_3_15_5_No1_p50_ao87_am15_2_m25_ao87_am22_2,87,5,SATISFIED,5.3633,405176417.0,32458.56
SAL-Ei-LM,bom_deep_7_3_15_5_No1_p50_ao87_am15_2_m25_ao87_am22_2,87,6,SATISFIED,5.3797,406765597.0,34165.28
SAL-Ei-LM,bom_deep_7_3_15_5_No1_p50_ao87_am15_2_m25_ao87_am22_2,87,7,SATISFIED,5.4041,410734265.0,33239.22
SAL-Ei-LM,bom_deep_7_3_15_5_No1_p50_ao87_am15_2_m25_ao87_am22_2,87,8,SATISFIED,5.4083,410703980.0,32929.5
SAL-Ei-LM,bom_deep_7_3_15_5_No1_p50_ao87_am15_2_m25_ao87_am22_2,87,9,SATISFIED,5.3786,406960542.0,34283.56
SAL-Ei-LM,bom_deep_7_3_15_5_No1_p50_ao87_am15_2_m25_ao87_am22_2,87,10,SATISFIED,5.4477,406638783.0,34383.81
SAL-Ei-LM,bom_deep_7_3_15_5_No1_p50_ao87_am15_2_m25_ao87_am23_3,87,1,SATISFIED,5.3843,327876418.0,31736.38
SAL-Ei-LM,bom_deep_7_3_15_5_No1_p50_ao87_am15_2_m25_ao87_am23_3,87,2,SATISFIED,5.3883,331468826.0,32209.59
SAL-Ei-LM,bom_deep_7_3_15_5_No1_p50_ao87_am15_2_m25_ao87_am23_3,87,3,SATISFIED,5.3816,333349027.0,33207.44
SAL-Ei-LM,bom_deep_7_3_15_5_No1_p50_ao87_am15_2_m25_ao87_am23_3,87,4,SATISFIED,5.395,329278860.0,33311.69
SAL-Ei-LM,bom_deep_7_3_15_5_No1_p50_ao87_am15_2_m25_ao87_am23_3,87,5,SATISFIED,5.5153,325639622.0,33176.31
SAL-Ei-LM,bom_deep_7_3_15_5_No1_p50_ao87_am15_2_m25_ao87_am23_3,87,6,SATISFIED,5.3705,332155351.0,31342.0
SAL-Ei-LM,bom_deep_7_3_15_5_No1_p50_ao87_am15_2_m25_ao87_am23_3,87,7,SATISFIED,5.3848,328536876.0,32680.44
SAL-Ei-LM,bom_deep_7_3_15_5_No1_p50_ao87_am15_2_m25_ao87_am23_3,87,8,SATISFIED,5.3743,330879560.0,32474.69
SAL-Ei-LM,bom_deep_7_3_15_5_No1_p50_ao87_am15_2_m25_ao87_am23_3,87,9,SATISFIED,5.3733,329733207.0,32736.03
SAL-Ei-LM,bom_deep_7_3_15_5_No1_p50_ao87_am15_2_m25_ao87_am23_3,87,10,SATISFIED,5.3743,328285820.0,32957.31
SAL-Ei-LM,bom_deep_7_3_15_5_No1_p50_ao87_am15_2_m25_ao87_am23_5,87,1,SATISFIED,5.4737,455567322.0,33371.72
SAL-Ei-LM,bom_deep_7_3_15_5_No1_p50_ao87_am15_2_m25_ao87_am23_5,87,2,SATISFIED,5.3636,437616760.0,31763.56
SAL-Ei-LM,bom_deep_7_3_15_5_No1_p50_ao87_am15_2_m25_ao87_am23_5,87,3,SATISFIED,5.3805,457617531.0,33111.75
SAL-Ei-LM,bom_deep_7_3_15_5_No1_p50_ao87_am15_2_m25_ao87_am23_5,87,4,SATISFIED,5.3786,443584365.0,33856.09
SAL-Ei-LM,bom_deep_7_3_15_5_No1_p50_ao87_am15_2_m25_ao87_am23_5,87,5,SATISFIED,5.3625,429766390.0,33375.31
SAL-Ei-LM,bom_deep_7_3_15_5_No1_p50_ao87_am15_2_m25_ao87_am23_5,87,6,SATISFIED,5.3726,436080478.0,33041.47
SAL-Ei-LM,bom_deep_7_3_15_5_No1_p50_ao87_am15_2_m25_ao87_am23_5,87,7,SATISFIED,5.4952,439254765.0,32013.16
SAL-Ei-LM,bom_deep_7_3_15_5_No1_p50_ao87_am15_2_m25_ao87_am23_5,87,8,SATISFIED,5.3999,437668265.0,32475.62
SAL-Ei-LM,bom_deep_7_3_15_5_No1_p50_ao87_am15_2_m25_ao87_am23_5,87,9,SATISFIED,5.413,445258556.0,33200.75
SAL-Ei-LM,bom_deep_7_3_15_5_No1_p50_ao87_am15_2_m25_ao87_am23_5,87,10,SATISFIED,5.3966,439751735.0,33616.06
SAL-Ei-LM,bom_deep_7_3_15_5_No1_p50_ao87_am15_2_m25_ao87_am24_1,87,1,SATISFIED,5.3864,715888755.0,34585.06
SAL-Ei-LM,bom_deep_7_3_15_5_No1_p50_ao87_am15_2_m25_ao87_am24_1,87,2,SATISFIED,5.4878,715883275.0,35304.78
SAL-Ei-LM,bom_deep_7_3_15_5_No1_p50_ao87_am15_2_m25_ao87_am24_1,87,3,SATISFIED,5.3843,715082615.0,33387.03
SAL-Ei-LM,bom_deep_7_3_15_5_No1_p50_ao87_am15_2_m25_ao87_am24_1,87,4,SATISFIED,5.3883,714878175.0,33949.06
SAL-Ei-LM,bom_deep_7_3_15_5_No1_p50_ao87_am15_2_m25_ao87_am24_1,87,5,SATISFIED,5.4018,714965401.0,33883.31
SAL-Ei-LM,bom_deep_7_3_15_5_No1_p50_ao87_am15_2_m25_ao87_am24_1,87,6,SATISFIED,5.3951,714799986.0,35119.72
SAL-Ei-LM,bom_deep_7_3_15_5_No1_p50_ao87_am15_2_m25_ao87_am24_1,87,7,SATISFIED,5.3814,715575790.0,35079.47
SAL-Ei-LM,bom_deep_7_3_15_5_No1_p50_ao87_am15_2_m25_ao87_am24_1,87,8,SATISFIED,5.4757,714255165.0,35139.12
SAL-Ei-LM,bom_deep_7_3_15_5_No1_p50_ao87_am15_2_m25_ao87_am24_1,87,9,SATISFIED,5.3745,714593639.0,32515.25
SAL-Ei-LM,bom_deep_7_3_15_5_No1_p50_ao87_am15_2_m25_ao87_am24_1,87,10,SATISFIED,5.3913,715426530.0,34099.75
SAL-Ei-LM,bom_deep_7_3_15_5_No1_p50_ao87_am15_3,87,1,SATISFIED,5.3765,709758770.0,30397.28
SAL-Ei-LM,bom_deep_7_3_15_5_No1_p50_ao87_am15_3,87,2,SATISFIED,5.3989,710300695.0,31220.53
SAL-Ei-LM,bom_deep_7_3_15_5_No1_p50_ao87_am15_3,87,3,SATISFIED,5.3816,710253225.0,31605.41
SAL-Ei-LM,bom_deep_7_3_15_5_No1_p50_ao87_am15_3,87,4,SATISFIED,5.4626,710506165.0,31611.41
SAL-Ei-LM,bom_deep_7_3_15_5_No1_p50_ao87_am15_3,87,5,SATISFIED,5.2608,710527105.0,32191.53
SAL-Ei-LM,bom_deep_7_3_15_5_No1_p50_ao87_am15_3,87,6,SATISFIED,5.3929,709194750.0,31843.97
SAL-Ei-LM,bom_deep_7_3_15_5_No1_p50_ao87_am15_3,87,7,SATISFIED,5.3981,709175120.0,31906.41
SAL-Ei-LM,bom_deep_7_3_15_5_No1_p50_ao87_am15_3,87,8,SATISFIED,5.3844,709233540.0,30899.72
SAL-Ei-LM,bom_deep_7_3_15_5_No1_p50_ao87_am15_3,87,9,SATISFIED,5.3924,710336275.0,31344.66
SAL-Ei-LM,bom_deep_7_3_15_5_No1_p50_ao87_am15_3,87,10,SATISFIED,5.4916,710613105.0,31271.81
SAL-Ei-LM,bom_deep_7_3_15_5_No1_p50_ao87_am15_3_m10_ao87_am10_1,87,1,SATISFIED,5.3917,399861990.0,33937.66
SAL-Ei-LM,bom_deep_7_3_15_5_No1_p50_ao87_am15_3_m10_ao87_am10_1,87,2,SATISFIED,5.4057,400063418.0,35124.78
SAL-Ei-LM,bom_deep_7_3_15_5_No1_p50_ao87_am15_3_m10_ao87_am10_1,87,3,SATISFIED,5.4353,400051655.0,34887.59
SAL-Ei-LM,bom_deep_7_3_15_5_No1_p50_ao87_am15_3_m10_ao87_am10_1,87,4,SATISFIED,5.3753,400138269.0,35758.38
SAL-Ei-LM,bom_deep_7_3_15_5_No1_p50_ao87_am15_3_m10_ao87_am10_1,87,5,SATISFIED,5.389,399856705.0,36186.09
SAL-Ei-LM,bom_deep_7_3_15_5_No1_p50_ao87_am15_3_m10_ao87_am10_1,87,6,SATISFIED,5.3809,399885885.0,35931.5
SAL-Ei-LM,bom_deep_7_3_15_5_No1_p50_ao87_am15_3_m10_ao87_am10_1,87,7,SATISFIED,5.4104,399991498.0,34998.16
SAL-Ei-LM,bom_deep_7_3_15_5_No1_p50_ao87_am15_3_m10_ao87_am10_1,87,8,SATISFIED,5.3807,399906730.0,35318.16
SAL-Ei-LM,bom_deep_7_3_15_5_No1_p50_ao87_am15_3_m10_ao87_am10_1,87,9,SATISFIED,5.395,399901928.0,36788.38
SAL-Ei-LM,bom_deep_7_3_15_5_No1_p50_ao87_am15_3_m10_ao87_am10_1,87,10,SATISFIED,5.3998,400043249.0,35962.47
SAL-Ei-LM,bom_deep_7_3_15_5_No1_p50_ao87_am15_3_m10_ao87_am10_2,87,1,SATISFIED,5.3657,144195626.0,35865.53
SAL-Ei-LM,bom_deep_7_3_15_5_No1_p50_ao87_am15_3_m10_ao87_am10_2,87,2,SATISFIED,5.3754,145237209.0,35626.69
SAL-Ei-LM,bom_deep_7_3_15_5_No1_p50_ao87_am15_3_m10_ao87_am10_2,87,3,SATISFIED,5.4295,144204441.0,36052.16
SAL-Ei-LM,bom_deep_7_3_15_5_No1_p50_ao87_am15_3_m10_ao87_am10_2,87,4,SATISFIED,5.381,144580661.0,34338.22
SAL-Ei-LM,bom_deep_7_3_15_5_No1_p50_ao87_am15_3_m10_ao87_am10_2,87,5,SATISFIED,5.3867,144078446.0,34790.03
SAL-Ei-LM,bom_deep_7_3_15_5_No1_p50_ao87_am15_3_m10_ao87_am10_2,87,6,SATISFIED,5.4004,144137046.0,35434.06
SAL-Ei-LM,bom_deep_7_3_15_5_No1_p50_ao87_am15_3_m10_ao87_am10_2,87,7,SATISFIED,5.4158,144684679.0,34262.94
SAL-Ei-LM,bom_deep_7_3_15_5_No1_p50_ao87_am15_3_m10_ao87_am10_2,87,8,SATISFIED,5.38,144102516.0,35225.78
SAL-Ei-LM,bom_deep_7_3_15_5_No1_p50_ao87_am15_3_m10_ao87_am10_2,87,9,SATISFIED,5.4668,144183066.0,35227.66
SAL-Ei-LM,bom_deep_7_3_15_5_No1_p50_ao87_am15_3_m10_ao87_am10_2,87,10,SATISFIED,5.3738,144151611.0,33863.16
SAL-Ei-LM,bom_deep_7_3_15_5_No1_p50_ao87_am15_3_m10_ao87_am10_3,87,1,SATISFIED,5.3701,195915061.0,31400.44
SAL-Ei-LM,bom_deep_7_3_15_5_No1_p50_ao87_am15_3_m10_ao87_am10_3,87,2,SATISFIED,5.341,190722540.0,33989.69
SAL-Ei-LM,bom_deep_7_3_15_5_No1_p50_ao87_am15_3_m10_ao87_am10_3,87,3,SATISFIED,5.3916,190299654.0,34100.97
SAL-Ei-LM,bom_deep_7_3_15_5_No1_p50_ao87_am15_3_m10_ao87_am10_3,87,4,SATISFIED,5.3768,193743855.0,35140.25
SAL-Ei-LM,bom_deep_7_3_15_5_No1_p50_ao87_am15_3_m10_ao87_am10_3,87,5,SATISFIED,5.3722,189151740.0,35172.91
SAL-Ei-LM,bom_deep_7_3_15_5_No1_p50_ao87_am15_3_m10_ao87_am10_3,87,6,SATISFIED,5.4358,190157152.0,34545.22
SAL-Ei-LM,bom_deep_7_3_15_5_No1_p50_ao87_am15_3_m10_ao87_am10_3,87,7,SATISFIED,5.3796,191964365.0,32744.5
SAL-Ei-LM,bom_deep_7_3_15_5_No1_p50_ao87_am15_3_m10_ao87_am10_3,87,8,SATISFIED,5.3819,191058723.0,34701.38
SAL-Ei-LM,bom_deep_7_3_15_5_No1_p50_ao87_am15_3_m10_ao87_am10_3,87,9,SATISFIED,5.3951,189849947.0,34258.12
SAL-Ei-LM,bom_deep_7_3_15_5_No1_p50_ao87_am15_3_m10_ao87_am10_3,87,10,SATISFIED,5.404,189161338.0,34806.5
SAL-Ei-LM,bom_deep_7_3_15_5_No1_p50_ao87_am15_3_m10_ao87_am10_4,87,1,SATISFIED,5.3979,244501579.0,33210.66
SAL-Ei-LM,bom_deep_7_3_15_5_No1_p50_ao87_am15_3_m10_ao87_am10_4,87,2,SATISFIED,5.5128,247938172.0,33333.84
SAL-Ei-LM,bom_deep_7_3_15_5_No1_p50_ao87_am15_3_m10_ao87_am10_4,87,3,SATISFIED,5.3752,243416642.0,32011.09
SAL-Ei-LM,bom_deep_7_3_15_5_No1_p50_ao87_am15_3_m10_ao87_am10_4,87,4,SATISFIED,5.3902,240148076.0,34070.31
SAL-Ei-LM,bom_deep_7_3_15_5_No1_p50_ao87_am15_3_m10_ao87_am10_4,87,5,SATISFIED,5.3892,247899982.0,33712.28
SAL-Ei-LM,bom_deep_7_3_15_5_No1_p50_ao87_am15_3_m10_ao87_am10_4,87,6,SATISFIED,5.3905,244450009.0,33346.59
SAL-Ei-LM,bom_deep_7_3_15_5_No1_p50_ao87_am15_3_m10_ao87_am10_4,87,7,SATISFIED,5.391,245815281.0,33474.66
SAL-Ei-LM,bom_deep_7_3_15_5_No1_p50_ao87_am15_3_m10_ao87_am10_4,87,8,SATISFIED,5.3793,241610952.0,33926.59
SAL-Ei-LM,bom_deep_7_3_15_5_No1_p50_ao87_am15_3_m10_ao87_am10_4,87,9,SATISFIED,5.4467,242987137.0,32597.88
SAL-Ei-LM,bom_deep_7_3_15_5_No1_p50_ao87_am15_3_m10_ao87_am10_4,87,10,SATISFIED,5.3779,246336255.0,32247.06
SAL-Ei-LM,bom_deep_7_3_15_5_No1_p50_ao87_am15_3_m10_ao87_am10_5,87,1,SATISFIED,5.3683,169171884.0,31701.56
SAL-Ei-LM,bom_deep_7_3_15_5_No1_p50_ao87_am15_3_m10_ao87_am10_5,87,2,SATISFIED,5.3742,168917370.0,32124.66
SAL-Ei-LM,bom_deep_7_3_15_5_No1_p50_ao87_am15_3_m10_ao87_am10_5,87,3,SATISFIED,5.3793,169171572.0,33045.16
SAL-Ei-LM,bom_deep_7_3_15_5_No1_p50_ao87_am15_3_m10_ao87_am10_5,87,4,SATISFIED,5.3712,169175667.0,33775.84
SAL-Ei-LM,bom_deep_7_3_15_5_No1_p50_ao87_am15_3_m10_ao87_am10_5,87,5,SATISFIED,5.4807,169172157.0,33177.72
SAL-Ei-LM,bom_deep_7_3_15_5_No1_p50_ao87_am15_3_m10_ao87_am10_5,87,6,SATISFIED,5.3664,169173093.0,32016.28
SAL-Ei-LM,bom_deep_7_3_15_5_No1_p50_ao87_am15_3_m10_ao87_am10_5,87,7,SATISFIED,5.2649,170207462.0,33791.94
SAL-Ei-LM,bom_deep_7_3_15_5_No1_p50_ao87_am15_3_m10_ao87_am10_5,87,8,SATISFIED,5.4069,169176276.0,32900.06
SAL-Ei-LM,bom_deep_7_3_15_5_No1_p50_ao87_am15_3_m10_ao87_am10_5,87,9,SATISFIED,5.3979,169171728.0,33653.38
SAL-Ei-LM,bom_deep_7_3_15_5_No1_p50_ao87_am15_3_m10_ao87_am10_5,87,10,SATISFIED,5.4021,169171650.0,34045.72
SAL-Ei-LM,bom_deep_7_3_15_5_No1_p50_ao87_am15_3_m25_ao87_am22_1,87,1,SATISFIED,5.5062,382982495.0,34269.94
SAL-Ei-LM,bom_deep_7_3_15_5_No1_p50_ao87_am15_3_m25_ao87_am22_1,87,2,SATISFIED,5.3834,382396015.0,33364.09
SAL-Ei-LM,bom_deep_7_3_15_5_No1_p50_ao87_am15_3_m25_ao87_am22_1,87,3,SATISFIED,5.384,382561630.0,34282.56
SAL-Ei-LM,bom_deep_7_3_15_5_No1_p50_ao87_am15_3_m25_ao87_am22_1,87,4,SATISFIED,5.4083,382323490.0,34186.91
SAL-Ei-LM,bom_deep_7_3_15_5_No1_p50_ao87_am15_3_m25_ao87_am22_1,87,5,SATISFIED,5.4097,382300340.0,34536.16
SAL-Ei-LM,bom_deep_7_3_15_5_No1_p50_ao87_am15_3_m25_ao87_am22_1,87,6,SATISFIED,5.3662,382306180.0,34707.91
SAL-Ei-LM,bom_deep_7_3_15_5_No1_p50_ao87_am15_3_m25_ao87_am22_1,87,7,SATISFIED,5.3498,382709615.0,35552.25
SAL-Ei-LM,bom_deep_7_3_15_5_No1_p50_ao87_am15_3_m25_ao87_am22_1,87,8,SATISFIED,5.3743,382673215.0,33128.34
SAL-Ei-LM,bom_deep_7_3_15_5_No1_p50_ao87_am15_3_m25_ao87_am22_1,87,9,SATISFIED,5.386,382674640.0,35533.69
SAL-Ei-LM,bom_deep_7_3_15_5_No1_p50_ao87_am15_3_m25_ao87_am22_1,87,10,SATISFIED,5.2602,382366550.0,36305.47
SAL-Ei-LM,bom_deep_7_3_15_5_No1_p50_ao87_am15_3_m25_ao87_am22_2,87,1,SATISFIED,5.222,314158360.0,36147.31
SAL-Ei-LM,bom_deep_7_3_15_5_No1_p50_ao87_am15_3_m25_ao87_am22_2,87,2,SATISFIED,5.3855,313910960.0,35160.44
SAL-Ei-LM,bom_deep_7_3_15_5_No1_p50_ao87_am15_3_m25_ao87_am22_2,87,3,SATISFIED,5.2841,313824750.0,34848.88
SAL-Ei-LM,bom_deep_7_3_15_5_No1_p50_ao87_am15_3_m25_ao87_am22_2,87,4,SATISFIED,5.2238,313685205.0,35676.56
SAL-Ei-LM,bom_deep_7_3_15_5_No1_p50_ao87_am15_3_m25_ao87_am22_2,87,5,SATISFIED,5.2746,313783080.0,35973.75
SAL-Ei-LM,bom_deep_7_3_15_5_No1_p50_ao87_am15_3_m25_ao87_am22_2,87,6,SATISFIED,5.2525,313920545.0,35107.97
SAL-Ei-LM,bom_deep_7_3_15_5_No1_p50_ao87_am15_3_m25_ao87_am22_2,87,7,SATISFIED,5.2143,313717510.0,36532.34
SAL-Ei-LM,bom_deep_7_3_15_5_No1_p50_ao87_am15_3_m25_ao87_am22_2,87,8,SATISFIED,5.391,313720745.0,33741.78
SAL-Ei-LM,bom_deep_7_3_15_5_No1_p50_ao87_am15_3_m25_ao87_am22_2,87,9,SATISFIED,5.3055,313735115.0,35359.19
SAL-Ei-LM,bom_deep_7_3_15_5_No1_p50_ao87_am15_3_m25_ao87_am22_2,87,10,SATISFIED,5.3872,313669355.0,33617.62
SAL-Ei-LM,bom_deep_7_3_15_5_No1_p50_ao87_am15_3_m25_ao87_am22_3,87,1,SATISFIED,5.3809,67268115.0,32406.19
SAL-Ei-LM,bom_deep_7_3_15_5_No1_p50_ao87_am15_3_m25_ao87_am22_3,87,2,SATISFIED,5.3952,67379493.0,32717.97
SAL-Ei-LM,bom_deep_7_3_15_5_No1_p50_ao87_am15_3_m25_ao87_am22_3,87,3,SATISFIED,5.294,68477844.0,33971.69
SAL-Ei-LM,bom_deep_7_3_15_5_No1_p50_ao87_am15_3_m25_ao87_am22_3,87,4,SATISFIED,5.5468,68078390.0,33335.78
SAL-Ei-LM,bom_deep_7_3_15_5_No1_p50_ao87_am15_3_m25_ao87_am22_3,87,5,SATISFIED,5.3903,68005030.0,31569.03
SAL-Ei-LM,bom_deep_7_3_15_5_No1_p50_ao87_am15_3_m25_ao87_am22_3,87,6,SATISFIED,5.4133,67804939.0,31446.94
SAL-Ei-LM,bom_deep_7_3_15_5_No1_p50_ao87_am15_3_m25_ao87_am22_3,87,7,SATISFIED,5.3996,67220369.0,33297.12
SAL-Ei-LM,bom_deep_7_3_15_5_No1_p50_ao87_am15_3_m25_ao87_am22_3,87,8,SATISFIED,5.3888,68274585.0,32834.66
SAL-Ei-LM,bom_deep_7_3_15_5_No1_p50_ao87_am15_3_m25_ao87_am22_3,87,9,SATISFIED,5.374,67615232.0,33701.91
SAL-Ei-LM,bom_deep_7_3_15_5_No1_p50_ao87_am15_3_m25_ao87_am22_3,87,10,SATISFIED,5.5007,68045295.0,33979.06
SAL-Ei-LM,bom_deep_7_3_15_5_No1_p50_ao87_am15_3_m25_ao87_am22_4,87,1,SATISFIED,5.3716,202212611.0,31810.78
SAL-Ei-LM,bom_deep_7_3_15_5_No1_p50_ao87_am15_3_m25_ao87_am22_4,87,2,SATISFIED,5.2179,200905859.0,34818.22
SAL-Ei-LM,bom_deep_7_3_15_5_No1_p50_ao87_am15_3_m25_ao87_am22_4,87,3,SATISFIED,5.3876,202945804.0,34172.5
SAL-Ei-LM,bom_deep_7_3_15_5_No1_p50_ao87_am15_3_m25_ao87_am22_4,87,4,SATISFIED,5.3827,204947574.0,32577.09
SAL-Ei-LM,bom_deep_7_3_15_5_No1_p50_ao87_am15_3_m25_ao87_am22_4,87,5,SATISFIED,5.3775,202095483.0,33813.31
SAL-Ei-LM,bom_deep_7_3_15_5_No1_p50_ao87_am15_3_m25_ao87_am22_4,87,6,SATISFIED,5.4413,202522136.0,33399.62
SAL-Ei-LM,bom_deep_7_3_15_5_No1_p50_ao87_am15_3_m25_ao87_am22_4,87,7,SATISFIED,5.3701,205876192.0,31610.47
SAL-Ei-LM,bom_deep_7_3_15_5_No1_p50_ao87_am15_3_m25_ao87_am22_4,87,8,SATISFIED,5.3178,205349617.0,33154.5
SAL-Ei-LM,bom_deep_7_3_15_5_No1_p50_ao87_am15_3_m25_ao87_am22_4,87,9,SATISFIED,5.3733,204418686.0,34000.59
SAL-Ei-LM,bom_deep_7_3_15_5_No1_p50_ao87_am15_3_m25_ao87_am22_4,87,10,SATISFIED,5.3789,203152376.0,32624.03
SAL-Ei-LM,bom_deep_7_3_15_5_No1_p50_ao87_am15_3_m25_ao87_am24_5,87,1,SATISFIED,5.3695,158116920.0,31616.44
SAL-Ei-LM,bom_deep_7_3_15_5_No1_p50_ao87_am15_3_m25_ao87_am24_5,87,2,SATISFIED,5.4331,158236865.0,32648.56
SAL-Ei-LM,bom_deep_7_3_15_5_No1_p50_ao87_am15_3_m25_ao87_am24_5,87,3,SATISFIED,5.3649,158230050.0,32864.44
SAL-Ei-LM,bom_deep_7_3_15_5_No1_p50_ao87_am15_3_m25_ao87_am24_5,87,4,SATISFIED,5.3716,158262265.0,33337.69
SAL-Ei-LM,bom_deep_7_3_15_5_No1_p50_ao87_am15_3_m25_ao87_am24_5,87,5,SATISFIED,5.3721,158128895.0,33621.84
SAL-Ei-LM,bom_deep_7_3_15_5_No1_p50_ao87_am15_3_m25_ao87_am24_5,87,6,SATISFIED,5.376,158202905.0,33347.66
SAL-Ei-LM,bom_deep_7_3_15_5_No1_p50_ao87_am15_3_m25_ao87_am24_5,87,7,SATISFIED,5.4866,158239935.0,31982.06
SAL-Ei-LM,bom_deep_7_3_15_5_No1_p50_ao87_am15_3_m25_ao87_am24_5,87,8,SATISFIED,5.3768,158264950.0,30876.22
SAL-Ei-LM,bom_deep_7_3_15_5_No1_p50_ao87_am15_3_m25_ao87_am24_5,87,9,SATISFIED,5.3759,158171455.0,31593.75
SAL-Ei-LM,bom_deep_7_3_15_5_No1_p50_ao87_am15_3_m25_ao87_am24_5,87,10,SATISFIED,5.3717,158294925.0,31922.09
SAL-Ei-LM,bom_deep_7_3_15_5_No1_p50_ao87_am15_4,87,1,SATISFIED,5.3738,392544865.0,29917.25
SAL-Ei-LM,bom_deep_7_3_15_5_No1_p50_ao87_am15_4,87,2,SATISFIED,5.3797,392935440.0,31298.22
SAL-Ei-LM,bom_deep_7_3_15_5_No1_p50_ao87_am15_4,87,3,SATISFIED,5.4657,393038110.0,31590.03
SAL-Ei-LM,bom_deep_7_3_15_5_No1_p50_ao87_am15_4,87,4,SATISFIED,5.3722,393007930.0,30682.5
SAL-Ei-LM,bom_deep_7_3_15_5_No1_p50_ao87_am15_4,87,5,SATISFIED,5.4009,392690295.0,31356.06
SAL-Ei-LM,bom_deep_7_3_15_5_No1_p50_ao87_am15_4,87,6,SATISFIED,5.3879,393046740.0,31568.69
SAL-Ei-LM,bom_deep_7_3_15_5_No1_p50_ao87_am15_4,87,7,SATISFIED,5.4039,392619275.0,30378.91
SAL-Ei-LM,bom_deep_7_3_15_5_No1_p50_ao87_am15_4,87,8,SATISFIED,5.2214,393124600.0,30748.97
SAL-Ei-LM,bom_deep_7_3_15_5_No1_p50_ao87_am15_4,87,9,SATISFIED,5.5666,392634355.0,31704.47
SAL-Ei-LM,bom_deep_7_3_15_5_No1_p50_ao87_am15_4,87,10,SATISFIED,5.3709,392648760.0,29531.0
SAL-Ei-LM,bom_deep_7_3_15_5_No1_p50_ao87_am15_4_m10_ao87_am10_1,87,1,SATISFIED,5.3653,218642793.0,35047.12
SAL-Ei-LM,bom_deep_7_3_15_5_No1_p50_ao87_am15_4_m10_ao87_am10_1,87,2,SATISFIED,5.3726,215222054.0,35164.94
SAL-Ei-LM,bom_deep_7_3_15_5_No1_p50_ao87_am15_4_m10_ao87_am10_1,87,3,SATISFIED,5.3753,214719889.0,35474.97
SAL-Ei-LM,bom_deep_7_3_15_5_No1_p50_ao87_am15_4_m10_ao87_am10_1,87,4,SATISFIED,5.3742,216435435.0,35375.28
SAL-Ei-LM,bom_deep_7_3_15_5_No1_p50_ao87_am15_4_m10_ao87_am10_1,87,5,SATISFIED,5.2177,216919297.0,37146.5
SAL-Ei-LM,bom_deep_7_3_15_5_No1_p50_ao87_am15_4_m10_ao87_am10_1,87,6,SATISFIED,5.4387,216222520.0,36447.22
SAL-Ei-LM,bom_deep_7_3_15_5_No1_p50_ao87_am15_4_m10_ao87_am10_1,87,7,SATISFIED,5.3741,214857242.0,34641.09
SAL-Ei-LM,bom_deep_7_3_15_5_No1_p50_ao87_am15_4_m10_ao87_am10_1,87,8,SATISFIED,5.2151,214734151.0,35851.12
SAL-Ei-LM,bom_deep_7_3_15_5_No1_p50_ao87_am15_4_m10_ao87_am10_1,87,9,SATISFIED,5.3816,214660756.0,35517.25
SAL-Ei-LM,bom_deep_7_3_15_5_No1_p50_ao87_am15_4_m10_ao87_am10_1,87,10,SATISFIED,5.3797,217133864.0,36015.12
SAL-Ei-LM,bom_deep_7_3_15_5_No1_p50_ao87_am15_4_m10_ao87_am10_2,87,1,SATISFIED,5.3749,343612225.0,35344.34
SAL-Ei-LM,bom_deep_7_3_15_5_No1_p50_ao87_am15_4_m10_ao87_am10_2,87,2,SATISFIED,5.4388,342210883.0,36519.88
SAL-Ei-LM,bom_deep_7_3_15_5_No1_p50_ao87_am15_4_m10_ao87_am10_2,87,3,SATISFIED,5.3665,332131353.0,35361.16
SAL-Ei-LM,bom_deep_7_3_15_5_No1_p50_ao87_am15_4_m10_ao87_am10_2,87,4,SATISFIED,5.3774,336402033.0,35371.69
SAL-Ei-LM,bom_deep_7_3_15_5_No1_p50_ao87_am15_4_m10_ao87_am10_2,87,5,SATISFIED,5.3917,346289238.0,36022.03
SAL-Ei-LM,bom_deep_7_3_15_5_No1_p50_ao87_am15_4_m10_ao87_am10_2,87,6,SATISFIED,5.3817,343633398.0,36287.91
SAL-Ei-LM,bom_deep_7_3_15_5_No1_p50_ao87_am15_4_m10_ao87_am10_2,87,7,SATISFIED,5.3779,333869161.0,36787.59
SAL-Ei-LM,bom_deep_7_3_15_5_No1_p50_ao87_am15_4_m10_ao87_am10_2,87,8,SATISFIED,5.3887,341913358.0,35912.03
SAL-Ei-LM,bom_deep_7_3_15_5_No1_p50_ao87_am15_4_m10_ao87_am10_2,87,9,SATISFIED,5.4172,336128763.0,35032.28
SAL-Ei-LM,bom_deep_7_3_15_5_No1_p50_ao87_am15_4_m10_ao87_am10_2,87,10,SATISFIED,5.379,339603297.0,36223.34
SAL-Ei-LM,bom_deep_7_3_15_5_No1_p50_ao87_am15_4_m10_ao87_am10_3,87,1,SATISFIED,5.3733,283303758.0,34032.84
SAL-Ei-LM,bom_deep_7_3_15_5_No1_p50_ao87_am15_4_m10_ao87_am10_3,87,2,SATISFIED,5.3707,281419504.0,34333.69
SAL-Ei-LM,bom_deep_7_3_15_5_No1_p50_ao87_am15_4_m10_ao87_am10_3,87,3,SATISFIED,5.3852,284574130.0,34153.34
SAL-Ei-LM,bom_deep_7_3_15_5_No1_p50_ao87_am15_4_m10_ao87_am10_3,87,4,SATISFIED,5.3809,281720426.0,33849.03
SAL-Ei-LM,bom_deep_7_3_15_5_No1_p50_ao87_am15_4_m10_ao87_am10_3,87,5,SATISFIED,5.4477,281224538.0,33797.84
SAL-Ei-LM,bom_deep_7_3_15_5_No1_p50_ao87_am15_4_m10_ao87_am10_3,87,6,SATISFIED,5.3715,282588035.0,33239.28
SAL-Ei-LM,bom_deep_7_3_15_5_No1_p50_ao87_am15_4_m10_ao87_am10_3,87,7,SATISFIED,5.3717,281573262.0,33916.56
SAL-Ei-LM,bom_deep_7_3_15_5_No1_p50_ao87_am15_4_m10_ao87_am10_3,87,8,SATISFIED,5.3829,281918811.0,33696.56
SAL-Ei-LM,bom_deep_7_3_15_5_No1_p50_ao87_am15_4_m10_ao87_am10_3,87,9,SATISFIED,5.3819,282649576.0,34508.62
SAL-Ei-LM,bom_deep_7_3_15_5_No1_p50_ao87_am15_4_m10_ao87_am10_3,87,10,SATISFIED,5.3762,282760903.0,34651.91
SAL-Ei-LM,bom_deep_7_3_15_5_No1_p50_ao87_am15_4_m10_ao87_am10_4,87,1,SATISFIED,5.4831,253316541.0,35176.44
SAL-Ei-LM,bom_deep_7_3_15_5_No1_p50_ao87_am15_4_m10_ao87_am10_4,87,2,SATISFIED,5.3605,253357064.0,33668.53
SAL-Ei-LM,bom_deep_7_3_15_5_No1_p50_ao87_am15_4_m10_ao87_am10_4,87,3,SATISFIED,5.3804,253287987.0,35731.81
SAL-Ei-LM,bom_deep_7_3_15_5_No1_p50_ao87_am15_4_m10_ao87_am10_4,87,4,SATISFIED,5.3837,253379593.0,34858.31
SAL-Ei-LM,bom_deep_7_3_15_5_No1_p50_ao87_am15_4_m10_ao87_am10_4,87,5,SATISFIED,5.3838,253221089.0,34298.72
SAL-Ei-LM,bom_deep_7_3_15_5_No1_p50_ao87_am15_4_m10_ao87_am10_4,87,6,SATISFIED,5.3819,253529004.0,34510.28
SAL-Ei-LM,bom_deep_7_3_15_5_No1_p50_ao87_am15_4_m10_ao87_am10_4,87,7,SATISFIED,5.3811,253257268.0,34271.56
SAL-Ei-LM,bom_deep_7_3_15_5_No1_p50_ao87_am15_4_m10_ao87_am10_4,87,8,SATISFIED,5.4202,253214308.0,34332.47
SAL-Ei-LM,bom_deep_7_3_15_5_No1_p50_ao87_am15_4_m10_ao87_am10_4,87,9,SATISFIED,5.388,253398019.0,34373.94
SAL-Ei-LM,bom_deep_7_3_15_5_No1_p50_ao87_am15_4_m10_ao87_am10_4,87,10,SATISFIED,5.3781,253292535.0,35193.59
SAL-Ei-LM,bom_deep_7_3_15_5_No1_p50_ao87_am15_4_m10_ao87_am10_5,87,1,SATISFIED,5.3754,527383129.0,34830.56
SAL-Ei-LM,bom_deep_7_3_15_5_No1_p50_ao87_am15_4_m10_ao87_am10_5,87,2,SATISFIED,5.3903,526758438.0,35027.91
SAL-Ei-LM,bom_deep_7_3_15_5_No1_p50_ao87_am15_4_m10_ao87_am10_5,87,3,SATISFIED,5.3813,527245700.0,35258.25
SAL-Ei-LM,bom_deep_7_3_15_5_No1_p50_ao87_am15_4_m10_ao87_am10_5,87,4,SATISFIED,5.4097,526172218.0,34290.94
SAL-Ei-LM,bom_deep_7_3_15_5_No1_p50_ao87_am15_4_m10_ao87_am10_5,87,5,SATISFIED,5.2126,527883823.0,35555.97
SAL-Ei-LM,bom_deep_7_3_15_5_No1_p50_ao87_am15_4_m10_ao87_am10_5,87,6,SATISFIED,5.3747,528213940.0,34824.09
SAL-Ei-LM,bom_deep_7_3_15_5_No1_p50_ao87_am15_4_m10_ao87_am10_5,87,7,SATISFIED,5.3852,528414521.0,34214.94
SAL-Ei-LM,bom_deep_7_3_15_5_No1_p50_ao87_am15_4_m10_ao87_am10_5,87,8,SATISFIED,5.3868,527562935.0,34499.5
SAL-Ei-LM,bom_deep_7_3_15_5_No1_p50_ao87_am15_4_m10_ao87_am10_5,87,9,SATISFIED,5.3745,527474551.0,34254.28
SAL-Ei-LM,bom_deep_7_3_15_5_No1_p50_ao87_am15_4_m10_ao87_am10_5,87,10,SATISFIED,5.3821,528343474.0,35147.62
SAL-Ei-LM,bom_deep_7_3_15_5_No1_p50_ao87_am15_4_m25_ao87_am19_4,87,1,SATISFIED,5.3673,393261529.0,33022.72
SAL-Ei-LM,bom_deep_7_3_15_5_No1_p50_ao87_am15_4_m25_ao87_am19_4,87,2,SATISFIED,5.3866,392160448.0,34927.88
SAL-Ei-LM,bom_deep_7_3_15_5_No1_p50_ao87_am15_4_m25_ao87_am19_4,87,3,SATISFIED,5.2763,391095297.0,36711.0
SAL-Ei-LM,bom_deep_7_3_15_5_No1_p50_ao87_am15_4_m25_ao87_am19_4,87,4,SATISFIED,5.2267,392170428.0,36711.44
SAL-Ei-LM,bom_deep_7_3_15_5_No1_p50_ao87_am15_4_m25_ao87_am19_4,87,5,SATISFIED,5.4404,390874190.0,35453.88
SAL-Ei-LM,bom_deep_7_3_15_5_No1_p50_ao87_am15_4_m25_ao87_am19_4,87,6,SATISFIED,5.5344,390960259.0,34773.31
SAL-Ei-LM,bom_deep_7_3_15_5_No1_p50_ao87_am15_4_m25_ao87_am19_4,87,7,SATISFIED,5.4154,393543104.0,32400.56
SAL-Ei-LM,bom_deep_7_3_15_5_No1_p50_ao87_am15_4_m25_ao87_am19_4,87,8,SATISFIED,5.388,389743653.0,35364.38
SAL-Ei-LM,bom_deep_7_3_15_5_No1_p50_ao87_am15_4_m25_ao87_am19_4,87,9,SATISFIED,5.2637,391364672.0,36482.22
SAL-Ei-LM,bom_deep_7_3_15_5_No1_p50_ao87_am15_4_m25_ao87_am19_4,87,10,SATISFIED,5.3301,390679727.0,35761.81
SAL-Ei-LM,bom_deep_7_3_15_5_No1_p50_ao87_am15_4_m25_ao87_am20_1,87,1,SATISFIED,5.4087,212040760.0,33742.88
SAL-Ei-LM,bom_deep_7_3_15_5_No1_p50_ao87_am15_4_m25_ao87_am20_1,87,2,SATISFIED,5.3642,211864950.0,35824.59
SAL-Ei-LM,bom_deep_7_3_15_5_No1_p50_ao87_am15_4_m25_ao87_am20_1,87,3,SATISFIED,5.3903,211364927.0,33027.03
SAL-Ei-LM,bom_deep_7_3_15_5_No1_p50_ao87_am15_4_m25_ao87_am20_1,87,4,SATISFIED,5.283,212029125.0,34891.75
SAL-Ei-LM,bom_deep_7_3_15_5_No1_p50_ao87_am15_4_m25_ao87_am20_1,87,5,SATISFIED,5.402,210985856.0,34489.06
SAL-Ei-LM,bom_deep_7_3_15_5_No1_p50_ao87_am15_4_m25_ao87_am20_1,87,6,SATISFIED,5.4054,211894051.0,34655.94
SAL-Ei-LM,bom_deep_7_3_15_5_No1_p50_ao87_am15_4_m25_ao87_am20_1,87,7,SATISFIED,5.3973,210820600.0,34052.5
SAL-Ei-LM,bom_deep_7_3_15_5_No1_p50_ao87_am15_4_m25_ao87_am20_1,87,8,SATISFIED,5.4755,212557880.0,34516.47
SAL-Ei-LM,bom_deep_7_3_15_5_No1_p50_ao87_am15_4_m25_ao87_am20_1,87,9,SATISFIED,5.2503,213384025.0,35192.69
SAL-Ei-LM,bom_deep_7_3_15_5_No1_p50_ao87_am15_4_m25_ao87_am20_1,87,10,SATISFIED,5.4251,212458350.0,34012.22
SAL-Ei-LM,bom_deep_7_3_15_5_No1_p50_ao87_am15_4_m25_ao87_am20_3,87,1,SATISFIED,5.4425,168491680.0,32011.47
SAL-Ei-LM,bom_deep_7_3_15_5_No1_p50_ao87_am15_4_m25_ao87_am20_3,87,2,SATISFIED,5.4434,168507690.0,32128.19
SAL-Ei-LM,bom_deep_7_3_15_5_No1_p50_ao87_am15_4_m25_ao87_am20_3,87,3,SATISFIED,5.4302,168509802.0,31514.78
SAL-Ei-LM,bom_deep_7_3_15_5_No1_p50_ao87_am15_4_m25_ao87_am20_3,87,4,SATISFIED,5.4447,168504795.0,33050.41
SAL-Ei-LM,bom_deep_7_3_15_5_No1_p50_ao87_am15_4_m25_ao87_am20_3,87,5,SATISFIED,5.3745,168506957.0,32536.19
SAL-Ei-LM,bom_deep_7_3_15_5_No1_p50_ao87_am15_4_m25_ao87_am20_3,87,6,SATISFIED,5.3833,168575615.0,34738.31
SAL-Ei-LM,bom_deep_7_3_15_5_No1_p50_ao87_am15_4_m25_ao87_am20_3,87,7,SATISFIED,5.3849,168510273.0,33878.94
SAL-Ei-LM,bom_deep_7_3_15_5_No1_p50_ao87_am15_4_m25_ao87_am20_3,87,8,SATISFIED,5.3817,168562377.0,33591.34
SAL-Ei-LM,bom_deep_7_3_15_5_No1_p50_ao87_am15_4_m25_ao87_am20_3,87,9,SATISFIED,5.3832,168495945.0,33295.56
SAL-Ei-LM,bom_deep_7_3_15_5_No1_p50_ao87_am15_4_m25_ao87_am20_3,87,10,SATISFIED,5.46,168525908.0,34170.84
SAL-Ei-LM,bom_deep_7_3_15_5_No1_p50_ao87_am15_4_m25_ao87_am22_2,87,1,SATISFIED,5.3737,239541447.0,33485.44
SAL-Ei-LM,bom_deep_7_3_15_5_No1_p50_ao87_am15_4_m25_ao87_am22_2,87,2,SATISFIED,5.3784,239784967.0,34997.94
SAL-Ei-LM,bom_deep_7_3_15_5_No1_p50_ao87_am15_4_m25_ao87_am22_2,87,3,SATISFIED,5.221,238824573.0,36286.12
SAL-Ei-LM,bom_deep_7_3_15_5_No1_p50_ao87_am15_4_m25_ao87_am22_2,87,4,SATISFIED,5.395,242510516.0,34755.31
SAL-Ei-LM,bom_deep_7_3_15_5_No1_p50_ao87_am15_4_m25_ao87_am22_2,87,5,SATISFIED,5.4046,239834443.0,34260.06
SAL-Ei-LM,bom_deep_7_3_15_5_No1_p50_ao87_am15_4_m25_ao87_am22_2,87,6,SATISFIED,5.4578,238097349.0,34041.91
SAL-Ei-LM,bom_deep_7_3_15_5_No1_p50_ao87_am15_4_m25_ao87_am22_2,87,7,SATISFIED,5.3762,239098937.0,34579.62
SAL-Ei-LM,bom_deep_7_3_15_5_No1_p50_ao87_am15_4_m25_ao87_am22_2,87,8,SATISFIED,5.3882,242872346.0,35431.84
SAL-Ei-LM,bom_deep_7_3_15_5_No1_p50_ao87_am15_4_m25_ao87_am22_2,87,9,SATISFIED,5.3805,241589535.0,34657.59
SAL-Ei-LM,bom_deep_7_3_15_5_No1_p50_ao87_am15_4_m25_ao87_am22_2,87,10,SATISFIED,5.2769,239395791.0,36311.69
SAL-Ei-LM,bom_deep_7_3_15_5_No1_p50_ao87_am15_4_m25_ao87_am22_5,87,1,SATISFIED,5.3715,252544397.0,34336.66
SAL-Ei-LM,bom_deep_7_3_15_5_No1_p50_ao87_am15_4_m25_ao87_am22_5,87,2,SATISFIED,5.3641,252623455.0,32284.66
SAL-Ei-LM,bom_deep_7_3_15_5_No1_p50_ao87_am15_4_m25_ao87_am22_5,87,3,SATISFIED,5.3858,252604747.0,34083.75
SAL-Ei-LM,bom_deep_7_3_15_5_No1_p50_ao87_am15_4_m25_ao87_am22_5,87,4,SATISFIED,5.3823,252612445.0,34864.47
SAL-Ei-LM,bom_deep_7_3_15_5_No1_p50_ao87_am15_4_m25_ao87_am22_5,87,5,SATISFIED,5.3829,252609715.0,34485.66
SAL-Ei-LM,bom_deep_7_3_15_5_No1_p50_ao87_am15_4_m25_ao87_am22_5,87,6,SATISFIED,5.3879,252623642.0,34852.72
SAL-Ei-LM,bom_deep_7_3_15_5_No1_p50_ao87_am15_4_m25_ao87_am22_5,87,7,SATISFIED,5.4905,252612905.0,33145.16
SAL-Ei-LM,bom_deep_7_3_15_5_No1_p50_ao87_am15_4_m25_ao87_am22_5,87,8,SATISFIED,5.3638,252649220.0,32531.56
SAL-Ei-LM,bom_deep_7_3_15_5_No1_p50_ao87_am15_4_m25_ao87_am22_5,87,9,SATISFIED,5.3846,252811387.0,34841.94
SAL-Ei-LM,bom_deep_7_3_15_5_No1_p50_ao87_am15_4_m25_ao87_am22_5,87,10,SATISFIED,5.3776,252591307.0,34253.78
SAL-Ei-LM,bom_deep_7_3_15_5_No1_p50_ao87_am15_5,87,1,SATISFIED,5.3704,122055695.0,31100.0
SAL-Ei-LM,bom_deep_7_3_15_5_No1_p50_ao87_am15_5,87,2,SATISFIED,5.3786,122444285.0,32029.5
SAL-Ei-LM,bom_deep_7_3_15_5_No1_p50_ao87_am15_5,87,3,SATISFIED,5.4503,121604713.0,32154.34
SAL-Ei-LM,bom_deep_7_3_15_5_No1_p50_ao87_am15_5,87,4,SATISFIED,5.3697,124458185.0,32315.38
SAL-Ei-LM,bom_deep_7_3_15_5_No1_p50_ao87_am15_5,87,5,SATISFIED,5.3779,122268070.0,32770.94
SAL-Ei-LM,bom_deep_7_3_15_5_No1_p50_ao87_am15_5,87,6,SATISFIED,5.3807,122817448.0,32814.06
SAL-Ei-LM,bom_deep_7_3_15_5_No1_p50_ao87_am15_5,87,7,SATISFIED,5.3817,123614521.0,32338.81
SAL-Ei-LM,bom_deep_7_3_15_5_No1_p50_ao87_am15_5,87,8,SATISFIED,5.3718,122059503.0,31574.25
SAL-Ei-LM,bom_deep_7_3_15_5_No1_p50_ao87_am15_5,87,9,SATISFIED,5.4656,122686755.0,32079.81
SAL-Ei-LM,bom_deep_7_3_15_5_No1_p50_ao87_am15_5,87,10,SATISFIED,5.3698,122513905.0,31268.81
SAL-Ei-LM,bom_deep_7_3_15_5_No1_p50_ao87_am15_5_m10_ao87_am10_1,87,1,SATISFIED,5.3869,221349885.0,35464.31
SAL-Ei-LM,bom_deep_7_3_15_5_No1_p50_ao87_am15_5_m10_ao87_am10_1,87,2,SATISFIED,5.3799,221364170.0,35719.88
SAL-Ei-LM,bom_deep_7_3_15_5_No1_p50_ao87_am15_5_m10_ao87_am10_1,87,3,SATISFIED,5.3751,221356295.0,35281.0
SAL-Ei-LM,bom_deep_7_3_15_5_No1_p50_ao87_am15_5_m10_ao87_am10_1,87,4,SATISFIED,5.3819,221320203.0,36421.69
SAL-Ei-LM,bom_deep_7_3_15_5_No1_p50_ao87_am15_5_m10_ao87_am10_1,87,5,SATISFIED,5.3781,221346029.0,36491.53
SAL-Ei-LM,bom_deep_7_3_15_5_No1_p50_ao87_am15_5_m10_ao87_am10_1,87,6,SATISFIED,5.4283,221389781.0,35070.06
SAL-Ei-LM,bom_deep_7_3_15_5_No1_p50_ao87_am15_5_m10_ao87_am10_1,87,7,SATISFIED,5.3743,221328975.0,35344.0
SAL-Ei-LM,bom_deep_7_3_15_5_No1_p50_ao87_am15_5_m10_ao87_am10_1,87,8,SATISFIED,5.3885,221380467.0,35136.22
SAL-Ei-LM,bom_deep_7_3_15_5_No1_p50_ao87_am15_5_m10_ao87_am10_1,87,9,SATISFIED,5.3957,221349525.0,35323.88
SAL-Ei-LM,bom_deep_7_3_15_5_No1_p50_ao87_am15_5_m10_ao87_am10_1,87,10,SATISFIED,5.3874,221386663.0,35649.38
SAL-Ei-LM,bom_deep_7_3_15_5_No1_p50_ao87_am15_5_m10_ao87_am10_2,87,1,SATISFIED,5.3738,273165629.0,35321.66
SAL-Ei-LM,bom_deep_7_3_15_5_No1_p50_ao87_am15_5_m10_ao87_am10_2,87,2,SATISFIED,5.4443,273371748.0,35569.41
SAL-Ei-LM,bom_deep_7_3_15_5_No1_p50_ao87_am15_5_m10_ao87_am10_2,87,3,SATISFIED,5.3621,273993527.0,34516.88
SAL-Ei-LM,bom_deep_7_3_15_5_No1_p50_ao87_am15_5_m10_ao87_am10_2,87,4,SATISFIED,5.384,272543338.0,35220.22
SAL-Ei-LM,bom_deep_7_3_15_5_No1_p50_ao87_am15_5_m10_ao87_am10_2,87,5,SATISFIED,5.3886,274435541.0,35498.75
SAL-Ei-LM,bom_deep_7_3_15_5_No1_p50_ao87_am15_5_m10_ao87_am10_2,87,6,SATISFIED,5.3818,272481745.0,35753.34
SAL-Ei-LM,bom_deep_7_3_15_5_No1_p50_ao87_am15_5_m10_ao87_am10_2,87,7,SATISFIED,5.3776,272692184.0,36370.78
SAL-Ei-LM,bom_deep_7_3_15_5_No1_p50_ao87_am15_5_m10_ao87_am10_2,87,8,SATISFIED,5.3794,272682280.0,36475.75
SAL-Ei-LM,bom_deep_7_3_15_5_No1_p50_ao87_am15_5_m10_ao87_am10_2,87,9,SATISFIED,5.4052,273480798.0,35994.84
SAL-Ei-LM,bom_deep_7_3_15_5_No1_p50_ao87_am15_5_m10_ao87_am10_2,87,10,SATISFIED,5.3736,272544120.0,35243.06
SAL-Ei-LM,bom_deep_7_3_15_5_No1_p50_ao87_am15_5_m10_ao87_am10_3,87,1,SATISFIED,5.3746,360507234.0,36008.19
SAL-Ei-LM,bom_deep_7_3_15_5_No1_p50_ao87_am15_5_m10_ao87_am10_3,87,2,SATISFIED,5.3841,359895052.0,38118.69
SAL-Ei-LM,bom_deep_7_3_15_5_No1_p50_ao87_am15_5_m10_ao87_am10_3,87,3,SATISFIED,5.3867,360046447.0,35741.22
SAL-Ei-LM,bom_deep_7_3_15_5_No1_p50_ao87_am15_5_m10_ao87_am10_3,87,4,SATISFIED,5.377,360350643.0,35237.94
SAL-Ei-LM,bom_deep_7_3_15_5_No1_p50_ao87_am15_5_m10_ao87_am10_3,87,5,SATISFIED,5.4387,359926021.0,36733.0
SAL-Ei-LM,bom_deep_7_3_15_5_No1_p50_ao87_am15_5_m10_ao87_am10_3,87,6,SATISFIED,5.3954,359812716.0,34726.25
SAL-Ei-LM,bom_deep_7_3_15_5_No1_p50_ao87_am15_5_m10_ao87_am10_3,87,7,SATISFIED,5.3962,360094199.0,35915.56
SAL-Ei-LM,bom_deep_7_3_15_5_No1_p50_ao87_am15_5_m10_ao87_am10_3,87,8,SATISFIED,5.3845,360001829.0,36368.62
SAL-Ei-LM,bom_deep_7_3_15_5_No1_p50_ao87_am15_5_m10_ao87_am10_3,87,9,SATISFIED,5.3869,359861060.0,36212.5
SAL-Ei-LM,bom_deep_7_3_15_5_No1_p50_ao87_am15_5_m10_ao87_am10_3,87,10,SATISFIED,5.3821,360020701.0,36307.66
SAL-Ei-LM,bom_deep_7_3_15_5_No1_p50_ao87_am15_5_m10_ao87_am10_4,87,1,SATISFIED,5.4556,371380365.0,35980.25
SAL-Ei-LM,bom_deep_7_3_15_5_No1_p50_ao87_am15_5_m10_ao87_am10_4,87,2,SATISFIED,5.3737,371450908.0,36398.75
SAL-Ei-LM,bom_deep_7_3_15_5_No1_p50_ao87_am15_5_m10_ao87_am10_4,87,3,SATISFIED,5.3966,371575530.0,36266.47
SAL-Ei-LM,bom_deep_7_3_15_5_No1_p50_ao87_am15_5_m10_ao87_am10_4,87,4,SATISFIED,5.3913,371392392.0,35323.78
SAL-Ei-LM,bom_deep_7_3_15_5_No1_p50_ao87_am15_5_m10_ao87_am10_4,87,5,SATISFIED,5.3939,371486353.0,34588.44
SAL-Ei-LM,bom_deep_7_3_15_5_No1_p50_ao87_am15_5_m10_ao87_am10_4,87,6,SATISFIED,5.399,371473209.0,35933.0
SAL-Ei-LM,bom_deep_7_3_15_5_No1_p50_ao87_am15_5_m10_ao87_am10_4,87,7,SATISFIED,5.3963,371426121.0,35875.69
SAL-Ei-LM,bom_deep_7_3_15_5_No1_p50_ao87_am15_5_m10_ao87_am10_4,87,8,SATISFIED,5.4292,371407620.0,37051.53
SAL-Ei-LM,bom_deep_7_3_15_5_No1_p50_ao87_am15_5_m10_ao87_am10_4,87,9,SATISFIED,5.3853,371582529.0,35696.38
SAL-Ei-LM,bom_deep_7_3_15_5_No1_p50_ao87_am15_5_m10_ao87_am10_4,87,10,SATISFIED,5.4061,371567344.0,35449.41
SAL-Ei-LM,bom_deep_7_3_15_5_No1_p50_ao87_am15_5_m10_ao87_am10_5,87,1,SATISFIED,5.3995,161523512.0,35127.5
SAL-Ei-LM,bom_deep_7_3_15_5_No1_p50_ao87_am15_5_m10_ao87_am10_5,87,2,SATISFIED,5.427,161309920.0,33578.47
SAL-Ei-LM,bom_deep_7_3_15_5_No1_p50_ao87_am15_5_m10_ao87_am10_5,87,3,SATISFIED,5.4187,161549781.0,35782.25
SAL-Ei-LM,bom_deep_7_3_15_5_No1_p50_ao87_am15_5_m10_ao87_am10_5,87,4,SATISFIED,5.501,161326748.0,33811.72
SAL-Ei-LM,bom_deep_7_3_15_5_No1_p50_ao87_am15_5_m10_ao87_am10_5,87,5,SATISFIED,5.4061,161261813.0,34871.44
SAL-Ei-LM,bom_deep_7_3_15_5_No1_p50_ao87_am15_5_m10_ao87_am10_5,87,6,SATISFIED,5.3886,161754325.0,36307.81
SAL-Ei-LM,bom_deep_7_3_15_5_No1_p50_ao87_am15_5_m10_ao87_am10_5,87,7,SATISFIED,5.3818,161215394.0,36155.19
SAL-Ei-LM,bom_deep_7_3_15_5_No1_p50_ao87_am15_5_m10_ao87_am10_5,87,8,SATISFIED,5.3898,161900368.0,36325.09
SAL-Ei-LM,bom_deep_7_3_15_5_No1_p50_ao87_am15_5_m10_ao87_am10_5,87,9,SATISFIED,5.3846,161675154.0,35975.91
SAL-Ei-LM,bom_deep_7_3_15_5_No1_p50_ao87_am15_5_m10_ao87_am10_5,87,10,SATISFIED,5.3887,161680806.0,36890.69
SAL-Ei-LM,bom_deep_7_3_15_5_No1_p50_ao87_am15_5_m25_ao87_am22_3,87,1,SATISFIED,5.3818,104374931.0,32225.75
SAL-Ei-LM,bom_deep_7_3_15_5_No1_p50_ao87_am15_5_m25_ao87_am22_3,87,2,SATISFIED,5.2222,104502004.0,36206.62
SAL-Ei-LM,bom_deep_7_3_15_5_No1_p50_ao87_am15_5_m25_ao87_am22_3,87,3,SATISFIED,5.3749,104033786.0,35579.31
SAL-Ei-LM,bom_deep_7_3_15_5_No1_p50_ao87_am15_5_m25_ao87_am22_3,87,4,SATISFIED,5.3775,103965833.0,34784.62
SAL-Ei-LM,bom_deep_7_3_15_5_No1_p50_ao87_am15_5_m25_ao87_am22_3,87,5,SATISFIED,5.382,103978948.0,34781.19
SAL-Ei-LM,bom_deep_7_3_15_5_No1_p50_ao87_am15_5_m25_ao87_am22_3,87,6,SATISFIED,5.4849,104472308.0,35796.16
SAL-Ei-LM,bom_deep_7_3_15_5_No1_p50_ao87_am15_5_m25_ao87_am22_3,87,7,SATISFIED,5.3856,104565295.0,32962.19
SAL-Ei-LM,bom_deep_7_3_15_5_No1_p50_ao87_am15_5_m25_ao87_am22_3,87,8,SATISFIED,5.38,104578965.0,36042.41
SAL-Ei-LM,bom_deep_7_3_15_5_No1_p50_ao87_am15_5_m25_ao87_am22_3,87,9,SATISFIED,5.3946,104445165.0,33881.69
SAL-Ei-LM,bom_deep_7_3_15_5_No1_p50_ao87_am15_5_m25_ao87_am22_3,87,10,SATISFIED,5.3926,105321239.0,33973.84
SAL-Ei-LM,bom_deep_7_3_15_5_No1_p50_ao87_am15_5_m25_ao87_am22_4,87,1,SATISFIED,5.3726,162572643.0,34250.94
SAL-Ei-LM,bom_deep_7_3_15_5_No1_p50_ao87_am15_5_m25_ao87_am22_4,87,2,SATISFIED,5.4497,162110883.0,33414.34
SAL-Ei-LM,bom_deep_7_3_15_5_No1_p50_ao87_am15_5_m25_ao87_am22_4,87,3,SATISFIED,5.3677,161240387.0,32972.75
SAL-Ei-LM,bom_deep_7_3_15_5_No1_p50_ao87_am15_5_m25_ao87_am22_4,87,4,SATISFIED,5.3814,161351874.0,34679.47
SAL-Ei-LM,bom_deep_7_3_15_5_No1_p50_ao87_am15_5_m25_ao87_am22_4,87,5,SATISFIED,5.3753,163399818.0,35296.75
SAL-Ei-LM,bom_deep_7_3_15_5_No1_p50_ao87_am15_5_m25_ao87_am22_4,87,6,SATISFIED,5.3804,162264415.0,34716.69
SAL-Ei-LM,bom_deep_7_3_15_5_No1_p50_ao87_am15_5_m25_ao87_am22_4,87,7,SATISFIED,5.3757,162628950.0,35588.25
SAL-Ei-LM,bom_deep_7_3_15_5_No1_p50_ao87_am15_5_m25_ao87_am22_4,87,8,SATISFIED,5.4442,161451430.0,35329.03
SAL-Ei-LM,bom_deep_7_3_15_5_No1_p50_ao87_am15_5_m25_ao87_am22_4,87,9,SATISFIED,5.3705,163351560.0,34234.47
SAL-Ei-LM,bom_deep_7_3_15_5_No1_p50_ao87_am15_5_m25_ao87_am22_4,87,10,SATISFIED,5.3749,162968439.0,34222.75
SAL-Ei-LM,bom_deep_7_3_15_5_No1_p50_ao87_am15_5_m25_ao87_am23_1,87,1,SATISFIED,5.371,213056274.0,34212.62
SAL-Ei-LM,bom_deep_7_3_15_5_No1_p50_ao87_am15_5_m25_ao87_am23_1,87,2,SATISFIED,5.3762,213660854.0,32447.75
SAL-Ei-LM,bom_deep_7_3_15_5_No1_p50_ao87_am15_5_m25_ao87_am23_1,87,3,SATISFIED,5.3807,213002360.0,33802.66
SAL-Ei-LM,bom_deep_7_3_15_5_No1_p50_ao87_am15_5_m25_ao87_am23_1,87,4,SATISFIED,5.4379,213096655.0,33610.69
SAL-Ei-LM,bom_deep_7_3_15_5_No1_p50_ao87_am15_5_m25_ao87_am23_1,87,5,SATISFIED,5.403,213206945.0,34005.03
SAL-Ei-LM,bom_deep_7_3_15_5_No1_p50_ao87_am15_5_m25_ao87_am23_1,87,6,SATISFIED,5.251,212953720.0,35275.66
SAL-Ei-LM,bom_deep_7_3_15_5_No1_p50_ao87_am15_5_m25_ao87_am23_1,87,7,SATISFIED,5.4116,212970715.0,33068.84
SAL-Ei-LM,bom_deep_7_3_15_5_No1_p50_ao87_am15_5_m25_ao87_am23_1,87,8,SATISFIED,5.4057,212870945.0,32636.12
SAL-Ei-LM,bom_deep_7_3_15_5_No1_p50_ao87_am15_5_m25_ao87_am23_1,87,9,SATISFIED,5.3544,213514886.0,35827.59
SAL-Ei-LM,bom_deep_7_3_15_5_No1_p50_ao87_am15_5_m25_ao87_am23_1,87,10,SATISFIED,5.4014,213071300.0,32787.75
SAL-Ei-LM,bom_deep_7_3_15_5_No1_p50_ao87_am15_5_m25_ao87_am25_2,87,1,SATISFIED,5.2164,179300596.0,35849.88
SAL-Ei-LM,bom_deep_7_3_15_5_No1_p50_ao87_am15_5_m25_ao87_am25_2,87,2,SATISFIED,5.4257,179607220.0,35025.12
SAL-Ei-LM,bom_deep_7_3_15_5_No1_p50_ao87_am15_5_m25_ao87_am25_2,87,3,SATISFIED,5.2683,180153306.0,33913.06
SAL-Ei-LM,bom_deep_7_3_15_5_No1_p50_ao87_am15_5_m25_ao87_am25_2,87,4,SATISFIED,5.3917,178551527.0,34290.69
SAL-Ei-LM,bom_deep_7_3_15_5_No1_p50_ao87_am15_5_m25_ao87_am25_2,87,5,SATISFIED,5.3456,179726073.0,34093.56
SAL-Ei-LM,bom_deep_7_3_15_5_No1_p50_ao87_am15_5_m25_ao87_am25_2,87,6,SATISFIED,5.3853,178784155.0,33593.5
SAL-Ei-LM,bom_deep_7_3_15_5_No1_p50_ao87_am15_5_m25_ao87_am25_2,87,7,SATISFIED,5.3937,179747128.0,33716.06
SAL-Ei-LM,bom_deep_7_3_15_5_No1_p50_ao87_am15_5_m25_ao87_am25_2,87,8,SATISFIED,5.4072,178807182.0,34032.28
SAL-Ei-LM,bom_deep_7_3_15_5_No1_p50_ao87_am15_5_m25_ao87_am25_2,87,9,SATISFIED,5.4014,178932750.0,34318.31
SAL-Ei-LM,bom_deep_7_3_15_5_No1_p50_ao87_am15_5_m25_ao87_am25_2,87,10,SATISFIED,5.3987,179145423.0,33289.69
SAL-Ei-LM,bom_deep_7_3_15_5_No1_p50_ao87_am15_5_m25_ao87_am25_5,87,1,SATISFIED,5.4189,230442368.0,32142.12
SAL-Ei-LM,bom_deep_7_3_15_5_No1_p50_ao87_am15_5_m25_ao87_am25_5,87,2,SATISFIED,5.4059,230176679.0,33859.31
SAL-Ei-LM,bom_deep_7_3_15_5_No1_p50_ao87_am15_5_m25_ao87_am25_5,87,3,SATISFIED,5.4272,229568482.0,33006.91
SAL-Ei-LM,bom_deep_7_3_15_5_No1_p50_ao87_am15_5_m25_ao87_am25_5,87,4,SATISFIED,5.3934,229101955.0,32111.81
SAL-Ei-LM,bom_deep_7_3_15_5_No1_p50_ao87_am15_5_m25_ao87_am25_5,87,5,SATISFIED,5.4044,230005144.0,32898.59
SAL-Ei-LM,bom_deep_7_3_15_5_No1_p50_ao87_am15_5_m25_ao87_am25_5,87,6,SATISFIED,5.5076,230324406.0,32102.97
SAL-Ei-LM,bom_deep_7_3_15_5_No1_p50_ao87_am15_5_m25_ao87_am25_5,87,7,SATISFIED,5.3842,229146264.0,31265.22
SAL-Ei-LM,bom_deep_7_3_15_5_No1_p50_ao87_am15_5_m25_ao87_am25_5,87,8,SATISFIED,5.3874,229369426.0,34169.0
SAL-Ei-LM,bom_deep_7_3_15_5_No1_p50_ao87_am15_5_m25_ao87_am25_5,87,9,SATISFIED,5.3968,230606403.0,33903.75
SAL-Ei-LM,bom_deep_7_3_15_5_No1_p50_ao87_am15_5_m25_ao87_am25_5,87,10,SATISFIED,5.3925,229518848.0,32625.59
