Algorithm,Bom,Nodes,AttemptNr,Status,Time,Makespan,Iterations
SAL-Ei-LM,bom_deep_7_3_15_5_No1_p10_ao63_am15_1,63,1,SATISFIED,5.0187,123314380.0,32685.0
SAL-Ei-LM,bom_deep_7_3_15_5_No1_p10_ao63_am15_1,63,2,SATISFIED,5.0229,123089995.0,32392.0
SAL-Ei-LM,bom_deep_7_3_15_5_No1_p10_ao63_am15_1,63,3,SATISFIED,5.0248,123202235.0,30134.0
SAL-Ei-LM,bom_deep_7_3_15_5_No1_p10_ao63_am15_1,63,4,SATISFIED,5.027,122816920.0,27445.0
SAL-Ei-LM,bom_deep_7_3_15_5_No1_p10_ao63_am15_1,63,5,SATISFIED,5.0266,122736570.0,33560.0
SAL-Ei-LM,bom_deep_7_3_15_5_No1_p10_ao63_am15_1,63,6,SATISFIED,5.0219,123335375.0,28116.0
SAL-Ei-LM,bom_deep_7_3_15_5_No1_p10_ao63_am15_1,63,7,SATISFIED,5.0208,123010390.0,41265.0
SAL-Ei-LM,bom_deep_7_3_15_5_No1_p10_ao63_am15_1,63,8,SATISFIED,5.0181,123248580.0,40472.0
SAL-Ei-LM,bom_deep_7_3_15_5_No1_p10_ao63_am15_1,63,9,SATISFIED,5.0195,123164490.0,42092.0
SAL-Ei-LM,bom_deep_7_3_15_5_No1_p10_ao63_am15_1,63,10,SATISFIED,5.0201,122541305.0,41474.0
SAL-Ei-LM,bom_deep_7_3_15_5_No1_p10_ao63_am15_1_m10_ao63_am10_1,63,1,SATISFIED,5.0227,92494634.0,43955.0
SAL-Ei-LM,bom_deep_7_3_15_5_No1_p10_ao63_am15_1_m10_ao63_am10_1,63,2,SATISFIED,5.0203,90042710.0,35902.0
SAL-Ei-LM,bom_deep_7_3_15_5_No1_p10_ao63_am15_1_m10_ao63_am10_1,63,3,SATISFIED,5.0209,89760963.0,35196.0
SAL-Ei-LM,bom_deep_7_3_15_5_No1_p10_ao63_am15_1_m10_ao63_am10_1,63,4,SATISFIED,5.0226,90736533.0,36611.0
SAL-Ei-LM,bom_deep_7_3_15_5_No1_p10_ao63_am15_1_m10_ao63_am10_1,63,5,SATISFIED,5.0229,90264535.0,42392.0
SAL-Ei-LM,bom_deep_7_3_15_5_No1_p10_ao63_am15_1_m10_ao63_am10_1,63,6,SATISFIED,5.0245,90405606.0,40214.0
SAL-Ei-LM,bom_deep_7_3_15_5_No1_p10_ao63_am15_1_m10_ao63_am10_1,63,7,SATISFIED,5.0205,89800385.0,39878.0
SAL-Ei-LM,bom_deep_7_3_15_5_No1_p10_ao63_am15_1_m10_ao63_am10_1,63,8,SATISFIED,5.0212,90085288.0,27787.0
SAL-Ei-LM,bom_deep_7_3_15_5_No1_p10_ao63_am15_1_m10_ao63_am10_1,63,9,SATISFIED,5.0247,90130549.0,31327.0
SAL-Ei-LM,bom_deep_7_3_15_5_No1_p10_ao63_am15_1_m10_ao63_am10_1,63,10,SATISFIED,5.0232,89690004.0,36288.0
SAL-Ei-LM,bom_deep_7_3_15_5_No1_p10_ao63_am15_1_m10_ao63_am10_2,63,1,SATISFIED,5.021,63698405.0,24504.0
SAL-Ei-LM,bom_deep_7_3_15_5_No1_p10_ao63_am15_1_m10_ao63_am10_2,63,2,SATISFIED,5.0263,68675212.0,30394.0
SAL-Ei-LM,bom_deep_7_3_15_5_No1_p10_ao63_am15_1_m10_ao63_am10_2,63,3,SATISFIED,5.0233,64193611.0,30854.0
SAL-Ei-LM,bom_deep_7_3_15_5_No1_p10_ao63_am15_1_m10_ao63_am10_2,63,4,SATISFIED,5.0209,63613482.0,32317.0
SAL-Ei-LM,bom_deep_7_3_15_5_No1_p10_ao63_am15_1_m10_ao63_am10_2,63,5,SATISFIED,5.0197,64676579.0,39889.0
SAL-Ei-LM,bom_deep_7_3_15_5_No1_p10_ao63_am15_1_m10_ao63_am10_2,63,6,SATISFIED,5.0209,61810671.0,43833.0
SAL-Ei-LM,bom_deep_7_3_15_5_No1_p10_ao63_am15_1_m10_ao63_am10_2,63,7,SATISFIED,5.0217,65139991.0,29990.0
SAL-Ei-LM,bom_deep_7_3_15_5_No1_p10_ao63_am15_1_m10_ao63_am10_2,63,8,SATISFIED,5.0217,65379643.0,41927.0
SAL-Ei-LM,bom_deep_7_3_15_5_No1_p10_ao63_am15_1_m10_ao63_am10_2,63,9,SATISFIED,5.025,67357711.0,33409.0
SAL-Ei-LM,bom_deep_7_3_15_5_No1_p10_ao63_am15_1_m10_ao63_am10_2,63,10,SATISFIED,5.0193,63707250.0,37836.0
SAL-Ei-LM,bom_deep_7_3_15_5_No1_p10_ao63_am15_1_m10_ao63_am10_3,63,1,SATISFIED,5.0209,208855681.0,45710.0
SAL-Ei-LM,bom_deep_7_3_15_5_No1_p10_ao63_am15_1_m10_ao63_am10_3,63,2,SATISFIED,5.0211,205340420.0,46722.0
SAL-Ei-LM,bom_deep_7_3_15_5_No1_p10_ao63_am15_1_m10_ao63_am10_3,63,3,SATISFIED,5.0188,205280557.0,46757.0
SAL-Ei-LM,bom_deep_7_3_15_5_No1_p10_ao63_am15_1_m10_ao63_am10_3,63,4,SATISFIED,5.0194,205161033.0,36640.0
SAL-Ei-LM,bom_deep_7_3_15_5_No1_p10_ao63_am15_1_m10_ao63_am10_3,63,5,SATISFIED,5.0213,205291531.0,40194.0
SAL-Ei-LM,bom_deep_7_3_15_5_No1_p10_ao63_am15_1_m10_ao63_am10_3,63,6,SATISFIED,5.0198,222113609.0,37820.0
SAL-Ei-LM,bom_deep_7_3_15_5_No1_p10_ao63_am15_1_m10_ao63_am10_3,63,7,SATISFIED,5.0203,205188871.0,46866.0
SAL-Ei-LM,bom_deep_7_3_15_5_No1_p10_ao63_am15_1_m10_ao63_am10_3,63,8,SATISFIED,5.0203,214858977.0,46920.0
SAL-Ei-LM,bom_deep_7_3_15_5_No1_p10_ao63_am15_1_m10_ao63_am10_3,63,9,SATISFIED,5.0211,205552472.0,46671.0
SAL-Ei-LM,bom_deep_7_3_15_5_No1_p10_ao63_am15_1_m10_ao63_am10_3,63,10,SATISFIED,5.021,205164087.0,41677.0
SAL-Ei-LM,bom_deep_7_3_15_5_No1_p10_ao63_am15_1_m10_ao63_am10_4,63,1,SATISFIED,5.0303,139746055.0,37111.0
SAL-Ei-LM,bom_deep_7_3_15_5_No1_p10_ao63_am15_1_m10_ao63_am10_4,63,2,SATISFIED,5.0369,139346363.0,29018.0
SAL-Ei-LM,bom_deep_7_3_15_5_No1_p10_ao63_am15_1_m10_ao63_am10_4,63,3,SATISFIED,5.0236,139218152.0,35887.0
SAL-Ei-LM,bom_deep_7_3_15_5_No1_p10_ao63_am15_1_m10_ao63_am10_4,63,4,SATISFIED,5.0231,139668191.0,44480.0
SAL-Ei-LM,bom_deep_7_3_15_5_No1_p10_ao63_am15_1_m10_ao63_am10_4,63,5,SATISFIED,5.0236,139770660.0,35503.0
SAL-Ei-LM,bom_deep_7_3_15_5_No1_p10_ao63_am15_1_m10_ao63_am10_4,63,6,SATISFIED,5.0234,139896654.0,28403.0
SAL-Ei-LM,bom_deep_7_3_15_5_No1_p10_ao63_am15_1_m10_ao63_am10_4,63,7,SATISFIED,5.0189,139508302.0,43436.0
SAL-Ei-LM,bom_deep_7_3_15_5_No1_p10_ao63_am15_1_m10_ao63_am10_4,63,8,SATISFIED,5.0195,139519692.0,34384.0
SAL-Ei-LM,bom_deep_7_3_15_5_No1_p10_ao63_am15_1_m10_ao63_am10_4,63,9,SATISFIED,5.0204,139494621.0,43707.0
SAL-Ei-LM,bom_deep_7_3_15_5_No1_p10_ao63_am15_1_m10_ao63_am10_4,63,10,SATISFIED,5.0214,139187656.0,44813.0
SAL-Ei-LM,bom_deep_7_3_15_5_No1_p10_ao63_am15_1_m10_ao63_am10_5,63,1,SATISFIED,5.019,128075495.0,44198.0
SAL-Ei-LM,bom_deep_7_3_15_5_No1_p10_ao63_am15_1_m10_ao63_am10_5,63,2,SATISFIED,5.0213,126930164.0,43705.0
SAL-Ei-LM,bom_deep_7_3_15_5_No1_p10_ao63_am15_1_m10_ao63_am10_5,63,3,SATISFIED,5.0192,127538916.0,34955.0
SAL-Ei-LM,bom_deep_7_3_15_5_No1_p10_ao63_am15_1_m10_ao63_am10_5,63,4,SATISFIED,5.0199,127923596.0,43222.0
SAL-Ei-LM,bom_deep_7_3_15_5_No1_p10_ao63_am15_1_m10_ao63_am10_5,63,5,SATISFIED,5.0204,127333167.0,35031.0
SAL-Ei-LM,bom_deep_7_3_15_5_No1_p10_ao63_am15_1_m10_ao63_am10_5,63,6,SATISFIED,5.0233,130022180.0,33325.0
SAL-Ei-LM,bom_deep_7_3_15_5_No1_p10_ao63_am15_1_m10_ao63_am10_5,63,7,SATISFIED,5.0203,128168956.0,35587.0
SAL-Ei-LM,bom_deep_7_3_15_5_No1_p10_ao63_am15_1_m10_ao63_am10_5,63,8,SATISFIED,5.019,127769637.0,36372.0
SAL-Ei-LM,bom_deep_7_3_15_5_No1_p10_ao63_am15_1_m10_ao63_am10_5,63,9,SATISFIED,5.0222,129331831.0,41058.0
SAL-Ei-LM,bom_deep_7_3_15_5_No1_p10_ao63_am15_1_m10_ao63_am10_5,63,10,SATISFIED,5.0197,130495144.0,42876.0
SAL-Ei-LM,bom_deep_7_3_15_5_No1_p10_ao63_am15_1_m25_ao63_am25_1,63,1,SATISFIED,5.0211,70911449.0,28555.0
SAL-Ei-LM,bom_deep_7_3_15_5_No1_p10_ao63_am15_1_m25_ao63_am25_1,63,2,SATISFIED,5.0226,70214783.0,29069.0
SAL-Ei-LM,bom_deep_7_3_15_5_No1_p10_ao63_am15_1_m25_ao63_am25_1,63,3,SATISFIED,5.0225,69947612.0,20490.0
SAL-Ei-LM,bom_deep_7_3_15_5_No1_p10_ao63_am15_1_m25_ao63_am25_1,63,4,SATISFIED,5.0234,69795354.0,27315.0
SAL-Ei-LM,bom_deep_7_3_15_5_No1_p10_ao63_am15_1_m25_ao63_am25_1,63,5,SATISFIED,5.0248,63195452.0,22182.0
SAL-Ei-LM,bom_deep_7_3_15_5_No1_p10_ao63_am15_1_m25_ao63_am25_1,63,6,SATISFIED,5.022,67278860.0,29368.0
SAL-Ei-LM,bom_deep_7_3_15_5_No1_p10_ao63_am15_1_m25_ao63_am25_1,63,7,SATISFIED,5.0214,72520044.0,28634.0
SAL-Ei-LM,bom_deep_7_3_15_5_No1_p10_ao63_am15_1_m25_ao63_am25_1,63,8,SATISFIED,5.023,64131864.0,28204.0
SAL-Ei-LM,bom_deep_7_3_15_5_No1_p10_ao63_am15_1_m25_ao63_am25_1,63,9,SATISFIED,5.019,72778717.0,35647.0
SAL-Ei-LM,bom_deep_7_3_15_5_No1_p10_ao63_am15_1_m25_ao63_am25_1,63,10,SATISFIED,5.0208,66876369.0,35907.0
SAL-Ei-LM,bom_deep_7_3_15_5_No1_p10_ao63_am15_1_m25_ao63_am25_2,63,1,SATISFIED,5.0224,32321311.0,30602.0
SAL-Ei-LM,bom_deep_7_3_15_5_No1_p10_ao63_am15_1_m25_ao63_am25_2,63,2,SATISFIED,5.0208,33217500.0,29078.0
SAL-Ei-LM,bom_deep_7_3_15_5_No1_p10_ao63_am15_1_m25_ao63_am25_2,63,3,SATISFIED,5.0209,31596580.0,28105.0
SAL-Ei-LM,bom_deep_7_3_15_5_No1_p10_ao63_am15_1_m25_ao63_am25_2,63,4,SATISFIED,5.023,31417714.0,30212.0
SAL-Ei-LM,bom_deep_7_3_15_5_No1_p10_ao63_am15_1_m25_ao63_am25_2,63,5,SATISFIED,5.024,42926931.0,34578.0
SAL-Ei-LM,bom_deep_7_3_15_5_No1_p10_ao63_am15_1_m25_ao63_am25_2,63,6,SATISFIED,5.0221,32792902.0,23613.0
SAL-Ei-LM,bom_deep_7_3_15_5_No1_p10_ao63_am15_1_m25_ao63_am25_2,63,7,SATISFIED,5.0195,41484557.0,31893.0
SAL-Ei-LM,bom_deep_7_3_15_5_No1_p10_ao63_am15_1_m25_ao63_am25_2,63,8,SATISFIED,5.0219,33309451.0,36210.0
SAL-Ei-LM,bom_deep_7_3_15_5_No1_p10_ao63_am15_1_m25_ao63_am25_2,63,9,SATISFIED,5.0191,29284289.0,36200.0
SAL-Ei-LM,bom_deep_7_3_15_5_No1_p10_ao63_am15_1_m25_ao63_am25_2,63,10,SATISFIED,5.0185,30996169.0,35230.0
SAL-Ei-LM,bom_deep_7_3_15_5_No1_p10_ao63_am15_1_m25_ao63_am25_3,63,1,SATISFIED,5.0174,29215549.0,34962.0
SAL-Ei-LM,bom_deep_7_3_15_5_No1_p10_ao63_am15_1_m25_ao63_am25_3,63,2,SATISFIED,5.0189,30468324.0,35224.0
SAL-Ei-LM,bom_deep_7_3_15_5_No1_p10_ao63_am15_1_m25_ao63_am25_3,63,3,SATISFIED,5.0207,31404945.0,35680.0
SAL-Ei-LM,bom_deep_7_3_15_5_No1_p10_ao63_am15_1_m25_ao63_am25_3,63,4,SATISFIED,5.0208,34854652.0,35650.0
SAL-Ei-LM,bom_deep_7_3_15_5_No1_p10_ao63_am15_1_m25_ao63_am25_3,63,5,SATISFIED,5.0188,30945389.0,35418.0
SAL-Ei-LM,bom_deep_7_3_15_5_No1_p10_ao63_am15_1_m25_ao63_am25_3,63,6,SATISFIED,5.0181,31122754.0,35287.0
SAL-Ei-LM,bom_deep_7_3_15_5_No1_p10_ao63_am15_1_m25_ao63_am25_3,63,7,SATISFIED,5.0207,30928523.0,22360.0
SAL-Ei-LM,bom_deep_7_3_15_5_No1_p10_ao63_am15_1_m25_ao63_am25_3,63,8,SATISFIED,5.018,29954071.0,28282.0
SAL-Ei-LM,bom_deep_7_3_15_5_No1_p10_ao63_am15_1_m25_ao63_am25_3,63,9,SATISFIED,5.0191,30094840.0,36229.0
SAL-Ei-LM,bom_deep_7_3_15_5_No1_p10_ao63_am15_1_m25_ao63_am25_3,63,10,SATISFIED,5.0215,29103674.0,35938.0
SAL-Ei-LM,bom_deep_7_3_15_5_No1_p10_ao63_am15_1_m25_ao63_am25_4,63,1,SATISFIED,5.0216,26363314.0,28060.0
SAL-Ei-LM,bom_deep_7_3_15_5_No1_p10_ao63_am15_1_m25_ao63_am25_4,63,2,SATISFIED,5.0229,23946913.0,25359.0
SAL-Ei-LM,bom_deep_7_3_15_5_No1_p10_ao63_am15_1_m25_ao63_am25_4,63,3,SATISFIED,5.0193,22674583.0,19839.0
SAL-Ei-LM,bom_deep_7_3_15_5_No1_p10_ao63_am15_1_m25_ao63_am25_4,63,4,SATISFIED,5.0192,25193678.0,36091.0
SAL-Ei-LM,bom_deep_7_3_15_5_No1_p10_ao63_am15_1_m25_ao63_am25_4,63,5,SATISFIED,5.0184,31467439.0,29096.0
SAL-Ei-LM,bom_deep_7_3_15_5_No1_p10_ao63_am15_1_m25_ao63_am25_4,63,6,SATISFIED,5.0222,23030135.0,28156.0
SAL-Ei-LM,bom_deep_7_3_15_5_No1_p10_ao63_am15_1_m25_ao63_am25_4,63,7,SATISFIED,5.0198,30913642.0,20325.0
SAL-Ei-LM,bom_deep_7_3_15_5_No1_p10_ao63_am15_1_m25_ao63_am25_4,63,8,SATISFIED,5.0217,23934241.0,29647.0
SAL-Ei-LM,bom_deep_7_3_15_5_No1_p10_ao63_am15_1_m25_ao63_am25_4,63,9,SATISFIED,5.0204,26714497.0,26902.0
SAL-Ei-LM,bom_deep_7_3_15_5_No1_p10_ao63_am15_1_m25_ao63_am25_4,63,10,SATISFIED,5.019,28835746.0,35089.0
SAL-Ei-LM,bom_deep_7_3_15_5_No1_p10_ao63_am15_1_m25_ao63_am25_5,63,1,SATISFIED,5.0215,105738864.0,36318.0
SAL-Ei-LM,bom_deep_7_3_15_5_No1_p10_ao63_am15_1_m25_ao63_am25_5,63,2,SATISFIED,5.0223,99379100.0,36129.0
SAL-Ei-LM,bom_deep_7_3_15_5_No1_p10_ao63_am15_1_m25_ao63_am25_5,63,3,SATISFIED,5.0223,95598929.0,29170.0
SAL-Ei-LM,bom_deep_7_3_15_5_No1_p10_ao63_am15_1_m25_ao63_am25_5,63,4,SATISFIED,5.0194,107999472.0,29052.0
SAL-Ei-LM,bom_deep_7_3_15_5_No1_p10_ao63_am15_1_m25_ao63_am25_5,63,5,SATISFIED,5.0208,97940921.0,35147.0
SAL-Ei-LM,bom_deep_7_3_15_5_No1_p10_ao63_am15_1_m25_ao63_am25_5,63,6,SATISFIED,5.0205,94532507.0,35964.0
SAL-Ei-LM,bom_deep_7_3_15_5_No1_p10_ao63_am15_1_m25_ao63_am25_5,63,7,SATISFIED,5.0205,96851612.0,35967.0
SAL-Ei-LM,bom_deep_7_3_15_5_No1_p10_ao63_am15_1_m25_ao63_am25_5,63,8,SATISFIED,5.025,105369445.0,35734.0
SAL-Ei-LM,bom_deep_7_3_15_5_No1_p10_ao63_am15_1_m25_ao63_am25_5,63,9,SATISFIED,5.0234,99008167.0,28440.0
SAL-Ei-LM,bom_deep_7_3_15_5_No1_p10_ao63_am15_1_m25_ao63_am25_5,63,10,SATISFIED,5.0226,96745139.0,28933.0
SAL-Ei-LM,bom_deep_7_3_15_5_No1_p10_ao63_am15_2,63,1,SATISFIED,5.02,193474385.0,41826.0
SAL-Ei-LM,bom_deep_7_3_15_5_No1_p10_ao63_am15_2,63,2,SATISFIED,5.0211,193498240.0,41044.0
SAL-Ei-LM,bom_deep_7_3_15_5_No1_p10_ao63_am15_2,63,3,SATISFIED,5.0209,192865000.0,41232.0
SAL-Ei-LM,bom_deep_7_3_15_5_No1_p10_ao63_am15_2,63,4,SATISFIED,5.0205,193548560.0,41507.0
SAL-Ei-LM,bom_deep_7_3_15_5_No1_p10_ao63_am15_2,63,5,SATISFIED,5.0202,193187395.0,41780.0
SAL-Ei-LM,bom_deep_7_3_15_5_No1_p10_ao63_am15_2,63,6,SATISFIED,5.0214,194052290.0,35354.0
SAL-Ei-LM,bom_deep_7_3_15_5_No1_p10_ao63_am15_2,63,7,SATISFIED,5.0278,192928110.0,33317.0
SAL-Ei-LM,bom_deep_7_3_15_5_No1_p10_ao63_am15_2,63,8,SATISFIED,5.0218,193223525.0,33173.0
SAL-Ei-LM,bom_deep_7_3_15_5_No1_p10_ao63_am15_2,63,9,SATISFIED,5.0194,193601580.0,42202.0
SAL-Ei-LM,bom_deep_7_3_15_5_No1_p10_ao63_am15_2,63,10,SATISFIED,5.0238,193791325.0,25393.0
SAL-Ei-LM,bom_deep_7_3_15_5_No1_p10_ao63_am15_2_m10_ao63_am10_1,63,1,SATISFIED,5.022,91497300.0,37847.0
SAL-Ei-LM,bom_deep_7_3_15_5_No1_p10_ao63_am15_2_m10_ao63_am10_1,63,2,SATISFIED,5.0187,91494895.0,46751.0
SAL-Ei-LM,bom_deep_7_3_15_5_No1_p10_ao63_am15_2_m10_ao63_am10_1,63,3,SATISFIED,5.0212,91500278.0,45924.0
SAL-Ei-LM,bom_deep_7_3_15_5_No1_p10_ao63_am15_2_m10_ao63_am10_1,63,4,SATISFIED,5.019,91496000.0,40246.0
SAL-Ei-LM,bom_deep_7_3_15_5_No1_p10_ao63_am15_2_m10_ao63_am10_1,63,5,SATISFIED,5.0223,91496065.0,35559.0
SAL-Ei-LM,bom_deep_7_3_15_5_No1_p10_ao63_am15_2_m10_ao63_am10_1,63,6,SATISFIED,5.0191,91496470.0,45962.0
SAL-Ei-LM,bom_deep_7_3_15_5_No1_p10_ao63_am15_2_m10_ao63_am10_1,63,7,SATISFIED,5.0219,91496967.0,37010.0
SAL-Ei-LM,bom_deep_7_3_15_5_No1_p10_ao63_am15_2_m10_ao63_am10_1,63,8,SATISFIED,5.02,91497483.0,36460.0
SAL-Ei-LM,bom_deep_7_3_15_5_No1_p10_ao63_am15_2_m10_ao63_am10_1,63,9,SATISFIED,5.02,91489797.0,28162.0
SAL-Ei-LM,bom_deep_7_3_15_5_No1_p10_ao63_am15_2_m10_ao63_am10_1,63,10,SATISFIED,5.0214,91494218.0,37170.0
SAL-Ei-LM,bom_deep_7_3_15_5_No1_p10_ao63_am15_2_m10_ao63_am10_2,63,1,SATISFIED,5.0205,383348145.0,24388.0
SAL-Ei-LM,bom_deep_7_3_15_5_No1_p10_ao63_am15_2_m10_ao63_am10_2,63,2,SATISFIED,5.0185,383096026.0,42413.0
SAL-Ei-LM,bom_deep_7_3_15_5_No1_p10_ao63_am15_2_m10_ao63_am10_2,63,3,SATISFIED,5.0188,383404746.0,42704.0
SAL-Ei-LM,bom_deep_7_3_15_5_No1_p10_ao63_am15_2_m10_ao63_am10_2,63,4,SATISFIED,5.0208,383260810.0,42681.0
SAL-Ei-LM,bom_deep_7_3_15_5_No1_p10_ao63_am15_2_m10_ao63_am10_2,63,5,SATISFIED,5.021,383250065.0,42806.0
SAL-Ei-LM,bom_deep_7_3_15_5_No1_p10_ao63_am15_2_m10_ao63_am10_2,63,6,SATISFIED,5.022,383310961.0,39484.0
SAL-Ei-LM,bom_deep_7_3_15_5_No1_p10_ao63_am15_2_m10_ao63_am10_2,63,7,SATISFIED,5.0215,383341975.0,38099.0
SAL-Ei-LM,bom_deep_7_3_15_5_No1_p10_ao63_am15_2_m10_ao63_am10_2,63,8,SATISFIED,5.022,383201425.0,44079.0
SAL-Ei-LM,bom_deep_7_3_15_5_No1_p10_ao63_am15_2_m10_ao63_am10_2,63,9,SATISFIED,5.0212,383342155.0,31223.0
SAL-Ei-LM,bom_deep_7_3_15_5_No1_p10_ao63_am15_2_m10_ao63_am10_2,63,10,SATISFIED,5.0235,383515393.0,35089.0
SAL-Ei-LM,bom_deep_7_3_15_5_No1_p10_ao63_am15_2_m10_ao63_am10_3,63,1,SATISFIED,5.0218,69634580.0,34485.0
SAL-Ei-LM,bom_deep_7_3_15_5_No1_p10_ao63_am15_2_m10_ao63_am10_3,63,2,SATISFIED,5.0195,69926976.0,42334.0
SAL-Ei-LM,bom_deep_7_3_15_5_No1_p10_ao63_am15_2_m10_ao63_am10_3,63,3,SATISFIED,5.0187,69952554.0,43725.0
SAL-Ei-LM,bom_deep_7_3_15_5_No1_p10_ao63_am15_2_m10_ao63_am10_3,63,4,SATISFIED,5.0207,69945286.0,41067.0
SAL-Ei-LM,bom_deep_7_3_15_5_No1_p10_ao63_am15_2_m10_ao63_am10_3,63,5,SATISFIED,5.0201,69962295.0,42661.0
SAL-Ei-LM,bom_deep_7_3_15_5_No1_p10_ao63_am15_2_m10_ao63_am10_3,63,6,SATISFIED,5.0197,69959292.0,34864.0
SAL-Ei-LM,bom_deep_7_3_15_5_No1_p10_ao63_am15_2_m10_ao63_am10_3,63,7,SATISFIED,5.0215,69950512.0,31558.0
SAL-Ei-LM,bom_deep_7_3_15_5_No1_p10_ao63_am15_2_m10_ao63_am10_3,63,8,SATISFIED,5.0218,69770638.0,35347.0
SAL-Ei-LM,bom_deep_7_3_15_5_No1_p10_ao63_am15_2_m10_ao63_am10_3,63,9,SATISFIED,5.0225,69626780.0,29575.0
SAL-Ei-LM,bom_deep_7_3_15_5_No1_p10_ao63_am15_2_m10_ao63_am10_3,63,10,SATISFIED,5.0199,69735687.0,34173.0
SAL-Ei-LM,bom_deep_7_3_15_5_No1_p10_ao63_am15_2_m10_ao63_am10_4,63,1,SATISFIED,5.0215,68544189.0,44698.0
SAL-Ei-LM,bom_deep_7_3_15_5_No1_p10_ao63_am15_2_m10_ao63_am10_4,63,2,SATISFIED,5.0181,64926976.0,44656.0
SAL-Ei-LM,bom_deep_7_3_15_5_No1_p10_ao63_am15_2_m10_ao63_am10_4,63,3,SATISFIED,5.0162,63263980.0,44562.0
SAL-Ei-LM,bom_deep_7_3_15_5_No1_p10_ao63_am15_2_m10_ao63_am10_4,63,4,SATISFIED,5.0177,62223743.0,44215.0
SAL-Ei-LM,bom_deep_7_3_15_5_No1_p10_ao63_am15_2_m10_ao63_am10_4,63,5,SATISFIED,5.0151,62004042.0,44560.0
SAL-Ei-LM,bom_deep_7_3_15_5_No1_p10_ao63_am15_2_m10_ao63_am10_4,63,6,SATISFIED,5.0162,65025987.0,44588.0
SAL-Ei-LM,bom_deep_7_3_15_5_No1_p10_ao63_am15_2_m10_ao63_am10_4,63,7,SATISFIED,5.0192,60349114.0,40152.0
SAL-Ei-LM,bom_deep_7_3_15_5_No1_p10_ao63_am15_2_m10_ao63_am10_4,63,8,SATISFIED,5.024,66207180.0,33107.0
SAL-Ei-LM,bom_deep_7_3_15_5_No1_p10_ao63_am15_2_m10_ao63_am10_4,63,9,SATISFIED,5.0215,60665210.0,36950.0
SAL-Ei-LM,bom_deep_7_3_15_5_No1_p10_ao63_am15_2_m10_ao63_am10_4,63,10,SATISFIED,5.0207,63857865.0,34434.0
SAL-Ei-LM,bom_deep_7_3_15_5_No1_p10_ao63_am15_2_m10_ao63_am10_5,63,1,SATISFIED,5.0184,137615740.0,45708.0
SAL-Ei-LM,bom_deep_7_3_15_5_No1_p10_ao63_am15_2_m10_ao63_am10_5,63,2,SATISFIED,5.0188,137556280.0,38092.0
SAL-Ei-LM,bom_deep_7_3_15_5_No1_p10_ao63_am15_2_m10_ao63_am10_5,63,3,SATISFIED,5.0195,137549000.0,46098.0
SAL-Ei-LM,bom_deep_7_3_15_5_No1_p10_ao63_am15_2_m10_ao63_am10_5,63,4,SATISFIED,5.0185,137631885.0,37208.0
SAL-Ei-LM,bom_deep_7_3_15_5_No1_p10_ao63_am15_2_m10_ao63_am10_5,63,5,SATISFIED,5.0219,137579940.0,37773.0
SAL-Ei-LM,bom_deep_7_3_15_5_No1_p10_ao63_am15_2_m10_ao63_am10_5,63,6,SATISFIED,5.02,137581942.0,45904.0
SAL-Ei-LM,bom_deep_7_3_15_5_No1_p10_ao63_am15_2_m10_ao63_am10_5,63,7,SATISFIED,5.0224,137520760.0,37309.0
SAL-Ei-LM,bom_deep_7_3_15_5_No1_p10_ao63_am15_2_m10_ao63_am10_5,63,8,SATISFIED,5.024,137609166.0,38119.0
SAL-Ei-LM,bom_deep_7_3_15_5_No1_p10_ao63_am15_2_m10_ao63_am10_5,63,9,SATISFIED,5.0241,137603940.0,34526.0
SAL-Ei-LM,bom_deep_7_3_15_5_No1_p10_ao63_am15_2_m10_ao63_am10_5,63,10,SATISFIED,5.0215,137564160.0,37125.0
SAL-Ei-LM,bom_deep_7_3_15_5_No1_p10_ao63_am15_2_m25_ao63_am25_1,63,1,SATISFIED,5.0244,83685835.0,36257.0
SAL-Ei-LM,bom_deep_7_3_15_5_No1_p10_ao63_am15_2_m25_ao63_am25_1,63,2,SATISFIED,5.0298,80786093.0,28386.0
SAL-Ei-LM,bom_deep_7_3_15_5_No1_p10_ao63_am15_2_m25_ao63_am25_1,63,3,SATISFIED,5.0205,79129333.0,28600.0
SAL-Ei-LM,bom_deep_7_3_15_5_No1_p10_ao63_am15_2_m25_ao63_am25_1,63,4,SATISFIED,5.0232,84060175.0,35707.0
SAL-Ei-LM,bom_deep_7_3_15_5_No1_p10_ao63_am15_2_m25_ao63_am25_1,63,5,SATISFIED,5.0203,84782090.0,35431.0
SAL-Ei-LM,bom_deep_7_3_15_5_No1_p10_ao63_am15_2_m25_ao63_am25_1,63,6,SATISFIED,5.0234,83763068.0,35477.0
SAL-Ei-LM,bom_deep_7_3_15_5_No1_p10_ao63_am15_2_m25_ao63_am25_1,63,7,SATISFIED,5.0215,88851624.0,36364.0
SAL-Ei-LM,bom_deep_7_3_15_5_No1_p10_ao63_am15_2_m25_ao63_am25_1,63,8,SATISFIED,5.0224,82288083.0,36491.0
SAL-Ei-LM,bom_deep_7_3_15_5_No1_p10_ao63_am15_2_m25_ao63_am25_1,63,9,SATISFIED,5.0156,86938605.0,35489.0
SAL-Ei-LM,bom_deep_7_3_15_5_No1_p10_ao63_am15_2_m25_ao63_am25_1,63,10,SATISFIED,5.0172,78773722.0,31633.0
SAL-Ei-LM,bom_deep_7_3_15_5_No1_p10_ao63_am15_2_m25_ao63_am25_2,63,1,SATISFIED,5.0248,52838807.0,26100.0
SAL-Ei-LM,bom_deep_7_3_15_5_No1_p10_ao63_am15_2_m25_ao63_am25_2,63,2,SATISFIED,5.0218,47673929.0,34375.0
SAL-Ei-LM,bom_deep_7_3_15_5_No1_p10_ao63_am15_2_m25_ao63_am25_2,63,3,SATISFIED,5.0218,49616465.0,28428.0
SAL-Ei-LM,bom_deep_7_3_15_5_No1_p10_ao63_am15_2_m25_ao63_am25_2,63,4,SATISFIED,5.0208,51786007.0,35221.0
SAL-Ei-LM,bom_deep_7_3_15_5_No1_p10_ao63_am15_2_m25_ao63_am25_2,63,5,SATISFIED,5.0238,51547502.0,26056.0
SAL-Ei-LM,bom_deep_7_3_15_5_No1_p10_ao63_am15_2_m25_ao63_am25_2,63,6,SATISFIED,5.0227,54630257.0,31206.0
SAL-Ei-LM,bom_deep_7_3_15_5_No1_p10_ao63_am15_2_m25_ao63_am25_2,63,7,SATISFIED,5.0212,52660535.0,35960.0
SAL-Ei-LM,bom_deep_7_3_15_5_No1_p10_ao63_am15_2_m25_ao63_am25_2,63,8,SATISFIED,5.0224,46387746.0,36197.0
SAL-Ei-LM,bom_deep_7_3_15_5_No1_p10_ao63_am15_2_m25_ao63_am25_2,63,9,SATISFIED,5.0215,48648389.0,36069.0
SAL-Ei-LM,bom_deep_7_3_15_5_No1_p10_ao63_am15_2_m25_ao63_am25_2,63,10,SATISFIED,5.0214,52186427.0,36072.0
SAL-Ei-LM,bom_deep_7_3_15_5_No1_p10_ao63_am15_2_m25_ao63_am25_3,63,1,SATISFIED,5.021,45642066.0,35112.0
SAL-Ei-LM,bom_deep_7_3_15_5_No1_p10_ao63_am15_2_m25_ao63_am25_3,63,2,SATISFIED,5.0212,47654261.0,35326.0
SAL-Ei-LM,bom_deep_7_3_15_5_No1_p10_ao63_am15_2_m25_ao63_am25_3,63,3,SATISFIED,5.0193,46609998.0,35392.0
SAL-Ei-LM,bom_deep_7_3_15_5_No1_p10_ao63_am15_2_m25_ao63_am25_3,63,4,SATISFIED,5.0186,43866492.0,20933.0
SAL-Ei-LM,bom_deep_7_3_15_5_No1_p10_ao63_am15_2_m25_ao63_am25_3,63,5,SATISFIED,5.0237,48966802.0,31102.0
SAL-Ei-LM,bom_deep_7_3_15_5_No1_p10_ao63_am15_2_m25_ao63_am25_3,63,6,SATISFIED,5.0225,44744742.0,26831.0
SAL-Ei-LM,bom_deep_7_3_15_5_No1_p10_ao63_am15_2_m25_ao63_am25_3,63,7,SATISFIED,5.0206,46584340.0,33206.0
SAL-Ei-LM,bom_deep_7_3_15_5_No1_p10_ao63_am15_2_m25_ao63_am25_3,63,8,SATISFIED,5.0219,44326359.0,21067.0
SAL-Ei-LM,bom_deep_7_3_15_5_No1_p10_ao63_am15_2_m25_ao63_am25_3,63,9,SATISFIED,5.0204,46046629.0,27503.0
SAL-Ei-LM,bom_deep_7_3_15_5_No1_p10_ao63_am15_2_m25_ao63_am25_3,63,10,SATISFIED,5.0243,44409437.0,24284.0
SAL-Ei-LM,bom_deep_7_3_15_5_No1_p10_ao63_am15_2_m25_ao63_am25_4,63,1,SATISFIED,5.0204,21375354.0,28046.0
SAL-Ei-LM,bom_deep_7_3_15_5_No1_p10_ao63_am15_2_m25_ao63_am25_4,63,2,SATISFIED,5.0211,24140212.0,34715.0
SAL-Ei-LM,bom_deep_7_3_15_5_No1_p10_ao63_am15_2_m25_ao63_am25_4,63,3,SATISFIED,5.02,18513419.0,34535.0
SAL-Ei-LM,bom_deep_7_3_15_5_No1_p10_ao63_am15_2_m25_ao63_am25_4,63,4,SATISFIED,5.0193,20195855.0,34781.0
SAL-Ei-LM,bom_deep_7_3_15_5_No1_p10_ao63_am15_2_m25_ao63_am25_4,63,5,SATISFIED,5.0206,20105247.0,34767.0
SAL-Ei-LM,bom_deep_7_3_15_5_No1_p10_ao63_am15_2_m25_ao63_am25_4,63,6,SATISFIED,5.0201,23339502.0,34386.0
SAL-Ei-LM,bom_deep_7_3_15_5_No1_p10_ao63_am15_2_m25_ao63_am25_4,63,7,SATISFIED,5.0217,19818849.0,34919.0
SAL-Ei-LM,bom_deep_7_3_15_5_No1_p10_ao63_am15_2_m25_ao63_am25_4,63,8,SATISFIED,5.0218,22974026.0,29044.0
SAL-Ei-LM,bom_deep_7_3_15_5_No1_p10_ao63_am15_2_m25_ao63_am25_4,63,9,SATISFIED,5.0194,20320499.0,26635.0
SAL-Ei-LM,bom_deep_7_3_15_5_No1_p10_ao63_am15_2_m25_ao63_am25_4,63,10,SATISFIED,5.0179,20681123.0,28209.0
SAL-Ei-LM,bom_deep_7_3_15_5_No1_p10_ao63_am15_2_m25_ao63_am25_5,63,1,SATISFIED,5.0189,66475322.0,28834.0
SAL-Ei-LM,bom_deep_7_3_15_5_No1_p10_ao63_am15_2_m25_ao63_am25_5,63,2,SATISFIED,5.0232,60890805.0,35774.0
SAL-Ei-LM,bom_deep_7_3_15_5_No1_p10_ao63_am15_2_m25_ao63_am25_5,63,3,SATISFIED,5.0184,66978633.0,35734.0
SAL-Ei-LM,bom_deep_7_3_15_5_No1_p10_ao63_am15_2_m25_ao63_am25_5,63,4,SATISFIED,5.0202,65425461.0,25962.0
SAL-Ei-LM,bom_deep_7_3_15_5_No1_p10_ao63_am15_2_m25_ao63_am25_5,63,5,SATISFIED,5.0203,65372870.0,24372.0
SAL-Ei-LM,bom_deep_7_3_15_5_No1_p10_ao63_am15_2_m25_ao63_am25_5,63,6,SATISFIED,5.0216,59186865.0,32932.0
SAL-Ei-LM,bom_deep_7_3_15_5_No1_p10_ao63_am15_2_m25_ao63_am25_5,63,7,SATISFIED,5.02,66942266.0,35905.0
SAL-Ei-LM,bom_deep_7_3_15_5_No1_p10_ao63_am15_2_m25_ao63_am25_5,63,8,SATISFIED,5.0187,65644675.0,26740.0
SAL-Ei-LM,bom_deep_7_3_15_5_No1_p10_ao63_am15_2_m25_ao63_am25_5,63,9,SATISFIED,5.0201,65016671.0,26890.0
SAL-Ei-LM,bom_deep_7_3_15_5_No1_p10_ao63_am15_2_m25_ao63_am25_5,63,10,SATISFIED,5.0251,65591124.0,28405.0
SAL-Ei-LM,bom_deep_7_3_15_5_No1_p10_ao63_am15_3,63,1,SATISFIED,5.0215,163609130.0,34305.0
SAL-Ei-LM,bom_deep_7_3_15_5_No1_p10_ao63_am15_3,63,2,SATISFIED,5.021,163468885.0,41100.0
SAL-Ei-LM,bom_deep_7_3_15_5_No1_p10_ao63_am15_3,63,3,SATISFIED,5.0191,163561150.0,40149.0
SAL-Ei-LM,bom_deep_7_3_15_5_No1_p10_ao63_am15_3,63,4,SATISFIED,5.0223,163849755.0,30848.0
SAL-Ei-LM,bom_deep_7_3_15_5_No1_p10_ao63_am15_3,63,5,SATISFIED,5.0206,163958910.0,33378.0
SAL-Ei-LM,bom_deep_7_3_15_5_No1_p10_ao63_am15_3,63,6,SATISFIED,5.0206,164054395.0,32159.0
SAL-Ei-LM,bom_deep_7_3_15_5_No1_p10_ao63_am15_3,63,7,SATISFIED,5.0238,164218505.0,40058.0
SAL-Ei-LM,bom_deep_7_3_15_5_No1_p10_ao63_am15_3,63,8,SATISFIED,5.0252,163226300.0,40514.0
SAL-Ei-LM,bom_deep_7_3_15_5_No1_p10_ao63_am15_3,63,9,SATISFIED,5.0267,163739370.0,41942.0
SAL-Ei-LM,bom_deep_7_3_15_5_No1_p10_ao63_am15_3,63,10,SATISFIED,5.0261,163633495.0,40400.0
SAL-Ei-LM,bom_deep_7_3_15_5_No1_p10_ao63_am15_3_m10_ao63_am10_1,63,1,SATISFIED,5.0259,141679795.0,45918.0
SAL-Ei-LM,bom_deep_7_3_15_5_No1_p10_ao63_am15_3_m10_ao63_am10_1,63,2,SATISFIED,5.0274,141679080.0,39097.0
SAL-Ei-LM,bom_deep_7_3_15_5_No1_p10_ao63_am15_3_m10_ao63_am10_1,63,3,SATISFIED,5.0315,144147825.0,37529.0
SAL-Ei-LM,bom_deep_7_3_15_5_No1_p10_ao63_am15_3_m10_ao63_am10_1,63,4,SATISFIED,5.0266,144170951.0,33762.0
SAL-Ei-LM,bom_deep_7_3_15_5_No1_p10_ao63_am15_3_m10_ao63_am10_1,63,5,SATISFIED,5.0244,143870667.0,37489.0
SAL-Ei-LM,bom_deep_7_3_15_5_No1_p10_ao63_am15_3_m10_ao63_am10_1,63,6,SATISFIED,5.0257,141675685.0,38037.0
SAL-Ei-LM,bom_deep_7_3_15_5_No1_p10_ao63_am15_3_m10_ao63_am10_1,63,7,SATISFIED,5.027,144162995.0,47615.0
SAL-Ei-LM,bom_deep_7_3_15_5_No1_p10_ao63_am15_3_m10_ao63_am10_1,63,8,SATISFIED,5.0305,143856243.0,48044.0
SAL-Ei-LM,bom_deep_7_3_15_5_No1_p10_ao63_am15_3_m10_ao63_am10_1,63,9,SATISFIED,5.0237,141675065.0,48062.0
SAL-Ei-LM,bom_deep_7_3_15_5_No1_p10_ao63_am15_3_m10_ao63_am10_1,63,10,SATISFIED,5.0249,141675930.0,48504.0
SAL-Ei-LM,bom_deep_7_3_15_5_No1_p10_ao63_am15_3_m10_ao63_am10_2,63,1,SATISFIED,5.0264,234497980.0,46482.0
SAL-Ei-LM,bom_deep_7_3_15_5_No1_p10_ao63_am15_3_m10_ao63_am10_2,63,2,SATISFIED,5.0461,247365581.0,45444.0
SAL-Ei-LM,bom_deep_7_3_15_5_No1_p10_ao63_am15_3_m10_ao63_am10_2,63,3,SATISFIED,5.0289,235517242.0,46081.0
SAL-Ei-LM,bom_deep_7_3_15_5_No1_p10_ao63_am15_3_m10_ao63_am10_2,63,4,SATISFIED,5.0338,234140405.0,44805.0
SAL-Ei-LM,bom_deep_7_3_15_5_No1_p10_ao63_am15_3_m10_ao63_am10_2,63,5,SATISFIED,5.0271,234087400.0,44849.0
SAL-Ei-LM,bom_deep_7_3_15_5_No1_p10_ao63_am15_3_m10_ao63_am10_2,63,6,SATISFIED,5.0216,233767063.0,45334.0
SAL-Ei-LM,bom_deep_7_3_15_5_No1_p10_ao63_am15_3_m10_ao63_am10_2,63,7,SATISFIED,5.023,232991140.0,36863.0
SAL-Ei-LM,bom_deep_7_3_15_5_No1_p10_ao63_am15_3_m10_ao63_am10_2,63,8,SATISFIED,5.0217,234505585.0,36628.0
SAL-Ei-LM,bom_deep_7_3_15_5_No1_p10_ao63_am15_3_m10_ao63_am10_2,63,9,SATISFIED,5.0178,234510200.0,45725.0
SAL-Ei-LM,bom_deep_7_3_15_5_No1_p10_ao63_am15_3_m10_ao63_am10_2,63,10,SATISFIED,5.0178,234504415.0,47003.0
SAL-Ei-LM,bom_deep_7_3_15_5_No1_p10_ao63_am15_3_m10_ao63_am10_3,63,1,SATISFIED,5.0195,163715401.0,44528.0
SAL-Ei-LM,bom_deep_7_3_15_5_No1_p10_ao63_am15_3_m10_ao63_am10_3,63,2,SATISFIED,5.0189,158319175.0,44532.0
SAL-Ei-LM,bom_deep_7_3_15_5_No1_p10_ao63_am15_3_m10_ao63_am10_3,63,3,SATISFIED,5.0192,163094054.0,44981.0
SAL-Ei-LM,bom_deep_7_3_15_5_No1_p10_ao63_am15_3_m10_ao63_am10_3,63,4,SATISFIED,5.0201,167201632.0,45170.0
SAL-Ei-LM,bom_deep_7_3_15_5_No1_p10_ao63_am15_3_m10_ao63_am10_3,63,5,SATISFIED,5.0206,163384180.0,44793.0
SAL-Ei-LM,bom_deep_7_3_15_5_No1_p10_ao63_am15_3_m10_ao63_am10_3,63,6,SATISFIED,5.0209,165433291.0,43865.0
SAL-Ei-LM,bom_deep_7_3_15_5_No1_p10_ao63_am15_3_m10_ao63_am10_3,63,7,SATISFIED,5.0182,154517163.0,44747.0
SAL-Ei-LM,bom_deep_7_3_15_5_No1_p10_ao63_am15_3_m10_ao63_am10_3,63,8,SATISFIED,5.0182,159282239.0,43946.0
SAL-Ei-LM,bom_deep_7_3_15_5_No1_p10_ao63_am15_3_m10_ao63_am10_3,63,9,SATISFIED,5.0198,169368008.0,44131.0
SAL-Ei-LM,bom_deep_7_3_15_5_No1_p10_ao63_am15_3_m10_ao63_am10_3,63,10,SATISFIED,5.0176,155084066.0,44950.0
SAL-Ei-LM,bom_deep_7_3_15_5_No1_p10_ao63_am15_3_m10_ao63_am10_4,63,1,SATISFIED,5.0203,200547271.0,46116.0
SAL-Ei-LM,bom_deep_7_3_15_5_No1_p10_ao63_am15_3_m10_ao63_am10_4,63,2,SATISFIED,5.0183,200548174.0,45477.0
SAL-Ei-LM,bom_deep_7_3_15_5_No1_p10_ao63_am15_3_m10_ao63_am10_4,63,3,SATISFIED,5.0207,200547830.0,36552.0
SAL-Ei-LM,bom_deep_7_3_15_5_No1_p10_ao63_am15_3_m10_ao63_am10_4,63,4,SATISFIED,5.023,200578405.0,37276.0
SAL-Ei-LM,bom_deep_7_3_15_5_No1_p10_ao63_am15_3_m10_ao63_am10_4,63,5,SATISFIED,5.0239,200594813.0,29281.0
SAL-Ei-LM,bom_deep_7_3_15_5_No1_p10_ao63_am15_3_m10_ao63_am10_4,63,6,SATISFIED,5.0227,200598797.0,35242.0
SAL-Ei-LM,bom_deep_7_3_15_5_No1_p10_ao63_am15_3_m10_ao63_am10_4,63,7,SATISFIED,5.0216,200622154.0,38231.0
SAL-Ei-LM,bom_deep_7_3_15_5_No1_p10_ao63_am15_3_m10_ao63_am10_4,63,8,SATISFIED,5.0223,200651055.0,36499.0
SAL-Ei-LM,bom_deep_7_3_15_5_No1_p10_ao63_am15_3_m10_ao63_am10_4,63,9,SATISFIED,5.0218,200625141.0,36951.0
SAL-Ei-LM,bom_deep_7_3_15_5_No1_p10_ao63_am15_3_m10_ao63_am10_4,63,10,SATISFIED,5.0204,200644938.0,37557.0
SAL-Ei-LM,bom_deep_7_3_15_5_No1_p10_ao63_am15_3_m10_ao63_am10_5,63,1,SATISFIED,5.0168,205649766.0,45139.0
SAL-Ei-LM,bom_deep_7_3_15_5_No1_p10_ao63_am15_3_m10_ao63_am10_5,63,2,SATISFIED,5.023,205392903.0,35597.0
SAL-Ei-LM,bom_deep_7_3_15_5_No1_p10_ao63_am15_3_m10_ao63_am10_5,63,3,SATISFIED,5.0205,205356759.0,35448.0
SAL-Ei-LM,bom_deep_7_3_15_5_No1_p10_ao63_am15_3_m10_ao63_am10_5,63,4,SATISFIED,5.0197,205353648.0,33101.0
SAL-Ei-LM,bom_deep_7_3_15_5_No1_p10_ao63_am15_3_m10_ao63_am10_5,63,5,SATISFIED,5.019,205336277.0,35299.0
SAL-Ei-LM,bom_deep_7_3_15_5_No1_p10_ao63_am15_3_m10_ao63_am10_5,63,6,SATISFIED,5.0211,205432818.0,43926.0
SAL-Ei-LM,bom_deep_7_3_15_5_No1_p10_ao63_am15_3_m10_ao63_am10_5,63,7,SATISFIED,5.0194,205275188.0,43763.0
SAL-Ei-LM,bom_deep_7_3_15_5_No1_p10_ao63_am15_3_m10_ao63_am10_5,63,8,SATISFIED,5.0212,205308977.0,28182.0
SAL-Ei-LM,bom_deep_7_3_15_5_No1_p10_ao63_am15_3_m10_ao63_am10_5,63,9,SATISFIED,5.0209,205328530.0,36356.0
SAL-Ei-LM,bom_deep_7_3_15_5_No1_p10_ao63_am15_3_m10_ao63_am10_5,63,10,SATISFIED,5.0132,205371915.0,35767.0
SAL-Ei-LM,bom_deep_7_3_15_5_No1_p10_ao63_am15_3_m25_ao63_am25_1,63,1,SATISFIED,5.0244,72465197.0,26154.0
SAL-Ei-LM,bom_deep_7_3_15_5_No1_p10_ao63_am15_3_m25_ao63_am25_1,63,2,SATISFIED,5.0221,73483737.0,28650.0
SAL-Ei-LM,bom_deep_7_3_15_5_No1_p10_ao63_am15_3_m25_ao63_am25_1,63,3,SATISFIED,5.0209,69412812.0,28909.0
SAL-Ei-LM,bom_deep_7_3_15_5_No1_p10_ao63_am15_3_m25_ao63_am25_1,63,4,SATISFIED,5.0155,67187541.0,36483.0
SAL-Ei-LM,bom_deep_7_3_15_5_No1_p10_ao63_am15_3_m25_ao63_am25_1,63,5,SATISFIED,5.0182,70839230.0,31900.0
SAL-Ei-LM,bom_deep_7_3_15_5_No1_p10_ao63_am15_3_m25_ao63_am25_1,63,6,SATISFIED,5.0221,73292559.0,33098.0
SAL-Ei-LM,bom_deep_7_3_15_5_No1_p10_ao63_am15_3_m25_ao63_am25_1,63,7,SATISFIED,5.0236,70068194.0,30253.0
SAL-Ei-LM,bom_deep_7_3_15_5_No1_p10_ao63_am15_3_m25_ao63_am25_1,63,8,SATISFIED,5.0237,71588440.0,28833.0
SAL-Ei-LM,bom_deep_7_3_15_5_No1_p10_ao63_am15_3_m25_ao63_am25_1,63,9,SATISFIED,5.0226,73013586.0,28614.0
SAL-Ei-LM,bom_deep_7_3_15_5_No1_p10_ao63_am15_3_m25_ao63_am25_1,63,10,SATISFIED,5.0234,74053270.0,28697.0
SAL-Ei-LM,bom_deep_7_3_15_5_No1_p10_ao63_am15_3_m25_ao63_am25_2,63,1,SATISFIED,5.0208,91808870.0,28675.0
SAL-Ei-LM,bom_deep_7_3_15_5_No1_p10_ao63_am15_3_m25_ao63_am25_2,63,2,SATISFIED,5.0207,122182537.0,35754.0
SAL-Ei-LM,bom_deep_7_3_15_5_No1_p10_ao63_am15_3_m25_ao63_am25_2,63,3,SATISFIED,5.0196,98995228.0,35237.0
SAL-Ei-LM,bom_deep_7_3_15_5_No1_p10_ao63_am15_3_m25_ao63_am25_2,63,4,SATISFIED,5.0214,98917360.0,27579.0
SAL-Ei-LM,bom_deep_7_3_15_5_No1_p10_ao63_am15_3_m25_ao63_am25_2,63,5,SATISFIED,5.0198,117358411.0,34564.0
SAL-Ei-LM,bom_deep_7_3_15_5_No1_p10_ao63_am15_3_m25_ao63_am25_2,63,6,SATISFIED,5.0192,104538556.0,34541.0
SAL-Ei-LM,bom_deep_7_3_15_5_No1_p10_ao63_am15_3_m25_ao63_am25_2,63,7,SATISFIED,5.0199,100548190.0,34529.0
SAL-Ei-LM,bom_deep_7_3_15_5_No1_p10_ao63_am15_3_m25_ao63_am25_2,63,8,SATISFIED,5.0197,96181466.0,26750.0
SAL-Ei-LM,bom_deep_7_3_15_5_No1_p10_ao63_am15_3_m25_ao63_am25_2,63,9,SATISFIED,5.0197,99137255.0,34991.0
SAL-Ei-LM,bom_deep_7_3_15_5_No1_p10_ao63_am15_3_m25_ao63_am25_2,63,10,SATISFIED,5.0206,112279439.0,35089.0
SAL-Ei-LM,bom_deep_7_3_15_5_No1_p10_ao63_am15_3_m25_ao63_am25_3,63,1,SATISFIED,5.0226,26530975.0,34363.0
SAL-Ei-LM,bom_deep_7_3_15_5_No1_p10_ao63_am15_3_m25_ao63_am25_3,63,2,SATISFIED,5.0222,26441090.0,34572.0
SAL-Ei-LM,bom_deep_7_3_15_5_No1_p10_ao63_am15_3_m25_ao63_am25_3,63,3,SATISFIED,5.0216,27434834.0,34637.0
SAL-Ei-LM,bom_deep_7_3_15_5_No1_p10_ao63_am15_3_m25_ao63_am25_3,63,4,SATISFIED,5.0236,26696755.0,27745.0
SAL-Ei-LM,bom_deep_7_3_15_5_No1_p10_ao63_am15_3_m25_ao63_am25_3,63,5,SATISFIED,5.0263,29602823.0,19120.0
SAL-Ei-LM,bom_deep_7_3_15_5_No1_p10_ao63_am15_3_m25_ao63_am25_3,63,6,SATISFIED,5.0206,26446474.0,30379.0
SAL-Ei-LM,bom_deep_7_3_15_5_No1_p10_ao63_am15_3_m25_ao63_am25_3,63,7,SATISFIED,5.0187,24221831.0,34793.0
SAL-Ei-LM,bom_deep_7_3_15_5_No1_p10_ao63_am15_3_m25_ao63_am25_3,63,8,SATISFIED,5.02,25881762.0,35730.0
SAL-Ei-LM,bom_deep_7_3_15_5_No1_p10_ao63_am15_3_m25_ao63_am25_3,63,9,SATISFIED,5.0234,25628074.0,34733.0
SAL-Ei-LM,bom_deep_7_3_15_5_No1_p10_ao63_am15_3_m25_ao63_am25_3,63,10,SATISFIED,5.0223,25727363.0,34678.0
SAL-Ei-LM,bom_deep_7_3_15_5_No1_p10_ao63_am15_3_m25_ao63_am25_4,63,1,SATISFIED,5.0214,22512315.0,25519.0
SAL-Ei-LM,bom_deep_7_3_15_5_No1_p10_ao63_am15_3_m25_ao63_am25_4,63,2,SATISFIED,5.022,24381313.0,26791.0
SAL-Ei-LM,bom_deep_7_3_15_5_No1_p10_ao63_am15_3_m25_ao63_am25_4,63,3,SATISFIED,5.019,25870990.0,34725.0
SAL-Ei-LM,bom_deep_7_3_15_5_No1_p10_ao63_am15_3_m25_ao63_am25_4,63,4,SATISFIED,5.0189,24430599.0,27989.0
SAL-Ei-LM,bom_deep_7_3_15_5_No1_p10_ao63_am15_3_m25_ao63_am25_4,63,5,SATISFIED,5.0228,24216165.0,20697.0
SAL-Ei-LM,bom_deep_7_3_15_5_No1_p10_ao63_am15_3_m25_ao63_am25_4,63,6,SATISFIED,5.0233,30014664.0,28775.0
SAL-Ei-LM,bom_deep_7_3_15_5_No1_p10_ao63_am15_3_m25_ao63_am25_4,63,7,SATISFIED,5.0202,28451062.0,29554.0
SAL-Ei-LM,bom_deep_7_3_15_5_No1_p10_ao63_am15_3_m25_ao63_am25_4,63,8,SATISFIED,5.0208,25523333.0,28186.0
SAL-Ei-LM,bom_deep_7_3_15_5_No1_p10_ao63_am15_3_m25_ao63_am25_4,63,9,SATISFIED,5.0196,24682152.0,27119.0
SAL-Ei-LM,bom_deep_7_3_15_5_No1_p10_ao63_am15_3_m25_ao63_am25_4,63,10,SATISFIED,5.0242,27644353.0,29301.0
SAL-Ei-LM,bom_deep_7_3_15_5_No1_p10_ao63_am15_3_m25_ao63_am25_5,63,1,SATISFIED,5.0195,28257983.0,35856.0
SAL-Ei-LM,bom_deep_7_3_15_5_No1_p10_ao63_am15_3_m25_ao63_am25_5,63,2,SATISFIED,5.0208,31473540.0,29199.0
SAL-Ei-LM,bom_deep_7_3_15_5_No1_p10_ao63_am15_3_m25_ao63_am25_5,63,3,SATISFIED,5.0184,31582985.0,36361.0
SAL-Ei-LM,bom_deep_7_3_15_5_No1_p10_ao63_am15_3_m25_ao63_am25_5,63,4,SATISFIED,5.021,30793384.0,28578.0
SAL-Ei-LM,bom_deep_7_3_15_5_No1_p10_ao63_am15_3_m25_ao63_am25_5,63,5,SATISFIED,5.0262,31901295.0,27786.0
SAL-Ei-LM,bom_deep_7_3_15_5_No1_p10_ao63_am15_3_m25_ao63_am25_5,63,6,SATISFIED,5.0214,32963603.0,28172.0
SAL-Ei-LM,bom_deep_7_3_15_5_No1_p10_ao63_am15_3_m25_ao63_am25_5,63,7,SATISFIED,5.0197,32263188.0,34790.0
SAL-Ei-LM,bom_deep_7_3_15_5_No1_p10_ao63_am15_3_m25_ao63_am25_5,63,8,SATISFIED,5.0188,30911657.0,34668.0
SAL-Ei-LM,bom_deep_7_3_15_5_No1_p10_ao63_am15_3_m25_ao63_am25_5,63,9,SATISFIED,5.0215,30814245.0,28549.0
SAL-Ei-LM,bom_deep_7_3_15_5_No1_p10_ao63_am15_3_m25_ao63_am25_5,63,10,SATISFIED,5.0221,28919120.0,28693.0
SAL-Ei-LM,bom_deep_7_3_15_5_No1_p10_ao63_am15_4,63,1,SATISFIED,5.0208,107155960.0,41170.0
SAL-Ei-LM,bom_deep_7_3_15_5_No1_p10_ao63_am15_4,63,2,SATISFIED,5.0222,107096950.0,33059.0
SAL-Ei-LM,bom_deep_7_3_15_5_No1_p10_ao63_am15_4,63,3,SATISFIED,5.0235,106955615.0,31264.0
SAL-Ei-LM,bom_deep_7_3_15_5_No1_p10_ao63_am15_4,63,4,SATISFIED,5.0222,107442640.0,29246.0
SAL-Ei-LM,bom_deep_7_3_15_5_No1_p10_ao63_am15_4,63,5,SATISFIED,5.0208,106985780.0,36561.0
SAL-Ei-LM,bom_deep_7_3_15_5_No1_p10_ao63_am15_4,63,6,SATISFIED,5.0201,107482750.0,41720.0
SAL-Ei-LM,bom_deep_7_3_15_5_No1_p10_ao63_am15_4,63,7,SATISFIED,5.0201,107418955.0,41636.0
SAL-Ei-LM,bom_deep_7_3_15_5_No1_p10_ao63_am15_4,63,8,SATISFIED,5.0213,106881685.0,41470.0
SAL-Ei-LM,bom_deep_7_3_15_5_No1_p10_ao63_am15_4,63,9,SATISFIED,5.0181,107427660.0,41675.0
SAL-Ei-LM,bom_deep_7_3_15_5_No1_p10_ao63_am15_4,63,10,SATISFIED,5.0208,107525690.0,41753.0
SAL-Ei-LM,bom_deep_7_3_15_5_No1_p10_ao63_am15_4_m10_ao63_am10_1,63,1,SATISFIED,5.0187,151015870.0,47968.0
SAL-Ei-LM,bom_deep_7_3_15_5_No1_p10_ao63_am15_4_m10_ao63_am10_1,63,2,SATISFIED,5.0226,142007266.0,30649.0
SAL-Ei-LM,bom_deep_7_3_15_5_No1_p10_ao63_am15_4_m10_ao63_am10_1,63,3,SATISFIED,5.0206,135788737.0,37825.0
SAL-Ei-LM,bom_deep_7_3_15_5_No1_p10_ao63_am15_4_m10_ao63_am10_1,63,4,SATISFIED,5.0183,141254280.0,47063.0
SAL-Ei-LM,bom_deep_7_3_15_5_No1_p10_ao63_am15_4_m10_ao63_am10_1,63,5,SATISFIED,5.0192,135125064.0,46859.0
SAL-Ei-LM,bom_deep_7_3_15_5_No1_p10_ao63_am15_4_m10_ao63_am10_1,63,6,SATISFIED,5.0181,131975159.0,38651.0
SAL-Ei-LM,bom_deep_7_3_15_5_No1_p10_ao63_am15_4_m10_ao63_am10_1,63,7,SATISFIED,5.0185,134491256.0,37978.0
SAL-Ei-LM,bom_deep_7_3_15_5_No1_p10_ao63_am15_4_m10_ao63_am10_1,63,8,SATISFIED,5.0205,134697598.0,38592.0
SAL-Ei-LM,bom_deep_7_3_15_5_No1_p10_ao63_am15_4_m10_ao63_am10_1,63,9,SATISFIED,5.0208,139317200.0,37779.0
SAL-Ei-LM,bom_deep_7_3_15_5_No1_p10_ao63_am15_4_m10_ao63_am10_1,63,10,SATISFIED,5.0215,136789552.0,47047.0
SAL-Ei-LM,bom_deep_7_3_15_5_No1_p10_ao63_am15_4_m10_ao63_am10_2,63,1,SATISFIED,5.0211,182204458.0,45905.0
SAL-Ei-LM,bom_deep_7_3_15_5_No1_p10_ao63_am15_4_m10_ao63_am10_2,63,2,SATISFIED,5.0209,182227745.0,45832.0
SAL-Ei-LM,bom_deep_7_3_15_5_No1_p10_ao63_am15_4_m10_ao63_am10_2,63,3,SATISFIED,5.0205,182086814.0,37404.0
SAL-Ei-LM,bom_deep_7_3_15_5_No1_p10_ao63_am15_4_m10_ao63_am10_2,63,4,SATISFIED,5.0294,182187404.0,24127.0
SAL-Ei-LM,bom_deep_7_3_15_5_No1_p10_ao63_am15_4_m10_ao63_am10_2,63,5,SATISFIED,5.0247,182092462.0,36499.0
SAL-Ei-LM,bom_deep_7_3_15_5_No1_p10_ao63_am15_4_m10_ao63_am10_2,63,6,SATISFIED,5.0213,182254696.0,28825.0
SAL-Ei-LM,bom_deep_7_3_15_5_No1_p10_ao63_am15_4_m10_ao63_am10_2,63,7,SATISFIED,5.0212,182204282.0,44353.0
SAL-Ei-LM,bom_deep_7_3_15_5_No1_p10_ao63_am15_4_m10_ao63_am10_2,63,8,SATISFIED,5.0226,182206127.0,45044.0
SAL-Ei-LM,bom_deep_7_3_15_5_No1_p10_ao63_am15_4_m10_ao63_am10_2,63,9,SATISFIED,5.0213,181116809.0,45141.0
SAL-Ei-LM,bom_deep_7_3_15_5_No1_p10_ao63_am15_4_m10_ao63_am10_2,63,10,SATISFIED,5.0234,182193152.0,44433.0
SAL-Ei-LM,bom_deep_7_3_15_5_No1_p10_ao63_am15_4_m10_ao63_am10_3,63,1,SATISFIED,5.0208,138711957.0,44879.0
SAL-Ei-LM,bom_deep_7_3_15_5_No1_p10_ao63_am15_4_m10_ao63_am10_3,63,2,SATISFIED,5.0196,138408410.0,44621.0
SAL-Ei-LM,bom_deep_7_3_15_5_No1_p10_ao63_am15_4_m10_ao63_am10_3,63,3,SATISFIED,5.0219,138411255.0,38500.0
SAL-Ei-LM,bom_deep_7_3_15_5_No1_p10_ao63_am15_4_m10_ao63_am10_3,63,4,SATISFIED,5.0219,136220410.0,37090.0
SAL-Ei-LM,bom_deep_7_3_15_5_No1_p10_ao63_am15_4_m10_ao63_am10_3,63,5,SATISFIED,5.0215,135038048.0,30225.0
SAL-Ei-LM,bom_deep_7_3_15_5_No1_p10_ao63_am15_4_m10_ao63_am10_3,63,6,SATISFIED,5.0165,138416005.0,43888.0
SAL-Ei-LM,bom_deep_7_3_15_5_No1_p10_ao63_am15_4_m10_ao63_am10_3,63,7,SATISFIED,5.018,137232074.0,37062.0
SAL-Ei-LM,bom_deep_7_3_15_5_No1_p10_ao63_am15_4_m10_ao63_am10_3,63,8,SATISFIED,5.0166,134017555.0,35957.0
SAL-Ei-LM,bom_deep_7_3_15_5_No1_p10_ao63_am15_4_m10_ao63_am10_3,63,9,SATISFIED,5.0198,138637265.0,36622.0
SAL-Ei-LM,bom_deep_7_3_15_5_No1_p10_ao63_am15_4_m10_ao63_am10_3,63,10,SATISFIED,5.0189,145901185.0,35439.0
SAL-Ei-LM,bom_deep_7_3_15_5_No1_p10_ao63_am15_4_m10_ao63_am10_4,63,1,SATISFIED,5.0175,118242141.0,43337.0
SAL-Ei-LM,bom_deep_7_3_15_5_No1_p10_ao63_am15_4_m10_ao63_am10_4,63,2,SATISFIED,5.0163,117706476.0,30839.0
SAL-Ei-LM,bom_deep_7_3_15_5_No1_p10_ao63_am15_4_m10_ao63_am10_4,63,3,SATISFIED,5.0218,118416268.0,36017.0
SAL-Ei-LM,bom_deep_7_3_15_5_No1_p10_ao63_am15_4_m10_ao63_am10_4,63,4,SATISFIED,5.0205,120214440.0,36296.0
SAL-Ei-LM,bom_deep_7_3_15_5_No1_p10_ao63_am15_4_m10_ao63_am10_4,63,5,SATISFIED,5.0216,118443190.0,33906.0
SAL-Ei-LM,bom_deep_7_3_15_5_No1_p10_ao63_am15_4_m10_ao63_am10_4,63,6,SATISFIED,5.022,118690633.0,36097.0
SAL-Ei-LM,bom_deep_7_3_15_5_No1_p10_ao63_am15_4_m10_ao63_am10_4,63,7,SATISFIED,5.0218,119147526.0,44960.0
SAL-Ei-LM,bom_deep_7_3_15_5_No1_p10_ao63_am15_4_m10_ao63_am10_4,63,8,SATISFIED,5.0225,118842307.0,40902.0
SAL-Ei-LM,bom_deep_7_3_15_5_No1_p10_ao63_am15_4_m10_ao63_am10_4,63,9,SATISFIED,5.0277,118147424.0,27498.0
SAL-Ei-LM,bom_deep_7_3_15_5_No1_p10_ao63_am15_4_m10_ao63_am10_4,63,10,SATISFIED,5.022,118420473.0,36582.0
SAL-Ei-LM,bom_deep_7_3_15_5_No1_p10_ao63_am15_4_m10_ao63_am10_5,63,1,SATISFIED,5.0197,53547532.0,42713.0
SAL-Ei-LM,bom_deep_7_3_15_5_No1_p10_ao63_am15_4_m10_ao63_am10_5,63,2,SATISFIED,5.0187,51247819.0,43360.0
SAL-Ei-LM,bom_deep_7_3_15_5_No1_p10_ao63_am15_4_m10_ao63_am10_5,63,3,SATISFIED,5.0211,51159945.0,34635.0
SAL-Ei-LM,bom_deep_7_3_15_5_No1_p10_ao63_am15_4_m10_ao63_am10_5,63,4,SATISFIED,5.0209,51353210.0,35128.0
SAL-Ei-LM,bom_deep_7_3_15_5_No1_p10_ao63_am15_4_m10_ao63_am10_5,63,5,SATISFIED,5.0207,50344325.0,42581.0
SAL-Ei-LM,bom_deep_7_3_15_5_No1_p10_ao63_am15_4_m10_ao63_am10_5,63,6,SATISFIED,5.0207,55720284.0,35236.0
SAL-Ei-LM,bom_deep_7_3_15_5_No1_p10_ao63_am15_4_m10_ao63_am10_5,63,7,SATISFIED,5.02,51262470.0,43013.0
SAL-Ei-LM,bom_deep_7_3_15_5_No1_p10_ao63_am15_4_m10_ao63_am10_5,63,8,SATISFIED,5.0194,55398627.0,43980.0
SAL-Ei-LM,bom_deep_7_3_15_5_No1_p10_ao63_am15_4_m10_ao63_am10_5,63,9,SATISFIED,5.0195,52197171.0,34589.0
SAL-Ei-LM,bom_deep_7_3_15_5_No1_p10_ao63_am15_4_m10_ao63_am10_5,63,10,SATISFIED,5.0236,56196912.0,43535.0
SAL-Ei-LM,bom_deep_7_3_15_5_No1_p10_ao63_am15_4_m25_ao63_am25_1,63,1,SATISFIED,5.026,71223793.0,33980.0
SAL-Ei-LM,bom_deep_7_3_15_5_No1_p10_ao63_am15_4_m25_ao63_am25_1,63,2,SATISFIED,5.0295,66142664.0,25672.0
SAL-Ei-LM,bom_deep_7_3_15_5_No1_p10_ao63_am15_4_m25_ao63_am25_1,63,3,SATISFIED,5.0249,72290967.0,35816.0
SAL-Ei-LM,bom_deep_7_3_15_5_No1_p10_ao63_am15_4_m25_ao63_am25_1,63,4,SATISFIED,5.0256,70732794.0,27190.0
SAL-Ei-LM,bom_deep_7_3_15_5_No1_p10_ao63_am15_4_m25_ao63_am25_1,63,5,SATISFIED,5.0253,70330932.0,28114.0
SAL-Ei-LM,bom_deep_7_3_15_5_No1_p10_ao63_am15_4_m25_ao63_am25_1,63,6,SATISFIED,5.0235,66521992.0,34953.0
SAL-Ei-LM,bom_deep_7_3_15_5_No1_p10_ao63_am15_4_m25_ao63_am25_1,63,7,SATISFIED,5.0241,65879527.0,34829.0
SAL-Ei-LM,bom_deep_7_3_15_5_No1_p10_ao63_am15_4_m25_ao63_am25_1,63,8,SATISFIED,5.0273,67647222.0,28706.0
SAL-Ei-LM,bom_deep_7_3_15_5_No1_p10_ao63_am15_4_m25_ao63_am25_1,63,9,SATISFIED,5.0255,65985272.0,28510.0
SAL-Ei-LM,bom_deep_7_3_15_5_No1_p10_ao63_am15_4_m25_ao63_am25_1,63,10,SATISFIED,5.0278,67661202.0,23951.0
SAL-Ei-LM,bom_deep_7_3_15_5_No1_p10_ao63_am15_4_m25_ao63_am25_2,63,1,SATISFIED,5.0265,68507117.0,29382.0
SAL-Ei-LM,bom_deep_7_3_15_5_No1_p10_ao63_am15_4_m25_ao63_am25_2,63,2,SATISFIED,5.0246,65403040.0,35197.0
SAL-Ei-LM,bom_deep_7_3_15_5_No1_p10_ao63_am15_4_m25_ao63_am25_2,63,3,SATISFIED,5.0276,70347000.0,36169.0
SAL-Ei-LM,bom_deep_7_3_15_5_No1_p10_ao63_am15_4_m25_ao63_am25_2,63,4,SATISFIED,5.0249,61359515.0,35980.0
SAL-Ei-LM,bom_deep_7_3_15_5_No1_p10_ao63_am15_4_m25_ao63_am25_2,63,5,SATISFIED,5.0252,67680691.0,35048.0
SAL-Ei-LM,bom_deep_7_3_15_5_No1_p10_ao63_am15_4_m25_ao63_am25_2,63,6,SATISFIED,5.0215,69073097.0,28341.0
SAL-Ei-LM,bom_deep_7_3_15_5_No1_p10_ao63_am15_4_m25_ao63_am25_2,63,7,SATISFIED,5.0256,67294139.0,34789.0
SAL-Ei-LM,bom_deep_7_3_15_5_No1_p10_ao63_am15_4_m25_ao63_am25_2,63,8,SATISFIED,5.0251,70214115.0,35046.0
SAL-Ei-LM,bom_deep_7_3_15_5_No1_p10_ao63_am15_4_m25_ao63_am25_2,63,9,SATISFIED,5.0238,69548825.0,36037.0
SAL-Ei-LM,bom_deep_7_3_15_5_No1_p10_ao63_am15_4_m25_ao63_am25_2,63,10,SATISFIED,5.0242,69067786.0,35559.0
SAL-Ei-LM,bom_deep_7_3_15_5_No1_p10_ao63_am15_4_m25_ao63_am25_3,63,1,SATISFIED,5.0232,74468866.0,31467.0
SAL-Ei-LM,bom_deep_7_3_15_5_No1_p10_ao63_am15_4_m25_ao63_am25_3,63,2,SATISFIED,5.0248,65477484.0,31337.0
SAL-Ei-LM,bom_deep_7_3_15_5_No1_p10_ao63_am15_4_m25_ao63_am25_3,63,3,SATISFIED,5.0256,65085127.0,28793.0
SAL-Ei-LM,bom_deep_7_3_15_5_No1_p10_ao63_am15_4_m25_ao63_am25_3,63,4,SATISFIED,5.0296,78338500.0,27755.0
SAL-Ei-LM,bom_deep_7_3_15_5_No1_p10_ao63_am15_4_m25_ao63_am25_3,63,5,SATISFIED,5.0247,73525038.0,28411.0
SAL-Ei-LM,bom_deep_7_3_15_5_No1_p10_ao63_am15_4_m25_ao63_am25_3,63,6,SATISFIED,5.024,70573772.0,35434.0
SAL-Ei-LM,bom_deep_7_3_15_5_No1_p10_ao63_am15_4_m25_ao63_am25_3,63,7,SATISFIED,5.0201,69837055.0,35221.0
SAL-Ei-LM,bom_deep_7_3_15_5_No1_p10_ao63_am15_4_m25_ao63_am25_3,63,8,SATISFIED,5.0217,71163162.0,29046.0
SAL-Ei-LM,bom_deep_7_3_15_5_No1_p10_ao63_am15_4_m25_ao63_am25_3,63,9,SATISFIED,5.0207,66559307.0,32551.0
SAL-Ei-LM,bom_deep_7_3_15_5_No1_p10_ao63_am15_4_m25_ao63_am25_3,63,10,SATISFIED,5.0194,75436787.0,29108.0
SAL-Ei-LM,bom_deep_7_3_15_5_No1_p10_ao63_am15_4_m25_ao63_am25_4,63,1,SATISFIED,5.0203,49544215.0,28621.0
SAL-Ei-LM,bom_deep_7_3_15_5_No1_p10_ao63_am15_4_m25_ao63_am25_4,63,2,SATISFIED,5.0199,52452950.0,34890.0
SAL-Ei-LM,bom_deep_7_3_15_5_No1_p10_ao63_am15_4_m25_ao63_am25_4,63,3,SATISFIED,5.0219,50660524.0,34501.0
SAL-Ei-LM,bom_deep_7_3_15_5_No1_p10_ao63_am15_4_m25_ao63_am25_4,63,4,SATISFIED,5.0196,51107996.0,36095.0
SAL-Ei-LM,bom_deep_7_3_15_5_No1_p10_ao63_am15_4_m25_ao63_am25_4,63,5,SATISFIED,5.025,56516604.0,21641.0
SAL-Ei-LM,bom_deep_7_3_15_5_No1_p10_ao63_am15_4_m25_ao63_am25_4,63,6,SATISFIED,5.0232,48309683.0,28191.0
SAL-Ei-LM,bom_deep_7_3_15_5_No1_p10_ao63_am15_4_m25_ao63_am25_4,63,7,SATISFIED,5.0205,52139136.0,34681.0
SAL-Ei-LM,bom_deep_7_3_15_5_No1_p10_ao63_am15_4_m25_ao63_am25_4,63,8,SATISFIED,5.0206,46748990.0,34985.0
SAL-Ei-LM,bom_deep_7_3_15_5_No1_p10_ao63_am15_4_m25_ao63_am25_4,63,9,SATISFIED,5.0224,47861270.0,34759.0
SAL-Ei-LM,bom_deep_7_3_15_5_No1_p10_ao63_am15_4_m25_ao63_am25_4,63,10,SATISFIED,5.0194,52096725.0,35099.0
SAL-Ei-LM,bom_deep_7_3_15_5_No1_p10_ao63_am15_4_m25_ao63_am25_5,63,1,SATISFIED,5.019,79036186.0,35717.0
SAL-Ei-LM,bom_deep_7_3_15_5_No1_p10_ao63_am15_4_m25_ao63_am25_5,63,2,SATISFIED,5.0228,77051308.0,34118.0
SAL-Ei-LM,bom_deep_7_3_15_5_No1_p10_ao63_am15_4_m25_ao63_am25_5,63,3,SATISFIED,5.0198,90950746.0,34664.0
SAL-Ei-LM,bom_deep_7_3_15_5_No1_p10_ao63_am15_4_m25_ao63_am25_5,63,4,SATISFIED,5.0215,82513670.0,35524.0
SAL-Ei-LM,bom_deep_7_3_15_5_No1_p10_ao63_am15_4_m25_ao63_am25_5,63,5,SATISFIED,5.0208,81226877.0,35392.0
SAL-Ei-LM,bom_deep_7_3_15_5_No1_p10_ao63_am15_4_m25_ao63_am25_5,63,6,SATISFIED,5.0211,87172133.0,28436.0
SAL-Ei-LM,bom_deep_7_3_15_5_No1_p10_ao63_am15_4_m25_ao63_am25_5,63,7,SATISFIED,5.0175,98076528.0,34896.0
SAL-Ei-LM,bom_deep_7_3_15_5_No1_p10_ao63_am15_4_m25_ao63_am25_5,63,8,SATISFIED,5.0217,81916636.0,35381.0
SAL-Ei-LM,bom_deep_7_3_15_5_No1_p10_ao63_am15_4_m25_ao63_am25_5,63,9,SATISFIED,5.0214,91011241.0,34666.0
SAL-Ei-LM,bom_deep_7_3_15_5_No1_p10_ao63_am15_4_m25_ao63_am25_5,63,10,SATISFIED,5.0188,83948572.0,28071.0
SAL-Ei-LM,bom_deep_7_3_15_5_No1_p10_ao63_am15_5,63,1,SATISFIED,5.0146,509862215.0,30376.0
SAL-Ei-LM,bom_deep_7_3_15_5_No1_p10_ao63_am15_5,63,2,SATISFIED,5.0229,508444725.0,32759.0
SAL-Ei-LM,bom_deep_7_3_15_5_No1_p10_ao63_am15_5,63,3,SATISFIED,5.022,508391300.0,40269.0
SAL-Ei-LM,bom_deep_7_3_15_5_No1_p10_ao63_am15_5,63,4,SATISFIED,5.0221,508839105.0,32509.0
SAL-Ei-LM,bom_deep_7_3_15_5_No1_p10_ao63_am15_5,63,5,SATISFIED,5.0227,509864740.0,32338.0
SAL-Ei-LM,bom_deep_7_3_15_5_No1_p10_ao63_am15_5,63,6,SATISFIED,5.0195,507947830.0,32476.0
SAL-Ei-LM,bom_deep_7_3_15_5_No1_p10_ao63_am15_5,63,7,SATISFIED,5.0204,509679225.0,40062.0
SAL-Ei-LM,bom_deep_7_3_15_5_No1_p10_ao63_am15_5,63,8,SATISFIED,5.0208,508445720.0,40174.0
SAL-Ei-LM,bom_deep_7_3_15_5_No1_p10_ao63_am15_5,63,9,SATISFIED,5.0201,507813970.0,40260.0
SAL-Ei-LM,bom_deep_7_3_15_5_No1_p10_ao63_am15_5,63,10,SATISFIED,5.0217,509809610.0,39905.0
SAL-Ei-LM,bom_deep_7_3_15_5_No1_p10_ao63_am15_5_m10_ao63_am10_1,63,1,SATISFIED,5.0203,308180192.0,44096.0
SAL-Ei-LM,bom_deep_7_3_15_5_No1_p10_ao63_am15_5_m10_ao63_am10_1,63,2,SATISFIED,5.0205,305264750.0,43471.0
SAL-Ei-LM,bom_deep_7_3_15_5_No1_p10_ao63_am15_5_m10_ao63_am10_1,63,3,SATISFIED,5.0217,310235898.0,24311.0
SAL-Ei-LM,bom_deep_7_3_15_5_No1_p10_ao63_am15_5_m10_ao63_am10_1,63,4,SATISFIED,5.0192,307826259.0,42610.0
SAL-Ei-LM,bom_deep_7_3_15_5_No1_p10_ao63_am15_5_m10_ao63_am10_1,63,5,SATISFIED,5.0197,306331008.0,45192.0
SAL-Ei-LM,bom_deep_7_3_15_5_No1_p10_ao63_am15_5_m10_ao63_am10_1,63,6,SATISFIED,5.0189,309472108.0,44685.0
SAL-Ei-LM,bom_deep_7_3_15_5_No1_p10_ao63_am15_5_m10_ao63_am10_1,63,7,SATISFIED,5.015,309329239.0,43884.0
SAL-Ei-LM,bom_deep_7_3_15_5_No1_p10_ao63_am15_5_m10_ao63_am10_1,63,8,SATISFIED,5.0176,315044445.0,35831.0
SAL-Ei-LM,bom_deep_7_3_15_5_No1_p10_ao63_am15_5_m10_ao63_am10_1,63,9,SATISFIED,5.0206,309067271.0,26105.0
SAL-Ei-LM,bom_deep_7_3_15_5_No1_p10_ao63_am15_5_m10_ao63_am10_1,63,10,SATISFIED,5.0239,309716035.0,31685.0
SAL-Ei-LM,bom_deep_7_3_15_5_No1_p10_ao63_am15_5_m10_ao63_am10_2,63,1,SATISFIED,5.0214,623859817.0,41947.0
SAL-Ei-LM,bom_deep_7_3_15_5_No1_p10_ao63_am15_5_m10_ao63_am10_2,63,2,SATISFIED,5.0213,624037954.0,47000.0
SAL-Ei-LM,bom_deep_7_3_15_5_No1_p10_ao63_am15_5_m10_ao63_am10_2,63,3,SATISFIED,5.0229,623848764.0,28423.0
SAL-Ei-LM,bom_deep_7_3_15_5_No1_p10_ao63_am15_5_m10_ao63_am10_2,63,4,SATISFIED,5.0231,623848161.0,32735.0
SAL-Ei-LM,bom_deep_7_3_15_5_No1_p10_ao63_am15_5_m10_ao63_am10_2,63,5,SATISFIED,5.0238,624999159.0,39405.0
SAL-Ei-LM,bom_deep_7_3_15_5_No1_p10_ao63_am15_5_m10_ao63_am10_2,63,6,SATISFIED,5.022,623858030.0,25612.0
SAL-Ei-LM,bom_deep_7_3_15_5_No1_p10_ao63_am15_5_m10_ao63_am10_2,63,7,SATISFIED,5.0236,624737315.0,42495.0
SAL-Ei-LM,bom_deep_7_3_15_5_No1_p10_ao63_am15_5_m10_ao63_am10_2,63,8,SATISFIED,5.0255,623848416.0,38889.0
SAL-Ei-LM,bom_deep_7_3_15_5_No1_p10_ao63_am15_5_m10_ao63_am10_2,63,9,SATISFIED,5.0255,623848518.0,38621.0
SAL-Ei-LM,bom_deep_7_3_15_5_No1_p10_ao63_am15_5_m10_ao63_am10_2,63,10,SATISFIED,5.0241,623848416.0,47740.0
SAL-Ei-LM,bom_deep_7_3_15_5_No1_p10_ao63_am15_5_m10_ao63_am10_3,63,1,SATISFIED,5.0225,335935716.0,43790.0
SAL-Ei-LM,bom_deep_7_3_15_5_No1_p10_ao63_am15_5_m10_ao63_am10_3,63,2,SATISFIED,5.021,341975539.0,42714.0
SAL-Ei-LM,bom_deep_7_3_15_5_No1_p10_ao63_am15_5_m10_ao63_am10_3,63,3,SATISFIED,5.0192,334564912.0,42391.0
SAL-Ei-LM,bom_deep_7_3_15_5_No1_p10_ao63_am15_5_m10_ao63_am10_3,63,4,SATISFIED,5.0222,327921882.0,42299.0
SAL-Ei-LM,bom_deep_7_3_15_5_No1_p10_ao63_am15_5_m10_ao63_am10_3,63,5,SATISFIED,5.0207,343053243.0,32076.0
SAL-Ei-LM,bom_deep_7_3_15_5_No1_p10_ao63_am15_5_m10_ao63_am10_3,63,6,SATISFIED,5.0194,349414506.0,34621.0
SAL-Ei-LM,bom_deep_7_3_15_5_No1_p10_ao63_am15_5_m10_ao63_am10_3,63,7,SATISFIED,5.0189,344644800.0,43194.0
SAL-Ei-LM,bom_deep_7_3_15_5_No1_p10_ao63_am15_5_m10_ao63_am10_3,63,8,SATISFIED,5.0198,346317928.0,42130.0
SAL-Ei-LM,bom_deep_7_3_15_5_No1_p10_ao63_am15_5_m10_ao63_am10_3,63,9,SATISFIED,5.0204,335079213.0,44328.0
SAL-Ei-LM,bom_deep_7_3_15_5_No1_p10_ao63_am15_5_m10_ao63_am10_3,63,10,SATISFIED,5.0199,333707347.0,43464.0
SAL-Ei-LM,bom_deep_7_3_15_5_No1_p10_ao63_am15_5_m10_ao63_am10_4,63,1,SATISFIED,5.018,409632281.0,44976.0
SAL-Ei-LM,bom_deep_7_3_15_5_No1_p10_ao63_am15_5_m10_ao63_am10_4,63,2,SATISFIED,5.0196,414902917.0,36518.0
SAL-Ei-LM,bom_deep_7_3_15_5_No1_p10_ao63_am15_5_m10_ao63_am10_4,63,3,SATISFIED,5.0218,416613631.0,43797.0
SAL-Ei-LM,bom_deep_7_3_15_5_No1_p10_ao63_am15_5_m10_ao63_am10_4,63,4,SATISFIED,5.0199,410872830.0,43886.0
SAL-Ei-LM,bom_deep_7_3_15_5_No1_p10_ao63_am15_5_m10_ao63_am10_4,63,5,SATISFIED,5.0241,411921520.0,34440.0
SAL-Ei-LM,bom_deep_7_3_15_5_No1_p10_ao63_am15_5_m10_ao63_am10_4,63,6,SATISFIED,5.0215,413472310.0,30671.0
SAL-Ei-LM,bom_deep_7_3_15_5_No1_p10_ao63_am15_5_m10_ao63_am10_4,63,7,SATISFIED,5.0216,419204805.0,41687.0
SAL-Ei-LM,bom_deep_7_3_15_5_No1_p10_ao63_am15_5_m10_ao63_am10_4,63,8,SATISFIED,5.0235,410196257.0,28355.0
SAL-Ei-LM,bom_deep_7_3_15_5_No1_p10_ao63_am15_5_m10_ao63_am10_4,63,9,SATISFIED,5.0199,411695000.0,36126.0
SAL-Ei-LM,bom_deep_7_3_15_5_No1_p10_ao63_am15_5_m10_ao63_am10_4,63,10,SATISFIED,5.02,414775822.0,35469.0
SAL-Ei-LM,bom_deep_7_3_15_5_No1_p10_ao63_am15_5_m10_ao63_am10_5,63,1,SATISFIED,5.0207,91018755.0,28714.0
SAL-Ei-LM,bom_deep_7_3_15_5_No1_p10_ao63_am15_5_m10_ao63_am10_5,63,2,SATISFIED,5.0203,81145986.0,36672.0
SAL-Ei-LM,bom_deep_7_3_15_5_No1_p10_ao63_am15_5_m10_ao63_am10_5,63,3,SATISFIED,5.0214,84898184.0,33312.0
SAL-Ei-LM,bom_deep_7_3_15_5_No1_p10_ao63_am15_5_m10_ao63_am10_5,63,4,SATISFIED,5.0232,84855362.0,37350.0
SAL-Ei-LM,bom_deep_7_3_15_5_No1_p10_ao63_am15_5_m10_ao63_am10_5,63,5,SATISFIED,5.0202,93005136.0,37106.0
SAL-Ei-LM,bom_deep_7_3_15_5_No1_p10_ao63_am15_5_m10_ao63_am10_5,63,6,SATISFIED,5.0204,82946045.0,47042.0
SAL-Ei-LM,bom_deep_7_3_15_5_No1_p10_ao63_am15_5_m10_ao63_am10_5,63,7,SATISFIED,5.0248,88813667.0,46363.0
SAL-Ei-LM,bom_deep_7_3_15_5_No1_p10_ao63_am15_5_m10_ao63_am10_5,63,8,SATISFIED,5.0184,91803515.0,47166.0
SAL-Ei-LM,bom_deep_7_3_15_5_No1_p10_ao63_am15_5_m10_ao63_am10_5,63,9,SATISFIED,5.0179,83805623.0,46457.0
SAL-Ei-LM,bom_deep_7_3_15_5_No1_p10_ao63_am15_5_m10_ao63_am10_5,63,10,SATISFIED,5.0227,94193352.0,37241.0
SAL-Ei-LM,bom_deep_7_3_15_5_No1_p10_ao63_am15_5_m25_ao63_am24_1,63,1,SATISFIED,5.023,90303892.0,29072.0
SAL-Ei-LM,bom_deep_7_3_15_5_No1_p10_ao63_am15_5_m25_ao63_am24_1,63,2,SATISFIED,5.0189,92996955.0,29729.0
SAL-Ei-LM,bom_deep_7_3_15_5_No1_p10_ao63_am15_5_m25_ao63_am24_1,63,3,SATISFIED,5.0227,90906674.0,36607.0
SAL-Ei-LM,bom_deep_7_3_15_5_No1_p10_ao63_am15_5_m25_ao63_am24_1,63,4,SATISFIED,5.0209,97012686.0,34807.0
SAL-Ei-LM,bom_deep_7_3_15_5_No1_p10_ao63_am15_5_m25_ao63_am24_1,63,5,SATISFIED,5.0212,90064600.0,34293.0
SAL-Ei-LM,bom_deep_7_3_15_5_No1_p10_ao63_am15_5_m25_ao63_am24_1,63,6,SATISFIED,5.0206,90412104.0,35362.0
SAL-Ei-LM,bom_deep_7_3_15_5_No1_p10_ao63_am15_5_m25_ao63_am24_1,63,7,SATISFIED,5.0237,87895129.0,34775.0
SAL-Ei-LM,bom_deep_7_3_15_5_No1_p10_ao63_am15_5_m25_ao63_am24_1,63,8,SATISFIED,5.0203,90830074.0,34888.0
SAL-Ei-LM,bom_deep_7_3_15_5_No1_p10_ao63_am15_5_m25_ao63_am24_1,63,9,SATISFIED,5.0198,90521776.0,34827.0
SAL-Ei-LM,bom_deep_7_3_15_5_No1_p10_ao63_am15_5_m25_ao63_am24_1,63,10,SATISFIED,5.0185,93151074.0,34721.0
SAL-Ei-LM,bom_deep_7_3_15_5_No1_p10_ao63_am15_5_m25_ao63_am25_2,63,1,SATISFIED,5.0217,55461516.0,24268.0
SAL-Ei-LM,bom_deep_7_3_15_5_No1_p10_ao63_am15_5_m25_ao63_am25_2,63,2,SATISFIED,5.0181,54398679.0,29011.0
SAL-Ei-LM,bom_deep_7_3_15_5_No1_p10_ao63_am15_5_m25_ao63_am25_2,63,3,SATISFIED,5.0213,55775922.0,21435.0
SAL-Ei-LM,bom_deep_7_3_15_5_No1_p10_ao63_am15_5_m25_ao63_am25_2,63,4,SATISFIED,5.0217,52923207.0,34867.0
SAL-Ei-LM,bom_deep_7_3_15_5_No1_p10_ao63_am15_5_m25_ao63_am25_2,63,5,SATISFIED,5.0213,51334905.0,34551.0
SAL-Ei-LM,bom_deep_7_3_15_5_No1_p10_ao63_am15_5_m25_ao63_am25_2,63,6,SATISFIED,5.0224,51257569.0,25540.0
SAL-Ei-LM,bom_deep_7_3_15_5_No1_p10_ao63_am15_5_m25_ao63_am25_2,63,7,SATISFIED,5.0246,49325545.0,27915.0
SAL-Ei-LM,bom_deep_7_3_15_5_No1_p10_ao63_am15_5_m25_ao63_am25_2,63,8,SATISFIED,5.0226,52481731.0,28931.0
SAL-Ei-LM,bom_deep_7_3_15_5_No1_p10_ao63_am15_5_m25_ao63_am25_2,63,9,SATISFIED,5.0223,51678629.0,24299.0
SAL-Ei-LM,bom_deep_7_3_15_5_No1_p10_ao63_am15_5_m25_ao63_am25_2,63,10,SATISFIED,5.025,51931783.0,19472.0
SAL-Ei-LM,bom_deep_7_3_15_5_No1_p10_ao63_am15_5_m25_ao63_am25_3,63,1,SATISFIED,5.024,96826959.0,28043.0
SAL-Ei-LM,bom_deep_7_3_15_5_No1_p10_ao63_am15_5_m25_ao63_am25_3,63,2,SATISFIED,5.0213,91354773.0,22102.0
SAL-Ei-LM,bom_deep_7_3_15_5_No1_p10_ao63_am15_5_m25_ao63_am25_3,63,3,SATISFIED,5.0193,95096686.0,28510.0
SAL-Ei-LM,bom_deep_7_3_15_5_No1_p10_ao63_am15_5_m25_ao63_am25_3,63,4,SATISFIED,5.0209,97481200.0,28730.0
SAL-Ei-LM,bom_deep_7_3_15_5_No1_p10_ao63_am15_5_m25_ao63_am25_3,63,5,SATISFIED,5.0203,95765143.0,36507.0
SAL-Ei-LM,bom_deep_7_3_15_5_No1_p10_ao63_am15_5_m25_ao63_am25_3,63,6,SATISFIED,5.0207,95831874.0,28841.0
SAL-Ei-LM,bom_deep_7_3_15_5_No1_p10_ao63_am15_5_m25_ao63_am25_3,63,7,SATISFIED,5.0209,95374588.0,28629.0
SAL-Ei-LM,bom_deep_7_3_15_5_No1_p10_ao63_am15_5_m25_ao63_am25_3,63,8,SATISFIED,5.021,97344046.0,28518.0
SAL-Ei-LM,bom_deep_7_3_15_5_No1_p10_ao63_am15_5_m25_ao63_am25_3,63,9,SATISFIED,5.0209,96888627.0,34847.0
SAL-Ei-LM,bom_deep_7_3_15_5_No1_p10_ao63_am15_5_m25_ao63_am25_3,63,10,SATISFIED,5.0229,89959132.0,34961.0
SAL-Ei-LM,bom_deep_7_3_15_5_No1_p10_ao63_am15_5_m25_ao63_am25_4,63,1,SATISFIED,5.0211,185647651.0,34545.0
SAL-Ei-LM,bom_deep_7_3_15_5_No1_p10_ao63_am15_5_m25_ao63_am25_4,63,2,SATISFIED,5.0197,185881618.0,34576.0
SAL-Ei-LM,bom_deep_7_3_15_5_No1_p10_ao63_am15_5_m25_ao63_am25_4,63,3,SATISFIED,5.019,194989623.0,35503.0
SAL-Ei-LM,bom_deep_7_3_15_5_No1_p10_ao63_am15_5_m25_ao63_am25_4,63,4,SATISFIED,5.0178,186815318.0,35502.0
SAL-Ei-LM,bom_deep_7_3_15_5_No1_p10_ao63_am15_5_m25_ao63_am25_4,63,5,SATISFIED,5.0208,179664436.0,34677.0
SAL-Ei-LM,bom_deep_7_3_15_5_No1_p10_ao63_am15_5_m25_ao63_am25_4,63,6,SATISFIED,5.0209,181035932.0,28243.0
SAL-Ei-LM,bom_deep_7_3_15_5_No1_p10_ao63_am15_5_m25_ao63_am25_4,63,7,SATISFIED,5.0234,192652918.0,33978.0
SAL-Ei-LM,bom_deep_7_3_15_5_No1_p10_ao63_am15_5_m25_ao63_am25_4,63,8,SATISFIED,5.021,184339443.0,35879.0
SAL-Ei-LM,bom_deep_7_3_15_5_No1_p10_ao63_am15_5_m25_ao63_am25_4,63,9,SATISFIED,5.0197,171044553.0,35894.0
SAL-Ei-LM,bom_deep_7_3_15_5_No1_p10_ao63_am15_5_m25_ao63_am25_4,63,10,SATISFIED,5.0172,197339463.0,35518.0
SAL-Ei-LM,bom_deep_7_3_15_5_No1_p10_ao63_am15_5_m25_ao63_am25_5,63,1,SATISFIED,5.0202,111607065.0,36053.0
SAL-Ei-LM,bom_deep_7_3_15_5_No1_p10_ao63_am15_5_m25_ao63_am25_5,63,2,SATISFIED,5.0178,118725782.0,36750.0
SAL-Ei-LM,bom_deep_7_3_15_5_No1_p10_ao63_am15_5_m25_ao63_am25_5,63,3,SATISFIED,5.0197,107551035.0,33569.0
SAL-Ei-LM,bom_deep_7_3_15_5_No1_p10_ao63_am15_5_m25_ao63_am25_5,63,4,SATISFIED,5.022,117715343.0,33930.0
SAL-Ei-LM,bom_deep_7_3_15_5_No1_p10_ao63_am15_5_m25_ao63_am25_5,63,5,SATISFIED,5.0235,116508096.0,28399.0
SAL-Ei-LM,bom_deep_7_3_15_5_No1_p10_ao63_am15_5_m25_ao63_am25_5,63,6,SATISFIED,5.0215,120661518.0,29313.0
SAL-Ei-LM,bom_deep_7_3_15_5_No1_p10_ao63_am15_5_m25_ao63_am25_5,63,7,SATISFIED,5.0207,126297157.0,36330.0
SAL-Ei-LM,bom_deep_7_3_15_5_No1_p10_ao63_am15_5_m25_ao63_am25_5,63,8,SATISFIED,5.0194,111826830.0,35592.0
SAL-Ei-LM,bom_deep_7_3_15_5_No1_p10_ao63_am15_5_m25_ao63_am25_5,63,9,SATISFIED,5.019,112139330.0,36157.0
SAL-Ei-LM,bom_deep_7_3_15_5_No1_p10_ao63_am15_5_m25_ao63_am25_5,63,10,SATISFIED,5.0204,123477708.0,36018.0
SAL-Ei-LM,bom_deep_7_3_15_5_No1_p20_ao69_am15_1,69,1,SATISFIED,5.0203,123295875.0,40727.0
SAL-Ei-LM,bom_deep_7_3_15_5_No1_p20_ao69_am15_1,69,2,SATISFIED,5.0205,122674640.0,40889.0
SAL-Ei-LM,bom_deep_7_3_15_5_No1_p20_ao69_am15_1,69,3,SATISFIED,5.0211,122979785.0,41026.0
SAL-Ei-LM,bom_deep_7_3_15_5_No1_p20_ao69_am15_1,69,4,SATISFIED,5.02,122761975.0,41230.0
SAL-Ei-LM,bom_deep_7_3_15_5_No1_p20_ao69_am15_1,69,5,SATISFIED,5.0188,122666800.0,40699.0
SAL-Ei-LM,bom_deep_7_3_15_5_No1_p20_ao69_am15_1,69,6,SATISFIED,5.0211,122972385.0,33343.0
SAL-Ei-LM,bom_deep_7_3_15_5_No1_p20_ao69_am15_1,69,7,SATISFIED,5.0214,122931120.0,28793.0
SAL-Ei-LM,bom_deep_7_3_15_5_No1_p20_ao69_am15_1,69,8,SATISFIED,5.0191,123255305.0,35461.0
SAL-Ei-LM,bom_deep_7_3_15_5_No1_p20_ao69_am15_1,69,9,SATISFIED,5.0168,122876460.0,39949.0
SAL-Ei-LM,bom_deep_7_3_15_5_No1_p20_ao69_am15_1,69,10,SATISFIED,5.0203,122776950.0,38521.0
SAL-Ei-LM,bom_deep_7_3_15_5_No1_p20_ao69_am15_1_m13_ao69_am13_1,69,1,SATISFIED,5.0226,123276525.0,32367.0
SAL-Ei-LM,bom_deep_7_3_15_5_No1_p20_ao69_am15_1_m13_ao69_am13_1,69,2,SATISFIED,5.0209,123265440.0,37552.0
SAL-Ei-LM,bom_deep_7_3_15_5_No1_p20_ao69_am15_1_m13_ao69_am13_1,69,3,SATISFIED,5.0225,123637850.0,38038.0
SAL-Ei-LM,bom_deep_7_3_15_5_No1_p20_ao69_am15_1_m13_ao69_am13_1,69,4,SATISFIED,5.0211,123408815.0,47403.0
SAL-Ei-LM,bom_deep_7_3_15_5_No1_p20_ao69_am15_1_m13_ao69_am13_1,69,5,SATISFIED,5.0213,123267790.0,46097.0
SAL-Ei-LM,bom_deep_7_3_15_5_No1_p20_ao69_am15_1_m13_ao69_am13_1,69,6,SATISFIED,5.0211,123341120.0,46428.0
SAL-Ei-LM,bom_deep_7_3_15_5_No1_p20_ao69_am15_1_m13_ao69_am13_1,69,7,SATISFIED,5.022,123275710.0,37449.0
SAL-Ei-LM,bom_deep_7_3_15_5_No1_p20_ao69_am15_1_m13_ao69_am13_1,69,8,SATISFIED,5.0243,123289335.0,33008.0
SAL-Ei-LM,bom_deep_7_3_15_5_No1_p20_ao69_am15_1_m13_ao69_am13_1,69,9,SATISFIED,5.0218,123271125.0,37842.0
SAL-Ei-LM,bom_deep_7_3_15_5_No1_p20_ao69_am15_1_m13_ao69_am13_1,69,10,SATISFIED,5.0215,123346275.0,33796.0
SAL-Ei-LM,bom_deep_7_3_15_5_No1_p20_ao69_am15_1_m13_ao69_am13_2,69,1,SATISFIED,5.0243,163361397.0,28604.0
SAL-Ei-LM,bom_deep_7_3_15_5_No1_p20_ao69_am15_1_m13_ao69_am13_2,69,2,SATISFIED,5.0197,169239215.0,36001.0
SAL-Ei-LM,bom_deep_7_3_15_5_No1_p20_ao69_am15_1_m13_ao69_am13_2,69,3,SATISFIED,5.0205,155824840.0,27398.0
SAL-Ei-LM,bom_deep_7_3_15_5_No1_p20_ao69_am15_1_m13_ao69_am13_2,69,4,SATISFIED,5.0233,154129260.0,34866.0
SAL-Ei-LM,bom_deep_7_3_15_5_No1_p20_ao69_am15_1_m13_ao69_am13_2,69,5,SATISFIED,5.0222,155475980.0,42128.0
SAL-Ei-LM,bom_deep_7_3_15_5_No1_p20_ao69_am15_1_m13_ao69_am13_2,69,6,SATISFIED,5.0218,174681645.0,28020.0
SAL-Ei-LM,bom_deep_7_3_15_5_No1_p20_ao69_am15_1_m13_ao69_am13_2,69,7,SATISFIED,5.0249,174643430.0,33947.0
SAL-Ei-LM,bom_deep_7_3_15_5_No1_p20_ao69_am15_1_m13_ao69_am13_2,69,8,SATISFIED,5.0209,159327345.0,42811.0
SAL-Ei-LM,bom_deep_7_3_15_5_No1_p20_ao69_am15_1_m13_ao69_am13_2,69,9,SATISFIED,5.021,154236385.0,35360.0
SAL-Ei-LM,bom_deep_7_3_15_5_No1_p20_ao69_am15_1_m13_ao69_am13_2,69,10,SATISFIED,5.0225,168251700.0,30205.0
SAL-Ei-LM,bom_deep_7_3_15_5_No1_p20_ao69_am15_1_m13_ao69_am13_3,69,1,SATISFIED,5.024,116371325.0,39478.0
SAL-Ei-LM,bom_deep_7_3_15_5_No1_p20_ao69_am15_1_m13_ao69_am13_3,69,2,SATISFIED,5.0199,117927915.0,35649.0
SAL-Ei-LM,bom_deep_7_3_15_5_No1_p20_ao69_am15_1_m13_ao69_am13_3,69,3,SATISFIED,5.0214,116856512.0,35416.0
SAL-Ei-LM,bom_deep_7_3_15_5_No1_p20_ao69_am15_1_m13_ao69_am13_3,69,4,SATISFIED,5.0216,135828757.0,27827.0
SAL-Ei-LM,bom_deep_7_3_15_5_No1_p20_ao69_am15_1_m13_ao69_am13_3,69,5,SATISFIED,5.0186,112879040.0,32860.0
SAL-Ei-LM,bom_deep_7_3_15_5_No1_p20_ao69_am15_1_m13_ao69_am13_3,69,6,SATISFIED,5.0174,110574765.0,36414.0
SAL-Ei-LM,bom_deep_7_3_15_5_No1_p20_ao69_am15_1_m13_ao69_am13_3,69,7,SATISFIED,5.018,119835620.0,36690.0
SAL-Ei-LM,bom_deep_7_3_15_5_No1_p20_ao69_am15_1_m13_ao69_am13_3,69,8,SATISFIED,5.0175,116663993.0,32826.0
SAL-Ei-LM,bom_deep_7_3_15_5_No1_p20_ao69_am15_1_m13_ao69_am13_3,69,9,SATISFIED,5.0196,116006240.0,45328.0
SAL-Ei-LM,bom_deep_7_3_15_5_No1_p20_ao69_am15_1_m13_ao69_am13_3,69,10,SATISFIED,5.0221,127591121.0,43861.0
SAL-Ei-LM,bom_deep_7_3_15_5_No1_p20_ao69_am15_1_m13_ao69_am13_4,69,1,SATISFIED,5.0198,60869240.0,36857.0
SAL-Ei-LM,bom_deep_7_3_15_5_No1_p20_ao69_am15_1_m13_ao69_am13_4,69,2,SATISFIED,5.0216,60868727.0,26083.0
SAL-Ei-LM,bom_deep_7_3_15_5_No1_p20_ao69_am15_1_m13_ao69_am13_4,69,3,SATISFIED,5.0211,60878069.0,41696.0
SAL-Ei-LM,bom_deep_7_3_15_5_No1_p20_ao69_am15_1_m13_ao69_am13_4,69,4,SATISFIED,5.0225,60879895.0,42008.0
SAL-Ei-LM,bom_deep_7_3_15_5_No1_p20_ao69_am15_1_m13_ao69_am13_4,69,5,SATISFIED,5.0191,60883757.0,41667.0
SAL-Ei-LM,bom_deep_7_3_15_5_No1_p20_ao69_am15_1_m13_ao69_am13_4,69,6,SATISFIED,5.0192,60880336.0,40998.0
SAL-Ei-LM,bom_deep_7_3_15_5_No1_p20_ao69_am15_1_m13_ao69_am13_4,69,7,SATISFIED,5.0224,60877346.0,33725.0
SAL-Ei-LM,bom_deep_7_3_15_5_No1_p20_ao69_am15_1_m13_ao69_am13_4,69,8,SATISFIED,5.0257,60874235.0,29678.0
SAL-Ei-LM,bom_deep_7_3_15_5_No1_p20_ao69_am15_1_m13_ao69_am13_4,69,9,SATISFIED,5.0258,60867830.0,32867.0
SAL-Ei-LM,bom_deep_7_3_15_5_No1_p20_ao69_am15_1_m13_ao69_am13_4,69,10,SATISFIED,5.0216,60866197.0,40513.0
SAL-Ei-LM,bom_deep_7_3_15_5_No1_p20_ao69_am15_1_m13_ao69_am13_5,69,1,SATISFIED,5.0211,96765319.0,40255.0
SAL-Ei-LM,bom_deep_7_3_15_5_No1_p20_ao69_am15_1_m13_ao69_am13_5,69,2,SATISFIED,5.0253,96409876.0,24106.0
SAL-Ei-LM,bom_deep_7_3_15_5_No1_p20_ao69_am15_1_m13_ao69_am13_5,69,3,SATISFIED,5.02,96038510.0,33937.0
SAL-Ei-LM,bom_deep_7_3_15_5_No1_p20_ao69_am15_1_m13_ao69_am13_5,69,4,SATISFIED,5.0221,95869503.0,28081.0
SAL-Ei-LM,bom_deep_7_3_15_5_No1_p20_ao69_am15_1_m13_ao69_am13_5,69,5,SATISFIED,5.0222,96279878.0,30919.0
SAL-Ei-LM,bom_deep_7_3_15_5_No1_p20_ao69_am15_1_m13_ao69_am13_5,69,6,SATISFIED,5.0196,96690170.0,34657.0
SAL-Ei-LM,bom_deep_7_3_15_5_No1_p20_ao69_am15_1_m13_ao69_am13_5,69,7,SATISFIED,5.0232,96873935.0,33644.0
SAL-Ei-LM,bom_deep_7_3_15_5_No1_p20_ao69_am15_1_m13_ao69_am13_5,69,8,SATISFIED,5.0172,95901640.0,41389.0
SAL-Ei-LM,bom_deep_7_3_15_5_No1_p20_ao69_am15_1_m13_ao69_am13_5,69,9,SATISFIED,5.0178,96049750.0,40949.0
SAL-Ei-LM,bom_deep_7_3_15_5_No1_p20_ao69_am15_1_m13_ao69_am13_5,69,10,SATISFIED,5.0175,95674494.0,41449.0
SAL-Ei-LM,bom_deep_7_3_15_5_No1_p20_ao69_am15_1_m30_ao69_am27_1,69,1,SATISFIED,5.0222,76024499.0,31411.0
SAL-Ei-LM,bom_deep_7_3_15_5_No1_p20_ao69_am15_1_m30_ao69_am27_1,69,2,SATISFIED,5.0232,68274435.0,25765.0
SAL-Ei-LM,bom_deep_7_3_15_5_No1_p20_ao69_am15_1_m30_ao69_am27_1,69,3,SATISFIED,5.0297,72741941.0,32420.0
SAL-Ei-LM,bom_deep_7_3_15_5_No1_p20_ao69_am15_1_m30_ao69_am27_1,69,4,SATISFIED,5.0223,69192782.0,32165.0
SAL-Ei-LM,bom_deep_7_3_15_5_No1_p20_ao69_am15_1_m30_ao69_am27_1,69,5,SATISFIED,5.0175,75331570.0,34616.0
SAL-Ei-LM,bom_deep_7_3_15_5_No1_p20_ao69_am15_1_m30_ao69_am27_1,69,6,SATISFIED,5.0209,70399988.0,26889.0
SAL-Ei-LM,bom_deep_7_3_15_5_No1_p20_ao69_am15_1_m30_ao69_am27_1,69,7,SATISFIED,5.0198,76943745.0,32218.0
SAL-Ei-LM,bom_deep_7_3_15_5_No1_p20_ao69_am15_1_m30_ao69_am27_1,69,8,SATISFIED,5.0209,76885740.0,34917.0
SAL-Ei-LM,bom_deep_7_3_15_5_No1_p20_ao69_am15_1_m30_ao69_am27_1,69,9,SATISFIED,5.0225,76945140.0,22220.0
SAL-Ei-LM,bom_deep_7_3_15_5_No1_p20_ao69_am15_1_m30_ao69_am27_1,69,10,SATISFIED,5.0216,75174884.0,28239.0
SAL-Ei-LM,bom_deep_7_3_15_5_No1_p20_ao69_am15_1_m30_ao69_am27_4,69,1,SATISFIED,5.0257,70754324.0,22123.0
SAL-Ei-LM,bom_deep_7_3_15_5_No1_p20_ao69_am15_1_m30_ao69_am27_4,69,2,SATISFIED,5.0212,71970935.0,35196.0
SAL-Ei-LM,bom_deep_7_3_15_5_No1_p20_ao69_am15_1_m30_ao69_am27_4,69,3,SATISFIED,5.022,68392450.0,28691.0
SAL-Ei-LM,bom_deep_7_3_15_5_No1_p20_ao69_am15_1_m30_ao69_am27_4,69,4,SATISFIED,5.0242,67780979.0,28609.0
SAL-Ei-LM,bom_deep_7_3_15_5_No1_p20_ao69_am15_1_m30_ao69_am27_4,69,5,SATISFIED,5.0272,71676939.0,18591.0
SAL-Ei-LM,bom_deep_7_3_15_5_No1_p20_ao69_am15_1_m30_ao69_am27_4,69,6,SATISFIED,5.0222,76153699.0,29869.0
SAL-Ei-LM,bom_deep_7_3_15_5_No1_p20_ao69_am15_1_m30_ao69_am27_4,69,7,SATISFIED,5.0195,71400556.0,34652.0
SAL-Ei-LM,bom_deep_7_3_15_5_No1_p20_ao69_am15_1_m30_ao69_am27_4,69,8,SATISFIED,5.0209,68500736.0,22812.0
SAL-Ei-LM,bom_deep_7_3_15_5_No1_p20_ao69_am15_1_m30_ao69_am27_4,69,9,SATISFIED,5.0218,70268271.0,29188.0
SAL-Ei-LM,bom_deep_7_3_15_5_No1_p20_ao69_am15_1_m30_ao69_am27_4,69,10,SATISFIED,5.0217,69146406.0,24186.0
SAL-Ei-LM,bom_deep_7_3_15_5_No1_p20_ao69_am15_1_m30_ao69_am28_2,69,1,SATISFIED,5.0226,123019653.0,34772.0
SAL-Ei-LM,bom_deep_7_3_15_5_No1_p20_ao69_am15_1_m30_ao69_am28_2,69,2,SATISFIED,5.0244,124101544.0,27418.0
SAL-Ei-LM,bom_deep_7_3_15_5_No1_p20_ao69_am15_1_m30_ao69_am28_2,69,3,SATISFIED,5.0236,122912300.0,24433.0
SAL-Ei-LM,bom_deep_7_3_15_5_No1_p20_ao69_am15_1_m30_ao69_am28_2,69,4,SATISFIED,5.0205,125320440.0,33493.0
SAL-Ei-LM,bom_deep_7_3_15_5_No1_p20_ao69_am15_1_m30_ao69_am28_2,69,5,SATISFIED,5.0199,123859288.0,26803.0
SAL-Ei-LM,bom_deep_7_3_15_5_No1_p20_ao69_am15_1_m30_ao69_am28_2,69,6,SATISFIED,5.0211,125015855.0,36380.0
SAL-Ei-LM,bom_deep_7_3_15_5_No1_p20_ao69_am15_1_m30_ao69_am28_2,69,7,SATISFIED,5.0223,125339665.0,30574.0
SAL-Ei-LM,bom_deep_7_3_15_5_No1_p20_ao69_am15_1_m30_ao69_am28_2,69,8,SATISFIED,5.0211,122308914.0,28629.0
SAL-Ei-LM,bom_deep_7_3_15_5_No1_p20_ao69_am15_1_m30_ao69_am28_2,69,9,SATISFIED,5.0212,125484410.0,35430.0
SAL-Ei-LM,bom_deep_7_3_15_5_No1_p20_ao69_am15_1_m30_ao69_am28_2,69,10,SATISFIED,5.0208,127930120.0,35268.0
SAL-Ei-LM,bom_deep_7_3_15_5_No1_p20_ao69_am15_1_m30_ao69_am29_5,69,1,SATISFIED,5.0241,85042335.0,34712.0
SAL-Ei-LM,bom_deep_7_3_15_5_No1_p20_ao69_am15_1_m30_ao69_am29_5,69,2,SATISFIED,5.0232,77169913.0,34997.0
SAL-Ei-LM,bom_deep_7_3_15_5_No1_p20_ao69_am15_1_m30_ao69_am29_5,69,3,SATISFIED,5.0225,78527879.0,32699.0
SAL-Ei-LM,bom_deep_7_3_15_5_No1_p20_ao69_am15_1_m30_ao69_am29_5,69,4,SATISFIED,5.0214,77505952.0,26206.0
SAL-Ei-LM,bom_deep_7_3_15_5_No1_p20_ao69_am15_1_m30_ao69_am29_5,69,5,SATISFIED,5.0196,74732831.0,34708.0
SAL-Ei-LM,bom_deep_7_3_15_5_No1_p20_ao69_am15_1_m30_ao69_am29_5,69,6,SATISFIED,5.0195,76716540.0,34432.0
SAL-Ei-LM,bom_deep_7_3_15_5_No1_p20_ao69_am15_1_m30_ao69_am29_5,69,7,SATISFIED,5.0207,79075646.0,34547.0
SAL-Ei-LM,bom_deep_7_3_15_5_No1_p20_ao69_am15_1_m30_ao69_am29_5,69,8,SATISFIED,5.0217,77965704.0,34420.0
SAL-Ei-LM,bom_deep_7_3_15_5_No1_p20_ao69_am15_1_m30_ao69_am29_5,69,9,SATISFIED,5.0209,82605748.0,28364.0
SAL-Ei-LM,bom_deep_7_3_15_5_No1_p20_ao69_am15_1_m30_ao69_am29_5,69,10,SATISFIED,5.0207,77862040.0,35428.0
SAL-Ei-LM,bom_deep_7_3_15_5_No1_p20_ao69_am15_1_m30_ao69_am30_3,69,1,SATISFIED,5.0193,60100275.0,35581.0
SAL-Ei-LM,bom_deep_7_3_15_5_No1_p20_ao69_am15_1_m30_ao69_am30_3,69,2,SATISFIED,5.0204,61208610.0,35839.0
SAL-Ei-LM,bom_deep_7_3_15_5_No1_p20_ao69_am15_1_m30_ao69_am30_3,69,3,SATISFIED,5.0237,58719500.0,35936.0
SAL-Ei-LM,bom_deep_7_3_15_5_No1_p20_ao69_am15_1_m30_ao69_am30_3,69,4,SATISFIED,5.0262,53436194.0,35945.0
SAL-Ei-LM,bom_deep_7_3_15_5_No1_p20_ao69_am15_1_m30_ao69_am30_3,69,5,SATISFIED,5.0236,60784721.0,28087.0
SAL-Ei-LM,bom_deep_7_3_15_5_No1_p20_ao69_am15_1_m30_ao69_am30_3,69,6,SATISFIED,5.0232,57127485.0,26372.0
SAL-Ei-LM,bom_deep_7_3_15_5_No1_p20_ao69_am15_1_m30_ao69_am30_3,69,7,SATISFIED,5.0252,57740015.0,28442.0
SAL-Ei-LM,bom_deep_7_3_15_5_No1_p20_ao69_am15_1_m30_ao69_am30_3,69,8,SATISFIED,5.0229,59369595.0,28167.0
SAL-Ei-LM,bom_deep_7_3_15_5_No1_p20_ao69_am15_1_m30_ao69_am30_3,69,9,SATISFIED,5.0206,54742254.0,29189.0
SAL-Ei-LM,bom_deep_7_3_15_5_No1_p20_ao69_am15_1_m30_ao69_am30_3,69,10,SATISFIED,5.0218,60703995.0,36490.0
SAL-Ei-LM,bom_deep_7_3_15_5_No1_p20_ao69_am15_2,69,1,SATISFIED,5.0189,112079890.0,40860.0
SAL-Ei-LM,bom_deep_7_3_15_5_No1_p20_ao69_am15_2,69,2,SATISFIED,5.0214,112104765.0,40571.0
SAL-Ei-LM,bom_deep_7_3_15_5_No1_p20_ao69_am15_2,69,3,SATISFIED,5.021,111889785.0,31986.0
SAL-Ei-LM,bom_deep_7_3_15_5_No1_p20_ao69_am15_2,69,4,SATISFIED,5.0205,121854210.0,32796.0
SAL-Ei-LM,bom_deep_7_3_15_5_No1_p20_ao69_am15_2,69,5,SATISFIED,5.0209,111494046.0,38944.0
SAL-Ei-LM,bom_deep_7_3_15_5_No1_p20_ao69_am15_2,69,6,SATISFIED,5.0199,111531275.0,39058.0
SAL-Ei-LM,bom_deep_7_3_15_5_No1_p20_ao69_am15_2,69,7,SATISFIED,5.0183,111520950.0,27797.0
SAL-Ei-LM,bom_deep_7_3_15_5_No1_p20_ao69_am15_2,69,8,SATISFIED,5.0196,111901140.0,39098.0
SAL-Ei-LM,bom_deep_7_3_15_5_No1_p20_ao69_am15_2,69,9,SATISFIED,5.015,111749975.0,39421.0
SAL-Ei-LM,bom_deep_7_3_15_5_No1_p20_ao69_am15_2,69,10,SATISFIED,5.0177,111977945.0,40649.0
SAL-Ei-LM,bom_deep_7_3_15_5_No1_p20_ao69_am15_2_m13_ao69_am13_1,69,1,SATISFIED,5.0192,366055200.0,48260.0
SAL-Ei-LM,bom_deep_7_3_15_5_No1_p20_ao69_am15_2_m13_ao69_am13_1,69,2,SATISFIED,5.0178,382649638.0,39958.0
SAL-Ei-LM,bom_deep_7_3_15_5_No1_p20_ao69_am15_2_m13_ao69_am13_1,69,3,SATISFIED,5.021,367504423.0,49027.0
SAL-Ei-LM,bom_deep_7_3_15_5_No1_p20_ao69_am15_2_m13_ao69_am13_1,69,4,SATISFIED,5.0208,339141949.0,39664.0
SAL-Ei-LM,bom_deep_7_3_15_5_No1_p20_ao69_am15_2_m13_ao69_am13_1,69,5,SATISFIED,5.0206,342454812.0,39067.0
SAL-Ei-LM,bom_deep_7_3_15_5_No1_p20_ao69_am15_2_m13_ao69_am13_1,69,6,SATISFIED,5.0201,340730605.0,38752.0
SAL-Ei-LM,bom_deep_7_3_15_5_No1_p20_ao69_am15_2_m13_ao69_am13_1,69,7,SATISFIED,5.0207,352943350.0,47999.0
SAL-Ei-LM,bom_deep_7_3_15_5_No1_p20_ao69_am15_2_m13_ao69_am13_1,69,8,SATISFIED,5.0228,352494825.0,48178.0
SAL-Ei-LM,bom_deep_7_3_15_5_No1_p20_ao69_am15_2_m13_ao69_am13_1,69,9,SATISFIED,5.0246,333271364.0,36774.0
SAL-Ei-LM,bom_deep_7_3_15_5_No1_p20_ao69_am15_2_m13_ao69_am13_1,69,10,SATISFIED,5.0243,333028567.0,38108.0
SAL-Ei-LM,bom_deep_7_3_15_5_No1_p20_ao69_am15_2_m13_ao69_am13_2,69,1,SATISFIED,5.0232,876629502.0,44457.0
SAL-Ei-LM,bom_deep_7_3_15_5_No1_p20_ao69_am15_2_m13_ao69_am13_2,69,2,SATISFIED,5.0228,809789605.0,35131.0
SAL-Ei-LM,bom_deep_7_3_15_5_No1_p20_ao69_am15_2_m13_ao69_am13_2,69,3,SATISFIED,5.0216,768210664.0,42962.0
SAL-Ei-LM,bom_deep_7_3_15_5_No1_p20_ao69_am15_2_m13_ao69_am13_2,69,4,SATISFIED,5.0236,784743458.0,33937.0
SAL-Ei-LM,bom_deep_7_3_15_5_No1_p20_ao69_am15_2_m13_ao69_am13_2,69,5,SATISFIED,5.0298,897094144.0,34881.0
SAL-Ei-LM,bom_deep_7_3_15_5_No1_p20_ao69_am15_2_m13_ao69_am13_2,69,6,SATISFIED,5.0282,802162001.0,32367.0
SAL-Ei-LM,bom_deep_7_3_15_5_No1_p20_ao69_am15_2_m13_ao69_am13_2,69,7,SATISFIED,5.0276,875204522.0,35565.0
SAL-Ei-LM,bom_deep_7_3_15_5_No1_p20_ao69_am15_2_m13_ao69_am13_2,69,8,SATISFIED,5.0273,838191425.0,23786.0
SAL-Ei-LM,bom_deep_7_3_15_5_No1_p20_ao69_am15_2_m13_ao69_am13_2,69,9,SATISFIED,5.0219,770962223.0,25694.0
SAL-Ei-LM,bom_deep_7_3_15_5_No1_p20_ao69_am15_2_m13_ao69_am13_2,69,10,SATISFIED,5.019,835520992.0,43389.0
SAL-Ei-LM,bom_deep_7_3_15_5_No1_p20_ao69_am15_2_m13_ao69_am13_3,69,1,SATISFIED,5.0213,626784423.0,31568.0
SAL-Ei-LM,bom_deep_7_3_15_5_No1_p20_ao69_am15_2_m13_ao69_am13_3,69,2,SATISFIED,5.0207,626642919.0,39204.0
SAL-Ei-LM,bom_deep_7_3_15_5_No1_p20_ao69_am15_2_m13_ao69_am13_3,69,3,SATISFIED,5.0197,628099682.0,29785.0
SAL-Ei-LM,bom_deep_7_3_15_5_No1_p20_ao69_am15_2_m13_ao69_am13_3,69,4,SATISFIED,5.0203,626911904.0,35374.0
SAL-Ei-LM,bom_deep_7_3_15_5_No1_p20_ao69_am15_2_m13_ao69_am13_3,69,5,SATISFIED,5.0225,626442777.0,27739.0
SAL-Ei-LM,bom_deep_7_3_15_5_No1_p20_ao69_am15_2_m13_ao69_am13_3,69,6,SATISFIED,5.0211,627185287.0,35808.0
SAL-Ei-LM,bom_deep_7_3_15_5_No1_p20_ao69_am15_2_m13_ao69_am13_3,69,7,SATISFIED,5.0222,626705942.0,35925.0
SAL-Ei-LM,bom_deep_7_3_15_5_No1_p20_ao69_am15_2_m13_ao69_am13_3,69,8,SATISFIED,5.0218,626286137.0,35788.0
SAL-Ei-LM,bom_deep_7_3_15_5_No1_p20_ao69_am15_2_m13_ao69_am13_3,69,9,SATISFIED,5.023,626127412.0,34867.0
SAL-Ei-LM,bom_deep_7_3_15_5_No1_p20_ao69_am15_2_m13_ao69_am13_3,69,10,SATISFIED,5.0218,626603650.0,43425.0
SAL-Ei-LM,bom_deep_7_3_15_5_No1_p20_ao69_am15_2_m13_ao69_am13_4,69,1,SATISFIED,5.0221,721219423.0,43943.0
SAL-Ei-LM,bom_deep_7_3_15_5_No1_p20_ao69_am15_2_m13_ao69_am13_4,69,2,SATISFIED,5.0221,721927395.0,36132.0
SAL-Ei-LM,bom_deep_7_3_15_5_No1_p20_ao69_am15_2_m13_ao69_am13_4,69,3,SATISFIED,5.0213,721414810.0,44792.0
SAL-Ei-LM,bom_deep_7_3_15_5_No1_p20_ao69_am15_2_m13_ao69_am13_4,69,4,SATISFIED,5.0214,721798855.0,45477.0
SAL-Ei-LM,bom_deep_7_3_15_5_No1_p20_ao69_am15_2_m13_ao69_am13_4,69,5,SATISFIED,5.0221,721230785.0,36840.0
SAL-Ei-LM,bom_deep_7_3_15_5_No1_p20_ao69_am15_2_m13_ao69_am13_4,69,6,SATISFIED,5.0187,722760470.0,36540.0
SAL-Ei-LM,bom_deep_7_3_15_5_No1_p20_ao69_am15_2_m13_ao69_am13_4,69,7,SATISFIED,5.0199,720256983.0,44469.0
SAL-Ei-LM,bom_deep_7_3_15_5_No1_p20_ao69_am15_2_m13_ao69_am13_4,69,8,SATISFIED,5.0196,721526360.0,45516.0
SAL-Ei-LM,bom_deep_7_3_15_5_No1_p20_ao69_am15_2_m13_ao69_am13_4,69,9,SATISFIED,5.0215,721012110.0,46117.0
SAL-Ei-LM,bom_deep_7_3_15_5_No1_p20_ao69_am15_2_m13_ao69_am13_4,69,10,SATISFIED,5.023,722559145.0,23389.0
SAL-Ei-LM,bom_deep_7_3_15_5_No1_p20_ao69_am15_2_m13_ao69_am13_5,69,1,SATISFIED,5.0204,139866709.0,38471.0
SAL-Ei-LM,bom_deep_7_3_15_5_No1_p20_ao69_am15_2_m13_ao69_am13_5,69,2,SATISFIED,5.0216,142330012.0,32280.0
SAL-Ei-LM,bom_deep_7_3_15_5_No1_p20_ao69_am15_2_m13_ao69_am13_5,69,3,SATISFIED,5.0209,147082092.0,36088.0
SAL-Ei-LM,bom_deep_7_3_15_5_No1_p20_ao69_am15_2_m13_ao69_am13_5,69,4,SATISFIED,5.0169,135039663.0,45452.0
SAL-Ei-LM,bom_deep_7_3_15_5_No1_p20_ao69_am15_2_m13_ao69_am13_5,69,5,SATISFIED,5.0196,147103675.0,37016.0
SAL-Ei-LM,bom_deep_7_3_15_5_No1_p20_ao69_am15_2_m13_ao69_am13_5,69,6,SATISFIED,5.0234,147138860.0,27012.0
SAL-Ei-LM,bom_deep_7_3_15_5_No1_p20_ao69_am15_2_m13_ao69_am13_5,69,7,SATISFIED,5.0212,154292389.0,27745.0
SAL-Ei-LM,bom_deep_7_3_15_5_No1_p20_ao69_am15_2_m13_ao69_am13_5,69,8,SATISFIED,5.0207,136122605.0,28620.0
SAL-Ei-LM,bom_deep_7_3_15_5_No1_p20_ao69_am15_2_m13_ao69_am13_5,69,9,SATISFIED,5.0199,147074232.0,33321.0
SAL-Ei-LM,bom_deep_7_3_15_5_No1_p20_ao69_am15_2_m13_ao69_am13_5,69,10,SATISFIED,5.02,164655862.0,35290.0
SAL-Ei-LM,bom_deep_7_3_15_5_No1_p20_ao69_am15_2_m30_ao69_am27_1,69,1,SATISFIED,5.0221,378581646.0,36141.0
SAL-Ei-LM,bom_deep_7_3_15_5_No1_p20_ao69_am15_2_m30_ao69_am27_1,69,2,SATISFIED,5.0193,408233022.0,36137.0
SAL-Ei-LM,bom_deep_7_3_15_5_No1_p20_ao69_am15_2_m30_ao69_am27_1,69,3,SATISFIED,5.0221,406546721.0,35330.0
SAL-Ei-LM,bom_deep_7_3_15_5_No1_p20_ao69_am15_2_m30_ao69_am27_1,69,4,SATISFIED,5.0217,436483336.0,27988.0
SAL-Ei-LM,bom_deep_7_3_15_5_No1_p20_ao69_am15_2_m30_ao69_am27_1,69,5,SATISFIED,5.0192,389338510.0,35553.0
SAL-Ei-LM,bom_deep_7_3_15_5_No1_p20_ao69_am15_2_m30_ao69_am27_1,69,6,SATISFIED,5.0205,418541431.0,35535.0
SAL-Ei-LM,bom_deep_7_3_15_5_No1_p20_ao69_am15_2_m30_ao69_am27_1,69,7,SATISFIED,5.0212,395370252.0,36074.0
SAL-Ei-LM,bom_deep_7_3_15_5_No1_p20_ao69_am15_2_m30_ao69_am27_1,69,8,SATISFIED,5.0203,432043508.0,35288.0
SAL-Ei-LM,bom_deep_7_3_15_5_No1_p20_ao69_am15_2_m30_ao69_am27_1,69,9,SATISFIED,5.0214,390094803.0,35447.0
SAL-Ei-LM,bom_deep_7_3_15_5_No1_p20_ao69_am15_2_m30_ao69_am27_1,69,10,SATISFIED,5.0195,385145928.0,35491.0
SAL-Ei-LM,bom_deep_7_3_15_5_No1_p20_ao69_am15_2_m30_ao69_am27_5,69,1,SATISFIED,5.0197,327322145.0,35172.0
SAL-Ei-LM,bom_deep_7_3_15_5_No1_p20_ao69_am15_2_m30_ao69_am27_5,69,2,SATISFIED,5.0213,332102818.0,35183.0
SAL-Ei-LM,bom_deep_7_3_15_5_No1_p20_ao69_am15_2_m30_ao69_am27_5,69,3,SATISFIED,5.021,296330198.0,35214.0
SAL-Ei-LM,bom_deep_7_3_15_5_No1_p20_ao69_am15_2_m30_ao69_am27_5,69,4,SATISFIED,5.0228,321328279.0,34275.0
SAL-Ei-LM,bom_deep_7_3_15_5_No1_p20_ao69_am15_2_m30_ao69_am27_5,69,5,SATISFIED,5.022,298125088.0,30402.0
SAL-Ei-LM,bom_deep_7_3_15_5_No1_p20_ao69_am15_2_m30_ao69_am27_5,69,6,SATISFIED,5.0198,326795721.0,36328.0
SAL-Ei-LM,bom_deep_7_3_15_5_No1_p20_ao69_am15_2_m30_ao69_am27_5,69,7,SATISFIED,5.0209,303824573.0,36301.0
SAL-Ei-LM,bom_deep_7_3_15_5_No1_p20_ao69_am15_2_m30_ao69_am27_5,69,8,SATISFIED,5.0221,334199269.0,33792.0
SAL-Ei-LM,bom_deep_7_3_15_5_No1_p20_ao69_am15_2_m30_ao69_am27_5,69,9,SATISFIED,5.0236,291250074.0,25368.0
SAL-Ei-LM,bom_deep_7_3_15_5_No1_p20_ao69_am15_2_m30_ao69_am27_5,69,10,SATISFIED,5.0197,331009071.0,22496.0
SAL-Ei-LM,bom_deep_7_3_15_5_No1_p20_ao69_am15_2_m30_ao69_am28_2,69,1,SATISFIED,5.0227,92667072.0,35822.0
SAL-Ei-LM,bom_deep_7_3_15_5_No1_p20_ao69_am15_2_m30_ao69_am28_2,69,2,SATISFIED,5.0213,91278834.0,34944.0
SAL-Ei-LM,bom_deep_7_3_15_5_No1_p20_ao69_am15_2_m30_ao69_am28_2,69,3,SATISFIED,5.02,115954317.0,29000.0
SAL-Ei-LM,bom_deep_7_3_15_5_No1_p20_ao69_am15_2_m30_ao69_am28_2,69,4,SATISFIED,5.0184,97516445.0,29470.0
SAL-Ei-LM,bom_deep_7_3_15_5_No1_p20_ao69_am15_2_m30_ao69_am28_2,69,5,SATISFIED,5.0195,91394152.0,34723.0
SAL-Ei-LM,bom_deep_7_3_15_5_No1_p20_ao69_am15_2_m30_ao69_am28_2,69,6,SATISFIED,5.0197,102353133.0,36359.0
SAL-Ei-LM,bom_deep_7_3_15_5_No1_p20_ao69_am15_2_m30_ao69_am28_2,69,7,SATISFIED,5.0232,94310251.0,35218.0
SAL-Ei-LM,bom_deep_7_3_15_5_No1_p20_ao69_am15_2_m30_ao69_am28_2,69,8,SATISFIED,5.0222,116707563.0,35140.0
SAL-Ei-LM,bom_deep_7_3_15_5_No1_p20_ao69_am15_2_m30_ao69_am28_2,69,9,SATISFIED,5.0247,99083724.0,27807.0
SAL-Ei-LM,bom_deep_7_3_15_5_No1_p20_ao69_am15_2_m30_ao69_am28_2,69,10,SATISFIED,5.0222,113761432.0,29081.0
SAL-Ei-LM,bom_deep_7_3_15_5_No1_p20_ao69_am15_2_m30_ao69_am28_3,69,1,SATISFIED,5.0215,273905155.0,35578.0
SAL-Ei-LM,bom_deep_7_3_15_5_No1_p20_ao69_am15_2_m30_ao69_am28_3,69,2,SATISFIED,5.0244,296507136.0,36022.0
SAL-Ei-LM,bom_deep_7_3_15_5_No1_p20_ao69_am15_2_m30_ao69_am28_3,69,3,SATISFIED,5.0231,273445849.0,36626.0
SAL-Ei-LM,bom_deep_7_3_15_5_No1_p20_ao69_am15_2_m30_ao69_am28_3,69,4,SATISFIED,5.0226,282270091.0,34887.0
SAL-Ei-LM,bom_deep_7_3_15_5_No1_p20_ao69_am15_2_m30_ao69_am28_3,69,5,SATISFIED,5.0221,274923613.0,29046.0
SAL-Ei-LM,bom_deep_7_3_15_5_No1_p20_ao69_am15_2_m30_ao69_am28_3,69,6,SATISFIED,5.0217,284724437.0,28140.0
SAL-Ei-LM,bom_deep_7_3_15_5_No1_p20_ao69_am15_2_m30_ao69_am28_3,69,7,SATISFIED,5.0207,273855132.0,34916.0
SAL-Ei-LM,bom_deep_7_3_15_5_No1_p20_ao69_am15_2_m30_ao69_am28_3,69,8,SATISFIED,5.0229,281645801.0,27986.0
SAL-Ei-LM,bom_deep_7_3_15_5_No1_p20_ao69_am15_2_m30_ao69_am28_3,69,9,SATISFIED,5.0237,278285621.0,32352.0
SAL-Ei-LM,bom_deep_7_3_15_5_No1_p20_ao69_am15_2_m30_ao69_am28_3,69,10,SATISFIED,5.0204,277219671.0,34979.0
SAL-Ei-LM,bom_deep_7_3_15_5_No1_p20_ao69_am15_2_m30_ao69_am29_4,69,1,SATISFIED,5.0178,540172003.0,28579.0
SAL-Ei-LM,bom_deep_7_3_15_5_No1_p20_ao69_am15_2_m30_ao69_am29_4,69,2,SATISFIED,5.0218,608570510.0,35251.0
SAL-Ei-LM,bom_deep_7_3_15_5_No1_p20_ao69_am15_2_m30_ao69_am29_4,69,3,SATISFIED,5.0243,591129490.0,35872.0
SAL-Ei-LM,bom_deep_7_3_15_5_No1_p20_ao69_am15_2_m30_ao69_am29_4,69,4,SATISFIED,5.023,535336983.0,29046.0
SAL-Ei-LM,bom_deep_7_3_15_5_No1_p20_ao69_am15_2_m30_ao69_am29_4,69,5,SATISFIED,5.0249,568803776.0,34630.0
SAL-Ei-LM,bom_deep_7_3_15_5_No1_p20_ao69_am15_2_m30_ao69_am29_4,69,6,SATISFIED,5.0243,585401904.0,18346.0
SAL-Ei-LM,bom_deep_7_3_15_5_No1_p20_ao69_am15_2_m30_ao69_am29_4,69,7,SATISFIED,5.0247,557126660.0,30234.0
SAL-Ei-LM,bom_deep_7_3_15_5_No1_p20_ao69_am15_2_m30_ao69_am29_4,69,8,SATISFIED,5.0215,571851265.0,34899.0
SAL-Ei-LM,bom_deep_7_3_15_5_No1_p20_ao69_am15_2_m30_ao69_am29_4,69,9,SATISFIED,5.0193,515919617.0,34747.0
SAL-Ei-LM,bom_deep_7_3_15_5_No1_p20_ao69_am15_2_m30_ao69_am29_4,69,10,SATISFIED,5.0206,599678007.0,34731.0
SAL-Ei-LM,bom_deep_7_3_15_5_No1_p20_ao69_am15_3,69,1,SATISFIED,5.0213,142592413.0,23897.0
SAL-Ei-LM,bom_deep_7_3_15_5_No1_p20_ao69_am15_3,69,2,SATISFIED,5.0235,142205690.0,32540.0
SAL-Ei-LM,bom_deep_7_3_15_5_No1_p20_ao69_am15_3,69,3,SATISFIED,5.0232,143769861.0,24623.0
SAL-Ei-LM,bom_deep_7_3_15_5_No1_p20_ao69_am15_3,69,4,SATISFIED,5.0212,141833169.0,32689.0
SAL-Ei-LM,bom_deep_7_3_15_5_No1_p20_ao69_am15_3,69,5,SATISFIED,5.0214,143082569.0,39872.0
SAL-Ei-LM,bom_deep_7_3_15_5_No1_p20_ao69_am15_3,69,6,SATISFIED,5.0206,141455705.0,39259.0
SAL-Ei-LM,bom_deep_7_3_15_5_No1_p20_ao69_am15_3,69,7,SATISFIED,5.019,141630526.0,32831.0
SAL-Ei-LM,bom_deep_7_3_15_5_No1_p20_ao69_am15_3,69,8,SATISFIED,5.021,142630815.0,32596.0
SAL-Ei-LM,bom_deep_7_3_15_5_No1_p20_ao69_am15_3,69,9,SATISFIED,5.0218,143576414.0,32887.0
SAL-Ei-LM,bom_deep_7_3_15_5_No1_p20_ao69_am15_3,69,10,SATISFIED,5.0204,143945431.0,40385.0
SAL-Ei-LM,bom_deep_7_3_15_5_No1_p20_ao69_am15_3_m13_ao69_am13_1,69,1,SATISFIED,5.0219,100524370.0,35874.0
SAL-Ei-LM,bom_deep_7_3_15_5_No1_p20_ao69_am15_3_m13_ao69_am13_1,69,2,SATISFIED,5.0215,102517485.0,37130.0
SAL-Ei-LM,bom_deep_7_3_15_5_No1_p20_ao69_am15_3_m13_ao69_am13_1,69,3,SATISFIED,5.0228,102188170.0,46011.0
SAL-Ei-LM,bom_deep_7_3_15_5_No1_p20_ao69_am15_3_m13_ao69_am13_1,69,4,SATISFIED,5.0244,99118450.0,34352.0
SAL-Ei-LM,bom_deep_7_3_15_5_No1_p20_ao69_am15_3_m13_ao69_am13_1,69,5,SATISFIED,5.0227,99362000.0,46069.0
SAL-Ei-LM,bom_deep_7_3_15_5_No1_p20_ao69_am15_3_m13_ao69_am13_1,69,6,SATISFIED,5.0211,98905570.0,44823.0
SAL-Ei-LM,bom_deep_7_3_15_5_No1_p20_ao69_am15_3_m13_ao69_am13_1,69,7,SATISFIED,5.022,99835610.0,30907.0
SAL-Ei-LM,bom_deep_7_3_15_5_No1_p20_ao69_am15_3_m13_ao69_am13_1,69,8,SATISFIED,5.0255,103522320.0,36528.0
SAL-Ei-LM,bom_deep_7_3_15_5_No1_p20_ao69_am15_3_m13_ao69_am13_1,69,9,SATISFIED,5.0199,99217010.0,45227.0
SAL-Ei-LM,bom_deep_7_3_15_5_No1_p20_ao69_am15_3_m13_ao69_am13_1,69,10,SATISFIED,5.0229,98709400.0,45612.0
SAL-Ei-LM,bom_deep_7_3_15_5_No1_p20_ao69_am15_3_m13_ao69_am13_2,69,1,SATISFIED,5.0202,243661560.0,43988.0
SAL-Ei-LM,bom_deep_7_3_15_5_No1_p20_ao69_am15_3_m13_ao69_am13_2,69,2,SATISFIED,5.0196,243668045.0,35787.0
SAL-Ei-LM,bom_deep_7_3_15_5_No1_p20_ao69_am15_3_m13_ao69_am13_2,69,3,SATISFIED,5.0186,243808945.0,44702.0
SAL-Ei-LM,bom_deep_7_3_15_5_No1_p20_ao69_am15_3_m13_ao69_am13_2,69,4,SATISFIED,5.0167,243719180.0,45058.0
SAL-Ei-LM,bom_deep_7_3_15_5_No1_p20_ao69_am15_3_m13_ao69_am13_2,69,5,SATISFIED,5.0186,243700505.0,44937.0
SAL-Ei-LM,bom_deep_7_3_15_5_No1_p20_ao69_am15_3_m13_ao69_am13_2,69,6,SATISFIED,5.0176,243794860.0,36538.0
SAL-Ei-LM,bom_deep_7_3_15_5_No1_p20_ao69_am15_3_m13_ao69_am13_2,69,7,SATISFIED,5.0173,243615005.0,45168.0
SAL-Ei-LM,bom_deep_7_3_15_5_No1_p20_ao69_am15_3_m13_ao69_am13_2,69,8,SATISFIED,5.0177,243777680.0,45834.0
SAL-Ei-LM,bom_deep_7_3_15_5_No1_p20_ao69_am15_3_m13_ao69_am13_2,69,9,SATISFIED,5.0173,243709435.0,44123.0
SAL-Ei-LM,bom_deep_7_3_15_5_No1_p20_ao69_am15_3_m13_ao69_am13_2,69,10,SATISFIED,5.0186,243677395.0,36170.0
SAL-Ei-LM,bom_deep_7_3_15_5_No1_p20_ao69_am15_3_m13_ao69_am13_3,69,1,SATISFIED,5.0194,199862850.0,33896.0
SAL-Ei-LM,bom_deep_7_3_15_5_No1_p20_ao69_am15_3_m13_ao69_am13_3,69,2,SATISFIED,5.0153,200555660.0,41652.0
SAL-Ei-LM,bom_deep_7_3_15_5_No1_p20_ao69_am15_3_m13_ao69_am13_3,69,3,SATISFIED,5.0182,200862075.0,41796.0
SAL-Ei-LM,bom_deep_7_3_15_5_No1_p20_ao69_am15_3_m13_ao69_am13_3,69,4,SATISFIED,5.017,200577044.0,33753.0
SAL-Ei-LM,bom_deep_7_3_15_5_No1_p20_ao69_am15_3_m13_ao69_am13_3,69,5,SATISFIED,5.0196,200314909.0,27964.0
SAL-Ei-LM,bom_deep_7_3_15_5_No1_p20_ao69_am15_3_m13_ao69_am13_3,69,6,SATISFIED,5.024,200199675.0,39361.0
SAL-Ei-LM,bom_deep_7_3_15_5_No1_p20_ao69_am15_3_m13_ao69_am13_3,69,7,SATISFIED,5.0214,200604195.0,42504.0
SAL-Ei-LM,bom_deep_7_3_15_5_No1_p20_ao69_am15_3_m13_ao69_am13_3,69,8,SATISFIED,5.0215,198813472.0,31232.0
SAL-Ei-LM,bom_deep_7_3_15_5_No1_p20_ao69_am15_3_m13_ao69_am13_3,69,9,SATISFIED,5.0213,200468157.0,33413.0
SAL-Ei-LM,bom_deep_7_3_15_5_No1_p20_ao69_am15_3_m13_ao69_am13_3,69,10,SATISFIED,5.0193,215775615.0,41520.0
SAL-Ei-LM,bom_deep_7_3_15_5_No1_p20_ao69_am15_3_m13_ao69_am13_4,69,1,SATISFIED,5.0228,195599210.0,43328.0
SAL-Ei-LM,bom_deep_7_3_15_5_No1_p20_ao69_am15_3_m13_ao69_am13_4,69,2,SATISFIED,5.0186,197644110.0,45363.0
SAL-Ei-LM,bom_deep_7_3_15_5_No1_p20_ao69_am15_3_m13_ao69_am13_4,69,3,SATISFIED,5.0209,202604480.0,40332.0
SAL-Ei-LM,bom_deep_7_3_15_5_No1_p20_ao69_am15_3_m13_ao69_am13_4,69,4,SATISFIED,5.0233,201417625.0,39608.0
SAL-Ei-LM,bom_deep_7_3_15_5_No1_p20_ao69_am15_3_m13_ao69_am13_4,69,5,SATISFIED,5.0229,193297450.0,32122.0
SAL-Ei-LM,bom_deep_7_3_15_5_No1_p20_ao69_am15_3_m13_ao69_am13_4,69,6,SATISFIED,5.0206,202379870.0,39207.0
SAL-Ei-LM,bom_deep_7_3_15_5_No1_p20_ao69_am15_3_m13_ao69_am13_4,69,7,SATISFIED,5.021,191712795.0,28512.0
SAL-Ei-LM,bom_deep_7_3_15_5_No1_p20_ao69_am15_3_m13_ao69_am13_4,69,8,SATISFIED,5.0227,188904155.0,43468.0
SAL-Ei-LM,bom_deep_7_3_15_5_No1_p20_ao69_am15_3_m13_ao69_am13_4,69,9,SATISFIED,5.0214,200456770.0,45909.0
SAL-Ei-LM,bom_deep_7_3_15_5_No1_p20_ao69_am15_3_m13_ao69_am13_4,69,10,SATISFIED,5.0196,193933540.0,45937.0
SAL-Ei-LM,bom_deep_7_3_15_5_No1_p20_ao69_am15_3_m13_ao69_am13_5,69,1,SATISFIED,5.0202,103851690.0,44812.0
SAL-Ei-LM,bom_deep_7_3_15_5_No1_p20_ao69_am15_3_m13_ao69_am13_5,69,2,SATISFIED,5.0208,103731170.0,36036.0
SAL-Ei-LM,bom_deep_7_3_15_5_No1_p20_ao69_am15_3_m13_ao69_am13_5,69,3,SATISFIED,5.0221,105148818.0,33797.0
SAL-Ei-LM,bom_deep_7_3_15_5_No1_p20_ao69_am15_3_m13_ao69_am13_5,69,4,SATISFIED,5.02,103736711.0,35474.0
SAL-Ei-LM,bom_deep_7_3_15_5_No1_p20_ao69_am15_3_m13_ao69_am13_5,69,5,SATISFIED,5.0218,103759080.0,34975.0
SAL-Ei-LM,bom_deep_7_3_15_5_No1_p20_ao69_am15_3_m13_ao69_am13_5,69,6,SATISFIED,5.0227,104210003.0,28957.0
SAL-Ei-LM,bom_deep_7_3_15_5_No1_p20_ao69_am15_3_m13_ao69_am13_5,69,7,SATISFIED,5.0216,103826385.0,37635.0
SAL-Ei-LM,bom_deep_7_3_15_5_No1_p20_ao69_am15_3_m13_ao69_am13_5,69,8,SATISFIED,5.0198,103836955.0,41425.0
SAL-Ei-LM,bom_deep_7_3_15_5_No1_p20_ao69_am15_3_m13_ao69_am13_5,69,9,SATISFIED,5.0194,103742033.0,36275.0
SAL-Ei-LM,bom_deep_7_3_15_5_No1_p20_ao69_am15_3_m13_ao69_am13_5,69,10,SATISFIED,5.0209,103229292.0,34782.0
SAL-Ei-LM,bom_deep_7_3_15_5_No1_p20_ao69_am15_3_m30_ao69_am27_1,69,1,SATISFIED,5.0244,83929606.0,31250.0
SAL-Ei-LM,bom_deep_7_3_15_5_No1_p20_ao69_am15_3_m30_ao69_am27_1,69,2,SATISFIED,5.0228,71571590.0,32626.0
SAL-Ei-LM,bom_deep_7_3_15_5_No1_p20_ao69_am15_3_m30_ao69_am27_1,69,3,SATISFIED,5.0212,73410129.0,28033.0
SAL-Ei-LM,bom_deep_7_3_15_5_No1_p20_ao69_am15_3_m30_ao69_am27_1,69,4,SATISFIED,5.0217,78329979.0,35019.0
SAL-Ei-LM,bom_deep_7_3_15_5_No1_p20_ao69_am15_3_m30_ao69_am27_1,69,5,SATISFIED,5.0254,75882125.0,30753.0
SAL-Ei-LM,bom_deep_7_3_15_5_No1_p20_ao69_am15_3_m30_ao69_am27_1,69,6,SATISFIED,5.0214,70579661.0,33604.0
SAL-Ei-LM,bom_deep_7_3_15_5_No1_p20_ao69_am15_3_m30_ao69_am27_1,69,7,SATISFIED,5.0195,72185077.0,35075.0
SAL-Ei-LM,bom_deep_7_3_15_5_No1_p20_ao69_am15_3_m30_ao69_am27_1,69,8,SATISFIED,5.0218,71962894.0,28846.0
SAL-Ei-LM,bom_deep_7_3_15_5_No1_p20_ao69_am15_3_m30_ao69_am27_1,69,9,SATISFIED,5.023,70680126.0,35435.0
SAL-Ei-LM,bom_deep_7_3_15_5_No1_p20_ao69_am15_3_m30_ao69_am27_1,69,10,SATISFIED,5.0208,77811450.0,35442.0
SAL-Ei-LM,bom_deep_7_3_15_5_No1_p20_ao69_am15_3_m30_ao69_am27_2,69,1,SATISFIED,5.0234,70932724.0,35580.0
SAL-Ei-LM,bom_deep_7_3_15_5_No1_p20_ao69_am15_3_m30_ao69_am27_2,69,2,SATISFIED,5.0228,74761242.0,28482.0
SAL-Ei-LM,bom_deep_7_3_15_5_No1_p20_ao69_am15_3_m30_ao69_am27_2,69,3,SATISFIED,5.0255,71074737.0,22456.0
SAL-Ei-LM,bom_deep_7_3_15_5_No1_p20_ao69_am15_3_m30_ao69_am27_2,69,4,SATISFIED,5.0251,70871898.0,34993.0
SAL-Ei-LM,bom_deep_7_3_15_5_No1_p20_ao69_am15_3_m30_ao69_am27_2,69,5,SATISFIED,5.0239,69370092.0,35029.0
SAL-Ei-LM,bom_deep_7_3_15_5_No1_p20_ao69_am15_3_m30_ao69_am27_2,69,6,SATISFIED,5.0208,70720882.0,32365.0
SAL-Ei-LM,bom_deep_7_3_15_5_No1_p20_ao69_am15_3_m30_ao69_am27_2,69,7,SATISFIED,5.0226,65534933.0,24686.0
SAL-Ei-LM,bom_deep_7_3_15_5_No1_p20_ao69_am15_3_m30_ao69_am27_2,69,8,SATISFIED,5.0246,68585999.0,35802.0
SAL-Ei-LM,bom_deep_7_3_15_5_No1_p20_ao69_am15_3_m30_ao69_am27_2,69,9,SATISFIED,5.0188,72294909.0,36248.0
SAL-Ei-LM,bom_deep_7_3_15_5_No1_p20_ao69_am15_3_m30_ao69_am27_2,69,10,SATISFIED,5.0237,68466902.0,36379.0
SAL-Ei-LM,bom_deep_7_3_15_5_No1_p20_ao69_am15_3_m30_ao69_am27_5,69,1,SATISFIED,5.0245,58482453.0,35561.0
SAL-Ei-LM,bom_deep_7_3_15_5_No1_p20_ao69_am15_3_m30_ao69_am27_5,69,2,SATISFIED,5.0249,61572996.0,35901.0
SAL-Ei-LM,bom_deep_7_3_15_5_No1_p20_ao69_am15_3_m30_ao69_am27_5,69,3,SATISFIED,5.0212,61511030.0,35859.0
SAL-Ei-LM,bom_deep_7_3_15_5_No1_p20_ao69_am15_3_m30_ao69_am27_5,69,4,SATISFIED,5.0219,63779993.0,35987.0
SAL-Ei-LM,bom_deep_7_3_15_5_No1_p20_ao69_am15_3_m30_ao69_am27_5,69,5,SATISFIED,5.0247,57546210.0,35690.0
SAL-Ei-LM,bom_deep_7_3_15_5_No1_p20_ao69_am15_3_m30_ao69_am27_5,69,6,SATISFIED,5.024,63639655.0,35353.0
SAL-Ei-LM,bom_deep_7_3_15_5_No1_p20_ao69_am15_3_m30_ao69_am27_5,69,7,SATISFIED,5.0221,64218358.0,34877.0
SAL-Ei-LM,bom_deep_7_3_15_5_No1_p20_ao69_am15_3_m30_ao69_am27_5,69,8,SATISFIED,5.0234,58328639.0,34872.0
SAL-Ei-LM,bom_deep_7_3_15_5_No1_p20_ao69_am15_3_m30_ao69_am27_5,69,9,SATISFIED,5.0217,61468608.0,34995.0
SAL-Ei-LM,bom_deep_7_3_15_5_No1_p20_ao69_am15_3_m30_ao69_am27_5,69,10,SATISFIED,5.0198,57620145.0,35791.0
SAL-Ei-LM,bom_deep_7_3_15_5_No1_p20_ao69_am15_3_m30_ao69_am30_3,69,1,SATISFIED,5.0233,107333648.0,35780.0
SAL-Ei-LM,bom_deep_7_3_15_5_No1_p20_ao69_am15_3_m30_ao69_am30_3,69,2,SATISFIED,5.0208,106889615.0,35795.0
SAL-Ei-LM,bom_deep_7_3_15_5_No1_p20_ao69_am15_3_m30_ao69_am30_3,69,3,SATISFIED,5.0234,110164092.0,35710.0
SAL-Ei-LM,bom_deep_7_3_15_5_No1_p20_ao69_am15_3_m30_ao69_am30_3,69,4,SATISFIED,5.0211,112160333.0,35281.0
SAL-Ei-LM,bom_deep_7_3_15_5_No1_p20_ao69_am15_3_m30_ao69_am30_3,69,5,SATISFIED,5.026,107028670.0,34752.0
SAL-Ei-LM,bom_deep_7_3_15_5_No1_p20_ao69_am15_3_m30_ao69_am30_3,69,6,SATISFIED,5.0231,113435305.0,34445.0
SAL-Ei-LM,bom_deep_7_3_15_5_No1_p20_ao69_am15_3_m30_ao69_am30_3,69,7,SATISFIED,5.0238,100294378.0,27795.0
SAL-Ei-LM,bom_deep_7_3_15_5_No1_p20_ao69_am15_3_m30_ao69_am30_3,69,8,SATISFIED,5.0206,104571682.0,28484.0
SAL-Ei-LM,bom_deep_7_3_15_5_No1_p20_ao69_am15_3_m30_ao69_am30_3,69,9,SATISFIED,5.0214,105067808.0,34529.0
SAL-Ei-LM,bom_deep_7_3_15_5_No1_p20_ao69_am15_3_m30_ao69_am30_3,69,10,SATISFIED,5.0211,107772077.0,34890.0
SAL-Ei-LM,bom_deep_7_3_15_5_No1_p20_ao69_am15_3_m30_ao69_am30_4,69,1,SATISFIED,5.0232,91493306.0,33141.0
SAL-Ei-LM,bom_deep_7_3_15_5_No1_p20_ao69_am15_3_m30_ao69_am30_4,69,2,SATISFIED,5.0228,96339440.0,28595.0
SAL-Ei-LM,bom_deep_7_3_15_5_No1_p20_ao69_am15_3_m30_ao69_am30_4,69,3,SATISFIED,5.0217,94538318.0,28834.0
SAL-Ei-LM,bom_deep_7_3_15_5_No1_p20_ao69_am15_3_m30_ao69_am30_4,69,4,SATISFIED,5.0209,91777945.0,28059.0
SAL-Ei-LM,bom_deep_7_3_15_5_No1_p20_ao69_am15_3_m30_ao69_am30_4,69,5,SATISFIED,5.0194,95691427.0,28056.0
SAL-Ei-LM,bom_deep_7_3_15_5_No1_p20_ao69_am15_3_m30_ao69_am30_4,69,6,SATISFIED,5.0179,92923713.0,34698.0
SAL-Ei-LM,bom_deep_7_3_15_5_No1_p20_ao69_am15_3_m30_ao69_am30_4,69,7,SATISFIED,5.0203,98437273.0,24562.0
SAL-Ei-LM,bom_deep_7_3_15_5_No1_p20_ao69_am15_3_m30_ao69_am30_4,69,8,SATISFIED,5.0235,115141904.0,18953.0
SAL-Ei-LM,bom_deep_7_3_15_5_No1_p20_ao69_am15_3_m30_ao69_am30_4,69,9,SATISFIED,5.0214,93929316.0,27889.0
SAL-Ei-LM,bom_deep_7_3_15_5_No1_p20_ao69_am15_3_m30_ao69_am30_4,69,10,SATISFIED,5.0229,91355408.0,28040.0
SAL-Ei-LM,bom_deep_7_3_15_5_No1_p20_ao69_am15_4,69,1,SATISFIED,5.0214,168658690.0,32129.0
SAL-Ei-LM,bom_deep_7_3_15_5_No1_p20_ao69_am15_4,69,2,SATISFIED,5.0199,168215275.0,38664.0
SAL-Ei-LM,bom_deep_7_3_15_5_No1_p20_ao69_am15_4,69,3,SATISFIED,5.0234,168329865.0,31805.0
SAL-Ei-LM,bom_deep_7_3_15_5_No1_p20_ao69_am15_4,69,4,SATISFIED,5.0233,168573960.0,24167.0
SAL-Ei-LM,bom_deep_7_3_15_5_No1_p20_ao69_am15_4,69,5,SATISFIED,5.0238,168148250.0,31708.0
SAL-Ei-LM,bom_deep_7_3_15_5_No1_p20_ao69_am15_4,69,6,SATISFIED,5.0214,168443145.0,29144.0
SAL-Ei-LM,bom_deep_7_3_15_5_No1_p20_ao69_am15_4,69,7,SATISFIED,5.0214,168466205.0,40055.0
SAL-Ei-LM,bom_deep_7_3_15_5_No1_p20_ao69_am15_4,69,8,SATISFIED,5.0197,168396075.0,40272.0
SAL-Ei-LM,bom_deep_7_3_15_5_No1_p20_ao69_am15_4,69,9,SATISFIED,5.0202,168240830.0,32859.0
SAL-Ei-LM,bom_deep_7_3_15_5_No1_p20_ao69_am15_4,69,10,SATISFIED,5.0238,168360565.0,31732.0
SAL-Ei-LM,bom_deep_7_3_15_5_No1_p20_ao69_am15_4_m13_ao69_am13_1,69,1,SATISFIED,5.0239,107606685.0,33813.0
SAL-Ei-LM,bom_deep_7_3_15_5_No1_p20_ao69_am15_4_m13_ao69_am13_1,69,2,SATISFIED,5.0232,107645561.0,35605.0
SAL-Ei-LM,bom_deep_7_3_15_5_No1_p20_ao69_am15_4_m13_ao69_am13_1,69,3,SATISFIED,5.0217,114131025.0,38514.0
SAL-Ei-LM,bom_deep_7_3_15_5_No1_p20_ao69_am15_4_m13_ao69_am13_1,69,4,SATISFIED,5.0253,106412171.0,38642.0
SAL-Ei-LM,bom_deep_7_3_15_5_No1_p20_ao69_am15_4_m13_ao69_am13_1,69,5,SATISFIED,5.0215,111082472.0,40753.0
SAL-Ei-LM,bom_deep_7_3_15_5_No1_p20_ao69_am15_4_m13_ao69_am13_1,69,6,SATISFIED,5.0201,106830130.0,39534.0
SAL-Ei-LM,bom_deep_7_3_15_5_No1_p20_ao69_am15_4_m13_ao69_am13_1,69,7,SATISFIED,5.0204,112954670.0,29948.0
SAL-Ei-LM,bom_deep_7_3_15_5_No1_p20_ao69_am15_4_m13_ao69_am13_1,69,8,SATISFIED,5.0267,104735830.0,26769.0
SAL-Ei-LM,bom_deep_7_3_15_5_No1_p20_ao69_am15_4_m13_ao69_am13_1,69,9,SATISFIED,5.0225,107491675.0,25528.0
SAL-Ei-LM,bom_deep_7_3_15_5_No1_p20_ao69_am15_4_m13_ao69_am13_1,69,10,SATISFIED,5.0233,105580308.0,42575.0
SAL-Ei-LM,bom_deep_7_3_15_5_No1_p20_ao69_am15_4_m13_ao69_am13_2,69,1,SATISFIED,5.019,188873272.0,45123.0
SAL-Ei-LM,bom_deep_7_3_15_5_No1_p20_ao69_am15_4_m13_ao69_am13_2,69,2,SATISFIED,5.0197,192128781.0,27508.0
SAL-Ei-LM,bom_deep_7_3_15_5_No1_p20_ao69_am15_4_m13_ao69_am13_2,69,3,SATISFIED,5.0213,192152579.0,30058.0
SAL-Ei-LM,bom_deep_7_3_15_5_No1_p20_ao69_am15_4_m13_ao69_am13_2,69,4,SATISFIED,5.0248,192142250.0,37446.0
SAL-Ei-LM,bom_deep_7_3_15_5_No1_p20_ao69_am15_4_m13_ao69_am13_2,69,5,SATISFIED,5.0229,191877505.0,34030.0
SAL-Ei-LM,bom_deep_7_3_15_5_No1_p20_ao69_am15_4_m13_ao69_am13_2,69,6,SATISFIED,5.0222,191886445.0,35826.0
SAL-Ei-LM,bom_deep_7_3_15_5_No1_p20_ao69_am15_4_m13_ao69_am13_2,69,7,SATISFIED,5.0188,192157876.0,43764.0
SAL-Ei-LM,bom_deep_7_3_15_5_No1_p20_ao69_am15_4_m13_ao69_am13_2,69,8,SATISFIED,5.0199,191877790.0,45388.0
SAL-Ei-LM,bom_deep_7_3_15_5_No1_p20_ao69_am15_4_m13_ao69_am13_2,69,9,SATISFIED,5.0209,191846810.0,44916.0
SAL-Ei-LM,bom_deep_7_3_15_5_No1_p20_ao69_am15_4_m13_ao69_am13_2,69,10,SATISFIED,5.0222,188899896.0,30407.0
SAL-Ei-LM,bom_deep_7_3_15_5_No1_p20_ao69_am15_4_m13_ao69_am13_3,69,1,SATISFIED,5.0214,94545164.0,33223.0
SAL-Ei-LM,bom_deep_7_3_15_5_No1_p20_ao69_am15_4_m13_ao69_am13_3,69,2,SATISFIED,5.0221,103088734.0,34522.0
SAL-Ei-LM,bom_deep_7_3_15_5_No1_p20_ao69_am15_4_m13_ao69_am13_3,69,3,SATISFIED,5.0239,92269125.0,33671.0
SAL-Ei-LM,bom_deep_7_3_15_5_No1_p20_ao69_am15_4_m13_ao69_am13_3,69,4,SATISFIED,5.0214,92290215.0,30027.0
SAL-Ei-LM,bom_deep_7_3_15_5_No1_p20_ao69_am15_4_m13_ao69_am13_3,69,5,SATISFIED,5.0217,96547190.0,34021.0
SAL-Ei-LM,bom_deep_7_3_15_5_No1_p20_ao69_am15_4_m13_ao69_am13_3,69,6,SATISFIED,5.0252,91813841.0,33828.0
SAL-Ei-LM,bom_deep_7_3_15_5_No1_p20_ao69_am15_4_m13_ao69_am13_3,69,7,SATISFIED,5.0249,96554960.0,34473.0
SAL-Ei-LM,bom_deep_7_3_15_5_No1_p20_ao69_am15_4_m13_ao69_am13_3,69,8,SATISFIED,5.0222,92426874.0,34146.0
SAL-Ei-LM,bom_deep_7_3_15_5_No1_p20_ao69_am15_4_m13_ao69_am13_3,69,9,SATISFIED,5.024,106068783.0,31513.0
SAL-Ei-LM,bom_deep_7_3_15_5_No1_p20_ao69_am15_4_m13_ao69_am13_3,69,10,SATISFIED,5.023,101119940.0,34342.0
SAL-Ei-LM,bom_deep_7_3_15_5_No1_p20_ao69_am15_4_m13_ao69_am13_4,69,1,SATISFIED,5.0215,146215465.0,36016.0
SAL-Ei-LM,bom_deep_7_3_15_5_No1_p20_ao69_am15_4_m13_ao69_am13_4,69,2,SATISFIED,5.016,146246135.0,44599.0
SAL-Ei-LM,bom_deep_7_3_15_5_No1_p20_ao69_am15_4_m13_ao69_am13_4,69,3,SATISFIED,5.0171,147071407.0,43712.0
SAL-Ei-LM,bom_deep_7_3_15_5_No1_p20_ao69_am15_4_m13_ao69_am13_4,69,4,SATISFIED,5.0184,145325457.0,44286.0
SAL-Ei-LM,bom_deep_7_3_15_5_No1_p20_ao69_am15_4_m13_ao69_am13_4,69,5,SATISFIED,5.019,147458950.0,43907.0
SAL-Ei-LM,bom_deep_7_3_15_5_No1_p20_ao69_am15_4_m13_ao69_am13_4,69,6,SATISFIED,5.0223,146074117.0,43827.0
SAL-Ei-LM,bom_deep_7_3_15_5_No1_p20_ao69_am15_4_m13_ao69_am13_4,69,7,SATISFIED,5.0216,146194775.0,42892.0
SAL-Ei-LM,bom_deep_7_3_15_5_No1_p20_ao69_am15_4_m13_ao69_am13_4,69,8,SATISFIED,5.0217,146198745.0,42676.0
SAL-Ei-LM,bom_deep_7_3_15_5_No1_p20_ao69_am15_4_m13_ao69_am13_4,69,9,SATISFIED,5.0211,146501995.0,43475.0
SAL-Ei-LM,bom_deep_7_3_15_5_No1_p20_ao69_am15_4_m13_ao69_am13_4,69,10,SATISFIED,5.0181,145947410.0,43133.0
SAL-Ei-LM,bom_deep_7_3_15_5_No1_p20_ao69_am15_4_m13_ao69_am13_5,69,1,SATISFIED,5.0199,230569113.0,42885.0
SAL-Ei-LM,bom_deep_7_3_15_5_No1_p20_ao69_am15_4_m13_ao69_am13_5,69,2,SATISFIED,5.0179,237379425.0,43500.0
SAL-Ei-LM,bom_deep_7_3_15_5_No1_p20_ao69_am15_4_m13_ao69_am13_5,69,3,SATISFIED,5.0183,230605549.0,42463.0
SAL-Ei-LM,bom_deep_7_3_15_5_No1_p20_ao69_am15_4_m13_ao69_am13_5,69,4,SATISFIED,5.0227,230593164.0,39750.0
SAL-Ei-LM,bom_deep_7_3_15_5_No1_p20_ao69_am15_4_m13_ao69_am13_5,69,5,SATISFIED,5.0217,230584028.0,33769.0
SAL-Ei-LM,bom_deep_7_3_15_5_No1_p20_ao69_am15_4_m13_ao69_am13_5,69,6,SATISFIED,5.0197,239583496.0,29465.0
SAL-Ei-LM,bom_deep_7_3_15_5_No1_p20_ao69_am15_4_m13_ao69_am13_5,69,7,SATISFIED,5.0199,233654620.0,41206.0
SAL-Ei-LM,bom_deep_7_3_15_5_No1_p20_ao69_am15_4_m13_ao69_am13_5,69,8,SATISFIED,5.0206,230596925.0,33350.0
SAL-Ei-LM,bom_deep_7_3_15_5_No1_p20_ao69_am15_4_m13_ao69_am13_5,69,9,SATISFIED,5.0209,230566157.0,27296.0
SAL-Ei-LM,bom_deep_7_3_15_5_No1_p20_ao69_am15_4_m13_ao69_am13_5,69,10,SATISFIED,5.0229,230598865.0,33151.0
SAL-Ei-LM,bom_deep_7_3_15_5_No1_p20_ao69_am15_4_m30_ao69_am27_4,69,1,SATISFIED,5.0226,57239613.0,35040.0
SAL-Ei-LM,bom_deep_7_3_15_5_No1_p20_ao69_am15_4_m30_ao69_am27_4,69,2,SATISFIED,5.0236,60111040.0,35372.0
SAL-Ei-LM,bom_deep_7_3_15_5_No1_p20_ao69_am15_4_m30_ao69_am27_4,69,3,SATISFIED,5.0234,59880538.0,35424.0
SAL-Ei-LM,bom_deep_7_3_15_5_No1_p20_ao69_am15_4_m30_ao69_am27_4,69,4,SATISFIED,5.0208,64374910.0,35551.0
SAL-Ei-LM,bom_deep_7_3_15_5_No1_p20_ao69_am15_4_m30_ao69_am27_4,69,5,SATISFIED,5.0191,61949552.0,35523.0
SAL-Ei-LM,bom_deep_7_3_15_5_No1_p20_ao69_am15_4_m30_ao69_am27_4,69,6,SATISFIED,5.0213,56892550.0,35402.0
SAL-Ei-LM,bom_deep_7_3_15_5_No1_p20_ao69_am15_4_m30_ao69_am27_4,69,7,SATISFIED,5.0213,63948558.0,35640.0
SAL-Ei-LM,bom_deep_7_3_15_5_No1_p20_ao69_am15_4_m30_ao69_am27_4,69,8,SATISFIED,5.0207,57506898.0,35889.0
SAL-Ei-LM,bom_deep_7_3_15_5_No1_p20_ao69_am15_4_m30_ao69_am27_4,69,9,SATISFIED,5.0219,64364678.0,28486.0
SAL-Ei-LM,bom_deep_7_3_15_5_No1_p20_ao69_am15_4_m30_ao69_am27_4,69,10,SATISFIED,5.0242,58118298.0,28656.0
SAL-Ei-LM,bom_deep_7_3_15_5_No1_p20_ao69_am15_4_m30_ao69_am29_2,69,1,SATISFIED,5.0239,62754903.0,28372.0
SAL-Ei-LM,bom_deep_7_3_15_5_No1_p20_ao69_am15_4_m30_ao69_am29_2,69,2,SATISFIED,5.0216,62708335.0,34998.0
SAL-Ei-LM,bom_deep_7_3_15_5_No1_p20_ao69_am15_4_m30_ao69_am29_2,69,3,SATISFIED,5.0219,60149218.0,25327.0
SAL-Ei-LM,bom_deep_7_3_15_5_No1_p20_ao69_am15_4_m30_ao69_am29_2,69,4,SATISFIED,5.0207,65871226.0,35252.0
SAL-Ei-LM,bom_deep_7_3_15_5_No1_p20_ao69_am15_4_m30_ao69_am29_2,69,5,SATISFIED,5.0208,62435950.0,33709.0
SAL-Ei-LM,bom_deep_7_3_15_5_No1_p20_ao69_am15_4_m30_ao69_am29_2,69,6,SATISFIED,5.025,62373344.0,21450.0
SAL-Ei-LM,bom_deep_7_3_15_5_No1_p20_ao69_am15_4_m30_ao69_am29_2,69,7,SATISFIED,5.0218,64621427.0,28505.0
SAL-Ei-LM,bom_deep_7_3_15_5_No1_p20_ao69_am15_4_m30_ao69_am29_2,69,8,SATISFIED,5.0202,65293090.0,30198.0
SAL-Ei-LM,bom_deep_7_3_15_5_No1_p20_ao69_am15_4_m30_ao69_am29_2,69,9,SATISFIED,5.025,65543175.0,24360.0
SAL-Ei-LM,bom_deep_7_3_15_5_No1_p20_ao69_am15_4_m30_ao69_am29_2,69,10,SATISFIED,5.0207,64803605.0,31680.0
SAL-Ei-LM,bom_deep_7_3_15_5_No1_p20_ao69_am15_4_m30_ao69_am30_1,69,1,SATISFIED,5.0148,56061766.0,35669.0
SAL-Ei-LM,bom_deep_7_3_15_5_No1_p20_ao69_am15_4_m30_ao69_am30_1,69,2,SATISFIED,5.0205,62717020.0,36328.0
SAL-Ei-LM,bom_deep_7_3_15_5_No1_p20_ao69_am15_4_m30_ao69_am30_1,69,3,SATISFIED,5.0211,62883690.0,36237.0
SAL-Ei-LM,bom_deep_7_3_15_5_No1_p20_ao69_am15_4_m30_ao69_am30_1,69,4,SATISFIED,5.0187,60023227.0,36331.0
SAL-Ei-LM,bom_deep_7_3_15_5_No1_p20_ao69_am15_4_m30_ao69_am30_1,69,5,SATISFIED,5.0219,62788842.0,35537.0
SAL-Ei-LM,bom_deep_7_3_15_5_No1_p20_ao69_am15_4_m30_ao69_am30_1,69,6,SATISFIED,5.0212,62639529.0,36035.0
SAL-Ei-LM,bom_deep_7_3_15_5_No1_p20_ao69_am15_4_m30_ao69_am30_1,69,7,SATISFIED,5.0199,65520661.0,35948.0
SAL-Ei-LM,bom_deep_7_3_15_5_No1_p20_ao69_am15_4_m30_ao69_am30_1,69,8,SATISFIED,5.0215,61911874.0,28148.0
SAL-Ei-LM,bom_deep_7_3_15_5_No1_p20_ao69_am15_4_m30_ao69_am30_1,69,9,SATISFIED,5.021,62093519.0,28658.0
SAL-Ei-LM,bom_deep_7_3_15_5_No1_p20_ao69_am15_4_m30_ao69_am30_1,69,10,SATISFIED,5.0241,58242206.0,28407.0
SAL-Ei-LM,bom_deep_7_3_15_5_No1_p20_ao69_am15_4_m30_ao69_am30_3,69,1,SATISFIED,5.0243,88423795.0,34040.0
SAL-Ei-LM,bom_deep_7_3_15_5_No1_p20_ao69_am15_4_m30_ao69_am30_3,69,2,SATISFIED,5.0238,93518690.0,34827.0
SAL-Ei-LM,bom_deep_7_3_15_5_No1_p20_ao69_am15_4_m30_ao69_am30_3,69,3,SATISFIED,5.0224,95233590.0,35026.0
SAL-Ei-LM,bom_deep_7_3_15_5_No1_p20_ao69_am15_4_m30_ao69_am30_3,69,4,SATISFIED,5.0201,97587353.0,34762.0
SAL-Ei-LM,bom_deep_7_3_15_5_No1_p20_ao69_am15_4_m30_ao69_am30_3,69,5,SATISFIED,5.0235,82554700.0,34954.0
SAL-Ei-LM,bom_deep_7_3_15_5_No1_p20_ao69_am15_4_m30_ao69_am30_3,69,6,SATISFIED,5.0245,94450262.0,28513.0
SAL-Ei-LM,bom_deep_7_3_15_5_No1_p20_ao69_am15_4_m30_ao69_am30_3,69,7,SATISFIED,5.022,84462035.0,30614.0
SAL-Ei-LM,bom_deep_7_3_15_5_No1_p20_ao69_am15_4_m30_ao69_am30_3,69,8,SATISFIED,5.0229,88844216.0,28404.0
SAL-Ei-LM,bom_deep_7_3_15_5_No1_p20_ao69_am15_4_m30_ao69_am30_3,69,9,SATISFIED,5.0211,95586955.0,29163.0
SAL-Ei-LM,bom_deep_7_3_15_5_No1_p20_ao69_am15_4_m30_ao69_am30_3,69,10,SATISFIED,5.0208,86603518.0,28623.0
SAL-Ei-LM,bom_deep_7_3_15_5_No1_p20_ao69_am15_4_m30_ao69_am30_5,69,1,SATISFIED,5.0199,110632405.0,21619.0
SAL-Ei-LM,bom_deep_7_3_15_5_No1_p20_ao69_am15_4_m30_ao69_am30_5,69,2,SATISFIED,5.0216,111455437.0,22432.0
SAL-Ei-LM,bom_deep_7_3_15_5_No1_p20_ao69_am15_4_m30_ao69_am30_5,69,3,SATISFIED,5.02,106127880.0,28246.0
SAL-Ei-LM,bom_deep_7_3_15_5_No1_p20_ao69_am15_4_m30_ao69_am30_5,69,4,SATISFIED,5.0187,119621905.0,28553.0
SAL-Ei-LM,bom_deep_7_3_15_5_No1_p20_ao69_am15_4_m30_ao69_am30_5,69,5,SATISFIED,5.0209,112738119.0,35014.0
SAL-Ei-LM,bom_deep_7_3_15_5_No1_p20_ao69_am15_4_m30_ao69_am30_5,69,6,SATISFIED,5.0202,112255797.0,34989.0
SAL-Ei-LM,bom_deep_7_3_15_5_No1_p20_ao69_am15_4_m30_ao69_am30_5,69,7,SATISFIED,5.0192,112624721.0,28877.0
SAL-Ei-LM,bom_deep_7_3_15_5_No1_p20_ao69_am15_4_m30_ao69_am30_5,69,8,SATISFIED,5.0193,112665221.0,35645.0
SAL-Ei-LM,bom_deep_7_3_15_5_No1_p20_ao69_am15_4_m30_ao69_am30_5,69,9,SATISFIED,5.0206,112163612.0,35681.0
SAL-Ei-LM,bom_deep_7_3_15_5_No1_p20_ao69_am15_4_m30_ao69_am30_5,69,10,SATISFIED,5.0215,109849626.0,35434.0
SAL-Ei-LM,bom_deep_7_3_15_5_No1_p20_ao69_am15_5,69,1,SATISFIED,5.0212,132146060.0,28967.0
SAL-Ei-LM,bom_deep_7_3_15_5_No1_p20_ao69_am15_5,69,2,SATISFIED,5.0201,131845215.0,38718.0
SAL-Ei-LM,bom_deep_7_3_15_5_No1_p20_ao69_am15_5,69,3,SATISFIED,5.0205,131930245.0,25819.0
SAL-Ei-LM,bom_deep_7_3_15_5_No1_p20_ao69_am15_5,69,4,SATISFIED,5.0218,131768990.0,24515.0
SAL-Ei-LM,bom_deep_7_3_15_5_No1_p20_ao69_am15_5,69,5,SATISFIED,5.0216,132009205.0,39075.0
SAL-Ei-LM,bom_deep_7_3_15_5_No1_p20_ao69_am15_5,69,6,SATISFIED,5.0212,131678715.0,39602.0
SAL-Ei-LM,bom_deep_7_3_15_5_No1_p20_ao69_am15_5,69,7,SATISFIED,5.0211,132195940.0,31444.0
SAL-Ei-LM,bom_deep_7_3_15_5_No1_p20_ao69_am15_5,69,8,SATISFIED,5.0204,131857485.0,39073.0
SAL-Ei-LM,bom_deep_7_3_15_5_No1_p20_ao69_am15_5,69,9,SATISFIED,5.0231,132365210.0,39718.0
SAL-Ei-LM,bom_deep_7_3_15_5_No1_p20_ao69_am15_5,69,10,SATISFIED,5.0232,132113070.0,39750.0
SAL-Ei-LM,bom_deep_7_3_15_5_No1_p20_ao69_am15_5_m13_ao69_am13_1,69,1,SATISFIED,5.0197,169421615.0,44825.0
SAL-Ei-LM,bom_deep_7_3_15_5_No1_p20_ao69_am15_5_m13_ao69_am13_1,69,2,SATISFIED,5.0205,170086925.0,35786.0
SAL-Ei-LM,bom_deep_7_3_15_5_No1_p20_ao69_am15_5_m13_ao69_am13_1,69,3,SATISFIED,5.0215,170401410.0,27471.0
SAL-Ei-LM,bom_deep_7_3_15_5_No1_p20_ao69_am15_5_m13_ao69_am13_1,69,4,SATISFIED,5.021,170325415.0,36084.0
SAL-Ei-LM,bom_deep_7_3_15_5_No1_p20_ao69_am15_5_m13_ao69_am13_1,69,5,SATISFIED,5.0205,170550405.0,44491.0
SAL-Ei-LM,bom_deep_7_3_15_5_No1_p20_ao69_am15_5_m13_ao69_am13_1,69,6,SATISFIED,5.0189,169325220.0,44384.0
SAL-Ei-LM,bom_deep_7_3_15_5_No1_p20_ao69_am15_5_m13_ao69_am13_1,69,7,SATISFIED,5.0203,169658835.0,43950.0
SAL-Ei-LM,bom_deep_7_3_15_5_No1_p20_ao69_am15_5_m13_ao69_am13_1,69,8,SATISFIED,5.0189,169769555.0,43950.0
SAL-Ei-LM,bom_deep_7_3_15_5_No1_p20_ao69_am15_5_m13_ao69_am13_1,69,9,SATISFIED,5.0194,169738210.0,43847.0
SAL-Ei-LM,bom_deep_7_3_15_5_No1_p20_ao69_am15_5_m13_ao69_am13_1,69,10,SATISFIED,5.0221,169847390.0,44273.0
SAL-Ei-LM,bom_deep_7_3_15_5_No1_p20_ao69_am15_5_m13_ao69_am13_2,69,1,SATISFIED,5.0192,70382970.0,43366.0
SAL-Ei-LM,bom_deep_7_3_15_5_No1_p20_ao69_am15_5_m13_ao69_am13_2,69,2,SATISFIED,5.0215,62958495.0,43774.0
SAL-Ei-LM,bom_deep_7_3_15_5_No1_p20_ao69_am15_5_m13_ao69_am13_2,69,3,SATISFIED,5.0178,69226444.0,42488.0
SAL-Ei-LM,bom_deep_7_3_15_5_No1_p20_ao69_am15_5_m13_ao69_am13_2,69,4,SATISFIED,5.0182,63216870.0,42367.0
SAL-Ei-LM,bom_deep_7_3_15_5_No1_p20_ao69_am15_5_m13_ao69_am13_2,69,5,SATISFIED,5.0197,70690995.0,34603.0
SAL-Ei-LM,bom_deep_7_3_15_5_No1_p20_ao69_am15_5_m13_ao69_am13_2,69,6,SATISFIED,5.0153,66263570.0,25954.0
SAL-Ei-LM,bom_deep_7_3_15_5_No1_p20_ao69_am15_5_m13_ao69_am13_2,69,7,SATISFIED,5.0203,68689520.0,41595.0
SAL-Ei-LM,bom_deep_7_3_15_5_No1_p20_ao69_am15_5_m13_ao69_am13_2,69,8,SATISFIED,5.0201,65887642.0,35851.0
SAL-Ei-LM,bom_deep_7_3_15_5_No1_p20_ao69_am15_5_m13_ao69_am13_2,69,9,SATISFIED,5.0203,64042625.0,34283.0
SAL-Ei-LM,bom_deep_7_3_15_5_No1_p20_ao69_am15_5_m13_ao69_am13_2,69,10,SATISFIED,5.0218,65861520.0,34891.0
SAL-Ei-LM,bom_deep_7_3_15_5_No1_p20_ao69_am15_5_m13_ao69_am13_3,69,1,SATISFIED,5.02,111643613.0,35728.0
SAL-Ei-LM,bom_deep_7_3_15_5_No1_p20_ao69_am15_5_m13_ao69_am13_3,69,2,SATISFIED,5.0209,111684609.0,43743.0
SAL-Ei-LM,bom_deep_7_3_15_5_No1_p20_ao69_am15_5_m13_ao69_am13_3,69,3,SATISFIED,5.0212,111604615.0,43950.0
SAL-Ei-LM,bom_deep_7_3_15_5_No1_p20_ao69_am15_5_m13_ao69_am13_3,69,4,SATISFIED,5.0224,111550698.0,43055.0
SAL-Ei-LM,bom_deep_7_3_15_5_No1_p20_ao69_am15_5_m13_ao69_am13_3,69,5,SATISFIED,5.0222,111622369.0,40738.0
SAL-Ei-LM,bom_deep_7_3_15_5_No1_p20_ao69_am15_5_m13_ao69_am13_3,69,6,SATISFIED,5.0257,111692919.0,34318.0
SAL-Ei-LM,bom_deep_7_3_15_5_No1_p20_ao69_am15_5_m13_ao69_am13_3,69,7,SATISFIED,5.0201,111700894.0,44011.0
SAL-Ei-LM,bom_deep_7_3_15_5_No1_p20_ao69_am15_5_m13_ao69_am13_3,69,8,SATISFIED,5.017,111736974.0,44069.0
SAL-Ei-LM,bom_deep_7_3_15_5_No1_p20_ao69_am15_5_m13_ao69_am13_3,69,9,SATISFIED,5.0158,111670547.0,43938.0
SAL-Ei-LM,bom_deep_7_3_15_5_No1_p20_ao69_am15_5_m13_ao69_am13_3,69,10,SATISFIED,5.0195,111683066.0,34298.0
SAL-Ei-LM,bom_deep_7_3_15_5_No1_p20_ao69_am15_5_m13_ao69_am13_4,69,1,SATISFIED,5.0264,218118270.0,34204.0
SAL-Ei-LM,bom_deep_7_3_15_5_No1_p20_ao69_am15_5_m13_ao69_am13_4,69,2,SATISFIED,5.0215,218116835.0,39145.0
SAL-Ei-LM,bom_deep_7_3_15_5_No1_p20_ao69_am15_5_m13_ao69_am13_4,69,3,SATISFIED,5.0177,218133735.0,35377.0
SAL-Ei-LM,bom_deep_7_3_15_5_No1_p20_ao69_am15_5_m13_ao69_am13_4,69,4,SATISFIED,5.0187,217945673.0,31361.0
SAL-Ei-LM,bom_deep_7_3_15_5_No1_p20_ao69_am15_5_m13_ao69_am13_4,69,5,SATISFIED,5.0199,218127845.0,38254.0
SAL-Ei-LM,bom_deep_7_3_15_5_No1_p20_ao69_am15_5_m13_ao69_am13_4,69,6,SATISFIED,5.0219,218127640.0,35559.0
SAL-Ei-LM,bom_deep_7_3_15_5_No1_p20_ao69_am15_5_m13_ao69_am13_4,69,7,SATISFIED,5.0209,218117400.0,35020.0
SAL-Ei-LM,bom_deep_7_3_15_5_No1_p20_ao69_am15_5_m13_ao69_am13_4,69,8,SATISFIED,5.0208,218129490.0,35064.0
SAL-Ei-LM,bom_deep_7_3_15_5_No1_p20_ao69_am15_5_m13_ao69_am13_4,69,9,SATISFIED,5.0204,218100810.0,44074.0
SAL-Ei-LM,bom_deep_7_3_15_5_No1_p20_ao69_am15_5_m13_ao69_am13_4,69,10,SATISFIED,5.0223,218110595.0,43981.0
SAL-Ei-LM,bom_deep_7_3_15_5_No1_p20_ao69_am15_5_m13_ao69_am13_5,69,1,SATISFIED,5.0209,265456268.0,45149.0
SAL-Ei-LM,bom_deep_7_3_15_5_No1_p20_ao69_am15_5_m13_ao69_am13_5,69,2,SATISFIED,5.0228,265476505.0,37705.0
SAL-Ei-LM,bom_deep_7_3_15_5_No1_p20_ao69_am15_5_m13_ao69_am13_5,69,3,SATISFIED,5.0242,265566464.0,36806.0
SAL-Ei-LM,bom_deep_7_3_15_5_No1_p20_ao69_am15_5_m13_ao69_am13_5,69,4,SATISFIED,5.0238,269191245.0,30152.0
SAL-Ei-LM,bom_deep_7_3_15_5_No1_p20_ao69_am15_5_m13_ao69_am13_5,69,5,SATISFIED,5.022,272372595.0,46342.0
SAL-Ei-LM,bom_deep_7_3_15_5_No1_p20_ao69_am15_5_m13_ao69_am13_5,69,6,SATISFIED,5.0216,265419865.0,37269.0
SAL-Ei-LM,bom_deep_7_3_15_5_No1_p20_ao69_am15_5_m13_ao69_am13_5,69,7,SATISFIED,5.0199,265446820.0,44387.0
SAL-Ei-LM,bom_deep_7_3_15_5_No1_p20_ao69_am15_5_m13_ao69_am13_5,69,8,SATISFIED,5.0212,262214330.0,43945.0
SAL-Ei-LM,bom_deep_7_3_15_5_No1_p20_ao69_am15_5_m13_ao69_am13_5,69,9,SATISFIED,5.0206,261916474.0,44021.0
SAL-Ei-LM,bom_deep_7_3_15_5_No1_p20_ao69_am15_5_m13_ao69_am13_5,69,10,SATISFIED,5.0193,265448015.0,45003.0
SAL-Ei-LM,bom_deep_7_3_15_5_No1_p20_ao69_am15_5_m30_ao69_am25_2,69,1,SATISFIED,5.022,92647939.0,28594.0
SAL-Ei-LM,bom_deep_7_3_15_5_No1_p20_ao69_am15_5_m30_ao69_am25_2,69,2,SATISFIED,5.0163,85096591.0,35511.0
SAL-Ei-LM,bom_deep_7_3_15_5_No1_p20_ao69_am15_5_m30_ao69_am25_2,69,3,SATISFIED,5.019,93877575.0,27525.0
SAL-Ei-LM,bom_deep_7_3_15_5_No1_p20_ao69_am15_5_m30_ao69_am25_2,69,4,SATISFIED,5.0133,96408123.0,28720.0
SAL-Ei-LM,bom_deep_7_3_15_5_No1_p20_ao69_am15_5_m30_ao69_am25_2,69,5,SATISFIED,5.0167,97557467.0,28401.0
SAL-Ei-LM,bom_deep_7_3_15_5_No1_p20_ao69_am15_5_m30_ao69_am25_2,69,6,SATISFIED,5.0197,92486354.0,35046.0
SAL-Ei-LM,bom_deep_7_3_15_5_No1_p20_ao69_am15_5_m30_ao69_am25_2,69,7,SATISFIED,5.0218,88301604.0,35614.0
SAL-Ei-LM,bom_deep_7_3_15_5_No1_p20_ao69_am15_5_m30_ao69_am25_2,69,8,SATISFIED,5.0231,91177511.0,35621.0
SAL-Ei-LM,bom_deep_7_3_15_5_No1_p20_ao69_am15_5_m30_ao69_am25_2,69,9,SATISFIED,5.0206,103933211.0,35716.0
SAL-Ei-LM,bom_deep_7_3_15_5_No1_p20_ao69_am15_5_m30_ao69_am25_2,69,10,SATISFIED,5.0215,89405468.0,35212.0
SAL-Ei-LM,bom_deep_7_3_15_5_No1_p20_ao69_am15_5_m30_ao69_am26_4,69,1,SATISFIED,5.0224,70808797.0,35717.0
SAL-Ei-LM,bom_deep_7_3_15_5_No1_p20_ao69_am15_5_m30_ao69_am26_4,69,2,SATISFIED,5.0218,73882275.0,36156.0
SAL-Ei-LM,bom_deep_7_3_15_5_No1_p20_ao69_am15_5_m30_ao69_am26_4,69,3,SATISFIED,5.0216,73132898.0,35735.0
SAL-Ei-LM,bom_deep_7_3_15_5_No1_p20_ao69_am15_5_m30_ao69_am26_4,69,4,SATISFIED,5.0202,72306687.0,35920.0
SAL-Ei-LM,bom_deep_7_3_15_5_No1_p20_ao69_am15_5_m30_ao69_am26_4,69,5,SATISFIED,5.0247,73889485.0,27728.0
SAL-Ei-LM,bom_deep_7_3_15_5_No1_p20_ao69_am15_5_m30_ao69_am26_4,69,6,SATISFIED,5.0256,73308051.0,29298.0
SAL-Ei-LM,bom_deep_7_3_15_5_No1_p20_ao69_am15_5_m30_ao69_am26_4,69,7,SATISFIED,5.0196,72759045.0,35657.0
SAL-Ei-LM,bom_deep_7_3_15_5_No1_p20_ao69_am15_5_m30_ao69_am26_4,69,8,SATISFIED,5.0218,73986375.0,32190.0
SAL-Ei-LM,bom_deep_7_3_15_5_No1_p20_ao69_am15_5_m30_ao69_am26_4,69,9,SATISFIED,5.0216,73017088.0,32524.0
SAL-Ei-LM,bom_deep_7_3_15_5_No1_p20_ao69_am15_5_m30_ao69_am26_4,69,10,SATISFIED,5.0221,73494155.0,28782.0
SAL-Ei-LM,bom_deep_7_3_15_5_No1_p20_ao69_am15_5_m30_ao69_am27_3,69,1,SATISFIED,5.0227,131008867.0,35095.0
SAL-Ei-LM,bom_deep_7_3_15_5_No1_p20_ao69_am15_5_m30_ao69_am27_3,69,2,SATISFIED,5.0241,125613510.0,27840.0
SAL-Ei-LM,bom_deep_7_3_15_5_No1_p20_ao69_am15_5_m30_ao69_am27_3,69,3,SATISFIED,5.023,138488763.0,28677.0
SAL-Ei-LM,bom_deep_7_3_15_5_No1_p20_ao69_am15_5_m30_ao69_am27_3,69,4,SATISFIED,5.0234,117072268.0,27596.0
SAL-Ei-LM,bom_deep_7_3_15_5_No1_p20_ao69_am15_5_m30_ao69_am27_3,69,5,SATISFIED,5.0223,131903277.0,20566.0
SAL-Ei-LM,bom_deep_7_3_15_5_No1_p20_ao69_am15_5_m30_ao69_am27_3,69,6,SATISFIED,5.0161,148343652.0,34962.0
SAL-Ei-LM,bom_deep_7_3_15_5_No1_p20_ao69_am15_5_m30_ao69_am27_3,69,7,SATISFIED,5.0199,134439173.0,28924.0
SAL-Ei-LM,bom_deep_7_3_15_5_No1_p20_ao69_am15_5_m30_ao69_am27_3,69,8,SATISFIED,5.0233,130519779.0,26848.0
SAL-Ei-LM,bom_deep_7_3_15_5_No1_p20_ao69_am15_5_m30_ao69_am27_3,69,9,SATISFIED,5.0234,134205907.0,30144.0
SAL-Ei-LM,bom_deep_7_3_15_5_No1_p20_ao69_am15_5_m30_ao69_am27_3,69,10,SATISFIED,5.0212,147948530.0,35949.0
SAL-Ei-LM,bom_deep_7_3_15_5_No1_p20_ao69_am15_5_m30_ao69_am28_1,69,1,SATISFIED,5.0204,59231413.0,35159.0
SAL-Ei-LM,bom_deep_7_3_15_5_No1_p20_ao69_am15_5_m30_ao69_am28_1,69,2,SATISFIED,5.0199,58965454.0,34780.0
SAL-Ei-LM,bom_deep_7_3_15_5_No1_p20_ao69_am15_5_m30_ao69_am28_1,69,3,SATISFIED,5.0194,56963310.0,35078.0
SAL-Ei-LM,bom_deep_7_3_15_5_No1_p20_ao69_am15_5_m30_ao69_am28_1,69,4,SATISFIED,5.0214,59101912.0,28264.0
SAL-Ei-LM,bom_deep_7_3_15_5_No1_p20_ao69_am15_5_m30_ao69_am28_1,69,5,SATISFIED,5.0124,58696777.0,25597.0
SAL-Ei-LM,bom_deep_7_3_15_5_No1_p20_ao69_am15_5_m30_ao69_am28_1,69,6,SATISFIED,5.0213,61454742.0,23471.0
SAL-Ei-LM,bom_deep_7_3_15_5_No1_p20_ao69_am15_5_m30_ao69_am28_1,69,7,SATISFIED,5.0234,66372998.0,20867.0
SAL-Ei-LM,bom_deep_7_3_15_5_No1_p20_ao69_am15_5_m30_ao69_am28_1,69,8,SATISFIED,5.0211,66621873.0,31358.0
SAL-Ei-LM,bom_deep_7_3_15_5_No1_p20_ao69_am15_5_m30_ao69_am28_1,69,9,SATISFIED,5.0193,58374835.0,33763.0
SAL-Ei-LM,bom_deep_7_3_15_5_No1_p20_ao69_am15_5_m30_ao69_am28_1,69,10,SATISFIED,5.0192,59932930.0,25758.0
SAL-Ei-LM,bom_deep_7_3_15_5_No1_p20_ao69_am15_5_m30_ao69_am29_5,69,1,SATISFIED,5.0215,118767340.0,34281.0
SAL-Ei-LM,bom_deep_7_3_15_5_No1_p20_ao69_am15_5_m30_ao69_am29_5,69,2,SATISFIED,5.023,114238108.0,34708.0
SAL-Ei-LM,bom_deep_7_3_15_5_No1_p20_ao69_am15_5_m30_ao69_am29_5,69,3,SATISFIED,5.0198,118284763.0,28238.0
SAL-Ei-LM,bom_deep_7_3_15_5_No1_p20_ao69_am15_5_m30_ao69_am29_5,69,4,SATISFIED,5.021,118096685.0,27895.0
SAL-Ei-LM,bom_deep_7_3_15_5_No1_p20_ao69_am15_5_m30_ao69_am29_5,69,5,SATISFIED,5.0181,119453020.0,34339.0
SAL-Ei-LM,bom_deep_7_3_15_5_No1_p20_ao69_am15_5_m30_ao69_am29_5,69,6,SATISFIED,5.0192,109074550.0,32804.0
SAL-Ei-LM,bom_deep_7_3_15_5_No1_p20_ao69_am15_5_m30_ao69_am29_5,69,7,SATISFIED,5.0252,118486988.0,22621.0
SAL-Ei-LM,bom_deep_7_3_15_5_No1_p20_ao69_am15_5_m30_ao69_am29_5,69,8,SATISFIED,5.0222,110437105.0,35080.0
SAL-Ei-LM,bom_deep_7_3_15_5_No1_p20_ao69_am15_5_m30_ao69_am29_5,69,9,SATISFIED,5.0213,110491080.0,28372.0
SAL-Ei-LM,bom_deep_7_3_15_5_No1_p20_ao69_am15_5_m30_ao69_am29_5,69,10,SATISFIED,5.0224,119317315.0,27982.0
SAL-Ei-LM,bom_deep_7_3_15_5_No1_p30_ao75_am15_1,75,1,SATISFIED,5.0206,122938890.0,30978.0
SAL-Ei-LM,bom_deep_7_3_15_5_No1_p30_ao75_am15_1,75,2,SATISFIED,5.0194,123363830.0,31492.0
SAL-Ei-LM,bom_deep_7_3_15_5_No1_p30_ao75_am15_1,75,3,SATISFIED,5.0221,123035370.0,31700.0
SAL-Ei-LM,bom_deep_7_3_15_5_No1_p30_ao75_am15_1,75,4,SATISFIED,5.0219,122908740.0,31255.0
SAL-Ei-LM,bom_deep_7_3_15_5_No1_p30_ao75_am15_1,75,5,SATISFIED,5.0223,122757640.0,38375.0
SAL-Ei-LM,bom_deep_7_3_15_5_No1_p30_ao75_am15_1,75,6,SATISFIED,5.0226,122769640.0,40414.0
SAL-Ei-LM,bom_deep_7_3_15_5_No1_p30_ao75_am15_1,75,7,SATISFIED,5.0233,123176705.0,32394.0
SAL-Ei-LM,bom_deep_7_3_15_5_No1_p30_ao75_am15_1,75,8,SATISFIED,5.0237,123191410.0,26840.0
SAL-Ei-LM,bom_deep_7_3_15_5_No1_p30_ao75_am15_1,75,9,SATISFIED,5.0242,123153685.0,27370.0
SAL-Ei-LM,bom_deep_7_3_15_5_No1_p30_ao75_am15_1,75,10,SATISFIED,5.0236,123193190.0,32592.0
SAL-Ei-LM,bom_deep_7_3_15_5_No1_p30_ao75_am15_1_m10_ao75_am10_1,75,1,SATISFIED,5.0218,106853703.0,35459.0
SAL-Ei-LM,bom_deep_7_3_15_5_No1_p30_ao75_am15_1_m10_ao75_am10_1,75,2,SATISFIED,5.0219,106840428.0,44450.0
SAL-Ei-LM,bom_deep_7_3_15_5_No1_p30_ao75_am15_1_m10_ao75_am10_1,75,3,SATISFIED,5.0226,106850258.0,36991.0
SAL-Ei-LM,bom_deep_7_3_15_5_No1_p30_ao75_am15_1_m10_ao75_am10_1,75,4,SATISFIED,5.0205,107855278.0,36088.0
SAL-Ei-LM,bom_deep_7_3_15_5_No1_p30_ao75_am15_1_m10_ao75_am10_1,75,5,SATISFIED,5.0231,106848529.0,43743.0
SAL-Ei-LM,bom_deep_7_3_15_5_No1_p30_ao75_am15_1_m10_ao75_am10_1,75,6,SATISFIED,5.0232,106852485.0,34926.0
SAL-Ei-LM,bom_deep_7_3_15_5_No1_p30_ao75_am15_1_m10_ao75_am10_1,75,7,SATISFIED,5.0229,107857308.0,28163.0
SAL-Ei-LM,bom_deep_7_3_15_5_No1_p30_ao75_am15_1_m10_ao75_am10_1,75,8,SATISFIED,5.0242,106842144.0,29498.0
SAL-Ei-LM,bom_deep_7_3_15_5_No1_p30_ao75_am15_1_m10_ao75_am10_1,75,9,SATISFIED,5.0215,106851558.0,30742.0
SAL-Ei-LM,bom_deep_7_3_15_5_No1_p30_ao75_am15_1_m10_ao75_am10_1,75,10,SATISFIED,5.0229,109326901.0,37929.0
SAL-Ei-LM,bom_deep_7_3_15_5_No1_p30_ao75_am15_1_m10_ao75_am10_2,75,1,SATISFIED,5.0237,162015595.0,36787.0
SAL-Ei-LM,bom_deep_7_3_15_5_No1_p30_ao75_am15_1_m10_ao75_am10_2,75,2,SATISFIED,5.0265,160777586.0,38495.0
SAL-Ei-LM,bom_deep_7_3_15_5_No1_p30_ao75_am15_1_m10_ao75_am10_2,75,3,SATISFIED,5.022,158226842.0,30526.0
SAL-Ei-LM,bom_deep_7_3_15_5_No1_p30_ao75_am15_1_m10_ao75_am10_2,75,4,SATISFIED,5.0211,158618805.0,35856.0
SAL-Ei-LM,bom_deep_7_3_15_5_No1_p30_ao75_am15_1_m10_ao75_am10_2,75,5,SATISFIED,5.0225,158270552.0,32953.0
SAL-Ei-LM,bom_deep_7_3_15_5_No1_p30_ao75_am15_1_m10_ao75_am10_2,75,6,SATISFIED,5.0217,158625450.0,45052.0
SAL-Ei-LM,bom_deep_7_3_15_5_No1_p30_ao75_am15_1_m10_ao75_am10_2,75,7,SATISFIED,5.0204,164717253.0,46904.0
SAL-Ei-LM,bom_deep_7_3_15_5_No1_p30_ao75_am15_1_m10_ao75_am10_2,75,8,SATISFIED,5.0213,158277605.0,46755.0
SAL-Ei-LM,bom_deep_7_3_15_5_No1_p30_ao75_am15_1_m10_ao75_am10_2,75,9,SATISFIED,5.0226,158996215.0,36452.0
SAL-Ei-LM,bom_deep_7_3_15_5_No1_p30_ao75_am15_1_m10_ao75_am10_2,75,10,SATISFIED,5.0219,160085902.0,27889.0
SAL-Ei-LM,bom_deep_7_3_15_5_No1_p30_ao75_am15_1_m10_ao75_am10_3,75,1,SATISFIED,5.0241,125480405.0,40331.0
SAL-Ei-LM,bom_deep_7_3_15_5_No1_p30_ao75_am15_1_m10_ao75_am10_3,75,2,SATISFIED,5.0219,123464030.0,31650.0
SAL-Ei-LM,bom_deep_7_3_15_5_No1_p30_ao75_am15_1_m10_ao75_am10_3,75,3,SATISFIED,5.0242,123730705.0,31854.0
SAL-Ei-LM,bom_deep_7_3_15_5_No1_p30_ao75_am15_1_m10_ao75_am10_3,75,4,SATISFIED,5.0251,123723845.0,31166.0
SAL-Ei-LM,bom_deep_7_3_15_5_No1_p30_ao75_am15_1_m10_ao75_am10_3,75,5,SATISFIED,5.0272,124812843.0,42984.0
SAL-Ei-LM,bom_deep_7_3_15_5_No1_p30_ao75_am15_1_m10_ao75_am10_3,75,6,SATISFIED,5.0223,123049381.0,41883.0
SAL-Ei-LM,bom_deep_7_3_15_5_No1_p30_ao75_am15_1_m10_ao75_am10_3,75,7,SATISFIED,5.0214,123726320.0,42181.0
SAL-Ei-LM,bom_deep_7_3_15_5_No1_p30_ao75_am15_1_m10_ao75_am10_3,75,8,SATISFIED,5.0201,123724520.0,42291.0
SAL-Ei-LM,bom_deep_7_3_15_5_No1_p30_ao75_am15_1_m10_ao75_am10_3,75,9,SATISFIED,5.0237,121323086.0,39338.0
SAL-Ei-LM,bom_deep_7_3_15_5_No1_p30_ao75_am15_1_m10_ao75_am10_3,75,10,SATISFIED,5.02,123725945.0,36650.0
SAL-Ei-LM,bom_deep_7_3_15_5_No1_p30_ao75_am15_1_m10_ao75_am10_4,75,1,SATISFIED,5.0208,81444507.0,41242.0
SAL-Ei-LM,bom_deep_7_3_15_5_No1_p30_ao75_am15_1_m10_ao75_am10_4,75,2,SATISFIED,5.0224,81345170.0,39305.0
SAL-Ei-LM,bom_deep_7_3_15_5_No1_p30_ao75_am15_1_m10_ao75_am10_4,75,3,SATISFIED,5.0215,81364270.0,34336.0
SAL-Ei-LM,bom_deep_7_3_15_5_No1_p30_ao75_am15_1_m10_ao75_am10_4,75,4,SATISFIED,5.0239,81326807.0,42329.0
SAL-Ei-LM,bom_deep_7_3_15_5_No1_p30_ao75_am15_1_m10_ao75_am10_4,75,5,SATISFIED,5.0199,81395229.0,41966.0
SAL-Ei-LM,bom_deep_7_3_15_5_No1_p30_ao75_am15_1_m10_ao75_am10_4,75,6,SATISFIED,5.0211,81344176.0,33558.0
SAL-Ei-LM,bom_deep_7_3_15_5_No1_p30_ao75_am15_1_m10_ao75_am10_4,75,7,SATISFIED,5.0227,81342519.0,40517.0
SAL-Ei-LM,bom_deep_7_3_15_5_No1_p30_ao75_am15_1_m10_ao75_am10_4,75,8,SATISFIED,5.0207,81450867.0,40980.0
SAL-Ei-LM,bom_deep_7_3_15_5_No1_p30_ao75_am15_1_m10_ao75_am10_4,75,9,SATISFIED,5.0246,81319680.0,33303.0
SAL-Ei-LM,bom_deep_7_3_15_5_No1_p30_ao75_am15_1_m10_ao75_am10_4,75,10,SATISFIED,5.0256,81339520.0,32180.0
SAL-Ei-LM,bom_deep_7_3_15_5_No1_p30_ao75_am15_1_m10_ao75_am10_5,75,1,SATISFIED,5.0241,64189614.0,33936.0
SAL-Ei-LM,bom_deep_7_3_15_5_No1_p30_ao75_am15_1_m10_ao75_am10_5,75,2,SATISFIED,5.0203,65067169.0,33338.0
SAL-Ei-LM,bom_deep_7_3_15_5_No1_p30_ao75_am15_1_m10_ao75_am10_5,75,3,SATISFIED,5.0198,63405917.0,41361.0
SAL-Ei-LM,bom_deep_7_3_15_5_No1_p30_ao75_am15_1_m10_ao75_am10_5,75,4,SATISFIED,5.021,65186810.0,39956.0
SAL-Ei-LM,bom_deep_7_3_15_5_No1_p30_ao75_am15_1_m10_ao75_am10_5,75,5,SATISFIED,5.021,67986602.0,41615.0
SAL-Ei-LM,bom_deep_7_3_15_5_No1_p30_ao75_am15_1_m10_ao75_am10_5,75,6,SATISFIED,5.0209,66091526.0,41738.0
SAL-Ei-LM,bom_deep_7_3_15_5_No1_p30_ao75_am15_1_m10_ao75_am10_5,75,7,SATISFIED,5.0214,66797840.0,40589.0
SAL-Ei-LM,bom_deep_7_3_15_5_No1_p30_ao75_am15_1_m10_ao75_am10_5,75,8,SATISFIED,5.0212,68859237.0,40246.0
SAL-Ei-LM,bom_deep_7_3_15_5_No1_p30_ao75_am15_1_m10_ao75_am10_5,75,9,SATISFIED,5.0272,63852845.0,32348.0
SAL-Ei-LM,bom_deep_7_3_15_5_No1_p30_ao75_am15_1_m10_ao75_am10_5,75,10,SATISFIED,5.0218,65434145.0,23011.0
SAL-Ei-LM,bom_deep_7_3_15_5_No1_p30_ao75_am15_1_m30_ao75_am24_1,75,1,SATISFIED,5.0207,66675285.0,29026.0
SAL-Ei-LM,bom_deep_7_3_15_5_No1_p30_ao75_am15_1_m30_ao75_am24_1,75,2,SATISFIED,5.0218,74388528.0,40206.0
SAL-Ei-LM,bom_deep_7_3_15_5_No1_p30_ao75_am15_1_m30_ao75_am24_1,75,3,SATISFIED,5.0169,69819081.0,39915.0
SAL-Ei-LM,bom_deep_7_3_15_5_No1_p30_ao75_am15_1_m30_ao75_am24_1,75,4,SATISFIED,5.0223,70915731.0,39887.0
SAL-Ei-LM,bom_deep_7_3_15_5_No1_p30_ao75_am15_1_m30_ao75_am24_1,75,5,SATISFIED,5.0243,66807533.0,32093.0
SAL-Ei-LM,bom_deep_7_3_15_5_No1_p30_ao75_am15_1_m30_ao75_am24_1,75,6,SATISFIED,5.0232,68432056.0,32345.0
SAL-Ei-LM,bom_deep_7_3_15_5_No1_p30_ao75_am15_1_m30_ao75_am24_1,75,7,SATISFIED,5.0228,70908940.0,39994.0
SAL-Ei-LM,bom_deep_7_3_15_5_No1_p30_ao75_am15_1_m30_ao75_am24_1,75,8,SATISFIED,5.0213,75078256.0,39199.0
SAL-Ei-LM,bom_deep_7_3_15_5_No1_p30_ao75_am15_1_m30_ao75_am24_1,75,9,SATISFIED,5.0209,67066273.0,38977.0
SAL-Ei-LM,bom_deep_7_3_15_5_No1_p30_ao75_am15_1_m30_ao75_am24_1,75,10,SATISFIED,5.0188,67234258.0,40245.0
SAL-Ei-LM,bom_deep_7_3_15_5_No1_p30_ao75_am15_1_m30_ao75_am25_5,75,1,SATISFIED,5.0204,87691887.0,40652.0
SAL-Ei-LM,bom_deep_7_3_15_5_No1_p30_ao75_am15_1_m30_ao75_am25_5,75,2,SATISFIED,5.0249,88149374.0,21506.0
SAL-Ei-LM,bom_deep_7_3_15_5_No1_p30_ao75_am15_1_m30_ao75_am25_5,75,3,SATISFIED,5.0261,87741165.0,25981.0
SAL-Ei-LM,bom_deep_7_3_15_5_No1_p30_ao75_am15_1_m30_ao75_am25_5,75,4,SATISFIED,5.0264,87772228.0,35614.0
SAL-Ei-LM,bom_deep_7_3_15_5_No1_p30_ao75_am15_1_m30_ao75_am25_5,75,5,SATISFIED,5.0221,87959158.0,40277.0
SAL-Ei-LM,bom_deep_7_3_15_5_No1_p30_ao75_am15_1_m30_ao75_am25_5,75,6,SATISFIED,5.0221,87692405.0,27840.0
SAL-Ei-LM,bom_deep_7_3_15_5_No1_p30_ao75_am15_1_m30_ao75_am25_5,75,7,SATISFIED,5.0224,87732357.0,29574.0
SAL-Ei-LM,bom_deep_7_3_15_5_No1_p30_ao75_am15_1_m30_ao75_am25_5,75,8,SATISFIED,5.0224,88300273.0,37131.0
SAL-Ei-LM,bom_deep_7_3_15_5_No1_p30_ao75_am15_1_m30_ao75_am25_5,75,9,SATISFIED,5.0222,88138683.0,40936.0
SAL-Ei-LM,bom_deep_7_3_15_5_No1_p30_ao75_am15_1_m30_ao75_am25_5,75,10,SATISFIED,5.0201,87705305.0,40609.0
SAL-Ei-LM,bom_deep_7_3_15_5_No1_p30_ao75_am15_1_m30_ao75_am28_2,75,1,SATISFIED,5.0221,81930169.0,39588.0
SAL-Ei-LM,bom_deep_7_3_15_5_No1_p30_ao75_am15_1_m30_ao75_am28_2,75,2,SATISFIED,5.0217,75229467.0,39600.0
SAL-Ei-LM,bom_deep_7_3_15_5_No1_p30_ao75_am15_1_m30_ao75_am28_2,75,3,SATISFIED,5.0216,80337100.0,39470.0
SAL-Ei-LM,bom_deep_7_3_15_5_No1_p30_ao75_am15_1_m30_ao75_am28_2,75,4,SATISFIED,5.0208,80752390.0,39503.0
SAL-Ei-LM,bom_deep_7_3_15_5_No1_p30_ao75_am15_1_m30_ao75_am28_2,75,5,SATISFIED,5.0232,73690980.0,33727.0
SAL-Ei-LM,bom_deep_7_3_15_5_No1_p30_ao75_am15_1_m30_ao75_am28_2,75,6,SATISFIED,5.0228,76048301.0,31898.0
SAL-Ei-LM,bom_deep_7_3_15_5_No1_p30_ao75_am15_1_m30_ao75_am28_2,75,7,SATISFIED,5.0242,80562686.0,24648.0
SAL-Ei-LM,bom_deep_7_3_15_5_No1_p30_ao75_am15_1_m30_ao75_am28_2,75,8,SATISFIED,5.0223,79475926.0,31842.0
SAL-Ei-LM,bom_deep_7_3_15_5_No1_p30_ao75_am15_1_m30_ao75_am28_2,75,9,SATISFIED,5.0211,81623357.0,39258.0
SAL-Ei-LM,bom_deep_7_3_15_5_No1_p30_ao75_am15_1_m30_ao75_am28_2,75,10,SATISFIED,5.0234,84484292.0,39647.0
SAL-Ei-LM,bom_deep_7_3_15_5_No1_p30_ao75_am15_1_m30_ao75_am28_3,75,1,SATISFIED,5.0219,133525852.0,41083.0
SAL-Ei-LM,bom_deep_7_3_15_5_No1_p30_ao75_am15_1_m30_ao75_am28_3,75,2,SATISFIED,5.0214,136591165.0,39953.0
SAL-Ei-LM,bom_deep_7_3_15_5_No1_p30_ao75_am15_1_m30_ao75_am28_3,75,3,SATISFIED,5.0209,133875040.0,39637.0
SAL-Ei-LM,bom_deep_7_3_15_5_No1_p30_ao75_am15_1_m30_ao75_am28_3,75,4,SATISFIED,5.0216,133356629.0,40381.0
SAL-Ei-LM,bom_deep_7_3_15_5_No1_p30_ao75_am15_1_m30_ao75_am28_3,75,5,SATISFIED,5.0251,135212725.0,32508.0
SAL-Ei-LM,bom_deep_7_3_15_5_No1_p30_ao75_am15_1_m30_ao75_am28_3,75,6,SATISFIED,5.0252,134388530.0,31547.0
SAL-Ei-LM,bom_deep_7_3_15_5_No1_p30_ao75_am15_1_m30_ao75_am28_3,75,7,SATISFIED,5.0218,133452959.0,37152.0
SAL-Ei-LM,bom_deep_7_3_15_5_No1_p30_ao75_am15_1_m30_ao75_am28_3,75,8,SATISFIED,5.0218,132653950.0,35161.0
SAL-Ei-LM,bom_deep_7_3_15_5_No1_p30_ao75_am15_1_m30_ao75_am28_3,75,9,SATISFIED,5.0221,132935463.0,39524.0
SAL-Ei-LM,bom_deep_7_3_15_5_No1_p30_ao75_am15_1_m30_ao75_am28_3,75,10,SATISFIED,5.0271,133584560.0,37213.0
SAL-Ei-LM,bom_deep_7_3_15_5_No1_p30_ao75_am15_1_m30_ao75_am28_4,75,1,SATISFIED,5.0263,139269081.0,32613.0
SAL-Ei-LM,bom_deep_7_3_15_5_No1_p30_ao75_am15_1_m30_ao75_am28_4,75,2,SATISFIED,5.0233,141075155.0,30659.0
SAL-Ei-LM,bom_deep_7_3_15_5_No1_p30_ao75_am15_1_m30_ao75_am28_4,75,3,SATISFIED,5.0226,138915023.0,31040.0
SAL-Ei-LM,bom_deep_7_3_15_5_No1_p30_ao75_am15_1_m30_ao75_am28_4,75,4,SATISFIED,5.0241,138263508.0,37980.0
SAL-Ei-LM,bom_deep_7_3_15_5_No1_p30_ao75_am15_1_m30_ao75_am28_4,75,5,SATISFIED,5.0252,139216420.0,38187.0
SAL-Ei-LM,bom_deep_7_3_15_5_No1_p30_ao75_am15_1_m30_ao75_am28_4,75,6,SATISFIED,5.0206,138302515.0,31769.0
SAL-Ei-LM,bom_deep_7_3_15_5_No1_p30_ao75_am15_1_m30_ao75_am28_4,75,7,SATISFIED,5.021,138563635.0,32779.0
SAL-Ei-LM,bom_deep_7_3_15_5_No1_p30_ao75_am15_1_m30_ao75_am28_4,75,8,SATISFIED,5.0236,140001456.0,30767.0
SAL-Ei-LM,bom_deep_7_3_15_5_No1_p30_ao75_am15_1_m30_ao75_am28_4,75,9,SATISFIED,5.0217,138221345.0,38719.0
SAL-Ei-LM,bom_deep_7_3_15_5_No1_p30_ao75_am15_1_m30_ao75_am28_4,75,10,SATISFIED,5.02,138217766.0,39108.0
SAL-Ei-LM,bom_deep_7_3_15_5_No1_p30_ao75_am15_2,75,1,SATISFIED,5.0245,56630519.0,22707.0
SAL-Ei-LM,bom_deep_7_3_15_5_No1_p30_ao75_am15_2,75,2,SATISFIED,5.0225,56621130.0,28156.0
SAL-Ei-LM,bom_deep_7_3_15_5_No1_p30_ao75_am15_2,75,3,SATISFIED,5.0235,56687450.0,34209.0
SAL-Ei-LM,bom_deep_7_3_15_5_No1_p30_ao75_am15_2,75,4,SATISFIED,5.0177,56430545.0,33081.0
SAL-Ei-LM,bom_deep_7_3_15_5_No1_p30_ao75_am15_2,75,5,SATISFIED,5.0123,56628765.0,37523.0
SAL-Ei-LM,bom_deep_7_3_15_5_No1_p30_ao75_am15_2,75,6,SATISFIED,5.0194,56517595.0,30675.0
SAL-Ei-LM,bom_deep_7_3_15_5_No1_p30_ao75_am15_2,75,7,SATISFIED,5.0224,56614950.0,29767.0
SAL-Ei-LM,bom_deep_7_3_15_5_No1_p30_ao75_am15_2,75,8,SATISFIED,5.0276,56563665.0,28999.0
SAL-Ei-LM,bom_deep_7_3_15_5_No1_p30_ao75_am15_2,75,9,SATISFIED,5.0232,56540450.0,22046.0
SAL-Ei-LM,bom_deep_7_3_15_5_No1_p30_ao75_am15_2,75,10,SATISFIED,5.02,56887330.0,35778.0
SAL-Ei-LM,bom_deep_7_3_15_5_No1_p30_ao75_am15_2_m10_ao75_am10_1,75,1,SATISFIED,5.0193,186752513.0,34563.0
SAL-Ei-LM,bom_deep_7_3_15_5_No1_p30_ao75_am15_2_m10_ao75_am10_1,75,2,SATISFIED,5.0237,186617645.0,33034.0
SAL-Ei-LM,bom_deep_7_3_15_5_No1_p30_ao75_am15_2_m10_ao75_am10_1,75,3,SATISFIED,5.0207,186129165.0,30189.0
SAL-Ei-LM,bom_deep_7_3_15_5_No1_p30_ao75_am15_2_m10_ao75_am10_1,75,4,SATISFIED,5.0241,186231446.0,44253.0
SAL-Ei-LM,bom_deep_7_3_15_5_No1_p30_ao75_am15_2_m10_ao75_am10_1,75,5,SATISFIED,5.0215,186571350.0,33902.0
SAL-Ei-LM,bom_deep_7_3_15_5_No1_p30_ao75_am15_2_m10_ao75_am10_1,75,6,SATISFIED,5.0262,186402823.0,33156.0
SAL-Ei-LM,bom_deep_7_3_15_5_No1_p30_ao75_am15_2_m10_ao75_am10_1,75,7,SATISFIED,5.0229,186761063.0,34424.0
SAL-Ei-LM,bom_deep_7_3_15_5_No1_p30_ao75_am15_2_m10_ao75_am10_1,75,8,SATISFIED,5.0226,186880523.0,35917.0
SAL-Ei-LM,bom_deep_7_3_15_5_No1_p30_ao75_am15_2_m10_ao75_am10_1,75,9,SATISFIED,5.0262,186210180.0,35067.0
SAL-Ei-LM,bom_deep_7_3_15_5_No1_p30_ao75_am15_2_m10_ao75_am10_1,75,10,SATISFIED,5.0221,186931087.0,34867.0
SAL-Ei-LM,bom_deep_7_3_15_5_No1_p30_ao75_am15_2_m10_ao75_am10_2,75,1,SATISFIED,5.0198,197398000.0,33862.0
SAL-Ei-LM,bom_deep_7_3_15_5_No1_p30_ao75_am15_2_m10_ao75_am10_2,75,2,SATISFIED,5.0223,192287373.0,42034.0
SAL-Ei-LM,bom_deep_7_3_15_5_No1_p30_ao75_am15_2_m10_ao75_am10_2,75,3,SATISFIED,5.025,228662165.0,34050.0
SAL-Ei-LM,bom_deep_7_3_15_5_No1_p30_ao75_am15_2_m10_ao75_am10_2,75,4,SATISFIED,5.0248,197370896.0,33571.0
SAL-Ei-LM,bom_deep_7_3_15_5_No1_p30_ao75_am15_2_m10_ao75_am10_2,75,5,SATISFIED,5.0232,192332703.0,41701.0
SAL-Ei-LM,bom_deep_7_3_15_5_No1_p30_ao75_am15_2_m10_ao75_am10_2,75,6,SATISFIED,5.0227,218514588.0,41241.0
SAL-Ei-LM,bom_deep_7_3_15_5_No1_p30_ao75_am15_2_m10_ao75_am10_2,75,7,SATISFIED,5.0224,192267649.0,32240.0
SAL-Ei-LM,bom_deep_7_3_15_5_No1_p30_ao75_am15_2_m10_ao75_am10_2,75,8,SATISFIED,5.0223,192544358.0,35243.0
SAL-Ei-LM,bom_deep_7_3_15_5_No1_p30_ao75_am15_2_m10_ao75_am10_2,75,9,SATISFIED,5.0191,192067534.0,41283.0
SAL-Ei-LM,bom_deep_7_3_15_5_No1_p30_ao75_am15_2_m10_ao75_am10_2,75,10,SATISFIED,5.0202,192168720.0,42595.0
SAL-Ei-LM,bom_deep_7_3_15_5_No1_p30_ao75_am15_2_m10_ao75_am10_3,75,1,SATISFIED,5.0208,351320475.0,42527.0
SAL-Ei-LM,bom_deep_7_3_15_5_No1_p30_ao75_am15_2_m10_ao75_am10_3,75,2,SATISFIED,5.0218,350424761.0,41629.0
SAL-Ei-LM,bom_deep_7_3_15_5_No1_p30_ao75_am15_2_m10_ao75_am10_3,75,3,SATISFIED,5.0205,350920505.0,41598.0
SAL-Ei-LM,bom_deep_7_3_15_5_No1_p30_ao75_am15_2_m10_ao75_am10_3,75,4,SATISFIED,5.0207,351472445.0,41135.0
SAL-Ei-LM,bom_deep_7_3_15_5_No1_p30_ao75_am15_2_m10_ao75_am10_3,75,5,SATISFIED,5.0222,350107293.0,42908.0
SAL-Ei-LM,bom_deep_7_3_15_5_No1_p30_ao75_am15_2_m10_ao75_am10_3,75,6,SATISFIED,5.0203,351668515.0,33244.0
SAL-Ei-LM,bom_deep_7_3_15_5_No1_p30_ao75_am15_2_m10_ao75_am10_3,75,7,SATISFIED,5.0179,350361335.0,41608.0
SAL-Ei-LM,bom_deep_7_3_15_5_No1_p30_ao75_am15_2_m10_ao75_am10_3,75,8,SATISFIED,5.0207,351163654.0,33700.0
SAL-Ei-LM,bom_deep_7_3_15_5_No1_p30_ao75_am15_2_m10_ao75_am10_3,75,9,SATISFIED,5.0223,351404670.0,33756.0
SAL-Ei-LM,bom_deep_7_3_15_5_No1_p30_ao75_am15_2_m10_ao75_am10_3,75,10,SATISFIED,5.0218,351132199.0,41749.0
SAL-Ei-LM,bom_deep_7_3_15_5_No1_p30_ao75_am15_2_m10_ao75_am10_4,75,1,SATISFIED,5.0222,287936075.0,42765.0
SAL-Ei-LM,bom_deep_7_3_15_5_No1_p30_ao75_am15_2_m10_ao75_am10_4,75,2,SATISFIED,5.0287,283117779.0,43180.0
SAL-Ei-LM,bom_deep_7_3_15_5_No1_p30_ao75_am15_2_m10_ao75_am10_4,75,3,SATISFIED,5.0274,287508961.0,34365.0
SAL-Ei-LM,bom_deep_7_3_15_5_No1_p30_ao75_am15_2_m10_ao75_am10_4,75,4,SATISFIED,5.0263,288402589.0,42324.0
SAL-Ei-LM,bom_deep_7_3_15_5_No1_p30_ao75_am15_2_m10_ao75_am10_4,75,5,SATISFIED,5.0286,280393155.0,35697.0
SAL-Ei-LM,bom_deep_7_3_15_5_No1_p30_ao75_am15_2_m10_ao75_am10_4,75,6,SATISFIED,5.0277,289960638.0,43331.0
SAL-Ei-LM,bom_deep_7_3_15_5_No1_p30_ao75_am15_2_m10_ao75_am10_4,75,7,SATISFIED,5.0273,290180603.0,43155.0
SAL-Ei-LM,bom_deep_7_3_15_5_No1_p30_ao75_am15_2_m10_ao75_am10_4,75,8,SATISFIED,5.0289,280845983.0,35028.0
SAL-Ei-LM,bom_deep_7_3_15_5_No1_p30_ao75_am15_2_m10_ao75_am10_4,75,9,SATISFIED,5.0273,280350590.0,28546.0
SAL-Ei-LM,bom_deep_7_3_15_5_No1_p30_ao75_am15_2_m10_ao75_am10_4,75,10,SATISFIED,5.0238,283399773.0,43529.0
SAL-Ei-LM,bom_deep_7_3_15_5_No1_p30_ao75_am15_2_m10_ao75_am10_5,75,1,SATISFIED,5.0236,284098168.0,42048.0
SAL-Ei-LM,bom_deep_7_3_15_5_No1_p30_ao75_am15_2_m10_ao75_am10_5,75,2,SATISFIED,5.0228,295736020.0,44825.0
SAL-Ei-LM,bom_deep_7_3_15_5_No1_p30_ao75_am15_2_m10_ao75_am10_5,75,3,SATISFIED,5.0248,293457961.0,43650.0
SAL-Ei-LM,bom_deep_7_3_15_5_No1_p30_ao75_am15_2_m10_ao75_am10_5,75,4,SATISFIED,5.0277,306174190.0,43427.0
SAL-Ei-LM,bom_deep_7_3_15_5_No1_p30_ao75_am15_2_m10_ao75_am10_5,75,5,SATISFIED,5.0299,290891485.0,44283.0
SAL-Ei-LM,bom_deep_7_3_15_5_No1_p30_ao75_am15_2_m10_ao75_am10_5,75,6,SATISFIED,5.0244,299533921.0,44595.0
SAL-Ei-LM,bom_deep_7_3_15_5_No1_p30_ao75_am15_2_m10_ao75_am10_5,75,7,SATISFIED,5.0281,298968275.0,43250.0
SAL-Ei-LM,bom_deep_7_3_15_5_No1_p30_ao75_am15_2_m10_ao75_am10_5,75,8,SATISFIED,5.0245,287546250.0,43227.0
SAL-Ei-LM,bom_deep_7_3_15_5_No1_p30_ao75_am15_2_m10_ao75_am10_5,75,9,SATISFIED,5.0345,285592040.0,43760.0
SAL-Ei-LM,bom_deep_7_3_15_5_No1_p30_ao75_am15_2_m10_ao75_am10_5,75,10,SATISFIED,5.0283,287136547.0,35155.0
SAL-Ei-LM,bom_deep_7_3_15_5_No1_p30_ao75_am15_2_m30_ao75_am23_1,75,1,SATISFIED,5.0268,106653743.0,34337.0
SAL-Ei-LM,bom_deep_7_3_15_5_No1_p30_ao75_am15_2_m30_ao75_am23_1,75,2,SATISFIED,5.0262,103573569.0,34954.0
SAL-Ei-LM,bom_deep_7_3_15_5_No1_p30_ao75_am15_2_m30_ao75_am23_1,75,3,SATISFIED,5.0245,102341130.0,31248.0
SAL-Ei-LM,bom_deep_7_3_15_5_No1_p30_ao75_am15_2_m30_ao75_am23_1,75,4,SATISFIED,5.033,106053470.0,27338.0
SAL-Ei-LM,bom_deep_7_3_15_5_No1_p30_ao75_am15_2_m30_ao75_am23_1,75,5,SATISFIED,5.0336,110307137.0,28492.0
SAL-Ei-LM,bom_deep_7_3_15_5_No1_p30_ao75_am15_2_m30_ao75_am23_1,75,6,SATISFIED,5.0307,111877017.0,32345.0
SAL-Ei-LM,bom_deep_7_3_15_5_No1_p30_ao75_am15_2_m30_ao75_am23_1,75,7,SATISFIED,5.0284,107853103.0,38550.0
SAL-Ei-LM,bom_deep_7_3_15_5_No1_p30_ao75_am15_2_m30_ao75_am23_1,75,8,SATISFIED,5.0259,102011210.0,38233.0
SAL-Ei-LM,bom_deep_7_3_15_5_No1_p30_ao75_am15_2_m30_ao75_am23_1,75,9,SATISFIED,5.0223,109947722.0,31539.0
SAL-Ei-LM,bom_deep_7_3_15_5_No1_p30_ao75_am15_2_m30_ao75_am23_1,75,10,SATISFIED,5.0239,100223742.0,38874.0
SAL-Ei-LM,bom_deep_7_3_15_5_No1_p30_ao75_am15_2_m30_ao75_am24_2,75,1,SATISFIED,5.0226,105839015.0,34047.0
SAL-Ei-LM,bom_deep_7_3_15_5_No1_p30_ao75_am15_2_m30_ao75_am24_2,75,2,SATISFIED,5.0259,106040435.0,33498.0
SAL-Ei-LM,bom_deep_7_3_15_5_No1_p30_ao75_am15_2_m30_ao75_am24_2,75,3,SATISFIED,5.0237,106393440.0,33986.0
SAL-Ei-LM,bom_deep_7_3_15_5_No1_p30_ao75_am15_2_m30_ao75_am24_2,75,4,SATISFIED,5.0208,106781465.0,33300.0
SAL-Ei-LM,bom_deep_7_3_15_5_No1_p30_ao75_am15_2_m30_ao75_am24_2,75,5,SATISFIED,5.0209,106137930.0,33568.0
SAL-Ei-LM,bom_deep_7_3_15_5_No1_p30_ao75_am15_2_m30_ao75_am24_2,75,6,SATISFIED,5.0198,106628830.0,41195.0
SAL-Ei-LM,bom_deep_7_3_15_5_No1_p30_ao75_am15_2_m30_ao75_am24_2,75,7,SATISFIED,5.0235,105501385.0,33454.0
SAL-Ei-LM,bom_deep_7_3_15_5_No1_p30_ao75_am15_2_m30_ao75_am24_2,75,8,SATISFIED,5.0247,106729995.0,34116.0
SAL-Ei-LM,bom_deep_7_3_15_5_No1_p30_ao75_am15_2_m30_ao75_am24_2,75,9,SATISFIED,5.0241,105649725.0,32879.0
SAL-Ei-LM,bom_deep_7_3_15_5_No1_p30_ao75_am15_2_m30_ao75_am24_2,75,10,SATISFIED,5.0247,106036465.0,30920.0
SAL-Ei-LM,bom_deep_7_3_15_5_No1_p30_ao75_am15_2_m30_ao75_am24_4,75,1,SATISFIED,5.025,128676566.0,28804.0
SAL-Ei-LM,bom_deep_7_3_15_5_No1_p30_ao75_am15_2_m30_ao75_am24_4,75,2,SATISFIED,5.0276,138268750.0,21933.0
SAL-Ei-LM,bom_deep_7_3_15_5_No1_p30_ao75_am15_2_m30_ao75_am24_4,75,3,SATISFIED,5.0251,144970446.0,23015.0
SAL-Ei-LM,bom_deep_7_3_15_5_No1_p30_ao75_am15_2_m30_ao75_am24_4,75,4,SATISFIED,5.0241,140731983.0,32248.0
SAL-Ei-LM,bom_deep_7_3_15_5_No1_p30_ao75_am15_2_m30_ao75_am24_4,75,5,SATISFIED,5.023,135267649.0,33921.0
SAL-Ei-LM,bom_deep_7_3_15_5_No1_p30_ao75_am15_2_m30_ao75_am24_4,75,6,SATISFIED,5.0242,134071915.0,37044.0
SAL-Ei-LM,bom_deep_7_3_15_5_No1_p30_ao75_am15_2_m30_ao75_am24_4,75,7,SATISFIED,5.021,137545560.0,33020.0
SAL-Ei-LM,bom_deep_7_3_15_5_No1_p30_ao75_am15_2_m30_ao75_am24_4,75,8,SATISFIED,5.0216,135122650.0,40804.0
SAL-Ei-LM,bom_deep_7_3_15_5_No1_p30_ao75_am15_2_m30_ao75_am24_4,75,9,SATISFIED,5.0264,137718575.0,27841.0
SAL-Ei-LM,bom_deep_7_3_15_5_No1_p30_ao75_am15_2_m30_ao75_am24_4,75,10,SATISFIED,5.0204,128909230.0,32307.0
SAL-Ei-LM,bom_deep_7_3_15_5_No1_p30_ao75_am15_2_m30_ao75_am24_5,75,1,SATISFIED,5.0247,90464175.0,36923.0
SAL-Ei-LM,bom_deep_7_3_15_5_No1_p30_ao75_am15_2_m30_ao75_am24_5,75,2,SATISFIED,5.0214,92187325.0,29193.0
SAL-Ei-LM,bom_deep_7_3_15_5_No1_p30_ao75_am15_2_m30_ao75_am24_5,75,3,SATISFIED,5.0204,91357765.0,40054.0
SAL-Ei-LM,bom_deep_7_3_15_5_No1_p30_ao75_am15_2_m30_ao75_am24_5,75,4,SATISFIED,5.025,91324031.0,24367.0
SAL-Ei-LM,bom_deep_7_3_15_5_No1_p30_ao75_am15_2_m30_ao75_am24_5,75,5,SATISFIED,5.021,91179480.0,39710.0
SAL-Ei-LM,bom_deep_7_3_15_5_No1_p30_ao75_am15_2_m30_ao75_am24_5,75,6,SATISFIED,5.0234,91390735.0,40155.0
SAL-Ei-LM,bom_deep_7_3_15_5_No1_p30_ao75_am15_2_m30_ao75_am24_5,75,7,SATISFIED,5.0195,91270885.0,40519.0
SAL-Ei-LM,bom_deep_7_3_15_5_No1_p30_ao75_am15_2_m30_ao75_am24_5,75,8,SATISFIED,5.0208,91287574.0,26214.0
SAL-Ei-LM,bom_deep_7_3_15_5_No1_p30_ao75_am15_2_m30_ao75_am24_5,75,9,SATISFIED,5.0215,91301959.0,32908.0
SAL-Ei-LM,bom_deep_7_3_15_5_No1_p30_ao75_am15_2_m30_ao75_am24_5,75,10,SATISFIED,5.0198,91358045.0,40583.0
SAL-Ei-LM,bom_deep_7_3_15_5_No1_p30_ao75_am15_2_m30_ao75_am27_3,75,1,SATISFIED,5.0221,332454075.0,40206.0
SAL-Ei-LM,bom_deep_7_3_15_5_No1_p30_ao75_am15_2_m30_ao75_am27_3,75,2,SATISFIED,5.023,328745252.0,31090.0
SAL-Ei-LM,bom_deep_7_3_15_5_No1_p30_ao75_am15_2_m30_ao75_am27_3,75,3,SATISFIED,5.0235,334724134.0,38790.0
SAL-Ei-LM,bom_deep_7_3_15_5_No1_p30_ao75_am15_2_m30_ao75_am27_3,75,4,SATISFIED,5.0213,328688197.0,39341.0
SAL-Ei-LM,bom_deep_7_3_15_5_No1_p30_ao75_am15_2_m30_ao75_am27_3,75,5,SATISFIED,5.021,328903228.0,38849.0
SAL-Ei-LM,bom_deep_7_3_15_5_No1_p30_ao75_am15_2_m30_ao75_am27_3,75,6,SATISFIED,5.0251,328679315.0,38799.0
SAL-Ei-LM,bom_deep_7_3_15_5_No1_p30_ao75_am15_2_m30_ao75_am27_3,75,7,SATISFIED,5.0282,329208532.0,39538.0
SAL-Ei-LM,bom_deep_7_3_15_5_No1_p30_ao75_am15_2_m30_ao75_am27_3,75,8,SATISFIED,5.0252,328769392.0,39262.0
SAL-Ei-LM,bom_deep_7_3_15_5_No1_p30_ao75_am15_2_m30_ao75_am27_3,75,9,SATISFIED,5.0224,333106084.0,38977.0
SAL-Ei-LM,bom_deep_7_3_15_5_No1_p30_ao75_am15_2_m30_ao75_am27_3,75,10,SATISFIED,5.0225,333963993.0,32641.0
SAL-Ei-LM,bom_deep_7_3_15_5_No1_p30_ao75_am15_3,75,1,SATISFIED,5.0235,130170440.0,38280.0
SAL-Ei-LM,bom_deep_7_3_15_5_No1_p30_ao75_am15_3,75,2,SATISFIED,5.0235,130073260.0,37990.0
SAL-Ei-LM,bom_deep_7_3_15_5_No1_p30_ao75_am15_3,75,3,SATISFIED,5.0217,128986605.0,38928.0
SAL-Ei-LM,bom_deep_7_3_15_5_No1_p30_ao75_am15_3,75,4,SATISFIED,5.0229,129537895.0,38541.0
SAL-Ei-LM,bom_deep_7_3_15_5_No1_p30_ao75_am15_3,75,5,SATISFIED,5.0226,130081970.0,30904.0
SAL-Ei-LM,bom_deep_7_3_15_5_No1_p30_ao75_am15_3,75,6,SATISFIED,5.0216,129308640.0,36736.0
SAL-Ei-LM,bom_deep_7_3_15_5_No1_p30_ao75_am15_3,75,7,SATISFIED,5.0211,129238360.0,38092.0
SAL-Ei-LM,bom_deep_7_3_15_5_No1_p30_ao75_am15_3,75,8,SATISFIED,5.0227,129355175.0,24601.0
SAL-Ei-LM,bom_deep_7_3_15_5_No1_p30_ao75_am15_3,75,9,SATISFIED,5.0227,129881110.0,37734.0
SAL-Ei-LM,bom_deep_7_3_15_5_No1_p30_ao75_am15_3,75,10,SATISFIED,5.0217,129085885.0,24632.0
SAL-Ei-LM,bom_deep_7_3_15_5_No1_p30_ao75_am15_3_m10_ao75_am10_1,75,1,SATISFIED,5.0245,109472250.0,43158.0
SAL-Ei-LM,bom_deep_7_3_15_5_No1_p30_ao75_am15_3_m10_ao75_am10_1,75,2,SATISFIED,5.0221,109471354.0,36221.0
SAL-Ei-LM,bom_deep_7_3_15_5_No1_p30_ao75_am15_3_m10_ao75_am10_1,75,3,SATISFIED,5.0237,109487368.0,35421.0
SAL-Ei-LM,bom_deep_7_3_15_5_No1_p30_ao75_am15_3_m10_ao75_am10_1,75,4,SATISFIED,5.022,109480310.0,43189.0
SAL-Ei-LM,bom_deep_7_3_15_5_No1_p30_ao75_am15_3_m10_ao75_am10_1,75,5,SATISFIED,5.021,109481935.0,42239.0
SAL-Ei-LM,bom_deep_7_3_15_5_No1_p30_ao75_am15_3_m10_ao75_am10_1,75,6,SATISFIED,5.0207,109468805.0,36238.0
SAL-Ei-LM,bom_deep_7_3_15_5_No1_p30_ao75_am15_3_m10_ao75_am10_1,75,7,SATISFIED,5.0209,109474247.0,35990.0
SAL-Ei-LM,bom_deep_7_3_15_5_No1_p30_ao75_am15_3_m10_ao75_am10_1,75,8,SATISFIED,5.0225,109482600.0,31919.0
SAL-Ei-LM,bom_deep_7_3_15_5_No1_p30_ao75_am15_3_m10_ao75_am10_1,75,9,SATISFIED,5.0246,109483212.0,35798.0
SAL-Ei-LM,bom_deep_7_3_15_5_No1_p30_ao75_am15_3_m10_ao75_am10_1,75,10,SATISFIED,5.0214,109473875.0,30453.0
SAL-Ei-LM,bom_deep_7_3_15_5_No1_p30_ao75_am15_3_m10_ao75_am10_2,75,1,SATISFIED,5.0197,117689279.0,38544.0
SAL-Ei-LM,bom_deep_7_3_15_5_No1_p30_ao75_am15_3_m10_ao75_am10_2,75,2,SATISFIED,5.0205,122209157.0,43554.0
SAL-Ei-LM,bom_deep_7_3_15_5_No1_p30_ao75_am15_3_m10_ao75_am10_2,75,3,SATISFIED,5.0212,121447880.0,42683.0
SAL-Ei-LM,bom_deep_7_3_15_5_No1_p30_ao75_am15_3_m10_ao75_am10_2,75,4,SATISFIED,5.0185,122460810.0,42293.0
SAL-Ei-LM,bom_deep_7_3_15_5_No1_p30_ao75_am15_3_m10_ao75_am10_2,75,5,SATISFIED,5.0236,121446821.0,23703.0
SAL-Ei-LM,bom_deep_7_3_15_5_No1_p30_ao75_am15_3_m10_ao75_am10_2,75,6,SATISFIED,5.027,117690840.0,34062.0
SAL-Ei-LM,bom_deep_7_3_15_5_No1_p30_ao75_am15_3_m10_ao75_am10_2,75,7,SATISFIED,5.0233,121443119.0,32084.0
SAL-Ei-LM,bom_deep_7_3_15_5_No1_p30_ao75_am15_3_m10_ao75_am10_2,75,8,SATISFIED,5.0185,121444982.0,33286.0
SAL-Ei-LM,bom_deep_7_3_15_5_No1_p30_ao75_am15_3_m10_ao75_am10_2,75,9,SATISFIED,5.0217,117687029.0,35097.0
SAL-Ei-LM,bom_deep_7_3_15_5_No1_p30_ao75_am15_3_m10_ao75_am10_2,75,10,SATISFIED,5.0238,117697160.0,35330.0
SAL-Ei-LM,bom_deep_7_3_15_5_No1_p30_ao75_am15_3_m10_ao75_am10_3,75,1,SATISFIED,5.0238,154041555.0,36325.0
SAL-Ei-LM,bom_deep_7_3_15_5_No1_p30_ao75_am15_3_m10_ao75_am10_3,75,2,SATISFIED,5.0232,154747460.0,44111.0
SAL-Ei-LM,bom_deep_7_3_15_5_No1_p30_ao75_am15_3_m10_ao75_am10_3,75,3,SATISFIED,5.0215,154664335.0,43534.0
SAL-Ei-LM,bom_deep_7_3_15_5_No1_p30_ao75_am15_3_m10_ao75_am10_3,75,4,SATISFIED,5.0215,153789362.0,45012.0
SAL-Ei-LM,bom_deep_7_3_15_5_No1_p30_ao75_am15_3_m10_ao75_am10_3,75,5,SATISFIED,5.0215,154500190.0,43361.0
SAL-Ei-LM,bom_deep_7_3_15_5_No1_p30_ao75_am15_3_m10_ao75_am10_3,75,6,SATISFIED,5.0218,154625427.0,42390.0
SAL-Ei-LM,bom_deep_7_3_15_5_No1_p30_ao75_am15_3_m10_ao75_am10_3,75,7,SATISFIED,5.0222,154294278.0,43345.0
SAL-Ei-LM,bom_deep_7_3_15_5_No1_p30_ao75_am15_3_m10_ao75_am10_3,75,8,SATISFIED,5.0219,154046370.0,43100.0
SAL-Ei-LM,bom_deep_7_3_15_5_No1_p30_ao75_am15_3_m10_ao75_am10_3,75,9,SATISFIED,5.0207,154270085.0,35967.0
SAL-Ei-LM,bom_deep_7_3_15_5_No1_p30_ao75_am15_3_m10_ao75_am10_3,75,10,SATISFIED,5.0215,154025985.0,36716.0
SAL-Ei-LM,bom_deep_7_3_15_5_No1_p30_ao75_am15_3_m10_ao75_am10_4,75,1,SATISFIED,5.0226,287046825.0,41803.0
SAL-Ei-LM,bom_deep_7_3_15_5_No1_p30_ao75_am15_3_m10_ao75_am10_4,75,2,SATISFIED,5.0227,287076406.0,43831.0
SAL-Ei-LM,bom_deep_7_3_15_5_No1_p30_ao75_am15_3_m10_ao75_am10_4,75,3,SATISFIED,5.0206,286943484.0,44667.0
SAL-Ei-LM,bom_deep_7_3_15_5_No1_p30_ao75_am15_3_m10_ao75_am10_4,75,4,SATISFIED,5.024,286760200.0,35634.0
SAL-Ei-LM,bom_deep_7_3_15_5_No1_p30_ao75_am15_3_m10_ao75_am10_4,75,5,SATISFIED,5.0225,286934496.0,35495.0
SAL-Ei-LM,bom_deep_7_3_15_5_No1_p30_ao75_am15_3_m10_ao75_am10_4,75,6,SATISFIED,5.0377,287074748.0,22751.0
SAL-Ei-LM,bom_deep_7_3_15_5_No1_p30_ao75_am15_3_m10_ao75_am10_4,75,7,SATISFIED,5.0248,287093506.0,32687.0
SAL-Ei-LM,bom_deep_7_3_15_5_No1_p30_ao75_am15_3_m10_ao75_am10_4,75,8,SATISFIED,5.0227,286715765.0,30297.0
SAL-Ei-LM,bom_deep_7_3_15_5_No1_p30_ao75_am15_3_m10_ao75_am10_4,75,9,SATISFIED,5.0211,286867301.0,35148.0
SAL-Ei-LM,bom_deep_7_3_15_5_No1_p30_ao75_am15_3_m10_ao75_am10_4,75,10,SATISFIED,5.0449,286994421.0,24619.0
SAL-Ei-LM,bom_deep_7_3_15_5_No1_p30_ao75_am15_3_m10_ao75_am10_5,75,1,SATISFIED,5.0232,50921050.0,34396.0
SAL-Ei-LM,bom_deep_7_3_15_5_No1_p30_ao75_am15_3_m10_ao75_am10_5,75,2,SATISFIED,5.0207,51906239.0,33624.0
SAL-Ei-LM,bom_deep_7_3_15_5_No1_p30_ao75_am15_3_m10_ao75_am10_5,75,3,SATISFIED,5.0257,50918775.0,34567.0
SAL-Ei-LM,bom_deep_7_3_15_5_No1_p30_ao75_am15_3_m10_ao75_am10_5,75,4,SATISFIED,5.0229,51881833.0,33298.0
SAL-Ei-LM,bom_deep_7_3_15_5_No1_p30_ao75_am15_3_m10_ao75_am10_5,75,5,SATISFIED,5.0224,51998647.0,34066.0
SAL-Ei-LM,bom_deep_7_3_15_5_No1_p30_ao75_am15_3_m10_ao75_am10_5,75,6,SATISFIED,5.0216,51793924.0,40888.0
SAL-Ei-LM,bom_deep_7_3_15_5_No1_p30_ao75_am15_3_m10_ao75_am10_5,75,7,SATISFIED,5.0242,51753263.0,33340.0
SAL-Ei-LM,bom_deep_7_3_15_5_No1_p30_ao75_am15_3_m10_ao75_am10_5,75,8,SATISFIED,5.0231,52087413.0,32405.0
SAL-Ei-LM,bom_deep_7_3_15_5_No1_p30_ao75_am15_3_m10_ao75_am10_5,75,9,SATISFIED,5.0213,50881435.0,39788.0
SAL-Ei-LM,bom_deep_7_3_15_5_No1_p30_ao75_am15_3_m10_ao75_am10_5,75,10,SATISFIED,5.0226,51878531.0,40059.0
SAL-Ei-LM,bom_deep_7_3_15_5_No1_p30_ao75_am15_3_m30_ao75_am22_3,75,1,SATISFIED,5.0252,100671022.0,39833.0
SAL-Ei-LM,bom_deep_7_3_15_5_No1_p30_ao75_am15_3_m30_ao75_am22_3,75,2,SATISFIED,5.0218,105920265.0,28447.0
SAL-Ei-LM,bom_deep_7_3_15_5_No1_p30_ao75_am15_3_m30_ao75_am22_3,75,3,SATISFIED,5.024,100605889.0,39460.0
SAL-Ei-LM,bom_deep_7_3_15_5_No1_p30_ao75_am15_3_m30_ao75_am22_3,75,4,SATISFIED,5.0215,100863180.0,39090.0
SAL-Ei-LM,bom_deep_7_3_15_5_No1_p30_ao75_am15_3_m30_ao75_am22_3,75,5,SATISFIED,5.0251,100860680.0,32304.0
SAL-Ei-LM,bom_deep_7_3_15_5_No1_p30_ao75_am15_3_m30_ao75_am22_3,75,6,SATISFIED,5.0246,100525430.0,22834.0
SAL-Ei-LM,bom_deep_7_3_15_5_No1_p30_ao75_am15_3_m30_ao75_am22_3,75,7,SATISFIED,5.0244,100826659.0,35022.0
SAL-Ei-LM,bom_deep_7_3_15_5_No1_p30_ao75_am15_3_m30_ao75_am22_3,75,8,SATISFIED,5.0224,100739402.0,31654.0
SAL-Ei-LM,bom_deep_7_3_15_5_No1_p30_ao75_am15_3_m30_ao75_am22_3,75,9,SATISFIED,5.0223,100660495.0,28767.0
SAL-Ei-LM,bom_deep_7_3_15_5_No1_p30_ao75_am15_3_m30_ao75_am22_3,75,10,SATISFIED,5.0232,100410355.0,36939.0
SAL-Ei-LM,bom_deep_7_3_15_5_No1_p30_ao75_am15_3_m30_ao75_am24_4,75,1,SATISFIED,5.0222,337114692.0,41297.0
SAL-Ei-LM,bom_deep_7_3_15_5_No1_p30_ao75_am15_3_m30_ao75_am24_4,75,2,SATISFIED,5.0227,337184523.0,38775.0
SAL-Ei-LM,bom_deep_7_3_15_5_No1_p30_ao75_am15_3_m30_ao75_am24_4,75,3,SATISFIED,5.0224,337255755.0,25516.0
SAL-Ei-LM,bom_deep_7_3_15_5_No1_p30_ao75_am15_3_m30_ao75_am24_4,75,4,SATISFIED,5.0219,337398705.0,32521.0
SAL-Ei-LM,bom_deep_7_3_15_5_No1_p30_ao75_am15_3_m30_ao75_am24_4,75,5,SATISFIED,5.0229,337166715.0,32210.0
SAL-Ei-LM,bom_deep_7_3_15_5_No1_p30_ao75_am15_3_m30_ao75_am24_4,75,6,SATISFIED,5.023,337588690.0,32100.0
SAL-Ei-LM,bom_deep_7_3_15_5_No1_p30_ao75_am15_3_m30_ao75_am24_4,75,7,SATISFIED,5.0224,337282100.0,26520.0
SAL-Ei-LM,bom_deep_7_3_15_5_No1_p30_ao75_am15_3_m30_ao75_am24_4,75,8,SATISFIED,5.0208,337681890.0,31723.0
SAL-Ei-LM,bom_deep_7_3_15_5_No1_p30_ao75_am15_3_m30_ao75_am24_4,75,9,SATISFIED,5.0203,337212595.0,25996.0
SAL-Ei-LM,bom_deep_7_3_15_5_No1_p30_ao75_am15_3_m30_ao75_am24_4,75,10,SATISFIED,5.0211,337454065.0,40707.0
SAL-Ei-LM,bom_deep_7_3_15_5_No1_p30_ao75_am15_3_m30_ao75_am24_5,75,1,SATISFIED,5.0238,198507774.0,41090.0
SAL-Ei-LM,bom_deep_7_3_15_5_No1_p30_ao75_am15_3_m30_ao75_am24_5,75,2,SATISFIED,5.0194,197484404.0,41484.0
SAL-Ei-LM,bom_deep_7_3_15_5_No1_p30_ao75_am15_3_m30_ao75_am24_5,75,3,SATISFIED,5.0224,198172715.0,41411.0
SAL-Ei-LM,bom_deep_7_3_15_5_No1_p30_ao75_am15_3_m30_ao75_am24_5,75,4,SATISFIED,5.0227,197919224.0,41526.0
SAL-Ei-LM,bom_deep_7_3_15_5_No1_p30_ao75_am15_3_m30_ao75_am24_5,75,5,SATISFIED,5.0222,197754367.0,41331.0
SAL-Ei-LM,bom_deep_7_3_15_5_No1_p30_ao75_am15_3_m30_ao75_am24_5,75,6,SATISFIED,5.0214,197706764.0,40552.0
SAL-Ei-LM,bom_deep_7_3_15_5_No1_p30_ao75_am15_3_m30_ao75_am24_5,75,7,SATISFIED,5.0225,197536211.0,41250.0
SAL-Ei-LM,bom_deep_7_3_15_5_No1_p30_ao75_am15_3_m30_ao75_am24_5,75,8,SATISFIED,5.0205,197783178.0,41078.0
SAL-Ei-LM,bom_deep_7_3_15_5_No1_p30_ao75_am15_3_m30_ao75_am24_5,75,9,SATISFIED,5.0221,197577171.0,41615.0
SAL-Ei-LM,bom_deep_7_3_15_5_No1_p30_ao75_am15_3_m30_ao75_am24_5,75,10,SATISFIED,5.0223,198184361.0,41359.0
SAL-Ei-LM,bom_deep_7_3_15_5_No1_p30_ao75_am15_3_m30_ao75_am26_1,75,1,SATISFIED,5.0237,72588774.0,39290.0
SAL-Ei-LM,bom_deep_7_3_15_5_No1_p30_ao75_am15_3_m30_ao75_am26_1,75,2,SATISFIED,5.023,71975507.0,39745.0
SAL-Ei-LM,bom_deep_7_3_15_5_No1_p30_ao75_am15_3_m30_ao75_am26_1,75,3,SATISFIED,5.023,72371791.0,39722.0
SAL-Ei-LM,bom_deep_7_3_15_5_No1_p30_ao75_am15_3_m30_ao75_am26_1,75,4,SATISFIED,5.0235,72000890.0,39710.0
SAL-Ei-LM,bom_deep_7_3_15_5_No1_p30_ao75_am15_3_m30_ao75_am26_1,75,5,SATISFIED,5.024,71906979.0,31078.0
SAL-Ei-LM,bom_deep_7_3_15_5_No1_p30_ao75_am15_3_m30_ao75_am26_1,75,6,SATISFIED,5.0237,72325471.0,31505.0
SAL-Ei-LM,bom_deep_7_3_15_5_No1_p30_ao75_am15_3_m30_ao75_am26_1,75,7,SATISFIED,5.0225,72228173.0,39273.0
SAL-Ei-LM,bom_deep_7_3_15_5_No1_p30_ao75_am15_3_m30_ao75_am26_1,75,8,SATISFIED,5.0209,72075827.0,39368.0
SAL-Ei-LM,bom_deep_7_3_15_5_No1_p30_ao75_am15_3_m30_ao75_am26_1,75,9,SATISFIED,5.0198,72649885.0,38524.0
SAL-Ei-LM,bom_deep_7_3_15_5_No1_p30_ao75_am15_3_m30_ao75_am26_1,75,10,SATISFIED,5.0248,72507078.0,39679.0
SAL-Ei-LM,bom_deep_7_3_15_5_No1_p30_ao75_am15_3_m30_ao75_am28_2,75,1,SATISFIED,5.0216,97694705.0,38754.0
SAL-Ei-LM,bom_deep_7_3_15_5_No1_p30_ao75_am15_3_m30_ao75_am28_2,75,2,SATISFIED,5.0196,95258991.0,38069.0
SAL-Ei-LM,bom_deep_7_3_15_5_No1_p30_ao75_am15_3_m30_ao75_am28_2,75,3,SATISFIED,5.0217,101555330.0,36651.0
SAL-Ei-LM,bom_deep_7_3_15_5_No1_p30_ao75_am15_3_m30_ao75_am28_2,75,4,SATISFIED,5.0245,103224020.0,36948.0
SAL-Ei-LM,bom_deep_7_3_15_5_No1_p30_ao75_am15_3_m30_ao75_am28_2,75,5,SATISFIED,5.0199,95609387.0,38377.0
SAL-Ei-LM,bom_deep_7_3_15_5_No1_p30_ao75_am15_3_m30_ao75_am28_2,75,6,SATISFIED,5.0232,101775535.0,31099.0
SAL-Ei-LM,bom_deep_7_3_15_5_No1_p30_ao75_am15_3_m30_ao75_am28_2,75,7,SATISFIED,5.0199,102211060.0,37871.0
SAL-Ei-LM,bom_deep_7_3_15_5_No1_p30_ao75_am15_3_m30_ao75_am28_2,75,8,SATISFIED,5.0185,95775092.0,39064.0
SAL-Ei-LM,bom_deep_7_3_15_5_No1_p30_ao75_am15_3_m30_ao75_am28_2,75,9,SATISFIED,5.0212,110773390.0,30347.0
SAL-Ei-LM,bom_deep_7_3_15_5_No1_p30_ao75_am15_3_m30_ao75_am28_2,75,10,SATISFIED,5.0218,101635295.0,28523.0
SAL-Ei-LM,bom_deep_7_3_15_5_No1_p30_ao75_am15_4,75,1,SATISFIED,5.0209,114397995.0,30998.0
SAL-Ei-LM,bom_deep_7_3_15_5_No1_p30_ao75_am15_4,75,2,SATISFIED,5.0224,110873840.0,31021.0
SAL-Ei-LM,bom_deep_7_3_15_5_No1_p30_ao75_am15_4,75,3,SATISFIED,5.0229,119019705.0,31649.0
SAL-Ei-LM,bom_deep_7_3_15_5_No1_p30_ao75_am15_4,75,4,SATISFIED,5.0214,117984560.0,30912.0
SAL-Ei-LM,bom_deep_7_3_15_5_No1_p30_ao75_am15_4,75,5,SATISFIED,5.0242,112468708.0,31204.0
SAL-Ei-LM,bom_deep_7_3_15_5_No1_p30_ao75_am15_4,75,6,SATISFIED,5.0226,119985500.0,26996.0
SAL-Ei-LM,bom_deep_7_3_15_5_No1_p30_ao75_am15_4,75,7,SATISFIED,5.0224,107421160.0,31053.0
SAL-Ei-LM,bom_deep_7_3_15_5_No1_p30_ao75_am15_4,75,8,SATISFIED,5.0223,109266040.0,30420.0
SAL-Ei-LM,bom_deep_7_3_15_5_No1_p30_ao75_am15_4,75,9,SATISFIED,5.0243,119968290.0,30894.0
SAL-Ei-LM,bom_deep_7_3_15_5_No1_p30_ao75_am15_4,75,10,SATISFIED,5.023,118388659.0,33341.0
SAL-Ei-LM,bom_deep_7_3_15_5_No1_p30_ao75_am15_4_m10_ao75_am10_1,75,1,SATISFIED,5.0232,297188659.0,29308.0
SAL-Ei-LM,bom_deep_7_3_15_5_No1_p30_ao75_am15_4_m10_ao75_am10_1,75,2,SATISFIED,5.0231,283542661.0,42347.0
SAL-Ei-LM,bom_deep_7_3_15_5_No1_p30_ao75_am15_4_m10_ao75_am10_1,75,3,SATISFIED,5.0204,296163586.0,42308.0
SAL-Ei-LM,bom_deep_7_3_15_5_No1_p30_ao75_am15_4_m10_ao75_am10_1,75,4,SATISFIED,5.0234,307820812.0,42590.0
SAL-Ei-LM,bom_deep_7_3_15_5_No1_p30_ao75_am15_4_m10_ao75_am10_1,75,5,SATISFIED,5.0226,292584039.0,41809.0
SAL-Ei-LM,bom_deep_7_3_15_5_No1_p30_ao75_am15_4_m10_ao75_am10_1,75,6,SATISFIED,5.0208,294628165.0,30158.0
SAL-Ei-LM,bom_deep_7_3_15_5_No1_p30_ao75_am15_4_m10_ao75_am10_1,75,7,SATISFIED,5.0198,293255309.0,35678.0
SAL-Ei-LM,bom_deep_7_3_15_5_No1_p30_ao75_am15_4_m10_ao75_am10_1,75,8,SATISFIED,5.0244,299868270.0,26931.0
SAL-Ei-LM,bom_deep_7_3_15_5_No1_p30_ao75_am15_4_m10_ao75_am10_1,75,9,SATISFIED,5.0203,310989582.0,35234.0
SAL-Ei-LM,bom_deep_7_3_15_5_No1_p30_ao75_am15_4_m10_ao75_am10_1,75,10,SATISFIED,5.021,293884457.0,43205.0
SAL-Ei-LM,bom_deep_7_3_15_5_No1_p30_ao75_am15_4_m10_ao75_am10_2,75,1,SATISFIED,5.0243,507744078.0,28252.0
SAL-Ei-LM,bom_deep_7_3_15_5_No1_p30_ao75_am15_4_m10_ao75_am10_2,75,2,SATISFIED,5.0214,507683880.0,41574.0
SAL-Ei-LM,bom_deep_7_3_15_5_No1_p30_ao75_am15_4_m10_ao75_am10_2,75,3,SATISFIED,5.0207,507813400.0,32109.0
SAL-Ei-LM,bom_deep_7_3_15_5_No1_p30_ao75_am15_4_m10_ao75_am10_2,75,4,SATISFIED,5.0234,507735481.0,34062.0
SAL-Ei-LM,bom_deep_7_3_15_5_No1_p30_ao75_am15_4_m10_ao75_am10_2,75,5,SATISFIED,5.0223,507797050.0,25301.0
SAL-Ei-LM,bom_deep_7_3_15_5_No1_p30_ao75_am15_4_m10_ao75_am10_2,75,6,SATISFIED,5.0222,507452735.0,42956.0
SAL-Ei-LM,bom_deep_7_3_15_5_No1_p30_ao75_am15_4_m10_ao75_am10_2,75,7,SATISFIED,5.0201,507905738.0,42998.0
SAL-Ei-LM,bom_deep_7_3_15_5_No1_p30_ao75_am15_4_m10_ao75_am10_2,75,8,SATISFIED,5.0212,507246295.0,43903.0
SAL-Ei-LM,bom_deep_7_3_15_5_No1_p30_ao75_am15_4_m10_ao75_am10_2,75,9,SATISFIED,5.0221,507735609.0,43523.0
SAL-Ei-LM,bom_deep_7_3_15_5_No1_p30_ao75_am15_4_m10_ao75_am10_2,75,10,SATISFIED,5.0226,507505925.0,42745.0
SAL-Ei-LM,bom_deep_7_3_15_5_No1_p30_ao75_am15_4_m10_ao75_am10_3,75,1,SATISFIED,5.0231,453528330.0,39093.0
SAL-Ei-LM,bom_deep_7_3_15_5_No1_p30_ao75_am15_4_m10_ao75_am10_3,75,2,SATISFIED,5.0239,452287402.0,27707.0
SAL-Ei-LM,bom_deep_7_3_15_5_No1_p30_ao75_am15_4_m10_ao75_am10_3,75,3,SATISFIED,5.0223,451119318.0,42967.0
SAL-Ei-LM,bom_deep_7_3_15_5_No1_p30_ao75_am15_4_m10_ao75_am10_3,75,4,SATISFIED,5.0223,450919091.0,43351.0
SAL-Ei-LM,bom_deep_7_3_15_5_No1_p30_ao75_am15_4_m10_ao75_am10_3,75,5,SATISFIED,5.0209,453865590.0,43975.0
SAL-Ei-LM,bom_deep_7_3_15_5_No1_p30_ao75_am15_4_m10_ao75_am10_3,75,6,SATISFIED,5.0221,451819316.0,43443.0
SAL-Ei-LM,bom_deep_7_3_15_5_No1_p30_ao75_am15_4_m10_ao75_am10_3,75,7,SATISFIED,5.0206,452979325.0,43902.0
SAL-Ei-LM,bom_deep_7_3_15_5_No1_p30_ao75_am15_4_m10_ao75_am10_3,75,8,SATISFIED,5.0209,452466160.0,27532.0
SAL-Ei-LM,bom_deep_7_3_15_5_No1_p30_ao75_am15_4_m10_ao75_am10_3,75,9,SATISFIED,5.0213,452577120.0,23577.0
SAL-Ei-LM,bom_deep_7_3_15_5_No1_p30_ao75_am15_4_m10_ao75_am10_3,75,10,SATISFIED,5.0207,453280023.0,34987.0
SAL-Ei-LM,bom_deep_7_3_15_5_No1_p30_ao75_am15_4_m10_ao75_am10_4,75,1,SATISFIED,5.0201,199661805.0,41511.0
SAL-Ei-LM,bom_deep_7_3_15_5_No1_p30_ao75_am15_4_m10_ao75_am10_4,75,2,SATISFIED,5.0218,197876741.0,42264.0
SAL-Ei-LM,bom_deep_7_3_15_5_No1_p30_ao75_am15_4_m10_ao75_am10_4,75,3,SATISFIED,5.0225,209170047.0,33463.0
SAL-Ei-LM,bom_deep_7_3_15_5_No1_p30_ao75_am15_4_m10_ao75_am10_4,75,4,SATISFIED,5.0193,196612482.0,33911.0
SAL-Ei-LM,bom_deep_7_3_15_5_No1_p30_ao75_am15_4_m10_ao75_am10_4,75,5,SATISFIED,5.0192,198536453.0,41667.0
SAL-Ei-LM,bom_deep_7_3_15_5_No1_p30_ao75_am15_4_m10_ao75_am10_4,75,6,SATISFIED,5.022,206533802.0,41504.0
SAL-Ei-LM,bom_deep_7_3_15_5_No1_p30_ao75_am15_4_m10_ao75_am10_4,75,7,SATISFIED,5.0225,218574260.0,33596.0
SAL-Ei-LM,bom_deep_7_3_15_5_No1_p30_ao75_am15_4_m10_ao75_am10_4,75,8,SATISFIED,5.0208,203110935.0,34368.0
SAL-Ei-LM,bom_deep_7_3_15_5_No1_p30_ao75_am15_4_m10_ao75_am10_4,75,9,SATISFIED,5.0235,199112000.0,37280.0
SAL-Ei-LM,bom_deep_7_3_15_5_No1_p30_ao75_am15_4_m10_ao75_am10_4,75,10,SATISFIED,5.0215,201536543.0,26181.0
SAL-Ei-LM,bom_deep_7_3_15_5_No1_p30_ao75_am15_4_m10_ao75_am10_5,75,1,SATISFIED,5.0262,373256565.0,25451.0
SAL-Ei-LM,bom_deep_7_3_15_5_No1_p30_ao75_am15_4_m10_ao75_am10_5,75,2,SATISFIED,5.0212,373388870.0,32745.0
SAL-Ei-LM,bom_deep_7_3_15_5_No1_p30_ao75_am15_4_m10_ao75_am10_5,75,3,SATISFIED,5.0226,373234635.0,33379.0
SAL-Ei-LM,bom_deep_7_3_15_5_No1_p30_ao75_am15_4_m10_ao75_am10_5,75,4,SATISFIED,5.0203,372840295.0,40725.0
SAL-Ei-LM,bom_deep_7_3_15_5_No1_p30_ao75_am15_4_m10_ao75_am10_5,75,5,SATISFIED,5.0184,372981375.0,39983.0
SAL-Ei-LM,bom_deep_7_3_15_5_No1_p30_ao75_am15_4_m10_ao75_am10_5,75,6,SATISFIED,5.0205,372878165.0,38724.0
SAL-Ei-LM,bom_deep_7_3_15_5_No1_p30_ao75_am15_4_m10_ao75_am10_5,75,7,SATISFIED,5.0205,373310225.0,39647.0
SAL-Ei-LM,bom_deep_7_3_15_5_No1_p30_ao75_am15_4_m10_ao75_am10_5,75,8,SATISFIED,5.0211,373386063.0,39437.0
SAL-Ei-LM,bom_deep_7_3_15_5_No1_p30_ao75_am15_4_m10_ao75_am10_5,75,9,SATISFIED,5.0229,373830718.0,32932.0
SAL-Ei-LM,bom_deep_7_3_15_5_No1_p30_ao75_am15_4_m10_ao75_am10_5,75,10,SATISFIED,5.024,373768665.0,31477.0
SAL-Ei-LM,bom_deep_7_3_15_5_No1_p30_ao75_am15_4_m30_ao75_am23_2,75,1,SATISFIED,5.0211,277575960.0,32603.0
SAL-Ei-LM,bom_deep_7_3_15_5_No1_p30_ao75_am15_4_m30_ao75_am23_2,75,2,SATISFIED,5.0205,277562175.0,41497.0
SAL-Ei-LM,bom_deep_7_3_15_5_No1_p30_ao75_am15_4_m30_ao75_am23_2,75,3,SATISFIED,5.0234,277618541.0,39412.0
SAL-Ei-LM,bom_deep_7_3_15_5_No1_p30_ao75_am15_4_m30_ao75_am23_2,75,4,SATISFIED,5.021,277573915.0,27685.0
SAL-Ei-LM,bom_deep_7_3_15_5_No1_p30_ao75_am15_4_m30_ao75_am23_2,75,5,SATISFIED,5.0177,277621415.0,42318.0
SAL-Ei-LM,bom_deep_7_3_15_5_No1_p30_ao75_am15_4_m30_ao75_am23_2,75,6,SATISFIED,5.0127,277587160.0,41486.0
SAL-Ei-LM,bom_deep_7_3_15_5_No1_p30_ao75_am15_4_m30_ao75_am23_2,75,7,SATISFIED,5.0132,277626815.0,41383.0
SAL-Ei-LM,bom_deep_7_3_15_5_No1_p30_ao75_am15_4_m30_ao75_am23_2,75,8,SATISFIED,5.019,277636646.0,32406.0
SAL-Ei-LM,bom_deep_7_3_15_5_No1_p30_ao75_am15_4_m30_ao75_am23_2,75,9,SATISFIED,5.0203,277590385.0,33576.0
SAL-Ei-LM,bom_deep_7_3_15_5_No1_p30_ao75_am15_4_m30_ao75_am23_2,75,10,SATISFIED,5.0206,277626075.0,33240.0
SAL-Ei-LM,bom_deep_7_3_15_5_No1_p30_ao75_am15_4_m30_ao75_am25_5,75,1,SATISFIED,5.0217,245705651.0,38651.0
SAL-Ei-LM,bom_deep_7_3_15_5_No1_p30_ao75_am15_4_m30_ao75_am25_5,75,2,SATISFIED,5.0206,245681995.0,28249.0
SAL-Ei-LM,bom_deep_7_3_15_5_No1_p30_ao75_am15_4_m30_ao75_am25_5,75,3,SATISFIED,5.0217,244264475.0,30823.0
SAL-Ei-LM,bom_deep_7_3_15_5_No1_p30_ao75_am15_4_m30_ao75_am25_5,75,4,SATISFIED,5.0207,243519057.0,38290.0
SAL-Ei-LM,bom_deep_7_3_15_5_No1_p30_ao75_am15_4_m30_ao75_am25_5,75,5,SATISFIED,5.0203,244042675.0,28989.0
SAL-Ei-LM,bom_deep_7_3_15_5_No1_p30_ao75_am15_4_m30_ao75_am25_5,75,6,SATISFIED,5.0144,248562000.0,30876.0
SAL-Ei-LM,bom_deep_7_3_15_5_No1_p30_ao75_am15_4_m30_ao75_am25_5,75,7,SATISFIED,5.0228,246044616.0,31317.0
SAL-Ei-LM,bom_deep_7_3_15_5_No1_p30_ao75_am15_4_m30_ao75_am25_5,75,8,SATISFIED,5.0212,245223659.0,38628.0
SAL-Ei-LM,bom_deep_7_3_15_5_No1_p30_ao75_am15_4_m30_ao75_am25_5,75,9,SATISFIED,5.0161,248877725.0,39017.0
SAL-Ei-LM,bom_deep_7_3_15_5_No1_p30_ao75_am15_4_m30_ao75_am25_5,75,10,SATISFIED,5.0182,245073595.0,39179.0
SAL-Ei-LM,bom_deep_7_3_15_5_No1_p30_ao75_am15_4_m30_ao75_am26_1,75,1,SATISFIED,5.0154,221136149.0,25306.0
SAL-Ei-LM,bom_deep_7_3_15_5_No1_p30_ao75_am15_4_m30_ao75_am26_1,75,2,SATISFIED,5.0237,209835707.0,24899.0
SAL-Ei-LM,bom_deep_7_3_15_5_No1_p30_ao75_am15_4_m30_ao75_am26_1,75,3,SATISFIED,5.0233,219256803.0,37210.0
SAL-Ei-LM,bom_deep_7_3_15_5_No1_p30_ao75_am15_4_m30_ao75_am26_1,75,4,SATISFIED,5.0156,230151873.0,37968.0
SAL-Ei-LM,bom_deep_7_3_15_5_No1_p30_ao75_am15_4_m30_ao75_am26_1,75,5,SATISFIED,5.0165,209492526.0,28485.0
SAL-Ei-LM,bom_deep_7_3_15_5_No1_p30_ao75_am15_4_m30_ao75_am26_1,75,6,SATISFIED,5.0201,231564646.0,38325.0
SAL-Ei-LM,bom_deep_7_3_15_5_No1_p30_ao75_am15_4_m30_ao75_am26_1,75,7,SATISFIED,5.024,207974080.0,31325.0
SAL-Ei-LM,bom_deep_7_3_15_5_No1_p30_ao75_am15_4_m30_ao75_am26_1,75,8,SATISFIED,5.0231,200989842.0,39153.0
SAL-Ei-LM,bom_deep_7_3_15_5_No1_p30_ao75_am15_4_m30_ao75_am26_1,75,9,SATISFIED,5.0242,206052849.0,39259.0
SAL-Ei-LM,bom_deep_7_3_15_5_No1_p30_ao75_am15_4_m30_ao75_am26_1,75,10,SATISFIED,5.0227,206801698.0,39177.0
SAL-Ei-LM,bom_deep_7_3_15_5_No1_p30_ao75_am15_4_m30_ao75_am27_4,75,1,SATISFIED,5.0214,221954630.0,39988.0
SAL-Ei-LM,bom_deep_7_3_15_5_No1_p30_ao75_am15_4_m30_ao75_am27_4,75,2,SATISFIED,5.0251,225349454.0,25101.0
SAL-Ei-LM,bom_deep_7_3_15_5_No1_p30_ao75_am15_4_m30_ao75_am27_4,75,3,SATISFIED,5.0233,226256073.0,32634.0
SAL-Ei-LM,bom_deep_7_3_15_5_No1_p30_ao75_am15_4_m30_ao75_am27_4,75,4,SATISFIED,5.0233,241790654.0,39582.0
SAL-Ei-LM,bom_deep_7_3_15_5_No1_p30_ao75_am15_4_m30_ao75_am27_4,75,5,SATISFIED,5.0216,224435600.0,29309.0
SAL-Ei-LM,bom_deep_7_3_15_5_No1_p30_ao75_am15_4_m30_ao75_am27_4,75,6,SATISFIED,5.0236,249724862.0,37411.0
SAL-Ei-LM,bom_deep_7_3_15_5_No1_p30_ao75_am15_4_m30_ao75_am27_4,75,7,SATISFIED,5.0219,230330246.0,37939.0
SAL-Ei-LM,bom_deep_7_3_15_5_No1_p30_ao75_am15_4_m30_ao75_am27_4,75,8,SATISFIED,5.0209,239167385.0,32328.0
SAL-Ei-LM,bom_deep_7_3_15_5_No1_p30_ao75_am15_4_m30_ao75_am27_4,75,9,SATISFIED,5.0204,237616655.0,31661.0
SAL-Ei-LM,bom_deep_7_3_15_5_No1_p30_ao75_am15_4_m30_ao75_am27_4,75,10,SATISFIED,5.0196,229287311.0,39703.0
SAL-Ei-LM,bom_deep_7_3_15_5_No1_p30_ao75_am15_4_m30_ao75_am28_3,75,1,SATISFIED,5.0197,291492013.0,37243.0
SAL-Ei-LM,bom_deep_7_3_15_5_No1_p30_ao75_am15_4_m30_ao75_am28_3,75,2,SATISFIED,5.0231,281285157.0,35899.0
SAL-Ei-LM,bom_deep_7_3_15_5_No1_p30_ao75_am15_4_m30_ao75_am28_3,75,3,SATISFIED,5.0237,292275991.0,24503.0
SAL-Ei-LM,bom_deep_7_3_15_5_No1_p30_ao75_am15_4_m30_ao75_am28_3,75,4,SATISFIED,5.0226,279738486.0,27111.0
SAL-Ei-LM,bom_deep_7_3_15_5_No1_p30_ao75_am15_4_m30_ao75_am28_3,75,5,SATISFIED,5.024,285510925.0,33456.0
SAL-Ei-LM,bom_deep_7_3_15_5_No1_p30_ao75_am15_4_m30_ao75_am28_3,75,6,SATISFIED,5.0218,292570293.0,38824.0
SAL-Ei-LM,bom_deep_7_3_15_5_No1_p30_ao75_am15_4_m30_ao75_am28_3,75,7,SATISFIED,5.0256,291302424.0,38792.0
SAL-Ei-LM,bom_deep_7_3_15_5_No1_p30_ao75_am15_4_m30_ao75_am28_3,75,8,SATISFIED,5.0229,282394970.0,39264.0
SAL-Ei-LM,bom_deep_7_3_15_5_No1_p30_ao75_am15_4_m30_ao75_am28_3,75,9,SATISFIED,5.0221,289249073.0,38730.0
SAL-Ei-LM,bom_deep_7_3_15_5_No1_p30_ao75_am15_4_m30_ao75_am28_3,75,10,SATISFIED,5.025,262407899.0,31066.0
SAL-Ei-LM,bom_deep_7_3_15_5_No1_p30_ao75_am15_5,75,1,SATISFIED,5.0222,132932330.0,30207.0
SAL-Ei-LM,bom_deep_7_3_15_5_No1_p30_ao75_am15_5,75,2,SATISFIED,5.0201,129190015.0,31312.0
SAL-Ei-LM,bom_deep_7_3_15_5_No1_p30_ao75_am15_5,75,3,SATISFIED,5.0223,134048040.0,38063.0
SAL-Ei-LM,bom_deep_7_3_15_5_No1_p30_ao75_am15_5,75,4,SATISFIED,5.025,126675185.0,28797.0
SAL-Ei-LM,bom_deep_7_3_15_5_No1_p30_ao75_am15_5,75,5,SATISFIED,5.0224,126727080.0,29831.0
SAL-Ei-LM,bom_deep_7_3_15_5_No1_p30_ao75_am15_5,75,6,SATISFIED,5.0223,127092430.0,24048.0
SAL-Ei-LM,bom_deep_7_3_15_5_No1_p30_ao75_am15_5,75,7,SATISFIED,5.0232,138694529.0,38808.0
SAL-Ei-LM,bom_deep_7_3_15_5_No1_p30_ao75_am15_5,75,8,SATISFIED,5.0231,141210890.0,38854.0
SAL-Ei-LM,bom_deep_7_3_15_5_No1_p30_ao75_am15_5,75,9,SATISFIED,5.0257,126843405.0,26573.0
SAL-Ei-LM,bom_deep_7_3_15_5_No1_p30_ao75_am15_5,75,10,SATISFIED,5.0221,131371990.0,25767.0
SAL-Ei-LM,bom_deep_7_3_15_5_No1_p30_ao75_am15_5_m10_ao75_am10_1,75,1,SATISFIED,5.0216,423563590.0,30707.0
SAL-Ei-LM,bom_deep_7_3_15_5_No1_p30_ao75_am15_5_m10_ao75_am10_1,75,2,SATISFIED,5.0206,423418889.0,38631.0
SAL-Ei-LM,bom_deep_7_3_15_5_No1_p30_ao75_am15_5_m10_ao75_am10_1,75,3,SATISFIED,5.0183,423256862.0,32047.0
SAL-Ei-LM,bom_deep_7_3_15_5_No1_p30_ao75_am15_5_m10_ao75_am10_1,75,4,SATISFIED,5.0194,423020490.0,36600.0
SAL-Ei-LM,bom_deep_7_3_15_5_No1_p30_ao75_am15_5_m10_ao75_am10_1,75,5,SATISFIED,5.02,423082339.0,44945.0
SAL-Ei-LM,bom_deep_7_3_15_5_No1_p30_ao75_am15_5_m10_ao75_am10_1,75,6,SATISFIED,5.018,422972143.0,45710.0
SAL-Ei-LM,bom_deep_7_3_15_5_No1_p30_ao75_am15_5_m10_ao75_am10_1,75,7,SATISFIED,5.0199,423204134.0,44681.0
SAL-Ei-LM,bom_deep_7_3_15_5_No1_p30_ao75_am15_5_m10_ao75_am10_1,75,8,SATISFIED,5.0211,423339398.0,45271.0
SAL-Ei-LM,bom_deep_7_3_15_5_No1_p30_ao75_am15_5_m10_ao75_am10_1,75,9,SATISFIED,5.0204,423450538.0,44630.0
SAL-Ei-LM,bom_deep_7_3_15_5_No1_p30_ao75_am15_5_m10_ao75_am10_1,75,10,SATISFIED,5.0223,423295925.0,45257.0
SAL-Ei-LM,bom_deep_7_3_15_5_No1_p30_ao75_am15_5_m10_ao75_am10_2,75,1,SATISFIED,5.0201,195563140.0,35304.0
SAL-Ei-LM,bom_deep_7_3_15_5_No1_p30_ao75_am15_5_m10_ao75_am10_2,75,2,SATISFIED,5.0189,218072058.0,36038.0
SAL-Ei-LM,bom_deep_7_3_15_5_No1_p30_ao75_am15_5_m10_ao75_am10_2,75,3,SATISFIED,5.0206,195582203.0,43701.0
SAL-Ei-LM,bom_deep_7_3_15_5_No1_p30_ao75_am15_5_m10_ao75_am10_2,75,4,SATISFIED,5.0213,211061523.0,35366.0
SAL-Ei-LM,bom_deep_7_3_15_5_No1_p30_ao75_am15_5_m10_ao75_am10_2,75,5,SATISFIED,5.0212,190306269.0,36275.0
SAL-Ei-LM,bom_deep_7_3_15_5_No1_p30_ao75_am15_5_m10_ao75_am10_2,75,6,SATISFIED,5.0212,195591716.0,35534.0
SAL-Ei-LM,bom_deep_7_3_15_5_No1_p30_ao75_am15_5_m10_ao75_am10_2,75,7,SATISFIED,5.0201,211239792.0,43208.0
SAL-Ei-LM,bom_deep_7_3_15_5_No1_p30_ao75_am15_5_m10_ao75_am10_2,75,8,SATISFIED,5.0197,195469272.0,44074.0
SAL-Ei-LM,bom_deep_7_3_15_5_No1_p30_ao75_am15_5_m10_ao75_am10_2,75,9,SATISFIED,5.02,195670154.0,35851.0
SAL-Ei-LM,bom_deep_7_3_15_5_No1_p30_ao75_am15_5_m10_ao75_am10_2,75,10,SATISFIED,5.0183,190459459.0,35816.0
SAL-Ei-LM,bom_deep_7_3_15_5_No1_p30_ao75_am15_5_m10_ao75_am10_3,75,1,SATISFIED,5.0197,917950341.0,41520.0
SAL-Ei-LM,bom_deep_7_3_15_5_No1_p30_ao75_am15_5_m10_ao75_am10_3,75,2,SATISFIED,5.0189,915652758.0,41587.0
SAL-Ei-LM,bom_deep_7_3_15_5_No1_p30_ao75_am15_5_m10_ao75_am10_3,75,3,SATISFIED,5.0198,915830430.0,42426.0
SAL-Ei-LM,bom_deep_7_3_15_5_No1_p30_ao75_am15_5_m10_ao75_am10_3,75,4,SATISFIED,5.0189,923193225.0,42822.0
SAL-Ei-LM,bom_deep_7_3_15_5_No1_p30_ao75_am15_5_m10_ao75_am10_3,75,5,SATISFIED,5.0218,921962586.0,41967.0
SAL-Ei-LM,bom_deep_7_3_15_5_No1_p30_ao75_am15_5_m10_ao75_am10_3,75,6,SATISFIED,5.0273,921317298.0,42293.0
SAL-Ei-LM,bom_deep_7_3_15_5_No1_p30_ao75_am15_5_m10_ao75_am10_3,75,7,SATISFIED,5.021,918628680.0,42068.0
SAL-Ei-LM,bom_deep_7_3_15_5_No1_p30_ao75_am15_5_m10_ao75_am10_3,75,8,SATISFIED,5.0239,917756094.0,42244.0
SAL-Ei-LM,bom_deep_7_3_15_5_No1_p30_ao75_am15_5_m10_ao75_am10_3,75,9,SATISFIED,5.0212,931399959.0,33913.0
SAL-Ei-LM,bom_deep_7_3_15_5_No1_p30_ao75_am15_5_m10_ao75_am10_3,75,10,SATISFIED,5.0211,923211588.0,27051.0
SAL-Ei-LM,bom_deep_7_3_15_5_No1_p30_ao75_am15_5_m10_ao75_am10_4,75,1,SATISFIED,5.0237,561626485.0,23532.0
SAL-Ei-LM,bom_deep_7_3_15_5_No1_p30_ao75_am15_5_m10_ao75_am10_4,75,2,SATISFIED,5.0206,563383379.0,43103.0
SAL-Ei-LM,bom_deep_7_3_15_5_No1_p30_ao75_am15_5_m10_ao75_am10_4,75,3,SATISFIED,5.0196,562837893.0,43436.0
SAL-Ei-LM,bom_deep_7_3_15_5_No1_p30_ao75_am15_5_m10_ao75_am10_4,75,4,SATISFIED,5.0199,562694704.0,43501.0
SAL-Ei-LM,bom_deep_7_3_15_5_No1_p30_ao75_am15_5_m10_ao75_am10_4,75,5,SATISFIED,5.0184,565494377.0,43607.0
SAL-Ei-LM,bom_deep_7_3_15_5_No1_p30_ao75_am15_5_m10_ao75_am10_4,75,6,SATISFIED,5.0205,583141699.0,43481.0
SAL-Ei-LM,bom_deep_7_3_15_5_No1_p30_ao75_am15_5_m10_ao75_am10_4,75,7,SATISFIED,5.0218,581218313.0,43982.0
SAL-Ei-LM,bom_deep_7_3_15_5_No1_p30_ao75_am15_5_m10_ao75_am10_4,75,8,SATISFIED,5.0206,561570546.0,43598.0
SAL-Ei-LM,bom_deep_7_3_15_5_No1_p30_ao75_am15_5_m10_ao75_am10_4,75,9,SATISFIED,5.021,585482485.0,43415.0
SAL-Ei-LM,bom_deep_7_3_15_5_No1_p30_ao75_am15_5_m10_ao75_am10_4,75,10,SATISFIED,5.0204,589103162.0,43447.0
SAL-Ei-LM,bom_deep_7_3_15_5_No1_p30_ao75_am15_5_m10_ao75_am10_5,75,1,SATISFIED,5.0191,1099173050.0,44907.0
SAL-Ei-LM,bom_deep_7_3_15_5_No1_p30_ao75_am15_5_m10_ao75_am10_5,75,2,SATISFIED,5.0196,1084064279.0,35401.0
SAL-Ei-LM,bom_deep_7_3_15_5_No1_p30_ao75_am15_5_m10_ao75_am10_5,75,3,SATISFIED,5.0238,1096117706.0,43818.0
SAL-Ei-LM,bom_deep_7_3_15_5_No1_p30_ao75_am15_5_m10_ao75_am10_5,75,4,SATISFIED,5.0202,1079499096.0,44030.0
SAL-Ei-LM,bom_deep_7_3_15_5_No1_p30_ao75_am15_5_m10_ao75_am10_5,75,5,SATISFIED,5.0193,1096871090.0,28151.0
SAL-Ei-LM,bom_deep_7_3_15_5_No1_p30_ao75_am15_5_m10_ao75_am10_5,75,6,SATISFIED,5.0158,1097477061.0,35749.0
SAL-Ei-LM,bom_deep_7_3_15_5_No1_p30_ao75_am15_5_m10_ao75_am10_5,75,7,SATISFIED,5.0183,1099640554.0,43875.0
SAL-Ei-LM,bom_deep_7_3_15_5_No1_p30_ao75_am15_5_m10_ao75_am10_5,75,8,SATISFIED,5.0169,1095481669.0,43531.0
SAL-Ei-LM,bom_deep_7_3_15_5_No1_p30_ao75_am15_5_m10_ao75_am10_5,75,9,SATISFIED,5.0213,1096367885.0,43418.0
SAL-Ei-LM,bom_deep_7_3_15_5_No1_p30_ao75_am15_5_m10_ao75_am10_5,75,10,SATISFIED,5.019,1092549880.0,43658.0
SAL-Ei-LM,bom_deep_7_3_15_5_No1_p30_ao75_am15_5_m30_ao75_am25_1,75,1,SATISFIED,5.0207,627474907.0,40745.0
SAL-Ei-LM,bom_deep_7_3_15_5_No1_p30_ao75_am15_5_m30_ao75_am25_1,75,2,SATISFIED,5.0209,571241097.0,40457.0
SAL-Ei-LM,bom_deep_7_3_15_5_No1_p30_ao75_am15_5_m30_ao75_am25_1,75,3,SATISFIED,5.021,577103830.0,40044.0
SAL-Ei-LM,bom_deep_7_3_15_5_No1_p30_ao75_am15_5_m30_ao75_am25_1,75,4,SATISFIED,5.0245,574452434.0,41053.0
SAL-Ei-LM,bom_deep_7_3_15_5_No1_p30_ao75_am15_5_m30_ao75_am25_1,75,5,SATISFIED,5.023,583102609.0,41463.0
SAL-Ei-LM,bom_deep_7_3_15_5_No1_p30_ao75_am15_5_m30_ao75_am25_1,75,6,SATISFIED,5.0272,567994975.0,33263.0
SAL-Ei-LM,bom_deep_7_3_15_5_No1_p30_ao75_am15_5_m30_ao75_am25_1,75,7,SATISFIED,5.0254,586095303.0,36057.0
SAL-Ei-LM,bom_deep_7_3_15_5_No1_p30_ao75_am15_5_m30_ao75_am25_1,75,8,SATISFIED,5.0211,579339285.0,35062.0
SAL-Ei-LM,bom_deep_7_3_15_5_No1_p30_ao75_am15_5_m30_ao75_am25_1,75,9,SATISFIED,5.0252,595202618.0,37504.0
SAL-Ei-LM,bom_deep_7_3_15_5_No1_p30_ao75_am15_5_m30_ao75_am25_1,75,10,SATISFIED,5.0229,568803528.0,38758.0
SAL-Ei-LM,bom_deep_7_3_15_5_No1_p30_ao75_am15_5_m30_ao75_am25_4,75,1,SATISFIED,5.0214,560062487.0,40603.0
SAL-Ei-LM,bom_deep_7_3_15_5_No1_p30_ao75_am15_5_m30_ao75_am25_4,75,2,SATISFIED,5.0208,524635118.0,40031.0
SAL-Ei-LM,bom_deep_7_3_15_5_No1_p30_ao75_am15_5_m30_ao75_am25_4,75,3,SATISFIED,5.0229,545707580.0,40469.0
SAL-Ei-LM,bom_deep_7_3_15_5_No1_p30_ao75_am15_5_m30_ao75_am25_4,75,4,SATISFIED,5.022,503658744.0,40372.0
SAL-Ei-LM,bom_deep_7_3_15_5_No1_p30_ao75_am15_5_m30_ao75_am25_4,75,5,SATISFIED,5.0206,488649164.0,40046.0
SAL-Ei-LM,bom_deep_7_3_15_5_No1_p30_ao75_am15_5_m30_ao75_am25_4,75,6,SATISFIED,5.0226,512675604.0,40345.0
SAL-Ei-LM,bom_deep_7_3_15_5_No1_p30_ao75_am15_5_m30_ao75_am25_4,75,7,SATISFIED,5.0201,485820452.0,36038.0
SAL-Ei-LM,bom_deep_7_3_15_5_No1_p30_ao75_am15_5_m30_ao75_am25_4,75,8,SATISFIED,5.0216,482318729.0,40043.0
SAL-Ei-LM,bom_deep_7_3_15_5_No1_p30_ao75_am15_5_m30_ao75_am25_4,75,9,SATISFIED,5.0238,538168610.0,39212.0
SAL-Ei-LM,bom_deep_7_3_15_5_No1_p30_ao75_am15_5_m30_ao75_am25_4,75,10,SATISFIED,5.0223,537402465.0,39382.0
SAL-Ei-LM,bom_deep_7_3_15_5_No1_p30_ao75_am15_5_m30_ao75_am26_2,75,1,SATISFIED,5.0231,194458254.0,39212.0
SAL-Ei-LM,bom_deep_7_3_15_5_No1_p30_ao75_am15_5_m30_ao75_am26_2,75,2,SATISFIED,5.025,195717022.0,40583.0
SAL-Ei-LM,bom_deep_7_3_15_5_No1_p30_ao75_am15_5_m30_ao75_am26_2,75,3,SATISFIED,5.0228,194587858.0,40238.0
SAL-Ei-LM,bom_deep_7_3_15_5_No1_p30_ao75_am15_5_m30_ao75_am26_2,75,4,SATISFIED,5.017,197560700.0,38843.0
SAL-Ei-LM,bom_deep_7_3_15_5_No1_p30_ao75_am15_5_m30_ao75_am26_2,75,5,SATISFIED,5.0213,181436014.0,39066.0
SAL-Ei-LM,bom_deep_7_3_15_5_No1_p30_ao75_am15_5_m30_ao75_am26_2,75,6,SATISFIED,5.0248,196580466.0,32018.0
SAL-Ei-LM,bom_deep_7_3_15_5_No1_p30_ao75_am15_5_m30_ao75_am26_2,75,7,SATISFIED,5.0237,223032039.0,31151.0
SAL-Ei-LM,bom_deep_7_3_15_5_No1_p30_ao75_am15_5_m30_ao75_am26_2,75,8,SATISFIED,5.0219,198154066.0,40395.0
SAL-Ei-LM,bom_deep_7_3_15_5_No1_p30_ao75_am15_5_m30_ao75_am26_2,75,9,SATISFIED,5.0199,196987724.0,31420.0
SAL-Ei-LM,bom_deep_7_3_15_5_No1_p30_ao75_am15_5_m30_ao75_am26_2,75,10,SATISFIED,5.0204,186183055.0,40545.0
SAL-Ei-LM,bom_deep_7_3_15_5_No1_p30_ao75_am15_5_m30_ao75_am26_3,75,1,SATISFIED,5.0232,380184785.0,39347.0
SAL-Ei-LM,bom_deep_7_3_15_5_No1_p30_ao75_am15_5_m30_ao75_am26_3,75,2,SATISFIED,5.0215,363417245.0,30851.0
SAL-Ei-LM,bom_deep_7_3_15_5_No1_p30_ao75_am15_5_m30_ao75_am26_3,75,3,SATISFIED,5.02,373002255.0,38704.0
SAL-Ei-LM,bom_deep_7_3_15_5_No1_p30_ao75_am15_5_m30_ao75_am26_3,75,4,SATISFIED,5.0267,379673175.0,21647.0
SAL-Ei-LM,bom_deep_7_3_15_5_No1_p30_ao75_am15_5_m30_ao75_am26_3,75,5,SATISFIED,5.0235,353289064.0,31257.0
SAL-Ei-LM,bom_deep_7_3_15_5_No1_p30_ao75_am15_5_m30_ao75_am26_3,75,6,SATISFIED,5.0224,357918780.0,38741.0
SAL-Ei-LM,bom_deep_7_3_15_5_No1_p30_ao75_am15_5_m30_ao75_am26_3,75,7,SATISFIED,5.0206,394060978.0,38584.0
SAL-Ei-LM,bom_deep_7_3_15_5_No1_p30_ao75_am15_5_m30_ao75_am26_3,75,8,SATISFIED,5.0232,346950180.0,38173.0
SAL-Ei-LM,bom_deep_7_3_15_5_No1_p30_ao75_am15_5_m30_ao75_am26_3,75,9,SATISFIED,5.0202,380932025.0,38555.0
SAL-Ei-LM,bom_deep_7_3_15_5_No1_p30_ao75_am15_5_m30_ao75_am26_3,75,10,SATISFIED,5.0158,350797295.0,39937.0
SAL-Ei-LM,bom_deep_7_3_15_5_No1_p30_ao75_am15_5_m30_ao75_am26_5,75,1,SATISFIED,5.0169,467902306.0,41797.0
SAL-Ei-LM,bom_deep_7_3_15_5_No1_p30_ao75_am15_5_m30_ao75_am26_5,75,2,SATISFIED,5.0171,478205599.0,40479.0
SAL-Ei-LM,bom_deep_7_3_15_5_No1_p30_ao75_am15_5_m30_ao75_am26_5,75,3,SATISFIED,5.0161,479597325.0,40266.0
SAL-Ei-LM,bom_deep_7_3_15_5_No1_p30_ao75_am15_5_m30_ao75_am26_5,75,4,SATISFIED,5.0174,487368644.0,40386.0
SAL-Ei-LM,bom_deep_7_3_15_5_No1_p30_ao75_am15_5_m30_ao75_am26_5,75,5,SATISFIED,5.0181,487494104.0,40468.0
SAL-Ei-LM,bom_deep_7_3_15_5_No1_p30_ao75_am15_5_m30_ao75_am26_5,75,6,SATISFIED,5.0186,478859529.0,41449.0
SAL-Ei-LM,bom_deep_7_3_15_5_No1_p30_ao75_am15_5_m30_ao75_am26_5,75,7,SATISFIED,5.0179,475668875.0,40345.0
SAL-Ei-LM,bom_deep_7_3_15_5_No1_p30_ao75_am15_5_m30_ao75_am26_5,75,8,SATISFIED,5.0179,495516697.0,41585.0
SAL-Ei-LM,bom_deep_7_3_15_5_No1_p30_ao75_am15_5_m30_ao75_am26_5,75,9,SATISFIED,5.0176,510820122.0,40308.0
SAL-Ei-LM,bom_deep_7_3_15_5_No1_p30_ao75_am15_5_m30_ao75_am26_5,75,10,SATISFIED,5.0175,514826659.0,40329.0
SAL-Ei-LM,bom_deep_7_3_15_5_No1_p40_ao81_am15_1,81,1,SATISFIED,5.0201,122730880.0,38698.0
SAL-Ei-LM,bom_deep_7_3_15_5_No1_p40_ao81_am15_1,81,2,SATISFIED,5.0192,122837795.0,38053.0
SAL-Ei-LM,bom_deep_7_3_15_5_No1_p40_ao81_am15_1,81,3,SATISFIED,5.0187,122811005.0,38143.0
SAL-Ei-LM,bom_deep_7_3_15_5_No1_p40_ao81_am15_1,81,4,SATISFIED,5.0189,122990030.0,38297.0
SAL-Ei-LM,bom_deep_7_3_15_5_No1_p40_ao81_am15_1,81,5,SATISFIED,5.0147,123246505.0,36729.0
SAL-Ei-LM,bom_deep_7_3_15_5_No1_p40_ao81_am15_1,81,6,SATISFIED,5.0234,122925390.0,32564.0
SAL-Ei-LM,bom_deep_7_3_15_5_No1_p40_ao81_am15_1,81,7,SATISFIED,5.0229,122824115.0,38815.0
SAL-Ei-LM,bom_deep_7_3_15_5_No1_p40_ao81_am15_1,81,8,SATISFIED,5.0217,123301695.0,38910.0
SAL-Ei-LM,bom_deep_7_3_15_5_No1_p40_ao81_am15_1,81,9,SATISFIED,5.0223,122487670.0,38686.0
SAL-Ei-LM,bom_deep_7_3_15_5_No1_p40_ao81_am15_1,81,10,SATISFIED,5.0203,122917270.0,39119.0
SAL-Ei-LM,bom_deep_7_3_15_5_No1_p40_ao81_am15_1_m12_ao81_am12_1,81,1,SATISFIED,5.022,73380930.0,40430.0
SAL-Ei-LM,bom_deep_7_3_15_5_No1_p40_ao81_am15_1_m12_ao81_am12_1,81,2,SATISFIED,5.0236,75890881.0,31053.0
SAL-Ei-LM,bom_deep_7_3_15_5_No1_p40_ao81_am15_1_m12_ao81_am12_1,81,3,SATISFIED,5.0244,78614645.0,31423.0
SAL-Ei-LM,bom_deep_7_3_15_5_No1_p40_ao81_am15_1_m12_ao81_am12_1,81,4,SATISFIED,5.0215,79425779.0,29188.0
SAL-Ei-LM,bom_deep_7_3_15_5_No1_p40_ao81_am15_1_m12_ao81_am12_1,81,5,SATISFIED,5.0224,77403215.0,31832.0
SAL-Ei-LM,bom_deep_7_3_15_5_No1_p40_ao81_am15_1_m12_ao81_am12_1,81,6,SATISFIED,5.0207,77544627.0,31699.0
SAL-Ei-LM,bom_deep_7_3_15_5_No1_p40_ao81_am15_1_m12_ao81_am12_1,81,7,SATISFIED,5.0255,72359075.0,30418.0
SAL-Ei-LM,bom_deep_7_3_15_5_No1_p40_ao81_am15_1_m12_ao81_am12_1,81,8,SATISFIED,5.0206,87896420.0,32218.0
SAL-Ei-LM,bom_deep_7_3_15_5_No1_p40_ao81_am15_1_m12_ao81_am12_1,81,9,SATISFIED,5.0213,75359075.0,32931.0
SAL-Ei-LM,bom_deep_7_3_15_5_No1_p40_ao81_am15_1_m12_ao81_am12_1,81,10,SATISFIED,5.0135,79641176.0,32048.0
SAL-Ei-LM,bom_deep_7_3_15_5_No1_p40_ao81_am15_1_m12_ao81_am12_2,81,1,SATISFIED,5.0235,61226320.0,32165.0
SAL-Ei-LM,bom_deep_7_3_15_5_No1_p40_ao81_am15_1_m12_ao81_am12_2,81,2,SATISFIED,5.0232,61268285.0,29393.0
SAL-Ei-LM,bom_deep_7_3_15_5_No1_p40_ao81_am15_1_m12_ao81_am12_2,81,3,SATISFIED,5.0203,61363322.0,31869.0
SAL-Ei-LM,bom_deep_7_3_15_5_No1_p40_ao81_am15_1_m12_ao81_am12_2,81,4,SATISFIED,5.0225,60145905.0,32770.0
SAL-Ei-LM,bom_deep_7_3_15_5_No1_p40_ao81_am15_1_m12_ao81_am12_2,81,5,SATISFIED,5.0214,61155565.0,24867.0
SAL-Ei-LM,bom_deep_7_3_15_5_No1_p40_ao81_am15_1_m12_ao81_am12_2,81,6,SATISFIED,5.023,61271165.0,39010.0
SAL-Ei-LM,bom_deep_7_3_15_5_No1_p40_ao81_am15_1_m12_ao81_am12_2,81,7,SATISFIED,5.0252,60986011.0,35119.0
SAL-Ei-LM,bom_deep_7_3_15_5_No1_p40_ao81_am15_1_m12_ao81_am12_2,81,8,SATISFIED,5.0255,61120585.0,24132.0
SAL-Ei-LM,bom_deep_7_3_15_5_No1_p40_ao81_am15_1_m12_ao81_am12_2,81,9,SATISFIED,5.0235,61277210.0,28676.0
SAL-Ei-LM,bom_deep_7_3_15_5_No1_p40_ao81_am15_1_m12_ao81_am12_2,81,10,SATISFIED,5.0255,60649955.0,31112.0
SAL-Ei-LM,bom_deep_7_3_15_5_No1_p40_ao81_am15_1_m12_ao81_am12_3,81,1,SATISFIED,5.023,77606252.0,31839.0
SAL-Ei-LM,bom_deep_7_3_15_5_No1_p40_ao81_am15_1_m12_ao81_am12_3,81,2,SATISFIED,5.0235,77624202.0,39053.0
SAL-Ei-LM,bom_deep_7_3_15_5_No1_p40_ao81_am15_1_m12_ao81_am12_3,81,3,SATISFIED,5.0218,77593665.0,39717.0
SAL-Ei-LM,bom_deep_7_3_15_5_No1_p40_ao81_am15_1_m12_ao81_am12_3,81,4,SATISFIED,5.0271,77619590.0,31979.0
SAL-Ei-LM,bom_deep_7_3_15_5_No1_p40_ao81_am15_1_m12_ao81_am12_3,81,5,SATISFIED,5.027,77661968.0,27688.0
SAL-Ei-LM,bom_deep_7_3_15_5_No1_p40_ao81_am15_1_m12_ao81_am12_3,81,6,SATISFIED,5.0238,77656045.0,33288.0
SAL-Ei-LM,bom_deep_7_3_15_5_No1_p40_ao81_am15_1_m12_ao81_am12_3,81,7,SATISFIED,5.0233,77607040.0,39237.0
SAL-Ei-LM,bom_deep_7_3_15_5_No1_p40_ao81_am15_1_m12_ao81_am12_3,81,8,SATISFIED,5.0242,77606775.0,40757.0
SAL-Ei-LM,bom_deep_7_3_15_5_No1_p40_ao81_am15_1_m12_ao81_am12_3,81,9,SATISFIED,5.0276,77628500.0,31392.0
SAL-Ei-LM,bom_deep_7_3_15_5_No1_p40_ao81_am15_1_m12_ao81_am12_3,81,10,SATISFIED,5.0223,77634484.0,32012.0
SAL-Ei-LM,bom_deep_7_3_15_5_No1_p40_ao81_am15_1_m12_ao81_am12_4,81,1,SATISFIED,5.0208,78352032.0,36924.0
SAL-Ei-LM,bom_deep_7_3_15_5_No1_p40_ao81_am15_1_m12_ao81_am12_4,81,2,SATISFIED,5.0232,92007545.0,36341.0
SAL-Ei-LM,bom_deep_7_3_15_5_No1_p40_ao81_am15_1_m12_ao81_am12_4,81,3,SATISFIED,5.0239,77404335.0,38493.0
SAL-Ei-LM,bom_deep_7_3_15_5_No1_p40_ao81_am15_1_m12_ao81_am12_4,81,4,SATISFIED,5.0238,74826282.0,36943.0
SAL-Ei-LM,bom_deep_7_3_15_5_No1_p40_ao81_am15_1_m12_ao81_am12_4,81,5,SATISFIED,5.0236,83407717.0,36336.0
SAL-Ei-LM,bom_deep_7_3_15_5_No1_p40_ao81_am15_1_m12_ao81_am12_4,81,6,SATISFIED,5.0241,85195220.0,37489.0
SAL-Ei-LM,bom_deep_7_3_15_5_No1_p40_ao81_am15_1_m12_ao81_am12_4,81,7,SATISFIED,5.0244,77840715.0,31044.0
SAL-Ei-LM,bom_deep_7_3_15_5_No1_p40_ao81_am15_1_m12_ao81_am12_4,81,8,SATISFIED,5.0248,83001552.0,30001.0
SAL-Ei-LM,bom_deep_7_3_15_5_No1_p40_ao81_am15_1_m12_ao81_am12_4,81,9,SATISFIED,5.0238,78945484.0,36802.0
SAL-Ei-LM,bom_deep_7_3_15_5_No1_p40_ao81_am15_1_m12_ao81_am12_4,81,10,SATISFIED,5.024,80205252.0,37567.0
SAL-Ei-LM,bom_deep_7_3_15_5_No1_p40_ao81_am15_1_m12_ao81_am12_5,81,1,SATISFIED,5.0205,34780335.0,40449.0
SAL-Ei-LM,bom_deep_7_3_15_5_No1_p40_ao81_am15_1_m12_ao81_am12_5,81,2,SATISFIED,5.0228,38222419.0,40394.0
SAL-Ei-LM,bom_deep_7_3_15_5_No1_p40_ao81_am15_1_m12_ao81_am12_5,81,3,SATISFIED,5.0235,34930585.0,40334.0
SAL-Ei-LM,bom_deep_7_3_15_5_No1_p40_ao81_am15_1_m12_ao81_am12_5,81,4,SATISFIED,5.023,40353594.0,38833.0
SAL-Ei-LM,bom_deep_7_3_15_5_No1_p40_ao81_am15_1_m12_ao81_am12_5,81,5,SATISFIED,5.0239,35599980.0,40183.0
SAL-Ei-LM,bom_deep_7_3_15_5_No1_p40_ao81_am15_1_m12_ao81_am12_5,81,6,SATISFIED,5.0233,39236657.0,37342.0
SAL-Ei-LM,bom_deep_7_3_15_5_No1_p40_ao81_am15_1_m12_ao81_am12_5,81,7,SATISFIED,5.0213,37105856.0,39488.0
SAL-Ei-LM,bom_deep_7_3_15_5_No1_p40_ao81_am15_1_m12_ao81_am12_5,81,8,SATISFIED,5.0261,44816081.0,38730.0
SAL-Ei-LM,bom_deep_7_3_15_5_No1_p40_ao81_am15_1_m12_ao81_am12_5,81,9,SATISFIED,5.0238,35952827.0,38084.0
SAL-Ei-LM,bom_deep_7_3_15_5_No1_p40_ao81_am15_1_m12_ao81_am12_5,81,10,SATISFIED,5.0179,39207495.0,40253.0
SAL-Ei-LM,bom_deep_7_3_15_5_No1_p40_ao81_am15_1_m35_ao81_am32_1,81,1,SATISFIED,5.0216,53267044.0,33638.0
SAL-Ei-LM,bom_deep_7_3_15_5_No1_p40_ao81_am15_1_m35_ao81_am32_1,81,2,SATISFIED,5.0239,51189658.0,21672.0
SAL-Ei-LM,bom_deep_7_3_15_5_No1_p40_ao81_am15_1_m35_ao81_am32_1,81,3,SATISFIED,5.0257,53802415.0,25956.0
SAL-Ei-LM,bom_deep_7_3_15_5_No1_p40_ao81_am15_1_m35_ao81_am32_1,81,4,SATISFIED,5.0228,51976350.0,31894.0
SAL-Ei-LM,bom_deep_7_3_15_5_No1_p40_ao81_am15_1_m35_ao81_am32_1,81,5,SATISFIED,5.0218,49779875.0,32752.0
SAL-Ei-LM,bom_deep_7_3_15_5_No1_p40_ao81_am15_1_m35_ao81_am32_1,81,6,SATISFIED,5.0217,49701599.0,32583.0
SAL-Ei-LM,bom_deep_7_3_15_5_No1_p40_ao81_am15_1_m35_ao81_am32_1,81,7,SATISFIED,5.0216,49211100.0,33674.0
SAL-Ei-LM,bom_deep_7_3_15_5_No1_p40_ao81_am15_1_m35_ao81_am32_1,81,8,SATISFIED,5.0199,49827792.0,32891.0
SAL-Ei-LM,bom_deep_7_3_15_5_No1_p40_ao81_am15_1_m35_ao81_am32_1,81,9,SATISFIED,5.022,49853461.0,22503.0
SAL-Ei-LM,bom_deep_7_3_15_5_No1_p40_ao81_am15_1_m35_ao81_am32_1,81,10,SATISFIED,5.0229,50274219.0,27070.0
SAL-Ei-LM,bom_deep_7_3_15_5_No1_p40_ao81_am15_1_m35_ao81_am32_4,81,1,SATISFIED,5.0223,35776199.0,33477.0
SAL-Ei-LM,bom_deep_7_3_15_5_No1_p40_ao81_am15_1_m35_ao81_am32_4,81,2,SATISFIED,5.0221,40072301.0,32021.0
SAL-Ei-LM,bom_deep_7_3_15_5_No1_p40_ao81_am15_1_m35_ao81_am32_4,81,3,SATISFIED,5.0256,36991856.0,31126.0
SAL-Ei-LM,bom_deep_7_3_15_5_No1_p40_ao81_am15_1_m35_ao81_am32_4,81,4,SATISFIED,5.0238,37857206.0,27377.0
SAL-Ei-LM,bom_deep_7_3_15_5_No1_p40_ao81_am15_1_m35_ao81_am32_4,81,5,SATISFIED,5.0269,38698012.0,26887.0
SAL-Ei-LM,bom_deep_7_3_15_5_No1_p40_ao81_am15_1_m35_ao81_am32_4,81,6,SATISFIED,5.0278,35243158.0,25909.0
SAL-Ei-LM,bom_deep_7_3_15_5_No1_p40_ao81_am15_1_m35_ao81_am32_4,81,7,SATISFIED,5.0241,34162121.0,23568.0
SAL-Ei-LM,bom_deep_7_3_15_5_No1_p40_ao81_am15_1_m35_ao81_am32_4,81,8,SATISFIED,5.0219,35431915.0,26979.0
SAL-Ei-LM,bom_deep_7_3_15_5_No1_p40_ao81_am15_1_m35_ao81_am32_4,81,9,SATISFIED,5.025,36959058.0,32155.0
SAL-Ei-LM,bom_deep_7_3_15_5_No1_p40_ao81_am15_1_m35_ao81_am32_4,81,10,SATISFIED,5.0228,36709664.0,27177.0
SAL-Ei-LM,bom_deep_7_3_15_5_No1_p40_ao81_am15_1_m35_ao81_am33_2,81,1,SATISFIED,5.0255,36140735.0,27732.0
SAL-Ei-LM,bom_deep_7_3_15_5_No1_p40_ao81_am15_1_m35_ao81_am33_2,81,2,SATISFIED,5.0261,37338536.0,31958.0
SAL-Ei-LM,bom_deep_7_3_15_5_No1_p40_ao81_am15_1_m35_ao81_am33_2,81,3,SATISFIED,5.0222,35899541.0,23769.0
SAL-Ei-LM,bom_deep_7_3_15_5_No1_p40_ao81_am15_1_m35_ao81_am33_2,81,4,SATISFIED,5.0247,40128555.0,24399.0
SAL-Ei-LM,bom_deep_7_3_15_5_No1_p40_ao81_am15_1_m35_ao81_am33_2,81,5,SATISFIED,5.0229,40174785.0,30205.0
SAL-Ei-LM,bom_deep_7_3_15_5_No1_p40_ao81_am15_1_m35_ao81_am33_2,81,6,SATISFIED,5.0246,42007322.0,31952.0
SAL-Ei-LM,bom_deep_7_3_15_5_No1_p40_ao81_am15_1_m35_ao81_am33_2,81,7,SATISFIED,5.0282,36575361.0,33117.0
SAL-Ei-LM,bom_deep_7_3_15_5_No1_p40_ao81_am15_1_m35_ao81_am33_2,81,8,SATISFIED,5.0276,38750501.0,33006.0
SAL-Ei-LM,bom_deep_7_3_15_5_No1_p40_ao81_am15_1_m35_ao81_am33_2,81,9,SATISFIED,5.022,40766029.0,33318.0
SAL-Ei-LM,bom_deep_7_3_15_5_No1_p40_ao81_am15_1_m35_ao81_am33_2,81,10,SATISFIED,5.0214,37940550.0,33331.0
SAL-Ei-LM,bom_deep_7_3_15_5_No1_p40_ao81_am15_1_m35_ao81_am33_3,81,1,SATISFIED,5.0222,56976535.0,33739.0
SAL-Ei-LM,bom_deep_7_3_15_5_No1_p40_ao81_am15_1_m35_ao81_am33_3,81,2,SATISFIED,5.0237,59578577.0,33596.0
SAL-Ei-LM,bom_deep_7_3_15_5_No1_p40_ao81_am15_1_m35_ao81_am33_3,81,3,SATISFIED,5.0247,59911226.0,28437.0
SAL-Ei-LM,bom_deep_7_3_15_5_No1_p40_ao81_am15_1_m35_ao81_am33_3,81,4,SATISFIED,5.0285,58020503.0,31895.0
SAL-Ei-LM,bom_deep_7_3_15_5_No1_p40_ao81_am15_1_m35_ao81_am33_3,81,5,SATISFIED,5.0264,60994000.0,26135.0
SAL-Ei-LM,bom_deep_7_3_15_5_No1_p40_ao81_am15_1_m35_ao81_am33_3,81,6,SATISFIED,5.0263,59730696.0,23083.0
SAL-Ei-LM,bom_deep_7_3_15_5_No1_p40_ao81_am15_1_m35_ao81_am33_3,81,7,SATISFIED,5.0247,63493126.0,26232.0
SAL-Ei-LM,bom_deep_7_3_15_5_No1_p40_ao81_am15_1_m35_ao81_am33_3,81,8,SATISFIED,5.0256,57886096.0,26959.0
SAL-Ei-LM,bom_deep_7_3_15_5_No1_p40_ao81_am15_1_m35_ao81_am33_3,81,9,SATISFIED,5.0226,59564710.0,29937.0
SAL-Ei-LM,bom_deep_7_3_15_5_No1_p40_ao81_am15_1_m35_ao81_am33_3,81,10,SATISFIED,5.0218,67972330.0,26529.0
SAL-Ei-LM,bom_deep_7_3_15_5_No1_p40_ao81_am15_1_m35_ao81_am34_5,81,1,SATISFIED,5.0222,84667207.0,26408.0
SAL-Ei-LM,bom_deep_7_3_15_5_No1_p40_ao81_am15_1_m35_ao81_am34_5,81,2,SATISFIED,5.0198,77087582.0,33249.0
SAL-Ei-LM,bom_deep_7_3_15_5_No1_p40_ao81_am15_1_m35_ao81_am34_5,81,3,SATISFIED,5.019,80659574.0,33375.0
SAL-Ei-LM,bom_deep_7_3_15_5_No1_p40_ao81_am15_1_m35_ao81_am34_5,81,4,SATISFIED,5.0193,77047086.0,33275.0
SAL-Ei-LM,bom_deep_7_3_15_5_No1_p40_ao81_am15_1_m35_ao81_am34_5,81,5,SATISFIED,5.0208,80603720.0,33364.0
SAL-Ei-LM,bom_deep_7_3_15_5_No1_p40_ao81_am15_1_m35_ao81_am34_5,81,6,SATISFIED,5.0194,89350792.0,33358.0
SAL-Ei-LM,bom_deep_7_3_15_5_No1_p40_ao81_am15_1_m35_ao81_am34_5,81,7,SATISFIED,5.0222,76169561.0,20622.0
SAL-Ei-LM,bom_deep_7_3_15_5_No1_p40_ao81_am15_1_m35_ao81_am34_5,81,8,SATISFIED,5.0239,80415879.0,33071.0
SAL-Ei-LM,bom_deep_7_3_15_5_No1_p40_ao81_am15_1_m35_ao81_am34_5,81,9,SATISFIED,5.0214,77719989.0,26049.0
SAL-Ei-LM,bom_deep_7_3_15_5_No1_p40_ao81_am15_1_m35_ao81_am34_5,81,10,SATISFIED,5.0234,78895201.0,32428.0
SAL-Ei-LM,bom_deep_7_3_15_5_No1_p40_ao81_am15_2,81,1,SATISFIED,5.0251,131288100.0,28396.0
SAL-Ei-LM,bom_deep_7_3_15_5_No1_p40_ao81_am15_2,81,2,SATISFIED,5.0264,131346037.0,34512.0
SAL-Ei-LM,bom_deep_7_3_15_5_No1_p40_ao81_am15_2,81,3,SATISFIED,5.0309,138266215.0,21869.0
SAL-Ei-LM,bom_deep_7_3_15_5_No1_p40_ao81_am15_2,81,4,SATISFIED,5.0253,134349295.0,30636.0
SAL-Ei-LM,bom_deep_7_3_15_5_No1_p40_ao81_am15_2,81,5,SATISFIED,5.0255,136973800.0,30626.0
SAL-Ei-LM,bom_deep_7_3_15_5_No1_p40_ao81_am15_2,81,6,SATISFIED,5.0266,133433475.0,30967.0
SAL-Ei-LM,bom_deep_7_3_15_5_No1_p40_ao81_am15_2,81,7,SATISFIED,5.0336,135001220.0,38523.0
SAL-Ei-LM,bom_deep_7_3_15_5_No1_p40_ao81_am15_2,81,8,SATISFIED,5.0316,134005162.0,25458.0
SAL-Ei-LM,bom_deep_7_3_15_5_No1_p40_ao81_am15_2,81,9,SATISFIED,5.0309,133748950.0,29117.0
SAL-Ei-LM,bom_deep_7_3_15_5_No1_p40_ao81_am15_2,81,10,SATISFIED,5.03,134851855.0,37205.0
SAL-Ei-LM,bom_deep_7_3_15_5_No1_p40_ao81_am15_2_m12_ao81_am12_1,81,1,SATISFIED,5.027,173134017.0,40719.0
SAL-Ei-LM,bom_deep_7_3_15_5_No1_p40_ao81_am15_2_m12_ao81_am12_1,81,2,SATISFIED,5.0257,181071799.0,41004.0
SAL-Ei-LM,bom_deep_7_3_15_5_No1_p40_ao81_am15_2_m12_ao81_am12_1,81,3,SATISFIED,5.0235,166344758.0,40750.0
SAL-Ei-LM,bom_deep_7_3_15_5_No1_p40_ao81_am15_2_m12_ao81_am12_1,81,4,SATISFIED,5.0389,158885158.0,40072.0
SAL-Ei-LM,bom_deep_7_3_15_5_No1_p40_ao81_am15_2_m12_ao81_am12_1,81,5,SATISFIED,5.0437,165488189.0,40038.0
SAL-Ei-LM,bom_deep_7_3_15_5_No1_p40_ao81_am15_2_m12_ao81_am12_1,81,6,SATISFIED,5.0284,169301546.0,40050.0
SAL-Ei-LM,bom_deep_7_3_15_5_No1_p40_ao81_am15_2_m12_ao81_am12_1,81,7,SATISFIED,5.0351,157270930.0,40420.0
SAL-Ei-LM,bom_deep_7_3_15_5_No1_p40_ao81_am15_2_m12_ao81_am12_1,81,8,SATISFIED,5.0327,165134125.0,40528.0
SAL-Ei-LM,bom_deep_7_3_15_5_No1_p40_ao81_am15_2_m12_ao81_am12_1,81,9,SATISFIED,5.0327,157215495.0,40666.0
SAL-Ei-LM,bom_deep_7_3_15_5_No1_p40_ao81_am15_2_m12_ao81_am12_1,81,10,SATISFIED,5.0316,157709845.0,39611.0
SAL-Ei-LM,bom_deep_7_3_15_5_No1_p40_ao81_am15_2_m12_ao81_am12_2,81,1,SATISFIED,5.0278,125098835.0,38373.0
SAL-Ei-LM,bom_deep_7_3_15_5_No1_p40_ao81_am15_2_m12_ao81_am12_2,81,2,SATISFIED,5.0375,124952485.0,29749.0
SAL-Ei-LM,bom_deep_7_3_15_5_No1_p40_ao81_am15_2_m12_ao81_am12_2,81,3,SATISFIED,5.0305,106445872.0,30990.0
SAL-Ei-LM,bom_deep_7_3_15_5_No1_p40_ao81_am15_2_m12_ao81_am12_2,81,4,SATISFIED,5.0376,124972242.0,22515.0
SAL-Ei-LM,bom_deep_7_3_15_5_No1_p40_ao81_am15_2_m12_ao81_am12_2,81,5,SATISFIED,5.0278,119367814.0,30922.0
SAL-Ei-LM,bom_deep_7_3_15_5_No1_p40_ao81_am15_2_m12_ao81_am12_2,81,6,SATISFIED,5.0329,116602187.0,26959.0
SAL-Ei-LM,bom_deep_7_3_15_5_No1_p40_ao81_am15_2_m12_ao81_am12_2,81,7,SATISFIED,5.0366,120939499.0,30780.0
SAL-Ei-LM,bom_deep_7_3_15_5_No1_p40_ao81_am15_2_m12_ao81_am12_2,81,8,SATISFIED,5.0348,107093044.0,31320.0
SAL-Ei-LM,bom_deep_7_3_15_5_No1_p40_ao81_am15_2_m12_ao81_am12_2,81,9,SATISFIED,5.0294,122619565.0,38448.0
SAL-Ei-LM,bom_deep_7_3_15_5_No1_p40_ao81_am15_2_m12_ao81_am12_2,81,10,SATISFIED,5.0314,122927200.0,26950.0
SAL-Ei-LM,bom_deep_7_3_15_5_No1_p40_ao81_am15_2_m12_ao81_am12_3,81,1,SATISFIED,5.0286,308298661.0,31106.0
SAL-Ei-LM,bom_deep_7_3_15_5_No1_p40_ao81_am15_2_m12_ao81_am12_3,81,2,SATISFIED,5.0286,308197155.0,38614.0
SAL-Ei-LM,bom_deep_7_3_15_5_No1_p40_ao81_am15_2_m12_ao81_am12_3,81,3,SATISFIED,5.0284,303600053.0,38829.0
SAL-Ei-LM,bom_deep_7_3_15_5_No1_p40_ao81_am15_2_m12_ao81_am12_3,81,4,SATISFIED,5.0262,295205663.0,38633.0
SAL-Ei-LM,bom_deep_7_3_15_5_No1_p40_ao81_am15_2_m12_ao81_am12_3,81,5,SATISFIED,5.0251,312680971.0,38597.0
SAL-Ei-LM,bom_deep_7_3_15_5_No1_p40_ao81_am15_2_m12_ao81_am12_3,81,6,SATISFIED,5.0313,315732800.0,29091.0
SAL-Ei-LM,bom_deep_7_3_15_5_No1_p40_ao81_am15_2_m12_ao81_am12_3,81,7,SATISFIED,5.0312,333785347.0,35767.0
SAL-Ei-LM,bom_deep_7_3_15_5_No1_p40_ao81_am15_2_m12_ao81_am12_3,81,8,SATISFIED,5.0336,303046759.0,30066.0
SAL-Ei-LM,bom_deep_7_3_15_5_No1_p40_ao81_am15_2_m12_ao81_am12_3,81,9,SATISFIED,5.0291,318954014.0,30729.0
SAL-Ei-LM,bom_deep_7_3_15_5_No1_p40_ao81_am15_2_m12_ao81_am12_3,81,10,SATISFIED,5.0317,294380100.0,38438.0
SAL-Ei-LM,bom_deep_7_3_15_5_No1_p40_ao81_am15_2_m12_ao81_am12_4,81,1,SATISFIED,5.0284,195922125.0,36514.0
SAL-Ei-LM,bom_deep_7_3_15_5_No1_p40_ao81_am15_2_m12_ao81_am12_4,81,2,SATISFIED,5.0282,195951115.0,41291.0
SAL-Ei-LM,bom_deep_7_3_15_5_No1_p40_ao81_am15_2_m12_ao81_am12_4,81,3,SATISFIED,5.0331,195996270.0,29702.0
SAL-Ei-LM,bom_deep_7_3_15_5_No1_p40_ao81_am15_2_m12_ao81_am12_4,81,4,SATISFIED,5.0373,195950710.0,32486.0
SAL-Ei-LM,bom_deep_7_3_15_5_No1_p40_ao81_am15_2_m12_ao81_am12_4,81,5,SATISFIED,5.0323,196279660.0,39830.0
SAL-Ei-LM,bom_deep_7_3_15_5_No1_p40_ao81_am15_2_m12_ao81_am12_4,81,6,SATISFIED,5.0399,195909415.0,24520.0
SAL-Ei-LM,bom_deep_7_3_15_5_No1_p40_ao81_am15_2_m12_ao81_am12_4,81,7,SATISFIED,5.04,196155885.0,40325.0
SAL-Ei-LM,bom_deep_7_3_15_5_No1_p40_ao81_am15_2_m12_ao81_am12_4,81,8,SATISFIED,5.0276,195923150.0,40085.0
SAL-Ei-LM,bom_deep_7_3_15_5_No1_p40_ao81_am15_2_m12_ao81_am12_4,81,9,SATISFIED,5.0242,195995755.0,40405.0
SAL-Ei-LM,bom_deep_7_3_15_5_No1_p40_ao81_am15_2_m12_ao81_am12_4,81,10,SATISFIED,5.0322,196070785.0,26957.0
SAL-Ei-LM,bom_deep_7_3_15_5_No1_p40_ao81_am15_2_m12_ao81_am12_5,81,1,SATISFIED,5.0293,201716203.0,35154.0
SAL-Ei-LM,bom_deep_7_3_15_5_No1_p40_ao81_am15_2_m12_ao81_am12_5,81,2,SATISFIED,5.034,200056216.0,31677.0
SAL-Ei-LM,bom_deep_7_3_15_5_No1_p40_ao81_am15_2_m12_ao81_am12_5,81,3,SATISFIED,5.0344,202957584.0,31432.0
SAL-Ei-LM,bom_deep_7_3_15_5_No1_p40_ao81_am15_2_m12_ao81_am12_5,81,4,SATISFIED,5.0242,207015862.0,39983.0
SAL-Ei-LM,bom_deep_7_3_15_5_No1_p40_ao81_am15_2_m12_ao81_am12_5,81,5,SATISFIED,5.0233,199679770.0,38694.0
SAL-Ei-LM,bom_deep_7_3_15_5_No1_p40_ao81_am15_2_m12_ao81_am12_5,81,6,SATISFIED,5.0242,201509975.0,31323.0
SAL-Ei-LM,bom_deep_7_3_15_5_No1_p40_ao81_am15_2_m12_ao81_am12_5,81,7,SATISFIED,5.0254,199937235.0,31775.0
SAL-Ei-LM,bom_deep_7_3_15_5_No1_p40_ao81_am15_2_m12_ao81_am12_5,81,8,SATISFIED,5.0273,200857222.0,31722.0
SAL-Ei-LM,bom_deep_7_3_15_5_No1_p40_ao81_am15_2_m12_ao81_am12_5,81,9,SATISFIED,5.0263,203369348.0,31113.0
SAL-Ei-LM,bom_deep_7_3_15_5_No1_p40_ao81_am15_2_m12_ao81_am12_5,81,10,SATISFIED,5.026,204002279.0,24271.0
SAL-Ei-LM,bom_deep_7_3_15_5_No1_p40_ao81_am15_2_m35_ao81_am31_5,81,1,SATISFIED,5.0236,156871483.0,33679.0
SAL-Ei-LM,bom_deep_7_3_15_5_No1_p40_ao81_am15_2_m35_ao81_am31_5,81,2,SATISFIED,5.0238,158440287.0,26664.0
SAL-Ei-LM,bom_deep_7_3_15_5_No1_p40_ao81_am15_2_m35_ao81_am31_5,81,3,SATISFIED,5.0259,154901352.0,32131.0
SAL-Ei-LM,bom_deep_7_3_15_5_No1_p40_ao81_am15_2_m35_ao81_am31_5,81,4,SATISFIED,5.0269,148497479.0,31993.0
SAL-Ei-LM,bom_deep_7_3_15_5_No1_p40_ao81_am15_2_m35_ao81_am31_5,81,5,SATISFIED,5.0218,154793252.0,22879.0
SAL-Ei-LM,bom_deep_7_3_15_5_No1_p40_ao81_am15_2_m35_ao81_am31_5,81,6,SATISFIED,5.0273,155937566.0,25713.0
SAL-Ei-LM,bom_deep_7_3_15_5_No1_p40_ao81_am15_2_m35_ao81_am31_5,81,7,SATISFIED,5.0287,187736488.0,26703.0
SAL-Ei-LM,bom_deep_7_3_15_5_No1_p40_ao81_am15_2_m35_ao81_am31_5,81,8,SATISFIED,5.0339,156651530.0,32888.0
SAL-Ei-LM,bom_deep_7_3_15_5_No1_p40_ao81_am15_2_m35_ao81_am31_5,81,9,SATISFIED,5.0335,168216580.0,32823.0
SAL-Ei-LM,bom_deep_7_3_15_5_No1_p40_ao81_am15_2_m35_ao81_am31_5,81,10,SATISFIED,5.0255,155536983.0,33260.0
SAL-Ei-LM,bom_deep_7_3_15_5_No1_p40_ao81_am15_2_m35_ao81_am33_1,81,1,SATISFIED,5.027,101311878.0,33015.0
SAL-Ei-LM,bom_deep_7_3_15_5_No1_p40_ao81_am15_2_m35_ao81_am33_1,81,2,SATISFIED,5.0253,99181086.0,26746.0
SAL-Ei-LM,bom_deep_7_3_15_5_No1_p40_ao81_am15_2_m35_ao81_am33_1,81,3,SATISFIED,5.0284,125864563.0,26558.0
SAL-Ei-LM,bom_deep_7_3_15_5_No1_p40_ao81_am15_2_m35_ao81_am33_1,81,4,SATISFIED,5.0348,100870942.0,32558.0
SAL-Ei-LM,bom_deep_7_3_15_5_No1_p40_ao81_am15_2_m35_ao81_am33_1,81,5,SATISFIED,5.0364,101422492.0,28005.0
SAL-Ei-LM,bom_deep_7_3_15_5_No1_p40_ao81_am15_2_m35_ao81_am33_1,81,6,SATISFIED,5.0338,101829216.0,30126.0
SAL-Ei-LM,bom_deep_7_3_15_5_No1_p40_ao81_am15_2_m35_ao81_am33_1,81,7,SATISFIED,5.0327,101892688.0,30616.0
SAL-Ei-LM,bom_deep_7_3_15_5_No1_p40_ao81_am15_2_m35_ao81_am33_1,81,8,SATISFIED,5.025,100737828.0,33083.0
SAL-Ei-LM,bom_deep_7_3_15_5_No1_p40_ao81_am15_2_m35_ao81_am33_1,81,9,SATISFIED,5.0263,100846675.0,26622.0
SAL-Ei-LM,bom_deep_7_3_15_5_No1_p40_ao81_am15_2_m35_ao81_am33_1,81,10,SATISFIED,5.0309,99218120.0,19451.0
SAL-Ei-LM,bom_deep_7_3_15_5_No1_p40_ao81_am15_2_m35_ao81_am33_3,81,1,SATISFIED,5.0276,147194035.0,27057.0
SAL-Ei-LM,bom_deep_7_3_15_5_No1_p40_ao81_am15_2_m35_ao81_am33_3,81,2,SATISFIED,5.0273,144364158.0,29069.0
SAL-Ei-LM,bom_deep_7_3_15_5_No1_p40_ao81_am15_2_m35_ao81_am33_3,81,3,SATISFIED,5.0327,174258665.0,26548.0
SAL-Ei-LM,bom_deep_7_3_15_5_No1_p40_ao81_am15_2_m35_ao81_am33_3,81,4,SATISFIED,5.0316,184610784.0,29988.0
SAL-Ei-LM,bom_deep_7_3_15_5_No1_p40_ao81_am15_2_m35_ao81_am33_3,81,5,SATISFIED,5.0322,157646472.0,32852.0
SAL-Ei-LM,bom_deep_7_3_15_5_No1_p40_ao81_am15_2_m35_ao81_am33_3,81,6,SATISFIED,5.0245,176286827.0,30388.0
SAL-Ei-LM,bom_deep_7_3_15_5_No1_p40_ao81_am15_2_m35_ao81_am33_3,81,7,SATISFIED,5.0279,165180735.0,23415.0
SAL-Ei-LM,bom_deep_7_3_15_5_No1_p40_ao81_am15_2_m35_ao81_am33_3,81,8,SATISFIED,5.0451,168363749.0,26714.0
SAL-Ei-LM,bom_deep_7_3_15_5_No1_p40_ao81_am15_2_m35_ao81_am33_3,81,9,SATISFIED,5.028,167072040.0,26691.0
SAL-Ei-LM,bom_deep_7_3_15_5_No1_p40_ao81_am15_2_m35_ao81_am33_3,81,10,SATISFIED,5.0352,148927660.0,27126.0
SAL-Ei-LM,bom_deep_7_3_15_5_No1_p40_ao81_am15_2_m35_ao81_am34_2,81,1,SATISFIED,5.0246,64497834.0,32358.0
SAL-Ei-LM,bom_deep_7_3_15_5_No1_p40_ao81_am15_2_m35_ao81_am34_2,81,2,SATISFIED,5.0234,68550285.0,26561.0
SAL-Ei-LM,bom_deep_7_3_15_5_No1_p40_ao81_am15_2_m35_ao81_am34_2,81,3,SATISFIED,5.0239,68715213.0,26778.0
SAL-Ei-LM,bom_deep_7_3_15_5_No1_p40_ao81_am15_2_m35_ao81_am34_2,81,4,SATISFIED,5.023,65143109.0,27717.0
SAL-Ei-LM,bom_deep_7_3_15_5_No1_p40_ao81_am15_2_m35_ao81_am34_2,81,5,SATISFIED,5.027,71388567.0,20390.0
SAL-Ei-LM,bom_deep_7_3_15_5_No1_p40_ao81_am15_2_m35_ao81_am34_2,81,6,SATISFIED,5.0229,65483565.0,20299.0
SAL-Ei-LM,bom_deep_7_3_15_5_No1_p40_ao81_am15_2_m35_ao81_am34_2,81,7,SATISFIED,5.0285,63185944.0,25819.0
SAL-Ei-LM,bom_deep_7_3_15_5_No1_p40_ao81_am15_2_m35_ao81_am34_2,81,8,SATISFIED,5.026,62113514.0,22345.0
SAL-Ei-LM,bom_deep_7_3_15_5_No1_p40_ao81_am15_2_m35_ao81_am34_2,81,9,SATISFIED,5.0263,62475054.0,26348.0
SAL-Ei-LM,bom_deep_7_3_15_5_No1_p40_ao81_am15_2_m35_ao81_am34_2,81,10,SATISFIED,5.0269,61554202.0,26905.0
SAL-Ei-LM,bom_deep_7_3_15_5_No1_p40_ao81_am15_2_m35_ao81_am34_4,81,1,SATISFIED,5.0242,122703379.0,23555.0
SAL-Ei-LM,bom_deep_7_3_15_5_No1_p40_ao81_am15_2_m35_ao81_am34_4,81,2,SATISFIED,5.0245,116067510.0,26629.0
SAL-Ei-LM,bom_deep_7_3_15_5_No1_p40_ao81_am15_2_m35_ao81_am34_4,81,3,SATISFIED,5.0266,112538950.0,25877.0
SAL-Ei-LM,bom_deep_7_3_15_5_No1_p40_ao81_am15_2_m35_ao81_am34_4,81,4,SATISFIED,5.023,112529780.0,32880.0
SAL-Ei-LM,bom_deep_7_3_15_5_No1_p40_ao81_am15_2_m35_ao81_am34_4,81,5,SATISFIED,5.024,93101084.0,28204.0
SAL-Ei-LM,bom_deep_7_3_15_5_No1_p40_ao81_am15_2_m35_ao81_am34_4,81,6,SATISFIED,5.0222,107622026.0,30619.0
SAL-Ei-LM,bom_deep_7_3_15_5_No1_p40_ao81_am15_2_m35_ao81_am34_4,81,7,SATISFIED,5.0225,103335817.0,32805.0
SAL-Ei-LM,bom_deep_7_3_15_5_No1_p40_ao81_am15_2_m35_ao81_am34_4,81,8,SATISFIED,5.0224,90547891.0,32883.0
SAL-Ei-LM,bom_deep_7_3_15_5_No1_p40_ao81_am15_2_m35_ao81_am34_4,81,9,SATISFIED,5.0209,100984373.0,32486.0
SAL-Ei-LM,bom_deep_7_3_15_5_No1_p40_ao81_am15_2_m35_ao81_am34_4,81,10,SATISFIED,5.0225,93257409.0,26765.0
SAL-Ei-LM,bom_deep_7_3_15_5_No1_p40_ao81_am15_3,81,1,SATISFIED,5.0227,75577368.0,26123.0
SAL-Ei-LM,bom_deep_7_3_15_5_No1_p40_ao81_am15_3,81,2,SATISFIED,5.0246,82213040.0,30233.0
SAL-Ei-LM,bom_deep_7_3_15_5_No1_p40_ao81_am15_3,81,3,SATISFIED,5.0229,77463277.0,29251.0
SAL-Ei-LM,bom_deep_7_3_15_5_No1_p40_ao81_am15_3,81,4,SATISFIED,5.0253,79228516.0,36316.0
SAL-Ei-LM,bom_deep_7_3_15_5_No1_p40_ao81_am15_3,81,5,SATISFIED,5.0259,81485318.0,34004.0
SAL-Ei-LM,bom_deep_7_3_15_5_No1_p40_ao81_am15_3,81,6,SATISFIED,5.0253,80557981.0,31147.0
SAL-Ei-LM,bom_deep_7_3_15_5_No1_p40_ao81_am15_3,81,7,SATISFIED,5.0277,75343034.0,20151.0
SAL-Ei-LM,bom_deep_7_3_15_5_No1_p40_ao81_am15_3,81,8,SATISFIED,5.0291,81633535.0,29706.0
SAL-Ei-LM,bom_deep_7_3_15_5_No1_p40_ao81_am15_3,81,9,SATISFIED,5.0252,77859322.0,29837.0
SAL-Ei-LM,bom_deep_7_3_15_5_No1_p40_ao81_am15_3,81,10,SATISFIED,5.0229,80360201.0,30064.0
SAL-Ei-LM,bom_deep_7_3_15_5_No1_p40_ao81_am15_3_m12_ao81_am12_1,81,1,SATISFIED,5.0223,166769378.0,32874.0
SAL-Ei-LM,bom_deep_7_3_15_5_No1_p40_ao81_am15_3_m12_ao81_am12_1,81,2,SATISFIED,5.0208,150261693.0,39422.0
SAL-Ei-LM,bom_deep_7_3_15_5_No1_p40_ao81_am15_3_m12_ao81_am12_1,81,3,SATISFIED,5.0212,153809606.0,31941.0
SAL-Ei-LM,bom_deep_7_3_15_5_No1_p40_ao81_am15_3_m12_ao81_am12_1,81,4,SATISFIED,5.0222,154728614.0,32222.0
SAL-Ei-LM,bom_deep_7_3_15_5_No1_p40_ao81_am15_3_m12_ao81_am12_1,81,5,SATISFIED,5.0206,152001571.0,38314.0
SAL-Ei-LM,bom_deep_7_3_15_5_No1_p40_ao81_am15_3_m12_ao81_am12_1,81,6,SATISFIED,5.0227,170437523.0,26274.0
SAL-Ei-LM,bom_deep_7_3_15_5_No1_p40_ao81_am15_3_m12_ao81_am12_1,81,7,SATISFIED,5.0219,161310862.0,29920.0
SAL-Ei-LM,bom_deep_7_3_15_5_No1_p40_ao81_am15_3_m12_ao81_am12_1,81,8,SATISFIED,5.0234,160902052.0,32035.0
SAL-Ei-LM,bom_deep_7_3_15_5_No1_p40_ao81_am15_3_m12_ao81_am12_1,81,9,SATISFIED,5.0256,158265766.0,40340.0
SAL-Ei-LM,bom_deep_7_3_15_5_No1_p40_ao81_am15_3_m12_ao81_am12_1,81,10,SATISFIED,5.0274,168465750.0,32306.0
SAL-Ei-LM,bom_deep_7_3_15_5_No1_p40_ao81_am15_3_m12_ao81_am12_2,81,1,SATISFIED,5.0235,170882557.0,32209.0
SAL-Ei-LM,bom_deep_7_3_15_5_No1_p40_ao81_am15_3_m12_ao81_am12_2,81,2,SATISFIED,5.02,179730921.0,38229.0
SAL-Ei-LM,bom_deep_7_3_15_5_No1_p40_ao81_am15_3_m12_ao81_am12_2,81,3,SATISFIED,5.0215,175108610.0,37996.0
SAL-Ei-LM,bom_deep_7_3_15_5_No1_p40_ao81_am15_3_m12_ao81_am12_2,81,4,SATISFIED,5.0228,162742147.0,37514.0
SAL-Ei-LM,bom_deep_7_3_15_5_No1_p40_ao81_am15_3_m12_ao81_am12_2,81,5,SATISFIED,5.023,165494534.0,38269.0
SAL-Ei-LM,bom_deep_7_3_15_5_No1_p40_ao81_am15_3_m12_ao81_am12_2,81,6,SATISFIED,5.0197,165899100.0,38016.0
SAL-Ei-LM,bom_deep_7_3_15_5_No1_p40_ao81_am15_3_m12_ao81_am12_2,81,7,SATISFIED,5.0213,173595860.0,29854.0
SAL-Ei-LM,bom_deep_7_3_15_5_No1_p40_ao81_am15_3_m12_ao81_am12_2,81,8,SATISFIED,5.0216,183557296.0,30548.0
SAL-Ei-LM,bom_deep_7_3_15_5_No1_p40_ao81_am15_3_m12_ao81_am12_2,81,9,SATISFIED,5.0202,166641835.0,30668.0
SAL-Ei-LM,bom_deep_7_3_15_5_No1_p40_ao81_am15_3_m12_ao81_am12_2,81,10,SATISFIED,5.0216,170743979.0,38396.0
SAL-Ei-LM,bom_deep_7_3_15_5_No1_p40_ao81_am15_3_m12_ao81_am12_3,81,1,SATISFIED,5.0215,137952565.0,41464.0
SAL-Ei-LM,bom_deep_7_3_15_5_No1_p40_ao81_am15_3_m12_ao81_am12_3,81,2,SATISFIED,5.0204,140135960.0,40888.0
SAL-Ei-LM,bom_deep_7_3_15_5_No1_p40_ao81_am15_3_m12_ao81_am12_3,81,3,SATISFIED,5.0193,130684711.0,34699.0
SAL-Ei-LM,bom_deep_7_3_15_5_No1_p40_ao81_am15_3_m12_ao81_am12_3,81,4,SATISFIED,5.0235,136132013.0,33195.0
SAL-Ei-LM,bom_deep_7_3_15_5_No1_p40_ao81_am15_3_m12_ao81_am12_3,81,5,SATISFIED,5.0235,132386292.0,40951.0
SAL-Ei-LM,bom_deep_7_3_15_5_No1_p40_ao81_am15_3_m12_ao81_am12_3,81,6,SATISFIED,5.0247,133298062.0,26677.0
SAL-Ei-LM,bom_deep_7_3_15_5_No1_p40_ao81_am15_3_m12_ao81_am12_3,81,7,SATISFIED,5.025,144062239.0,32197.0
SAL-Ei-LM,bom_deep_7_3_15_5_No1_p40_ao81_am15_3_m12_ao81_am12_3,81,8,SATISFIED,5.0226,134578281.0,32901.0
SAL-Ei-LM,bom_deep_7_3_15_5_No1_p40_ao81_am15_3_m12_ao81_am12_3,81,9,SATISFIED,5.0225,141417621.0,35502.0
SAL-Ei-LM,bom_deep_7_3_15_5_No1_p40_ao81_am15_3_m12_ao81_am12_3,81,10,SATISFIED,5.0256,143147362.0,31009.0
SAL-Ei-LM,bom_deep_7_3_15_5_No1_p40_ao81_am15_3_m12_ao81_am12_4,81,1,SATISFIED,5.0235,247267416.0,38408.0
SAL-Ei-LM,bom_deep_7_3_15_5_No1_p40_ao81_am15_3_m12_ao81_am12_4,81,2,SATISFIED,5.0236,238972985.0,39089.0
SAL-Ei-LM,bom_deep_7_3_15_5_No1_p40_ao81_am15_3_m12_ao81_am12_4,81,3,SATISFIED,5.0247,242549225.0,31316.0
SAL-Ei-LM,bom_deep_7_3_15_5_No1_p40_ao81_am15_3_m12_ao81_am12_4,81,4,SATISFIED,5.0236,247692434.0,39187.0
SAL-Ei-LM,bom_deep_7_3_15_5_No1_p40_ao81_am15_3_m12_ao81_am12_4,81,5,SATISFIED,5.0297,240792696.0,24066.0
SAL-Ei-LM,bom_deep_7_3_15_5_No1_p40_ao81_am15_3_m12_ao81_am12_4,81,6,SATISFIED,5.0209,247699664.0,29316.0
SAL-Ei-LM,bom_deep_7_3_15_5_No1_p40_ao81_am15_3_m12_ao81_am12_4,81,7,SATISFIED,5.025,251400112.0,36880.0
SAL-Ei-LM,bom_deep_7_3_15_5_No1_p40_ao81_am15_3_m12_ao81_am12_4,81,8,SATISFIED,5.0256,251015739.0,31977.0
SAL-Ei-LM,bom_deep_7_3_15_5_No1_p40_ao81_am15_3_m12_ao81_am12_4,81,9,SATISFIED,5.0241,236172720.0,37863.0
SAL-Ei-LM,bom_deep_7_3_15_5_No1_p40_ao81_am15_3_m12_ao81_am12_4,81,10,SATISFIED,5.023,245381165.0,30687.0
SAL-Ei-LM,bom_deep_7_3_15_5_No1_p40_ao81_am15_3_m12_ao81_am12_5,81,1,SATISFIED,5.0208,216746129.0,27260.0
SAL-Ei-LM,bom_deep_7_3_15_5_No1_p40_ao81_am15_3_m12_ao81_am12_5,81,2,SATISFIED,5.0238,216936230.0,31492.0
SAL-Ei-LM,bom_deep_7_3_15_5_No1_p40_ao81_am15_3_m12_ao81_am12_5,81,3,SATISFIED,5.0247,214906677.0,31534.0
SAL-Ei-LM,bom_deep_7_3_15_5_No1_p40_ao81_am15_3_m12_ao81_am12_5,81,4,SATISFIED,5.0209,214828552.0,31990.0
SAL-Ei-LM,bom_deep_7_3_15_5_No1_p40_ao81_am15_3_m12_ao81_am12_5,81,5,SATISFIED,5.0164,209072583.0,32639.0
SAL-Ei-LM,bom_deep_7_3_15_5_No1_p40_ao81_am15_3_m12_ao81_am12_5,81,6,SATISFIED,5.026,209938913.0,31348.0
SAL-Ei-LM,bom_deep_7_3_15_5_No1_p40_ao81_am15_3_m12_ao81_am12_5,81,7,SATISFIED,5.0244,209259328.0,31476.0
SAL-Ei-LM,bom_deep_7_3_15_5_No1_p40_ao81_am15_3_m12_ao81_am12_5,81,8,SATISFIED,5.0208,209949912.0,38821.0
SAL-Ei-LM,bom_deep_7_3_15_5_No1_p40_ao81_am15_3_m12_ao81_am12_5,81,9,SATISFIED,5.0229,216487951.0,31265.0
SAL-Ei-LM,bom_deep_7_3_15_5_No1_p40_ao81_am15_3_m12_ao81_am12_5,81,10,SATISFIED,5.0257,211193054.0,31591.0
SAL-Ei-LM,bom_deep_7_3_15_5_No1_p40_ao81_am15_3_m35_ao81_am31_1,81,1,SATISFIED,5.0204,139503807.0,26993.0
SAL-Ei-LM,bom_deep_7_3_15_5_No1_p40_ao81_am15_3_m35_ao81_am31_1,81,2,SATISFIED,5.0218,154969351.0,27097.0
SAL-Ei-LM,bom_deep_7_3_15_5_No1_p40_ao81_am15_3_m35_ao81_am31_1,81,3,SATISFIED,5.0243,147931841.0,32589.0
SAL-Ei-LM,bom_deep_7_3_15_5_No1_p40_ao81_am15_3_m35_ao81_am31_1,81,4,SATISFIED,5.0246,152620433.0,25186.0
SAL-Ei-LM,bom_deep_7_3_15_5_No1_p40_ao81_am15_3_m35_ao81_am31_1,81,5,SATISFIED,5.0239,146720956.0,26370.0
SAL-Ei-LM,bom_deep_7_3_15_5_No1_p40_ao81_am15_3_m35_ao81_am31_1,81,6,SATISFIED,5.0228,141433862.0,33145.0
SAL-Ei-LM,bom_deep_7_3_15_5_No1_p40_ao81_am15_3_m35_ao81_am31_1,81,7,SATISFIED,5.0221,138674209.0,32756.0
SAL-Ei-LM,bom_deep_7_3_15_5_No1_p40_ao81_am15_3_m35_ao81_am31_1,81,8,SATISFIED,5.0231,140093314.0,20640.0
SAL-Ei-LM,bom_deep_7_3_15_5_No1_p40_ao81_am15_3_m35_ao81_am31_1,81,9,SATISFIED,5.0251,154284852.0,27239.0
SAL-Ei-LM,bom_deep_7_3_15_5_No1_p40_ao81_am15_3_m35_ao81_am31_1,81,10,SATISFIED,5.0233,150766043.0,33482.0
SAL-Ei-LM,bom_deep_7_3_15_5_No1_p40_ao81_am15_3_m35_ao81_am32_2,81,1,SATISFIED,5.0243,202096198.0,26255.0
SAL-Ei-LM,bom_deep_7_3_15_5_No1_p40_ao81_am15_3_m35_ao81_am32_2,81,2,SATISFIED,5.0228,185797904.0,26155.0
SAL-Ei-LM,bom_deep_7_3_15_5_No1_p40_ao81_am15_3_m35_ao81_am32_2,81,3,SATISFIED,5.0236,207629882.0,32477.0
SAL-Ei-LM,bom_deep_7_3_15_5_No1_p40_ao81_am15_3_m35_ao81_am32_2,81,4,SATISFIED,5.0219,173235370.0,32156.0
SAL-Ei-LM,bom_deep_7_3_15_5_No1_p40_ao81_am15_3_m35_ao81_am32_2,81,5,SATISFIED,5.0257,177175015.0,26247.0
SAL-Ei-LM,bom_deep_7_3_15_5_No1_p40_ao81_am15_3_m35_ao81_am32_2,81,6,SATISFIED,5.0272,187661532.0,26177.0
SAL-Ei-LM,bom_deep_7_3_15_5_No1_p40_ao81_am15_3_m35_ao81_am32_2,81,7,SATISFIED,5.0235,202321514.0,32268.0
SAL-Ei-LM,bom_deep_7_3_15_5_No1_p40_ao81_am15_3_m35_ao81_am32_2,81,8,SATISFIED,5.0239,186970436.0,31643.0
SAL-Ei-LM,bom_deep_7_3_15_5_No1_p40_ao81_am15_3_m35_ao81_am32_2,81,9,SATISFIED,5.0236,179421792.0,31635.0
SAL-Ei-LM,bom_deep_7_3_15_5_No1_p40_ao81_am15_3_m35_ao81_am32_2,81,10,SATISFIED,5.0256,199428303.0,31467.0
SAL-Ei-LM,bom_deep_7_3_15_5_No1_p40_ao81_am15_3_m35_ao81_am32_3,81,1,SATISFIED,5.0247,146115652.0,31448.0
SAL-Ei-LM,bom_deep_7_3_15_5_No1_p40_ao81_am15_3_m35_ao81_am32_3,81,2,SATISFIED,5.0243,162230516.0,32737.0
SAL-Ei-LM,bom_deep_7_3_15_5_No1_p40_ao81_am15_3_m35_ao81_am32_3,81,3,SATISFIED,5.0237,153245491.0,33696.0
SAL-Ei-LM,bom_deep_7_3_15_5_No1_p40_ao81_am15_3_m35_ao81_am32_3,81,4,SATISFIED,5.0249,151725923.0,32212.0
SAL-Ei-LM,bom_deep_7_3_15_5_No1_p40_ao81_am15_3_m35_ao81_am32_3,81,5,SATISFIED,5.0283,144101009.0,32768.0
SAL-Ei-LM,bom_deep_7_3_15_5_No1_p40_ao81_am15_3_m35_ao81_am32_3,81,6,SATISFIED,5.026,158285413.0,33392.0
SAL-Ei-LM,bom_deep_7_3_15_5_No1_p40_ao81_am15_3_m35_ao81_am32_3,81,7,SATISFIED,5.0246,140526719.0,26648.0
SAL-Ei-LM,bom_deep_7_3_15_5_No1_p40_ao81_am15_3_m35_ao81_am32_3,81,8,SATISFIED,5.0252,154097287.0,21411.0
SAL-Ei-LM,bom_deep_7_3_15_5_No1_p40_ao81_am15_3_m35_ao81_am32_3,81,9,SATISFIED,5.0238,150586982.0,26939.0
SAL-Ei-LM,bom_deep_7_3_15_5_No1_p40_ao81_am15_3_m35_ao81_am32_3,81,10,SATISFIED,5.0254,158528561.0,23654.0
SAL-Ei-LM,bom_deep_7_3_15_5_No1_p40_ao81_am15_3_m35_ao81_am34_4,81,1,SATISFIED,5.0256,184581572.0,28083.0
SAL-Ei-LM,bom_deep_7_3_15_5_No1_p40_ao81_am15_3_m35_ao81_am34_4,81,2,SATISFIED,5.024,188701495.0,32553.0
SAL-Ei-LM,bom_deep_7_3_15_5_No1_p40_ao81_am15_3_m35_ao81_am34_4,81,3,SATISFIED,5.0229,189792367.0,33387.0
SAL-Ei-LM,bom_deep_7_3_15_5_No1_p40_ao81_am15_3_m35_ao81_am34_4,81,4,SATISFIED,5.024,190558468.0,32411.0
SAL-Ei-LM,bom_deep_7_3_15_5_No1_p40_ao81_am15_3_m35_ao81_am34_4,81,5,SATISFIED,5.0235,186633301.0,32965.0
SAL-Ei-LM,bom_deep_7_3_15_5_No1_p40_ao81_am15_3_m35_ao81_am34_4,81,6,SATISFIED,5.0278,199611390.0,26733.0
SAL-Ei-LM,bom_deep_7_3_15_5_No1_p40_ao81_am15_3_m35_ao81_am34_4,81,7,SATISFIED,5.0249,171606179.0,26337.0
SAL-Ei-LM,bom_deep_7_3_15_5_No1_p40_ao81_am15_3_m35_ao81_am34_4,81,8,SATISFIED,5.0226,193105517.0,32559.0
SAL-Ei-LM,bom_deep_7_3_15_5_No1_p40_ao81_am15_3_m35_ao81_am34_4,81,9,SATISFIED,5.0249,178810127.0,33007.0
SAL-Ei-LM,bom_deep_7_3_15_5_No1_p40_ao81_am15_3_m35_ao81_am34_4,81,10,SATISFIED,5.023,174814886.0,32897.0
SAL-Ei-LM,bom_deep_7_3_15_5_No1_p40_ao81_am15_3_m35_ao81_am35_5,81,1,SATISFIED,5.0242,115757040.0,32367.0
SAL-Ei-LM,bom_deep_7_3_15_5_No1_p40_ao81_am15_3_m35_ao81_am35_5,81,2,SATISFIED,5.0252,116335336.0,32473.0
SAL-Ei-LM,bom_deep_7_3_15_5_No1_p40_ao81_am15_3_m35_ao81_am35_5,81,3,SATISFIED,5.0253,103081666.0,33161.0
SAL-Ei-LM,bom_deep_7_3_15_5_No1_p40_ao81_am15_3_m35_ao81_am35_5,81,4,SATISFIED,5.0256,103356997.0,26589.0
SAL-Ei-LM,bom_deep_7_3_15_5_No1_p40_ao81_am15_3_m35_ao81_am35_5,81,5,SATISFIED,5.0252,116894805.0,26172.0
SAL-Ei-LM,bom_deep_7_3_15_5_No1_p40_ao81_am15_3_m35_ao81_am35_5,81,6,SATISFIED,5.0271,106088880.0,33298.0
SAL-Ei-LM,bom_deep_7_3_15_5_No1_p40_ao81_am15_3_m35_ao81_am35_5,81,7,SATISFIED,5.0247,104067045.0,33302.0
SAL-Ei-LM,bom_deep_7_3_15_5_No1_p40_ao81_am15_3_m35_ao81_am35_5,81,8,SATISFIED,5.0254,117827035.0,32516.0
SAL-Ei-LM,bom_deep_7_3_15_5_No1_p40_ao81_am15_3_m35_ao81_am35_5,81,9,SATISFIED,5.027,107415950.0,26470.0
SAL-Ei-LM,bom_deep_7_3_15_5_No1_p40_ao81_am15_3_m35_ao81_am35_5,81,10,SATISFIED,5.0262,122250980.0,21914.0
SAL-Ei-LM,bom_deep_7_3_15_5_No1_p40_ao81_am15_4,81,1,SATISFIED,5.0264,141563144.0,36263.0
SAL-Ei-LM,bom_deep_7_3_15_5_No1_p40_ao81_am15_4,81,2,SATISFIED,5.0255,135396774.0,28462.0
SAL-Ei-LM,bom_deep_7_3_15_5_No1_p40_ao81_am15_4,81,3,SATISFIED,5.0261,137171889.0,31486.0
SAL-Ei-LM,bom_deep_7_3_15_5_No1_p40_ao81_am15_4,81,4,SATISFIED,5.0236,135152130.0,37712.0
SAL-Ei-LM,bom_deep_7_3_15_5_No1_p40_ao81_am15_4,81,5,SATISFIED,5.0224,126014947.0,37403.0
SAL-Ei-LM,bom_deep_7_3_15_5_No1_p40_ao81_am15_4,81,6,SATISFIED,5.0214,132679469.0,37600.0
SAL-Ei-LM,bom_deep_7_3_15_5_No1_p40_ao81_am15_4,81,7,SATISFIED,5.0263,136726550.0,29978.0
SAL-Ei-LM,bom_deep_7_3_15_5_No1_p40_ao81_am15_4,81,8,SATISFIED,5.0235,132188305.0,33901.0
SAL-Ei-LM,bom_deep_7_3_15_5_No1_p40_ao81_am15_4,81,9,SATISFIED,5.0214,130587635.0,36599.0
SAL-Ei-LM,bom_deep_7_3_15_5_No1_p40_ao81_am15_4,81,10,SATISFIED,5.0232,126783550.0,36701.0
SAL-Ei-LM,bom_deep_7_3_15_5_No1_p40_ao81_am15_4_m12_ao81_am12_1,81,1,SATISFIED,5.0251,823964813.0,32882.0
SAL-Ei-LM,bom_deep_7_3_15_5_No1_p40_ao81_am15_4_m12_ao81_am12_1,81,2,SATISFIED,5.0257,823428943.0,31942.0
SAL-Ei-LM,bom_deep_7_3_15_5_No1_p40_ao81_am15_4_m12_ao81_am12_1,81,3,SATISFIED,5.0264,823477143.0,32279.0
SAL-Ei-LM,bom_deep_7_3_15_5_No1_p40_ao81_am15_4_m12_ao81_am12_1,81,4,SATISFIED,5.025,823048061.0,32349.0
SAL-Ei-LM,bom_deep_7_3_15_5_No1_p40_ao81_am15_4_m12_ao81_am12_1,81,5,SATISFIED,5.0222,823963080.0,39401.0
SAL-Ei-LM,bom_deep_7_3_15_5_No1_p40_ao81_am15_4_m12_ao81_am12_1,81,6,SATISFIED,5.0245,823509299.0,29217.0
SAL-Ei-LM,bom_deep_7_3_15_5_No1_p40_ao81_am15_4_m12_ao81_am12_1,81,7,SATISFIED,5.0231,823777379.0,24914.0
SAL-Ei-LM,bom_deep_7_3_15_5_No1_p40_ao81_am15_4_m12_ao81_am12_1,81,8,SATISFIED,5.0265,823891415.0,34597.0
SAL-Ei-LM,bom_deep_7_3_15_5_No1_p40_ao81_am15_4_m12_ao81_am12_1,81,9,SATISFIED,5.0207,824049061.0,32782.0
SAL-Ei-LM,bom_deep_7_3_15_5_No1_p40_ao81_am15_4_m12_ao81_am12_1,81,10,SATISFIED,5.02,823961413.0,39117.0
SAL-Ei-LM,bom_deep_7_3_15_5_No1_p40_ao81_am15_4_m12_ao81_am12_2,81,1,SATISFIED,5.0213,180680594.0,40464.0
SAL-Ei-LM,bom_deep_7_3_15_5_No1_p40_ao81_am15_4_m12_ao81_am12_2,81,2,SATISFIED,5.0201,182054660.0,40851.0
SAL-Ei-LM,bom_deep_7_3_15_5_No1_p40_ao81_am15_4_m12_ao81_am12_2,81,3,SATISFIED,5.0213,180872584.0,32783.0
SAL-Ei-LM,bom_deep_7_3_15_5_No1_p40_ao81_am15_4_m12_ao81_am12_2,81,4,SATISFIED,5.0123,181079905.0,40474.0
SAL-Ei-LM,bom_deep_7_3_15_5_No1_p40_ao81_am15_4_m12_ao81_am12_2,81,5,SATISFIED,5.0119,182292933.0,40506.0
SAL-Ei-LM,bom_deep_7_3_15_5_No1_p40_ao81_am15_4_m12_ao81_am12_2,81,6,SATISFIED,5.0148,183222350.0,40716.0
SAL-Ei-LM,bom_deep_7_3_15_5_No1_p40_ao81_am15_4_m12_ao81_am12_2,81,7,SATISFIED,5.0147,180211394.0,33440.0
SAL-Ei-LM,bom_deep_7_3_15_5_No1_p40_ao81_am15_4_m12_ao81_am12_2,81,8,SATISFIED,5.0203,180637475.0,40600.0
SAL-Ei-LM,bom_deep_7_3_15_5_No1_p40_ao81_am15_4_m12_ao81_am12_2,81,9,SATISFIED,5.0224,180730297.0,33230.0
SAL-Ei-LM,bom_deep_7_3_15_5_No1_p40_ao81_am15_4_m12_ao81_am12_2,81,10,SATISFIED,5.0235,180648268.0,32792.0
SAL-Ei-LM,bom_deep_7_3_15_5_No1_p40_ao81_am15_4_m12_ao81_am12_3,81,1,SATISFIED,5.0206,637057892.0,38164.0
SAL-Ei-LM,bom_deep_7_3_15_5_No1_p40_ao81_am15_4_m12_ao81_am12_3,81,2,SATISFIED,5.0216,639326290.0,39277.0
SAL-Ei-LM,bom_deep_7_3_15_5_No1_p40_ao81_am15_4_m12_ao81_am12_3,81,3,SATISFIED,5.0211,637423869.0,39114.0
SAL-Ei-LM,bom_deep_7_3_15_5_No1_p40_ao81_am15_4_m12_ao81_am12_3,81,4,SATISFIED,5.0255,639381565.0,30881.0
SAL-Ei-LM,bom_deep_7_3_15_5_No1_p40_ao81_am15_4_m12_ao81_am12_3,81,5,SATISFIED,5.0242,636600412.0,31429.0
SAL-Ei-LM,bom_deep_7_3_15_5_No1_p40_ao81_am15_4_m12_ao81_am12_3,81,6,SATISFIED,5.0236,636311416.0,32957.0
SAL-Ei-LM,bom_deep_7_3_15_5_No1_p40_ao81_am15_4_m12_ao81_am12_3,81,7,SATISFIED,5.0244,635763197.0,32691.0
SAL-Ei-LM,bom_deep_7_3_15_5_No1_p40_ao81_am15_4_m12_ao81_am12_3,81,8,SATISFIED,5.0229,636342669.0,39196.0
SAL-Ei-LM,bom_deep_7_3_15_5_No1_p40_ao81_am15_4_m12_ao81_am12_3,81,9,SATISFIED,5.0231,638810193.0,40291.0
SAL-Ei-LM,bom_deep_7_3_15_5_No1_p40_ao81_am15_4_m12_ao81_am12_3,81,10,SATISFIED,5.0209,634950651.0,39790.0
SAL-Ei-LM,bom_deep_7_3_15_5_No1_p40_ao81_am15_4_m12_ao81_am12_4,81,1,SATISFIED,5.0223,676818826.0,40528.0
SAL-Ei-LM,bom_deep_7_3_15_5_No1_p40_ao81_am15_4_m12_ao81_am12_4,81,2,SATISFIED,5.0205,676720813.0,40684.0
SAL-Ei-LM,bom_deep_7_3_15_5_No1_p40_ao81_am15_4_m12_ao81_am12_4,81,3,SATISFIED,5.0224,669430310.0,33066.0
SAL-Ei-LM,bom_deep_7_3_15_5_No1_p40_ao81_am15_4_m12_ao81_am12_4,81,4,SATISFIED,5.0238,668641644.0,32568.0
SAL-Ei-LM,bom_deep_7_3_15_5_No1_p40_ao81_am15_4_m12_ao81_am12_4,81,5,SATISFIED,5.0206,671580500.0,32640.0
SAL-Ei-LM,bom_deep_7_3_15_5_No1_p40_ao81_am15_4_m12_ao81_am12_4,81,6,SATISFIED,5.0221,669472204.0,32306.0
SAL-Ei-LM,bom_deep_7_3_15_5_No1_p40_ao81_am15_4_m12_ao81_am12_4,81,7,SATISFIED,5.0195,669430827.0,39742.0
SAL-Ei-LM,bom_deep_7_3_15_5_No1_p40_ao81_am15_4_m12_ao81_am12_4,81,8,SATISFIED,5.0196,669457105.0,39549.0
SAL-Ei-LM,bom_deep_7_3_15_5_No1_p40_ao81_am15_4_m12_ao81_am12_4,81,9,SATISFIED,5.0196,676055424.0,39879.0
SAL-Ei-LM,bom_deep_7_3_15_5_No1_p40_ao81_am15_4_m12_ao81_am12_4,81,10,SATISFIED,5.02,677428820.0,39293.0
SAL-Ei-LM,bom_deep_7_3_15_5_No1_p40_ao81_am15_4_m12_ao81_am12_5,81,1,SATISFIED,5.0213,295676506.0,39918.0
SAL-Ei-LM,bom_deep_7_3_15_5_No1_p40_ao81_am15_4_m12_ao81_am12_5,81,2,SATISFIED,5.0196,317273722.0,40138.0
SAL-Ei-LM,bom_deep_7_3_15_5_No1_p40_ao81_am15_4_m12_ao81_am12_5,81,3,SATISFIED,5.0191,294325199.0,39884.0
SAL-Ei-LM,bom_deep_7_3_15_5_No1_p40_ao81_am15_4_m12_ao81_am12_5,81,4,SATISFIED,5.0204,301584937.0,39104.0
SAL-Ei-LM,bom_deep_7_3_15_5_No1_p40_ao81_am15_4_m12_ao81_am12_5,81,5,SATISFIED,5.0235,296727690.0,33360.0
SAL-Ei-LM,bom_deep_7_3_15_5_No1_p40_ao81_am15_4_m12_ao81_am12_5,81,6,SATISFIED,5.0243,296742905.0,35720.0
SAL-Ei-LM,bom_deep_7_3_15_5_No1_p40_ao81_am15_4_m12_ao81_am12_5,81,7,SATISFIED,5.0249,323991517.0,35010.0
SAL-Ei-LM,bom_deep_7_3_15_5_No1_p40_ao81_am15_4_m12_ao81_am12_5,81,8,SATISFIED,5.0249,327745838.0,40830.0
SAL-Ei-LM,bom_deep_7_3_15_5_No1_p40_ao81_am15_4_m12_ao81_am12_5,81,9,SATISFIED,5.0247,296728460.0,23586.0
SAL-Ei-LM,bom_deep_7_3_15_5_No1_p40_ao81_am15_4_m12_ao81_am12_5,81,10,SATISFIED,5.0235,296839002.0,32023.0
SAL-Ei-LM,bom_deep_7_3_15_5_No1_p40_ao81_am15_4_m35_ao81_am32_1,81,1,SATISFIED,5.022,254113505.0,32878.0
SAL-Ei-LM,bom_deep_7_3_15_5_No1_p40_ao81_am15_4_m35_ao81_am32_1,81,2,SATISFIED,5.0216,243526672.0,27489.0
SAL-Ei-LM,bom_deep_7_3_15_5_No1_p40_ao81_am15_4_m35_ao81_am32_1,81,3,SATISFIED,5.0236,251157963.0,30664.0
SAL-Ei-LM,bom_deep_7_3_15_5_No1_p40_ao81_am15_4_m35_ao81_am32_1,81,4,SATISFIED,5.0258,254418675.0,29237.0
SAL-Ei-LM,bom_deep_7_3_15_5_No1_p40_ao81_am15_4_m35_ao81_am32_1,81,5,SATISFIED,5.0248,292900646.0,33888.0
SAL-Ei-LM,bom_deep_7_3_15_5_No1_p40_ao81_am15_4_m35_ao81_am32_1,81,6,SATISFIED,5.0264,260627773.0,23119.0
SAL-Ei-LM,bom_deep_7_3_15_5_No1_p40_ao81_am15_4_m35_ao81_am32_1,81,7,SATISFIED,5.026,263343184.0,32440.0
SAL-Ei-LM,bom_deep_7_3_15_5_No1_p40_ao81_am15_4_m35_ao81_am32_1,81,8,SATISFIED,5.0268,263350380.0,32840.0
SAL-Ei-LM,bom_deep_7_3_15_5_No1_p40_ao81_am15_4_m35_ao81_am32_1,81,9,SATISFIED,5.026,261659100.0,33626.0
SAL-Ei-LM,bom_deep_7_3_15_5_No1_p40_ao81_am15_4_m35_ao81_am32_1,81,10,SATISFIED,5.0286,262746019.0,21249.0
SAL-Ei-LM,bom_deep_7_3_15_5_No1_p40_ao81_am15_4_m35_ao81_am33_5,81,1,SATISFIED,5.0254,296774965.0,20755.0
SAL-Ei-LM,bom_deep_7_3_15_5_No1_p40_ao81_am15_4_m35_ao81_am33_5,81,2,SATISFIED,5.026,310051600.0,27550.0
SAL-Ei-LM,bom_deep_7_3_15_5_No1_p40_ao81_am15_4_m35_ao81_am33_5,81,3,SATISFIED,5.0276,330286156.0,24619.0
SAL-Ei-LM,bom_deep_7_3_15_5_No1_p40_ao81_am15_4_m35_ao81_am33_5,81,4,SATISFIED,5.0239,294101275.0,27557.0
SAL-Ei-LM,bom_deep_7_3_15_5_No1_p40_ao81_am15_4_m35_ao81_am33_5,81,5,SATISFIED,5.0277,326501110.0,20271.0
SAL-Ei-LM,bom_deep_7_3_15_5_No1_p40_ao81_am15_4_m35_ao81_am33_5,81,6,SATISFIED,5.0282,327957936.0,18918.0
SAL-Ei-LM,bom_deep_7_3_15_5_No1_p40_ao81_am15_4_m35_ao81_am33_5,81,7,SATISFIED,5.0263,297150370.0,27447.0
SAL-Ei-LM,bom_deep_7_3_15_5_No1_p40_ao81_am15_4_m35_ao81_am33_5,81,8,SATISFIED,5.025,332388854.0,27446.0
SAL-Ei-LM,bom_deep_7_3_15_5_No1_p40_ao81_am15_4_m35_ao81_am33_5,81,9,SATISFIED,5.0248,285655194.0,26538.0
SAL-Ei-LM,bom_deep_7_3_15_5_No1_p40_ao81_am15_4_m35_ao81_am33_5,81,10,SATISFIED,5.0282,274965985.0,26702.0
SAL-Ei-LM,bom_deep_7_3_15_5_No1_p40_ao81_am15_4_m35_ao81_am34_2,81,1,SATISFIED,5.0275,156319925.0,32990.0
SAL-Ei-LM,bom_deep_7_3_15_5_No1_p40_ao81_am15_4_m35_ao81_am34_2,81,2,SATISFIED,5.0255,146762808.0,33346.0
SAL-Ei-LM,bom_deep_7_3_15_5_No1_p40_ao81_am15_4_m35_ao81_am34_2,81,3,SATISFIED,5.0236,159235457.0,33194.0
SAL-Ei-LM,bom_deep_7_3_15_5_No1_p40_ao81_am15_4_m35_ao81_am34_2,81,4,SATISFIED,5.0234,159746742.0,33307.0
SAL-Ei-LM,bom_deep_7_3_15_5_No1_p40_ao81_am15_4_m35_ao81_am34_2,81,5,SATISFIED,5.0303,156204176.0,26311.0
SAL-Ei-LM,bom_deep_7_3_15_5_No1_p40_ao81_am15_4_m35_ao81_am34_2,81,6,SATISFIED,5.0285,162259072.0,27004.0
SAL-Ei-LM,bom_deep_7_3_15_5_No1_p40_ao81_am15_4_m35_ao81_am34_2,81,7,SATISFIED,5.0264,156123992.0,32328.0
SAL-Ei-LM,bom_deep_7_3_15_5_No1_p40_ao81_am15_4_m35_ao81_am34_2,81,8,SATISFIED,5.0271,158342942.0,32633.0
SAL-Ei-LM,bom_deep_7_3_15_5_No1_p40_ao81_am15_4_m35_ao81_am34_2,81,9,SATISFIED,5.0279,154204221.0,32206.0
SAL-Ei-LM,bom_deep_7_3_15_5_No1_p40_ao81_am15_4_m35_ao81_am34_2,81,10,SATISFIED,5.024,151382780.0,30715.0
SAL-Ei-LM,bom_deep_7_3_15_5_No1_p40_ao81_am15_4_m35_ao81_am34_3,81,1,SATISFIED,5.0255,185388295.0,27779.0
SAL-Ei-LM,bom_deep_7_3_15_5_No1_p40_ao81_am15_4_m35_ao81_am34_3,81,2,SATISFIED,5.0232,210878853.0,33116.0
SAL-Ei-LM,bom_deep_7_3_15_5_No1_p40_ao81_am15_4_m35_ao81_am34_3,81,3,SATISFIED,5.0288,229010893.0,32736.0
SAL-Ei-LM,bom_deep_7_3_15_5_No1_p40_ao81_am15_4_m35_ao81_am34_3,81,4,SATISFIED,5.0236,190571090.0,33636.0
SAL-Ei-LM,bom_deep_7_3_15_5_No1_p40_ao81_am15_4_m35_ao81_am34_3,81,5,SATISFIED,5.0234,219131987.0,33504.0
SAL-Ei-LM,bom_deep_7_3_15_5_No1_p40_ao81_am15_4_m35_ao81_am34_3,81,6,SATISFIED,5.0271,183668202.0,32999.0
SAL-Ei-LM,bom_deep_7_3_15_5_No1_p40_ao81_am15_4_m35_ao81_am34_3,81,7,SATISFIED,5.0259,189221986.0,33661.0
SAL-Ei-LM,bom_deep_7_3_15_5_No1_p40_ao81_am15_4_m35_ao81_am34_3,81,8,SATISFIED,5.026,205843406.0,31409.0
SAL-Ei-LM,bom_deep_7_3_15_5_No1_p40_ao81_am15_4_m35_ao81_am34_3,81,9,SATISFIED,5.023,188106027.0,28337.0
SAL-Ei-LM,bom_deep_7_3_15_5_No1_p40_ao81_am15_4_m35_ao81_am34_3,81,10,SATISFIED,5.023,185193724.0,32551.0
SAL-Ei-LM,bom_deep_7_3_15_5_No1_p40_ao81_am15_4_m35_ao81_am34_4,81,1,SATISFIED,5.021,238004938.0,32975.0
SAL-Ei-LM,bom_deep_7_3_15_5_No1_p40_ao81_am15_4_m35_ao81_am34_4,81,2,SATISFIED,5.0242,246883035.0,33331.0
SAL-Ei-LM,bom_deep_7_3_15_5_No1_p40_ao81_am15_4_m35_ao81_am34_4,81,3,SATISFIED,5.0254,236052917.0,32898.0
SAL-Ei-LM,bom_deep_7_3_15_5_No1_p40_ao81_am15_4_m35_ao81_am34_4,81,4,SATISFIED,5.0214,247856017.0,27038.0
SAL-Ei-LM,bom_deep_7_3_15_5_No1_p40_ao81_am15_4_m35_ao81_am34_4,81,5,SATISFIED,5.024,245223375.0,33655.0
SAL-Ei-LM,bom_deep_7_3_15_5_No1_p40_ao81_am15_4_m35_ao81_am34_4,81,6,SATISFIED,5.0285,231562056.0,26254.0
SAL-Ei-LM,bom_deep_7_3_15_5_No1_p40_ao81_am15_4_m35_ao81_am34_4,81,7,SATISFIED,5.0252,261532260.0,22067.0
SAL-Ei-LM,bom_deep_7_3_15_5_No1_p40_ao81_am15_4_m35_ao81_am34_4,81,8,SATISFIED,5.0244,230802640.0,26283.0
SAL-Ei-LM,bom_deep_7_3_15_5_No1_p40_ao81_am15_4_m35_ao81_am34_4,81,9,SATISFIED,5.0229,223681186.0,32873.0
SAL-Ei-LM,bom_deep_7_3_15_5_No1_p40_ao81_am15_4_m35_ao81_am34_4,81,10,SATISFIED,5.0246,260238631.0,32759.0
SAL-Ei-LM,bom_deep_7_3_15_5_No1_p40_ao81_am15_5,81,1,SATISFIED,5.0253,234908152.0,28754.0
SAL-Ei-LM,bom_deep_7_3_15_5_No1_p40_ao81_am15_5,81,2,SATISFIED,5.024,231659600.0,30234.0
SAL-Ei-LM,bom_deep_7_3_15_5_No1_p40_ao81_am15_5,81,3,SATISFIED,5.0216,240442212.0,37399.0
SAL-Ei-LM,bom_deep_7_3_15_5_No1_p40_ao81_am15_5,81,4,SATISFIED,5.0234,215254863.0,37110.0
SAL-Ei-LM,bom_deep_7_3_15_5_No1_p40_ao81_am15_5,81,5,SATISFIED,5.0243,223925105.0,30496.0
SAL-Ei-LM,bom_deep_7_3_15_5_No1_p40_ao81_am15_5,81,6,SATISFIED,5.0238,223683321.0,36325.0
SAL-Ei-LM,bom_deep_7_3_15_5_No1_p40_ao81_am15_5,81,7,SATISFIED,5.0228,227786950.0,37036.0
SAL-Ei-LM,bom_deep_7_3_15_5_No1_p40_ao81_am15_5,81,8,SATISFIED,5.0225,230075035.0,37017.0
SAL-Ei-LM,bom_deep_7_3_15_5_No1_p40_ao81_am15_5,81,9,SATISFIED,5.0252,232297865.0,37469.0
SAL-Ei-LM,bom_deep_7_3_15_5_No1_p40_ao81_am15_5,81,10,SATISFIED,5.0221,229525965.0,36808.0
SAL-Ei-LM,bom_deep_7_3_15_5_No1_p40_ao81_am15_5_m12_ao81_am12_1,81,1,SATISFIED,5.0232,201771642.0,40796.0
SAL-Ei-LM,bom_deep_7_3_15_5_No1_p40_ao81_am15_5_m12_ao81_am12_1,81,2,SATISFIED,5.0244,202283342.0,40720.0
SAL-Ei-LM,bom_deep_7_3_15_5_No1_p40_ao81_am15_5_m12_ao81_am12_1,81,3,SATISFIED,5.0223,201879027.0,40606.0
SAL-Ei-LM,bom_deep_7_3_15_5_No1_p40_ao81_am15_5_m12_ao81_am12_1,81,4,SATISFIED,5.0252,201933432.0,31330.0
SAL-Ei-LM,bom_deep_7_3_15_5_No1_p40_ao81_am15_5_m12_ao81_am12_1,81,5,SATISFIED,5.0239,201906162.0,32525.0
SAL-Ei-LM,bom_deep_7_3_15_5_No1_p40_ao81_am15_5_m12_ao81_am12_1,81,6,SATISFIED,5.0242,201829072.0,40968.0
SAL-Ei-LM,bom_deep_7_3_15_5_No1_p40_ao81_am15_5_m12_ao81_am12_1,81,7,SATISFIED,5.0212,202274052.0,40980.0
SAL-Ei-LM,bom_deep_7_3_15_5_No1_p40_ao81_am15_5_m12_ao81_am12_1,81,8,SATISFIED,5.0247,201919707.0,40682.0
SAL-Ei-LM,bom_deep_7_3_15_5_No1_p40_ao81_am15_5_m12_ao81_am12_1,81,9,SATISFIED,5.0253,202252427.0,36859.0
SAL-Ei-LM,bom_deep_7_3_15_5_No1_p40_ao81_am15_5_m12_ao81_am12_1,81,10,SATISFIED,5.0263,202352312.0,37355.0
SAL-Ei-LM,bom_deep_7_3_15_5_No1_p40_ao81_am15_5_m12_ao81_am12_2,81,1,SATISFIED,5.0223,197369673.0,40520.0
SAL-Ei-LM,bom_deep_7_3_15_5_No1_p40_ao81_am15_5_m12_ao81_am12_2,81,2,SATISFIED,5.0214,194103837.0,40856.0
SAL-Ei-LM,bom_deep_7_3_15_5_No1_p40_ao81_am15_5_m12_ao81_am12_2,81,3,SATISFIED,5.0207,192768881.0,39813.0
SAL-Ei-LM,bom_deep_7_3_15_5_No1_p40_ao81_am15_5_m12_ao81_am12_2,81,4,SATISFIED,5.0243,177575210.0,32376.0
SAL-Ei-LM,bom_deep_7_3_15_5_No1_p40_ao81_am15_5_m12_ao81_am12_2,81,5,SATISFIED,5.023,194422838.0,39887.0
SAL-Ei-LM,bom_deep_7_3_15_5_No1_p40_ao81_am15_5_m12_ao81_am12_2,81,6,SATISFIED,5.0215,179441324.0,39837.0
SAL-Ei-LM,bom_deep_7_3_15_5_No1_p40_ao81_am15_5_m12_ao81_am12_2,81,7,SATISFIED,5.0206,180372432.0,39533.0
SAL-Ei-LM,bom_deep_7_3_15_5_No1_p40_ao81_am15_5_m12_ao81_am12_2,81,8,SATISFIED,5.0232,179188089.0,32248.0
SAL-Ei-LM,bom_deep_7_3_15_5_No1_p40_ao81_am15_5_m12_ao81_am12_2,81,9,SATISFIED,5.0195,193083779.0,40259.0
SAL-Ei-LM,bom_deep_7_3_15_5_No1_p40_ao81_am15_5_m12_ao81_am12_2,81,10,SATISFIED,5.0211,176531445.0,32273.0
SAL-Ei-LM,bom_deep_7_3_15_5_No1_p40_ao81_am15_5_m12_ao81_am12_3,81,1,SATISFIED,5.0208,146220358.0,38532.0
SAL-Ei-LM,bom_deep_7_3_15_5_No1_p40_ao81_am15_5_m12_ao81_am12_3,81,2,SATISFIED,5.0227,157367051.0,30476.0
SAL-Ei-LM,bom_deep_7_3_15_5_No1_p40_ao81_am15_5_m12_ao81_am12_3,81,3,SATISFIED,5.0225,152060882.0,31103.0
SAL-Ei-LM,bom_deep_7_3_15_5_No1_p40_ao81_am15_5_m12_ao81_am12_3,81,4,SATISFIED,5.0217,153123752.0,38601.0
SAL-Ei-LM,bom_deep_7_3_15_5_No1_p40_ao81_am15_5_m12_ao81_am12_3,81,5,SATISFIED,5.0239,155521103.0,25406.0
SAL-Ei-LM,bom_deep_7_3_15_5_No1_p40_ao81_am15_5_m12_ao81_am12_3,81,6,SATISFIED,5.023,152804481.0,30442.0
SAL-Ei-LM,bom_deep_7_3_15_5_No1_p40_ao81_am15_5_m12_ao81_am12_3,81,7,SATISFIED,5.0219,156209415.0,33861.0
SAL-Ei-LM,bom_deep_7_3_15_5_No1_p40_ao81_am15_5_m12_ao81_am12_3,81,8,SATISFIED,5.0221,157276050.0,39729.0
SAL-Ei-LM,bom_deep_7_3_15_5_No1_p40_ao81_am15_5_m12_ao81_am12_3,81,9,SATISFIED,5.0206,152051990.0,39897.0
SAL-Ei-LM,bom_deep_7_3_15_5_No1_p40_ao81_am15_5_m12_ao81_am12_3,81,10,SATISFIED,5.0227,156985873.0,40247.0
SAL-Ei-LM,bom_deep_7_3_15_5_No1_p40_ao81_am15_5_m12_ao81_am12_4,81,1,SATISFIED,5.0246,156123348.0,39733.0
SAL-Ei-LM,bom_deep_7_3_15_5_No1_p40_ao81_am15_5_m12_ao81_am12_4,81,2,SATISFIED,5.0252,156928739.0,24193.0
SAL-Ei-LM,bom_deep_7_3_15_5_No1_p40_ao81_am15_5_m12_ao81_am12_4,81,3,SATISFIED,5.0243,156217916.0,30178.0
SAL-Ei-LM,bom_deep_7_3_15_5_No1_p40_ao81_am15_5_m12_ao81_am12_4,81,4,SATISFIED,5.025,157282894.0,32931.0
SAL-Ei-LM,bom_deep_7_3_15_5_No1_p40_ao81_am15_5_m12_ao81_am12_4,81,5,SATISFIED,5.0243,158308005.0,39090.0
SAL-Ei-LM,bom_deep_7_3_15_5_No1_p40_ao81_am15_5_m12_ao81_am12_4,81,6,SATISFIED,5.0221,156978823.0,39730.0
SAL-Ei-LM,bom_deep_7_3_15_5_No1_p40_ao81_am15_5_m12_ao81_am12_4,81,7,SATISFIED,5.0255,157568606.0,32122.0
SAL-Ei-LM,bom_deep_7_3_15_5_No1_p40_ao81_am15_5_m12_ao81_am12_4,81,8,SATISFIED,5.0249,156834613.0,31487.0
SAL-Ei-LM,bom_deep_7_3_15_5_No1_p40_ao81_am15_5_m12_ao81_am12_4,81,9,SATISFIED,5.0299,158446710.0,31146.0
SAL-Ei-LM,bom_deep_7_3_15_5_No1_p40_ao81_am15_5_m12_ao81_am12_4,81,10,SATISFIED,5.0261,159612544.0,29995.0
SAL-Ei-LM,bom_deep_7_3_15_5_No1_p40_ao81_am15_5_m12_ao81_am12_5,81,1,SATISFIED,5.0236,174995774.0,38796.0
SAL-Ei-LM,bom_deep_7_3_15_5_No1_p40_ao81_am15_5_m12_ao81_am12_5,81,2,SATISFIED,5.0212,177648970.0,24178.0
SAL-Ei-LM,bom_deep_7_3_15_5_No1_p40_ao81_am15_5_m12_ao81_am12_5,81,3,SATISFIED,5.0257,177658212.0,39474.0
SAL-Ei-LM,bom_deep_7_3_15_5_No1_p40_ao81_am15_5_m12_ao81_am12_5,81,4,SATISFIED,5.0249,175461590.0,39550.0
SAL-Ei-LM,bom_deep_7_3_15_5_No1_p40_ao81_am15_5_m12_ao81_am12_5,81,5,SATISFIED,5.024,177636750.0,39840.0
SAL-Ei-LM,bom_deep_7_3_15_5_No1_p40_ao81_am15_5_m12_ao81_am12_5,81,6,SATISFIED,5.0228,178735757.0,38787.0
SAL-Ei-LM,bom_deep_7_3_15_5_No1_p40_ao81_am15_5_m12_ao81_am12_5,81,7,SATISFIED,5.0239,181876839.0,29468.0
SAL-Ei-LM,bom_deep_7_3_15_5_No1_p40_ao81_am15_5_m12_ao81_am12_5,81,8,SATISFIED,5.0253,172646620.0,32215.0
SAL-Ei-LM,bom_deep_7_3_15_5_No1_p40_ao81_am15_5_m12_ao81_am12_5,81,9,SATISFIED,5.0235,181725271.0,39525.0
SAL-Ei-LM,bom_deep_7_3_15_5_No1_p40_ao81_am15_5_m12_ao81_am12_5,81,10,SATISFIED,5.0246,178559092.0,39516.0
SAL-Ei-LM,bom_deep_7_3_15_5_No1_p40_ao81_am15_5_m35_ao81_am34_1,81,1,SATISFIED,5.0232,138293420.0,32961.0
SAL-Ei-LM,bom_deep_7_3_15_5_No1_p40_ao81_am15_5_m35_ao81_am34_1,81,2,SATISFIED,5.0307,136016483.0,24913.0
SAL-Ei-LM,bom_deep_7_3_15_5_No1_p40_ao81_am15_5_m35_ao81_am34_1,81,3,SATISFIED,5.0241,137469303.0,26772.0
SAL-Ei-LM,bom_deep_7_3_15_5_No1_p40_ao81_am15_5_m35_ao81_am34_1,81,4,SATISFIED,5.0281,137451320.0,32626.0
SAL-Ei-LM,bom_deep_7_3_15_5_No1_p40_ao81_am15_5_m35_ao81_am34_1,81,5,SATISFIED,5.0241,153245242.0,32634.0
SAL-Ei-LM,bom_deep_7_3_15_5_No1_p40_ao81_am15_5_m35_ao81_am34_1,81,6,SATISFIED,5.0251,141760521.0,27462.0
SAL-Ei-LM,bom_deep_7_3_15_5_No1_p40_ao81_am15_5_m35_ao81_am34_1,81,7,SATISFIED,5.0273,133137005.0,32287.0
SAL-Ei-LM,bom_deep_7_3_15_5_No1_p40_ao81_am15_5_m35_ao81_am34_1,81,8,SATISFIED,5.0236,139091050.0,32635.0
SAL-Ei-LM,bom_deep_7_3_15_5_No1_p40_ao81_am15_5_m35_ao81_am34_1,81,9,SATISFIED,5.022,132542025.0,32777.0
SAL-Ei-LM,bom_deep_7_3_15_5_No1_p40_ao81_am15_5_m35_ao81_am34_1,81,10,SATISFIED,5.02,142582460.0,32896.0
SAL-Ei-LM,bom_deep_7_3_15_5_No1_p40_ao81_am15_5_m35_ao81_am34_3,81,1,SATISFIED,5.0253,197100388.0,32810.0
SAL-Ei-LM,bom_deep_7_3_15_5_No1_p40_ao81_am15_5_m35_ao81_am34_3,81,2,SATISFIED,5.0246,213251375.0,26051.0
SAL-Ei-LM,bom_deep_7_3_15_5_No1_p40_ao81_am15_5_m35_ao81_am34_3,81,3,SATISFIED,5.0229,212992265.0,26533.0
SAL-Ei-LM,bom_deep_7_3_15_5_No1_p40_ao81_am15_5_m35_ao81_am34_3,81,4,SATISFIED,5.0251,206835558.0,32612.0
SAL-Ei-LM,bom_deep_7_3_15_5_No1_p40_ao81_am15_5_m35_ao81_am34_3,81,5,SATISFIED,5.0248,191228950.0,33172.0
SAL-Ei-LM,bom_deep_7_3_15_5_No1_p40_ao81_am15_5_m35_ao81_am34_3,81,6,SATISFIED,5.0273,213002926.0,23075.0
SAL-Ei-LM,bom_deep_7_3_15_5_No1_p40_ao81_am15_5_m35_ao81_am34_3,81,7,SATISFIED,5.0258,209003180.0,26699.0
SAL-Ei-LM,bom_deep_7_3_15_5_No1_p40_ao81_am15_5_m35_ao81_am34_3,81,8,SATISFIED,5.0245,194398511.0,26284.0
SAL-Ei-LM,bom_deep_7_3_15_5_No1_p40_ao81_am15_5_m35_ao81_am34_3,81,9,SATISFIED,5.0276,197904702.0,26517.0
SAL-Ei-LM,bom_deep_7_3_15_5_No1_p40_ao81_am15_5_m35_ao81_am34_3,81,10,SATISFIED,5.0257,195091457.0,32695.0
SAL-Ei-LM,bom_deep_7_3_15_5_No1_p40_ao81_am15_5_m35_ao81_am34_4,81,1,SATISFIED,5.0256,235134661.0,32462.0
SAL-Ei-LM,bom_deep_7_3_15_5_No1_p40_ao81_am15_5_m35_ao81_am34_4,81,2,SATISFIED,5.0268,233443381.0,26418.0
SAL-Ei-LM,bom_deep_7_3_15_5_No1_p40_ao81_am15_5_m35_ao81_am34_4,81,3,SATISFIED,5.0263,243494899.0,26701.0
SAL-Ei-LM,bom_deep_7_3_15_5_No1_p40_ao81_am15_5_m35_ao81_am34_4,81,4,SATISFIED,5.0249,212538152.0,27027.0
SAL-Ei-LM,bom_deep_7_3_15_5_No1_p40_ao81_am15_5_m35_ao81_am34_4,81,5,SATISFIED,5.0262,220804474.0,26129.0
SAL-Ei-LM,bom_deep_7_3_15_5_No1_p40_ao81_am15_5_m35_ao81_am34_4,81,6,SATISFIED,5.0242,236078364.0,26346.0
SAL-Ei-LM,bom_deep_7_3_15_5_No1_p40_ao81_am15_5_m35_ao81_am34_4,81,7,SATISFIED,5.0263,217420370.0,32342.0
SAL-Ei-LM,bom_deep_7_3_15_5_No1_p40_ao81_am15_5_m35_ao81_am34_4,81,8,SATISFIED,5.0234,215564050.0,31389.0
SAL-Ei-LM,bom_deep_7_3_15_5_No1_p40_ao81_am15_5_m35_ao81_am34_4,81,9,SATISFIED,5.0222,229018885.0,32257.0
SAL-Ei-LM,bom_deep_7_3_15_5_No1_p40_ao81_am15_5_m35_ao81_am34_4,81,10,SATISFIED,5.0238,219875372.0,32516.0
SAL-Ei-LM,bom_deep_7_3_15_5_No1_p40_ao81_am15_5_m35_ao81_am35_2,81,1,SATISFIED,5.0239,131078812.0,31727.0
SAL-Ei-LM,bom_deep_7_3_15_5_No1_p40_ao81_am15_5_m35_ao81_am35_2,81,2,SATISFIED,5.0257,121325902.0,28686.0
SAL-Ei-LM,bom_deep_7_3_15_5_No1_p40_ao81_am15_5_m35_ao81_am35_2,81,3,SATISFIED,5.0278,121942216.0,30447.0
SAL-Ei-LM,bom_deep_7_3_15_5_No1_p40_ao81_am15_5_m35_ao81_am35_2,81,4,SATISFIED,5.0227,134511172.0,32994.0
SAL-Ei-LM,bom_deep_7_3_15_5_No1_p40_ao81_am15_5_m35_ao81_am35_2,81,5,SATISFIED,5.0243,123577821.0,33236.0
SAL-Ei-LM,bom_deep_7_3_15_5_No1_p40_ao81_am15_5_m35_ao81_am35_2,81,6,SATISFIED,5.0234,144256037.0,33154.0
SAL-Ei-LM,bom_deep_7_3_15_5_No1_p40_ao81_am15_5_m35_ao81_am35_2,81,7,SATISFIED,5.0221,129761930.0,33058.0
SAL-Ei-LM,bom_deep_7_3_15_5_No1_p40_ao81_am15_5_m35_ao81_am35_2,81,8,SATISFIED,5.0239,128671669.0,33211.0
SAL-Ei-LM,bom_deep_7_3_15_5_No1_p40_ao81_am15_5_m35_ao81_am35_2,81,9,SATISFIED,5.0292,135608402.0,26317.0
SAL-Ei-LM,bom_deep_7_3_15_5_No1_p40_ao81_am15_5_m35_ao81_am35_2,81,10,SATISFIED,5.0279,122890956.0,26745.0
SAL-Ei-LM,bom_deep_7_3_15_5_No1_p40_ao81_am15_5_m35_ao81_am35_5,81,1,SATISFIED,5.0247,139795280.0,33562.0
SAL-Ei-LM,bom_deep_7_3_15_5_No1_p40_ao81_am15_5_m35_ao81_am35_5,81,2,SATISFIED,5.0234,151938079.0,33366.0
SAL-Ei-LM,bom_deep_7_3_15_5_No1_p40_ao81_am15_5_m35_ao81_am35_5,81,3,SATISFIED,5.0218,160993399.0,33340.0
SAL-Ei-LM,bom_deep_7_3_15_5_No1_p40_ao81_am15_5_m35_ao81_am35_5,81,4,SATISFIED,5.0271,151893463.0,33599.0
SAL-Ei-LM,bom_deep_7_3_15_5_No1_p40_ao81_am15_5_m35_ao81_am35_5,81,5,SATISFIED,5.025,146888224.0,33409.0
SAL-Ei-LM,bom_deep_7_3_15_5_No1_p40_ao81_am15_5_m35_ao81_am35_5,81,6,SATISFIED,5.0238,147509220.0,33403.0
SAL-Ei-LM,bom_deep_7_3_15_5_No1_p40_ao81_am15_5_m35_ao81_am35_5,81,7,SATISFIED,5.0219,145266024.0,33504.0
SAL-Ei-LM,bom_deep_7_3_15_5_No1_p40_ao81_am15_5_m35_ao81_am35_5,81,8,SATISFIED,5.0249,159586197.0,33390.0
SAL-Ei-LM,bom_deep_7_3_15_5_No1_p40_ao81_am15_5_m35_ao81_am35_5,81,9,SATISFIED,5.0269,139359800.0,33542.0
SAL-Ei-LM,bom_deep_7_3_15_5_No1_p40_ao81_am15_5_m35_ao81_am35_5,81,10,SATISFIED,5.0227,141612371.0,33674.0
SAL-Ei-LM,bom_deep_7_3_15_5_No1_p50_ao87_am15_1,87,1,SATISFIED,5.0231,122752515.0,38702.0
SAL-Ei-LM,bom_deep_7_3_15_5_No1_p50_ao87_am15_1,87,2,SATISFIED,5.027,123003670.0,24585.0
SAL-Ei-LM,bom_deep_7_3_15_5_No1_p50_ao87_am15_1,87,3,SATISFIED,5.0279,123156880.0,30181.0
SAL-Ei-LM,bom_deep_7_3_15_5_No1_p50_ao87_am15_1,87,4,SATISFIED,5.0242,122643195.0,36895.0
SAL-Ei-LM,bom_deep_7_3_15_5_No1_p50_ao87_am15_1,87,5,SATISFIED,5.0229,123073260.0,34836.0
SAL-Ei-LM,bom_deep_7_3_15_5_No1_p50_ao87_am15_1,87,6,SATISFIED,5.0223,122873810.0,31012.0
SAL-Ei-LM,bom_deep_7_3_15_5_No1_p50_ao87_am15_1,87,7,SATISFIED,5.0243,122574495.0,30905.0
SAL-Ei-LM,bom_deep_7_3_15_5_No1_p50_ao87_am15_1,87,8,SATISFIED,5.0206,123054140.0,38183.0
SAL-Ei-LM,bom_deep_7_3_15_5_No1_p50_ao87_am15_1,87,9,SATISFIED,5.0231,123104050.0,38289.0
SAL-Ei-LM,bom_deep_7_3_15_5_No1_p50_ao87_am15_1,87,10,SATISFIED,5.0239,122930205.0,38387.0
SAL-Ei-LM,bom_deep_7_3_15_5_No1_p50_ao87_am15_1_m10_ao87_am10_1,87,1,SATISFIED,5.0234,150551271.0,43850.0
SAL-Ei-LM,bom_deep_7_3_15_5_No1_p50_ao87_am15_1_m10_ao87_am10_1,87,2,SATISFIED,5.0212,149494535.0,43655.0
SAL-Ei-LM,bom_deep_7_3_15_5_No1_p50_ao87_am15_1_m10_ao87_am10_1,87,3,SATISFIED,5.0266,150944883.0,28369.0
SAL-Ei-LM,bom_deep_7_3_15_5_No1_p50_ao87_am15_1_m10_ao87_am10_1,87,4,SATISFIED,5.0262,152202550.0,35295.0
SAL-Ei-LM,bom_deep_7_3_15_5_No1_p50_ao87_am15_1_m10_ao87_am10_1,87,5,SATISFIED,5.0269,150567974.0,35188.0
SAL-Ei-LM,bom_deep_7_3_15_5_No1_p50_ao87_am15_1_m10_ao87_am10_1,87,6,SATISFIED,5.0251,151106394.0,35668.0
SAL-Ei-LM,bom_deep_7_3_15_5_No1_p50_ao87_am15_1_m10_ao87_am10_1,87,7,SATISFIED,5.0232,150245786.0,43911.0
SAL-Ei-LM,bom_deep_7_3_15_5_No1_p50_ao87_am15_1_m10_ao87_am10_1,87,8,SATISFIED,5.0243,150265186.0,43781.0
SAL-Ei-LM,bom_deep_7_3_15_5_No1_p50_ao87_am15_1_m10_ao87_am10_1,87,9,SATISFIED,5.0235,150628640.0,43982.0
SAL-Ei-LM,bom_deep_7_3_15_5_No1_p50_ao87_am15_1_m10_ao87_am10_1,87,10,SATISFIED,5.023,150058980.0,43847.0
SAL-Ei-LM,bom_deep_7_3_15_5_No1_p50_ao87_am15_1_m10_ao87_am10_2,87,1,SATISFIED,5.0209,236228729.0,41922.0
SAL-Ei-LM,bom_deep_7_3_15_5_No1_p50_ao87_am15_1_m10_ao87_am10_2,87,2,SATISFIED,5.0213,236180420.0,41743.0
SAL-Ei-LM,bom_deep_7_3_15_5_No1_p50_ao87_am15_1_m10_ao87_am10_2,87,3,SATISFIED,5.0246,236233015.0,41647.0
SAL-Ei-LM,bom_deep_7_3_15_5_No1_p50_ao87_am15_1_m10_ao87_am10_2,87,4,SATISFIED,5.0243,236194086.0,32978.0
SAL-Ei-LM,bom_deep_7_3_15_5_No1_p50_ao87_am15_1_m10_ao87_am10_2,87,5,SATISFIED,5.0245,236219022.0,35219.0
SAL-Ei-LM,bom_deep_7_3_15_5_No1_p50_ao87_am15_1_m10_ao87_am10_2,87,6,SATISFIED,5.0224,236188140.0,37788.0
SAL-Ei-LM,bom_deep_7_3_15_5_No1_p50_ao87_am15_1_m10_ao87_am10_2,87,7,SATISFIED,5.0247,236179235.0,39864.0
SAL-Ei-LM,bom_deep_7_3_15_5_No1_p50_ao87_am15_1_m10_ao87_am10_2,87,8,SATISFIED,5.0245,236193635.0,40487.0
SAL-Ei-LM,bom_deep_7_3_15_5_No1_p50_ao87_am15_1_m10_ao87_am10_2,87,9,SATISFIED,5.0261,236175230.0,40320.0
SAL-Ei-LM,bom_deep_7_3_15_5_No1_p50_ao87_am15_1_m10_ao87_am10_2,87,10,SATISFIED,5.0246,236181726.0,40207.0
SAL-Ei-LM,bom_deep_7_3_15_5_No1_p50_ao87_am15_1_m10_ao87_am10_3,87,1,SATISFIED,5.0244,119794896.0,38820.0
SAL-Ei-LM,bom_deep_7_3_15_5_No1_p50_ao87_am15_1_m10_ao87_am10_3,87,2,SATISFIED,5.0258,105229639.0,38684.0
SAL-Ei-LM,bom_deep_7_3_15_5_No1_p50_ao87_am15_1_m10_ao87_am10_3,87,3,SATISFIED,5.026,113245560.0,38653.0
SAL-Ei-LM,bom_deep_7_3_15_5_No1_p50_ao87_am15_1_m10_ao87_am10_3,87,4,SATISFIED,5.0239,116087715.0,31986.0
SAL-Ei-LM,bom_deep_7_3_15_5_No1_p50_ao87_am15_1_m10_ao87_am10_3,87,5,SATISFIED,5.0275,113381753.0,32291.0
SAL-Ei-LM,bom_deep_7_3_15_5_No1_p50_ao87_am15_1_m10_ao87_am10_3,87,6,SATISFIED,5.0278,116621313.0,20518.0
SAL-Ei-LM,bom_deep_7_3_15_5_No1_p50_ao87_am15_1_m10_ao87_am10_3,87,7,SATISFIED,5.0226,113186975.0,24904.0
SAL-Ei-LM,bom_deep_7_3_15_5_No1_p50_ao87_am15_1_m10_ao87_am10_3,87,8,SATISFIED,5.0283,105224890.0,25592.0
SAL-Ei-LM,bom_deep_7_3_15_5_No1_p50_ao87_am15_1_m10_ao87_am10_3,87,9,SATISFIED,5.0253,107622273.0,31542.0
SAL-Ei-LM,bom_deep_7_3_15_5_No1_p50_ao87_am15_1_m10_ao87_am10_3,87,10,SATISFIED,5.0256,107241463.0,38778.0
SAL-Ei-LM,bom_deep_7_3_15_5_No1_p50_ao87_am15_1_m10_ao87_am10_4,87,1,SATISFIED,5.0254,164176425.0,41066.0
SAL-Ei-LM,bom_deep_7_3_15_5_No1_p50_ao87_am15_1_m10_ao87_am10_4,87,2,SATISFIED,5.0284,164702415.0,32857.0
SAL-Ei-LM,bom_deep_7_3_15_5_No1_p50_ao87_am15_1_m10_ao87_am10_4,87,3,SATISFIED,5.0253,165138665.0,33606.0
SAL-Ei-LM,bom_deep_7_3_15_5_No1_p50_ao87_am15_1_m10_ao87_am10_4,87,4,SATISFIED,5.0224,166039305.0,42405.0
SAL-Ei-LM,bom_deep_7_3_15_5_No1_p50_ao87_am15_1_m10_ao87_am10_4,87,5,SATISFIED,5.022,164510185.0,42755.0
SAL-Ei-LM,bom_deep_7_3_15_5_No1_p50_ao87_am15_1_m10_ao87_am10_4,87,6,SATISFIED,5.0272,165117645.0,28776.0
SAL-Ei-LM,bom_deep_7_3_15_5_No1_p50_ao87_am15_1_m10_ao87_am10_4,87,7,SATISFIED,5.0243,165122845.0,34436.0
SAL-Ei-LM,bom_deep_7_3_15_5_No1_p50_ao87_am15_1_m10_ao87_am10_4,87,8,SATISFIED,5.0235,165134735.0,38082.0
SAL-Ei-LM,bom_deep_7_3_15_5_No1_p50_ao87_am15_1_m10_ao87_am10_4,87,9,SATISFIED,5.0276,165137730.0,30184.0
SAL-Ei-LM,bom_deep_7_3_15_5_No1_p50_ao87_am15_1_m10_ao87_am10_4,87,10,SATISFIED,5.024,170538715.0,41890.0
SAL-Ei-LM,bom_deep_7_3_15_5_No1_p50_ao87_am15_1_m10_ao87_am10_5,87,1,SATISFIED,5.0241,251351029.0,40356.0
SAL-Ei-LM,bom_deep_7_3_15_5_No1_p50_ao87_am15_1_m10_ao87_am10_5,87,2,SATISFIED,5.0264,238099095.0,33156.0
SAL-Ei-LM,bom_deep_7_3_15_5_No1_p50_ao87_am15_1_m10_ao87_am10_5,87,3,SATISFIED,5.0274,252856350.0,32651.0
SAL-Ei-LM,bom_deep_7_3_15_5_No1_p50_ao87_am15_1_m10_ao87_am10_5,87,4,SATISFIED,5.0236,238119430.0,40433.0
SAL-Ei-LM,bom_deep_7_3_15_5_No1_p50_ao87_am15_1_m10_ao87_am10_5,87,5,SATISFIED,5.0227,238065690.0,40394.0
SAL-Ei-LM,bom_deep_7_3_15_5_No1_p50_ao87_am15_1_m10_ao87_am10_5,87,6,SATISFIED,5.0277,252823162.0,30279.0
SAL-Ei-LM,bom_deep_7_3_15_5_No1_p50_ao87_am15_1_m10_ao87_am10_5,87,7,SATISFIED,5.0254,251385042.0,33796.0
SAL-Ei-LM,bom_deep_7_3_15_5_No1_p50_ao87_am15_1_m10_ao87_am10_5,87,8,SATISFIED,5.0237,238040405.0,40732.0
SAL-Ei-LM,bom_deep_7_3_15_5_No1_p50_ao87_am15_1_m10_ao87_am10_5,87,9,SATISFIED,5.0228,238156715.0,40592.0
SAL-Ei-LM,bom_deep_7_3_15_5_No1_p50_ao87_am15_1_m10_ao87_am10_5,87,10,SATISFIED,5.024,238131210.0,41671.0
SAL-Ei-LM,bom_deep_7_3_15_5_No1_p50_ao87_am15_1_m25_ao87_am19_1,87,1,SATISFIED,5.0246,123954600.0,33299.0
SAL-Ei-LM,bom_deep_7_3_15_5_No1_p50_ao87_am15_1_m25_ao87_am19_1,87,2,SATISFIED,5.0241,123840100.0,32163.0
SAL-Ei-LM,bom_deep_7_3_15_5_No1_p50_ao87_am15_1_m25_ao87_am19_1,87,3,SATISFIED,5.0252,123964000.0,41645.0
SAL-Ei-LM,bom_deep_7_3_15_5_No1_p50_ao87_am15_1_m25_ao87_am19_1,87,4,SATISFIED,5.0221,123770365.0,41436.0
SAL-Ei-LM,bom_deep_7_3_15_5_No1_p50_ao87_am15_1_m25_ao87_am19_1,87,5,SATISFIED,5.0245,123859070.0,41384.0
SAL-Ei-LM,bom_deep_7_3_15_5_No1_p50_ao87_am15_1_m25_ao87_am19_1,87,6,SATISFIED,5.0241,124031605.0,40267.0
SAL-Ei-LM,bom_deep_7_3_15_5_No1_p50_ao87_am15_1_m25_ao87_am19_1,87,7,SATISFIED,5.0252,123864455.0,31456.0
SAL-Ei-LM,bom_deep_7_3_15_5_No1_p50_ao87_am15_1_m25_ao87_am19_1,87,8,SATISFIED,5.0253,123914770.0,34215.0
SAL-Ei-LM,bom_deep_7_3_15_5_No1_p50_ao87_am15_1_m25_ao87_am19_1,87,9,SATISFIED,5.0238,124017720.0,41548.0
SAL-Ei-LM,bom_deep_7_3_15_5_No1_p50_ao87_am15_1_m25_ao87_am19_1,87,10,SATISFIED,5.0274,123783100.0,41005.0
SAL-Ei-LM,bom_deep_7_3_15_5_No1_p50_ao87_am15_1_m25_ao87_am20_3,87,1,SATISFIED,5.0226,177092440.0,41152.0
SAL-Ei-LM,bom_deep_7_3_15_5_No1_p50_ao87_am15_1_m25_ao87_am20_3,87,2,SATISFIED,5.0231,177183635.0,40624.0
SAL-Ei-LM,bom_deep_7_3_15_5_No1_p50_ao87_am15_1_m25_ao87_am20_3,87,3,SATISFIED,5.0204,177073705.0,40695.0
SAL-Ei-LM,bom_deep_7_3_15_5_No1_p50_ao87_am15_1_m25_ao87_am20_3,87,4,SATISFIED,5.0265,176969114.0,36092.0
SAL-Ei-LM,bom_deep_7_3_15_5_No1_p50_ao87_am15_1_m25_ao87_am20_3,87,5,SATISFIED,5.0292,176825165.0,34372.0
SAL-Ei-LM,bom_deep_7_3_15_5_No1_p50_ao87_am15_1_m25_ao87_am20_3,87,6,SATISFIED,5.0254,176906401.0,32961.0
SAL-Ei-LM,bom_deep_7_3_15_5_No1_p50_ao87_am15_1_m25_ao87_am20_3,87,7,SATISFIED,5.0259,177042735.0,33252.0
SAL-Ei-LM,bom_deep_7_3_15_5_No1_p50_ao87_am15_1_m25_ao87_am20_3,87,8,SATISFIED,5.0259,176869208.0,40973.0
SAL-Ei-LM,bom_deep_7_3_15_5_No1_p50_ao87_am15_1_m25_ao87_am20_3,87,9,SATISFIED,5.0245,177186580.0,32274.0
SAL-Ei-LM,bom_deep_7_3_15_5_No1_p50_ao87_am15_1_m25_ao87_am20_3,87,10,SATISFIED,5.0235,176627105.0,32114.0
SAL-Ei-LM,bom_deep_7_3_15_5_No1_p50_ao87_am15_1_m25_ao87_am20_4,87,1,SATISFIED,5.0227,46650895.0,33002.0
SAL-Ei-LM,bom_deep_7_3_15_5_No1_p50_ao87_am15_1_m25_ao87_am20_4,87,2,SATISFIED,5.0247,46645790.0,30764.0
SAL-Ei-LM,bom_deep_7_3_15_5_No1_p50_ao87_am15_1_m25_ao87_am20_4,87,3,SATISFIED,5.0254,46608415.0,26850.0
SAL-Ei-LM,bom_deep_7_3_15_5_No1_p50_ao87_am15_1_m25_ao87_am20_4,87,4,SATISFIED,5.0163,46159765.0,32432.0
SAL-Ei-LM,bom_deep_7_3_15_5_No1_p50_ao87_am15_1_m25_ao87_am20_4,87,5,SATISFIED,5.0261,46234550.0,32465.0
SAL-Ei-LM,bom_deep_7_3_15_5_No1_p50_ao87_am15_1_m25_ao87_am20_4,87,6,SATISFIED,5.0231,46049775.0,33389.0
SAL-Ei-LM,bom_deep_7_3_15_5_No1_p50_ao87_am15_1_m25_ao87_am20_4,87,7,SATISFIED,5.0253,46289060.0,32771.0
SAL-Ei-LM,bom_deep_7_3_15_5_No1_p50_ao87_am15_1_m25_ao87_am20_4,87,8,SATISFIED,5.025,46098920.0,39665.0
SAL-Ei-LM,bom_deep_7_3_15_5_No1_p50_ao87_am15_1_m25_ao87_am20_4,87,9,SATISFIED,5.0233,46619060.0,39347.0
SAL-Ei-LM,bom_deep_7_3_15_5_No1_p50_ao87_am15_1_m25_ao87_am20_4,87,10,SATISFIED,5.0239,46494245.0,32394.0
SAL-Ei-LM,bom_deep_7_3_15_5_No1_p50_ao87_am15_1_m25_ao87_am21_5,87,1,SATISFIED,5.027,222478650.0,31999.0
SAL-Ei-LM,bom_deep_7_3_15_5_No1_p50_ao87_am15_1_m25_ao87_am21_5,87,2,SATISFIED,5.0249,222340902.0,37912.0
SAL-Ei-LM,bom_deep_7_3_15_5_No1_p50_ao87_am15_1_m25_ao87_am21_5,87,3,SATISFIED,5.0231,222403330.0,31296.0
SAL-Ei-LM,bom_deep_7_3_15_5_No1_p50_ao87_am15_1_m25_ao87_am21_5,87,4,SATISFIED,5.025,222753470.0,25330.0
SAL-Ei-LM,bom_deep_7_3_15_5_No1_p50_ao87_am15_1_m25_ao87_am21_5,87,5,SATISFIED,5.0239,222537845.0,38582.0
SAL-Ei-LM,bom_deep_7_3_15_5_No1_p50_ao87_am15_1_m25_ao87_am21_5,87,6,SATISFIED,5.0171,222274435.0,38985.0
SAL-Ei-LM,bom_deep_7_3_15_5_No1_p50_ao87_am15_1_m25_ao87_am21_5,87,7,SATISFIED,5.0198,222339485.0,37195.0
SAL-Ei-LM,bom_deep_7_3_15_5_No1_p50_ao87_am15_1_m25_ao87_am21_5,87,8,SATISFIED,5.0251,222594935.0,28920.0
SAL-Ei-LM,bom_deep_7_3_15_5_No1_p50_ao87_am15_1_m25_ao87_am21_5,87,9,SATISFIED,5.0189,222301445.0,39452.0
SAL-Ei-LM,bom_deep_7_3_15_5_No1_p50_ao87_am15_1_m25_ao87_am21_5,87,10,SATISFIED,5.0196,222380822.0,31387.0
SAL-Ei-LM,bom_deep_7_3_15_5_No1_p50_ao87_am15_1_m25_ao87_am24_2,87,1,SATISFIED,5.0195,131389132.0,30498.0
SAL-Ei-LM,bom_deep_7_3_15_5_No1_p50_ao87_am15_1_m25_ao87_am24_2,87,2,SATISFIED,5.0319,131439625.0,38336.0
SAL-Ei-LM,bom_deep_7_3_15_5_No1_p50_ao87_am15_1_m25_ao87_am24_2,87,3,SATISFIED,5.025,131383950.0,38154.0
SAL-Ei-LM,bom_deep_7_3_15_5_No1_p50_ao87_am15_1_m25_ao87_am24_2,87,4,SATISFIED,5.0219,131419957.0,37700.0
SAL-Ei-LM,bom_deep_7_3_15_5_No1_p50_ao87_am15_1_m25_ao87_am24_2,87,5,SATISFIED,5.0227,131171732.0,37881.0
SAL-Ei-LM,bom_deep_7_3_15_5_No1_p50_ao87_am15_1_m25_ao87_am24_2,87,6,SATISFIED,5.0234,131322777.0,38328.0
SAL-Ei-LM,bom_deep_7_3_15_5_No1_p50_ao87_am15_1_m25_ao87_am24_2,87,7,SATISFIED,5.0231,131344277.0,28898.0
SAL-Ei-LM,bom_deep_7_3_15_5_No1_p50_ao87_am15_1_m25_ao87_am24_2,87,8,SATISFIED,5.0242,131381167.0,30859.0
SAL-Ei-LM,bom_deep_7_3_15_5_No1_p50_ao87_am15_1_m25_ao87_am24_2,87,9,SATISFIED,5.0252,131374153.0,39115.0
SAL-Ei-LM,bom_deep_7_3_15_5_No1_p50_ao87_am15_1_m25_ao87_am24_2,87,10,SATISFIED,5.0251,131383442.0,38723.0
SAL-Ei-LM,bom_deep_7_3_15_5_No1_p50_ao87_am15_2,87,1,SATISFIED,5.0247,98839800.0,37617.0
SAL-Ei-LM,bom_deep_7_3_15_5_No1_p50_ao87_am15_2,87,2,SATISFIED,5.0243,110427954.0,36096.0
SAL-Ei-LM,bom_deep_7_3_15_5_No1_p50_ao87_am15_2,87,3,SATISFIED,5.0256,101137095.0,35796.0
SAL-Ei-LM,bom_deep_7_3_15_5_No1_p50_ao87_am15_2,87,4,SATISFIED,5.0243,114112006.0,37598.0
SAL-Ei-LM,bom_deep_7_3_15_5_No1_p50_ao87_am15_2,87,5,SATISFIED,5.0211,100522130.0,37676.0
SAL-Ei-LM,bom_deep_7_3_15_5_No1_p50_ao87_am15_2,87,6,SATISFIED,5.0209,104876324.0,35840.0
SAL-Ei-LM,bom_deep_7_3_15_5_No1_p50_ao87_am15_2,87,7,SATISFIED,5.0268,103713052.0,37601.0
SAL-Ei-LM,bom_deep_7_3_15_5_No1_p50_ao87_am15_2,87,8,SATISFIED,5.0282,95710316.0,27076.0
SAL-Ei-LM,bom_deep_7_3_15_5_No1_p50_ao87_am15_2,87,9,SATISFIED,5.0245,95072810.0,29521.0
SAL-Ei-LM,bom_deep_7_3_15_5_No1_p50_ao87_am15_2,87,10,SATISFIED,5.0277,105707343.0,29576.0
SAL-Ei-LM,bom_deep_7_3_15_5_No1_p50_ao87_am15_2_m10_ao87_am10_1,87,1,SATISFIED,5.0258,396579942.0,35634.0
SAL-Ei-LM,bom_deep_7_3_15_5_No1_p50_ao87_am15_2_m10_ao87_am10_1,87,2,SATISFIED,5.0267,338723759.0,32150.0
SAL-Ei-LM,bom_deep_7_3_15_5_No1_p50_ao87_am15_2_m10_ao87_am10_1,87,3,SATISFIED,5.029,338719293.0,38578.0
SAL-Ei-LM,bom_deep_7_3_15_5_No1_p50_ao87_am15_2_m10_ao87_am10_1,87,4,SATISFIED,5.0265,338702182.0,35279.0
SAL-Ei-LM,bom_deep_7_3_15_5_No1_p50_ao87_am15_2_m10_ao87_am10_1,87,5,SATISFIED,5.0273,384545964.0,35189.0
SAL-Ei-LM,bom_deep_7_3_15_5_No1_p50_ao87_am15_2_m10_ao87_am10_1,87,6,SATISFIED,5.0394,390695570.0,34342.0
SAL-Ei-LM,bom_deep_7_3_15_5_No1_p50_ao87_am15_2_m10_ao87_am10_1,87,7,SATISFIED,5.0272,338719288.0,43667.0
SAL-Ei-LM,bom_deep_7_3_15_5_No1_p50_ao87_am15_2_m10_ao87_am10_1,87,8,SATISFIED,5.0245,338717030.0,34586.0
SAL-Ei-LM,bom_deep_7_3_15_5_No1_p50_ao87_am15_2_m10_ao87_am10_1,87,9,SATISFIED,5.023,410690455.0,34790.0
SAL-Ei-LM,bom_deep_7_3_15_5_No1_p50_ao87_am15_2_m10_ao87_am10_1,87,10,SATISFIED,5.0238,356397816.0,34725.0
SAL-Ei-LM,bom_deep_7_3_15_5_No1_p50_ao87_am15_2_m10_ao87_am10_2,87,1,SATISFIED,5.0226,489374329.0,40042.0
SAL-Ei-LM,bom_deep_7_3_15_5_No1_p50_ao87_am15_2_m10_ao87_am10_2,87,2,SATISFIED,5.0211,485319423.0,33484.0
SAL-Ei-LM,bom_deep_7_3_15_5_No1_p50_ao87_am15_2_m10_ao87_am10_2,87,3,SATISFIED,5.0223,485439517.0,33705.0
SAL-Ei-LM,bom_deep_7_3_15_5_No1_p50_ao87_am15_2_m10_ao87_am10_2,87,4,SATISFIED,5.0237,462446957.0,40564.0
SAL-Ei-LM,bom_deep_7_3_15_5_No1_p50_ao87_am15_2_m10_ao87_am10_2,87,5,SATISFIED,5.0238,468152982.0,32767.0
SAL-Ei-LM,bom_deep_7_3_15_5_No1_p50_ao87_am15_2_m10_ao87_am10_2,87,6,SATISFIED,5.0239,449863654.0,33529.0
SAL-Ei-LM,bom_deep_7_3_15_5_No1_p50_ao87_am15_2_m10_ao87_am10_2,87,7,SATISFIED,5.0242,466794361.0,33042.0
SAL-Ei-LM,bom_deep_7_3_15_5_No1_p50_ao87_am15_2_m10_ao87_am10_2,87,8,SATISFIED,5.0245,444182532.0,33552.0
SAL-Ei-LM,bom_deep_7_3_15_5_No1_p50_ao87_am15_2_m10_ao87_am10_2,87,9,SATISFIED,5.0233,459082696.0,32988.0
SAL-Ei-LM,bom_deep_7_3_15_5_No1_p50_ao87_am15_2_m10_ao87_am10_2,87,10,SATISFIED,5.0225,435634318.0,39974.0
SAL-Ei-LM,bom_deep_7_3_15_5_No1_p50_ao87_am15_2_m10_ao87_am10_3,87,1,SATISFIED,5.0245,202625660.0,28471.0
SAL-Ei-LM,bom_deep_7_3_15_5_No1_p50_ao87_am15_2_m10_ao87_am10_3,87,2,SATISFIED,5.0216,209834742.0,33254.0
SAL-Ei-LM,bom_deep_7_3_15_5_No1_p50_ao87_am15_2_m10_ao87_am10_3,87,3,SATISFIED,5.0223,221859573.0,39894.0
SAL-Ei-LM,bom_deep_7_3_15_5_No1_p50_ao87_am15_2_m10_ao87_am10_3,87,4,SATISFIED,5.0254,218546001.0,40100.0
SAL-Ei-LM,bom_deep_7_3_15_5_No1_p50_ao87_am15_2_m10_ao87_am10_3,87,5,SATISFIED,5.0217,204916753.0,40233.0
SAL-Ei-LM,bom_deep_7_3_15_5_No1_p50_ao87_am15_2_m10_ao87_am10_3,87,6,SATISFIED,5.0227,216684094.0,39271.0
SAL-Ei-LM,bom_deep_7_3_15_5_No1_p50_ao87_am15_2_m10_ao87_am10_3,87,7,SATISFIED,5.0255,203949716.0,38189.0
SAL-Ei-LM,bom_deep_7_3_15_5_No1_p50_ao87_am15_2_m10_ao87_am10_3,87,8,SATISFIED,5.0242,209571102.0,34099.0
SAL-Ei-LM,bom_deep_7_3_15_5_No1_p50_ao87_am15_2_m10_ao87_am10_3,87,9,SATISFIED,5.0249,208291939.0,34177.0
SAL-Ei-LM,bom_deep_7_3_15_5_No1_p50_ao87_am15_2_m10_ao87_am10_3,87,10,SATISFIED,5.0253,199289001.0,29678.0
SAL-Ei-LM,bom_deep_7_3_15_5_No1_p50_ao87_am15_2_m10_ao87_am10_4,87,1,SATISFIED,5.0242,597395560.0,34009.0
SAL-Ei-LM,bom_deep_7_3_15_5_No1_p50_ao87_am15_2_m10_ao87_am10_4,87,2,SATISFIED,5.0242,595046721.0,39879.0
SAL-Ei-LM,bom_deep_7_3_15_5_No1_p50_ao87_am15_2_m10_ao87_am10_4,87,3,SATISFIED,5.0218,637653753.0,40227.0
SAL-Ei-LM,bom_deep_7_3_15_5_No1_p50_ao87_am15_2_m10_ao87_am10_4,87,4,SATISFIED,5.0237,591684504.0,41634.0
SAL-Ei-LM,bom_deep_7_3_15_5_No1_p50_ao87_am15_2_m10_ao87_am10_4,87,5,SATISFIED,5.0252,603568180.0,33306.0
SAL-Ei-LM,bom_deep_7_3_15_5_No1_p50_ao87_am15_2_m10_ao87_am10_4,87,6,SATISFIED,5.0227,631924188.0,41763.0
SAL-Ei-LM,bom_deep_7_3_15_5_No1_p50_ao87_am15_2_m10_ao87_am10_4,87,7,SATISFIED,5.0281,622325153.0,41403.0
SAL-Ei-LM,bom_deep_7_3_15_5_No1_p50_ao87_am15_2_m10_ao87_am10_4,87,8,SATISFIED,5.026,620146541.0,42129.0
SAL-Ei-LM,bom_deep_7_3_15_5_No1_p50_ao87_am15_2_m10_ao87_am10_4,87,9,SATISFIED,5.0242,605862300.0,41770.0
SAL-Ei-LM,bom_deep_7_3_15_5_No1_p50_ao87_am15_2_m10_ao87_am10_4,87,10,SATISFIED,5.0235,640321714.0,41639.0
SAL-Ei-LM,bom_deep_7_3_15_5_No1_p50_ao87_am15_2_m10_ao87_am10_5,87,1,SATISFIED,5.0239,915996568.0,42453.0
SAL-Ei-LM,bom_deep_7_3_15_5_No1_p50_ao87_am15_2_m10_ao87_am10_5,87,2,SATISFIED,5.0201,915916393.0,42489.0
SAL-Ei-LM,bom_deep_7_3_15_5_No1_p50_ao87_am15_2_m10_ao87_am10_5,87,3,SATISFIED,5.0207,915933168.0,42356.0
SAL-Ei-LM,bom_deep_7_3_15_5_No1_p50_ao87_am15_2_m10_ao87_am10_5,87,4,SATISFIED,5.0229,916119692.0,42327.0
SAL-Ei-LM,bom_deep_7_3_15_5_No1_p50_ao87_am15_2_m10_ao87_am10_5,87,5,SATISFIED,5.0264,916010102.0,42489.0
SAL-Ei-LM,bom_deep_7_3_15_5_No1_p50_ao87_am15_2_m10_ao87_am10_5,87,6,SATISFIED,5.0229,915945043.0,42012.0
SAL-Ei-LM,bom_deep_7_3_15_5_No1_p50_ao87_am15_2_m10_ao87_am10_5,87,7,SATISFIED,5.0268,916006793.0,33871.0
SAL-Ei-LM,bom_deep_7_3_15_5_No1_p50_ao87_am15_2_m10_ao87_am10_5,87,8,SATISFIED,5.0266,915938833.0,37539.0
SAL-Ei-LM,bom_deep_7_3_15_5_No1_p50_ao87_am15_2_m10_ao87_am10_5,87,9,SATISFIED,5.0233,915958857.0,41787.0
SAL-Ei-LM,bom_deep_7_3_15_5_No1_p50_ao87_am15_2_m10_ao87_am10_5,87,10,SATISFIED,5.0265,916157665.0,24530.0
SAL-Ei-LM,bom_deep_7_3_15_5_No1_p50_ao87_am15_2_m25_ao87_am21_4,87,1,SATISFIED,5.0264,605139490.0,32645.0
SAL-Ei-LM,bom_deep_7_3_15_5_No1_p50_ao87_am15_2_m25_ao87_am21_4,87,2,SATISFIED,5.0228,606232043.0,40493.0
SAL-Ei-LM,bom_deep_7_3_15_5_No1_p50_ao87_am15_2_m25_ao87_am21_4,87,3,SATISFIED,5.0261,605477102.0,32361.0
SAL-Ei-LM,bom_deep_7_3_15_5_No1_p50_ao87_am15_2_m25_ao87_am21_4,87,4,SATISFIED,5.0234,637279451.0,31828.0
SAL-Ei-LM,bom_deep_7_3_15_5_No1_p50_ao87_am15_2_m25_ao87_am21_4,87,5,SATISFIED,5.0237,604653915.0,37065.0
SAL-Ei-LM,bom_deep_7_3_15_5_No1_p50_ao87_am15_2_m25_ao87_am21_4,87,6,SATISFIED,5.0247,628725616.0,30418.0
SAL-Ei-LM,bom_deep_7_3_15_5_No1_p50_ao87_am15_2_m25_ao87_am21_4,87,7,SATISFIED,5.0272,638167494.0,32030.0
SAL-Ei-LM,bom_deep_7_3_15_5_No1_p50_ao87_am15_2_m25_ao87_am21_4,87,8,SATISFIED,5.0244,615833579.0,31866.0
SAL-Ei-LM,bom_deep_7_3_15_5_No1_p50_ao87_am15_2_m25_ao87_am21_4,87,9,SATISFIED,5.0215,606677885.0,32678.0
SAL-Ei-LM,bom_deep_7_3_15_5_No1_p50_ao87_am15_2_m25_ao87_am21_4,87,10,SATISFIED,5.0247,607326516.0,32635.0
SAL-Ei-LM,bom_deep_7_3_15_5_No1_p50_ao87_am15_2_m25_ao87_am22_2,87,1,SATISFIED,5.0233,457884273.0,30230.0
SAL-Ei-LM,bom_deep_7_3_15_5_No1_p50_ao87_am15_2_m25_ao87_am22_2,87,2,SATISFIED,5.0235,434842981.0,33758.0
SAL-Ei-LM,bom_deep_7_3_15_5_No1_p50_ao87_am15_2_m25_ao87_am22_2,87,3,SATISFIED,5.0223,461708448.0,39950.0
SAL-Ei-LM,bom_deep_7_3_15_5_No1_p50_ao87_am15_2_m25_ao87_am22_2,87,4,SATISFIED,5.0244,461343320.0,39821.0
SAL-Ei-LM,bom_deep_7_3_15_5_No1_p50_ao87_am15_2_m25_ao87_am22_2,87,5,SATISFIED,5.0232,427301439.0,38715.0
SAL-Ei-LM,bom_deep_7_3_15_5_No1_p50_ao87_am15_2_m25_ao87_am22_2,87,6,SATISFIED,5.0223,437016592.0,31967.0
SAL-Ei-LM,bom_deep_7_3_15_5_No1_p50_ao87_am15_2_m25_ao87_am22_2,87,7,SATISFIED,5.0212,428824179.0,38247.0
SAL-Ei-LM,bom_deep_7_3_15_5_No1_p50_ao87_am15_2_m25_ao87_am22_2,87,8,SATISFIED,5.0237,442174610.0,38209.0
SAL-Ei-LM,bom_deep_7_3_15_5_No1_p50_ao87_am15_2_m25_ao87_am22_2,87,9,SATISFIED,5.0216,419648045.0,31667.0
SAL-Ei-LM,bom_deep_7_3_15_5_No1_p50_ao87_am15_2_m25_ao87_am22_2,87,10,SATISFIED,5.0234,436593561.0,39196.0
SAL-Ei-LM,bom_deep_7_3_15_5_No1_p50_ao87_am15_2_m25_ao87_am23_3,87,1,SATISFIED,5.0241,373350095.0,38016.0
SAL-Ei-LM,bom_deep_7_3_15_5_No1_p50_ao87_am15_2_m25_ao87_am23_3,87,2,SATISFIED,5.025,375315434.0,30086.0
SAL-Ei-LM,bom_deep_7_3_15_5_No1_p50_ao87_am15_2_m25_ao87_am23_3,87,3,SATISFIED,5.0237,351353385.0,29840.0
SAL-Ei-LM,bom_deep_7_3_15_5_No1_p50_ao87_am15_2_m25_ao87_am23_3,87,4,SATISFIED,5.0255,379980064.0,37623.0
SAL-Ei-LM,bom_deep_7_3_15_5_No1_p50_ao87_am15_2_m25_ao87_am23_3,87,5,SATISFIED,5.0241,342457440.0,38285.0
SAL-Ei-LM,bom_deep_7_3_15_5_No1_p50_ao87_am15_2_m25_ao87_am23_3,87,6,SATISFIED,5.0244,369996635.0,38209.0
SAL-Ei-LM,bom_deep_7_3_15_5_No1_p50_ao87_am15_2_m25_ao87_am23_3,87,7,SATISFIED,5.0236,374896742.0,38940.0
SAL-Ei-LM,bom_deep_7_3_15_5_No1_p50_ao87_am15_2_m25_ao87_am23_3,87,8,SATISFIED,5.0227,351860560.0,30793.0
SAL-Ei-LM,bom_deep_7_3_15_5_No1_p50_ao87_am15_2_m25_ao87_am23_3,87,9,SATISFIED,5.0246,365403565.0,33227.0
SAL-Ei-LM,bom_deep_7_3_15_5_No1_p50_ao87_am15_2_m25_ao87_am23_3,87,10,SATISFIED,5.0275,334255310.0,25045.0
SAL-Ei-LM,bom_deep_7_3_15_5_No1_p50_ao87_am15_2_m25_ao87_am23_5,87,1,SATISFIED,5.0233,527046770.0,31238.0
SAL-Ei-LM,bom_deep_7_3_15_5_No1_p50_ao87_am15_2_m25_ao87_am23_5,87,2,SATISFIED,5.0231,522076626.0,30391.0
SAL-Ei-LM,bom_deep_7_3_15_5_No1_p50_ao87_am15_2_m25_ao87_am23_5,87,3,SATISFIED,5.0257,553570428.0,26068.0
SAL-Ei-LM,bom_deep_7_3_15_5_No1_p50_ao87_am15_2_m25_ao87_am23_5,87,4,SATISFIED,5.0263,505764420.0,31558.0
SAL-Ei-LM,bom_deep_7_3_15_5_No1_p50_ao87_am15_2_m25_ao87_am23_5,87,5,SATISFIED,5.0255,484997165.0,32286.0
SAL-Ei-LM,bom_deep_7_3_15_5_No1_p50_ao87_am15_2_m25_ao87_am23_5,87,6,SATISFIED,5.0246,508336663.0,30276.0
SAL-Ei-LM,bom_deep_7_3_15_5_No1_p50_ao87_am15_2_m25_ao87_am23_5,87,7,SATISFIED,5.0213,492060640.0,37868.0
SAL-Ei-LM,bom_deep_7_3_15_5_No1_p50_ao87_am15_2_m25_ao87_am23_5,87,8,SATISFIED,5.0212,502830500.0,38016.0
SAL-Ei-LM,bom_deep_7_3_15_5_No1_p50_ao87_am15_2_m25_ao87_am23_5,87,9,SATISFIED,5.0231,469864610.0,34172.0
SAL-Ei-LM,bom_deep_7_3_15_5_No1_p50_ao87_am15_2_m25_ao87_am23_5,87,10,SATISFIED,5.0249,514774268.0,27684.0
SAL-Ei-LM,bom_deep_7_3_15_5_No1_p50_ao87_am15_2_m25_ao87_am24_1,87,1,SATISFIED,5.0259,715928515.0,32151.0
SAL-Ei-LM,bom_deep_7_3_15_5_No1_p50_ao87_am15_2_m25_ao87_am24_1,87,2,SATISFIED,5.0228,722779810.0,32580.0
SAL-Ei-LM,bom_deep_7_3_15_5_No1_p50_ao87_am15_2_m25_ao87_am24_1,87,3,SATISFIED,5.0215,720460430.0,40118.0
SAL-Ei-LM,bom_deep_7_3_15_5_No1_p50_ao87_am15_2_m25_ao87_am24_1,87,4,SATISFIED,5.0256,723631515.0,41182.0
SAL-Ei-LM,bom_deep_7_3_15_5_No1_p50_ao87_am15_2_m25_ao87_am24_1,87,5,SATISFIED,5.0243,719141420.0,40130.0
SAL-Ei-LM,bom_deep_7_3_15_5_No1_p50_ao87_am15_2_m25_ao87_am24_1,87,6,SATISFIED,5.0276,717658820.0,31997.0
SAL-Ei-LM,bom_deep_7_3_15_5_No1_p50_ao87_am15_2_m25_ao87_am24_1,87,7,SATISFIED,5.0247,723548040.0,31432.0
SAL-Ei-LM,bom_deep_7_3_15_5_No1_p50_ao87_am15_2_m25_ao87_am24_1,87,8,SATISFIED,5.0244,719288715.0,31829.0
SAL-Ei-LM,bom_deep_7_3_15_5_No1_p50_ao87_am15_2_m25_ao87_am24_1,87,9,SATISFIED,5.0228,716256870.0,33427.0
SAL-Ei-LM,bom_deep_7_3_15_5_No1_p50_ao87_am15_2_m25_ao87_am24_1,87,10,SATISFIED,5.0261,719601908.0,31863.0
SAL-Ei-LM,bom_deep_7_3_15_5_No1_p50_ao87_am15_3,87,1,SATISFIED,5.0257,711418305.0,29473.0
SAL-Ei-LM,bom_deep_7_3_15_5_No1_p50_ao87_am15_3,87,2,SATISFIED,5.0226,725948735.0,36333.0
SAL-Ei-LM,bom_deep_7_3_15_5_No1_p50_ao87_am15_3,87,3,SATISFIED,5.0259,710656595.0,36079.0
SAL-Ei-LM,bom_deep_7_3_15_5_No1_p50_ao87_am15_3,87,4,SATISFIED,5.0282,724043995.0,28983.0
SAL-Ei-LM,bom_deep_7_3_15_5_No1_p50_ao87_am15_3,87,5,SATISFIED,5.0238,724518355.0,29361.0
SAL-Ei-LM,bom_deep_7_3_15_5_No1_p50_ao87_am15_3,87,6,SATISFIED,5.024,711197410.0,36880.0
SAL-Ei-LM,bom_deep_7_3_15_5_No1_p50_ao87_am15_3,87,7,SATISFIED,5.0254,722299645.0,36725.0
SAL-Ei-LM,bom_deep_7_3_15_5_No1_p50_ao87_am15_3,87,8,SATISFIED,5.026,713090835.0,24609.0
SAL-Ei-LM,bom_deep_7_3_15_5_No1_p50_ao87_am15_3,87,9,SATISFIED,5.0233,712049775.0,34954.0
SAL-Ei-LM,bom_deep_7_3_15_5_No1_p50_ao87_am15_3,87,10,SATISFIED,5.0263,712625500.0,24231.0
SAL-Ei-LM,bom_deep_7_3_15_5_No1_p50_ao87_am15_3_m10_ao87_am10_1,87,1,SATISFIED,5.0223,400574609.0,33659.0
SAL-Ei-LM,bom_deep_7_3_15_5_No1_p50_ao87_am15_3_m10_ao87_am10_1,87,2,SATISFIED,5.0223,400923110.0,42654.0
SAL-Ei-LM,bom_deep_7_3_15_5_No1_p50_ao87_am15_3_m10_ao87_am10_1,87,3,SATISFIED,5.0262,400597800.0,39251.0
SAL-Ei-LM,bom_deep_7_3_15_5_No1_p50_ao87_am15_3_m10_ao87_am10_1,87,4,SATISFIED,5.025,401083587.0,36020.0
SAL-Ei-LM,bom_deep_7_3_15_5_No1_p50_ao87_am15_3_m10_ao87_am10_1,87,5,SATISFIED,5.0238,400445636.0,42972.0
SAL-Ei-LM,bom_deep_7_3_15_5_No1_p50_ao87_am15_3_m10_ao87_am10_1,87,6,SATISFIED,5.0214,401661543.0,42932.0
SAL-Ei-LM,bom_deep_7_3_15_5_No1_p50_ao87_am15_3_m10_ao87_am10_1,87,7,SATISFIED,5.0224,400987463.0,43006.0
SAL-Ei-LM,bom_deep_7_3_15_5_No1_p50_ao87_am15_3_m10_ao87_am10_1,87,8,SATISFIED,5.0248,400112350.0,43444.0
SAL-Ei-LM,bom_deep_7_3_15_5_No1_p50_ao87_am15_3_m10_ao87_am10_1,87,9,SATISFIED,5.0231,401665490.0,43443.0
SAL-Ei-LM,bom_deep_7_3_15_5_No1_p50_ao87_am15_3_m10_ao87_am10_1,87,10,SATISFIED,5.0238,400062010.0,34385.0
SAL-Ei-LM,bom_deep_7_3_15_5_No1_p50_ao87_am15_3_m10_ao87_am10_2,87,1,SATISFIED,5.0259,145261119.0,42159.0
SAL-Ei-LM,bom_deep_7_3_15_5_No1_p50_ao87_am15_3_m10_ao87_am10_2,87,2,SATISFIED,5.0243,148711281.0,33473.0
SAL-Ei-LM,bom_deep_7_3_15_5_No1_p50_ao87_am15_3_m10_ao87_am10_2,87,3,SATISFIED,5.0257,155325932.0,29095.0
SAL-Ei-LM,bom_deep_7_3_15_5_No1_p50_ao87_am15_3_m10_ao87_am10_2,87,4,SATISFIED,5.0256,152154233.0,38833.0
SAL-Ei-LM,bom_deep_7_3_15_5_No1_p50_ao87_am15_3_m10_ao87_am10_2,87,5,SATISFIED,5.025,146653091.0,26057.0
SAL-Ei-LM,bom_deep_7_3_15_5_No1_p50_ao87_am15_3_m10_ao87_am10_2,87,6,SATISFIED,5.0258,145252171.0,34254.0
SAL-Ei-LM,bom_deep_7_3_15_5_No1_p50_ao87_am15_3_m10_ao87_am10_2,87,7,SATISFIED,5.0264,147164916.0,33501.0
SAL-Ei-LM,bom_deep_7_3_15_5_No1_p50_ao87_am15_3_m10_ao87_am10_2,87,8,SATISFIED,5.0241,146972159.0,33449.0
SAL-Ei-LM,bom_deep_7_3_15_5_No1_p50_ao87_am15_3_m10_ao87_am10_2,87,9,SATISFIED,5.0242,146797622.0,42463.0
SAL-Ei-LM,bom_deep_7_3_15_5_No1_p50_ao87_am15_3_m10_ao87_am10_2,87,10,SATISFIED,5.0248,145294996.0,42325.0
SAL-Ei-LM,bom_deep_7_3_15_5_No1_p50_ao87_am15_3_m10_ao87_am10_3,87,1,SATISFIED,5.0253,210169720.0,41638.0
SAL-Ei-LM,bom_deep_7_3_15_5_No1_p50_ao87_am15_3_m10_ao87_am10_3,87,2,SATISFIED,5.024,218725943.0,41297.0
SAL-Ei-LM,bom_deep_7_3_15_5_No1_p50_ao87_am15_3_m10_ao87_am10_3,87,3,SATISFIED,5.0265,201032896.0,41174.0
SAL-Ei-LM,bom_deep_7_3_15_5_No1_p50_ao87_am15_3_m10_ao87_am10_3,87,4,SATISFIED,5.0253,195468397.0,32766.0
SAL-Ei-LM,bom_deep_7_3_15_5_No1_p50_ao87_am15_3_m10_ao87_am10_3,87,5,SATISFIED,5.027,207118530.0,32977.0
SAL-Ei-LM,bom_deep_7_3_15_5_No1_p50_ao87_am15_3_m10_ao87_am10_3,87,6,SATISFIED,5.0234,206594275.0,40568.0
SAL-Ei-LM,bom_deep_7_3_15_5_No1_p50_ao87_am15_3_m10_ao87_am10_3,87,7,SATISFIED,5.0249,211416215.0,41145.0
SAL-Ei-LM,bom_deep_7_3_15_5_No1_p50_ao87_am15_3_m10_ao87_am10_3,87,8,SATISFIED,5.0267,204457887.0,24948.0
SAL-Ei-LM,bom_deep_7_3_15_5_No1_p50_ao87_am15_3_m10_ao87_am10_3,87,9,SATISFIED,5.0264,201815610.0,32860.0
SAL-Ei-LM,bom_deep_7_3_15_5_No1_p50_ao87_am15_3_m10_ao87_am10_3,87,10,SATISFIED,5.022,202973966.0,32635.0
SAL-Ei-LM,bom_deep_7_3_15_5_No1_p50_ao87_am15_3_m10_ao87_am10_4,87,1,SATISFIED,5.024,246117812.0,31447.0
SAL-Ei-LM,bom_deep_7_3_15_5_No1_p50_ao87_am15_3_m10_ao87_am10_4,87,2,SATISFIED,5.0237,243975093.0,39778.0
SAL-Ei-LM,bom_deep_7_3_15_5_No1_p50_ao87_am15_3_m10_ao87_am10_4,87,3,SATISFIED,5.0212,263689780.0,40272.0
SAL-Ei-LM,bom_deep_7_3_15_5_No1_p50_ao87_am15_3_m10_ao87_am10_4,87,4,SATISFIED,5.0228,258777268.0,40355.0
SAL-Ei-LM,bom_deep_7_3_15_5_No1_p50_ao87_am15_3_m10_ao87_am10_4,87,5,SATISFIED,5.0236,265788219.0,40195.0
SAL-Ei-LM,bom_deep_7_3_15_5_No1_p50_ao87_am15_3_m10_ao87_am10_4,87,6,SATISFIED,5.0232,252397475.0,40299.0
SAL-Ei-LM,bom_deep_7_3_15_5_No1_p50_ao87_am15_3_m10_ao87_am10_4,87,7,SATISFIED,5.0231,265787760.0,40392.0
SAL-Ei-LM,bom_deep_7_3_15_5_No1_p50_ao87_am15_3_m10_ao87_am10_4,87,8,SATISFIED,5.02,267034221.0,40464.0
SAL-Ei-LM,bom_deep_7_3_15_5_No1_p50_ao87_am15_3_m10_ao87_am10_4,87,9,SATISFIED,5.0218,251179685.0,39922.0
SAL-Ei-LM,bom_deep_7_3_15_5_No1_p50_ao87_am15_3_m10_ao87_am10_4,87,10,SATISFIED,5.0236,260155696.0,40243.0
SAL-Ei-LM,bom_deep_7_3_15_5_No1_p50_ao87_am15_3_m10_ao87_am10_5,87,1,SATISFIED,5.0211,170669376.0,39171.0
SAL-Ei-LM,bom_deep_7_3_15_5_No1_p50_ao87_am15_3_m10_ao87_am10_5,87,2,SATISFIED,5.0262,170668746.0,31893.0
SAL-Ei-LM,bom_deep_7_3_15_5_No1_p50_ao87_am15_3_m10_ao87_am10_5,87,3,SATISFIED,5.0263,169690232.0,31603.0
SAL-Ei-LM,bom_deep_7_3_15_5_No1_p50_ao87_am15_3_m10_ao87_am10_5,87,4,SATISFIED,5.026,170426965.0,39399.0
SAL-Ei-LM,bom_deep_7_3_15_5_No1_p50_ao87_am15_3_m10_ao87_am10_5,87,5,SATISFIED,5.0258,170667933.0,39078.0
SAL-Ei-LM,bom_deep_7_3_15_5_No1_p50_ao87_am15_3_m10_ao87_am10_5,87,6,SATISFIED,5.025,170667417.0,31282.0
SAL-Ei-LM,bom_deep_7_3_15_5_No1_p50_ao87_am15_3_m10_ao87_am10_5,87,7,SATISFIED,5.0234,170669064.0,31941.0
SAL-Ei-LM,bom_deep_7_3_15_5_No1_p50_ao87_am15_3_m10_ao87_am10_5,87,8,SATISFIED,5.0243,170665908.0,31500.0
SAL-Ei-LM,bom_deep_7_3_15_5_No1_p50_ao87_am15_3_m10_ao87_am10_5,87,9,SATISFIED,5.0233,175562507.0,31781.0
SAL-Ei-LM,bom_deep_7_3_15_5_No1_p50_ao87_am15_3_m10_ao87_am10_5,87,10,SATISFIED,5.0251,170671105.0,39265.0
SAL-Ei-LM,bom_deep_7_3_15_5_No1_p50_ao87_am15_3_m25_ao87_am22_1,87,1,SATISFIED,5.0265,385238440.0,40320.0
SAL-Ei-LM,bom_deep_7_3_15_5_No1_p50_ao87_am15_3_m25_ao87_am22_1,87,2,SATISFIED,5.0248,383629255.0,40826.0
SAL-Ei-LM,bom_deep_7_3_15_5_No1_p50_ao87_am15_3_m25_ao87_am22_1,87,3,SATISFIED,5.0238,385679735.0,39618.0
SAL-Ei-LM,bom_deep_7_3_15_5_No1_p50_ao87_am15_3_m25_ao87_am22_1,87,4,SATISFIED,5.0271,384990085.0,40393.0
SAL-Ei-LM,bom_deep_7_3_15_5_No1_p50_ao87_am15_3_m25_ao87_am22_1,87,5,SATISFIED,5.0258,385975485.0,40285.0
SAL-Ei-LM,bom_deep_7_3_15_5_No1_p50_ao87_am15_3_m25_ao87_am22_1,87,6,SATISFIED,5.0248,382808890.0,32996.0
SAL-Ei-LM,bom_deep_7_3_15_5_No1_p50_ao87_am15_3_m25_ao87_am22_1,87,7,SATISFIED,5.0251,385595720.0,32138.0
SAL-Ei-LM,bom_deep_7_3_15_5_No1_p50_ao87_am15_3_m25_ao87_am22_1,87,8,SATISFIED,5.025,384994500.0,40678.0
SAL-Ei-LM,bom_deep_7_3_15_5_No1_p50_ao87_am15_3_m25_ao87_am22_1,87,9,SATISFIED,5.0237,385657555.0,32944.0
SAL-Ei-LM,bom_deep_7_3_15_5_No1_p50_ao87_am15_3_m25_ao87_am22_1,87,10,SATISFIED,5.0274,382118020.0,38221.0
SAL-Ei-LM,bom_deep_7_3_15_5_No1_p50_ao87_am15_3_m25_ao87_am22_2,87,1,SATISFIED,5.0245,316051160.0,25442.0
SAL-Ei-LM,bom_deep_7_3_15_5_No1_p50_ao87_am15_3_m25_ao87_am22_2,87,2,SATISFIED,5.0257,315278870.0,32780.0
SAL-Ei-LM,bom_deep_7_3_15_5_No1_p50_ao87_am15_3_m25_ao87_am22_2,87,3,SATISFIED,5.0241,315802975.0,26637.0
SAL-Ei-LM,bom_deep_7_3_15_5_No1_p50_ao87_am15_3_m25_ao87_am22_2,87,4,SATISFIED,5.0239,315103370.0,30025.0
SAL-Ei-LM,bom_deep_7_3_15_5_No1_p50_ao87_am15_3_m25_ao87_am22_2,87,5,SATISFIED,5.0268,316043655.0,26056.0
SAL-Ei-LM,bom_deep_7_3_15_5_No1_p50_ao87_am15_3_m25_ao87_am22_2,87,6,SATISFIED,5.0307,314836080.0,30369.0
SAL-Ei-LM,bom_deep_7_3_15_5_No1_p50_ao87_am15_3_m25_ao87_am22_2,87,7,SATISFIED,5.0282,315391205.0,26477.0
SAL-Ei-LM,bom_deep_7_3_15_5_No1_p50_ao87_am15_3_m25_ao87_am22_2,87,8,SATISFIED,5.0261,314508475.0,33027.0
SAL-Ei-LM,bom_deep_7_3_15_5_No1_p50_ao87_am15_3_m25_ao87_am22_2,87,9,SATISFIED,5.0251,315965970.0,40008.0
SAL-Ei-LM,bom_deep_7_3_15_5_No1_p50_ao87_am15_3_m25_ao87_am22_2,87,10,SATISFIED,5.0224,315876810.0,40569.0
SAL-Ei-LM,bom_deep_7_3_15_5_No1_p50_ao87_am15_3_m25_ao87_am22_3,87,1,SATISFIED,5.0243,69274899.0,35608.0
SAL-Ei-LM,bom_deep_7_3_15_5_No1_p50_ao87_am15_3_m25_ao87_am22_3,87,2,SATISFIED,5.0278,70522909.0,26738.0
SAL-Ei-LM,bom_deep_7_3_15_5_No1_p50_ao87_am15_3_m25_ao87_am22_3,87,3,SATISFIED,5.0279,76050397.0,37857.0
SAL-Ei-LM,bom_deep_7_3_15_5_No1_p50_ao87_am15_3_m25_ao87_am22_3,87,4,SATISFIED,5.0256,68765865.0,38379.0
SAL-Ei-LM,bom_deep_7_3_15_5_No1_p50_ao87_am15_3_m25_ao87_am22_3,87,5,SATISFIED,5.0252,71616357.0,38583.0
SAL-Ei-LM,bom_deep_7_3_15_5_No1_p50_ao87_am15_3_m25_ao87_am22_3,87,6,SATISFIED,5.0258,69253621.0,38020.0
SAL-Ei-LM,bom_deep_7_3_15_5_No1_p50_ao87_am15_3_m25_ao87_am22_3,87,7,SATISFIED,5.023,68963949.0,30352.0
SAL-Ei-LM,bom_deep_7_3_15_5_No1_p50_ao87_am15_3_m25_ao87_am22_3,87,8,SATISFIED,5.025,68387982.0,37861.0
SAL-Ei-LM,bom_deep_7_3_15_5_No1_p50_ao87_am15_3_m25_ao87_am22_3,87,9,SATISFIED,5.0258,72591116.0,31656.0
SAL-Ei-LM,bom_deep_7_3_15_5_No1_p50_ao87_am15_3_m25_ao87_am22_3,87,10,SATISFIED,5.027,69133800.0,31225.0
SAL-Ei-LM,bom_deep_7_3_15_5_No1_p50_ao87_am15_3_m25_ao87_am22_4,87,1,SATISFIED,5.0254,233647961.0,30297.0
SAL-Ei-LM,bom_deep_7_3_15_5_No1_p50_ao87_am15_3_m25_ao87_am22_4,87,2,SATISFIED,5.0235,219657440.0,38754.0
SAL-Ei-LM,bom_deep_7_3_15_5_No1_p50_ao87_am15_3_m25_ao87_am22_4,87,3,SATISFIED,5.025,203165486.0,38738.0
SAL-Ei-LM,bom_deep_7_3_15_5_No1_p50_ao87_am15_3_m25_ao87_am22_4,87,4,SATISFIED,5.0248,221701515.0,38383.0
SAL-Ei-LM,bom_deep_7_3_15_5_No1_p50_ao87_am15_3_m25_ao87_am22_4,87,5,SATISFIED,5.0246,202574345.0,39598.0
SAL-Ei-LM,bom_deep_7_3_15_5_No1_p50_ao87_am15_3_m25_ao87_am22_4,87,6,SATISFIED,5.0234,227093087.0,38380.0
SAL-Ei-LM,bom_deep_7_3_15_5_No1_p50_ao87_am15_3_m25_ao87_am22_4,87,7,SATISFIED,5.0246,207262482.0,37785.0
SAL-Ei-LM,bom_deep_7_3_15_5_No1_p50_ao87_am15_3_m25_ao87_am22_4,87,8,SATISFIED,5.0228,201979243.0,30651.0
SAL-Ei-LM,bom_deep_7_3_15_5_No1_p50_ao87_am15_3_m25_ao87_am22_4,87,9,SATISFIED,5.0228,219209544.0,31537.0
SAL-Ei-LM,bom_deep_7_3_15_5_No1_p50_ao87_am15_3_m25_ao87_am22_4,87,10,SATISFIED,5.0234,213095837.0,39270.0
SAL-Ei-LM,bom_deep_7_3_15_5_No1_p50_ao87_am15_3_m25_ao87_am24_5,87,1,SATISFIED,5.0256,158409775.0,30674.0
SAL-Ei-LM,bom_deep_7_3_15_5_No1_p50_ao87_am15_3_m25_ao87_am24_5,87,2,SATISFIED,5.0231,158803180.0,30882.0
SAL-Ei-LM,bom_deep_7_3_15_5_No1_p50_ao87_am15_3_m25_ao87_am24_5,87,3,SATISFIED,5.0255,158669400.0,37900.0
SAL-Ei-LM,bom_deep_7_3_15_5_No1_p50_ao87_am15_3_m25_ao87_am24_5,87,4,SATISFIED,5.0248,158848790.0,31536.0
SAL-Ei-LM,bom_deep_7_3_15_5_No1_p50_ao87_am15_3_m25_ao87_am24_5,87,5,SATISFIED,5.0241,158743865.0,38905.0
SAL-Ei-LM,bom_deep_7_3_15_5_No1_p50_ao87_am15_3_m25_ao87_am24_5,87,6,SATISFIED,5.0222,158302095.0,31320.0
SAL-Ei-LM,bom_deep_7_3_15_5_No1_p50_ao87_am15_3_m25_ao87_am24_5,87,7,SATISFIED,5.0235,158563955.0,30444.0
SAL-Ei-LM,bom_deep_7_3_15_5_No1_p50_ao87_am15_3_m25_ao87_am24_5,87,8,SATISFIED,5.0262,158331730.0,30793.0
SAL-Ei-LM,bom_deep_7_3_15_5_No1_p50_ao87_am15_3_m25_ao87_am24_5,87,9,SATISFIED,5.0243,158897119.0,31745.0
SAL-Ei-LM,bom_deep_7_3_15_5_No1_p50_ao87_am15_3_m25_ao87_am24_5,87,10,SATISFIED,5.0258,159021253.0,29138.0
SAL-Ei-LM,bom_deep_7_3_15_5_No1_p50_ao87_am15_4,87,1,SATISFIED,5.0227,395033350.0,28956.0
SAL-Ei-LM,bom_deep_7_3_15_5_No1_p50_ao87_am15_4,87,2,SATISFIED,5.0228,394567685.0,28504.0
SAL-Ei-LM,bom_deep_7_3_15_5_No1_p50_ao87_am15_4,87,3,SATISFIED,5.0251,395166865.0,29766.0
SAL-Ei-LM,bom_deep_7_3_15_5_No1_p50_ao87_am15_4,87,4,SATISFIED,5.0216,394847365.0,36955.0
SAL-Ei-LM,bom_deep_7_3_15_5_No1_p50_ao87_am15_4,87,5,SATISFIED,5.0223,392556370.0,37121.0
SAL-Ei-LM,bom_deep_7_3_15_5_No1_p50_ao87_am15_4,87,6,SATISFIED,5.0225,393863865.0,36666.0
SAL-Ei-LM,bom_deep_7_3_15_5_No1_p50_ao87_am15_4,87,7,SATISFIED,5.0247,394286450.0,36895.0
SAL-Ei-LM,bom_deep_7_3_15_5_No1_p50_ao87_am15_4,87,8,SATISFIED,5.0225,395766680.0,36756.0
SAL-Ei-LM,bom_deep_7_3_15_5_No1_p50_ao87_am15_4,87,9,SATISFIED,5.0255,394905720.0,36809.0
SAL-Ei-LM,bom_deep_7_3_15_5_No1_p50_ao87_am15_4,87,10,SATISFIED,5.0233,394649910.0,36512.0
SAL-Ei-LM,bom_deep_7_3_15_5_No1_p50_ao87_am15_4_m10_ao87_am10_1,87,1,SATISFIED,5.0232,236467463.0,41531.0
SAL-Ei-LM,bom_deep_7_3_15_5_No1_p50_ao87_am15_4_m10_ao87_am10_1,87,2,SATISFIED,5.0244,234338985.0,41630.0
SAL-Ei-LM,bom_deep_7_3_15_5_No1_p50_ao87_am15_4_m10_ao87_am10_1,87,3,SATISFIED,5.0247,225488263.0,41466.0
SAL-Ei-LM,bom_deep_7_3_15_5_No1_p50_ao87_am15_4_m10_ao87_am10_1,87,4,SATISFIED,5.0249,230421975.0,41569.0
SAL-Ei-LM,bom_deep_7_3_15_5_No1_p50_ao87_am15_4_m10_ao87_am10_1,87,5,SATISFIED,5.0243,215651690.0,41365.0
SAL-Ei-LM,bom_deep_7_3_15_5_No1_p50_ao87_am15_4_m10_ao87_am10_1,87,6,SATISFIED,5.0236,233704224.0,41293.0
SAL-Ei-LM,bom_deep_7_3_15_5_No1_p50_ao87_am15_4_m10_ao87_am10_1,87,7,SATISFIED,5.0223,229823311.0,41433.0
SAL-Ei-LM,bom_deep_7_3_15_5_No1_p50_ao87_am15_4_m10_ao87_am10_1,87,8,SATISFIED,5.0221,217253475.0,40661.0
SAL-Ei-LM,bom_deep_7_3_15_5_No1_p50_ao87_am15_4_m10_ao87_am10_1,87,9,SATISFIED,5.0235,244292935.0,41242.0
SAL-Ei-LM,bom_deep_7_3_15_5_No1_p50_ao87_am15_4_m10_ao87_am10_1,87,10,SATISFIED,5.0235,221786450.0,32483.0
SAL-Ei-LM,bom_deep_7_3_15_5_No1_p50_ao87_am15_4_m10_ao87_am10_2,87,1,SATISFIED,5.0246,364915021.0,33237.0
SAL-Ei-LM,bom_deep_7_3_15_5_No1_p50_ao87_am15_4_m10_ao87_am10_2,87,2,SATISFIED,5.0238,358435495.0,41009.0
SAL-Ei-LM,bom_deep_7_3_15_5_No1_p50_ao87_am15_4_m10_ao87_am10_2,87,3,SATISFIED,5.0235,360371309.0,41325.0
SAL-Ei-LM,bom_deep_7_3_15_5_No1_p50_ao87_am15_4_m10_ao87_am10_2,87,4,SATISFIED,5.0246,363918421.0,40927.0
SAL-Ei-LM,bom_deep_7_3_15_5_No1_p50_ao87_am15_4_m10_ao87_am10_2,87,5,SATISFIED,5.0235,356199592.0,41223.0
SAL-Ei-LM,bom_deep_7_3_15_5_No1_p50_ao87_am15_4_m10_ao87_am10_2,87,6,SATISFIED,5.027,363753304.0,35007.0
SAL-Ei-LM,bom_deep_7_3_15_5_No1_p50_ao87_am15_4_m10_ao87_am10_2,87,7,SATISFIED,5.0229,370826994.0,38539.0
SAL-Ei-LM,bom_deep_7_3_15_5_No1_p50_ao87_am15_4_m10_ao87_am10_2,87,8,SATISFIED,5.0202,337690872.0,39675.0
SAL-Ei-LM,bom_deep_7_3_15_5_No1_p50_ao87_am15_4_m10_ao87_am10_2,87,9,SATISFIED,5.0219,386005612.0,40503.0
SAL-Ei-LM,bom_deep_7_3_15_5_No1_p50_ao87_am15_4_m10_ao87_am10_2,87,10,SATISFIED,5.0253,358355020.0,40972.0
SAL-Ei-LM,bom_deep_7_3_15_5_No1_p50_ao87_am15_4_m10_ao87_am10_3,87,1,SATISFIED,5.0248,299680547.0,33789.0
SAL-Ei-LM,bom_deep_7_3_15_5_No1_p50_ao87_am15_4_m10_ao87_am10_3,87,2,SATISFIED,5.0232,288959114.0,28724.0
SAL-Ei-LM,bom_deep_7_3_15_5_No1_p50_ao87_am15_4_m10_ao87_am10_3,87,3,SATISFIED,5.026,287060025.0,31654.0
SAL-Ei-LM,bom_deep_7_3_15_5_No1_p50_ao87_am15_4_m10_ao87_am10_3,87,4,SATISFIED,5.0259,286758550.0,29825.0
SAL-Ei-LM,bom_deep_7_3_15_5_No1_p50_ao87_am15_4_m10_ao87_am10_3,87,5,SATISFIED,5.0254,304394923.0,32122.0
SAL-Ei-LM,bom_deep_7_3_15_5_No1_p50_ao87_am15_4_m10_ao87_am10_3,87,6,SATISFIED,5.0259,290888344.0,30585.0
SAL-Ei-LM,bom_deep_7_3_15_5_No1_p50_ao87_am15_4_m10_ao87_am10_3,87,7,SATISFIED,5.0249,286704820.0,30855.0
SAL-Ei-LM,bom_deep_7_3_15_5_No1_p50_ao87_am15_4_m10_ao87_am10_3,87,8,SATISFIED,5.0234,310373258.0,31289.0
SAL-Ei-LM,bom_deep_7_3_15_5_No1_p50_ao87_am15_4_m10_ao87_am10_3,87,9,SATISFIED,5.0225,307289658.0,29926.0
SAL-Ei-LM,bom_deep_7_3_15_5_No1_p50_ao87_am15_4_m10_ao87_am10_3,87,10,SATISFIED,5.0219,283517713.0,32085.0
SAL-Ei-LM,bom_deep_7_3_15_5_No1_p50_ao87_am15_4_m10_ao87_am10_4,87,1,SATISFIED,5.0234,253688226.0,37062.0
SAL-Ei-LM,bom_deep_7_3_15_5_No1_p50_ao87_am15_4_m10_ao87_am10_4,87,2,SATISFIED,5.0263,253888634.0,41254.0
SAL-Ei-LM,bom_deep_7_3_15_5_No1_p50_ao87_am15_4_m10_ao87_am10_4,87,3,SATISFIED,5.0249,256046792.0,41031.0
SAL-Ei-LM,bom_deep_7_3_15_5_No1_p50_ao87_am15_4_m10_ao87_am10_4,87,4,SATISFIED,5.026,255522720.0,32346.0
SAL-Ei-LM,bom_deep_7_3_15_5_No1_p50_ao87_am15_4_m10_ao87_am10_4,87,5,SATISFIED,5.0254,256209762.0,26242.0
SAL-Ei-LM,bom_deep_7_3_15_5_No1_p50_ao87_am15_4_m10_ao87_am10_4,87,6,SATISFIED,5.0295,255540044.0,32671.0
SAL-Ei-LM,bom_deep_7_3_15_5_No1_p50_ao87_am15_4_m10_ao87_am10_4,87,7,SATISFIED,5.0217,253849955.0,25108.0
SAL-Ei-LM,bom_deep_7_3_15_5_No1_p50_ao87_am15_4_m10_ao87_am10_4,87,8,SATISFIED,5.0242,253916476.0,33430.0
SAL-Ei-LM,bom_deep_7_3_15_5_No1_p50_ao87_am15_4_m10_ao87_am10_4,87,9,SATISFIED,5.0245,256123608.0,27958.0
SAL-Ei-LM,bom_deep_7_3_15_5_No1_p50_ao87_am15_4_m10_ao87_am10_4,87,10,SATISFIED,5.0242,254169299.0,32600.0
SAL-Ei-LM,bom_deep_7_3_15_5_No1_p50_ao87_am15_4_m10_ao87_am10_5,87,1,SATISFIED,5.025,529787480.0,32633.0
SAL-Ei-LM,bom_deep_7_3_15_5_No1_p50_ao87_am15_4_m10_ao87_am10_5,87,2,SATISFIED,5.0245,529533460.0,40367.0
SAL-Ei-LM,bom_deep_7_3_15_5_No1_p50_ao87_am15_4_m10_ao87_am10_5,87,3,SATISFIED,5.0228,527438035.0,41056.0
SAL-Ei-LM,bom_deep_7_3_15_5_No1_p50_ao87_am15_4_m10_ao87_am10_5,87,4,SATISFIED,5.023,532066925.0,35533.0
SAL-Ei-LM,bom_deep_7_3_15_5_No1_p50_ao87_am15_4_m10_ao87_am10_5,87,5,SATISFIED,5.0211,529973840.0,37830.0
SAL-Ei-LM,bom_deep_7_3_15_5_No1_p50_ao87_am15_4_m10_ao87_am10_5,87,6,SATISFIED,5.0224,535689870.0,33370.0
SAL-Ei-LM,bom_deep_7_3_15_5_No1_p50_ao87_am15_4_m10_ao87_am10_5,87,7,SATISFIED,5.0254,531435537.0,33196.0
SAL-Ei-LM,bom_deep_7_3_15_5_No1_p50_ao87_am15_4_m10_ao87_am10_5,87,8,SATISFIED,5.0201,532707629.0,40739.0
SAL-Ei-LM,bom_deep_7_3_15_5_No1_p50_ao87_am15_4_m10_ao87_am10_5,87,9,SATISFIED,5.0263,531829992.0,40746.0
SAL-Ei-LM,bom_deep_7_3_15_5_No1_p50_ao87_am15_4_m10_ao87_am10_5,87,10,SATISFIED,5.0254,536641434.0,39813.0
SAL-Ei-LM,bom_deep_7_3_15_5_No1_p50_ao87_am15_4_m25_ao87_am19_4,87,1,SATISFIED,5.0234,440708406.0,41898.0
SAL-Ei-LM,bom_deep_7_3_15_5_No1_p50_ao87_am15_4_m25_ao87_am19_4,87,2,SATISFIED,5.0267,412258248.0,41508.0
SAL-Ei-LM,bom_deep_7_3_15_5_No1_p50_ao87_am15_4_m25_ao87_am19_4,87,3,SATISFIED,5.03,416170816.0,31592.0
SAL-Ei-LM,bom_deep_7_3_15_5_No1_p50_ao87_am15_4_m25_ao87_am19_4,87,4,SATISFIED,5.031,411257507.0,32306.0
SAL-Ei-LM,bom_deep_7_3_15_5_No1_p50_ao87_am15_4_m25_ao87_am19_4,87,5,SATISFIED,5.0299,426362318.0,28960.0
SAL-Ei-LM,bom_deep_7_3_15_5_No1_p50_ao87_am15_4_m25_ao87_am19_4,87,6,SATISFIED,5.0289,415587225.0,33884.0
SAL-Ei-LM,bom_deep_7_3_15_5_No1_p50_ao87_am15_4_m25_ao87_am19_4,87,7,SATISFIED,5.0265,418406297.0,26477.0
SAL-Ei-LM,bom_deep_7_3_15_5_No1_p50_ao87_am15_4_m25_ao87_am19_4,87,8,SATISFIED,5.024,431972993.0,34048.0
SAL-Ei-LM,bom_deep_7_3_15_5_No1_p50_ao87_am15_4_m25_ao87_am19_4,87,9,SATISFIED,5.0242,394757310.0,42016.0
SAL-Ei-LM,bom_deep_7_3_15_5_No1_p50_ao87_am15_4_m25_ao87_am19_4,87,10,SATISFIED,5.0211,396118672.0,42225.0
SAL-Ei-LM,bom_deep_7_3_15_5_No1_p50_ao87_am15_4_m25_ao87_am20_1,87,1,SATISFIED,5.0211,215781730.0,40389.0
SAL-Ei-LM,bom_deep_7_3_15_5_No1_p50_ao87_am15_4_m25_ao87_am20_1,87,2,SATISFIED,5.0248,217456747.0,31764.0
SAL-Ei-LM,bom_deep_7_3_15_5_No1_p50_ao87_am15_4_m25_ao87_am20_1,87,3,SATISFIED,5.0251,220006714.0,31208.0
SAL-Ei-LM,bom_deep_7_3_15_5_No1_p50_ao87_am15_4_m25_ao87_am20_1,87,4,SATISFIED,5.0255,217657466.0,39178.0
SAL-Ei-LM,bom_deep_7_3_15_5_No1_p50_ao87_am15_4_m25_ao87_am20_1,87,5,SATISFIED,5.0237,218174042.0,38767.0
SAL-Ei-LM,bom_deep_7_3_15_5_No1_p50_ao87_am15_4_m25_ao87_am20_1,87,6,SATISFIED,5.0235,221672820.0,39584.0
SAL-Ei-LM,bom_deep_7_3_15_5_No1_p50_ao87_am15_4_m25_ao87_am20_1,87,7,SATISFIED,5.0282,217717490.0,26562.0
SAL-Ei-LM,bom_deep_7_3_15_5_No1_p50_ao87_am15_4_m25_ao87_am20_1,87,8,SATISFIED,5.0246,210683815.0,31138.0
SAL-Ei-LM,bom_deep_7_3_15_5_No1_p50_ao87_am15_4_m25_ao87_am20_1,87,9,SATISFIED,5.0229,232987700.0,38988.0
SAL-Ei-LM,bom_deep_7_3_15_5_No1_p50_ao87_am15_4_m25_ao87_am20_1,87,10,SATISFIED,5.0238,219051720.0,40230.0
SAL-Ei-LM,bom_deep_7_3_15_5_No1_p50_ao87_am15_4_m25_ao87_am20_3,87,1,SATISFIED,5.0239,169919639.0,23472.0
SAL-Ei-LM,bom_deep_7_3_15_5_No1_p50_ao87_am15_4_m25_ao87_am20_3,87,2,SATISFIED,5.0264,170807740.0,20577.0
SAL-Ei-LM,bom_deep_7_3_15_5_No1_p50_ao87_am15_4_m25_ao87_am20_3,87,3,SATISFIED,5.0269,169565260.0,30565.0
SAL-Ei-LM,bom_deep_7_3_15_5_No1_p50_ao87_am15_4_m25_ao87_am20_3,87,4,SATISFIED,5.0221,168541485.0,37884.0
SAL-Ei-LM,bom_deep_7_3_15_5_No1_p50_ao87_am15_4_m25_ao87_am20_3,87,5,SATISFIED,5.0231,169401675.0,37889.0
SAL-Ei-LM,bom_deep_7_3_15_5_No1_p50_ao87_am15_4_m25_ao87_am20_3,87,6,SATISFIED,5.0269,168530611.0,30414.0
SAL-Ei-LM,bom_deep_7_3_15_5_No1_p50_ao87_am15_4_m25_ao87_am20_3,87,7,SATISFIED,5.0262,170794380.0,30815.0
SAL-Ei-LM,bom_deep_7_3_15_5_No1_p50_ao87_am15_4_m25_ao87_am20_3,87,8,SATISFIED,5.0224,168588390.0,31660.0
SAL-Ei-LM,bom_deep_7_3_15_5_No1_p50_ao87_am15_4_m25_ao87_am20_3,87,9,SATISFIED,5.0235,170531791.0,30692.0
SAL-Ei-LM,bom_deep_7_3_15_5_No1_p50_ao87_am15_4_m25_ao87_am20_3,87,10,SATISFIED,5.0239,168972449.0,30944.0
SAL-Ei-LM,bom_deep_7_3_15_5_No1_p50_ao87_am15_4_m25_ao87_am22_2,87,1,SATISFIED,5.024,254936997.0,41202.0
SAL-Ei-LM,bom_deep_7_3_15_5_No1_p50_ao87_am15_4_m25_ao87_am22_2,87,2,SATISFIED,5.0235,244454960.0,40810.0
SAL-Ei-LM,bom_deep_7_3_15_5_No1_p50_ao87_am15_4_m25_ao87_am22_2,87,3,SATISFIED,5.0257,247210860.0,40477.0
SAL-Ei-LM,bom_deep_7_3_15_5_No1_p50_ao87_am15_4_m25_ao87_am22_2,87,4,SATISFIED,5.0273,254228248.0,32285.0
SAL-Ei-LM,bom_deep_7_3_15_5_No1_p50_ao87_am15_4_m25_ao87_am22_2,87,5,SATISFIED,5.0256,254552990.0,41241.0
SAL-Ei-LM,bom_deep_7_3_15_5_No1_p50_ao87_am15_4_m25_ao87_am22_2,87,6,SATISFIED,5.0257,255656275.0,40838.0
SAL-Ei-LM,bom_deep_7_3_15_5_No1_p50_ao87_am15_4_m25_ao87_am22_2,87,7,SATISFIED,5.0245,252188889.0,33060.0
SAL-Ei-LM,bom_deep_7_3_15_5_No1_p50_ao87_am15_4_m25_ao87_am22_2,87,8,SATISFIED,5.0242,255003990.0,33194.0
SAL-Ei-LM,bom_deep_7_3_15_5_No1_p50_ao87_am15_4_m25_ao87_am22_2,87,9,SATISFIED,5.0221,244469738.0,32401.0
SAL-Ei-LM,bom_deep_7_3_15_5_No1_p50_ao87_am15_4_m25_ao87_am22_2,87,10,SATISFIED,5.021,256212140.0,39423.0
SAL-Ei-LM,bom_deep_7_3_15_5_No1_p50_ao87_am15_4_m25_ao87_am22_5,87,1,SATISFIED,5.0214,252947205.0,39678.0
SAL-Ei-LM,bom_deep_7_3_15_5_No1_p50_ao87_am15_4_m25_ao87_am22_5,87,2,SATISFIED,5.0223,253727010.0,39800.0
SAL-Ei-LM,bom_deep_7_3_15_5_No1_p50_ao87_am15_4_m25_ao87_am22_5,87,3,SATISFIED,5.0239,253496505.0,40191.0
SAL-Ei-LM,bom_deep_7_3_15_5_No1_p50_ao87_am15_4_m25_ao87_am22_5,87,4,SATISFIED,5.0256,253328757.0,37211.0
SAL-Ei-LM,bom_deep_7_3_15_5_No1_p50_ao87_am15_4_m25_ao87_am22_5,87,5,SATISFIED,5.0258,253160847.0,34743.0
SAL-Ei-LM,bom_deep_7_3_15_5_No1_p50_ao87_am15_4_m25_ao87_am22_5,87,6,SATISFIED,5.0236,254022250.0,40011.0
SAL-Ei-LM,bom_deep_7_3_15_5_No1_p50_ao87_am15_4_m25_ao87_am22_5,87,7,SATISFIED,5.0253,253272700.0,40118.0
SAL-Ei-LM,bom_deep_7_3_15_5_No1_p50_ao87_am15_4_m25_ao87_am22_5,87,8,SATISFIED,5.0242,253520170.0,32257.0
SAL-Ei-LM,bom_deep_7_3_15_5_No1_p50_ao87_am15_4_m25_ao87_am22_5,87,9,SATISFIED,5.0235,253384357.0,39104.0
SAL-Ei-LM,bom_deep_7_3_15_5_No1_p50_ao87_am15_4_m25_ao87_am22_5,87,10,SATISFIED,5.021,252666175.0,38733.0
SAL-Ei-LM,bom_deep_7_3_15_5_No1_p50_ao87_am15_5,87,1,SATISFIED,5.024,129029731.0,30323.0
SAL-Ei-LM,bom_deep_7_3_15_5_No1_p50_ao87_am15_5,87,2,SATISFIED,5.0242,126764630.0,23001.0
SAL-Ei-LM,bom_deep_7_3_15_5_No1_p50_ao87_am15_5,87,3,SATISFIED,5.0255,125227985.0,30700.0
SAL-Ei-LM,bom_deep_7_3_15_5_No1_p50_ao87_am15_5,87,4,SATISFIED,5.0276,129098830.0,28757.0
SAL-Ei-LM,bom_deep_7_3_15_5_No1_p50_ao87_am15_5,87,5,SATISFIED,5.0294,124667853.0,30269.0
SAL-Ei-LM,bom_deep_7_3_15_5_No1_p50_ao87_am15_5,87,6,SATISFIED,5.0237,127525224.0,30210.0
SAL-Ei-LM,bom_deep_7_3_15_5_No1_p50_ao87_am15_5,87,7,SATISFIED,5.0241,128428445.0,26397.0
SAL-Ei-LM,bom_deep_7_3_15_5_No1_p50_ao87_am15_5,87,8,SATISFIED,5.0236,125862121.0,29339.0
SAL-Ei-LM,bom_deep_7_3_15_5_No1_p50_ao87_am15_5,87,9,SATISFIED,5.0244,129746862.0,36808.0
SAL-Ei-LM,bom_deep_7_3_15_5_No1_p50_ao87_am15_5,87,10,SATISFIED,5.0229,128822450.0,36573.0
SAL-Ei-LM,bom_deep_7_3_15_5_No1_p50_ao87_am15_5_m10_ao87_am10_1,87,1,SATISFIED,5.0229,221802105.0,41783.0
SAL-Ei-LM,bom_deep_7_3_15_5_No1_p50_ao87_am15_5_m10_ao87_am10_1,87,2,SATISFIED,5.0205,221491655.0,40658.0
SAL-Ei-LM,bom_deep_7_3_15_5_No1_p50_ao87_am15_5_m10_ao87_am10_1,87,3,SATISFIED,5.0222,221377241.0,34051.0
SAL-Ei-LM,bom_deep_7_3_15_5_No1_p50_ao87_am15_5_m10_ao87_am10_1,87,4,SATISFIED,5.0225,221463744.0,33869.0
SAL-Ei-LM,bom_deep_7_3_15_5_No1_p50_ao87_am15_5_m10_ao87_am10_1,87,5,SATISFIED,5.0223,221673396.0,40632.0
SAL-Ei-LM,bom_deep_7_3_15_5_No1_p50_ao87_am15_5_m10_ao87_am10_1,87,6,SATISFIED,5.0215,221461090.0,25654.0
SAL-Ei-LM,bom_deep_7_3_15_5_No1_p50_ao87_am15_5_m10_ao87_am10_1,87,7,SATISFIED,5.0198,221876798.0,41677.0
SAL-Ei-LM,bom_deep_7_3_15_5_No1_p50_ao87_am15_5_m10_ao87_am10_1,87,8,SATISFIED,5.0202,221403387.0,33255.0
SAL-Ei-LM,bom_deep_7_3_15_5_No1_p50_ao87_am15_5_m10_ao87_am10_1,87,9,SATISFIED,5.0239,221556323.0,33166.0
SAL-Ei-LM,bom_deep_7_3_15_5_No1_p50_ao87_am15_5_m10_ao87_am10_1,87,10,SATISFIED,5.025,221581825.0,32324.0
SAL-Ei-LM,bom_deep_7_3_15_5_No1_p50_ao87_am15_5_m10_ao87_am10_2,87,1,SATISFIED,5.0232,279011907.0,34583.0
SAL-Ei-LM,bom_deep_7_3_15_5_No1_p50_ao87_am15_5_m10_ao87_am10_2,87,2,SATISFIED,5.0259,273733534.0,25492.0
SAL-Ei-LM,bom_deep_7_3_15_5_No1_p50_ao87_am15_5_m10_ao87_am10_2,87,3,SATISFIED,5.0222,273054191.0,26280.0
SAL-Ei-LM,bom_deep_7_3_15_5_No1_p50_ao87_am15_5_m10_ao87_am10_2,87,4,SATISFIED,5.0238,282125590.0,42065.0
SAL-Ei-LM,bom_deep_7_3_15_5_No1_p50_ao87_am15_5_m10_ao87_am10_2,87,5,SATISFIED,5.0222,273678400.0,33763.0
SAL-Ei-LM,bom_deep_7_3_15_5_No1_p50_ao87_am15_5_m10_ao87_am10_2,87,6,SATISFIED,5.023,280233488.0,41187.0
SAL-Ei-LM,bom_deep_7_3_15_5_No1_p50_ao87_am15_5_m10_ao87_am10_2,87,7,SATISFIED,5.025,280400454.0,42088.0
SAL-Ei-LM,bom_deep_7_3_15_5_No1_p50_ao87_am15_5_m10_ao87_am10_2,87,8,SATISFIED,5.0221,277294022.0,34614.0
SAL-Ei-LM,bom_deep_7_3_15_5_No1_p50_ao87_am15_5_m10_ao87_am10_2,87,9,SATISFIED,5.0246,277022962.0,31374.0
SAL-Ei-LM,bom_deep_7_3_15_5_No1_p50_ao87_am15_5_m10_ao87_am10_2,87,10,SATISFIED,5.0253,276094587.0,29626.0
SAL-Ei-LM,bom_deep_7_3_15_5_No1_p50_ao87_am15_5_m10_ao87_am10_3,87,1,SATISFIED,5.0221,361334870.0,28791.0
SAL-Ei-LM,bom_deep_7_3_15_5_No1_p50_ao87_am15_5_m10_ao87_am10_3,87,2,SATISFIED,5.0195,361126205.0,34286.0
SAL-Ei-LM,bom_deep_7_3_15_5_No1_p50_ao87_am15_5_m10_ao87_am10_3,87,3,SATISFIED,5.0242,360857537.0,33978.0
SAL-Ei-LM,bom_deep_7_3_15_5_No1_p50_ao87_am15_5_m10_ao87_am10_3,87,4,SATISFIED,5.0209,361280223.0,34168.0
SAL-Ei-LM,bom_deep_7_3_15_5_No1_p50_ao87_am15_5_m10_ao87_am10_3,87,5,SATISFIED,5.0265,360215185.0,33935.0
SAL-Ei-LM,bom_deep_7_3_15_5_No1_p50_ao87_am15_5_m10_ao87_am10_3,87,6,SATISFIED,5.025,361427200.0,33948.0
SAL-Ei-LM,bom_deep_7_3_15_5_No1_p50_ao87_am15_5_m10_ao87_am10_3,87,7,SATISFIED,5.0256,360799428.0,42264.0
SAL-Ei-LM,bom_deep_7_3_15_5_No1_p50_ao87_am15_5_m10_ao87_am10_3,87,8,SATISFIED,5.0263,360230293.0,33443.0
SAL-Ei-LM,bom_deep_7_3_15_5_No1_p50_ao87_am15_5_m10_ao87_am10_3,87,9,SATISFIED,5.0261,361941223.0,34796.0
SAL-Ei-LM,bom_deep_7_3_15_5_No1_p50_ao87_am15_5_m10_ao87_am10_3,87,10,SATISFIED,5.0256,360579153.0,33687.0
SAL-Ei-LM,bom_deep_7_3_15_5_No1_p50_ao87_am15_5_m10_ao87_am10_4,87,1,SATISFIED,5.023,371648194.0,41578.0
SAL-Ei-LM,bom_deep_7_3_15_5_No1_p50_ao87_am15_5_m10_ao87_am10_4,87,2,SATISFIED,5.0255,385951965.0,34474.0
SAL-Ei-LM,bom_deep_7_3_15_5_No1_p50_ao87_am15_5_m10_ao87_am10_4,87,3,SATISFIED,5.0255,373642450.0,35576.0
SAL-Ei-LM,bom_deep_7_3_15_5_No1_p50_ao87_am15_5_m10_ao87_am10_4,87,4,SATISFIED,5.0245,384198428.0,31651.0
SAL-Ei-LM,bom_deep_7_3_15_5_No1_p50_ao87_am15_5_m10_ao87_am10_4,87,5,SATISFIED,5.0237,371587934.0,26071.0
SAL-Ei-LM,bom_deep_7_3_15_5_No1_p50_ao87_am15_5_m10_ao87_am10_4,87,6,SATISFIED,5.0236,371583061.0,31523.0
SAL-Ei-LM,bom_deep_7_3_15_5_No1_p50_ao87_am15_5_m10_ao87_am10_4,87,7,SATISFIED,5.0231,374549304.0,33168.0
SAL-Ei-LM,bom_deep_7_3_15_5_No1_p50_ao87_am15_5_m10_ao87_am10_4,87,8,SATISFIED,5.0253,371718164.0,41234.0
SAL-Ei-LM,bom_deep_7_3_15_5_No1_p50_ao87_am15_5_m10_ao87_am10_4,87,9,SATISFIED,5.0235,385857465.0,36053.0
SAL-Ei-LM,bom_deep_7_3_15_5_No1_p50_ao87_am15_5_m10_ao87_am10_4,87,10,SATISFIED,5.0237,386611373.0,33096.0
SAL-Ei-LM,bom_deep_7_3_15_5_No1_p50_ao87_am15_5_m10_ao87_am10_5,87,1,SATISFIED,5.0243,162840605.0,33285.0
SAL-Ei-LM,bom_deep_7_3_15_5_No1_p50_ao87_am15_5_m10_ao87_am10_5,87,2,SATISFIED,5.0242,165535570.0,41111.0
SAL-Ei-LM,bom_deep_7_3_15_5_No1_p50_ao87_am15_5_m10_ao87_am10_5,87,3,SATISFIED,5.0253,166207345.0,26994.0
SAL-Ei-LM,bom_deep_7_3_15_5_No1_p50_ao87_am15_5_m10_ao87_am10_5,87,4,SATISFIED,5.0239,165056325.0,42179.0
SAL-Ei-LM,bom_deep_7_3_15_5_No1_p50_ao87_am15_5_m10_ao87_am10_5,87,5,SATISFIED,5.0271,164416140.0,34079.0
SAL-Ei-LM,bom_deep_7_3_15_5_No1_p50_ao87_am15_5_m10_ao87_am10_5,87,6,SATISFIED,5.0249,165466540.0,41247.0
SAL-Ei-LM,bom_deep_7_3_15_5_No1_p50_ao87_am15_5_m10_ao87_am10_5,87,7,SATISFIED,5.0228,166304780.0,34108.0
SAL-Ei-LM,bom_deep_7_3_15_5_No1_p50_ao87_am15_5_m10_ao87_am10_5,87,8,SATISFIED,5.0235,168331220.0,43473.0
SAL-Ei-LM,bom_deep_7_3_15_5_No1_p50_ao87_am15_5_m10_ao87_am10_5,87,9,SATISFIED,5.0238,166190900.0,43211.0
SAL-Ei-LM,bom_deep_7_3_15_5_No1_p50_ao87_am15_5_m10_ao87_am10_5,87,10,SATISFIED,5.0247,166715515.0,43003.0
SAL-Ei-LM,bom_deep_7_3_15_5_No1_p50_ao87_am15_5_m25_ao87_am22_3,87,1,SATISFIED,5.0265,107850760.0,40080.0
SAL-Ei-LM,bom_deep_7_3_15_5_No1_p50_ao87_am15_5_m25_ao87_am22_3,87,2,SATISFIED,5.0267,111911967.0,41071.0
SAL-Ei-LM,bom_deep_7_3_15_5_No1_p50_ao87_am15_5_m25_ao87_am22_3,87,3,SATISFIED,5.0233,105909231.0,41133.0
SAL-Ei-LM,bom_deep_7_3_15_5_No1_p50_ao87_am15_5_m25_ao87_am22_3,87,4,SATISFIED,5.0231,109813595.0,41058.0
SAL-Ei-LM,bom_deep_7_3_15_5_No1_p50_ao87_am15_5_m25_ao87_am22_3,87,5,SATISFIED,5.0256,104758279.0,41127.0
SAL-Ei-LM,bom_deep_7_3_15_5_No1_p50_ao87_am15_5_m25_ao87_am22_3,87,6,SATISFIED,5.0234,108011901.0,41183.0
SAL-Ei-LM,bom_deep_7_3_15_5_No1_p50_ao87_am15_5_m25_ao87_am22_3,87,7,SATISFIED,5.023,112471256.0,40702.0
SAL-Ei-LM,bom_deep_7_3_15_5_No1_p50_ao87_am15_5_m25_ao87_am22_3,87,8,SATISFIED,5.0229,105781155.0,41210.0
SAL-Ei-LM,bom_deep_7_3_15_5_No1_p50_ao87_am15_5_m25_ao87_am22_3,87,9,SATISFIED,5.0235,111658424.0,40602.0
SAL-Ei-LM,bom_deep_7_3_15_5_No1_p50_ao87_am15_5_m25_ao87_am22_3,87,10,SATISFIED,5.0224,106929637.0,41280.0
SAL-Ei-LM,bom_deep_7_3_15_5_No1_p50_ao87_am15_5_m25_ao87_am22_4,87,1,SATISFIED,5.0228,168565461.0,40592.0
SAL-Ei-LM,bom_deep_7_3_15_5_No1_p50_ao87_am15_5_m25_ao87_am22_4,87,2,SATISFIED,5.0242,172232557.0,32964.0
SAL-Ei-LM,bom_deep_7_3_15_5_No1_p50_ao87_am15_5_m25_ao87_am22_4,87,3,SATISFIED,5.0242,169594824.0,40716.0
SAL-Ei-LM,bom_deep_7_3_15_5_No1_p50_ao87_am15_5_m25_ao87_am22_4,87,4,SATISFIED,5.0218,166090265.0,40856.0
SAL-Ei-LM,bom_deep_7_3_15_5_No1_p50_ao87_am15_5_m25_ao87_am22_4,87,5,SATISFIED,5.0241,162066077.0,31981.0
SAL-Ei-LM,bom_deep_7_3_15_5_No1_p50_ao87_am15_5_m25_ao87_am22_4,87,6,SATISFIED,5.0252,163082550.0,39787.0
SAL-Ei-LM,bom_deep_7_3_15_5_No1_p50_ao87_am15_5_m25_ao87_am22_4,87,7,SATISFIED,5.0236,163597513.0,39110.0
SAL-Ei-LM,bom_deep_7_3_15_5_No1_p50_ao87_am15_5_m25_ao87_am22_4,87,8,SATISFIED,5.0241,166026329.0,32036.0
SAL-Ei-LM,bom_deep_7_3_15_5_No1_p50_ao87_am15_5_m25_ao87_am22_4,87,9,SATISFIED,5.0249,169010223.0,32239.0
SAL-Ei-LM,bom_deep_7_3_15_5_No1_p50_ao87_am15_5_m25_ao87_am22_4,87,10,SATISFIED,5.025,166054599.0,29617.0
SAL-Ei-LM,bom_deep_7_3_15_5_No1_p50_ao87_am15_5_m25_ao87_am23_1,87,1,SATISFIED,5.0229,213154155.0,39208.0
SAL-Ei-LM,bom_deep_7_3_15_5_No1_p50_ao87_am15_5_m25_ao87_am23_1,87,2,SATISFIED,5.0247,219612640.0,38696.0
SAL-Ei-LM,bom_deep_7_3_15_5_No1_p50_ao87_am15_5_m25_ao87_am23_1,87,3,SATISFIED,5.0244,214264880.0,32933.0
SAL-Ei-LM,bom_deep_7_3_15_5_No1_p50_ao87_am15_5_m25_ao87_am23_1,87,4,SATISFIED,5.0286,213729359.0,26828.0
SAL-Ei-LM,bom_deep_7_3_15_5_No1_p50_ao87_am15_5_m25_ao87_am23_1,87,5,SATISFIED,5.0248,216085535.0,39421.0
SAL-Ei-LM,bom_deep_7_3_15_5_No1_p50_ao87_am15_5_m25_ao87_am23_1,87,6,SATISFIED,5.0227,219337167.0,39692.0
SAL-Ei-LM,bom_deep_7_3_15_5_No1_p50_ao87_am15_5_m25_ao87_am23_1,87,7,SATISFIED,5.0236,217655640.0,32046.0
SAL-Ei-LM,bom_deep_7_3_15_5_No1_p50_ao87_am15_5_m25_ao87_am23_1,87,8,SATISFIED,5.0244,218173775.0,40115.0
SAL-Ei-LM,bom_deep_7_3_15_5_No1_p50_ao87_am15_5_m25_ao87_am23_1,87,9,SATISFIED,5.0246,219429873.0,39029.0
SAL-Ei-LM,bom_deep_7_3_15_5_No1_p50_ao87_am15_5_m25_ao87_am23_1,87,10,SATISFIED,5.0251,216924143.0,33555.0
SAL-Ei-LM,bom_deep_7_3_15_5_No1_p50_ao87_am15_5_m25_ao87_am25_2,87,1,SATISFIED,5.0256,190062209.0,30921.0
SAL-Ei-LM,bom_deep_7_3_15_5_No1_p50_ao87_am15_5_m25_ao87_am25_2,87,2,SATISFIED,5.026,184429722.0,31554.0
SAL-Ei-LM,bom_deep_7_3_15_5_No1_p50_ao87_am15_5_m25_ao87_am25_2,87,3,SATISFIED,5.0254,189771480.0,32181.0
SAL-Ei-LM,bom_deep_7_3_15_5_No1_p50_ao87_am15_5_m25_ao87_am25_2,87,4,SATISFIED,5.0235,189649826.0,39955.0
SAL-Ei-LM,bom_deep_7_3_15_5_No1_p50_ao87_am15_5_m25_ao87_am25_2,87,5,SATISFIED,5.0219,182541329.0,39545.0
SAL-Ei-LM,bom_deep_7_3_15_5_No1_p50_ao87_am15_5_m25_ao87_am25_2,87,6,SATISFIED,5.0203,191343664.0,31318.0
SAL-Ei-LM,bom_deep_7_3_15_5_No1_p50_ao87_am15_5_m25_ao87_am25_2,87,7,SATISFIED,5.0194,181244561.0,39487.0
SAL-Ei-LM,bom_deep_7_3_15_5_No1_p50_ao87_am15_5_m25_ao87_am25_2,87,8,SATISFIED,5.0185,181740535.0,39592.0
SAL-Ei-LM,bom_deep_7_3_15_5_No1_p50_ao87_am15_5_m25_ao87_am25_2,87,9,SATISFIED,5.0214,187571948.0,31791.0
SAL-Ei-LM,bom_deep_7_3_15_5_No1_p50_ao87_am15_5_m25_ao87_am25_2,87,10,SATISFIED,5.0225,189958055.0,32225.0
SAL-Ei-LM,bom_deep_7_3_15_5_No1_p50_ao87_am15_5_m25_ao87_am25_5,87,1,SATISFIED,5.0234,232866111.0,38811.0
SAL-Ei-LM,bom_deep_7_3_15_5_No1_p50_ao87_am15_5_m25_ao87_am25_5,87,2,SATISFIED,5.0237,244201065.0,38243.0
SAL-Ei-LM,bom_deep_7_3_15_5_No1_p50_ao87_am15_5_m25_ao87_am25_5,87,3,SATISFIED,5.0276,231491921.0,28740.0
SAL-Ei-LM,bom_deep_7_3_15_5_No1_p50_ao87_am15_5_m25_ao87_am25_5,87,4,SATISFIED,5.0274,245838022.0,31272.0
SAL-Ei-LM,bom_deep_7_3_15_5_No1_p50_ao87_am15_5_m25_ao87_am25_5,87,5,SATISFIED,5.0256,245638300.0,32386.0
SAL-Ei-LM,bom_deep_7_3_15_5_No1_p50_ao87_am15_5_m25_ao87_am25_5,87,6,SATISFIED,5.0258,235879127.0,31664.0
SAL-Ei-LM,bom_deep_7_3_15_5_No1_p50_ao87_am15_5_m25_ao87_am25_5,87,7,SATISFIED,5.016,246340099.0,31544.0
SAL-Ei-LM,bom_deep_7_3_15_5_No1_p50_ao87_am15_5_m25_ao87_am25_5,87,8,SATISFIED,5.0243,234278975.0,39996.0
SAL-Ei-LM,bom_deep_7_3_15_5_No1_p50_ao87_am15_5_m25_ao87_am25_5,87,9,SATISFIED,5.0246,245988477.0,39340.0
SAL-Ei-LM,bom_deep_7_3_15_5_No1_p50_ao87_am15_5_m25_ao87_am25_5,87,10,SATISFIED,5.0232,243755290.0,39055.0
