Algorithm,Bom,Nodes,AttemptNr,Status,Time,Makespan,Iterations
SAL-Ei-LM,bom_deep_7_3_15_5_No1_p10_ao63_am15_1,63,1,SATISFIED,1.0113,123218390.0,8042.0
SAL-Ei-LM,bom_deep_7_3_15_5_No1_p10_ao63_am15_1,63,2,SATISFIED,1.0102,122870180.0,8023.0
SAL-Ei-LM,bom_deep_7_3_15_5_No1_p10_ao63_am15_1,63,3,SATISFIED,1.0112,123175820.0,8051.0
SAL-Ei-LM,bom_deep_7_3_15_5_No1_p10_ao63_am15_1,63,4,SATISFIED,1.0105,123257890.0,8072.0
SAL-Ei-LM,bom_deep_7_3_15_5_No1_p10_ao63_am15_1,63,5,SATISFIED,1.0108,123131565.0,8052.0
SAL-Ei-LM,bom_deep_7_3_15_5_No1_p10_ao63_am15_1,63,6,SATISFIED,1.015,123296465.0,4147.0
SAL-Ei-LM,bom_deep_7_3_15_5_No1_p10_ao63_am15_1,63,7,SATISFIED,1.0205,123186345.0,4208.0
SAL-Ei-LM,bom_deep_7_3_15_5_No1_p10_ao63_am15_1,63,8,SATISFIED,1.0142,122703335.0,5844.0
SAL-Ei-LM,bom_deep_7_3_15_5_No1_p10_ao63_am15_1,63,9,SATISFIED,1.013,122977195.0,6952.0
SAL-Ei-LM,bom_deep_7_3_15_5_No1_p10_ao63_am15_1,63,10,SATISFIED,1.0158,122934500.0,5728.0
SAL-Ei-LM,bom_deep_7_3_15_5_No1_p10_ao63_am15_1_m10_ao63_am10_1,63,1,SATISFIED,1.0125,90358807.0,8737.0
SAL-Ei-LM,bom_deep_7_3_15_5_No1_p10_ao63_am15_1_m10_ao63_am10_1,63,2,SATISFIED,1.0167,91194975.0,4669.0
SAL-Ei-LM,bom_deep_7_3_15_5_No1_p10_ao63_am15_1_m10_ao63_am10_1,63,3,SATISFIED,1.0187,89841189.0,5359.0
SAL-Ei-LM,bom_deep_7_3_15_5_No1_p10_ao63_am15_1_m10_ao63_am10_1,63,4,SATISFIED,1.0187,90534001.0,8634.0
SAL-Ei-LM,bom_deep_7_3_15_5_No1_p10_ao63_am15_1_m10_ao63_am10_1,63,5,SATISFIED,1.0181,90748283.0,8939.0
SAL-Ei-LM,bom_deep_7_3_15_5_No1_p10_ao63_am15_1_m10_ao63_am10_1,63,6,SATISFIED,1.0214,90764234.0,7516.0
SAL-Ei-LM,bom_deep_7_3_15_5_No1_p10_ao63_am15_1_m10_ao63_am10_1,63,7,SATISFIED,1.0225,91160529.0,4886.0
SAL-Ei-LM,bom_deep_7_3_15_5_No1_p10_ao63_am15_1_m10_ao63_am10_1,63,8,SATISFIED,1.0212,90574222.0,6339.0
SAL-Ei-LM,bom_deep_7_3_15_5_No1_p10_ao63_am15_1_m10_ao63_am10_1,63,9,SATISFIED,1.0196,89803811.0,8407.0
SAL-Ei-LM,bom_deep_7_3_15_5_No1_p10_ao63_am15_1_m10_ao63_am10_1,63,10,SATISFIED,1.0238,99699519.0,4705.0
SAL-Ei-LM,bom_deep_7_3_15_5_No1_p10_ao63_am15_1_m10_ao63_am10_2,63,1,SATISFIED,1.0224,63606037.0,4691.0
SAL-Ei-LM,bom_deep_7_3_15_5_No1_p10_ao63_am15_1_m10_ao63_am10_2,63,2,SATISFIED,1.021,67362516.0,5200.0
SAL-Ei-LM,bom_deep_7_3_15_5_No1_p10_ao63_am15_1_m10_ao63_am10_2,63,3,SATISFIED,1.0214,64511570.0,8379.0
SAL-Ei-LM,bom_deep_7_3_15_5_No1_p10_ao63_am15_1_m10_ao63_am10_2,63,4,SATISFIED,1.0206,72903631.0,9043.0
SAL-Ei-LM,bom_deep_7_3_15_5_No1_p10_ao63_am15_1_m10_ao63_am10_2,63,5,SATISFIED,1.0194,62892996.0,9018.0
SAL-Ei-LM,bom_deep_7_3_15_5_No1_p10_ao63_am15_1_m10_ao63_am10_2,63,6,SATISFIED,1.0176,67360170.0,8871.0
SAL-Ei-LM,bom_deep_7_3_15_5_No1_p10_ao63_am15_1_m10_ao63_am10_2,63,7,SATISFIED,1.0179,64876135.0,8820.0
SAL-Ei-LM,bom_deep_7_3_15_5_No1_p10_ao63_am15_1_m10_ao63_am10_2,63,8,SATISFIED,1.0206,67824468.0,8056.0
SAL-Ei-LM,bom_deep_7_3_15_5_No1_p10_ao63_am15_1_m10_ao63_am10_2,63,9,SATISFIED,1.0219,63532397.0,4705.0
SAL-Ei-LM,bom_deep_7_3_15_5_No1_p10_ao63_am15_1_m10_ao63_am10_2,63,10,SATISFIED,1.0202,65814721.0,5513.0
SAL-Ei-LM,bom_deep_7_3_15_5_No1_p10_ao63_am15_1_m10_ao63_am10_3,63,1,SATISFIED,1.0213,206843633.0,7229.0
SAL-Ei-LM,bom_deep_7_3_15_5_No1_p10_ao63_am15_1_m10_ao63_am10_3,63,2,SATISFIED,1.0207,232661685.0,4976.0
SAL-Ei-LM,bom_deep_7_3_15_5_No1_p10_ao63_am15_1_m10_ao63_am10_3,63,3,SATISFIED,1.0216,223929547.0,6177.0
SAL-Ei-LM,bom_deep_7_3_15_5_No1_p10_ao63_am15_1_m10_ao63_am10_3,63,4,SATISFIED,1.0209,206547028.0,5843.0
SAL-Ei-LM,bom_deep_7_3_15_5_No1_p10_ao63_am15_1_m10_ao63_am10_3,63,5,SATISFIED,1.0201,206529424.0,4829.0
SAL-Ei-LM,bom_deep_7_3_15_5_No1_p10_ao63_am15_1_m10_ao63_am10_3,63,6,SATISFIED,1.0194,216317181.0,7719.0
SAL-Ei-LM,bom_deep_7_3_15_5_No1_p10_ao63_am15_1_m10_ao63_am10_3,63,7,SATISFIED,1.0205,205132688.0,9342.0
SAL-Ei-LM,bom_deep_7_3_15_5_No1_p10_ao63_am15_1_m10_ao63_am10_3,63,8,SATISFIED,1.0198,213043430.0,8923.0
SAL-Ei-LM,bom_deep_7_3_15_5_No1_p10_ao63_am15_1_m10_ao63_am10_3,63,9,SATISFIED,1.0189,222581172.0,8982.0
SAL-Ei-LM,bom_deep_7_3_15_5_No1_p10_ao63_am15_1_m10_ao63_am10_3,63,10,SATISFIED,1.0183,205124974.0,9084.0
SAL-Ei-LM,bom_deep_7_3_15_5_No1_p10_ao63_am15_1_m10_ao63_am10_4,63,1,SATISFIED,1.019,139923644.0,8833.0
SAL-Ei-LM,bom_deep_7_3_15_5_No1_p10_ao63_am15_1_m10_ao63_am10_4,63,2,SATISFIED,1.0199,139620152.0,8715.0
SAL-Ei-LM,bom_deep_7_3_15_5_No1_p10_ao63_am15_1_m10_ao63_am10_4,63,3,SATISFIED,1.0202,139919919.0,8740.0
SAL-Ei-LM,bom_deep_7_3_15_5_No1_p10_ao63_am15_1_m10_ao63_am10_4,63,4,SATISFIED,1.0189,139505788.0,8971.0
SAL-Ei-LM,bom_deep_7_3_15_5_No1_p10_ao63_am15_1_m10_ao63_am10_4,63,5,SATISFIED,1.0202,139755733.0,8844.0
SAL-Ei-LM,bom_deep_7_3_15_5_No1_p10_ao63_am15_1_m10_ao63_am10_4,63,6,SATISFIED,1.0195,139102760.0,8875.0
SAL-Ei-LM,bom_deep_7_3_15_5_No1_p10_ao63_am15_1_m10_ao63_am10_4,63,7,SATISFIED,1.016,139757306.0,8829.0
SAL-Ei-LM,bom_deep_7_3_15_5_No1_p10_ao63_am15_1_m10_ao63_am10_4,63,8,SATISFIED,1.015,139645704.0,4556.0
SAL-Ei-LM,bom_deep_7_3_15_5_No1_p10_ao63_am15_1_m10_ao63_am10_4,63,9,SATISFIED,1.0163,140070676.0,4945.0
SAL-Ei-LM,bom_deep_7_3_15_5_No1_p10_ao63_am15_1_m10_ao63_am10_4,63,10,SATISFIED,1.0197,139760456.0,8105.0
SAL-Ei-LM,bom_deep_7_3_15_5_No1_p10_ao63_am15_1_m10_ao63_am10_5,63,1,SATISFIED,1.0203,129244994.0,8836.0
SAL-Ei-LM,bom_deep_7_3_15_5_No1_p10_ao63_am15_1_m10_ao63_am10_5,63,2,SATISFIED,1.0196,129955579.0,8786.0
SAL-Ei-LM,bom_deep_7_3_15_5_No1_p10_ao63_am15_1_m10_ao63_am10_5,63,3,SATISFIED,1.0191,129795772.0,8530.0
SAL-Ei-LM,bom_deep_7_3_15_5_No1_p10_ao63_am15_1_m10_ao63_am10_5,63,4,SATISFIED,1.0198,127201459.0,8670.0
SAL-Ei-LM,bom_deep_7_3_15_5_No1_p10_ao63_am15_1_m10_ao63_am10_5,63,5,SATISFIED,1.02,127625927.0,8488.0
SAL-Ei-LM,bom_deep_7_3_15_5_No1_p10_ao63_am15_1_m10_ao63_am10_5,63,6,SATISFIED,1.0206,129090994.0,8691.0
SAL-Ei-LM,bom_deep_7_3_15_5_No1_p10_ao63_am15_1_m10_ao63_am10_5,63,7,SATISFIED,1.0237,127839602.0,4524.0
SAL-Ei-LM,bom_deep_7_3_15_5_No1_p10_ao63_am15_1_m10_ao63_am10_5,63,8,SATISFIED,1.0238,129173831.0,4570.0
SAL-Ei-LM,bom_deep_7_3_15_5_No1_p10_ao63_am15_1_m10_ao63_am10_5,63,9,SATISFIED,1.0222,131364655.0,6109.0
SAL-Ei-LM,bom_deep_7_3_15_5_No1_p10_ao63_am15_1_m10_ao63_am10_5,63,10,SATISFIED,1.022,131718787.0,4181.0
SAL-Ei-LM,bom_deep_7_3_15_5_No1_p10_ao63_am15_1_m25_ao63_am25_1,63,1,SATISFIED,1.0221,66402674.0,3588.0
SAL-Ei-LM,bom_deep_7_3_15_5_No1_p10_ao63_am15_1_m25_ao63_am25_1,63,2,SATISFIED,1.0203,68787685.0,4894.0
SAL-Ei-LM,bom_deep_7_3_15_5_No1_p10_ao63_am15_1_m25_ao63_am25_1,63,3,SATISFIED,1.0184,68448485.0,7166.0
SAL-Ei-LM,bom_deep_7_3_15_5_No1_p10_ao63_am15_1_m25_ao63_am25_1,63,4,SATISFIED,1.0202,64894327.0,7182.0
SAL-Ei-LM,bom_deep_7_3_15_5_No1_p10_ao63_am15_1_m25_ao63_am25_1,63,5,SATISFIED,1.0201,72396487.0,7196.0
SAL-Ei-LM,bom_deep_7_3_15_5_No1_p10_ao63_am15_1_m25_ao63_am25_1,63,6,SATISFIED,1.0209,70798685.0,6933.0
SAL-Ei-LM,bom_deep_7_3_15_5_No1_p10_ao63_am15_1_m25_ao63_am25_1,63,7,SATISFIED,1.0201,72665678.0,6894.0
SAL-Ei-LM,bom_deep_7_3_15_5_No1_p10_ao63_am15_1_m25_ao63_am25_1,63,8,SATISFIED,1.0193,70251403.0,6911.0
SAL-Ei-LM,bom_deep_7_3_15_5_No1_p10_ao63_am15_1_m25_ao63_am25_1,63,9,SATISFIED,1.0214,67225540.0,6882.0
SAL-Ei-LM,bom_deep_7_3_15_5_No1_p10_ao63_am15_1_m25_ao63_am25_1,63,10,SATISFIED,1.0206,71222915.0,6866.0
SAL-Ei-LM,bom_deep_7_3_15_5_No1_p10_ao63_am15_1_m25_ao63_am25_2,63,1,SATISFIED,1.0188,31761694.0,7201.0
SAL-Ei-LM,bom_deep_7_3_15_5_No1_p10_ao63_am15_1_m25_ao63_am25_2,63,2,SATISFIED,1.02,32577994.0,7250.0
SAL-Ei-LM,bom_deep_7_3_15_5_No1_p10_ao63_am15_1_m25_ao63_am25_2,63,3,SATISFIED,1.0207,45565870.0,7238.0
SAL-Ei-LM,bom_deep_7_3_15_5_No1_p10_ao63_am15_1_m25_ao63_am25_2,63,4,SATISFIED,1.0211,44969780.0,7229.0
SAL-Ei-LM,bom_deep_7_3_15_5_No1_p10_ao63_am15_1_m25_ao63_am25_2,63,5,SATISFIED,1.021,41687416.0,4126.0
SAL-Ei-LM,bom_deep_7_3_15_5_No1_p10_ao63_am15_1_m25_ao63_am25_2,63,6,SATISFIED,1.0222,32813724.0,4134.0
SAL-Ei-LM,bom_deep_7_3_15_5_No1_p10_ao63_am15_1_m25_ao63_am25_2,63,7,SATISFIED,1.0225,36306473.0,3773.0
SAL-Ei-LM,bom_deep_7_3_15_5_No1_p10_ao63_am15_1_m25_ao63_am25_2,63,8,SATISFIED,1.0194,28974677.0,3667.0
SAL-Ei-LM,bom_deep_7_3_15_5_No1_p10_ao63_am15_1_m25_ao63_am25_2,63,9,SATISFIED,1.0217,38913199.0,5301.0
SAL-Ei-LM,bom_deep_7_3_15_5_No1_p10_ao63_am15_1_m25_ao63_am25_2,63,10,SATISFIED,1.0228,36173760.0,7214.0
SAL-Ei-LM,bom_deep_7_3_15_5_No1_p10_ao63_am15_1_m25_ao63_am25_3,63,1,SATISFIED,1.0196,35980036.0,7077.0
SAL-Ei-LM,bom_deep_7_3_15_5_No1_p10_ao63_am15_1_m25_ao63_am25_3,63,2,SATISFIED,1.0208,32492295.0,7198.0
SAL-Ei-LM,bom_deep_7_3_15_5_No1_p10_ao63_am15_1_m25_ao63_am25_3,63,3,SATISFIED,1.0178,31653245.0,7262.0
SAL-Ei-LM,bom_deep_7_3_15_5_No1_p10_ao63_am15_1_m25_ao63_am25_3,63,4,SATISFIED,1.0178,28785202.0,7292.0
SAL-Ei-LM,bom_deep_7_3_15_5_No1_p10_ao63_am15_1_m25_ao63_am25_3,63,5,SATISFIED,1.0176,32948840.0,7268.0
SAL-Ei-LM,bom_deep_7_3_15_5_No1_p10_ao63_am15_1_m25_ao63_am25_3,63,6,SATISFIED,1.0195,32641837.0,7266.0
SAL-Ei-LM,bom_deep_7_3_15_5_No1_p10_ao63_am15_1_m25_ao63_am25_3,63,7,SATISFIED,1.0195,29160047.0,7184.0
SAL-Ei-LM,bom_deep_7_3_15_5_No1_p10_ao63_am15_1_m25_ao63_am25_3,63,8,SATISFIED,1.0197,35876414.0,7187.0
SAL-Ei-LM,bom_deep_7_3_15_5_No1_p10_ao63_am15_1_m25_ao63_am25_3,63,9,SATISFIED,1.021,31184774.0,7210.0
SAL-Ei-LM,bom_deep_7_3_15_5_No1_p10_ao63_am15_1_m25_ao63_am25_3,63,10,SATISFIED,1.019,29202323.0,7209.0
SAL-Ei-LM,bom_deep_7_3_15_5_No1_p10_ao63_am15_1_m25_ao63_am25_4,63,1,SATISFIED,1.0198,28381833.0,7216.0
SAL-Ei-LM,bom_deep_7_3_15_5_No1_p10_ao63_am15_1_m25_ao63_am25_4,63,2,SATISFIED,1.0174,23937237.0,7221.0
SAL-Ei-LM,bom_deep_7_3_15_5_No1_p10_ao63_am15_1_m25_ao63_am25_4,63,3,SATISFIED,1.0185,24981879.0,7041.0
SAL-Ei-LM,bom_deep_7_3_15_5_No1_p10_ao63_am15_1_m25_ao63_am25_4,63,4,SATISFIED,1.0189,29571917.0,7231.0
SAL-Ei-LM,bom_deep_7_3_15_5_No1_p10_ao63_am15_1_m25_ao63_am25_4,63,5,SATISFIED,1.0213,24788159.0,7189.0
SAL-Ei-LM,bom_deep_7_3_15_5_No1_p10_ao63_am15_1_m25_ao63_am25_4,63,6,SATISFIED,1.0199,28245136.0,7124.0
SAL-Ei-LM,bom_deep_7_3_15_5_No1_p10_ao63_am15_1_m25_ao63_am25_4,63,7,SATISFIED,1.0151,23142815.0,7193.0
SAL-Ei-LM,bom_deep_7_3_15_5_No1_p10_ao63_am15_1_m25_ao63_am25_4,63,8,SATISFIED,1.0177,30224283.0,7268.0
SAL-Ei-LM,bom_deep_7_3_15_5_No1_p10_ao63_am15_1_m25_ao63_am25_4,63,9,SATISFIED,1.017,26767710.0,7148.0
SAL-Ei-LM,bom_deep_7_3_15_5_No1_p10_ao63_am15_1_m25_ao63_am25_4,63,10,SATISFIED,1.0207,25275863.0,3696.0
SAL-Ei-LM,bom_deep_7_3_15_5_No1_p10_ao63_am15_1_m25_ao63_am25_5,63,1,SATISFIED,1.0174,102417365.0,3809.0
SAL-Ei-LM,bom_deep_7_3_15_5_No1_p10_ao63_am15_1_m25_ao63_am25_5,63,2,SATISFIED,1.0244,101820931.0,4884.0
SAL-Ei-LM,bom_deep_7_3_15_5_No1_p10_ao63_am15_1_m25_ao63_am25_5,63,3,SATISFIED,1.0196,111013085.0,7242.0
SAL-Ei-LM,bom_deep_7_3_15_5_No1_p10_ao63_am15_1_m25_ao63_am25_5,63,4,SATISFIED,1.0188,111393364.0,7233.0
SAL-Ei-LM,bom_deep_7_3_15_5_No1_p10_ao63_am15_1_m25_ao63_am25_5,63,5,SATISFIED,1.0182,106986560.0,7214.0
SAL-Ei-LM,bom_deep_7_3_15_5_No1_p10_ao63_am15_1_m25_ao63_am25_5,63,6,SATISFIED,1.0194,104600506.0,7054.0
SAL-Ei-LM,bom_deep_7_3_15_5_No1_p10_ao63_am15_1_m25_ao63_am25_5,63,7,SATISFIED,1.0188,110968372.0,5021.0
SAL-Ei-LM,bom_deep_7_3_15_5_No1_p10_ao63_am15_1_m25_ao63_am25_5,63,8,SATISFIED,1.0196,103941041.0,3878.0
SAL-Ei-LM,bom_deep_7_3_15_5_No1_p10_ao63_am15_1_m25_ao63_am25_5,63,9,SATISFIED,1.0212,100750162.0,4950.0
SAL-Ei-LM,bom_deep_7_3_15_5_No1_p10_ao63_am15_1_m25_ao63_am25_5,63,10,SATISFIED,1.022,106359894.0,3801.0
SAL-Ei-LM,bom_deep_7_3_15_5_No1_p10_ao63_am15_2,63,1,SATISFIED,1.0196,194064085.0,5292.0
SAL-Ei-LM,bom_deep_7_3_15_5_No1_p10_ao63_am15_2,63,2,SATISFIED,1.0202,192860460.0,8250.0
SAL-Ei-LM,bom_deep_7_3_15_5_No1_p10_ao63_am15_2,63,3,SATISFIED,1.0209,193432440.0,6252.0
SAL-Ei-LM,bom_deep_7_3_15_5_No1_p10_ao63_am15_2,63,4,SATISFIED,1.0227,193045040.0,4436.0
SAL-Ei-LM,bom_deep_7_3_15_5_No1_p10_ao63_am15_2,63,5,SATISFIED,1.02,193656485.0,5979.0
SAL-Ei-LM,bom_deep_7_3_15_5_No1_p10_ao63_am15_2,63,6,SATISFIED,1.0197,193953690.0,8047.0
SAL-Ei-LM,bom_deep_7_3_15_5_No1_p10_ao63_am15_2,63,7,SATISFIED,1.0197,193224350.0,5051.0
SAL-Ei-LM,bom_deep_7_3_15_5_No1_p10_ao63_am15_2,63,8,SATISFIED,1.0206,194026375.0,4573.0
SAL-Ei-LM,bom_deep_7_3_15_5_No1_p10_ao63_am15_2,63,9,SATISFIED,1.0189,193435015.0,7394.0
SAL-Ei-LM,bom_deep_7_3_15_5_No1_p10_ao63_am15_2,63,10,SATISFIED,1.0195,194045700.0,8384.0
SAL-Ei-LM,bom_deep_7_3_15_5_No1_p10_ao63_am15_2_m10_ao63_am10_1,63,1,SATISFIED,1.0194,91497956.0,9320.0
SAL-Ei-LM,bom_deep_7_3_15_5_No1_p10_ao63_am15_2_m10_ao63_am10_1,63,2,SATISFIED,1.0192,91488033.0,9313.0
SAL-Ei-LM,bom_deep_7_3_15_5_No1_p10_ao63_am15_2_m10_ao63_am10_1,63,3,SATISFIED,1.0178,91492750.0,9253.0
SAL-Ei-LM,bom_deep_7_3_15_5_No1_p10_ao63_am15_2_m10_ao63_am10_1,63,4,SATISFIED,1.0218,91496390.0,4607.0
SAL-Ei-LM,bom_deep_7_3_15_5_No1_p10_ao63_am15_2_m10_ao63_am10_1,63,5,SATISFIED,1.02,91488011.0,4641.0
SAL-Ei-LM,bom_deep_7_3_15_5_No1_p10_ao63_am15_2_m10_ao63_am10_1,63,6,SATISFIED,1.0186,91495870.0,6115.0
SAL-Ei-LM,bom_deep_7_3_15_5_No1_p10_ao63_am15_2_m10_ao63_am10_1,63,7,SATISFIED,1.0208,91495323.0,8989.0
SAL-Ei-LM,bom_deep_7_3_15_5_No1_p10_ao63_am15_2_m10_ao63_am10_1,63,8,SATISFIED,1.0187,91491645.0,8699.0
SAL-Ei-LM,bom_deep_7_3_15_5_No1_p10_ao63_am15_2_m10_ao63_am10_1,63,9,SATISFIED,1.0191,91488005.0,8975.0
SAL-Ei-LM,bom_deep_7_3_15_5_No1_p10_ao63_am15_2_m10_ao63_am10_1,63,10,SATISFIED,1.02,91486895.0,8858.0
SAL-Ei-LM,bom_deep_7_3_15_5_No1_p10_ao63_am15_2_m10_ao63_am10_2,63,1,SATISFIED,1.0189,392140525.0,8591.0
SAL-Ei-LM,bom_deep_7_3_15_5_No1_p10_ao63_am15_2_m10_ao63_am10_2,63,2,SATISFIED,1.021,383045982.0,6197.0
SAL-Ei-LM,bom_deep_7_3_15_5_No1_p10_ao63_am15_2_m10_ao63_am10_2,63,3,SATISFIED,1.0195,391502975.0,4690.0
SAL-Ei-LM,bom_deep_7_3_15_5_No1_p10_ao63_am15_2_m10_ao63_am10_2,63,4,SATISFIED,1.02,383282800.0,7011.0
SAL-Ei-LM,bom_deep_7_3_15_5_No1_p10_ao63_am15_2_m10_ao63_am10_2,63,5,SATISFIED,1.02,383369268.0,7520.0
SAL-Ei-LM,bom_deep_7_3_15_5_No1_p10_ao63_am15_2_m10_ao63_am10_2,63,6,SATISFIED,1.0201,383357455.0,4717.0
SAL-Ei-LM,bom_deep_7_3_15_5_No1_p10_ao63_am15_2_m10_ao63_am10_2,63,7,SATISFIED,1.0217,383283010.0,5301.0
SAL-Ei-LM,bom_deep_7_3_15_5_No1_p10_ao63_am15_2_m10_ao63_am10_2,63,8,SATISFIED,1.0199,383454211.0,8044.0
SAL-Ei-LM,bom_deep_7_3_15_5_No1_p10_ao63_am15_2_m10_ao63_am10_2,63,9,SATISFIED,1.0178,383339040.0,8349.0
SAL-Ei-LM,bom_deep_7_3_15_5_No1_p10_ao63_am15_2_m10_ao63_am10_2,63,10,SATISFIED,1.0198,383625732.0,5400.0
SAL-Ei-LM,bom_deep_7_3_15_5_No1_p10_ao63_am15_2_m10_ao63_am10_3,63,1,SATISFIED,1.0185,69935750.0,4530.0
SAL-Ei-LM,bom_deep_7_3_15_5_No1_p10_ao63_am15_2_m10_ao63_am10_3,63,2,SATISFIED,1.0172,69895000.0,4855.0
SAL-Ei-LM,bom_deep_7_3_15_5_No1_p10_ao63_am15_2_m10_ao63_am10_3,63,3,SATISFIED,1.0162,69561050.0,7856.0
SAL-Ei-LM,bom_deep_7_3_15_5_No1_p10_ao63_am15_2_m10_ao63_am10_3,63,4,SATISFIED,1.016,69927000.0,8277.0
SAL-Ei-LM,bom_deep_7_3_15_5_No1_p10_ao63_am15_2_m10_ao63_am10_3,63,5,SATISFIED,1.0194,70124533.0,4593.0
SAL-Ei-LM,bom_deep_7_3_15_5_No1_p10_ao63_am15_2_m10_ao63_am10_3,63,6,SATISFIED,1.0191,69648265.0,5071.0
SAL-Ei-LM,bom_deep_7_3_15_5_No1_p10_ao63_am15_2_m10_ao63_am10_3,63,7,SATISFIED,1.0204,69640246.0,4512.0
SAL-Ei-LM,bom_deep_7_3_15_5_No1_p10_ao63_am15_2_m10_ao63_am10_3,63,8,SATISFIED,1.0209,69949772.0,4420.0
SAL-Ei-LM,bom_deep_7_3_15_5_No1_p10_ao63_am15_2_m10_ao63_am10_3,63,9,SATISFIED,1.0184,69925805.0,4891.0
SAL-Ei-LM,bom_deep_7_3_15_5_No1_p10_ao63_am15_2_m10_ao63_am10_3,63,10,SATISFIED,1.0192,69538944.0,7879.0
SAL-Ei-LM,bom_deep_7_3_15_5_No1_p10_ao63_am15_2_m10_ao63_am10_4,63,1,SATISFIED,1.0175,63431974.0,9057.0
SAL-Ei-LM,bom_deep_7_3_15_5_No1_p10_ao63_am15_2_m10_ao63_am10_4,63,2,SATISFIED,1.0189,63216982.0,9146.0
SAL-Ei-LM,bom_deep_7_3_15_5_No1_p10_ao63_am15_2_m10_ao63_am10_4,63,3,SATISFIED,1.022,60731437.0,8804.0
SAL-Ei-LM,bom_deep_7_3_15_5_No1_p10_ao63_am15_2_m10_ao63_am10_4,63,4,SATISFIED,1.0189,63817731.0,8780.0
SAL-Ei-LM,bom_deep_7_3_15_5_No1_p10_ao63_am15_2_m10_ao63_am10_4,63,5,SATISFIED,1.0206,63907675.0,4981.0
SAL-Ei-LM,bom_deep_7_3_15_5_No1_p10_ao63_am15_2_m10_ao63_am10_4,63,6,SATISFIED,1.0201,64889460.0,5243.0
SAL-Ei-LM,bom_deep_7_3_15_5_No1_p10_ao63_am15_2_m10_ao63_am10_4,63,7,SATISFIED,1.0187,67882993.0,8416.0
SAL-Ei-LM,bom_deep_7_3_15_5_No1_p10_ao63_am15_2_m10_ao63_am10_4,63,8,SATISFIED,1.0195,66939237.0,7564.0
SAL-Ei-LM,bom_deep_7_3_15_5_No1_p10_ao63_am15_2_m10_ao63_am10_4,63,9,SATISFIED,1.0199,63873648.0,4825.0
SAL-Ei-LM,bom_deep_7_3_15_5_No1_p10_ao63_am15_2_m10_ao63_am10_4,63,10,SATISFIED,1.0184,63977686.0,5408.0
SAL-Ei-LM,bom_deep_7_3_15_5_No1_p10_ao63_am15_2_m10_ao63_am10_5,63,1,SATISFIED,1.019,137616500.0,8947.0
SAL-Ei-LM,bom_deep_7_3_15_5_No1_p10_ao63_am15_2_m10_ao63_am10_5,63,2,SATISFIED,1.0215,141169985.0,4969.0
SAL-Ei-LM,bom_deep_7_3_15_5_No1_p10_ao63_am15_2_m10_ao63_am10_5,63,3,SATISFIED,1.02,137688360.0,5347.0
SAL-Ei-LM,bom_deep_7_3_15_5_No1_p10_ao63_am15_2_m10_ao63_am10_5,63,4,SATISFIED,1.0211,137586085.0,8725.0
SAL-Ei-LM,bom_deep_7_3_15_5_No1_p10_ao63_am15_2_m10_ao63_am10_5,63,5,SATISFIED,1.0197,137597805.0,8170.0
SAL-Ei-LM,bom_deep_7_3_15_5_No1_p10_ao63_am15_2_m10_ao63_am10_5,63,6,SATISFIED,1.0286,137602808.0,4726.0
SAL-Ei-LM,bom_deep_7_3_15_5_No1_p10_ao63_am15_2_m10_ao63_am10_5,63,7,SATISFIED,1.0224,137612445.0,5020.0
SAL-Ei-LM,bom_deep_7_3_15_5_No1_p10_ao63_am15_2_m10_ao63_am10_5,63,8,SATISFIED,1.0224,138451041.0,5551.0
SAL-Ei-LM,bom_deep_7_3_15_5_No1_p10_ao63_am15_2_m10_ao63_am10_5,63,9,SATISFIED,1.0219,137640840.0,5032.0
SAL-Ei-LM,bom_deep_7_3_15_5_No1_p10_ao63_am15_2_m10_ao63_am10_5,63,10,SATISFIED,1.0184,138469190.0,5392.0
SAL-Ei-LM,bom_deep_7_3_15_5_No1_p10_ao63_am15_2_m25_ao63_am25_1,63,1,SATISFIED,1.0183,83752189.0,6519.0
SAL-Ei-LM,bom_deep_7_3_15_5_No1_p10_ao63_am15_2_m25_ao63_am25_1,63,2,SATISFIED,1.0184,81733324.0,7334.0
SAL-Ei-LM,bom_deep_7_3_15_5_No1_p10_ao63_am15_2_m25_ao63_am25_1,63,3,SATISFIED,1.0176,83704606.0,7284.0
SAL-Ei-LM,bom_deep_7_3_15_5_No1_p10_ao63_am15_2_m25_ao63_am25_1,63,4,SATISFIED,1.0184,82361889.0,7039.0
SAL-Ei-LM,bom_deep_7_3_15_5_No1_p10_ao63_am15_2_m25_ao63_am25_1,63,5,SATISFIED,1.0215,78018517.0,7274.0
SAL-Ei-LM,bom_deep_7_3_15_5_No1_p10_ao63_am15_2_m25_ao63_am25_1,63,6,SATISFIED,1.0186,87084336.0,7001.0
SAL-Ei-LM,bom_deep_7_3_15_5_No1_p10_ao63_am15_2_m25_ao63_am25_1,63,7,SATISFIED,1.0181,81360083.0,7164.0
SAL-Ei-LM,bom_deep_7_3_15_5_No1_p10_ao63_am15_2_m25_ao63_am25_1,63,8,SATISFIED,1.0178,80584070.0,7271.0
SAL-Ei-LM,bom_deep_7_3_15_5_No1_p10_ao63_am15_2_m25_ao63_am25_1,63,9,SATISFIED,1.0205,81041009.0,4485.0
SAL-Ei-LM,bom_deep_7_3_15_5_No1_p10_ao63_am15_2_m25_ao63_am25_1,63,10,SATISFIED,1.0224,80120690.0,3776.0
SAL-Ei-LM,bom_deep_7_3_15_5_No1_p10_ao63_am15_2_m25_ao63_am25_2,63,1,SATISFIED,1.023,46906114.0,4141.0
SAL-Ei-LM,bom_deep_7_3_15_5_No1_p10_ao63_am15_2_m25_ao63_am25_2,63,2,SATISFIED,1.0214,49250145.0,6783.0
SAL-Ei-LM,bom_deep_7_3_15_5_No1_p10_ao63_am15_2_m25_ao63_am25_2,63,3,SATISFIED,1.0202,51610761.0,7201.0
SAL-Ei-LM,bom_deep_7_3_15_5_No1_p10_ao63_am15_2_m25_ao63_am25_2,63,4,SATISFIED,1.0199,52093533.0,7128.0
SAL-Ei-LM,bom_deep_7_3_15_5_No1_p10_ao63_am15_2_m25_ao63_am25_2,63,5,SATISFIED,1.0195,55905938.0,7155.0
SAL-Ei-LM,bom_deep_7_3_15_5_No1_p10_ao63_am15_2_m25_ao63_am25_2,63,6,SATISFIED,1.0199,51307176.0,7068.0
SAL-Ei-LM,bom_deep_7_3_15_5_No1_p10_ao63_am15_2_m25_ao63_am25_2,63,7,SATISFIED,1.0198,51086904.0,7139.0
SAL-Ei-LM,bom_deep_7_3_15_5_No1_p10_ao63_am15_2_m25_ao63_am25_2,63,8,SATISFIED,1.0212,55649270.0,7136.0
SAL-Ei-LM,bom_deep_7_3_15_5_No1_p10_ao63_am15_2_m25_ao63_am25_2,63,9,SATISFIED,1.0196,49781878.0,7152.0
SAL-Ei-LM,bom_deep_7_3_15_5_No1_p10_ao63_am15_2_m25_ao63_am25_2,63,10,SATISFIED,1.019,48948713.0,7167.0
SAL-Ei-LM,bom_deep_7_3_15_5_No1_p10_ao63_am15_2_m25_ao63_am25_3,63,1,SATISFIED,1.0198,46094209.0,7154.0
SAL-Ei-LM,bom_deep_7_3_15_5_No1_p10_ao63_am15_2_m25_ao63_am25_3,63,2,SATISFIED,1.0201,43935810.0,7164.0
SAL-Ei-LM,bom_deep_7_3_15_5_No1_p10_ao63_am15_2_m25_ao63_am25_3,63,3,SATISFIED,1.0198,43954638.0,7199.0
SAL-Ei-LM,bom_deep_7_3_15_5_No1_p10_ao63_am15_2_m25_ao63_am25_3,63,4,SATISFIED,1.02,50232650.0,4017.0
SAL-Ei-LM,bom_deep_7_3_15_5_No1_p10_ao63_am15_2_m25_ao63_am25_3,63,5,SATISFIED,1.0223,47465614.0,4077.0
SAL-Ei-LM,bom_deep_7_3_15_5_No1_p10_ao63_am15_2_m25_ao63_am25_3,63,6,SATISFIED,1.0201,44147748.0,6517.0
SAL-Ei-LM,bom_deep_7_3_15_5_No1_p10_ao63_am15_2_m25_ao63_am25_3,63,7,SATISFIED,1.0183,45894446.0,7249.0
SAL-Ei-LM,bom_deep_7_3_15_5_No1_p10_ao63_am15_2_m25_ao63_am25_3,63,8,SATISFIED,1.021,52479895.0,7106.0
SAL-Ei-LM,bom_deep_7_3_15_5_No1_p10_ao63_am15_2_m25_ao63_am25_3,63,9,SATISFIED,1.0212,45539487.0,7262.0
SAL-Ei-LM,bom_deep_7_3_15_5_No1_p10_ao63_am15_2_m25_ao63_am25_3,63,10,SATISFIED,1.0219,48082975.0,7279.0
SAL-Ei-LM,bom_deep_7_3_15_5_No1_p10_ao63_am15_2_m25_ao63_am25_4,63,1,SATISFIED,1.0214,20041999.0,7046.0
SAL-Ei-LM,bom_deep_7_3_15_5_No1_p10_ao63_am15_2_m25_ao63_am25_4,63,2,SATISFIED,1.0213,19365464.0,6971.0
SAL-Ei-LM,bom_deep_7_3_15_5_No1_p10_ao63_am15_2_m25_ao63_am25_4,63,3,SATISFIED,1.0207,23622951.0,7056.0
SAL-Ei-LM,bom_deep_7_3_15_5_No1_p10_ao63_am15_2_m25_ao63_am25_4,63,4,SATISFIED,1.0187,21048029.0,6930.0
SAL-Ei-LM,bom_deep_7_3_15_5_No1_p10_ao63_am15_2_m25_ao63_am25_4,63,5,SATISFIED,1.021,21537710.0,7005.0
SAL-Ei-LM,bom_deep_7_3_15_5_No1_p10_ao63_am15_2_m25_ao63_am25_4,63,6,SATISFIED,1.0234,25405076.0,3601.0
SAL-Ei-LM,bom_deep_7_3_15_5_No1_p10_ao63_am15_2_m25_ao63_am25_4,63,7,SATISFIED,1.0217,25505813.0,3565.0
SAL-Ei-LM,bom_deep_7_3_15_5_No1_p10_ao63_am15_2_m25_ao63_am25_4,63,8,SATISFIED,1.0205,23971634.0,4132.0
SAL-Ei-LM,bom_deep_7_3_15_5_No1_p10_ao63_am15_2_m25_ao63_am25_4,63,9,SATISFIED,1.0183,21655685.0,6632.0
SAL-Ei-LM,bom_deep_7_3_15_5_No1_p10_ao63_am15_2_m25_ao63_am25_4,63,10,SATISFIED,1.0185,26348913.0,6899.0
SAL-Ei-LM,bom_deep_7_3_15_5_No1_p10_ao63_am15_2_m25_ao63_am25_5,63,1,SATISFIED,1.0181,68930358.0,7212.0
SAL-Ei-LM,bom_deep_7_3_15_5_No1_p10_ao63_am15_2_m25_ao63_am25_5,63,2,SATISFIED,1.0174,59567039.0,7225.0
SAL-Ei-LM,bom_deep_7_3_15_5_No1_p10_ao63_am15_2_m25_ao63_am25_5,63,3,SATISFIED,1.0199,65973033.0,4203.0
SAL-Ei-LM,bom_deep_7_3_15_5_No1_p10_ao63_am15_2_m25_ao63_am25_5,63,4,SATISFIED,1.0227,69093400.0,3930.0
SAL-Ei-LM,bom_deep_7_3_15_5_No1_p10_ao63_am15_2_m25_ao63_am25_5,63,5,SATISFIED,1.0241,64182428.0,6321.0
SAL-Ei-LM,bom_deep_7_3_15_5_No1_p10_ao63_am15_2_m25_ao63_am25_5,63,6,SATISFIED,1.0192,66944422.0,6979.0
SAL-Ei-LM,bom_deep_7_3_15_5_No1_p10_ao63_am15_2_m25_ao63_am25_5,63,7,SATISFIED,1.0189,65642064.0,7042.0
SAL-Ei-LM,bom_deep_7_3_15_5_No1_p10_ao63_am15_2_m25_ao63_am25_5,63,8,SATISFIED,1.0156,66450133.0,3651.0
SAL-Ei-LM,bom_deep_7_3_15_5_No1_p10_ao63_am15_2_m25_ao63_am25_5,63,9,SATISFIED,1.0184,72935714.0,4022.0
SAL-Ei-LM,bom_deep_7_3_15_5_No1_p10_ao63_am15_2_m25_ao63_am25_5,63,10,SATISFIED,1.016,66062529.0,6496.0
SAL-Ei-LM,bom_deep_7_3_15_5_No1_p10_ao63_am15_3,63,1,SATISFIED,1.0201,163297485.0,8216.0
SAL-Ei-LM,bom_deep_7_3_15_5_No1_p10_ao63_am15_3,63,2,SATISFIED,1.0165,163413080.0,7993.0
SAL-Ei-LM,bom_deep_7_3_15_5_No1_p10_ao63_am15_3,63,3,SATISFIED,1.0167,163532930.0,7991.0
SAL-Ei-LM,bom_deep_7_3_15_5_No1_p10_ao63_am15_3,63,4,SATISFIED,1.016,163438135.0,7936.0
SAL-Ei-LM,bom_deep_7_3_15_5_No1_p10_ao63_am15_3,63,5,SATISFIED,1.0179,163472350.0,8267.0
SAL-Ei-LM,bom_deep_7_3_15_5_No1_p10_ao63_am15_3,63,6,SATISFIED,1.0171,163626665.0,5993.0
SAL-Ei-LM,bom_deep_7_3_15_5_No1_p10_ao63_am15_3,63,7,SATISFIED,1.018,163953935.0,4300.0
SAL-Ei-LM,bom_deep_7_3_15_5_No1_p10_ao63_am15_3,63,8,SATISFIED,1.021,164476140.0,6363.0
SAL-Ei-LM,bom_deep_7_3_15_5_No1_p10_ao63_am15_3,63,9,SATISFIED,1.0216,163668175.0,8122.0
SAL-Ei-LM,bom_deep_7_3_15_5_No1_p10_ao63_am15_3,63,10,SATISFIED,1.0191,163687435.0,7908.0
SAL-Ei-LM,bom_deep_7_3_15_5_No1_p10_ao63_am15_3_m10_ao63_am10_1,63,1,SATISFIED,1.021,145199243.0,9155.0
SAL-Ei-LM,bom_deep_7_3_15_5_No1_p10_ao63_am15_3_m10_ao63_am10_1,63,2,SATISFIED,1.0218,141678805.0,9396.0
SAL-Ei-LM,bom_deep_7_3_15_5_No1_p10_ao63_am15_3_m10_ao63_am10_1,63,3,SATISFIED,1.0205,143957947.0,6534.0
SAL-Ei-LM,bom_deep_7_3_15_5_No1_p10_ao63_am15_3_m10_ao63_am10_1,63,4,SATISFIED,1.0196,141677170.0,5145.0
SAL-Ei-LM,bom_deep_7_3_15_5_No1_p10_ao63_am15_3_m10_ao63_am10_1,63,5,SATISFIED,1.0222,141679445.0,8068.0
SAL-Ei-LM,bom_deep_7_3_15_5_No1_p10_ao63_am15_3_m10_ao63_am10_1,63,6,SATISFIED,1.0194,144006942.0,9468.0
SAL-Ei-LM,bom_deep_7_3_15_5_No1_p10_ao63_am15_3_m10_ao63_am10_1,63,7,SATISFIED,1.0234,141680860.0,4882.0
SAL-Ei-LM,bom_deep_7_3_15_5_No1_p10_ao63_am15_3_m10_ao63_am10_1,63,8,SATISFIED,1.021,144162926.0,5062.0
SAL-Ei-LM,bom_deep_7_3_15_5_No1_p10_ao63_am15_3_m10_ao63_am10_1,63,9,SATISFIED,1.0205,144159147.0,6755.0
SAL-Ei-LM,bom_deep_7_3_15_5_No1_p10_ao63_am15_3_m10_ao63_am10_1,63,10,SATISFIED,1.0237,147306750.0,4896.0
SAL-Ei-LM,bom_deep_7_3_15_5_No1_p10_ao63_am15_3_m10_ao63_am10_2,63,1,SATISFIED,1.0233,237362858.0,4812.0
SAL-Ei-LM,bom_deep_7_3_15_5_No1_p10_ao63_am15_3_m10_ao63_am10_2,63,2,SATISFIED,1.0206,247644220.0,6133.0
SAL-Ei-LM,bom_deep_7_3_15_5_No1_p10_ao63_am15_3_m10_ao63_am10_2,63,3,SATISFIED,1.0174,247521583.0,9001.0
SAL-Ei-LM,bom_deep_7_3_15_5_No1_p10_ao63_am15_3_m10_ao63_am10_2,63,4,SATISFIED,1.0195,247510338.0,9088.0
SAL-Ei-LM,bom_deep_7_3_15_5_No1_p10_ao63_am15_3_m10_ao63_am10_2,63,5,SATISFIED,1.0182,248115600.0,9054.0
SAL-Ei-LM,bom_deep_7_3_15_5_No1_p10_ao63_am15_3_m10_ao63_am10_2,63,6,SATISFIED,1.0178,234678332.0,9042.0
SAL-Ei-LM,bom_deep_7_3_15_5_No1_p10_ao63_am15_3_m10_ao63_am10_2,63,7,SATISFIED,1.0177,234080983.0,8980.0
SAL-Ei-LM,bom_deep_7_3_15_5_No1_p10_ao63_am15_3_m10_ao63_am10_2,63,8,SATISFIED,1.0179,235538245.0,9241.0
SAL-Ei-LM,bom_deep_7_3_15_5_No1_p10_ao63_am15_3_m10_ao63_am10_2,63,9,SATISFIED,1.0184,247512093.0,9303.0
SAL-Ei-LM,bom_deep_7_3_15_5_No1_p10_ao63_am15_3_m10_ao63_am10_2,63,10,SATISFIED,1.0173,247641295.0,9224.0
SAL-Ei-LM,bom_deep_7_3_15_5_No1_p10_ao63_am15_3_m10_ao63_am10_3,63,1,SATISFIED,1.0217,162020657.0,8047.0
SAL-Ei-LM,bom_deep_7_3_15_5_No1_p10_ao63_am15_3_m10_ao63_am10_3,63,2,SATISFIED,1.0205,165185998.0,4719.0
SAL-Ei-LM,bom_deep_7_3_15_5_No1_p10_ao63_am15_3_m10_ao63_am10_3,63,3,SATISFIED,1.022,162498780.0,5572.0
SAL-Ei-LM,bom_deep_7_3_15_5_No1_p10_ao63_am15_3_m10_ao63_am10_3,63,4,SATISFIED,1.0193,167503980.0,8749.0
SAL-Ei-LM,bom_deep_7_3_15_5_No1_p10_ao63_am15_3_m10_ao63_am10_3,63,5,SATISFIED,1.0181,156832201.0,8653.0
SAL-Ei-LM,bom_deep_7_3_15_5_No1_p10_ao63_am15_3_m10_ao63_am10_3,63,6,SATISFIED,1.0211,160877057.0,6229.0
SAL-Ei-LM,bom_deep_7_3_15_5_No1_p10_ao63_am15_3_m10_ao63_am10_3,63,7,SATISFIED,1.0214,176345788.0,4713.0
SAL-Ei-LM,bom_deep_7_3_15_5_No1_p10_ao63_am15_3_m10_ao63_am10_3,63,8,SATISFIED,1.0182,168785296.0,6883.0
SAL-Ei-LM,bom_deep_7_3_15_5_No1_p10_ao63_am15_3_m10_ao63_am10_3,63,9,SATISFIED,1.0172,163571829.0,8627.0
SAL-Ei-LM,bom_deep_7_3_15_5_No1_p10_ao63_am15_3_m10_ao63_am10_3,63,10,SATISFIED,1.0188,173110905.0,8510.0
SAL-Ei-LM,bom_deep_7_3_15_5_No1_p10_ao63_am15_3_m10_ao63_am10_4,63,1,SATISFIED,1.02,200548475.0,9165.0
SAL-Ei-LM,bom_deep_7_3_15_5_No1_p10_ao63_am15_3_m10_ao63_am10_4,63,2,SATISFIED,1.0192,200554533.0,9204.0
SAL-Ei-LM,bom_deep_7_3_15_5_No1_p10_ao63_am15_3_m10_ao63_am10_4,63,3,SATISFIED,1.019,200621137.0,8793.0
SAL-Ei-LM,bom_deep_7_3_15_5_No1_p10_ao63_am15_3_m10_ao63_am10_4,63,4,SATISFIED,1.0183,200617155.0,8844.0
SAL-Ei-LM,bom_deep_7_3_15_5_No1_p10_ao63_am15_3_m10_ao63_am10_4,63,5,SATISFIED,1.0193,200577505.0,9287.0
SAL-Ei-LM,bom_deep_7_3_15_5_No1_p10_ao63_am15_3_m10_ao63_am10_4,63,6,SATISFIED,1.0198,200550249.0,4650.0
SAL-Ei-LM,bom_deep_7_3_15_5_No1_p10_ao63_am15_3_m10_ao63_am10_4,63,7,SATISFIED,1.0211,200549550.0,4822.0
SAL-Ei-LM,bom_deep_7_3_15_5_No1_p10_ao63_am15_3_m10_ao63_am10_4,63,8,SATISFIED,1.0168,200548002.0,4872.0
SAL-Ei-LM,bom_deep_7_3_15_5_No1_p10_ao63_am15_3_m10_ao63_am10_4,63,9,SATISFIED,1.0143,200549550.0,6424.0
SAL-Ei-LM,bom_deep_7_3_15_5_No1_p10_ao63_am15_3_m10_ao63_am10_4,63,10,SATISFIED,1.01,200606281.0,9056.0
SAL-Ei-LM,bom_deep_7_3_15_5_No1_p10_ao63_am15_3_m10_ao63_am10_5,63,1,SATISFIED,1.0113,205693363.0,8730.0
SAL-Ei-LM,bom_deep_7_3_15_5_No1_p10_ao63_am15_3_m10_ao63_am10_5,63,2,SATISFIED,1.0108,207461008.0,8621.0
SAL-Ei-LM,bom_deep_7_3_15_5_No1_p10_ao63_am15_3_m10_ao63_am10_5,63,3,SATISFIED,1.0108,207341103.0,8774.0
SAL-Ei-LM,bom_deep_7_3_15_5_No1_p10_ao63_am15_3_m10_ao63_am10_5,63,4,SATISFIED,1.0106,207349023.0,8708.0
SAL-Ei-LM,bom_deep_7_3_15_5_No1_p10_ao63_am15_3_m10_ao63_am10_5,63,5,SATISFIED,1.0099,206841609.0,8574.0
SAL-Ei-LM,bom_deep_7_3_15_5_No1_p10_ao63_am15_3_m10_ao63_am10_5,63,6,SATISFIED,1.0106,205258097.0,8612.0
SAL-Ei-LM,bom_deep_7_3_15_5_No1_p10_ao63_am15_3_m10_ao63_am10_5,63,7,SATISFIED,1.0147,205594765.0,4439.0
SAL-Ei-LM,bom_deep_7_3_15_5_No1_p10_ao63_am15_3_m10_ao63_am10_5,63,8,SATISFIED,1.0228,213822930.0,4526.0
SAL-Ei-LM,bom_deep_7_3_15_5_No1_p10_ao63_am15_3_m10_ao63_am10_5,63,9,SATISFIED,1.0205,214258818.0,6428.0
SAL-Ei-LM,bom_deep_7_3_15_5_No1_p10_ao63_am15_3_m10_ao63_am10_5,63,10,SATISFIED,1.0195,206237616.0,8749.0
SAL-Ei-LM,bom_deep_7_3_15_5_No1_p10_ao63_am15_3_m25_ao63_am25_1,63,1,SATISFIED,1.0213,66752522.0,7275.0
SAL-Ei-LM,bom_deep_7_3_15_5_No1_p10_ao63_am15_3_m25_ao63_am25_1,63,2,SATISFIED,1.0215,70523004.0,7284.0
SAL-Ei-LM,bom_deep_7_3_15_5_No1_p10_ao63_am15_3_m25_ao63_am25_1,63,3,SATISFIED,1.0208,71700572.0,7308.0
SAL-Ei-LM,bom_deep_7_3_15_5_No1_p10_ao63_am15_3_m25_ao63_am25_1,63,4,SATISFIED,1.0208,71336103.0,7160.0
SAL-Ei-LM,bom_deep_7_3_15_5_No1_p10_ao63_am15_3_m25_ao63_am25_1,63,5,SATISFIED,1.0219,79009266.0,7189.0
SAL-Ei-LM,bom_deep_7_3_15_5_No1_p10_ao63_am15_3_m25_ao63_am25_1,63,6,SATISFIED,1.0233,65622491.0,7060.0
SAL-Ei-LM,bom_deep_7_3_15_5_No1_p10_ao63_am15_3_m25_ao63_am25_1,63,7,SATISFIED,1.0222,71180381.0,3867.0
SAL-Ei-LM,bom_deep_7_3_15_5_No1_p10_ao63_am15_3_m25_ao63_am25_1,63,8,SATISFIED,1.023,91245380.0,3854.0
SAL-Ei-LM,bom_deep_7_3_15_5_No1_p10_ao63_am15_3_m25_ao63_am25_1,63,9,SATISFIED,1.0206,77490961.0,5112.0
SAL-Ei-LM,bom_deep_7_3_15_5_No1_p10_ao63_am15_3_m25_ao63_am25_1,63,10,SATISFIED,1.019,74236115.0,7344.0
SAL-Ei-LM,bom_deep_7_3_15_5_No1_p10_ao63_am15_3_m25_ao63_am25_2,63,1,SATISFIED,1.021,115814540.0,7271.0
SAL-Ei-LM,bom_deep_7_3_15_5_No1_p10_ao63_am15_3_m25_ao63_am25_2,63,2,SATISFIED,1.0211,123638311.0,7202.0
SAL-Ei-LM,bom_deep_7_3_15_5_No1_p10_ao63_am15_3_m25_ao63_am25_2,63,3,SATISFIED,1.0225,99777754.0,3596.0
SAL-Ei-LM,bom_deep_7_3_15_5_No1_p10_ao63_am15_3_m25_ao63_am25_2,63,4,SATISFIED,1.0187,100124920.0,3656.0
SAL-Ei-LM,bom_deep_7_3_15_5_No1_p10_ao63_am15_3_m25_ao63_am25_2,63,5,SATISFIED,1.0204,103980993.0,4961.0
SAL-Ei-LM,bom_deep_7_3_15_5_No1_p10_ao63_am15_3_m25_ao63_am25_2,63,6,SATISFIED,1.0192,126326320.0,7218.0
SAL-Ei-LM,bom_deep_7_3_15_5_No1_p10_ao63_am15_3_m25_ao63_am25_2,63,7,SATISFIED,1.0185,113459287.0,7017.0
SAL-Ei-LM,bom_deep_7_3_15_5_No1_p10_ao63_am15_3_m25_ao63_am25_2,63,8,SATISFIED,1.0198,99456670.0,3718.0
SAL-Ei-LM,bom_deep_7_3_15_5_No1_p10_ao63_am15_3_m25_ao63_am25_2,63,9,SATISFIED,1.0191,130298170.0,3774.0
SAL-Ei-LM,bom_deep_7_3_15_5_No1_p10_ao63_am15_3_m25_ao63_am25_2,63,10,SATISFIED,1.0203,124451371.0,3976.0
SAL-Ei-LM,bom_deep_7_3_15_5_No1_p10_ao63_am15_3_m25_ao63_am25_3,63,1,SATISFIED,1.0192,30719166.0,6021.0
SAL-Ei-LM,bom_deep_7_3_15_5_No1_p10_ao63_am15_3_m25_ao63_am25_3,63,2,SATISFIED,1.0174,26174272.0,7186.0
SAL-Ei-LM,bom_deep_7_3_15_5_No1_p10_ao63_am15_3_m25_ao63_am25_3,63,3,SATISFIED,1.0176,29316926.0,7154.0
SAL-Ei-LM,bom_deep_7_3_15_5_No1_p10_ao63_am15_3_m25_ao63_am25_3,63,4,SATISFIED,1.018,31144709.0,7200.0
SAL-Ei-LM,bom_deep_7_3_15_5_No1_p10_ao63_am15_3_m25_ao63_am25_3,63,5,SATISFIED,1.0182,27767085.0,7178.0
SAL-Ei-LM,bom_deep_7_3_15_5_No1_p10_ao63_am15_3_m25_ao63_am25_3,63,6,SATISFIED,1.0228,30757439.0,3557.0
SAL-Ei-LM,bom_deep_7_3_15_5_No1_p10_ao63_am15_3_m25_ao63_am25_3,63,7,SATISFIED,1.0212,30074514.0,3973.0
SAL-Ei-LM,bom_deep_7_3_15_5_No1_p10_ao63_am15_3_m25_ao63_am25_3,63,8,SATISFIED,1.0205,30992632.0,6470.0
SAL-Ei-LM,bom_deep_7_3_15_5_No1_p10_ao63_am15_3_m25_ao63_am25_3,63,9,SATISFIED,1.0189,30277080.0,6850.0
SAL-Ei-LM,bom_deep_7_3_15_5_No1_p10_ao63_am15_3_m25_ao63_am25_3,63,10,SATISFIED,1.0187,25229494.0,7199.0
SAL-Ei-LM,bom_deep_7_3_15_5_No1_p10_ao63_am15_3_m25_ao63_am25_4,63,1,SATISFIED,1.0185,25995495.0,7160.0
SAL-Ei-LM,bom_deep_7_3_15_5_No1_p10_ao63_am15_3_m25_ao63_am25_4,63,2,SATISFIED,1.0207,30863998.0,3479.0
SAL-Ei-LM,bom_deep_7_3_15_5_No1_p10_ao63_am15_3_m25_ao63_am25_4,63,3,SATISFIED,1.0228,29237791.0,3741.0
SAL-Ei-LM,bom_deep_7_3_15_5_No1_p10_ao63_am15_3_m25_ao63_am25_4,63,4,SATISFIED,1.0243,27825949.0,3728.0
SAL-Ei-LM,bom_deep_7_3_15_5_No1_p10_ao63_am15_3_m25_ao63_am25_4,63,5,SATISFIED,1.021,30656891.0,3614.0
SAL-Ei-LM,bom_deep_7_3_15_5_No1_p10_ao63_am15_3_m25_ao63_am25_4,63,6,SATISFIED,1.019,31846798.0,4675.0
SAL-Ei-LM,bom_deep_7_3_15_5_No1_p10_ao63_am15_3_m25_ao63_am25_4,63,7,SATISFIED,1.0155,27029647.0,6764.0
SAL-Ei-LM,bom_deep_7_3_15_5_No1_p10_ao63_am15_3_m25_ao63_am25_4,63,8,SATISFIED,1.0148,28804750.0,6951.0
SAL-Ei-LM,bom_deep_7_3_15_5_No1_p10_ao63_am15_3_m25_ao63_am25_4,63,9,SATISFIED,1.0176,28473021.0,3611.0
SAL-Ei-LM,bom_deep_7_3_15_5_No1_p10_ao63_am15_3_m25_ao63_am25_4,63,10,SATISFIED,1.0195,28391523.0,3630.0
SAL-Ei-LM,bom_deep_7_3_15_5_No1_p10_ao63_am15_3_m25_ao63_am25_5,63,1,SATISFIED,1.017,31990363.0,4727.0
SAL-Ei-LM,bom_deep_7_3_15_5_No1_p10_ao63_am15_3_m25_ao63_am25_5,63,2,SATISFIED,1.0153,29532342.0,7170.0
SAL-Ei-LM,bom_deep_7_3_15_5_No1_p10_ao63_am15_3_m25_ao63_am25_5,63,3,SATISFIED,1.0152,28417358.0,7191.0
SAL-Ei-LM,bom_deep_7_3_15_5_No1_p10_ao63_am15_3_m25_ao63_am25_5,63,4,SATISFIED,1.0167,30187671.0,6881.0
SAL-Ei-LM,bom_deep_7_3_15_5_No1_p10_ao63_am15_3_m25_ao63_am25_5,63,5,SATISFIED,1.0188,29955329.0,6692.0
SAL-Ei-LM,bom_deep_7_3_15_5_No1_p10_ao63_am15_3_m25_ao63_am25_5,63,6,SATISFIED,1.0243,34043163.0,3828.0
SAL-Ei-LM,bom_deep_7_3_15_5_No1_p10_ao63_am15_3_m25_ao63_am25_5,63,7,SATISFIED,1.0235,32992873.0,4042.0
SAL-Ei-LM,bom_deep_7_3_15_5_No1_p10_ao63_am15_3_m25_ao63_am25_5,63,8,SATISFIED,1.0216,29660140.0,6705.0
SAL-Ei-LM,bom_deep_7_3_15_5_No1_p10_ao63_am15_3_m25_ao63_am25_5,63,9,SATISFIED,1.0216,32026437.0,7224.0
SAL-Ei-LM,bom_deep_7_3_15_5_No1_p10_ao63_am15_3_m25_ao63_am25_5,63,10,SATISFIED,1.0227,29079660.0,7133.0
SAL-Ei-LM,bom_deep_7_3_15_5_No1_p10_ao63_am15_4,63,1,SATISFIED,1.0201,107378805.0,8230.0
SAL-Ei-LM,bom_deep_7_3_15_5_No1_p10_ao63_am15_4,63,2,SATISFIED,1.0186,107550110.0,8238.0
SAL-Ei-LM,bom_deep_7_3_15_5_No1_p10_ao63_am15_4,63,3,SATISFIED,1.0206,106962255.0,8148.0
SAL-Ei-LM,bom_deep_7_3_15_5_No1_p10_ao63_am15_4,63,4,SATISFIED,1.0202,107574365.0,8080.0
SAL-Ei-LM,bom_deep_7_3_15_5_No1_p10_ao63_am15_4,63,5,SATISFIED,1.0207,107072855.0,7796.0
SAL-Ei-LM,bom_deep_7_3_15_5_No1_p10_ao63_am15_4,63,6,SATISFIED,1.0209,107433445.0,4272.0
SAL-Ei-LM,bom_deep_7_3_15_5_No1_p10_ao63_am15_4,63,7,SATISFIED,1.0204,107460920.0,4768.0
SAL-Ei-LM,bom_deep_7_3_15_5_No1_p10_ao63_am15_4,63,8,SATISFIED,1.019,107500220.0,7919.0
SAL-Ei-LM,bom_deep_7_3_15_5_No1_p10_ao63_am15_4,63,9,SATISFIED,1.0208,107077565.0,8147.0
SAL-Ei-LM,bom_deep_7_3_15_5_No1_p10_ao63_am15_4,63,10,SATISFIED,1.02,107559380.0,7964.0
SAL-Ei-LM,bom_deep_7_3_15_5_No1_p10_ao63_am15_4_m10_ao63_am10_1,63,1,SATISFIED,1.0199,133619425.0,9209.0
SAL-Ei-LM,bom_deep_7_3_15_5_No1_p10_ao63_am15_4_m10_ao63_am10_1,63,2,SATISFIED,1.0201,148249309.0,9086.0
SAL-Ei-LM,bom_deep_7_3_15_5_No1_p10_ao63_am15_4_m10_ao63_am10_1,63,3,SATISFIED,1.0204,135995722.0,9167.0
SAL-Ei-LM,bom_deep_7_3_15_5_No1_p10_ao63_am15_4_m10_ao63_am10_1,63,4,SATISFIED,1.0203,139504934.0,9122.0
SAL-Ei-LM,bom_deep_7_3_15_5_No1_p10_ao63_am15_4_m10_ao63_am10_1,63,5,SATISFIED,1.0202,150088711.0,9389.0
SAL-Ei-LM,bom_deep_7_3_15_5_No1_p10_ao63_am15_4_m10_ao63_am10_1,63,6,SATISFIED,1.0206,150137646.0,9238.0
SAL-Ei-LM,bom_deep_7_3_15_5_No1_p10_ao63_am15_4_m10_ao63_am10_1,63,7,SATISFIED,1.0199,144305020.0,9205.0
SAL-Ei-LM,bom_deep_7_3_15_5_No1_p10_ao63_am15_4_m10_ao63_am10_1,63,8,SATISFIED,1.0195,139795973.0,9290.0
SAL-Ei-LM,bom_deep_7_3_15_5_No1_p10_ao63_am15_4_m10_ao63_am10_1,63,9,SATISFIED,1.0196,136967357.0,9488.0
SAL-Ei-LM,bom_deep_7_3_15_5_No1_p10_ao63_am15_4_m10_ao63_am10_1,63,10,SATISFIED,1.0215,136775742.0,9262.0
SAL-Ei-LM,bom_deep_7_3_15_5_No1_p10_ao63_am15_4_m10_ao63_am10_2,63,1,SATISFIED,1.0197,182223285.0,9092.0
SAL-Ei-LM,bom_deep_7_3_15_5_No1_p10_ao63_am15_4_m10_ao63_am10_2,63,2,SATISFIED,1.0186,183285818.0,8763.0
SAL-Ei-LM,bom_deep_7_3_15_5_No1_p10_ao63_am15_4_m10_ao63_am10_2,63,3,SATISFIED,1.0217,183336375.0,4609.0
SAL-Ei-LM,bom_deep_7_3_15_5_No1_p10_ao63_am15_4_m10_ao63_am10_2,63,4,SATISFIED,1.0226,182840231.0,4780.0
SAL-Ei-LM,bom_deep_7_3_15_5_No1_p10_ao63_am15_4_m10_ao63_am10_2,63,5,SATISFIED,1.0204,182247751.0,6027.0
SAL-Ei-LM,bom_deep_7_3_15_5_No1_p10_ao63_am15_4_m10_ao63_am10_2,63,6,SATISFIED,1.0214,182218793.0,8837.0
SAL-Ei-LM,bom_deep_7_3_15_5_No1_p10_ao63_am15_4_m10_ao63_am10_2,63,7,SATISFIED,1.0206,183716273.0,8870.0
SAL-Ei-LM,bom_deep_7_3_15_5_No1_p10_ao63_am15_4_m10_ao63_am10_2,63,8,SATISFIED,1.0192,183512103.0,7790.0
SAL-Ei-LM,bom_deep_7_3_15_5_No1_p10_ao63_am15_4_m10_ao63_am10_2,63,9,SATISFIED,1.0241,183463994.0,4720.0
SAL-Ei-LM,bom_deep_7_3_15_5_No1_p10_ao63_am15_4_m10_ao63_am10_2,63,10,SATISFIED,1.0232,182188210.0,4628.0
SAL-Ei-LM,bom_deep_7_3_15_5_No1_p10_ao63_am15_4_m10_ao63_am10_3,63,1,SATISFIED,1.0201,140562489.0,5041.0
SAL-Ei-LM,bom_deep_7_3_15_5_No1_p10_ao63_am15_4_m10_ao63_am10_3,63,2,SATISFIED,1.0226,145080830.0,4549.0
SAL-Ei-LM,bom_deep_7_3_15_5_No1_p10_ao63_am15_4_m10_ao63_am10_3,63,3,SATISFIED,1.0199,134644301.0,4612.0
SAL-Ei-LM,bom_deep_7_3_15_5_No1_p10_ao63_am15_4_m10_ao63_am10_3,63,4,SATISFIED,1.0238,137777266.0,4700.0
SAL-Ei-LM,bom_deep_7_3_15_5_No1_p10_ao63_am15_4_m10_ao63_am10_3,63,5,SATISFIED,1.0195,138422220.0,5545.0
SAL-Ei-LM,bom_deep_7_3_15_5_No1_p10_ao63_am15_4_m10_ao63_am10_3,63,6,SATISFIED,1.0182,137477306.0,8596.0
SAL-Ei-LM,bom_deep_7_3_15_5_No1_p10_ao63_am15_4_m10_ao63_am10_3,63,7,SATISFIED,1.0201,134117540.0,5822.0
SAL-Ei-LM,bom_deep_7_3_15_5_No1_p10_ao63_am15_4_m10_ao63_am10_3,63,8,SATISFIED,1.0214,138394360.0,4745.0
SAL-Ei-LM,bom_deep_7_3_15_5_No1_p10_ao63_am15_4_m10_ao63_am10_3,63,9,SATISFIED,1.023,142829225.0,7475.0
SAL-Ei-LM,bom_deep_7_3_15_5_No1_p10_ao63_am15_4_m10_ao63_am10_3,63,10,SATISFIED,1.0211,142923915.0,9084.0
SAL-Ei-LM,bom_deep_7_3_15_5_No1_p10_ao63_am15_4_m10_ao63_am10_4,63,1,SATISFIED,1.0204,119473331.0,8891.0
SAL-Ei-LM,bom_deep_7_3_15_5_No1_p10_ao63_am15_4_m10_ao63_am10_4,63,2,SATISFIED,1.022,120218601.0,8996.0
SAL-Ei-LM,bom_deep_7_3_15_5_No1_p10_ao63_am15_4_m10_ao63_am10_4,63,3,SATISFIED,1.0178,120180039.0,9017.0
SAL-Ei-LM,bom_deep_7_3_15_5_No1_p10_ao63_am15_4_m10_ao63_am10_4,63,4,SATISFIED,1.0201,119440152.0,8892.0
SAL-Ei-LM,bom_deep_7_3_15_5_No1_p10_ao63_am15_4_m10_ao63_am10_4,63,5,SATISFIED,1.0201,119591217.0,8982.0
SAL-Ei-LM,bom_deep_7_3_15_5_No1_p10_ao63_am15_4_m10_ao63_am10_4,63,6,SATISFIED,1.0241,119905928.0,4683.0
SAL-Ei-LM,bom_deep_7_3_15_5_No1_p10_ao63_am15_4_m10_ao63_am10_4,63,7,SATISFIED,1.0247,119833630.0,4869.0
SAL-Ei-LM,bom_deep_7_3_15_5_No1_p10_ao63_am15_4_m10_ao63_am10_4,63,8,SATISFIED,1.0224,118124907.0,4644.0
SAL-Ei-LM,bom_deep_7_3_15_5_No1_p10_ao63_am15_4_m10_ao63_am10_4,63,9,SATISFIED,1.0223,119094968.0,4651.0
SAL-Ei-LM,bom_deep_7_3_15_5_No1_p10_ao63_am15_4_m10_ao63_am10_4,63,10,SATISFIED,1.0214,117631042.0,5845.0
SAL-Ei-LM,bom_deep_7_3_15_5_No1_p10_ao63_am15_4_m10_ao63_am10_5,63,1,SATISFIED,1.0215,53772436.0,8523.0
SAL-Ei-LM,bom_deep_7_3_15_5_No1_p10_ao63_am15_4_m10_ao63_am10_5,63,2,SATISFIED,1.0209,52650944.0,8718.0
SAL-Ei-LM,bom_deep_7_3_15_5_No1_p10_ao63_am15_4_m10_ao63_am10_5,63,3,SATISFIED,1.0201,51142279.0,8779.0
SAL-Ei-LM,bom_deep_7_3_15_5_No1_p10_ao63_am15_4_m10_ao63_am10_5,63,4,SATISFIED,1.0243,51004589.0,4386.0
SAL-Ei-LM,bom_deep_7_3_15_5_No1_p10_ao63_am15_4_m10_ao63_am10_5,63,5,SATISFIED,1.0225,52275097.0,4544.0
SAL-Ei-LM,bom_deep_7_3_15_5_No1_p10_ao63_am15_4_m10_ao63_am10_5,63,6,SATISFIED,1.0209,54567847.0,6004.0
SAL-Ei-LM,bom_deep_7_3_15_5_No1_p10_ao63_am15_4_m10_ao63_am10_5,63,7,SATISFIED,1.0197,49766738.0,8727.0
SAL-Ei-LM,bom_deep_7_3_15_5_No1_p10_ao63_am15_4_m10_ao63_am10_5,63,8,SATISFIED,1.0184,52936952.0,8724.0
SAL-Ei-LM,bom_deep_7_3_15_5_No1_p10_ao63_am15_4_m10_ao63_am10_5,63,9,SATISFIED,1.021,52017902.0,8641.0
SAL-Ei-LM,bom_deep_7_3_15_5_No1_p10_ao63_am15_4_m10_ao63_am10_5,63,10,SATISFIED,1.0193,54080751.0,8781.0
SAL-Ei-LM,bom_deep_7_3_15_5_No1_p10_ao63_am15_4_m25_ao63_am25_1,63,1,SATISFIED,1.0179,70818428.0,7151.0
SAL-Ei-LM,bom_deep_7_3_15_5_No1_p10_ao63_am15_4_m25_ao63_am25_1,63,2,SATISFIED,1.0184,66775967.0,7219.0
SAL-Ei-LM,bom_deep_7_3_15_5_No1_p10_ao63_am15_4_m25_ao63_am25_1,63,3,SATISFIED,1.0205,69224096.0,7204.0
SAL-Ei-LM,bom_deep_7_3_15_5_No1_p10_ao63_am15_4_m25_ao63_am25_1,63,4,SATISFIED,1.0202,69784730.0,7215.0
SAL-Ei-LM,bom_deep_7_3_15_5_No1_p10_ao63_am15_4_m25_ao63_am25_1,63,5,SATISFIED,1.0212,72499277.0,7176.0
SAL-Ei-LM,bom_deep_7_3_15_5_No1_p10_ao63_am15_4_m25_ao63_am25_1,63,6,SATISFIED,1.0181,71037309.0,7162.0
SAL-Ei-LM,bom_deep_7_3_15_5_No1_p10_ao63_am15_4_m25_ao63_am25_1,63,7,SATISFIED,1.0193,64986335.0,7066.0
SAL-Ei-LM,bom_deep_7_3_15_5_No1_p10_ao63_am15_4_m25_ao63_am25_1,63,8,SATISFIED,1.0218,67279487.0,7195.0
SAL-Ei-LM,bom_deep_7_3_15_5_No1_p10_ao63_am15_4_m25_ao63_am25_1,63,9,SATISFIED,1.0202,67171545.0,7189.0
SAL-Ei-LM,bom_deep_7_3_15_5_No1_p10_ao63_am15_4_m25_ao63_am25_1,63,10,SATISFIED,1.0192,72522893.0,7012.0
SAL-Ei-LM,bom_deep_7_3_15_5_No1_p10_ao63_am15_4_m25_ao63_am25_2,63,1,SATISFIED,1.0205,69481750.0,7050.0
SAL-Ei-LM,bom_deep_7_3_15_5_No1_p10_ao63_am15_4_m25_ao63_am25_2,63,2,SATISFIED,1.021,66757894.0,7084.0
SAL-Ei-LM,bom_deep_7_3_15_5_No1_p10_ao63_am15_4_m25_ao63_am25_2,63,3,SATISFIED,1.021,70846390.0,7104.0
SAL-Ei-LM,bom_deep_7_3_15_5_No1_p10_ao63_am15_4_m25_ao63_am25_2,63,4,SATISFIED,1.0213,69173415.0,7037.0
SAL-Ei-LM,bom_deep_7_3_15_5_No1_p10_ao63_am15_4_m25_ao63_am25_2,63,5,SATISFIED,1.0198,65615130.0,7089.0
SAL-Ei-LM,bom_deep_7_3_15_5_No1_p10_ao63_am15_4_m25_ao63_am25_2,63,6,SATISFIED,1.0203,70167690.0,7149.0
SAL-Ei-LM,bom_deep_7_3_15_5_No1_p10_ao63_am15_4_m25_ao63_am25_2,63,7,SATISFIED,1.0189,67502608.0,7058.0
SAL-Ei-LM,bom_deep_7_3_15_5_No1_p10_ao63_am15_4_m25_ao63_am25_2,63,8,SATISFIED,1.0202,69596282.0,7123.0
SAL-Ei-LM,bom_deep_7_3_15_5_No1_p10_ao63_am15_4_m25_ao63_am25_2,63,9,SATISFIED,1.0193,67577110.0,7131.0
SAL-Ei-LM,bom_deep_7_3_15_5_No1_p10_ao63_am15_4_m25_ao63_am25_2,63,10,SATISFIED,1.0167,68776795.0,7123.0
SAL-Ei-LM,bom_deep_7_3_15_5_No1_p10_ao63_am15_4_m25_ao63_am25_3,63,1,SATISFIED,1.0214,82044071.0,5113.0
SAL-Ei-LM,bom_deep_7_3_15_5_No1_p10_ao63_am15_4_m25_ao63_am25_3,63,2,SATISFIED,1.0242,86275628.0,3616.0
SAL-Ei-LM,bom_deep_7_3_15_5_No1_p10_ao63_am15_4_m25_ao63_am25_3,63,3,SATISFIED,1.023,67241135.0,3553.0
SAL-Ei-LM,bom_deep_7_3_15_5_No1_p10_ao63_am15_4_m25_ao63_am25_3,63,4,SATISFIED,1.0216,73123716.0,4203.0
SAL-Ei-LM,bom_deep_7_3_15_5_No1_p10_ao63_am15_4_m25_ao63_am25_3,63,5,SATISFIED,1.021,78702205.0,6589.0
SAL-Ei-LM,bom_deep_7_3_15_5_No1_p10_ao63_am15_4_m25_ao63_am25_3,63,6,SATISFIED,1.0223,74321230.0,5026.0
SAL-Ei-LM,bom_deep_7_3_15_5_No1_p10_ao63_am15_4_m25_ao63_am25_3,63,7,SATISFIED,1.021,77877222.0,3810.0
SAL-Ei-LM,bom_deep_7_3_15_5_No1_p10_ao63_am15_4_m25_ao63_am25_3,63,8,SATISFIED,1.0228,78745928.0,3608.0
SAL-Ei-LM,bom_deep_7_3_15_5_No1_p10_ao63_am15_4_m25_ao63_am25_3,63,9,SATISFIED,1.0194,82231142.0,3752.0
SAL-Ei-LM,bom_deep_7_3_15_5_No1_p10_ao63_am15_4_m25_ao63_am25_3,63,10,SATISFIED,1.0219,68075893.0,3651.0
SAL-Ei-LM,bom_deep_7_3_15_5_No1_p10_ao63_am15_4_m25_ao63_am25_4,63,1,SATISFIED,1.0204,46674187.0,3678.0
SAL-Ei-LM,bom_deep_7_3_15_5_No1_p10_ao63_am15_4_m25_ao63_am25_4,63,2,SATISFIED,1.0216,53250739.0,4145.0
SAL-Ei-LM,bom_deep_7_3_15_5_No1_p10_ao63_am15_4_m25_ao63_am25_4,63,3,SATISFIED,1.0239,50055781.0,3554.0
SAL-Ei-LM,bom_deep_7_3_15_5_No1_p10_ao63_am15_4_m25_ao63_am25_4,63,4,SATISFIED,1.022,48825234.0,3651.0
SAL-Ei-LM,bom_deep_7_3_15_5_No1_p10_ao63_am15_4_m25_ao63_am25_4,63,5,SATISFIED,1.017,51019665.0,3852.0
SAL-Ei-LM,bom_deep_7_3_15_5_No1_p10_ao63_am15_4_m25_ao63_am25_4,63,6,SATISFIED,1.0169,51356465.0,4874.0
SAL-Ei-LM,bom_deep_7_3_15_5_No1_p10_ao63_am15_4_m25_ao63_am25_4,63,7,SATISFIED,1.0152,52877082.0,7205.0
SAL-Ei-LM,bom_deep_7_3_15_5_No1_p10_ao63_am15_4_m25_ao63_am25_4,63,8,SATISFIED,1.0181,51208042.0,3613.0
SAL-Ei-LM,bom_deep_7_3_15_5_No1_p10_ao63_am15_4_m25_ao63_am25_4,63,9,SATISFIED,1.0212,53700461.0,3676.0
SAL-Ei-LM,bom_deep_7_3_15_5_No1_p10_ao63_am15_4_m25_ao63_am25_4,63,10,SATISFIED,1.0171,54318490.0,5207.0
SAL-Ei-LM,bom_deep_7_3_15_5_No1_p10_ao63_am15_4_m25_ao63_am25_5,63,1,SATISFIED,1.0178,97250483.0,7024.0
SAL-Ei-LM,bom_deep_7_3_15_5_No1_p10_ao63_am15_4_m25_ao63_am25_5,63,2,SATISFIED,1.0169,83464363.0,7015.0
SAL-Ei-LM,bom_deep_7_3_15_5_No1_p10_ao63_am15_4_m25_ao63_am25_5,63,3,SATISFIED,1.0218,94621956.0,3454.0
SAL-Ei-LM,bom_deep_7_3_15_5_No1_p10_ao63_am15_4_m25_ao63_am25_5,63,4,SATISFIED,1.0224,114614795.0,3599.0
SAL-Ei-LM,bom_deep_7_3_15_5_No1_p10_ao63_am15_4_m25_ao63_am25_5,63,5,SATISFIED,1.0162,80283969.0,4144.0
SAL-Ei-LM,bom_deep_7_3_15_5_No1_p10_ao63_am15_4_m25_ao63_am25_5,63,6,SATISFIED,1.0156,88066287.0,6738.0
SAL-Ei-LM,bom_deep_7_3_15_5_No1_p10_ao63_am15_4_m25_ao63_am25_5,63,7,SATISFIED,1.0145,95608765.0,7003.0
SAL-Ei-LM,bom_deep_7_3_15_5_No1_p10_ao63_am15_4_m25_ao63_am25_5,63,8,SATISFIED,1.0152,92246524.0,7030.0
SAL-Ei-LM,bom_deep_7_3_15_5_No1_p10_ao63_am15_4_m25_ao63_am25_5,63,9,SATISFIED,1.017,98265906.0,5088.0
SAL-Ei-LM,bom_deep_7_3_15_5_No1_p10_ao63_am15_4_m25_ao63_am25_5,63,10,SATISFIED,1.0212,88202893.0,3689.0
SAL-Ei-LM,bom_deep_7_3_15_5_No1_p10_ao63_am15_5,63,1,SATISFIED,1.0232,509225210.0,4343.0
SAL-Ei-LM,bom_deep_7_3_15_5_No1_p10_ao63_am15_5,63,2,SATISFIED,1.0228,509859835.0,5828.0
SAL-Ei-LM,bom_deep_7_3_15_5_No1_p10_ao63_am15_5,63,3,SATISFIED,1.0206,508203810.0,8157.0
SAL-Ei-LM,bom_deep_7_3_15_5_No1_p10_ao63_am15_5,63,4,SATISFIED,1.0192,508909445.0,8083.0
SAL-Ei-LM,bom_deep_7_3_15_5_No1_p10_ao63_am15_5,63,5,SATISFIED,1.0193,509741050.0,8050.0
SAL-Ei-LM,bom_deep_7_3_15_5_No1_p10_ao63_am15_5,63,6,SATISFIED,1.0188,509050465.0,8328.0
SAL-Ei-LM,bom_deep_7_3_15_5_No1_p10_ao63_am15_5,63,7,SATISFIED,1.018,510584435.0,8336.0
SAL-Ei-LM,bom_deep_7_3_15_5_No1_p10_ao63_am15_5,63,8,SATISFIED,1.0217,508996400.0,4542.0
SAL-Ei-LM,bom_deep_7_3_15_5_No1_p10_ao63_am15_5,63,9,SATISFIED,1.0212,507836515.0,4456.0
SAL-Ei-LM,bom_deep_7_3_15_5_No1_p10_ao63_am15_5,63,10,SATISFIED,1.018,510009600.0,7308.0
SAL-Ei-LM,bom_deep_7_3_15_5_No1_p10_ao63_am15_5_m10_ao63_am10_1,63,1,SATISFIED,1.0178,310986389.0,8846.0
SAL-Ei-LM,bom_deep_7_3_15_5_No1_p10_ao63_am15_5_m10_ao63_am10_1,63,2,SATISFIED,1.0176,310252240.0,8885.0
SAL-Ei-LM,bom_deep_7_3_15_5_No1_p10_ao63_am15_5_m10_ao63_am10_1,63,3,SATISFIED,1.0194,307503093.0,7182.0
SAL-Ei-LM,bom_deep_7_3_15_5_No1_p10_ao63_am15_5_m10_ao63_am10_1,63,4,SATISFIED,1.0219,309709650.0,4618.0
SAL-Ei-LM,bom_deep_7_3_15_5_No1_p10_ao63_am15_5_m10_ao63_am10_1,63,5,SATISFIED,1.0213,315214106.0,4782.0
SAL-Ei-LM,bom_deep_7_3_15_5_No1_p10_ao63_am15_5_m10_ao63_am10_1,63,6,SATISFIED,1.022,309872488.0,4731.0
SAL-Ei-LM,bom_deep_7_3_15_5_No1_p10_ao63_am15_5_m10_ao63_am10_1,63,7,SATISFIED,1.0215,310944400.0,4814.0
SAL-Ei-LM,bom_deep_7_3_15_5_No1_p10_ao63_am15_5_m10_ao63_am10_1,63,8,SATISFIED,1.0207,307349579.0,4986.0
SAL-Ei-LM,bom_deep_7_3_15_5_No1_p10_ao63_am15_5_m10_ao63_am10_1,63,9,SATISFIED,1.0189,313144778.0,7960.0
SAL-Ei-LM,bom_deep_7_3_15_5_No1_p10_ao63_am15_5_m10_ao63_am10_1,63,10,SATISFIED,1.0173,311507426.0,8821.0
SAL-Ei-LM,bom_deep_7_3_15_5_No1_p10_ao63_am15_5_m10_ao63_am10_2,63,1,SATISFIED,1.0178,624157717.0,9780.0
SAL-Ei-LM,bom_deep_7_3_15_5_No1_p10_ao63_am15_5_m10_ao63_am10_2,63,2,SATISFIED,1.0207,623849079.0,9797.0
SAL-Ei-LM,bom_deep_7_3_15_5_No1_p10_ao63_am15_5_m10_ao63_am10_2,63,3,SATISFIED,1.0205,623927389.0,9562.0
SAL-Ei-LM,bom_deep_7_3_15_5_No1_p10_ao63_am15_5_m10_ao63_am10_2,63,4,SATISFIED,1.0203,623853471.0,9486.0
SAL-Ei-LM,bom_deep_7_3_15_5_No1_p10_ao63_am15_5_m10_ao63_am10_2,63,5,SATISFIED,1.02,623847192.0,9484.0
SAL-Ei-LM,bom_deep_7_3_15_5_No1_p10_ao63_am15_5_m10_ao63_am10_2,63,6,SATISFIED,1.019,623848641.0,9408.0
SAL-Ei-LM,bom_deep_7_3_15_5_No1_p10_ao63_am15_5_m10_ao63_am10_2,63,7,SATISFIED,1.02,623864790.0,5051.0
SAL-Ei-LM,bom_deep_7_3_15_5_No1_p10_ao63_am15_5_m10_ao63_am10_2,63,8,SATISFIED,1.0192,624219736.0,5538.0
SAL-Ei-LM,bom_deep_7_3_15_5_No1_p10_ao63_am15_5_m10_ao63_am10_2,63,9,SATISFIED,1.0197,623849364.0,8970.0
SAL-Ei-LM,bom_deep_7_3_15_5_No1_p10_ao63_am15_5_m10_ao63_am10_2,63,10,SATISFIED,1.0179,623852324.0,9568.0
SAL-Ei-LM,bom_deep_7_3_15_5_No1_p10_ao63_am15_5_m10_ao63_am10_3,63,1,SATISFIED,1.0174,343156780.0,8527.0
SAL-Ei-LM,bom_deep_7_3_15_5_No1_p10_ao63_am15_5_m10_ao63_am10_3,63,2,SATISFIED,1.0199,331428695.0,8625.0
SAL-Ei-LM,bom_deep_7_3_15_5_No1_p10_ao63_am15_5_m10_ao63_am10_3,63,3,SATISFIED,1.0214,349511200.0,4448.0
SAL-Ei-LM,bom_deep_7_3_15_5_No1_p10_ao63_am15_5_m10_ao63_am10_3,63,4,SATISFIED,1.0222,328138600.0,4863.0
SAL-Ei-LM,bom_deep_7_3_15_5_No1_p10_ao63_am15_5_m10_ao63_am10_3,63,5,SATISFIED,1.0215,341576561.0,8109.0
SAL-Ei-LM,bom_deep_7_3_15_5_No1_p10_ao63_am15_5_m10_ao63_am10_3,63,6,SATISFIED,1.0209,361363587.0,8548.0
SAL-Ei-LM,bom_deep_7_3_15_5_No1_p10_ao63_am15_5_m10_ao63_am10_3,63,7,SATISFIED,1.0196,338197914.0,8605.0
SAL-Ei-LM,bom_deep_7_3_15_5_No1_p10_ao63_am15_5_m10_ao63_am10_3,63,8,SATISFIED,1.0207,323663109.0,8475.0
SAL-Ei-LM,bom_deep_7_3_15_5_No1_p10_ao63_am15_5_m10_ao63_am10_3,63,9,SATISFIED,1.0206,323971411.0,4629.0
SAL-Ei-LM,bom_deep_7_3_15_5_No1_p10_ao63_am15_5_m10_ao63_am10_3,63,10,SATISFIED,1.0204,342932059.0,5025.0
SAL-Ei-LM,bom_deep_7_3_15_5_No1_p10_ao63_am15_5_m10_ao63_am10_4,63,1,SATISFIED,1.0176,412279497.0,8279.0
SAL-Ei-LM,bom_deep_7_3_15_5_No1_p10_ao63_am15_5_m10_ao63_am10_4,63,2,SATISFIED,1.0185,410304139.0,9027.0
SAL-Ei-LM,bom_deep_7_3_15_5_No1_p10_ao63_am15_5_m10_ao63_am10_4,63,3,SATISFIED,1.0196,417370328.0,9057.0
SAL-Ei-LM,bom_deep_7_3_15_5_No1_p10_ao63_am15_5_m10_ao63_am10_4,63,4,SATISFIED,1.0181,413157410.0,9081.0
SAL-Ei-LM,bom_deep_7_3_15_5_No1_p10_ao63_am15_5_m10_ao63_am10_4,63,5,SATISFIED,1.0202,412489824.0,9072.0
SAL-Ei-LM,bom_deep_7_3_15_5_No1_p10_ao63_am15_5_m10_ao63_am10_4,63,6,SATISFIED,1.0191,412233480.0,9005.0
SAL-Ei-LM,bom_deep_7_3_15_5_No1_p10_ao63_am15_5_m10_ao63_am10_4,63,7,SATISFIED,1.0181,408817222.0,9001.0
SAL-Ei-LM,bom_deep_7_3_15_5_No1_p10_ao63_am15_5_m10_ao63_am10_4,63,8,SATISFIED,1.0179,416705856.0,8908.0
SAL-Ei-LM,bom_deep_7_3_15_5_No1_p10_ao63_am15_5_m10_ao63_am10_4,63,9,SATISFIED,1.021,416204935.0,8916.0
SAL-Ei-LM,bom_deep_7_3_15_5_No1_p10_ao63_am15_5_m10_ao63_am10_4,63,10,SATISFIED,1.0193,417036576.0,8959.0
SAL-Ei-LM,bom_deep_7_3_15_5_No1_p10_ao63_am15_5_m10_ao63_am10_5,63,1,SATISFIED,1.0202,89696254.0,9246.0
SAL-Ei-LM,bom_deep_7_3_15_5_No1_p10_ao63_am15_5_m10_ao63_am10_5,63,2,SATISFIED,1.0199,87090689.0,9195.0
SAL-Ei-LM,bom_deep_7_3_15_5_No1_p10_ao63_am15_5_m10_ao63_am10_5,63,3,SATISFIED,1.0188,84060940.0,9068.0
SAL-Ei-LM,bom_deep_7_3_15_5_No1_p10_ao63_am15_5_m10_ao63_am10_5,63,4,SATISFIED,1.0207,95083500.0,4763.0
SAL-Ei-LM,bom_deep_7_3_15_5_No1_p10_ao63_am15_5_m10_ao63_am10_5,63,5,SATISFIED,1.0199,82651566.0,4582.0
SAL-Ei-LM,bom_deep_7_3_15_5_No1_p10_ao63_am15_5_m10_ao63_am10_5,63,6,SATISFIED,1.0209,86306795.0,4642.0
SAL-Ei-LM,bom_deep_7_3_15_5_No1_p10_ao63_am15_5_m10_ao63_am10_5,63,7,SATISFIED,1.0181,91743403.0,6972.0
SAL-Ei-LM,bom_deep_7_3_15_5_No1_p10_ao63_am15_5_m10_ao63_am10_5,63,8,SATISFIED,1.0185,86581673.0,8781.0
SAL-Ei-LM,bom_deep_7_3_15_5_No1_p10_ao63_am15_5_m10_ao63_am10_5,63,9,SATISFIED,1.0192,87395323.0,4474.0
SAL-Ei-LM,bom_deep_7_3_15_5_No1_p10_ao63_am15_5_m10_ao63_am10_5,63,10,SATISFIED,1.0207,81972621.0,4641.0
SAL-Ei-LM,bom_deep_7_3_15_5_No1_p10_ao63_am15_5_m25_ao63_am24_1,63,1,SATISFIED,1.0207,121960541.0,4426.0
SAL-Ei-LM,bom_deep_7_3_15_5_No1_p10_ao63_am15_5_m25_ao63_am24_1,63,2,SATISFIED,1.0168,98827542.0,3889.0
SAL-Ei-LM,bom_deep_7_3_15_5_No1_p10_ao63_am15_5_m25_ao63_am24_1,63,3,SATISFIED,1.0172,93467422.0,4917.0
SAL-Ei-LM,bom_deep_7_3_15_5_No1_p10_ao63_am15_5_m25_ao63_am24_1,63,4,SATISFIED,1.0155,95010926.0,7250.0
SAL-Ei-LM,bom_deep_7_3_15_5_No1_p10_ao63_am15_5_m25_ao63_am24_1,63,5,SATISFIED,1.0156,94024294.0,7278.0
SAL-Ei-LM,bom_deep_7_3_15_5_No1_p10_ao63_am15_5_m25_ao63_am24_1,63,6,SATISFIED,1.016,91677022.0,7161.0
SAL-Ei-LM,bom_deep_7_3_15_5_No1_p10_ao63_am15_5_m25_ao63_am24_1,63,7,SATISFIED,1.0196,97074533.0,3859.0
SAL-Ei-LM,bom_deep_7_3_15_5_No1_p10_ao63_am15_5_m25_ao63_am24_1,63,8,SATISFIED,1.0205,114797599.0,3994.0
SAL-Ei-LM,bom_deep_7_3_15_5_No1_p10_ao63_am15_5_m25_ao63_am24_1,63,9,SATISFIED,1.0218,91507030.0,3722.0
SAL-Ei-LM,bom_deep_7_3_15_5_No1_p10_ao63_am15_5_m25_ao63_am24_1,63,10,SATISFIED,1.0202,97468003.0,4341.0
SAL-Ei-LM,bom_deep_7_3_15_5_No1_p10_ao63_am15_5_m25_ao63_am25_2,63,1,SATISFIED,1.0197,52167810.0,6631.0
SAL-Ei-LM,bom_deep_7_3_15_5_No1_p10_ao63_am15_5_m25_ao63_am25_2,63,2,SATISFIED,1.0225,51951070.0,6987.0
SAL-Ei-LM,bom_deep_7_3_15_5_No1_p10_ao63_am15_5_m25_ao63_am25_2,63,3,SATISFIED,1.0218,53745454.0,7029.0
SAL-Ei-LM,bom_deep_7_3_15_5_No1_p10_ao63_am15_5_m25_ao63_am25_2,63,4,SATISFIED,1.0213,48319461.0,7244.0
SAL-Ei-LM,bom_deep_7_3_15_5_No1_p10_ao63_am15_5_m25_ao63_am25_2,63,5,SATISFIED,1.0219,56543964.0,3779.0
SAL-Ei-LM,bom_deep_7_3_15_5_No1_p10_ao63_am15_5_m25_ao63_am25_2,63,6,SATISFIED,1.0206,51688420.0,3977.0
SAL-Ei-LM,bom_deep_7_3_15_5_No1_p10_ao63_am15_5_m25_ao63_am25_2,63,7,SATISFIED,1.0205,50953060.0,6738.0
SAL-Ei-LM,bom_deep_7_3_15_5_No1_p10_ao63_am15_5_m25_ao63_am25_2,63,8,SATISFIED,1.0197,49975480.0,7254.0
SAL-Ei-LM,bom_deep_7_3_15_5_No1_p10_ao63_am15_5_m25_ao63_am25_2,63,9,SATISFIED,1.021,54317292.0,7162.0
SAL-Ei-LM,bom_deep_7_3_15_5_No1_p10_ao63_am15_5_m25_ao63_am25_2,63,10,SATISFIED,1.0212,50343740.0,7206.0
SAL-Ei-LM,bom_deep_7_3_15_5_No1_p10_ao63_am15_5_m25_ao63_am25_3,63,1,SATISFIED,1.0183,97067929.0,7173.0
SAL-Ei-LM,bom_deep_7_3_15_5_No1_p10_ao63_am15_5_m25_ao63_am25_3,63,2,SATISFIED,1.0173,93417496.0,7202.0
SAL-Ei-LM,bom_deep_7_3_15_5_No1_p10_ao63_am15_5_m25_ao63_am25_3,63,3,SATISFIED,1.0247,97504096.0,6965.0
SAL-Ei-LM,bom_deep_7_3_15_5_No1_p10_ao63_am15_5_m25_ao63_am25_3,63,4,SATISFIED,1.0199,90123139.0,7024.0
SAL-Ei-LM,bom_deep_7_3_15_5_No1_p10_ao63_am15_5_m25_ao63_am25_3,63,5,SATISFIED,1.02,88819542.0,7077.0
SAL-Ei-LM,bom_deep_7_3_15_5_No1_p10_ao63_am15_5_m25_ao63_am25_3,63,6,SATISFIED,1.0215,96192370.0,7193.0
SAL-Ei-LM,bom_deep_7_3_15_5_No1_p10_ao63_am15_5_m25_ao63_am25_3,63,7,SATISFIED,1.0192,96496359.0,7013.0
SAL-Ei-LM,bom_deep_7_3_15_5_No1_p10_ao63_am15_5_m25_ao63_am25_3,63,8,SATISFIED,1.0199,91262712.0,6994.0
SAL-Ei-LM,bom_deep_7_3_15_5_No1_p10_ao63_am15_5_m25_ao63_am25_3,63,9,SATISFIED,1.0205,99715117.0,3648.0
SAL-Ei-LM,bom_deep_7_3_15_5_No1_p10_ao63_am15_5_m25_ao63_am25_3,63,10,SATISFIED,1.0184,92998224.0,3739.0
SAL-Ei-LM,bom_deep_7_3_15_5_No1_p10_ao63_am15_5_m25_ao63_am25_4,63,1,SATISFIED,1.0232,193909517.0,4435.0
SAL-Ei-LM,bom_deep_7_3_15_5_No1_p10_ao63_am15_5_m25_ao63_am25_4,63,2,SATISFIED,1.0211,182852805.0,3480.0
SAL-Ei-LM,bom_deep_7_3_15_5_No1_p10_ao63_am15_5_m25_ao63_am25_4,63,3,SATISFIED,1.0211,192697078.0,3612.0
SAL-Ei-LM,bom_deep_7_3_15_5_No1_p10_ao63_am15_5_m25_ao63_am25_4,63,4,SATISFIED,1.021,185157398.0,4788.0
SAL-Ei-LM,bom_deep_7_3_15_5_No1_p10_ao63_am15_5_m25_ao63_am25_4,63,5,SATISFIED,1.0202,194580928.0,6961.0
SAL-Ei-LM,bom_deep_7_3_15_5_No1_p10_ao63_am15_5_m25_ao63_am25_4,63,6,SATISFIED,1.0198,177018297.0,7030.0
SAL-Ei-LM,bom_deep_7_3_15_5_No1_p10_ao63_am15_5_m25_ao63_am25_4,63,7,SATISFIED,1.0181,191170589.0,6953.0
SAL-Ei-LM,bom_deep_7_3_15_5_No1_p10_ao63_am15_5_m25_ao63_am25_4,63,8,SATISFIED,1.0177,178158090.0,6853.0
SAL-Ei-LM,bom_deep_7_3_15_5_No1_p10_ao63_am15_5_m25_ao63_am25_4,63,9,SATISFIED,1.0202,196173787.0,6836.0
SAL-Ei-LM,bom_deep_7_3_15_5_No1_p10_ao63_am15_5_m25_ao63_am25_4,63,10,SATISFIED,1.0181,172861771.0,6878.0
SAL-Ei-LM,bom_deep_7_3_15_5_No1_p10_ao63_am15_5_m25_ao63_am25_5,63,1,SATISFIED,1.02,110791261.0,4597.0
SAL-Ei-LM,bom_deep_7_3_15_5_No1_p10_ao63_am15_5_m25_ao63_am25_5,63,2,SATISFIED,1.0216,118588725.0,4014.0
SAL-Ei-LM,bom_deep_7_3_15_5_No1_p10_ao63_am15_5_m25_ao63_am25_5,63,3,SATISFIED,1.0198,127599652.0,6116.0
SAL-Ei-LM,bom_deep_7_3_15_5_No1_p10_ao63_am15_5_m25_ao63_am25_5,63,4,SATISFIED,1.0216,113469746.0,3658.0
SAL-Ei-LM,bom_deep_7_3_15_5_No1_p10_ao63_am15_5_m25_ao63_am25_5,63,5,SATISFIED,1.0225,120588835.0,3708.0
SAL-Ei-LM,bom_deep_7_3_15_5_No1_p10_ao63_am15_5_m25_ao63_am25_5,63,6,SATISFIED,1.0227,117618318.0,3626.0
SAL-Ei-LM,bom_deep_7_3_15_5_No1_p10_ao63_am15_5_m25_ao63_am25_5,63,7,SATISFIED,1.0236,123554465.0,3669.0
SAL-Ei-LM,bom_deep_7_3_15_5_No1_p10_ao63_am15_5_m25_ao63_am25_5,63,8,SATISFIED,1.0223,112533145.0,3836.0
SAL-Ei-LM,bom_deep_7_3_15_5_No1_p10_ao63_am15_5_m25_ao63_am25_5,63,9,SATISFIED,1.0216,122650877.0,5045.0
SAL-Ei-LM,bom_deep_7_3_15_5_No1_p10_ao63_am15_5_m25_ao63_am25_5,63,10,SATISFIED,1.0199,126075157.0,7303.0
SAL-Ei-LM,bom_deep_7_3_15_5_No1_p20_ao69_am15_1,69,1,SATISFIED,1.0204,122949945.0,7804.0
SAL-Ei-LM,bom_deep_7_3_15_5_No1_p20_ao69_am15_1,69,2,SATISFIED,1.0199,123088940.0,8219.0
SAL-Ei-LM,bom_deep_7_3_15_5_No1_p20_ao69_am15_1,69,3,SATISFIED,1.0201,122607950.0,8200.0
SAL-Ei-LM,bom_deep_7_3_15_5_No1_p20_ao69_am15_1,69,4,SATISFIED,1.0195,122605845.0,8164.0
SAL-Ei-LM,bom_deep_7_3_15_5_No1_p20_ao69_am15_1,69,5,SATISFIED,1.0215,122804850.0,8235.0
SAL-Ei-LM,bom_deep_7_3_15_5_No1_p20_ao69_am15_1,69,6,SATISFIED,1.021,123061935.0,8156.0
SAL-Ei-LM,bom_deep_7_3_15_5_No1_p20_ao69_am15_1,69,7,SATISFIED,1.0205,123189465.0,8216.0
SAL-Ei-LM,bom_deep_7_3_15_5_No1_p20_ao69_am15_1,69,8,SATISFIED,1.0197,122762045.0,8250.0
SAL-Ei-LM,bom_deep_7_3_15_5_No1_p20_ao69_am15_1,69,9,SATISFIED,1.0191,123118775.0,8172.0
SAL-Ei-LM,bom_deep_7_3_15_5_No1_p20_ao69_am15_1,69,10,SATISFIED,1.0208,122580775.0,4307.0
SAL-Ei-LM,bom_deep_7_3_15_5_No1_p20_ao69_am15_1_m13_ao69_am13_1,69,1,SATISFIED,1.0203,123304200.0,5041.0
SAL-Ei-LM,bom_deep_7_3_15_5_No1_p20_ao69_am15_1_m13_ao69_am13_1,69,2,SATISFIED,1.021,123346080.0,6561.0
SAL-Ei-LM,bom_deep_7_3_15_5_No1_p20_ao69_am15_1_m13_ao69_am13_1,69,3,SATISFIED,1.0204,123545500.0,9368.0
SAL-Ei-LM,bom_deep_7_3_15_5_No1_p20_ao69_am15_1_m13_ao69_am13_1,69,4,SATISFIED,1.0209,123272875.0,6926.0
SAL-Ei-LM,bom_deep_7_3_15_5_No1_p20_ao69_am15_1_m13_ao69_am13_1,69,5,SATISFIED,1.0221,123437217.0,4896.0
SAL-Ei-LM,bom_deep_7_3_15_5_No1_p20_ao69_am15_1_m13_ao69_am13_1,69,6,SATISFIED,1.0217,123585120.0,5361.0
SAL-Ei-LM,bom_deep_7_3_15_5_No1_p20_ao69_am15_1_m13_ao69_am13_1,69,7,SATISFIED,1.0211,123534105.0,8654.0
SAL-Ei-LM,bom_deep_7_3_15_5_No1_p20_ao69_am15_1_m13_ao69_am13_1,69,8,SATISFIED,1.0205,123294820.0,9346.0
SAL-Ei-LM,bom_deep_7_3_15_5_No1_p20_ao69_am15_1_m13_ao69_am13_1,69,9,SATISFIED,1.0206,123818430.0,9393.0
SAL-Ei-LM,bom_deep_7_3_15_5_No1_p20_ao69_am15_1_m13_ao69_am13_1,69,10,SATISFIED,1.0193,123328970.0,9551.0
SAL-Ei-LM,bom_deep_7_3_15_5_No1_p20_ao69_am15_1_m13_ao69_am13_2,69,1,SATISFIED,1.0182,162080600.0,8479.0
SAL-Ei-LM,bom_deep_7_3_15_5_No1_p20_ao69_am15_1_m13_ao69_am13_2,69,2,SATISFIED,1.0192,160695036.0,8768.0
SAL-Ei-LM,bom_deep_7_3_15_5_No1_p20_ao69_am15_1_m13_ao69_am13_2,69,3,SATISFIED,1.018,165196197.0,8742.0
SAL-Ei-LM,bom_deep_7_3_15_5_No1_p20_ao69_am15_1_m13_ao69_am13_2,69,4,SATISFIED,1.0182,161063015.0,8764.0
SAL-Ei-LM,bom_deep_7_3_15_5_No1_p20_ao69_am15_1_m13_ao69_am13_2,69,5,SATISFIED,1.0189,154398290.0,8510.0
SAL-Ei-LM,bom_deep_7_3_15_5_No1_p20_ao69_am15_1_m13_ao69_am13_2,69,6,SATISFIED,1.0216,168435327.0,8730.0
SAL-Ei-LM,bom_deep_7_3_15_5_No1_p20_ao69_am15_1_m13_ao69_am13_2,69,7,SATISFIED,1.0215,174749460.0,8591.0
SAL-Ei-LM,bom_deep_7_3_15_5_No1_p20_ao69_am15_1_m13_ao69_am13_2,69,8,SATISFIED,1.0214,158287326.0,6035.0
SAL-Ei-LM,bom_deep_7_3_15_5_No1_p20_ao69_am15_1_m13_ao69_am13_2,69,9,SATISFIED,1.021,166145950.0,4576.0
SAL-Ei-LM,bom_deep_7_3_15_5_No1_p20_ao69_am15_1_m13_ao69_am13_2,69,10,SATISFIED,1.0195,174768270.0,6602.0
SAL-Ei-LM,bom_deep_7_3_15_5_No1_p20_ao69_am15_1_m13_ao69_am13_3,69,1,SATISFIED,1.0191,126900970.0,8818.0
SAL-Ei-LM,bom_deep_7_3_15_5_No1_p20_ao69_am15_1_m13_ao69_am13_3,69,2,SATISFIED,1.0185,113298870.0,8829.0
SAL-Ei-LM,bom_deep_7_3_15_5_No1_p20_ao69_am15_1_m13_ao69_am13_3,69,3,SATISFIED,1.0215,119019084.0,8799.0
SAL-Ei-LM,bom_deep_7_3_15_5_No1_p20_ao69_am15_1_m13_ao69_am13_3,69,4,SATISFIED,1.0193,111548485.0,8843.0
SAL-Ei-LM,bom_deep_7_3_15_5_No1_p20_ao69_am15_1_m13_ao69_am13_3,69,5,SATISFIED,1.0183,116427210.0,8795.0
SAL-Ei-LM,bom_deep_7_3_15_5_No1_p20_ao69_am15_1_m13_ao69_am13_3,69,6,SATISFIED,1.0201,115139080.0,8786.0
SAL-Ei-LM,bom_deep_7_3_15_5_No1_p20_ao69_am15_1_m13_ao69_am13_3,69,7,SATISFIED,1.0205,112149259.0,8574.0
SAL-Ei-LM,bom_deep_7_3_15_5_No1_p20_ao69_am15_1_m13_ao69_am13_3,69,8,SATISFIED,1.0188,128167735.0,8826.0
SAL-Ei-LM,bom_deep_7_3_15_5_No1_p20_ao69_am15_1_m13_ao69_am13_3,69,9,SATISFIED,1.0201,127960225.0,8932.0
SAL-Ei-LM,bom_deep_7_3_15_5_No1_p20_ao69_am15_1_m13_ao69_am13_3,69,10,SATISFIED,1.02,121456820.0,8876.0
SAL-Ei-LM,bom_deep_7_3_15_5_No1_p20_ao69_am15_1_m13_ao69_am13_4,69,1,SATISFIED,1.021,60878989.0,6729.0
SAL-Ei-LM,bom_deep_7_3_15_5_No1_p20_ao69_am15_1_m13_ao69_am13_4,69,2,SATISFIED,1.0222,60876622.0,4631.0
SAL-Ei-LM,bom_deep_7_3_15_5_No1_p20_ao69_am15_1_m13_ao69_am13_4,69,3,SATISFIED,1.0215,60879885.0,5291.0
SAL-Ei-LM,bom_deep_7_3_15_5_No1_p20_ao69_am15_1_m13_ao69_am13_4,69,4,SATISFIED,1.0204,60871380.0,4615.0
SAL-Ei-LM,bom_deep_7_3_15_5_No1_p20_ao69_am15_1_m13_ao69_am13_4,69,5,SATISFIED,1.0195,60877142.0,5473.0
SAL-Ei-LM,bom_deep_7_3_15_5_No1_p20_ao69_am15_1_m13_ao69_am13_4,69,6,SATISFIED,1.0203,60871452.0,4122.0
SAL-Ei-LM,bom_deep_7_3_15_5_No1_p20_ao69_am15_1_m13_ao69_am13_4,69,7,SATISFIED,1.0203,60865058.0,4364.0
SAL-Ei-LM,bom_deep_7_3_15_5_No1_p20_ao69_am15_1_m13_ao69_am13_4,69,8,SATISFIED,1.019,60879835.0,5692.0
SAL-Ei-LM,bom_deep_7_3_15_5_No1_p20_ao69_am15_1_m13_ao69_am13_4,69,9,SATISFIED,1.0187,60871465.0,4413.0
SAL-Ei-LM,bom_deep_7_3_15_5_No1_p20_ao69_am15_1_m13_ao69_am13_4,69,10,SATISFIED,1.0179,60860420.0,4787.0
SAL-Ei-LM,bom_deep_7_3_15_5_No1_p20_ao69_am15_1_m13_ao69_am13_5,69,1,SATISFIED,1.0193,96840985.0,7416.0
SAL-Ei-LM,bom_deep_7_3_15_5_No1_p20_ao69_am15_1_m13_ao69_am13_5,69,2,SATISFIED,1.0183,97037813.0,8425.0
SAL-Ei-LM,bom_deep_7_3_15_5_No1_p20_ao69_am15_1_m13_ao69_am13_5,69,3,SATISFIED,1.0174,97096030.0,8398.0
SAL-Ei-LM,bom_deep_7_3_15_5_No1_p20_ao69_am15_1_m13_ao69_am13_5,69,4,SATISFIED,1.0191,96974880.0,8562.0
SAL-Ei-LM,bom_deep_7_3_15_5_No1_p20_ao69_am15_1_m13_ao69_am13_5,69,5,SATISFIED,1.0172,96457108.0,8641.0
SAL-Ei-LM,bom_deep_7_3_15_5_No1_p20_ao69_am15_1_m13_ao69_am13_5,69,6,SATISFIED,1.0183,96847776.0,4787.0
SAL-Ei-LM,bom_deep_7_3_15_5_No1_p20_ao69_am15_1_m13_ao69_am13_5,69,7,SATISFIED,1.0184,96362515.0,4929.0
SAL-Ei-LM,bom_deep_7_3_15_5_No1_p20_ao69_am15_1_m13_ao69_am13_5,69,8,SATISFIED,1.0173,95988335.0,7919.0
SAL-Ei-LM,bom_deep_7_3_15_5_No1_p20_ao69_am15_1_m13_ao69_am13_5,69,9,SATISFIED,1.0184,96301350.0,8626.0
SAL-Ei-LM,bom_deep_7_3_15_5_No1_p20_ao69_am15_1_m13_ao69_am13_5,69,10,SATISFIED,1.0178,96785835.0,8687.0
SAL-Ei-LM,bom_deep_7_3_15_5_No1_p20_ao69_am15_1_m30_ao69_am27_1,69,1,SATISFIED,1.0197,72120904.0,7215.0
SAL-Ei-LM,bom_deep_7_3_15_5_No1_p20_ao69_am15_1_m30_ao69_am27_1,69,2,SATISFIED,1.0212,76376075.0,3828.0
SAL-Ei-LM,bom_deep_7_3_15_5_No1_p20_ao69_am15_1_m30_ao69_am27_1,69,3,SATISFIED,1.0188,70706955.0,3770.0
SAL-Ei-LM,bom_deep_7_3_15_5_No1_p20_ao69_am15_1_m30_ao69_am27_1,69,4,SATISFIED,1.0189,78589235.0,4958.0
SAL-Ei-LM,bom_deep_7_3_15_5_No1_p20_ao69_am15_1_m30_ao69_am27_1,69,5,SATISFIED,1.0211,74819195.0,7156.0
SAL-Ei-LM,bom_deep_7_3_15_5_No1_p20_ao69_am15_1_m30_ao69_am27_1,69,6,SATISFIED,1.025,75316919.0,7193.0
SAL-Ei-LM,bom_deep_7_3_15_5_No1_p20_ao69_am15_1_m30_ao69_am27_1,69,7,SATISFIED,1.0194,71381202.0,7221.0
SAL-Ei-LM,bom_deep_7_3_15_5_No1_p20_ao69_am15_1_m30_ao69_am27_1,69,8,SATISFIED,1.0194,74003773.0,7233.0
SAL-Ei-LM,bom_deep_7_3_15_5_No1_p20_ao69_am15_1_m30_ao69_am27_1,69,9,SATISFIED,1.0188,74218795.0,7200.0
SAL-Ei-LM,bom_deep_7_3_15_5_No1_p20_ao69_am15_1_m30_ao69_am27_1,69,10,SATISFIED,1.0208,81143625.0,7269.0
SAL-Ei-LM,bom_deep_7_3_15_5_No1_p20_ao69_am15_1_m30_ao69_am27_4,69,1,SATISFIED,1.0206,69738447.0,7230.0
SAL-Ei-LM,bom_deep_7_3_15_5_No1_p20_ao69_am15_1_m30_ao69_am27_4,69,2,SATISFIED,1.0196,73198876.0,7242.0
SAL-Ei-LM,bom_deep_7_3_15_5_No1_p20_ao69_am15_1_m30_ao69_am27_4,69,3,SATISFIED,1.0197,71822740.0,7245.0
SAL-Ei-LM,bom_deep_7_3_15_5_No1_p20_ao69_am15_1_m30_ao69_am27_4,69,4,SATISFIED,1.0203,69782638.0,7135.0
SAL-Ei-LM,bom_deep_7_3_15_5_No1_p20_ao69_am15_1_m30_ao69_am27_4,69,5,SATISFIED,1.0211,72852931.0,3626.0
SAL-Ei-LM,bom_deep_7_3_15_5_No1_p20_ao69_am15_1_m30_ao69_am27_4,69,6,SATISFIED,1.0222,75707801.0,4092.0
SAL-Ei-LM,bom_deep_7_3_15_5_No1_p20_ao69_am15_1_m30_ao69_am27_4,69,7,SATISFIED,1.0184,77798029.0,6748.0
SAL-Ei-LM,bom_deep_7_3_15_5_No1_p20_ao69_am15_1_m30_ao69_am27_4,69,8,SATISFIED,1.0221,69320517.0,7265.0
SAL-Ei-LM,bom_deep_7_3_15_5_No1_p20_ao69_am15_1_m30_ao69_am27_4,69,9,SATISFIED,1.0226,69338543.0,3646.0
SAL-Ei-LM,bom_deep_7_3_15_5_No1_p20_ao69_am15_1_m30_ao69_am27_4,69,10,SATISFIED,1.0191,76518168.0,4849.0
SAL-Ei-LM,bom_deep_7_3_15_5_No1_p20_ao69_am15_1_m30_ao69_am28_2,69,1,SATISFIED,1.0209,125969098.0,3847.0
SAL-Ei-LM,bom_deep_7_3_15_5_No1_p20_ao69_am15_1_m30_ao69_am28_2,69,2,SATISFIED,1.0201,134793550.0,4133.0
SAL-Ei-LM,bom_deep_7_3_15_5_No1_p20_ao69_am15_1_m30_ao69_am28_2,69,3,SATISFIED,1.0245,122369025.0,3562.0
SAL-Ei-LM,bom_deep_7_3_15_5_No1_p20_ao69_am15_1_m30_ao69_am28_2,69,4,SATISFIED,1.0243,145152308.0,3644.0
SAL-Ei-LM,bom_deep_7_3_15_5_No1_p20_ao69_am15_1_m30_ao69_am28_2,69,5,SATISFIED,1.0236,128594766.0,3658.0
SAL-Ei-LM,bom_deep_7_3_15_5_No1_p20_ao69_am15_1_m30_ao69_am28_2,69,6,SATISFIED,1.0228,143685857.0,3628.0
SAL-Ei-LM,bom_deep_7_3_15_5_No1_p20_ao69_am15_1_m30_ao69_am28_2,69,7,SATISFIED,1.0225,135222185.0,3789.0
SAL-Ei-LM,bom_deep_7_3_15_5_No1_p20_ao69_am15_1_m30_ao69_am28_2,69,8,SATISFIED,1.0216,124068588.0,3738.0
SAL-Ei-LM,bom_deep_7_3_15_5_No1_p20_ao69_am15_1_m30_ao69_am28_2,69,9,SATISFIED,1.0194,125742655.0,4585.0
SAL-Ei-LM,bom_deep_7_3_15_5_No1_p20_ao69_am15_1_m30_ao69_am28_2,69,10,SATISFIED,1.0191,124700905.0,7180.0
SAL-Ei-LM,bom_deep_7_3_15_5_No1_p20_ao69_am15_1_m30_ao69_am29_5,69,1,SATISFIED,1.0187,83109427.0,7136.0
SAL-Ei-LM,bom_deep_7_3_15_5_No1_p20_ao69_am15_1_m30_ao69_am29_5,69,2,SATISFIED,1.0211,94202140.0,7066.0
SAL-Ei-LM,bom_deep_7_3_15_5_No1_p20_ao69_am15_1_m30_ao69_am29_5,69,3,SATISFIED,1.0205,80531095.0,7055.0
SAL-Ei-LM,bom_deep_7_3_15_5_No1_p20_ao69_am15_1_m30_ao69_am29_5,69,4,SATISFIED,1.02,81010875.0,6938.0
SAL-Ei-LM,bom_deep_7_3_15_5_No1_p20_ao69_am15_1_m30_ao69_am29_5,69,5,SATISFIED,1.022,88374292.0,7037.0
SAL-Ei-LM,bom_deep_7_3_15_5_No1_p20_ao69_am15_1_m30_ao69_am29_5,69,6,SATISFIED,1.0219,89332756.0,6992.0
SAL-Ei-LM,bom_deep_7_3_15_5_No1_p20_ao69_am15_1_m30_ao69_am29_5,69,7,SATISFIED,1.0219,81218085.0,6912.0
SAL-Ei-LM,bom_deep_7_3_15_5_No1_p20_ao69_am15_1_m30_ao69_am29_5,69,8,SATISFIED,1.0205,76629847.0,6932.0
SAL-Ei-LM,bom_deep_7_3_15_5_No1_p20_ao69_am15_1_m30_ao69_am29_5,69,9,SATISFIED,1.0228,81667278.0,7060.0
SAL-Ei-LM,bom_deep_7_3_15_5_No1_p20_ao69_am15_1_m30_ao69_am29_5,69,10,SATISFIED,1.0219,89553322.0,7050.0
SAL-Ei-LM,bom_deep_7_3_15_5_No1_p20_ao69_am15_1_m30_ao69_am30_3,69,1,SATISFIED,1.0203,58316885.0,6950.0
SAL-Ei-LM,bom_deep_7_3_15_5_No1_p20_ao69_am15_1_m30_ao69_am30_3,69,2,SATISFIED,1.0179,57521085.0,6982.0
SAL-Ei-LM,bom_deep_7_3_15_5_No1_p20_ao69_am15_1_m30_ao69_am30_3,69,3,SATISFIED,1.0178,60716584.0,6989.0
SAL-Ei-LM,bom_deep_7_3_15_5_No1_p20_ao69_am15_1_m30_ao69_am30_3,69,4,SATISFIED,1.0191,60890025.0,7043.0
SAL-Ei-LM,bom_deep_7_3_15_5_No1_p20_ao69_am15_1_m30_ao69_am30_3,69,5,SATISFIED,1.0208,60672831.0,7001.0
SAL-Ei-LM,bom_deep_7_3_15_5_No1_p20_ao69_am15_1_m30_ao69_am30_3,69,6,SATISFIED,1.0203,59237400.0,6938.0
SAL-Ei-LM,bom_deep_7_3_15_5_No1_p20_ao69_am15_1_m30_ao69_am30_3,69,7,SATISFIED,1.0181,59840465.0,6979.0
SAL-Ei-LM,bom_deep_7_3_15_5_No1_p20_ao69_am15_1_m30_ao69_am30_3,69,8,SATISFIED,1.021,59344217.0,5913.0
SAL-Ei-LM,bom_deep_7_3_15_5_No1_p20_ao69_am15_1_m30_ao69_am30_3,69,9,SATISFIED,1.0195,60786225.0,3638.0
SAL-Ei-LM,bom_deep_7_3_15_5_No1_p20_ao69_am15_1_m30_ao69_am30_3,69,10,SATISFIED,1.0198,60433275.0,4825.0
SAL-Ei-LM,bom_deep_7_3_15_5_No1_p20_ao69_am15_2,69,1,SATISFIED,1.0192,111800630.0,8128.0
SAL-Ei-LM,bom_deep_7_3_15_5_No1_p20_ao69_am15_2,69,2,SATISFIED,1.0183,114352035.0,8178.0
SAL-Ei-LM,bom_deep_7_3_15_5_No1_p20_ao69_am15_2,69,3,SATISFIED,1.0207,112066725.0,8041.0
SAL-Ei-LM,bom_deep_7_3_15_5_No1_p20_ao69_am15_2,69,4,SATISFIED,1.0182,111778880.0,8096.0
SAL-Ei-LM,bom_deep_7_3_15_5_No1_p20_ao69_am15_2,69,5,SATISFIED,1.0181,110799365.0,7877.0
SAL-Ei-LM,bom_deep_7_3_15_5_No1_p20_ao69_am15_2,69,6,SATISFIED,1.0218,112520330.0,3962.0
SAL-Ei-LM,bom_deep_7_3_15_5_No1_p20_ao69_am15_2,69,7,SATISFIED,1.0192,109941439.0,4268.0
SAL-Ei-LM,bom_deep_7_3_15_5_No1_p20_ao69_am15_2,69,8,SATISFIED,1.021,111895590.0,5549.0
SAL-Ei-LM,bom_deep_7_3_15_5_No1_p20_ao69_am15_2,69,9,SATISFIED,1.0214,117793901.0,8049.0
SAL-Ei-LM,bom_deep_7_3_15_5_No1_p20_ao69_am15_2,69,10,SATISFIED,1.0198,111786855.0,7932.0
SAL-Ei-LM,bom_deep_7_3_15_5_No1_p20_ao69_am15_2_m13_ao69_am13_1,69,1,SATISFIED,1.0197,379959269.0,9762.0
SAL-Ei-LM,bom_deep_7_3_15_5_No1_p20_ao69_am15_2_m13_ao69_am13_1,69,2,SATISFIED,1.019,345843763.0,9636.0
SAL-Ei-LM,bom_deep_7_3_15_5_No1_p20_ao69_am15_2_m13_ao69_am13_1,69,3,SATISFIED,1.0184,353275025.0,9301.0
SAL-Ei-LM,bom_deep_7_3_15_5_No1_p20_ao69_am15_2_m13_ao69_am13_1,69,4,SATISFIED,1.0199,352280775.0,9556.0
SAL-Ei-LM,bom_deep_7_3_15_5_No1_p20_ao69_am15_2_m13_ao69_am13_1,69,5,SATISFIED,1.0201,381169375.0,9196.0
SAL-Ei-LM,bom_deep_7_3_15_5_No1_p20_ao69_am15_2_m13_ao69_am13_1,69,6,SATISFIED,1.0203,358809341.0,9502.0
SAL-Ei-LM,bom_deep_7_3_15_5_No1_p20_ao69_am15_2_m13_ao69_am13_1,69,7,SATISFIED,1.0203,345732932.0,9652.0
SAL-Ei-LM,bom_deep_7_3_15_5_No1_p20_ao69_am15_2_m13_ao69_am13_1,69,8,SATISFIED,1.0212,387113805.0,9764.0
SAL-Ei-LM,bom_deep_7_3_15_5_No1_p20_ao69_am15_2_m13_ao69_am13_1,69,9,SATISFIED,1.0185,348220748.0,9610.0
SAL-Ei-LM,bom_deep_7_3_15_5_No1_p20_ao69_am15_2_m13_ao69_am13_1,69,10,SATISFIED,1.0201,346386670.0,9454.0
SAL-Ei-LM,bom_deep_7_3_15_5_No1_p20_ao69_am15_2_m13_ao69_am13_2,69,1,SATISFIED,1.0204,833059685.0,8674.0
SAL-Ei-LM,bom_deep_7_3_15_5_No1_p20_ao69_am15_2_m13_ao69_am13_2,69,2,SATISFIED,1.0192,768930261.0,8714.0
SAL-Ei-LM,bom_deep_7_3_15_5_No1_p20_ao69_am15_2_m13_ao69_am13_2,69,3,SATISFIED,1.0176,831759847.0,8761.0
SAL-Ei-LM,bom_deep_7_3_15_5_No1_p20_ao69_am15_2_m13_ao69_am13_2,69,4,SATISFIED,1.0186,907725146.0,6975.0
SAL-Ei-LM,bom_deep_7_3_15_5_No1_p20_ao69_am15_2_m13_ao69_am13_2,69,5,SATISFIED,1.021,770948585.0,4647.0
SAL-Ei-LM,bom_deep_7_3_15_5_No1_p20_ao69_am15_2_m13_ao69_am13_2,69,6,SATISFIED,1.0197,841152651.0,6378.0
SAL-Ei-LM,bom_deep_7_3_15_5_No1_p20_ao69_am15_2_m13_ao69_am13_2,69,7,SATISFIED,1.0193,770303685.0,8962.0
SAL-Ei-LM,bom_deep_7_3_15_5_No1_p20_ao69_am15_2_m13_ao69_am13_2,69,8,SATISFIED,1.0217,893882930.0,8889.0
SAL-Ei-LM,bom_deep_7_3_15_5_No1_p20_ao69_am15_2_m13_ao69_am13_2,69,9,SATISFIED,1.021,866287716.0,8914.0
SAL-Ei-LM,bom_deep_7_3_15_5_No1_p20_ao69_am15_2_m13_ao69_am13_2,69,10,SATISFIED,1.0198,865216307.0,8834.0
SAL-Ei-LM,bom_deep_7_3_15_5_No1_p20_ao69_am15_2_m13_ao69_am13_3,69,1,SATISFIED,1.0194,627135452.0,8825.0
SAL-Ei-LM,bom_deep_7_3_15_5_No1_p20_ao69_am15_2_m13_ao69_am13_3,69,2,SATISFIED,1.0206,626227263.0,6961.0
SAL-Ei-LM,bom_deep_7_3_15_5_No1_p20_ao69_am15_2_m13_ao69_am13_3,69,3,SATISFIED,1.0207,626941604.0,4640.0
SAL-Ei-LM,bom_deep_7_3_15_5_No1_p20_ao69_am15_2_m13_ao69_am13_3,69,4,SATISFIED,1.0216,626475987.0,6891.0
SAL-Ei-LM,bom_deep_7_3_15_5_No1_p20_ao69_am15_2_m13_ao69_am13_3,69,5,SATISFIED,1.0211,626504467.0,8978.0
SAL-Ei-LM,bom_deep_7_3_15_5_No1_p20_ao69_am15_2_m13_ao69_am13_3,69,6,SATISFIED,1.0211,626688037.0,8904.0
SAL-Ei-LM,bom_deep_7_3_15_5_No1_p20_ao69_am15_2_m13_ao69_am13_3,69,7,SATISFIED,1.02,626458775.0,8951.0
SAL-Ei-LM,bom_deep_7_3_15_5_No1_p20_ao69_am15_2_m13_ao69_am13_3,69,8,SATISFIED,1.0242,626063903.0,4618.0
SAL-Ei-LM,bom_deep_7_3_15_5_No1_p20_ao69_am15_2_m13_ao69_am13_3,69,9,SATISFIED,1.0229,626814007.0,4552.0
SAL-Ei-LM,bom_deep_7_3_15_5_No1_p20_ao69_am15_2_m13_ao69_am13_3,69,10,SATISFIED,1.0223,626407599.0,4477.0
SAL-Ei-LM,bom_deep_7_3_15_5_No1_p20_ao69_am15_2_m13_ao69_am13_4,69,1,SATISFIED,1.0224,722467270.0,4614.0
SAL-Ei-LM,bom_deep_7_3_15_5_No1_p20_ao69_am15_2_m13_ao69_am13_4,69,2,SATISFIED,1.0226,720780580.0,4656.0
SAL-Ei-LM,bom_deep_7_3_15_5_No1_p20_ao69_am15_2_m13_ao69_am13_4,69,3,SATISFIED,1.0216,721837435.0,4630.0
SAL-Ei-LM,bom_deep_7_3_15_5_No1_p20_ao69_am15_2_m13_ao69_am13_4,69,4,SATISFIED,1.0211,722592230.0,4557.0
SAL-Ei-LM,bom_deep_7_3_15_5_No1_p20_ao69_am15_2_m13_ao69_am13_4,69,5,SATISFIED,1.0188,721485110.0,4595.0
SAL-Ei-LM,bom_deep_7_3_15_5_No1_p20_ao69_am15_2_m13_ao69_am13_4,69,6,SATISFIED,1.0204,720957325.0,4844.0
SAL-Ei-LM,bom_deep_7_3_15_5_No1_p20_ao69_am15_2_m13_ao69_am13_4,69,7,SATISFIED,1.0203,722961160.0,5111.0
SAL-Ei-LM,bom_deep_7_3_15_5_No1_p20_ao69_am15_2_m13_ao69_am13_4,69,8,SATISFIED,1.0184,722566160.0,8122.0
SAL-Ei-LM,bom_deep_7_3_15_5_No1_p20_ao69_am15_2_m13_ao69_am13_4,69,9,SATISFIED,1.0206,721176175.0,9215.0
SAL-Ei-LM,bom_deep_7_3_15_5_No1_p20_ao69_am15_2_m13_ao69_am13_4,69,10,SATISFIED,1.0202,721872245.0,9219.0
SAL-Ei-LM,bom_deep_7_3_15_5_No1_p20_ao69_am15_2_m13_ao69_am13_5,69,1,SATISFIED,1.0195,159411218.0,9183.0
SAL-Ei-LM,bom_deep_7_3_15_5_No1_p20_ao69_am15_2_m13_ao69_am13_5,69,2,SATISFIED,1.0205,135826119.0,9073.0
SAL-Ei-LM,bom_deep_7_3_15_5_No1_p20_ao69_am15_2_m13_ao69_am13_5,69,3,SATISFIED,1.0191,158800719.0,9130.0
SAL-Ei-LM,bom_deep_7_3_15_5_No1_p20_ao69_am15_2_m13_ao69_am13_5,69,4,SATISFIED,1.0195,143229805.0,9107.0
SAL-Ei-LM,bom_deep_7_3_15_5_No1_p20_ao69_am15_2_m13_ao69_am13_5,69,5,SATISFIED,1.0183,147065255.0,8946.0
SAL-Ei-LM,bom_deep_7_3_15_5_No1_p20_ao69_am15_2_m13_ao69_am13_5,69,6,SATISFIED,1.0175,141251653.0,9141.0
SAL-Ei-LM,bom_deep_7_3_15_5_No1_p20_ao69_am15_2_m13_ao69_am13_5,69,7,SATISFIED,1.0184,146927050.0,9211.0
SAL-Ei-LM,bom_deep_7_3_15_5_No1_p20_ao69_am15_2_m13_ao69_am13_5,69,8,SATISFIED,1.02,157369646.0,9143.0
SAL-Ei-LM,bom_deep_7_3_15_5_No1_p20_ao69_am15_2_m13_ao69_am13_5,69,9,SATISFIED,1.0197,136650477.0,9061.0
SAL-Ei-LM,bom_deep_7_3_15_5_No1_p20_ao69_am15_2_m13_ao69_am13_5,69,10,SATISFIED,1.0221,139640184.0,7285.0
SAL-Ei-LM,bom_deep_7_3_15_5_No1_p20_ao69_am15_2_m30_ao69_am27_1,69,1,SATISFIED,1.0242,407870256.0,3740.0
SAL-Ei-LM,bom_deep_7_3_15_5_No1_p20_ao69_am15_2_m30_ao69_am27_1,69,2,SATISFIED,1.022,415442433.0,5099.0
SAL-Ei-LM,bom_deep_7_3_15_5_No1_p20_ao69_am15_2_m30_ao69_am27_1,69,3,SATISFIED,1.022,380632369.0,4836.0
SAL-Ei-LM,bom_deep_7_3_15_5_No1_p20_ao69_am15_2_m30_ao69_am27_1,69,4,SATISFIED,1.0233,407525135.0,3850.0
SAL-Ei-LM,bom_deep_7_3_15_5_No1_p20_ao69_am15_2_m30_ao69_am27_1,69,5,SATISFIED,1.0227,417676238.0,4373.0
SAL-Ei-LM,bom_deep_7_3_15_5_No1_p20_ao69_am15_2_m30_ao69_am27_1,69,6,SATISFIED,1.0206,379002409.0,6985.0
SAL-Ei-LM,bom_deep_7_3_15_5_No1_p20_ao69_am15_2_m30_ao69_am27_1,69,7,SATISFIED,1.0201,373119137.0,7295.0
SAL-Ei-LM,bom_deep_7_3_15_5_No1_p20_ao69_am15_2_m30_ao69_am27_1,69,8,SATISFIED,1.02,381685575.0,7279.0
SAL-Ei-LM,bom_deep_7_3_15_5_No1_p20_ao69_am15_2_m30_ao69_am27_1,69,9,SATISFIED,1.0183,433296079.0,7180.0
SAL-Ei-LM,bom_deep_7_3_15_5_No1_p20_ao69_am15_2_m30_ao69_am27_1,69,10,SATISFIED,1.0194,387784002.0,7110.0
SAL-Ei-LM,bom_deep_7_3_15_5_No1_p20_ao69_am15_2_m30_ao69_am27_5,69,1,SATISFIED,1.0201,315632489.0,7072.0
SAL-Ei-LM,bom_deep_7_3_15_5_No1_p20_ao69_am15_2_m30_ao69_am27_5,69,2,SATISFIED,1.0189,312527886.0,6915.0
SAL-Ei-LM,bom_deep_7_3_15_5_No1_p20_ao69_am15_2_m30_ao69_am27_5,69,3,SATISFIED,1.0184,287618480.0,7059.0
SAL-Ei-LM,bom_deep_7_3_15_5_No1_p20_ao69_am15_2_m30_ao69_am27_5,69,4,SATISFIED,1.0184,292089735.0,7067.0
SAL-Ei-LM,bom_deep_7_3_15_5_No1_p20_ao69_am15_2_m30_ao69_am27_5,69,5,SATISFIED,1.0202,298376013.0,7201.0
SAL-Ei-LM,bom_deep_7_3_15_5_No1_p20_ao69_am15_2_m30_ao69_am27_5,69,6,SATISFIED,1.0188,287476935.0,6989.0
SAL-Ei-LM,bom_deep_7_3_15_5_No1_p20_ao69_am15_2_m30_ao69_am27_5,69,7,SATISFIED,1.0186,327640847.0,6980.0
SAL-Ei-LM,bom_deep_7_3_15_5_No1_p20_ao69_am15_2_m30_ao69_am27_5,69,8,SATISFIED,1.0187,303083389.0,6977.0
SAL-Ei-LM,bom_deep_7_3_15_5_No1_p20_ao69_am15_2_m30_ao69_am27_5,69,9,SATISFIED,1.0203,285401225.0,6970.0
SAL-Ei-LM,bom_deep_7_3_15_5_No1_p20_ao69_am15_2_m30_ao69_am27_5,69,10,SATISFIED,1.0218,295310250.0,7002.0
SAL-Ei-LM,bom_deep_7_3_15_5_No1_p20_ao69_am15_2_m30_ao69_am28_2,69,1,SATISFIED,1.0218,110651513.0,6970.0
SAL-Ei-LM,bom_deep_7_3_15_5_No1_p20_ao69_am15_2_m30_ao69_am28_2,69,2,SATISFIED,1.0225,90145526.0,6944.0
SAL-Ei-LM,bom_deep_7_3_15_5_No1_p20_ao69_am15_2_m30_ao69_am28_2,69,3,SATISFIED,1.0203,107413039.0,6954.0
SAL-Ei-LM,bom_deep_7_3_15_5_No1_p20_ao69_am15_2_m30_ao69_am28_2,69,4,SATISFIED,1.0189,98748640.0,7207.0
SAL-Ei-LM,bom_deep_7_3_15_5_No1_p20_ao69_am15_2_m30_ao69_am28_2,69,5,SATISFIED,1.0204,123933692.0,7040.0
SAL-Ei-LM,bom_deep_7_3_15_5_No1_p20_ao69_am15_2_m30_ao69_am28_2,69,6,SATISFIED,1.0192,132377840.0,7037.0
SAL-Ei-LM,bom_deep_7_3_15_5_No1_p20_ao69_am15_2_m30_ao69_am28_2,69,7,SATISFIED,1.0203,91613027.0,7119.0
SAL-Ei-LM,bom_deep_7_3_15_5_No1_p20_ao69_am15_2_m30_ao69_am28_2,69,8,SATISFIED,1.0228,118179230.0,3650.0
SAL-Ei-LM,bom_deep_7_3_15_5_No1_p20_ao69_am15_2_m30_ao69_am28_2,69,9,SATISFIED,1.0207,91085520.0,4723.0
SAL-Ei-LM,bom_deep_7_3_15_5_No1_p20_ao69_am15_2_m30_ao69_am28_2,69,10,SATISFIED,1.021,99002170.0,7027.0
SAL-Ei-LM,bom_deep_7_3_15_5_No1_p20_ao69_am15_2_m30_ao69_am28_3,69,1,SATISFIED,1.0197,303157208.0,3874.0
SAL-Ei-LM,bom_deep_7_3_15_5_No1_p20_ao69_am15_2_m30_ao69_am28_3,69,2,SATISFIED,1.0201,287537309.0,4148.0
SAL-Ei-LM,bom_deep_7_3_15_5_No1_p20_ao69_am15_2_m30_ao69_am28_3,69,3,SATISFIED,1.0206,306844948.0,6718.0
SAL-Ei-LM,bom_deep_7_3_15_5_No1_p20_ao69_am15_2_m30_ao69_am28_3,69,4,SATISFIED,1.0182,276332641.0,7246.0
SAL-Ei-LM,bom_deep_7_3_15_5_No1_p20_ao69_am15_2_m30_ao69_am28_3,69,5,SATISFIED,1.0189,281494188.0,7267.0
SAL-Ei-LM,bom_deep_7_3_15_5_No1_p20_ao69_am15_2_m30_ao69_am28_3,69,6,SATISFIED,1.0206,284907400.0,7347.0
SAL-Ei-LM,bom_deep_7_3_15_5_No1_p20_ao69_am15_2_m30_ao69_am28_3,69,7,SATISFIED,1.0214,287136871.0,7224.0
SAL-Ei-LM,bom_deep_7_3_15_5_No1_p20_ao69_am15_2_m30_ao69_am28_3,69,8,SATISFIED,1.0185,275582892.0,7293.0
SAL-Ei-LM,bom_deep_7_3_15_5_No1_p20_ao69_am15_2_m30_ao69_am28_3,69,9,SATISFIED,1.0192,279351036.0,7254.0
SAL-Ei-LM,bom_deep_7_3_15_5_No1_p20_ao69_am15_2_m30_ao69_am28_3,69,10,SATISFIED,1.0234,295228789.0,3719.0
SAL-Ei-LM,bom_deep_7_3_15_5_No1_p20_ao69_am15_2_m30_ao69_am29_4,69,1,SATISFIED,1.0237,549475716.0,3830.0
SAL-Ei-LM,bom_deep_7_3_15_5_No1_p20_ao69_am15_2_m30_ao69_am29_4,69,2,SATISFIED,1.0214,584712083.0,4982.0
SAL-Ei-LM,bom_deep_7_3_15_5_No1_p20_ao69_am15_2_m30_ao69_am29_4,69,3,SATISFIED,1.0205,540263145.0,7268.0
SAL-Ei-LM,bom_deep_7_3_15_5_No1_p20_ao69_am15_2_m30_ao69_am29_4,69,4,SATISFIED,1.0186,538202174.0,7299.0
SAL-Ei-LM,bom_deep_7_3_15_5_No1_p20_ao69_am15_2_m30_ao69_am29_4,69,5,SATISFIED,1.019,588154128.0,7244.0
SAL-Ei-LM,bom_deep_7_3_15_5_No1_p20_ao69_am15_2_m30_ao69_am29_4,69,6,SATISFIED,1.019,532649446.0,7254.0
SAL-Ei-LM,bom_deep_7_3_15_5_No1_p20_ao69_am15_2_m30_ao69_am29_4,69,7,SATISFIED,1.0209,517753551.0,7208.0
SAL-Ei-LM,bom_deep_7_3_15_5_No1_p20_ao69_am15_2_m30_ao69_am29_4,69,8,SATISFIED,1.0196,597748178.0,7233.0
SAL-Ei-LM,bom_deep_7_3_15_5_No1_p20_ao69_am15_2_m30_ao69_am29_4,69,9,SATISFIED,1.0209,566208720.0,7210.0
SAL-Ei-LM,bom_deep_7_3_15_5_No1_p20_ao69_am15_2_m30_ao69_am29_4,69,10,SATISFIED,1.0208,546179023.0,3661.0
SAL-Ei-LM,bom_deep_7_3_15_5_No1_p20_ao69_am15_3,69,1,SATISFIED,1.0187,142292645.0,4444.0
SAL-Ei-LM,bom_deep_7_3_15_5_No1_p20_ao69_am15_3,69,2,SATISFIED,1.0166,142655275.0,7399.0
SAL-Ei-LM,bom_deep_7_3_15_5_No1_p20_ao69_am15_3,69,3,SATISFIED,1.0181,143491404.0,6638.0
SAL-Ei-LM,bom_deep_7_3_15_5_No1_p20_ao69_am15_3,69,4,SATISFIED,1.0235,143186996.0,4264.0
SAL-Ei-LM,bom_deep_7_3_15_5_No1_p20_ao69_am15_3,69,5,SATISFIED,1.0233,143790231.0,4315.0
SAL-Ei-LM,bom_deep_7_3_15_5_No1_p20_ao69_am15_3,69,6,SATISFIED,1.0245,141798405.0,4598.0
SAL-Ei-LM,bom_deep_7_3_15_5_No1_p20_ao69_am15_3,69,7,SATISFIED,1.0232,143543726.0,7310.0
SAL-Ei-LM,bom_deep_7_3_15_5_No1_p20_ao69_am15_3,69,8,SATISFIED,1.022,141770117.0,4228.0
SAL-Ei-LM,bom_deep_7_3_15_5_No1_p20_ao69_am15_3,69,9,SATISFIED,1.0204,144583684.0,4322.0
SAL-Ei-LM,bom_deep_7_3_15_5_No1_p20_ao69_am15_3,69,10,SATISFIED,1.0211,144690822.0,4390.0
SAL-Ei-LM,bom_deep_7_3_15_5_No1_p20_ao69_am15_3_m13_ao69_am13_1,69,1,SATISFIED,1.02,99338115.0,4897.0
SAL-Ei-LM,bom_deep_7_3_15_5_No1_p20_ao69_am15_3_m13_ao69_am13_1,69,2,SATISFIED,1.0169,99916500.0,6840.0
SAL-Ei-LM,bom_deep_7_3_15_5_No1_p20_ao69_am15_3_m13_ao69_am13_1,69,3,SATISFIED,1.0145,101087620.0,9074.0
SAL-Ei-LM,bom_deep_7_3_15_5_No1_p20_ao69_am15_3_m13_ao69_am13_1,69,4,SATISFIED,1.0151,100476055.0,9457.0
SAL-Ei-LM,bom_deep_7_3_15_5_No1_p20_ao69_am15_3_m13_ao69_am13_1,69,5,SATISFIED,1.0111,103950245.0,9254.0
SAL-Ei-LM,bom_deep_7_3_15_5_No1_p20_ao69_am15_3_m13_ao69_am13_1,69,6,SATISFIED,1.0153,101265315.0,9116.0
SAL-Ei-LM,bom_deep_7_3_15_5_No1_p20_ao69_am15_3_m13_ao69_am13_1,69,7,SATISFIED,1.0152,103774080.0,9086.0
SAL-Ei-LM,bom_deep_7_3_15_5_No1_p20_ao69_am15_3_m13_ao69_am13_1,69,8,SATISFIED,1.0158,103922375.0,9131.0
SAL-Ei-LM,bom_deep_7_3_15_5_No1_p20_ao69_am15_3_m13_ao69_am13_1,69,9,SATISFIED,1.0154,99204655.0,9226.0
SAL-Ei-LM,bom_deep_7_3_15_5_No1_p20_ao69_am15_3_m13_ao69_am13_1,69,10,SATISFIED,1.0163,104484230.0,9203.0
SAL-Ei-LM,bom_deep_7_3_15_5_No1_p20_ao69_am15_3_m13_ao69_am13_2,69,1,SATISFIED,1.0167,243702972.0,8663.0
SAL-Ei-LM,bom_deep_7_3_15_5_No1_p20_ao69_am15_3_m13_ao69_am13_2,69,2,SATISFIED,1.0169,243656552.0,8718.0
SAL-Ei-LM,bom_deep_7_3_15_5_No1_p20_ao69_am15_3_m13_ao69_am13_2,69,3,SATISFIED,1.0179,243770275.0,8845.0
SAL-Ei-LM,bom_deep_7_3_15_5_No1_p20_ao69_am15_3_m13_ao69_am13_2,69,4,SATISFIED,1.0158,243681620.0,9120.0
SAL-Ei-LM,bom_deep_7_3_15_5_No1_p20_ao69_am15_3_m13_ao69_am13_2,69,5,SATISFIED,1.0171,243632655.0,6824.0
SAL-Ei-LM,bom_deep_7_3_15_5_No1_p20_ao69_am15_3_m13_ao69_am13_2,69,6,SATISFIED,1.0216,243681150.0,4740.0
SAL-Ei-LM,bom_deep_7_3_15_5_No1_p20_ao69_am15_3_m13_ao69_am13_2,69,7,SATISFIED,1.0224,243707742.0,4751.0
SAL-Ei-LM,bom_deep_7_3_15_5_No1_p20_ao69_am15_3_m13_ao69_am13_2,69,8,SATISFIED,1.0202,243710367.0,4618.0
SAL-Ei-LM,bom_deep_7_3_15_5_No1_p20_ao69_am15_3_m13_ao69_am13_2,69,9,SATISFIED,1.0236,243612845.0,5806.0
SAL-Ei-LM,bom_deep_7_3_15_5_No1_p20_ao69_am15_3_m13_ao69_am13_2,69,10,SATISFIED,1.0199,243682675.0,8949.0
SAL-Ei-LM,bom_deep_7_3_15_5_No1_p20_ao69_am15_3_m13_ao69_am13_3,69,1,SATISFIED,1.019,199777904.0,8492.0
SAL-Ei-LM,bom_deep_7_3_15_5_No1_p20_ao69_am15_3_m13_ao69_am13_3,69,2,SATISFIED,1.0205,200571007.0,8527.0
SAL-Ei-LM,bom_deep_7_3_15_5_No1_p20_ao69_am15_3_m13_ao69_am13_3,69,3,SATISFIED,1.0218,200875665.0,8581.0
SAL-Ei-LM,bom_deep_7_3_15_5_No1_p20_ao69_am15_3_m13_ao69_am13_3,69,4,SATISFIED,1.0236,202123815.0,4467.0
SAL-Ei-LM,bom_deep_7_3_15_5_No1_p20_ao69_am15_3_m13_ao69_am13_3,69,5,SATISFIED,1.0219,202663297.0,4509.0
SAL-Ei-LM,bom_deep_7_3_15_5_No1_p20_ao69_am15_3_m13_ao69_am13_3,69,6,SATISFIED,1.0211,203441891.0,6140.0
SAL-Ei-LM,bom_deep_7_3_15_5_No1_p20_ao69_am15_3_m13_ao69_am13_3,69,7,SATISFIED,1.0207,199616415.0,8288.0
SAL-Ei-LM,bom_deep_7_3_15_5_No1_p20_ao69_am15_3_m13_ao69_am13_3,69,8,SATISFIED,1.0192,201014325.0,8394.0
SAL-Ei-LM,bom_deep_7_3_15_5_No1_p20_ao69_am15_3_m13_ao69_am13_3,69,9,SATISFIED,1.0181,202063245.0,8533.0
SAL-Ei-LM,bom_deep_7_3_15_5_No1_p20_ao69_am15_3_m13_ao69_am13_3,69,10,SATISFIED,1.0216,201208770.0,4752.0
SAL-Ei-LM,bom_deep_7_3_15_5_No1_p20_ao69_am15_3_m13_ao69_am13_4,69,1,SATISFIED,1.022,194593720.0,4723.0
SAL-Ei-LM,bom_deep_7_3_15_5_No1_p20_ao69_am15_3_m13_ao69_am13_4,69,2,SATISFIED,1.0188,201226452.0,6292.0
SAL-Ei-LM,bom_deep_7_3_15_5_No1_p20_ao69_am15_3_m13_ao69_am13_4,69,3,SATISFIED,1.0189,191969250.0,8950.0
SAL-Ei-LM,bom_deep_7_3_15_5_No1_p20_ao69_am15_3_m13_ao69_am13_4,69,4,SATISFIED,1.0207,194521283.0,8849.0
SAL-Ei-LM,bom_deep_7_3_15_5_No1_p20_ao69_am15_3_m13_ao69_am13_4,69,5,SATISFIED,1.0231,198351335.0,8886.0
SAL-Ei-LM,bom_deep_7_3_15_5_No1_p20_ao69_am15_3_m13_ao69_am13_4,69,6,SATISFIED,1.0251,190539825.0,8963.0
SAL-Ei-LM,bom_deep_7_3_15_5_No1_p20_ao69_am15_3_m13_ao69_am13_4,69,7,SATISFIED,1.0235,202834585.0,8930.0
SAL-Ei-LM,bom_deep_7_3_15_5_No1_p20_ao69_am15_3_m13_ao69_am13_4,69,8,SATISFIED,1.0188,204538735.0,9009.0
SAL-Ei-LM,bom_deep_7_3_15_5_No1_p20_ao69_am15_3_m13_ao69_am13_4,69,9,SATISFIED,1.0207,196811195.0,8959.0
SAL-Ei-LM,bom_deep_7_3_15_5_No1_p20_ao69_am15_3_m13_ao69_am13_4,69,10,SATISFIED,1.0207,195203395.0,8970.0
SAL-Ei-LM,bom_deep_7_3_15_5_No1_p20_ao69_am15_3_m13_ao69_am13_5,69,1,SATISFIED,1.0206,104897452.0,8803.0
SAL-Ei-LM,bom_deep_7_3_15_5_No1_p20_ao69_am15_3_m13_ao69_am13_5,69,2,SATISFIED,1.0205,103783669.0,8718.0
SAL-Ei-LM,bom_deep_7_3_15_5_No1_p20_ao69_am15_3_m13_ao69_am13_5,69,3,SATISFIED,1.0181,103819040.0,8740.0
SAL-Ei-LM,bom_deep_7_3_15_5_No1_p20_ao69_am15_3_m13_ao69_am13_5,69,4,SATISFIED,1.0173,103429347.0,8929.0
SAL-Ei-LM,bom_deep_7_3_15_5_No1_p20_ao69_am15_3_m13_ao69_am13_5,69,5,SATISFIED,1.0182,106311207.0,8814.0
SAL-Ei-LM,bom_deep_7_3_15_5_No1_p20_ao69_am15_3_m13_ao69_am13_5,69,6,SATISFIED,1.0203,103774331.0,8868.0
SAL-Ei-LM,bom_deep_7_3_15_5_No1_p20_ao69_am15_3_m13_ao69_am13_5,69,7,SATISFIED,1.0194,103775386.0,8855.0
SAL-Ei-LM,bom_deep_7_3_15_5_No1_p20_ao69_am15_3_m13_ao69_am13_5,69,8,SATISFIED,1.0184,103173556.0,8768.0
SAL-Ei-LM,bom_deep_7_3_15_5_No1_p20_ao69_am15_3_m13_ao69_am13_5,69,9,SATISFIED,1.0196,103783545.0,4406.0
SAL-Ei-LM,bom_deep_7_3_15_5_No1_p20_ao69_am15_3_m13_ao69_am13_5,69,10,SATISFIED,1.0193,103628141.0,5065.0
SAL-Ei-LM,bom_deep_7_3_15_5_No1_p20_ao69_am15_3_m30_ao69_am27_1,69,1,SATISFIED,1.0197,80320467.0,6588.0
SAL-Ei-LM,bom_deep_7_3_15_5_No1_p20_ao69_am15_3_m30_ao69_am27_1,69,2,SATISFIED,1.0209,72227773.0,6969.0
SAL-Ei-LM,bom_deep_7_3_15_5_No1_p20_ao69_am15_3_m30_ao69_am27_1,69,3,SATISFIED,1.0218,69164885.0,7080.0
SAL-Ei-LM,bom_deep_7_3_15_5_No1_p20_ao69_am15_3_m30_ao69_am27_1,69,4,SATISFIED,1.0195,72745694.0,7254.0
SAL-Ei-LM,bom_deep_7_3_15_5_No1_p20_ao69_am15_3_m30_ao69_am27_1,69,5,SATISFIED,1.0199,85675933.0,7194.0
SAL-Ei-LM,bom_deep_7_3_15_5_No1_p20_ao69_am15_3_m30_ao69_am27_1,69,6,SATISFIED,1.0213,93382203.0,7280.0
SAL-Ei-LM,bom_deep_7_3_15_5_No1_p20_ao69_am15_3_m30_ao69_am27_1,69,7,SATISFIED,1.0212,69827871.0,7196.0
SAL-Ei-LM,bom_deep_7_3_15_5_No1_p20_ao69_am15_3_m30_ao69_am27_1,69,8,SATISFIED,1.0194,73978041.0,7139.0
SAL-Ei-LM,bom_deep_7_3_15_5_No1_p20_ao69_am15_3_m30_ao69_am27_1,69,9,SATISFIED,1.0218,72133003.0,7008.0
SAL-Ei-LM,bom_deep_7_3_15_5_No1_p20_ao69_am15_3_m30_ao69_am27_1,69,10,SATISFIED,1.0206,77521270.0,6975.0
SAL-Ei-LM,bom_deep_7_3_15_5_No1_p20_ao69_am15_3_m30_ao69_am27_2,69,1,SATISFIED,1.0192,71594240.0,6932.0
SAL-Ei-LM,bom_deep_7_3_15_5_No1_p20_ao69_am15_3_m30_ao69_am27_2,69,2,SATISFIED,1.0186,71376652.0,7016.0
SAL-Ei-LM,bom_deep_7_3_15_5_No1_p20_ao69_am15_3_m30_ao69_am27_2,69,3,SATISFIED,1.0193,72266086.0,6970.0
SAL-Ei-LM,bom_deep_7_3_15_5_No1_p20_ao69_am15_3_m30_ao69_am27_2,69,4,SATISFIED,1.0214,71204687.0,6997.0
SAL-Ei-LM,bom_deep_7_3_15_5_No1_p20_ao69_am15_3_m30_ao69_am27_2,69,5,SATISFIED,1.0192,67384142.0,7032.0
SAL-Ei-LM,bom_deep_7_3_15_5_No1_p20_ao69_am15_3_m30_ao69_am27_2,69,6,SATISFIED,1.0189,68106939.0,6951.0
SAL-Ei-LM,bom_deep_7_3_15_5_No1_p20_ao69_am15_3_m30_ao69_am27_2,69,7,SATISFIED,1.0193,72094572.0,5933.0
SAL-Ei-LM,bom_deep_7_3_15_5_No1_p20_ao69_am15_3_m30_ao69_am27_2,69,8,SATISFIED,1.0214,69830103.0,3672.0
SAL-Ei-LM,bom_deep_7_3_15_5_No1_p20_ao69_am15_3_m30_ao69_am27_2,69,9,SATISFIED,1.024,74318650.0,3716.0
SAL-Ei-LM,bom_deep_7_3_15_5_No1_p20_ao69_am15_3_m30_ao69_am27_2,69,10,SATISFIED,1.0213,73368750.0,3740.0
SAL-Ei-LM,bom_deep_7_3_15_5_No1_p20_ao69_am15_3_m30_ao69_am27_5,69,1,SATISFIED,1.0234,59394813.0,3679.0
SAL-Ei-LM,bom_deep_7_3_15_5_No1_p20_ao69_am15_3_m30_ao69_am27_5,69,2,SATISFIED,1.0218,64480289.0,4893.0
SAL-Ei-LM,bom_deep_7_3_15_5_No1_p20_ao69_am15_3_m30_ao69_am27_5,69,3,SATISFIED,1.0194,60724477.0,6884.0
SAL-Ei-LM,bom_deep_7_3_15_5_No1_p20_ao69_am15_3_m30_ao69_am27_5,69,4,SATISFIED,1.0202,60354098.0,6885.0
SAL-Ei-LM,bom_deep_7_3_15_5_No1_p20_ao69_am15_3_m30_ao69_am27_5,69,5,SATISFIED,1.0209,59163412.0,6878.0
SAL-Ei-LM,bom_deep_7_3_15_5_No1_p20_ao69_am15_3_m30_ao69_am27_5,69,6,SATISFIED,1.0192,60950778.0,6909.0
SAL-Ei-LM,bom_deep_7_3_15_5_No1_p20_ao69_am15_3_m30_ao69_am27_5,69,7,SATISFIED,1.0199,62772537.0,7163.0
SAL-Ei-LM,bom_deep_7_3_15_5_No1_p20_ao69_am15_3_m30_ao69_am27_5,69,8,SATISFIED,1.0222,63502983.0,6045.0
SAL-Ei-LM,bom_deep_7_3_15_5_No1_p20_ao69_am15_3_m30_ao69_am27_5,69,9,SATISFIED,1.0248,68449417.0,3647.0
SAL-Ei-LM,bom_deep_7_3_15_5_No1_p20_ao69_am15_3_m30_ao69_am27_5,69,10,SATISFIED,1.0211,64337670.0,4436.0
SAL-Ei-LM,bom_deep_7_3_15_5_No1_p20_ao69_am15_3_m30_ao69_am30_3,69,1,SATISFIED,1.0207,118545240.0,5627.0
SAL-Ei-LM,bom_deep_7_3_15_5_No1_p20_ao69_am15_3_m30_ao69_am30_3,69,2,SATISFIED,1.0234,120420849.0,3640.0
SAL-Ei-LM,bom_deep_7_3_15_5_No1_p20_ao69_am15_3_m30_ao69_am30_3,69,3,SATISFIED,1.0206,116676299.0,3664.0
SAL-Ei-LM,bom_deep_7_3_15_5_No1_p20_ao69_am15_3_m30_ao69_am30_3,69,4,SATISFIED,1.0218,115970955.0,4253.0
SAL-Ei-LM,bom_deep_7_3_15_5_No1_p20_ao69_am15_3_m30_ao69_am30_3,69,5,SATISFIED,1.0214,111960856.0,6700.0
SAL-Ei-LM,bom_deep_7_3_15_5_No1_p20_ao69_am15_3_m30_ao69_am30_3,69,6,SATISFIED,1.0207,108964331.0,6848.0
SAL-Ei-LM,bom_deep_7_3_15_5_No1_p20_ao69_am15_3_m30_ao69_am30_3,69,7,SATISFIED,1.0182,126512788.0,7133.0
SAL-Ei-LM,bom_deep_7_3_15_5_No1_p20_ao69_am15_3_m30_ao69_am30_3,69,8,SATISFIED,1.0185,104146726.0,6812.0
SAL-Ei-LM,bom_deep_7_3_15_5_No1_p20_ao69_am15_3_m30_ao69_am30_3,69,9,SATISFIED,1.0204,113835127.0,6828.0
SAL-Ei-LM,bom_deep_7_3_15_5_No1_p20_ao69_am15_3_m30_ao69_am30_3,69,10,SATISFIED,1.023,114087824.0,6976.0
SAL-Ei-LM,bom_deep_7_3_15_5_No1_p20_ao69_am15_3_m30_ao69_am30_4,69,1,SATISFIED,1.0204,91272603.0,6865.0
SAL-Ei-LM,bom_deep_7_3_15_5_No1_p20_ao69_am15_3_m30_ao69_am30_4,69,2,SATISFIED,1.0194,95339623.0,7163.0
SAL-Ei-LM,bom_deep_7_3_15_5_No1_p20_ao69_am15_3_m30_ao69_am30_4,69,3,SATISFIED,1.0202,90105560.0,7145.0
SAL-Ei-LM,bom_deep_7_3_15_5_No1_p20_ao69_am15_3_m30_ao69_am30_4,69,4,SATISFIED,1.0197,105561132.0,6807.0
SAL-Ei-LM,bom_deep_7_3_15_5_No1_p20_ao69_am15_3_m30_ao69_am30_4,69,5,SATISFIED,1.0218,92288000.0,6781.0
SAL-Ei-LM,bom_deep_7_3_15_5_No1_p20_ao69_am15_3_m30_ao69_am30_4,69,6,SATISFIED,1.0222,89213812.0,4694.0
SAL-Ei-LM,bom_deep_7_3_15_5_No1_p20_ao69_am15_3_m30_ao69_am30_4,69,7,SATISFIED,1.0234,114054085.0,3689.0
SAL-Ei-LM,bom_deep_7_3_15_5_No1_p20_ao69_am15_3_m30_ao69_am30_4,69,8,SATISFIED,1.0257,108271296.0,3538.0
SAL-Ei-LM,bom_deep_7_3_15_5_No1_p20_ao69_am15_3_m30_ao69_am30_4,69,9,SATISFIED,1.0202,94754144.0,3650.0
SAL-Ei-LM,bom_deep_7_3_15_5_No1_p20_ao69_am15_3_m30_ao69_am30_4,69,10,SATISFIED,1.0222,94243910.0,3606.0
SAL-Ei-LM,bom_deep_7_3_15_5_No1_p20_ao69_am15_4,69,1,SATISFIED,1.0202,168548115.0,4037.0
SAL-Ei-LM,bom_deep_7_3_15_5_No1_p20_ao69_am15_4,69,2,SATISFIED,1.0206,171293710.0,4626.0
SAL-Ei-LM,bom_deep_7_3_15_5_No1_p20_ao69_am15_4,69,3,SATISFIED,1.0202,168364595.0,7668.0
SAL-Ei-LM,bom_deep_7_3_15_5_No1_p20_ao69_am15_4,69,4,SATISFIED,1.025,168686575.0,4198.0
SAL-Ei-LM,bom_deep_7_3_15_5_No1_p20_ao69_am15_4,69,5,SATISFIED,1.0245,172182810.0,4017.0
SAL-Ei-LM,bom_deep_7_3_15_5_No1_p20_ao69_am15_4,69,6,SATISFIED,1.02,168123200.0,5557.0
SAL-Ei-LM,bom_deep_7_3_15_5_No1_p20_ao69_am15_4,69,7,SATISFIED,1.0214,168714440.0,7917.0
SAL-Ei-LM,bom_deep_7_3_15_5_No1_p20_ao69_am15_4,69,8,SATISFIED,1.0204,168520325.0,8094.0
SAL-Ei-LM,bom_deep_7_3_15_5_No1_p20_ao69_am15_4,69,9,SATISFIED,1.021,168376135.0,8061.0
SAL-Ei-LM,bom_deep_7_3_15_5_No1_p20_ao69_am15_4,69,10,SATISFIED,1.0158,168159700.0,8086.0
SAL-Ei-LM,bom_deep_7_3_15_5_No1_p20_ao69_am15_4_m13_ao69_am13_1,69,1,SATISFIED,1.016,113922088.0,9135.0
SAL-Ei-LM,bom_deep_7_3_15_5_No1_p20_ao69_am15_4_m13_ao69_am13_1,69,2,SATISFIED,1.0197,118284915.0,4645.0
SAL-Ei-LM,bom_deep_7_3_15_5_No1_p20_ao69_am15_4_m13_ao69_am13_1,69,3,SATISFIED,1.0214,115961281.0,5205.0
SAL-Ei-LM,bom_deep_7_3_15_5_No1_p20_ao69_am15_4_m13_ao69_am13_1,69,4,SATISFIED,1.0227,109553971.0,4778.0
SAL-Ei-LM,bom_deep_7_3_15_5_No1_p20_ao69_am15_4_m13_ao69_am13_1,69,5,SATISFIED,1.0194,122368950.0,4675.0
SAL-Ei-LM,bom_deep_7_3_15_5_No1_p20_ao69_am15_4_m13_ao69_am13_1,69,6,SATISFIED,1.0233,109503593.0,6190.0
SAL-Ei-LM,bom_deep_7_3_15_5_No1_p20_ao69_am15_4_m13_ao69_am13_1,69,7,SATISFIED,1.0209,109418682.0,9055.0
SAL-Ei-LM,bom_deep_7_3_15_5_No1_p20_ao69_am15_4_m13_ao69_am13_1,69,8,SATISFIED,1.02,106701354.0,9120.0
SAL-Ei-LM,bom_deep_7_3_15_5_No1_p20_ao69_am15_4_m13_ao69_am13_1,69,9,SATISFIED,1.0192,111271080.0,9123.0
SAL-Ei-LM,bom_deep_7_3_15_5_No1_p20_ao69_am15_4_m13_ao69_am13_1,69,10,SATISFIED,1.0223,110295061.0,4566.0
SAL-Ei-LM,bom_deep_7_3_15_5_No1_p20_ao69_am15_4_m13_ao69_am13_2,69,1,SATISFIED,1.0207,191885102.0,4591.0
SAL-Ei-LM,bom_deep_7_3_15_5_No1_p20_ao69_am15_4_m13_ao69_am13_2,69,2,SATISFIED,1.0224,192152940.0,6044.0
SAL-Ei-LM,bom_deep_7_3_15_5_No1_p20_ao69_am15_4_m13_ao69_am13_2,69,3,SATISFIED,1.0209,191863980.0,8870.0
SAL-Ei-LM,bom_deep_7_3_15_5_No1_p20_ao69_am15_4_m13_ao69_am13_2,69,4,SATISFIED,1.0196,191869011.0,9098.0
SAL-Ei-LM,bom_deep_7_3_15_5_No1_p20_ao69_am15_4_m13_ao69_am13_2,69,5,SATISFIED,1.0215,191849795.0,8905.0
SAL-Ei-LM,bom_deep_7_3_15_5_No1_p20_ao69_am15_4_m13_ao69_am13_2,69,6,SATISFIED,1.0196,192155609.0,8919.0
SAL-Ei-LM,bom_deep_7_3_15_5_No1_p20_ao69_am15_4_m13_ao69_am13_2,69,7,SATISFIED,1.0197,191874765.0,7967.0
SAL-Ei-LM,bom_deep_7_3_15_5_No1_p20_ao69_am15_4_m13_ao69_am13_2,69,8,SATISFIED,1.0229,191857550.0,4608.0
SAL-Ei-LM,bom_deep_7_3_15_5_No1_p20_ao69_am15_4_m13_ao69_am13_2,69,9,SATISFIED,1.02,188880311.0,5571.0
SAL-Ei-LM,bom_deep_7_3_15_5_No1_p20_ao69_am15_4_m13_ao69_am13_2,69,10,SATISFIED,1.0212,191872840.0,8696.0
SAL-Ei-LM,bom_deep_7_3_15_5_No1_p20_ao69_am15_4_m13_ao69_am13_3,69,1,SATISFIED,1.0195,107545439.0,8173.0
SAL-Ei-LM,bom_deep_7_3_15_5_No1_p20_ao69_am15_4_m13_ao69_am13_3,69,2,SATISFIED,1.0213,109709080.0,8511.0
SAL-Ei-LM,bom_deep_7_3_15_5_No1_p20_ao69_am15_4_m13_ao69_am13_3,69,3,SATISFIED,1.0204,103290833.0,4364.0
SAL-Ei-LM,bom_deep_7_3_15_5_No1_p20_ao69_am15_4_m13_ao69_am13_3,69,4,SATISFIED,1.018,90483759.0,4436.0
SAL-Ei-LM,bom_deep_7_3_15_5_No1_p20_ao69_am15_4_m13_ao69_am13_3,69,5,SATISFIED,1.0218,103040020.0,5852.0
SAL-Ei-LM,bom_deep_7_3_15_5_No1_p20_ao69_am15_4_m13_ao69_am13_3,69,6,SATISFIED,1.0235,105479184.0,8232.0
SAL-Ei-LM,bom_deep_7_3_15_5_No1_p20_ao69_am15_4_m13_ao69_am13_3,69,7,SATISFIED,1.0202,107599676.0,4310.0
SAL-Ei-LM,bom_deep_7_3_15_5_No1_p20_ao69_am15_4_m13_ao69_am13_3,69,8,SATISFIED,1.021,108101339.0,4864.0
SAL-Ei-LM,bom_deep_7_3_15_5_No1_p20_ao69_am15_4_m13_ao69_am13_3,69,9,SATISFIED,1.0191,100113146.0,7851.0
SAL-Ei-LM,bom_deep_7_3_15_5_No1_p20_ao69_am15_4_m13_ao69_am13_3,69,10,SATISFIED,1.0205,97417460.0,8286.0
SAL-Ei-LM,bom_deep_7_3_15_5_No1_p20_ao69_am15_4_m13_ao69_am13_4,69,1,SATISFIED,1.0192,148128712.0,8589.0
SAL-Ei-LM,bom_deep_7_3_15_5_No1_p20_ao69_am15_4_m13_ao69_am13_4,69,2,SATISFIED,1.0225,145216670.0,8680.0
SAL-Ei-LM,bom_deep_7_3_15_5_No1_p20_ao69_am15_4_m13_ao69_am13_4,69,3,SATISFIED,1.0208,145204905.0,4599.0
SAL-Ei-LM,bom_deep_7_3_15_5_No1_p20_ao69_am15_4_m13_ao69_am13_4,69,4,SATISFIED,1.0219,146121050.0,4851.0
SAL-Ei-LM,bom_deep_7_3_15_5_No1_p20_ao69_am15_4_m13_ao69_am13_4,69,5,SATISFIED,1.0206,146252882.0,8074.0
SAL-Ei-LM,bom_deep_7_3_15_5_No1_p20_ao69_am15_4_m13_ao69_am13_4,69,6,SATISFIED,1.0211,148942315.0,5009.0
SAL-Ei-LM,bom_deep_7_3_15_5_No1_p20_ao69_am15_4_m13_ao69_am13_4,69,7,SATISFIED,1.0215,146241315.0,4578.0
SAL-Ei-LM,bom_deep_7_3_15_5_No1_p20_ao69_am15_4_m13_ao69_am13_4,69,8,SATISFIED,1.021,145302660.0,4417.0
SAL-Ei-LM,bom_deep_7_3_15_5_No1_p20_ao69_am15_4_m13_ao69_am13_4,69,9,SATISFIED,1.0206,145862530.0,5530.0
SAL-Ei-LM,bom_deep_7_3_15_5_No1_p20_ao69_am15_4_m13_ao69_am13_4,69,10,SATISFIED,1.0195,146243327.0,8469.0
SAL-Ei-LM,bom_deep_7_3_15_5_No1_p20_ao69_am15_4_m13_ao69_am13_5,69,1,SATISFIED,1.0208,245518410.0,8585.0
SAL-Ei-LM,bom_deep_7_3_15_5_No1_p20_ao69_am15_4_m13_ao69_am13_5,69,2,SATISFIED,1.0202,230559080.0,7973.0
SAL-Ei-LM,bom_deep_7_3_15_5_No1_p20_ao69_am15_4_m13_ao69_am13_5,69,3,SATISFIED,1.0212,230689951.0,4265.0
SAL-Ei-LM,bom_deep_7_3_15_5_No1_p20_ao69_am15_4_m13_ao69_am13_5,69,4,SATISFIED,1.0196,230605446.0,4598.0
SAL-Ei-LM,bom_deep_7_3_15_5_No1_p20_ao69_am15_4_m13_ao69_am13_5,69,5,SATISFIED,1.0208,230615898.0,4409.0
SAL-Ei-LM,bom_deep_7_3_15_5_No1_p20_ao69_am15_4_m13_ao69_am13_5,69,6,SATISFIED,1.0235,230648351.0,4306.0
SAL-Ei-LM,bom_deep_7_3_15_5_No1_p20_ao69_am15_4_m13_ao69_am13_5,69,7,SATISFIED,1.0232,232866238.0,5590.0
SAL-Ei-LM,bom_deep_7_3_15_5_No1_p20_ao69_am15_4_m13_ao69_am13_5,69,8,SATISFIED,1.0217,238424014.0,8284.0
SAL-Ei-LM,bom_deep_7_3_15_5_No1_p20_ao69_am15_4_m13_ao69_am13_5,69,9,SATISFIED,1.0206,230642136.0,8253.0
SAL-Ei-LM,bom_deep_7_3_15_5_No1_p20_ao69_am15_4_m13_ao69_am13_5,69,10,SATISFIED,1.0218,230613225.0,8222.0
SAL-Ei-LM,bom_deep_7_3_15_5_No1_p20_ao69_am15_4_m30_ao69_am27_4,69,1,SATISFIED,1.0192,60535290.0,6919.0
SAL-Ei-LM,bom_deep_7_3_15_5_No1_p20_ao69_am15_4_m30_ao69_am27_4,69,2,SATISFIED,1.0181,58123697.0,6777.0
SAL-Ei-LM,bom_deep_7_3_15_5_No1_p20_ao69_am15_4_m30_ao69_am27_4,69,3,SATISFIED,1.0219,56568673.0,6769.0
SAL-Ei-LM,bom_deep_7_3_15_5_No1_p20_ao69_am15_4_m30_ao69_am27_4,69,4,SATISFIED,1.0197,62162462.0,6785.0
SAL-Ei-LM,bom_deep_7_3_15_5_No1_p20_ao69_am15_4_m30_ao69_am27_4,69,5,SATISFIED,1.0184,59026220.0,6735.0
SAL-Ei-LM,bom_deep_7_3_15_5_No1_p20_ao69_am15_4_m30_ao69_am27_4,69,6,SATISFIED,1.0195,61182342.0,7005.0
SAL-Ei-LM,bom_deep_7_3_15_5_No1_p20_ao69_am15_4_m30_ao69_am27_4,69,7,SATISFIED,1.0211,60034685.0,6802.0
SAL-Ei-LM,bom_deep_7_3_15_5_No1_p20_ao69_am15_4_m30_ao69_am27_4,69,8,SATISFIED,1.0214,61336675.0,6399.0
SAL-Ei-LM,bom_deep_7_3_15_5_No1_p20_ao69_am15_4_m30_ao69_am27_4,69,9,SATISFIED,1.0218,58828321.0,3623.0
SAL-Ei-LM,bom_deep_7_3_15_5_No1_p20_ao69_am15_4_m30_ao69_am27_4,69,10,SATISFIED,1.0222,64162076.0,4160.0
SAL-Ei-LM,bom_deep_7_3_15_5_No1_p20_ao69_am15_4_m30_ao69_am29_2,69,1,SATISFIED,1.0218,66443986.0,6628.0
SAL-Ei-LM,bom_deep_7_3_15_5_No1_p20_ao69_am15_4_m30_ao69_am29_2,69,2,SATISFIED,1.0209,63251299.0,7230.0
SAL-Ei-LM,bom_deep_7_3_15_5_No1_p20_ao69_am15_4_m30_ao69_am29_2,69,3,SATISFIED,1.0217,63516140.0,7185.0
SAL-Ei-LM,bom_deep_7_3_15_5_No1_p20_ao69_am15_4_m30_ao69_am29_2,69,4,SATISFIED,1.0217,62964579.0,7097.0
SAL-Ei-LM,bom_deep_7_3_15_5_No1_p20_ao69_am15_4_m30_ao69_am29_2,69,5,SATISFIED,1.021,65516850.0,7194.0
SAL-Ei-LM,bom_deep_7_3_15_5_No1_p20_ao69_am15_4_m30_ao69_am29_2,69,6,SATISFIED,1.02,64206575.0,7188.0
SAL-Ei-LM,bom_deep_7_3_15_5_No1_p20_ao69_am15_4_m30_ao69_am29_2,69,7,SATISFIED,1.0225,62958355.0,3697.0
SAL-Ei-LM,bom_deep_7_3_15_5_No1_p20_ao69_am15_4_m30_ao69_am29_2,69,8,SATISFIED,1.0244,64927400.0,3708.0
SAL-Ei-LM,bom_deep_7_3_15_5_No1_p20_ao69_am15_4_m30_ao69_am29_2,69,9,SATISFIED,1.0196,59817773.0,4918.0
SAL-Ei-LM,bom_deep_7_3_15_5_No1_p20_ao69_am15_4_m30_ao69_am29_2,69,10,SATISFIED,1.0239,64483815.0,7203.0
SAL-Ei-LM,bom_deep_7_3_15_5_No1_p20_ao69_am15_4_m30_ao69_am30_1,69,1,SATISFIED,1.0203,58889792.0,7207.0
SAL-Ei-LM,bom_deep_7_3_15_5_No1_p20_ao69_am15_4_m30_ao69_am30_1,69,2,SATISFIED,1.0214,64218327.0,7236.0
SAL-Ei-LM,bom_deep_7_3_15_5_No1_p20_ao69_am15_4_m30_ao69_am30_1,69,3,SATISFIED,1.0216,61270803.0,7193.0
SAL-Ei-LM,bom_deep_7_3_15_5_No1_p20_ao69_am15_4_m30_ao69_am30_1,69,4,SATISFIED,1.0214,59958814.0,7190.0
SAL-Ei-LM,bom_deep_7_3_15_5_No1_p20_ao69_am15_4_m30_ao69_am30_1,69,5,SATISFIED,1.0227,62719010.0,7042.0
SAL-Ei-LM,bom_deep_7_3_15_5_No1_p20_ao69_am15_4_m30_ao69_am30_1,69,6,SATISFIED,1.0201,64696750.0,7214.0
SAL-Ei-LM,bom_deep_7_3_15_5_No1_p20_ao69_am15_4_m30_ao69_am30_1,69,7,SATISFIED,1.0223,58349258.0,7157.0
SAL-Ei-LM,bom_deep_7_3_15_5_No1_p20_ao69_am15_4_m30_ao69_am30_1,69,8,SATISFIED,1.0218,61401154.0,6974.0
SAL-Ei-LM,bom_deep_7_3_15_5_No1_p20_ao69_am15_4_m30_ao69_am30_1,69,9,SATISFIED,1.0223,61804663.0,6932.0
SAL-Ei-LM,bom_deep_7_3_15_5_No1_p20_ao69_am15_4_m30_ao69_am30_1,69,10,SATISFIED,1.0213,56649860.0,7082.0
SAL-Ei-LM,bom_deep_7_3_15_5_No1_p20_ao69_am15_4_m30_ao69_am30_3,69,1,SATISFIED,1.0259,96587800.0,7175.0
SAL-Ei-LM,bom_deep_7_3_15_5_No1_p20_ao69_am15_4_m30_ao69_am30_3,69,2,SATISFIED,1.0202,96676920.0,7095.0
SAL-Ei-LM,bom_deep_7_3_15_5_No1_p20_ao69_am15_4_m30_ao69_am30_3,69,3,SATISFIED,1.0212,93697022.0,7180.0
SAL-Ei-LM,bom_deep_7_3_15_5_No1_p20_ao69_am15_4_m30_ao69_am30_3,69,4,SATISFIED,1.02,89313655.0,7090.0
SAL-Ei-LM,bom_deep_7_3_15_5_No1_p20_ao69_am15_4_m30_ao69_am30_3,69,5,SATISFIED,1.022,81935115.0,7189.0
SAL-Ei-LM,bom_deep_7_3_15_5_No1_p20_ao69_am15_4_m30_ao69_am30_3,69,6,SATISFIED,1.0192,93370040.0,7239.0
SAL-Ei-LM,bom_deep_7_3_15_5_No1_p20_ao69_am15_4_m30_ao69_am30_3,69,7,SATISFIED,1.0201,94687680.0,7193.0
SAL-Ei-LM,bom_deep_7_3_15_5_No1_p20_ao69_am15_4_m30_ao69_am30_3,69,8,SATISFIED,1.0204,85814580.0,7188.0
SAL-Ei-LM,bom_deep_7_3_15_5_No1_p20_ao69_am15_4_m30_ao69_am30_3,69,9,SATISFIED,1.0228,96385455.0,7165.0
SAL-Ei-LM,bom_deep_7_3_15_5_No1_p20_ao69_am15_4_m30_ao69_am30_3,69,10,SATISFIED,1.0218,86372882.0,7215.0
SAL-Ei-LM,bom_deep_7_3_15_5_No1_p20_ao69_am15_4_m30_ao69_am30_5,69,1,SATISFIED,1.021,117988143.0,7127.0
SAL-Ei-LM,bom_deep_7_3_15_5_No1_p20_ao69_am15_4_m30_ao69_am30_5,69,2,SATISFIED,1.0217,110729732.0,7147.0
SAL-Ei-LM,bom_deep_7_3_15_5_No1_p20_ao69_am15_4_m30_ao69_am30_5,69,3,SATISFIED,1.0214,117662235.0,7109.0
SAL-Ei-LM,bom_deep_7_3_15_5_No1_p20_ao69_am15_4_m30_ao69_am30_5,69,4,SATISFIED,1.0233,114127747.0,7107.0
SAL-Ei-LM,bom_deep_7_3_15_5_No1_p20_ao69_am15_4_m30_ao69_am30_5,69,5,SATISFIED,1.0217,122211144.0,7106.0
SAL-Ei-LM,bom_deep_7_3_15_5_No1_p20_ao69_am15_4_m30_ao69_am30_5,69,6,SATISFIED,1.0218,114374970.0,6853.0
SAL-Ei-LM,bom_deep_7_3_15_5_No1_p20_ao69_am15_4_m30_ao69_am30_5,69,7,SATISFIED,1.0221,109261940.0,6851.0
SAL-Ei-LM,bom_deep_7_3_15_5_No1_p20_ao69_am15_4_m30_ao69_am30_5,69,8,SATISFIED,1.021,121504338.0,7179.0
SAL-Ei-LM,bom_deep_7_3_15_5_No1_p20_ao69_am15_4_m30_ao69_am30_5,69,9,SATISFIED,1.0216,126471209.0,7203.0
SAL-Ei-LM,bom_deep_7_3_15_5_No1_p20_ao69_am15_4_m30_ao69_am30_5,69,10,SATISFIED,1.0209,114635483.0,7109.0
SAL-Ei-LM,bom_deep_7_3_15_5_No1_p20_ao69_am15_5,69,1,SATISFIED,1.021,132323895.0,7659.0
SAL-Ei-LM,bom_deep_7_3_15_5_No1_p20_ao69_am15_5,69,2,SATISFIED,1.0239,131538750.0,7194.0
SAL-Ei-LM,bom_deep_7_3_15_5_No1_p20_ao69_am15_5,69,3,SATISFIED,1.0221,132210390.0,4057.0
SAL-Ei-LM,bom_deep_7_3_15_5_No1_p20_ao69_am15_5,69,4,SATISFIED,1.0248,132393200.0,4629.0
SAL-Ei-LM,bom_deep_7_3_15_5_No1_p20_ao69_am15_5,69,5,SATISFIED,1.0218,131915120.0,7423.0
SAL-Ei-LM,bom_deep_7_3_15_5_No1_p20_ao69_am15_5,69,6,SATISFIED,1.0234,131996370.0,7394.0
SAL-Ei-LM,bom_deep_7_3_15_5_No1_p20_ao69_am15_5,69,7,SATISFIED,1.0197,131729915.0,7593.0
SAL-Ei-LM,bom_deep_7_3_15_5_No1_p20_ao69_am15_5,69,8,SATISFIED,1.0193,132141105.0,7856.0
SAL-Ei-LM,bom_deep_7_3_15_5_No1_p20_ao69_am15_5,69,9,SATISFIED,1.0184,132504250.0,7324.0
SAL-Ei-LM,bom_deep_7_3_15_5_No1_p20_ao69_am15_5,69,10,SATISFIED,1.0192,131657740.0,7531.0
SAL-Ei-LM,bom_deep_7_3_15_5_No1_p20_ao69_am15_5_m13_ao69_am13_1,69,1,SATISFIED,1.0222,170244865.0,7258.0
SAL-Ei-LM,bom_deep_7_3_15_5_No1_p20_ao69_am15_5_m13_ao69_am13_1,69,2,SATISFIED,1.0222,168872160.0,4513.0
SAL-Ei-LM,bom_deep_7_3_15_5_No1_p20_ao69_am15_5_m13_ao69_am13_1,69,3,SATISFIED,1.0204,168676575.0,6056.0
SAL-Ei-LM,bom_deep_7_3_15_5_No1_p20_ao69_am15_5_m13_ao69_am13_1,69,4,SATISFIED,1.0201,169830900.0,8892.0
SAL-Ei-LM,bom_deep_7_3_15_5_No1_p20_ao69_am15_5_m13_ao69_am13_1,69,5,SATISFIED,1.0191,170051175.0,8795.0
SAL-Ei-LM,bom_deep_7_3_15_5_No1_p20_ao69_am15_5_m13_ao69_am13_1,69,6,SATISFIED,1.0202,169823545.0,8995.0
SAL-Ei-LM,bom_deep_7_3_15_5_No1_p20_ao69_am15_5_m13_ao69_am13_1,69,7,SATISFIED,1.0192,170251425.0,8769.0
SAL-Ei-LM,bom_deep_7_3_15_5_No1_p20_ao69_am15_5_m13_ao69_am13_1,69,8,SATISFIED,1.0208,170098925.0,8649.0
SAL-Ei-LM,bom_deep_7_3_15_5_No1_p20_ao69_am15_5_m13_ao69_am13_1,69,9,SATISFIED,1.0205,169161645.0,8495.0
SAL-Ei-LM,bom_deep_7_3_15_5_No1_p20_ao69_am15_5_m13_ao69_am13_1,69,10,SATISFIED,1.0202,169338050.0,8759.0
SAL-Ei-LM,bom_deep_7_3_15_5_No1_p20_ao69_am15_5_m13_ao69_am13_2,69,1,SATISFIED,1.0213,67795985.0,4486.0
SAL-Ei-LM,bom_deep_7_3_15_5_No1_p20_ao69_am15_5_m13_ao69_am13_2,69,2,SATISFIED,1.0215,70499279.0,4778.0
SAL-Ei-LM,bom_deep_7_3_15_5_No1_p20_ao69_am15_5_m13_ao69_am13_2,69,3,SATISFIED,1.0195,66832824.0,6829.0
SAL-Ei-LM,bom_deep_7_3_15_5_No1_p20_ao69_am15_5_m13_ao69_am13_2,69,4,SATISFIED,1.0204,71617217.0,4554.0
SAL-Ei-LM,bom_deep_7_3_15_5_No1_p20_ao69_am15_5_m13_ao69_am13_2,69,5,SATISFIED,1.0208,66633125.0,4471.0
SAL-Ei-LM,bom_deep_7_3_15_5_No1_p20_ao69_am15_5_m13_ao69_am13_2,69,6,SATISFIED,1.0234,84595996.0,4513.0
SAL-Ei-LM,bom_deep_7_3_15_5_No1_p20_ao69_am15_5_m13_ao69_am13_2,69,7,SATISFIED,1.0231,66441619.0,4229.0
SAL-Ei-LM,bom_deep_7_3_15_5_No1_p20_ao69_am15_5_m13_ao69_am13_2,69,8,SATISFIED,1.0225,70825486.0,4516.0
SAL-Ei-LM,bom_deep_7_3_15_5_No1_p20_ao69_am15_5_m13_ao69_am13_2,69,9,SATISFIED,1.0233,66879698.0,4411.0
SAL-Ei-LM,bom_deep_7_3_15_5_No1_p20_ao69_am15_5_m13_ao69_am13_2,69,10,SATISFIED,1.0231,69919238.0,4515.0
SAL-Ei-LM,bom_deep_7_3_15_5_No1_p20_ao69_am15_5_m13_ao69_am13_3,69,1,SATISFIED,1.0206,111766378.0,4675.0
SAL-Ei-LM,bom_deep_7_3_15_5_No1_p20_ao69_am15_5_m13_ao69_am13_3,69,2,SATISFIED,1.02,111624728.0,5156.0
SAL-Ei-LM,bom_deep_7_3_15_5_No1_p20_ao69_am15_5_m13_ao69_am13_3,69,3,SATISFIED,1.0207,111691430.0,8270.0
SAL-Ei-LM,bom_deep_7_3_15_5_No1_p20_ao69_am15_5_m13_ao69_am13_3,69,4,SATISFIED,1.0186,111636458.0,8785.0
SAL-Ei-LM,bom_deep_7_3_15_5_No1_p20_ao69_am15_5_m13_ao69_am13_3,69,5,SATISFIED,1.0196,111686154.0,8822.0
SAL-Ei-LM,bom_deep_7_3_15_5_No1_p20_ao69_am15_5_m13_ao69_am13_3,69,6,SATISFIED,1.0202,111774184.0,4426.0
SAL-Ei-LM,bom_deep_7_3_15_5_No1_p20_ao69_am15_5_m13_ao69_am13_3,69,7,SATISFIED,1.0207,111681225.0,4905.0
SAL-Ei-LM,bom_deep_7_3_15_5_No1_p20_ao69_am15_5_m13_ao69_am13_3,69,8,SATISFIED,1.019,111602755.0,8182.0
SAL-Ei-LM,bom_deep_7_3_15_5_No1_p20_ao69_am15_5_m13_ao69_am13_3,69,9,SATISFIED,1.0232,111816312.0,4664.0
SAL-Ei-LM,bom_deep_7_3_15_5_No1_p20_ao69_am15_5_m13_ao69_am13_3,69,10,SATISFIED,1.0225,111749370.0,5001.0
SAL-Ei-LM,bom_deep_7_3_15_5_No1_p20_ao69_am15_5_m13_ao69_am13_4,69,1,SATISFIED,1.0228,218120980.0,7938.0
SAL-Ei-LM,bom_deep_7_3_15_5_No1_p20_ao69_am15_5_m13_ao69_am13_4,69,2,SATISFIED,1.0204,218098555.0,8590.0
SAL-Ei-LM,bom_deep_7_3_15_5_No1_p20_ao69_am15_5_m13_ao69_am13_4,69,3,SATISFIED,1.0212,218103990.0,8658.0
SAL-Ei-LM,bom_deep_7_3_15_5_No1_p20_ao69_am15_5_m13_ao69_am13_4,69,4,SATISFIED,1.0203,218130350.0,8667.0
SAL-Ei-LM,bom_deep_7_3_15_5_No1_p20_ao69_am15_5_m13_ao69_am13_4,69,5,SATISFIED,1.0198,218103235.0,8935.0
SAL-Ei-LM,bom_deep_7_3_15_5_No1_p20_ao69_am15_5_m13_ao69_am13_4,69,6,SATISFIED,1.0244,218101420.0,4421.0
SAL-Ei-LM,bom_deep_7_3_15_5_No1_p20_ao69_am15_5_m13_ao69_am13_4,69,7,SATISFIED,1.0228,218105165.0,4568.0
SAL-Ei-LM,bom_deep_7_3_15_5_No1_p20_ao69_am15_5_m13_ao69_am13_4,69,8,SATISFIED,1.02,218124725.0,5946.0
SAL-Ei-LM,bom_deep_7_3_15_5_No1_p20_ao69_am15_5_m13_ao69_am13_4,69,9,SATISFIED,1.0203,218122580.0,8680.0
SAL-Ei-LM,bom_deep_7_3_15_5_No1_p20_ao69_am15_5_m13_ao69_am13_4,69,10,SATISFIED,1.0197,218113610.0,8884.0
SAL-Ei-LM,bom_deep_7_3_15_5_No1_p20_ao69_am15_5_m13_ao69_am13_5,69,1,SATISFIED,1.02,265457745.0,9272.0
SAL-Ei-LM,bom_deep_7_3_15_5_No1_p20_ao69_am15_5_m13_ao69_am13_5,69,2,SATISFIED,1.0234,287612760.0,9114.0
SAL-Ei-LM,bom_deep_7_3_15_5_No1_p20_ao69_am15_5_m13_ao69_am13_5,69,3,SATISFIED,1.0223,269673044.0,7314.0
SAL-Ei-LM,bom_deep_7_3_15_5_No1_p20_ao69_am15_5_m13_ao69_am13_5,69,4,SATISFIED,1.0204,265526251.0,4763.0
SAL-Ei-LM,bom_deep_7_3_15_5_No1_p20_ao69_am15_5_m13_ao69_am13_5,69,5,SATISFIED,1.0201,264156823.0,6965.0
SAL-Ei-LM,bom_deep_7_3_15_5_No1_p20_ao69_am15_5_m13_ao69_am13_5,69,6,SATISFIED,1.0211,279633645.0,9230.0
SAL-Ei-LM,bom_deep_7_3_15_5_No1_p20_ao69_am15_5_m13_ao69_am13_5,69,7,SATISFIED,1.0189,273022665.0,9015.0
SAL-Ei-LM,bom_deep_7_3_15_5_No1_p20_ao69_am15_5_m13_ao69_am13_5,69,8,SATISFIED,1.0179,282776670.0,9263.0
SAL-Ei-LM,bom_deep_7_3_15_5_No1_p20_ao69_am15_5_m13_ao69_am13_5,69,9,SATISFIED,1.0184,267711594.0,9176.0
SAL-Ei-LM,bom_deep_7_3_15_5_No1_p20_ao69_am15_5_m13_ao69_am13_5,69,10,SATISFIED,1.0198,265486860.0,5362.0
SAL-Ei-LM,bom_deep_7_3_15_5_No1_p20_ao69_am15_5_m30_ao69_am25_2,69,1,SATISFIED,1.0235,101918382.0,3864.0
SAL-Ei-LM,bom_deep_7_3_15_5_No1_p20_ao69_am15_5_m30_ao69_am25_2,69,2,SATISFIED,1.0202,96520567.0,6274.0
SAL-Ei-LM,bom_deep_7_3_15_5_No1_p20_ao69_am15_5_m30_ao69_am25_2,69,3,SATISFIED,1.0191,97628755.0,7047.0
SAL-Ei-LM,bom_deep_7_3_15_5_No1_p20_ao69_am15_5_m30_ao69_am25_2,69,4,SATISFIED,1.0221,102342742.0,5455.0
SAL-Ei-LM,bom_deep_7_3_15_5_No1_p20_ao69_am15_5_m30_ao69_am25_2,69,5,SATISFIED,1.0229,97270360.0,3737.0
SAL-Ei-LM,bom_deep_7_3_15_5_No1_p20_ao69_am15_5_m30_ao69_am25_2,69,6,SATISFIED,1.0217,94490723.0,5353.0
SAL-Ei-LM,bom_deep_7_3_15_5_No1_p20_ao69_am15_5_m30_ao69_am25_2,69,7,SATISFIED,1.0183,103668304.0,7046.0
SAL-Ei-LM,bom_deep_7_3_15_5_No1_p20_ao69_am15_5_m30_ao69_am25_2,69,8,SATISFIED,1.0194,99455814.0,7083.0
SAL-Ei-LM,bom_deep_7_3_15_5_No1_p20_ao69_am15_5_m30_ao69_am25_2,69,9,SATISFIED,1.0196,96771833.0,7079.0
SAL-Ei-LM,bom_deep_7_3_15_5_No1_p20_ao69_am15_5_m30_ao69_am25_2,69,10,SATISFIED,1.0201,98369482.0,6804.0
SAL-Ei-LM,bom_deep_7_3_15_5_No1_p20_ao69_am15_5_m30_ao69_am26_4,69,1,SATISFIED,1.0195,72823701.0,3599.0
SAL-Ei-LM,bom_deep_7_3_15_5_No1_p20_ao69_am15_5_m30_ao69_am26_4,69,2,SATISFIED,1.0234,74514494.0,4140.0
SAL-Ei-LM,bom_deep_7_3_15_5_No1_p20_ao69_am15_5_m30_ao69_am26_4,69,3,SATISFIED,1.0191,73267030.0,6649.0
SAL-Ei-LM,bom_deep_7_3_15_5_No1_p20_ao69_am15_5_m30_ao69_am26_4,69,4,SATISFIED,1.0207,71809528.0,6945.0
SAL-Ei-LM,bom_deep_7_3_15_5_No1_p20_ao69_am15_5_m30_ao69_am26_4,69,5,SATISFIED,1.0188,71693573.0,6946.0
SAL-Ei-LM,bom_deep_7_3_15_5_No1_p20_ao69_am15_5_m30_ao69_am26_4,69,6,SATISFIED,1.0236,74900948.0,3439.0
SAL-Ei-LM,bom_deep_7_3_15_5_No1_p20_ao69_am15_5_m30_ao69_am26_4,69,7,SATISFIED,1.0211,72440591.0,3613.0
SAL-Ei-LM,bom_deep_7_3_15_5_No1_p20_ao69_am15_5_m30_ao69_am26_4,69,8,SATISFIED,1.0212,74636178.0,5040.0
SAL-Ei-LM,bom_deep_7_3_15_5_No1_p20_ao69_am15_5_m30_ao69_am26_4,69,9,SATISFIED,1.0203,71001599.0,6873.0
SAL-Ei-LM,bom_deep_7_3_15_5_No1_p20_ao69_am15_5_m30_ao69_am26_4,69,10,SATISFIED,1.0195,72787576.0,6956.0
SAL-Ei-LM,bom_deep_7_3_15_5_No1_p20_ao69_am15_5_m30_ao69_am27_3,69,1,SATISFIED,1.0192,136901656.0,7029.0
SAL-Ei-LM,bom_deep_7_3_15_5_No1_p20_ao69_am15_5_m30_ao69_am27_3,69,2,SATISFIED,1.0193,137773519.0,6870.0
SAL-Ei-LM,bom_deep_7_3_15_5_No1_p20_ao69_am15_5_m30_ao69_am27_3,69,3,SATISFIED,1.0206,148307620.0,6876.0
SAL-Ei-LM,bom_deep_7_3_15_5_No1_p20_ao69_am15_5_m30_ao69_am27_3,69,4,SATISFIED,1.0212,138986194.0,6863.0
SAL-Ei-LM,bom_deep_7_3_15_5_No1_p20_ao69_am15_5_m30_ao69_am27_3,69,5,SATISFIED,1.02,145370490.0,6820.0
SAL-Ei-LM,bom_deep_7_3_15_5_No1_p20_ao69_am15_5_m30_ao69_am27_3,69,6,SATISFIED,1.02,141721436.0,6880.0
SAL-Ei-LM,bom_deep_7_3_15_5_No1_p20_ao69_am15_5_m30_ao69_am27_3,69,7,SATISFIED,1.0224,134089495.0,6874.0
SAL-Ei-LM,bom_deep_7_3_15_5_No1_p20_ao69_am15_5_m30_ao69_am27_3,69,8,SATISFIED,1.0199,125824975.0,6935.0
SAL-Ei-LM,bom_deep_7_3_15_5_No1_p20_ao69_am15_5_m30_ao69_am27_3,69,9,SATISFIED,1.0224,140107995.0,3587.0
SAL-Ei-LM,bom_deep_7_3_15_5_No1_p20_ao69_am15_5_m30_ao69_am27_3,69,10,SATISFIED,1.0233,158842352.0,3679.0
SAL-Ei-LM,bom_deep_7_3_15_5_No1_p20_ao69_am15_5_m30_ao69_am28_1,69,1,SATISFIED,1.019,67014663.0,4188.0
SAL-Ei-LM,bom_deep_7_3_15_5_No1_p20_ao69_am15_5_m30_ao69_am28_1,69,2,SATISFIED,1.0189,64104195.0,6535.0
SAL-Ei-LM,bom_deep_7_3_15_5_No1_p20_ao69_am15_5_m30_ao69_am28_1,69,3,SATISFIED,1.0196,65113677.0,7170.0
SAL-Ei-LM,bom_deep_7_3_15_5_No1_p20_ao69_am15_5_m30_ao69_am28_1,69,4,SATISFIED,1.0207,66260144.0,7164.0
SAL-Ei-LM,bom_deep_7_3_15_5_No1_p20_ao69_am15_5_m30_ao69_am28_1,69,5,SATISFIED,1.0206,62886410.0,7122.0
SAL-Ei-LM,bom_deep_7_3_15_5_No1_p20_ao69_am15_5_m30_ao69_am28_1,69,6,SATISFIED,1.0202,66637614.0,7103.0
SAL-Ei-LM,bom_deep_7_3_15_5_No1_p20_ao69_am15_5_m30_ao69_am28_1,69,7,SATISFIED,1.0221,69525680.0,3633.0
SAL-Ei-LM,bom_deep_7_3_15_5_No1_p20_ao69_am15_5_m30_ao69_am28_1,69,8,SATISFIED,1.0241,64614328.0,3594.0
SAL-Ei-LM,bom_deep_7_3_15_5_No1_p20_ao69_am15_5_m30_ao69_am28_1,69,9,SATISFIED,1.0208,65728435.0,4155.0
SAL-Ei-LM,bom_deep_7_3_15_5_No1_p20_ao69_am15_5_m30_ao69_am28_1,69,10,SATISFIED,1.0218,67192274.0,6509.0
SAL-Ei-LM,bom_deep_7_3_15_5_No1_p20_ao69_am15_5_m30_ao69_am29_5,69,1,SATISFIED,1.0228,126960360.0,6143.0
SAL-Ei-LM,bom_deep_7_3_15_5_No1_p20_ao69_am15_5_m30_ao69_am29_5,69,2,SATISFIED,1.0227,126192358.0,3719.0
SAL-Ei-LM,bom_deep_7_3_15_5_No1_p20_ao69_am15_5_m30_ao69_am29_5,69,3,SATISFIED,1.0225,122213715.0,4475.0
SAL-Ei-LM,bom_deep_7_3_15_5_No1_p20_ao69_am15_5_m30_ao69_am29_5,69,4,SATISFIED,1.0213,120022498.0,6892.0
SAL-Ei-LM,bom_deep_7_3_15_5_No1_p20_ao69_am15_5_m30_ao69_am29_5,69,5,SATISFIED,1.0199,119644691.0,6956.0
SAL-Ei-LM,bom_deep_7_3_15_5_No1_p20_ao69_am15_5_m30_ao69_am29_5,69,6,SATISFIED,1.0201,126224386.0,7013.0
SAL-Ei-LM,bom_deep_7_3_15_5_No1_p20_ao69_am15_5_m30_ao69_am29_5,69,7,SATISFIED,1.022,114559663.0,6967.0
SAL-Ei-LM,bom_deep_7_3_15_5_No1_p20_ao69_am15_5_m30_ao69_am29_5,69,8,SATISFIED,1.0215,115315816.0,6947.0
SAL-Ei-LM,bom_deep_7_3_15_5_No1_p20_ao69_am15_5_m30_ao69_am29_5,69,9,SATISFIED,1.0216,121596260.0,7001.0
SAL-Ei-LM,bom_deep_7_3_15_5_No1_p20_ao69_am15_5_m30_ao69_am29_5,69,10,SATISFIED,1.0205,121941015.0,7000.0
SAL-Ei-LM,bom_deep_7_3_15_5_No1_p30_ao75_am15_1,75,1,SATISFIED,1.0214,123247660.0,7817.0
SAL-Ei-LM,bom_deep_7_3_15_5_No1_p30_ao75_am15_1,75,2,SATISFIED,1.0208,123135590.0,8003.0
SAL-Ei-LM,bom_deep_7_3_15_5_No1_p30_ao75_am15_1,75,3,SATISFIED,1.02,122602795.0,8029.0
SAL-Ei-LM,bom_deep_7_3_15_5_No1_p30_ao75_am15_1,75,4,SATISFIED,1.0216,123260115.0,7922.0
SAL-Ei-LM,bom_deep_7_3_15_5_No1_p30_ao75_am15_1,75,5,SATISFIED,1.0207,122569480.0,7727.0
SAL-Ei-LM,bom_deep_7_3_15_5_No1_p30_ao75_am15_1,75,6,SATISFIED,1.0223,122742865.0,7775.0
SAL-Ei-LM,bom_deep_7_3_15_5_No1_p30_ao75_am15_1,75,7,SATISFIED,1.0223,123335340.0,7659.0
SAL-Ei-LM,bom_deep_7_3_15_5_No1_p30_ao75_am15_1,75,8,SATISFIED,1.0202,123027480.0,7962.0
SAL-Ei-LM,bom_deep_7_3_15_5_No1_p30_ao75_am15_1,75,9,SATISFIED,1.0215,123115985.0,7886.0
SAL-Ei-LM,bom_deep_7_3_15_5_No1_p30_ao75_am15_1,75,10,SATISFIED,1.0206,123264765.0,7626.0
SAL-Ei-LM,bom_deep_7_3_15_5_No1_p30_ao75_am15_1_m10_ao75_am10_1,75,1,SATISFIED,1.0208,106842714.0,7258.0
SAL-Ei-LM,bom_deep_7_3_15_5_No1_p30_ao75_am15_1_m10_ao75_am10_1,75,2,SATISFIED,1.0233,110478557.0,4582.0
SAL-Ei-LM,bom_deep_7_3_15_5_No1_p30_ao75_am15_1_m10_ao75_am10_1,75,3,SATISFIED,1.0214,106855143.0,6519.0
SAL-Ei-LM,bom_deep_7_3_15_5_No1_p30_ao75_am15_1_m10_ao75_am10_1,75,4,SATISFIED,1.0221,106851883.0,7815.0
SAL-Ei-LM,bom_deep_7_3_15_5_No1_p30_ao75_am15_1_m10_ao75_am10_1,75,5,SATISFIED,1.0212,114882107.0,4719.0
SAL-Ei-LM,bom_deep_7_3_15_5_No1_p30_ao75_am15_1_m10_ao75_am10_1,75,6,SATISFIED,1.0202,110142476.0,6290.0
SAL-Ei-LM,bom_deep_7_3_15_5_No1_p30_ao75_am15_1_m10_ao75_am10_1,75,7,SATISFIED,1.0218,106849956.0,8568.0
SAL-Ei-LM,bom_deep_7_3_15_5_No1_p30_ao75_am15_1_m10_ao75_am10_1,75,8,SATISFIED,1.0233,111952422.0,4651.0
SAL-Ei-LM,bom_deep_7_3_15_5_No1_p30_ao75_am15_1_m10_ao75_am10_1,75,9,SATISFIED,1.0272,114257996.0,4623.0
SAL-Ei-LM,bom_deep_7_3_15_5_No1_p30_ao75_am15_1_m10_ao75_am10_1,75,10,SATISFIED,1.0219,112708039.0,4853.0
SAL-Ei-LM,bom_deep_7_3_15_5_No1_p30_ao75_am15_1_m10_ao75_am10_2,75,1,SATISFIED,1.0222,162841416.0,7273.0
SAL-Ei-LM,bom_deep_7_3_15_5_No1_p30_ao75_am15_1_m10_ao75_am10_2,75,2,SATISFIED,1.0231,159503980.0,9287.0
SAL-Ei-LM,bom_deep_7_3_15_5_No1_p30_ao75_am15_1_m10_ao75_am10_2,75,3,SATISFIED,1.0249,158190666.0,4659.0
SAL-Ei-LM,bom_deep_7_3_15_5_No1_p30_ao75_am15_1_m10_ao75_am10_2,75,4,SATISFIED,1.0221,162530423.0,4897.0
SAL-Ei-LM,bom_deep_7_3_15_5_No1_p30_ao75_am15_1_m10_ao75_am10_2,75,5,SATISFIED,1.023,160641143.0,6078.0
SAL-Ei-LM,bom_deep_7_3_15_5_No1_p30_ao75_am15_1_m10_ao75_am10_2,75,6,SATISFIED,1.02,158180414.0,9373.0
SAL-Ei-LM,bom_deep_7_3_15_5_No1_p30_ao75_am15_1_m10_ao75_am10_2,75,7,SATISFIED,1.0208,158249165.0,9342.0
SAL-Ei-LM,bom_deep_7_3_15_5_No1_p30_ao75_am15_1_m10_ao75_am10_2,75,8,SATISFIED,1.0194,162635015.0,9378.0
SAL-Ei-LM,bom_deep_7_3_15_5_No1_p30_ao75_am15_1_m10_ao75_am10_2,75,9,SATISFIED,1.0202,163179709.0,9305.0
SAL-Ei-LM,bom_deep_7_3_15_5_No1_p30_ao75_am15_1_m10_ao75_am10_2,75,10,SATISFIED,1.0211,163028040.0,4709.0
SAL-Ei-LM,bom_deep_7_3_15_5_No1_p30_ao75_am15_1_m10_ao75_am10_3,75,1,SATISFIED,1.0211,125791666.0,4647.0
SAL-Ei-LM,bom_deep_7_3_15_5_No1_p30_ao75_am15_1_m10_ao75_am10_3,75,2,SATISFIED,1.0225,125155135.0,4248.0
SAL-Ei-LM,bom_deep_7_3_15_5_No1_p30_ao75_am15_1_m10_ao75_am10_3,75,3,SATISFIED,1.0217,127811220.0,4314.0
SAL-Ei-LM,bom_deep_7_3_15_5_No1_p30_ao75_am15_1_m10_ao75_am10_3,75,4,SATISFIED,1.0227,125904638.0,4404.0
SAL-Ei-LM,bom_deep_7_3_15_5_No1_p30_ao75_am15_1_m10_ao75_am10_3,75,5,SATISFIED,1.0234,130583715.0,4619.0
SAL-Ei-LM,bom_deep_7_3_15_5_No1_p30_ao75_am15_1_m10_ao75_am10_3,75,6,SATISFIED,1.0215,127922017.0,5632.0
SAL-Ei-LM,bom_deep_7_3_15_5_No1_p30_ao75_am15_1_m10_ao75_am10_3,75,7,SATISFIED,1.02,125937295.0,8520.0
SAL-Ei-LM,bom_deep_7_3_15_5_No1_p30_ao75_am15_1_m10_ao75_am10_3,75,8,SATISFIED,1.0207,125480480.0,8674.0
SAL-Ei-LM,bom_deep_7_3_15_5_No1_p30_ao75_am15_1_m10_ao75_am10_3,75,9,SATISFIED,1.019,124528452.0,7579.0
SAL-Ei-LM,bom_deep_7_3_15_5_No1_p30_ao75_am15_1_m10_ao75_am10_3,75,10,SATISFIED,1.0205,123680109.0,4399.0
SAL-Ei-LM,bom_deep_7_3_15_5_No1_p30_ao75_am15_1_m10_ao75_am10_4,75,1,SATISFIED,1.0183,81981853.0,4350.0
SAL-Ei-LM,bom_deep_7_3_15_5_No1_p30_ao75_am15_1_m10_ao75_am10_4,75,2,SATISFIED,1.0155,81423369.0,6454.0
SAL-Ei-LM,bom_deep_7_3_15_5_No1_p30_ao75_am15_1_m10_ao75_am10_4,75,3,SATISFIED,1.019,81355870.0,8298.0
SAL-Ei-LM,bom_deep_7_3_15_5_No1_p30_ao75_am15_1_m10_ao75_am10_4,75,4,SATISFIED,1.0212,81348175.0,8389.0
SAL-Ei-LM,bom_deep_7_3_15_5_No1_p30_ao75_am15_1_m10_ao75_am10_4,75,5,SATISFIED,1.0219,81406020.0,8160.0
SAL-Ei-LM,bom_deep_7_3_15_5_No1_p30_ao75_am15_1_m10_ao75_am10_4,75,6,SATISFIED,1.0249,82539064.0,4217.0
SAL-Ei-LM,bom_deep_7_3_15_5_No1_p30_ao75_am15_1_m10_ao75_am10_4,75,7,SATISFIED,1.0181,81417458.0,4519.0
SAL-Ei-LM,bom_deep_7_3_15_5_No1_p30_ao75_am15_1_m10_ao75_am10_4,75,8,SATISFIED,1.0222,82304603.0,5218.0
SAL-Ei-LM,bom_deep_7_3_15_5_No1_p30_ao75_am15_1_m10_ao75_am10_4,75,9,SATISFIED,1.0217,81441012.0,4483.0
SAL-Ei-LM,bom_deep_7_3_15_5_No1_p30_ao75_am15_1_m10_ao75_am10_4,75,10,SATISFIED,1.0223,81321175.0,5293.0
SAL-Ei-LM,bom_deep_7_3_15_5_No1_p30_ao75_am15_1_m10_ao75_am10_5,75,1,SATISFIED,1.0181,72153260.0,8079.0
SAL-Ei-LM,bom_deep_7_3_15_5_No1_p30_ao75_am15_1_m10_ao75_am10_5,75,2,SATISFIED,1.0199,73197440.0,4115.0
SAL-Ei-LM,bom_deep_7_3_15_5_No1_p30_ao75_am15_1_m10_ao75_am10_5,75,3,SATISFIED,1.02,67965134.0,4682.0
SAL-Ei-LM,bom_deep_7_3_15_5_No1_p30_ao75_am15_1_m10_ao75_am10_5,75,4,SATISFIED,1.0198,68539011.0,7405.0
SAL-Ei-LM,bom_deep_7_3_15_5_No1_p30_ao75_am15_1_m10_ao75_am10_5,75,5,SATISFIED,1.0215,70519307.0,8214.0
SAL-Ei-LM,bom_deep_7_3_15_5_No1_p30_ao75_am15_1_m10_ao75_am10_5,75,6,SATISFIED,1.0327,76177128.0,4227.0
SAL-Ei-LM,bom_deep_7_3_15_5_No1_p30_ao75_am15_1_m10_ao75_am10_5,75,7,SATISFIED,1.0242,67643327.0,4392.0
SAL-Ei-LM,bom_deep_7_3_15_5_No1_p30_ao75_am15_1_m10_ao75_am10_5,75,8,SATISFIED,1.0226,75637733.0,6964.0
SAL-Ei-LM,bom_deep_7_3_15_5_No1_p30_ao75_am15_1_m10_ao75_am10_5,75,9,SATISFIED,1.0232,81952387.0,6677.0
SAL-Ei-LM,bom_deep_7_3_15_5_No1_p30_ao75_am15_1_m10_ao75_am10_5,75,10,SATISFIED,1.0216,69119409.0,4484.0
SAL-Ei-LM,bom_deep_7_3_15_5_No1_p30_ao75_am15_1_m30_ao75_am24_1,75,1,SATISFIED,1.0209,73380275.0,5400.0
SAL-Ei-LM,bom_deep_7_3_15_5_No1_p30_ao75_am15_1_m30_ao75_am24_1,75,2,SATISFIED,1.0206,73381895.0,7954.0
SAL-Ei-LM,bom_deep_7_3_15_5_No1_p30_ao75_am15_1_m30_ao75_am24_1,75,3,SATISFIED,1.023,68678605.0,7958.0
SAL-Ei-LM,bom_deep_7_3_15_5_No1_p30_ao75_am15_1_m30_ao75_am24_1,75,4,SATISFIED,1.022,76806536.0,8051.0
SAL-Ei-LM,bom_deep_7_3_15_5_No1_p30_ao75_am15_1_m30_ao75_am24_1,75,5,SATISFIED,1.0209,72402369.0,8050.0
SAL-Ei-LM,bom_deep_7_3_15_5_No1_p30_ao75_am15_1_m30_ao75_am24_1,75,6,SATISFIED,1.0219,69129060.0,4199.0
SAL-Ei-LM,bom_deep_7_3_15_5_No1_p30_ao75_am15_1_m30_ao75_am24_1,75,7,SATISFIED,1.0227,80656404.0,4543.0
SAL-Ei-LM,bom_deep_7_3_15_5_No1_p30_ao75_am15_1_m30_ao75_am24_1,75,8,SATISFIED,1.0241,71753250.0,3996.0
SAL-Ei-LM,bom_deep_7_3_15_5_No1_p30_ao75_am15_1_m30_ao75_am24_1,75,9,SATISFIED,1.0222,76164730.0,4186.0
SAL-Ei-LM,bom_deep_7_3_15_5_No1_p30_ao75_am15_1_m30_ao75_am24_1,75,10,SATISFIED,1.0216,77857750.0,7179.0
SAL-Ei-LM,bom_deep_7_3_15_5_No1_p30_ao75_am15_1_m30_ao75_am25_5,75,1,SATISFIED,1.0169,88185245.0,8043.0
SAL-Ei-LM,bom_deep_7_3_15_5_No1_p30_ao75_am15_1_m30_ao75_am25_5,75,2,SATISFIED,1.0199,87936688.0,7680.0
SAL-Ei-LM,bom_deep_7_3_15_5_No1_p30_ao75_am15_1_m30_ao75_am25_5,75,3,SATISFIED,1.0209,88202253.0,7834.0
SAL-Ei-LM,bom_deep_7_3_15_5_No1_p30_ao75_am15_1_m30_ao75_am25_5,75,4,SATISFIED,1.0203,88748738.0,7707.0
SAL-Ei-LM,bom_deep_7_3_15_5_No1_p30_ao75_am15_1_m30_ao75_am25_5,75,5,SATISFIED,1.0188,88705590.0,7638.0
SAL-Ei-LM,bom_deep_7_3_15_5_No1_p30_ao75_am15_1_m30_ao75_am25_5,75,6,SATISFIED,1.0208,87692846.0,7665.0
SAL-Ei-LM,bom_deep_7_3_15_5_No1_p30_ao75_am15_1_m30_ao75_am25_5,75,7,SATISFIED,1.019,88670746.0,4231.0
SAL-Ei-LM,bom_deep_7_3_15_5_No1_p30_ao75_am15_1_m30_ao75_am25_5,75,8,SATISFIED,1.0218,87839206.0,4243.0
SAL-Ei-LM,bom_deep_7_3_15_5_No1_p30_ao75_am15_1_m30_ao75_am25_5,75,9,SATISFIED,1.0252,88565016.0,4125.0
SAL-Ei-LM,bom_deep_7_3_15_5_No1_p30_ao75_am15_1_m30_ao75_am25_5,75,10,SATISFIED,1.0251,90931051.0,4198.0
SAL-Ei-LM,bom_deep_7_3_15_5_No1_p30_ao75_am15_1_m30_ao75_am28_2,75,1,SATISFIED,1.0218,73691633.0,4932.0
SAL-Ei-LM,bom_deep_7_3_15_5_No1_p30_ao75_am15_1_m30_ao75_am28_2,75,2,SATISFIED,1.0187,91183657.0,7291.0
SAL-Ei-LM,bom_deep_7_3_15_5_No1_p30_ao75_am15_1_m30_ao75_am28_2,75,3,SATISFIED,1.0201,74661640.0,7595.0
SAL-Ei-LM,bom_deep_7_3_15_5_No1_p30_ao75_am15_1_m30_ao75_am28_2,75,4,SATISFIED,1.0261,80678880.0,4050.0
SAL-Ei-LM,bom_deep_7_3_15_5_No1_p30_ao75_am15_1_m30_ao75_am28_2,75,5,SATISFIED,1.0243,81391162.0,4049.0
SAL-Ei-LM,bom_deep_7_3_15_5_No1_p30_ao75_am15_1_m30_ao75_am28_2,75,6,SATISFIED,1.0212,89635845.0,4000.0
SAL-Ei-LM,bom_deep_7_3_15_5_No1_p30_ao75_am15_1_m30_ao75_am28_2,75,7,SATISFIED,1.0212,76749125.0,4077.0
SAL-Ei-LM,bom_deep_7_3_15_5_No1_p30_ao75_am15_1_m30_ao75_am28_2,75,8,SATISFIED,1.0216,80658763.0,6405.0
SAL-Ei-LM,bom_deep_7_3_15_5_No1_p30_ao75_am15_1_m30_ao75_am28_2,75,9,SATISFIED,1.0223,79575933.0,7392.0
SAL-Ei-LM,bom_deep_7_3_15_5_No1_p30_ao75_am15_1_m30_ao75_am28_2,75,10,SATISFIED,1.0228,79117454.0,4337.0
SAL-Ei-LM,bom_deep_7_3_15_5_No1_p30_ao75_am15_1_m30_ao75_am28_3,75,1,SATISFIED,1.0216,132736620.0,4295.0
SAL-Ei-LM,bom_deep_7_3_15_5_No1_p30_ao75_am15_1_m30_ao75_am28_3,75,2,SATISFIED,1.0219,132399425.0,6696.0
SAL-Ei-LM,bom_deep_7_3_15_5_No1_p30_ao75_am15_1_m30_ao75_am28_3,75,3,SATISFIED,1.0192,134806660.0,7846.0
SAL-Ei-LM,bom_deep_7_3_15_5_No1_p30_ao75_am15_1_m30_ao75_am28_3,75,4,SATISFIED,1.0198,133797255.0,7918.0
SAL-Ei-LM,bom_deep_7_3_15_5_No1_p30_ao75_am15_1_m30_ao75_am28_3,75,5,SATISFIED,1.0212,134373425.0,7912.0
SAL-Ei-LM,bom_deep_7_3_15_5_No1_p30_ao75_am15_1_m30_ao75_am28_3,75,6,SATISFIED,1.0263,133815930.0,4095.0
SAL-Ei-LM,bom_deep_7_3_15_5_No1_p30_ao75_am15_1_m30_ao75_am28_3,75,7,SATISFIED,1.0191,133086140.0,4327.0
SAL-Ei-LM,bom_deep_7_3_15_5_No1_p30_ao75_am15_1_m30_ao75_am28_3,75,8,SATISFIED,1.0214,131813784.0,5520.0
SAL-Ei-LM,bom_deep_7_3_15_5_No1_p30_ao75_am15_1_m30_ao75_am28_3,75,9,SATISFIED,1.023,132803762.0,7883.0
SAL-Ei-LM,bom_deep_7_3_15_5_No1_p30_ao75_am15_1_m30_ao75_am28_3,75,10,SATISFIED,1.021,133861630.0,7974.0
SAL-Ei-LM,bom_deep_7_3_15_5_No1_p30_ao75_am15_1_m30_ao75_am28_4,75,1,SATISFIED,1.021,140070290.0,4188.0
SAL-Ei-LM,bom_deep_7_3_15_5_No1_p30_ao75_am15_1_m30_ao75_am28_4,75,2,SATISFIED,1.0226,140164383.0,4125.0
SAL-Ei-LM,bom_deep_7_3_15_5_No1_p30_ao75_am15_1_m30_ao75_am28_4,75,3,SATISFIED,1.0241,139531170.0,4171.0
SAL-Ei-LM,bom_deep_7_3_15_5_No1_p30_ao75_am15_1_m30_ao75_am28_4,75,4,SATISFIED,1.0221,139976895.0,4665.0
SAL-Ei-LM,bom_deep_7_3_15_5_No1_p30_ao75_am15_1_m30_ao75_am28_4,75,5,SATISFIED,1.0199,140726415.0,7364.0
SAL-Ei-LM,bom_deep_7_3_15_5_No1_p30_ao75_am15_1_m30_ao75_am28_4,75,6,SATISFIED,1.0205,138680395.0,4478.0
SAL-Ei-LM,bom_deep_7_3_15_5_No1_p30_ao75_am15_1_m30_ao75_am28_4,75,7,SATISFIED,1.0207,140005553.0,4306.0
SAL-Ei-LM,bom_deep_7_3_15_5_No1_p30_ao75_am15_1_m30_ao75_am28_4,75,8,SATISFIED,1.0204,141983488.0,7331.0
SAL-Ei-LM,bom_deep_7_3_15_5_No1_p30_ao75_am15_1_m30_ao75_am28_4,75,9,SATISFIED,1.0216,138170710.0,4512.0
SAL-Ei-LM,bom_deep_7_3_15_5_No1_p30_ao75_am15_1_m30_ao75_am28_4,75,10,SATISFIED,1.0239,138203552.0,3994.0
SAL-Ei-LM,bom_deep_7_3_15_5_No1_p30_ao75_am15_2,75,1,SATISFIED,1.0201,56446475.0,4119.0
SAL-Ei-LM,bom_deep_7_3_15_5_No1_p30_ao75_am15_2,75,2,SATISFIED,1.0214,56812750.0,4830.0
SAL-Ei-LM,bom_deep_7_3_15_5_No1_p30_ao75_am15_2,75,3,SATISFIED,1.0228,56617635.0,6861.0
SAL-Ei-LM,bom_deep_7_3_15_5_No1_p30_ao75_am15_2,75,4,SATISFIED,1.0208,57341802.0,3901.0
SAL-Ei-LM,bom_deep_7_3_15_5_No1_p30_ao75_am15_2,75,5,SATISFIED,1.0206,58563336.0,4149.0
SAL-Ei-LM,bom_deep_7_3_15_5_No1_p30_ao75_am15_2,75,6,SATISFIED,1.0219,56668455.0,4054.0
SAL-Ei-LM,bom_deep_7_3_15_5_No1_p30_ao75_am15_2,75,7,SATISFIED,1.0192,56399415.0,6201.0
SAL-Ei-LM,bom_deep_7_3_15_5_No1_p30_ao75_am15_2,75,8,SATISFIED,1.0203,56409095.0,7444.0
SAL-Ei-LM,bom_deep_7_3_15_5_No1_p30_ao75_am15_2,75,9,SATISFIED,1.0203,56675265.0,7438.0
SAL-Ei-LM,bom_deep_7_3_15_5_No1_p30_ao75_am15_2,75,10,SATISFIED,1.0206,56330295.0,7466.0
SAL-Ei-LM,bom_deep_7_3_15_5_No1_p30_ao75_am15_2_m10_ao75_am10_1,75,1,SATISFIED,1.0223,186472225.0,8699.0
SAL-Ei-LM,bom_deep_7_3_15_5_No1_p30_ao75_am15_2_m10_ao75_am10_1,75,2,SATISFIED,1.0191,187207651.0,8763.0
SAL-Ei-LM,bom_deep_7_3_15_5_No1_p30_ao75_am15_2_m10_ao75_am10_1,75,3,SATISFIED,1.0214,188591800.0,5313.0
SAL-Ei-LM,bom_deep_7_3_15_5_No1_p30_ao75_am15_2_m10_ao75_am10_1,75,4,SATISFIED,1.0207,188897007.0,4817.0
SAL-Ei-LM,bom_deep_7_3_15_5_No1_p30_ao75_am15_2_m10_ao75_am10_1,75,5,SATISFIED,1.0191,188654695.0,7695.0
SAL-Ei-LM,bom_deep_7_3_15_5_No1_p30_ao75_am15_2_m10_ao75_am10_1,75,6,SATISFIED,1.02,186417529.0,8729.0
SAL-Ei-LM,bom_deep_7_3_15_5_No1_p30_ao75_am15_2_m10_ao75_am10_1,75,7,SATISFIED,1.0137,187588785.0,4492.0
SAL-Ei-LM,bom_deep_7_3_15_5_No1_p30_ao75_am15_2_m10_ao75_am10_1,75,8,SATISFIED,1.0191,201726306.0,5032.0
SAL-Ei-LM,bom_deep_7_3_15_5_No1_p30_ao75_am15_2_m10_ao75_am10_1,75,9,SATISFIED,1.0225,191301646.0,4163.0
SAL-Ei-LM,bom_deep_7_3_15_5_No1_p30_ao75_am15_2_m10_ao75_am10_1,75,10,SATISFIED,1.0213,188165007.0,4535.0
SAL-Ei-LM,bom_deep_7_3_15_5_No1_p30_ao75_am15_2_m10_ao75_am10_2,75,1,SATISFIED,1.0196,232894483.0,5763.0
SAL-Ei-LM,bom_deep_7_3_15_5_No1_p30_ao75_am15_2_m10_ao75_am10_2,75,2,SATISFIED,1.0164,202812477.0,8349.0
SAL-Ei-LM,bom_deep_7_3_15_5_No1_p30_ao75_am15_2_m10_ao75_am10_2,75,3,SATISFIED,1.0174,192180045.0,8490.0
SAL-Ei-LM,bom_deep_7_3_15_5_No1_p30_ao75_am15_2_m10_ao75_am10_2,75,4,SATISFIED,1.0175,192428209.0,8554.0
SAL-Ei-LM,bom_deep_7_3_15_5_No1_p30_ao75_am15_2_m10_ao75_am10_2,75,5,SATISFIED,1.0177,210697080.0,8366.0
SAL-Ei-LM,bom_deep_7_3_15_5_No1_p30_ao75_am15_2_m10_ao75_am10_2,75,6,SATISFIED,1.0169,192439856.0,8417.0
SAL-Ei-LM,bom_deep_7_3_15_5_No1_p30_ao75_am15_2_m10_ao75_am10_2,75,7,SATISFIED,1.0201,192159395.0,6471.0
SAL-Ei-LM,bom_deep_7_3_15_5_No1_p30_ao75_am15_2_m10_ao75_am10_2,75,8,SATISFIED,1.0241,192164470.0,4245.0
SAL-Ei-LM,bom_deep_7_3_15_5_No1_p30_ao75_am15_2_m10_ao75_am10_2,75,9,SATISFIED,1.0242,192266294.0,4359.0
SAL-Ei-LM,bom_deep_7_3_15_5_No1_p30_ao75_am15_2_m10_ao75_am10_2,75,10,SATISFIED,1.0218,212370780.0,4471.0
SAL-Ei-LM,bom_deep_7_3_15_5_No1_p30_ao75_am15_2_m10_ao75_am10_3,75,1,SATISFIED,1.0231,351381820.0,4610.0
SAL-Ei-LM,bom_deep_7_3_15_5_No1_p30_ao75_am15_2_m10_ao75_am10_3,75,2,SATISFIED,1.0212,351369344.0,7475.0
SAL-Ei-LM,bom_deep_7_3_15_5_No1_p30_ao75_am15_2_m10_ao75_am10_3,75,3,SATISFIED,1.0198,349836948.0,8380.0
SAL-Ei-LM,bom_deep_7_3_15_5_No1_p30_ao75_am15_2_m10_ao75_am10_3,75,4,SATISFIED,1.0203,351048945.0,8236.0
SAL-Ei-LM,bom_deep_7_3_15_5_No1_p30_ao75_am15_2_m10_ao75_am10_3,75,5,SATISFIED,1.0197,351202098.0,8302.0
SAL-Ei-LM,bom_deep_7_3_15_5_No1_p30_ao75_am15_2_m10_ao75_am10_3,75,6,SATISFIED,1.0222,351953902.0,8295.0
SAL-Ei-LM,bom_deep_7_3_15_5_No1_p30_ao75_am15_2_m10_ao75_am10_3,75,7,SATISFIED,1.0219,363786874.0,8363.0
SAL-Ei-LM,bom_deep_7_3_15_5_No1_p30_ao75_am15_2_m10_ao75_am10_3,75,8,SATISFIED,1.0203,350753022.0,8558.0
SAL-Ei-LM,bom_deep_7_3_15_5_No1_p30_ao75_am15_2_m10_ao75_am10_3,75,9,SATISFIED,1.022,363724846.0,8648.0
SAL-Ei-LM,bom_deep_7_3_15_5_No1_p30_ao75_am15_2_m10_ao75_am10_3,75,10,SATISFIED,1.0223,351437550.0,8521.0
SAL-Ei-LM,bom_deep_7_3_15_5_No1_p30_ao75_am15_2_m10_ao75_am10_4,75,1,SATISFIED,1.021,285726366.0,8530.0
SAL-Ei-LM,bom_deep_7_3_15_5_No1_p30_ao75_am15_2_m10_ao75_am10_4,75,2,SATISFIED,1.0254,281451565.0,4383.0
SAL-Ei-LM,bom_deep_7_3_15_5_No1_p30_ao75_am15_2_m10_ao75_am10_4,75,3,SATISFIED,1.0229,281458943.0,4440.0
SAL-Ei-LM,bom_deep_7_3_15_5_No1_p30_ao75_am15_2_m10_ao75_am10_4,75,4,SATISFIED,1.023,284811656.0,6026.0
SAL-Ei-LM,bom_deep_7_3_15_5_No1_p30_ao75_am15_2_m10_ao75_am10_4,75,5,SATISFIED,1.0189,280656460.0,8475.0
SAL-Ei-LM,bom_deep_7_3_15_5_No1_p30_ao75_am15_2_m10_ao75_am10_4,75,6,SATISFIED,1.0222,281197540.0,8690.0
SAL-Ei-LM,bom_deep_7_3_15_5_No1_p30_ao75_am15_2_m10_ao75_am10_4,75,7,SATISFIED,1.0212,281206330.0,8810.0
SAL-Ei-LM,bom_deep_7_3_15_5_No1_p30_ao75_am15_2_m10_ao75_am10_4,75,8,SATISFIED,1.0189,290730113.0,8693.0
SAL-Ei-LM,bom_deep_7_3_15_5_No1_p30_ao75_am15_2_m10_ao75_am10_4,75,9,SATISFIED,1.0195,281263675.0,8742.0
SAL-Ei-LM,bom_deep_7_3_15_5_No1_p30_ao75_am15_2_m10_ao75_am10_4,75,10,SATISFIED,1.0194,281473720.0,8713.0
SAL-Ei-LM,bom_deep_7_3_15_5_No1_p30_ao75_am15_2_m10_ao75_am10_5,75,1,SATISFIED,1.0211,290982569.0,8837.0
SAL-Ei-LM,bom_deep_7_3_15_5_No1_p30_ao75_am15_2_m10_ao75_am10_5,75,2,SATISFIED,1.022,295642936.0,8960.0
SAL-Ei-LM,bom_deep_7_3_15_5_No1_p30_ao75_am15_2_m10_ao75_am10_5,75,3,SATISFIED,1.0218,291757729.0,8957.0
SAL-Ei-LM,bom_deep_7_3_15_5_No1_p30_ao75_am15_2_m10_ao75_am10_5,75,4,SATISFIED,1.0224,287113015.0,8997.0
SAL-Ei-LM,bom_deep_7_3_15_5_No1_p30_ao75_am15_2_m10_ao75_am10_5,75,5,SATISFIED,1.0226,295130686.0,8986.0
SAL-Ei-LM,bom_deep_7_3_15_5_No1_p30_ao75_am15_2_m10_ao75_am10_5,75,6,SATISFIED,1.0228,305636320.0,8658.0
SAL-Ei-LM,bom_deep_7_3_15_5_No1_p30_ao75_am15_2_m10_ao75_am10_5,75,7,SATISFIED,1.027,292179649.0,4529.0
SAL-Ei-LM,bom_deep_7_3_15_5_No1_p30_ao75_am15_2_m10_ao75_am10_5,75,8,SATISFIED,1.0248,296123500.0,4546.0
SAL-Ei-LM,bom_deep_7_3_15_5_No1_p30_ao75_am15_2_m10_ao75_am10_5,75,9,SATISFIED,1.0247,304028890.0,6034.0
SAL-Ei-LM,bom_deep_7_3_15_5_No1_p30_ao75_am15_2_m10_ao75_am10_5,75,10,SATISFIED,1.0216,285735857.0,8691.0
SAL-Ei-LM,bom_deep_7_3_15_5_No1_p30_ao75_am15_2_m30_ao75_am23_1,75,1,SATISFIED,1.0224,107110838.0,7598.0
SAL-Ei-LM,bom_deep_7_3_15_5_No1_p30_ao75_am15_2_m30_ao75_am23_1,75,2,SATISFIED,1.0217,112123996.0,7704.0
SAL-Ei-LM,bom_deep_7_3_15_5_No1_p30_ao75_am15_2_m30_ao75_am23_1,75,3,SATISFIED,1.0204,103843690.0,7633.0
SAL-Ei-LM,bom_deep_7_3_15_5_No1_p30_ao75_am15_2_m30_ao75_am23_1,75,4,SATISFIED,1.0209,103119728.0,7588.0
SAL-Ei-LM,bom_deep_7_3_15_5_No1_p30_ao75_am15_2_m30_ao75_am23_1,75,5,SATISFIED,1.0219,108864600.0,4039.0
SAL-Ei-LM,bom_deep_7_3_15_5_No1_p30_ao75_am15_2_m30_ao75_am23_1,75,6,SATISFIED,1.024,102727805.0,4298.0
SAL-Ei-LM,bom_deep_7_3_15_5_No1_p30_ao75_am15_2_m30_ao75_am23_1,75,7,SATISFIED,1.0208,107573329.0,6924.0
SAL-Ei-LM,bom_deep_7_3_15_5_No1_p30_ao75_am15_2_m30_ao75_am23_1,75,8,SATISFIED,1.0219,112674599.0,7365.0
SAL-Ei-LM,bom_deep_7_3_15_5_No1_p30_ao75_am15_2_m30_ao75_am23_1,75,9,SATISFIED,1.0215,106452594.0,7482.0
SAL-Ei-LM,bom_deep_7_3_15_5_No1_p30_ao75_am15_2_m30_ao75_am23_1,75,10,SATISFIED,1.0273,102046199.0,3957.0
SAL-Ei-LM,bom_deep_7_3_15_5_No1_p30_ao75_am15_2_m30_ao75_am24_2,75,1,SATISFIED,1.0233,105005279.0,4380.0
SAL-Ei-LM,bom_deep_7_3_15_5_No1_p30_ao75_am15_2_m30_ao75_am24_2,75,2,SATISFIED,1.0229,106331175.0,5656.0
SAL-Ei-LM,bom_deep_7_3_15_5_No1_p30_ao75_am15_2_m30_ao75_am24_2,75,3,SATISFIED,1.0279,106659830.0,8053.0
SAL-Ei-LM,bom_deep_7_3_15_5_No1_p30_ao75_am15_2_m30_ao75_am24_2,75,4,SATISFIED,1.0232,105800292.0,8059.0
SAL-Ei-LM,bom_deep_7_3_15_5_No1_p30_ao75_am15_2_m30_ao75_am24_2,75,5,SATISFIED,1.0236,106336385.0,8469.0
SAL-Ei-LM,bom_deep_7_3_15_5_No1_p30_ao75_am15_2_m30_ao75_am24_2,75,6,SATISFIED,1.0224,106701677.0,8036.0
SAL-Ei-LM,bom_deep_7_3_15_5_No1_p30_ao75_am15_2_m30_ao75_am24_2,75,7,SATISFIED,1.0236,110875263.0,4229.0
SAL-Ei-LM,bom_deep_7_3_15_5_No1_p30_ao75_am15_2_m30_ao75_am24_2,75,8,SATISFIED,1.0249,106737675.0,4268.0
SAL-Ei-LM,bom_deep_7_3_15_5_No1_p30_ao75_am15_2_m30_ao75_am24_2,75,9,SATISFIED,1.0233,105567412.0,5716.0
SAL-Ei-LM,bom_deep_7_3_15_5_No1_p30_ao75_am15_2_m30_ao75_am24_2,75,10,SATISFIED,1.0267,105406437.0,4250.0
SAL-Ei-LM,bom_deep_7_3_15_5_No1_p30_ao75_am15_2_m30_ao75_am24_4,75,1,SATISFIED,1.0263,140116810.0,4139.0
SAL-Ei-LM,bom_deep_7_3_15_5_No1_p30_ao75_am15_2_m30_ao75_am24_4,75,2,SATISFIED,1.0266,140586315.0,5384.0
SAL-Ei-LM,bom_deep_7_3_15_5_No1_p30_ao75_am15_2_m30_ao75_am24_4,75,3,SATISFIED,1.0249,138681151.0,8162.0
SAL-Ei-LM,bom_deep_7_3_15_5_No1_p30_ao75_am15_2_m30_ao75_am24_4,75,4,SATISFIED,1.0221,143152805.0,8152.0
SAL-Ei-LM,bom_deep_7_3_15_5_No1_p30_ao75_am15_2_m30_ao75_am24_4,75,5,SATISFIED,1.0234,136974436.0,6404.0
SAL-Ei-LM,bom_deep_7_3_15_5_No1_p30_ao75_am15_2_m30_ao75_am24_4,75,6,SATISFIED,1.0243,148542080.0,4400.0
SAL-Ei-LM,bom_deep_7_3_15_5_No1_p30_ao75_am15_2_m30_ao75_am24_4,75,7,SATISFIED,1.0278,145309570.0,4187.0
SAL-Ei-LM,bom_deep_7_3_15_5_No1_p30_ao75_am15_2_m30_ao75_am24_4,75,8,SATISFIED,1.0266,151958576.0,4265.0
SAL-Ei-LM,bom_deep_7_3_15_5_No1_p30_ao75_am15_2_m30_ao75_am24_4,75,9,SATISFIED,1.0242,139148985.0,5164.0
SAL-Ei-LM,bom_deep_7_3_15_5_No1_p30_ao75_am15_2_m30_ao75_am24_4,75,10,SATISFIED,1.0228,139898010.0,8104.0
SAL-Ei-LM,bom_deep_7_3_15_5_No1_p30_ao75_am15_2_m30_ao75_am24_5,75,1,SATISFIED,1.0233,91268080.0,4271.0
SAL-Ei-LM,bom_deep_7_3_15_5_No1_p30_ao75_am15_2_m30_ao75_am24_5,75,2,SATISFIED,1.0245,91492900.0,4728.0
SAL-Ei-LM,bom_deep_7_3_15_5_No1_p30_ao75_am15_2_m30_ao75_am24_5,75,3,SATISFIED,1.0235,91277314.0,7373.0
SAL-Ei-LM,bom_deep_7_3_15_5_No1_p30_ao75_am15_2_m30_ao75_am24_5,75,4,SATISFIED,1.0222,90304060.0,8371.0
SAL-Ei-LM,bom_deep_7_3_15_5_No1_p30_ao75_am15_2_m30_ao75_am24_5,75,5,SATISFIED,1.0211,91219805.0,8301.0
SAL-Ei-LM,bom_deep_7_3_15_5_No1_p30_ao75_am15_2_m30_ao75_am24_5,75,6,SATISFIED,1.0209,91258710.0,8328.0
SAL-Ei-LM,bom_deep_7_3_15_5_No1_p30_ao75_am15_2_m30_ao75_am24_5,75,7,SATISFIED,1.0226,93544825.0,8209.0
SAL-Ei-LM,bom_deep_7_3_15_5_No1_p30_ao75_am15_2_m30_ao75_am24_5,75,8,SATISFIED,1.0217,91454550.0,7954.0
SAL-Ei-LM,bom_deep_7_3_15_5_No1_p30_ao75_am15_2_m30_ao75_am24_5,75,9,SATISFIED,1.0239,91322590.0,8440.0
SAL-Ei-LM,bom_deep_7_3_15_5_No1_p30_ao75_am15_2_m30_ao75_am24_5,75,10,SATISFIED,1.0226,90439560.0,8209.0
SAL-Ei-LM,bom_deep_7_3_15_5_No1_p30_ao75_am15_2_m30_ao75_am27_3,75,1,SATISFIED,1.0239,328685536.0,7979.0
SAL-Ei-LM,bom_deep_7_3_15_5_No1_p30_ao75_am15_2_m30_ao75_am27_3,75,2,SATISFIED,1.0222,333834994.0,8028.0
SAL-Ei-LM,bom_deep_7_3_15_5_No1_p30_ao75_am15_2_m30_ao75_am27_3,75,3,SATISFIED,1.0246,328762398.0,7726.0
SAL-Ei-LM,bom_deep_7_3_15_5_No1_p30_ao75_am15_2_m30_ao75_am27_3,75,4,SATISFIED,1.0259,328788295.0,7883.0
SAL-Ei-LM,bom_deep_7_3_15_5_No1_p30_ao75_am15_2_m30_ao75_am27_3,75,5,SATISFIED,1.0242,332547503.0,7846.0
SAL-Ei-LM,bom_deep_7_3_15_5_No1_p30_ao75_am15_2_m30_ao75_am27_3,75,6,SATISFIED,1.0222,335319280.0,7757.0
SAL-Ei-LM,bom_deep_7_3_15_5_No1_p30_ao75_am15_2_m30_ao75_am27_3,75,7,SATISFIED,1.0192,331632591.0,7935.0
SAL-Ei-LM,bom_deep_7_3_15_5_No1_p30_ao75_am15_2_m30_ao75_am27_3,75,8,SATISFIED,1.0238,331205943.0,5707.0
SAL-Ei-LM,bom_deep_7_3_15_5_No1_p30_ao75_am15_2_m30_ao75_am27_3,75,9,SATISFIED,1.0237,329880365.0,4166.0
SAL-Ei-LM,bom_deep_7_3_15_5_No1_p30_ao75_am15_2_m30_ao75_am27_3,75,10,SATISFIED,1.0244,333483410.0,5688.0
SAL-Ei-LM,bom_deep_7_3_15_5_No1_p30_ao75_am15_3,75,1,SATISFIED,1.024,130030145.0,7825.0
SAL-Ei-LM,bom_deep_7_3_15_5_No1_p30_ao75_am15_3,75,2,SATISFIED,1.0242,129463220.0,7831.0
SAL-Ei-LM,bom_deep_7_3_15_5_No1_p30_ao75_am15_3,75,3,SATISFIED,1.0218,129709545.0,7610.0
SAL-Ei-LM,bom_deep_7_3_15_5_No1_p30_ao75_am15_3,75,4,SATISFIED,1.0204,129989230.0,7468.0
SAL-Ei-LM,bom_deep_7_3_15_5_No1_p30_ao75_am15_3,75,5,SATISFIED,1.019,129364725.0,7552.0
SAL-Ei-LM,bom_deep_7_3_15_5_No1_p30_ao75_am15_3,75,6,SATISFIED,1.0193,129613325.0,7699.0
SAL-Ei-LM,bom_deep_7_3_15_5_No1_p30_ao75_am15_3,75,7,SATISFIED,1.0207,129764315.0,7500.0
SAL-Ei-LM,bom_deep_7_3_15_5_No1_p30_ao75_am15_3,75,8,SATISFIED,1.0208,131742170.0,7436.0
SAL-Ei-LM,bom_deep_7_3_15_5_No1_p30_ao75_am15_3,75,9,SATISFIED,1.02,129006620.0,7482.0
SAL-Ei-LM,bom_deep_7_3_15_5_No1_p30_ao75_am15_3,75,10,SATISFIED,1.0215,129682385.0,7799.0
SAL-Ei-LM,bom_deep_7_3_15_5_No1_p30_ao75_am15_3_m10_ao75_am10_1,75,1,SATISFIED,1.0199,109481480.0,8894.0
SAL-Ei-LM,bom_deep_7_3_15_5_No1_p30_ao75_am15_3_m10_ao75_am10_1,75,2,SATISFIED,1.0228,109472510.0,8809.0
SAL-Ei-LM,bom_deep_7_3_15_5_No1_p30_ao75_am15_3_m10_ao75_am10_1,75,3,SATISFIED,1.0225,109485270.0,8452.0
SAL-Ei-LM,bom_deep_7_3_15_5_No1_p30_ao75_am15_3_m10_ao75_am10_1,75,4,SATISFIED,1.0228,109477390.0,8538.0
SAL-Ei-LM,bom_deep_7_3_15_5_No1_p30_ao75_am15_3_m10_ao75_am10_1,75,5,SATISFIED,1.0284,109487470.0,4354.0
SAL-Ei-LM,bom_deep_7_3_15_5_No1_p30_ao75_am15_3_m10_ao75_am10_1,75,6,SATISFIED,1.0269,109483408.0,4398.0
SAL-Ei-LM,bom_deep_7_3_15_5_No1_p30_ao75_am15_3_m10_ao75_am10_1,75,7,SATISFIED,1.0242,109469390.0,6338.0
SAL-Ei-LM,bom_deep_7_3_15_5_No1_p30_ao75_am15_3_m10_ao75_am10_1,75,8,SATISFIED,1.0219,109483580.0,8265.0
SAL-Ei-LM,bom_deep_7_3_15_5_No1_p30_ao75_am15_3_m10_ao75_am10_1,75,9,SATISFIED,1.0209,109473290.0,8461.0
SAL-Ei-LM,bom_deep_7_3_15_5_No1_p30_ao75_am15_3_m10_ao75_am10_1,75,10,SATISFIED,1.0185,109473848.0,8560.0
SAL-Ei-LM,bom_deep_7_3_15_5_No1_p30_ao75_am15_3_m10_ao75_am10_2,75,1,SATISFIED,1.0227,121448220.0,8824.0
SAL-Ei-LM,bom_deep_7_3_15_5_No1_p30_ao75_am15_3_m10_ao75_am10_2,75,2,SATISFIED,1.023,122627808.0,8733.0
SAL-Ei-LM,bom_deep_7_3_15_5_No1_p30_ao75_am15_3_m10_ao75_am10_2,75,3,SATISFIED,1.0209,117689444.0,8192.0
SAL-Ei-LM,bom_deep_7_3_15_5_No1_p30_ao75_am15_3_m10_ao75_am10_2,75,4,SATISFIED,1.0215,117693845.0,8260.0
SAL-Ei-LM,bom_deep_7_3_15_5_No1_p30_ao75_am15_3_m10_ao75_am10_2,75,5,SATISFIED,1.0213,121572144.0,8337.0
SAL-Ei-LM,bom_deep_7_3_15_5_No1_p30_ao75_am15_3_m10_ao75_am10_2,75,6,SATISFIED,1.0208,122461402.0,8187.0
SAL-Ei-LM,bom_deep_7_3_15_5_No1_p30_ao75_am15_3_m10_ao75_am10_2,75,7,SATISFIED,1.0207,122552465.0,8378.0
SAL-Ei-LM,bom_deep_7_3_15_5_No1_p30_ao75_am15_3_m10_ao75_am10_2,75,8,SATISFIED,1.0216,123171959.0,8324.0
SAL-Ei-LM,bom_deep_7_3_15_5_No1_p30_ao75_am15_3_m10_ao75_am10_2,75,9,SATISFIED,1.0197,117686990.0,8282.0
SAL-Ei-LM,bom_deep_7_3_15_5_No1_p30_ao75_am15_3_m10_ao75_am10_2,75,10,SATISFIED,1.0206,123154140.0,8377.0
SAL-Ei-LM,bom_deep_7_3_15_5_No1_p30_ao75_am15_3_m10_ao75_am10_3,75,1,SATISFIED,1.0192,154554630.0,8522.0
SAL-Ei-LM,bom_deep_7_3_15_5_No1_p30_ao75_am15_3_m10_ao75_am10_3,75,2,SATISFIED,1.0195,154274653.0,8735.0
SAL-Ei-LM,bom_deep_7_3_15_5_No1_p30_ao75_am15_3_m10_ao75_am10_3,75,3,SATISFIED,1.026,153882073.0,4411.0
SAL-Ei-LM,bom_deep_7_3_15_5_No1_p30_ao75_am15_3_m10_ao75_am10_3,75,4,SATISFIED,1.0266,154999810.0,4388.0
SAL-Ei-LM,bom_deep_7_3_15_5_No1_p30_ao75_am15_3_m10_ao75_am10_3,75,5,SATISFIED,1.0185,154584330.0,4973.0
SAL-Ei-LM,bom_deep_7_3_15_5_No1_p30_ao75_am15_3_m10_ao75_am10_3,75,6,SATISFIED,1.0185,154024680.0,8189.0
SAL-Ei-LM,bom_deep_7_3_15_5_No1_p30_ao75_am15_3_m10_ao75_am10_3,75,7,SATISFIED,1.0161,154407434.0,8379.0
SAL-Ei-LM,bom_deep_7_3_15_5_No1_p30_ao75_am15_3_m10_ao75_am10_3,75,8,SATISFIED,1.017,154677418.0,8429.0
SAL-Ei-LM,bom_deep_7_3_15_5_No1_p30_ao75_am15_3_m10_ao75_am10_3,75,9,SATISFIED,1.018,155098909.0,8475.0
SAL-Ei-LM,bom_deep_7_3_15_5_No1_p30_ao75_am15_3_m10_ao75_am10_3,75,10,SATISFIED,1.0192,155092454.0,4697.0
SAL-Ei-LM,bom_deep_7_3_15_5_No1_p30_ao75_am15_3_m10_ao75_am10_4,75,1,SATISFIED,1.0194,286785343.0,5045.0
SAL-Ei-LM,bom_deep_7_3_15_5_No1_p30_ao75_am15_3_m10_ao75_am10_4,75,2,SATISFIED,1.0174,286948027.0,7968.0
SAL-Ei-LM,bom_deep_7_3_15_5_No1_p30_ao75_am15_3_m10_ao75_am10_4,75,3,SATISFIED,1.0177,287003635.0,4710.0
SAL-Ei-LM,bom_deep_7_3_15_5_No1_p30_ao75_am15_3_m10_ao75_am10_4,75,4,SATISFIED,1.0173,286896354.0,4782.0
SAL-Ei-LM,bom_deep_7_3_15_5_No1_p30_ao75_am15_3_m10_ao75_am10_4,75,5,SATISFIED,1.02,287074350.0,7822.0
SAL-Ei-LM,bom_deep_7_3_15_5_No1_p30_ao75_am15_3_m10_ao75_am10_4,75,6,SATISFIED,1.0222,286931617.0,8045.0
SAL-Ei-LM,bom_deep_7_3_15_5_No1_p30_ao75_am15_3_m10_ao75_am10_4,75,7,SATISFIED,1.025,286970246.0,4446.0
SAL-Ei-LM,bom_deep_7_3_15_5_No1_p30_ao75_am15_3_m10_ao75_am10_4,75,8,SATISFIED,1.0247,286954491.0,4526.0
SAL-Ei-LM,bom_deep_7_3_15_5_No1_p30_ao75_am15_3_m10_ao75_am10_4,75,9,SATISFIED,1.0229,287076271.0,4981.0
SAL-Ei-LM,bom_deep_7_3_15_5_No1_p30_ao75_am15_3_m10_ao75_am10_4,75,10,SATISFIED,1.0235,286955066.0,8187.0
SAL-Ei-LM,bom_deep_7_3_15_5_No1_p30_ao75_am15_3_m10_ao75_am10_5,75,1,SATISFIED,1.0223,51112280.0,8200.0
SAL-Ei-LM,bom_deep_7_3_15_5_No1_p30_ao75_am15_3_m10_ao75_am10_5,75,2,SATISFIED,1.0228,59468695.0,8433.0
SAL-Ei-LM,bom_deep_7_3_15_5_No1_p30_ao75_am15_3_m10_ao75_am10_5,75,3,SATISFIED,1.0216,50970110.0,8306.0
SAL-Ei-LM,bom_deep_7_3_15_5_No1_p30_ao75_am15_3_m10_ao75_am10_5,75,4,SATISFIED,1.0208,51998239.0,8277.0
SAL-Ei-LM,bom_deep_7_3_15_5_No1_p30_ao75_am15_3_m10_ao75_am10_5,75,5,SATISFIED,1.0197,51856095.0,8246.0
SAL-Ei-LM,bom_deep_7_3_15_5_No1_p30_ao75_am15_3_m10_ao75_am10_5,75,6,SATISFIED,1.0226,52671116.0,4217.0
SAL-Ei-LM,bom_deep_7_3_15_5_No1_p30_ao75_am15_3_m10_ao75_am10_5,75,7,SATISFIED,1.0201,52126826.0,4414.0
SAL-Ei-LM,bom_deep_7_3_15_5_No1_p30_ao75_am15_3_m10_ao75_am10_5,75,8,SATISFIED,1.023,52019246.0,5923.0
SAL-Ei-LM,bom_deep_7_3_15_5_No1_p30_ao75_am15_3_m10_ao75_am10_5,75,9,SATISFIED,1.0221,52058694.0,8107.0
SAL-Ei-LM,bom_deep_7_3_15_5_No1_p30_ao75_am15_3_m10_ao75_am10_5,75,10,SATISFIED,1.0227,50854195.0,8091.0
SAL-Ei-LM,bom_deep_7_3_15_5_No1_p30_ao75_am15_3_m30_ao75_am22_3,75,1,SATISFIED,1.0242,100560950.0,7812.0
SAL-Ei-LM,bom_deep_7_3_15_5_No1_p30_ao75_am15_3_m30_ao75_am22_3,75,2,SATISFIED,1.0212,100875460.0,8093.0
SAL-Ei-LM,bom_deep_7_3_15_5_No1_p30_ao75_am15_3_m30_ao75_am22_3,75,3,SATISFIED,1.0236,100708035.0,7994.0
SAL-Ei-LM,bom_deep_7_3_15_5_No1_p30_ao75_am15_3_m30_ao75_am22_3,75,4,SATISFIED,1.0216,100736090.0,8015.0
SAL-Ei-LM,bom_deep_7_3_15_5_No1_p30_ao75_am15_3_m30_ao75_am22_3,75,5,SATISFIED,1.0236,105805005.0,4105.0
SAL-Ei-LM,bom_deep_7_3_15_5_No1_p30_ao75_am15_3_m30_ao75_am22_3,75,6,SATISFIED,1.0199,105870745.0,4205.0
SAL-Ei-LM,bom_deep_7_3_15_5_No1_p30_ao75_am15_3_m30_ao75_am22_3,75,7,SATISFIED,1.0207,101041685.0,5730.0
SAL-Ei-LM,bom_deep_7_3_15_5_No1_p30_ao75_am15_3_m30_ao75_am22_3,75,8,SATISFIED,1.0206,101934409.0,8111.0
SAL-Ei-LM,bom_deep_7_3_15_5_No1_p30_ao75_am15_3_m30_ao75_am22_3,75,9,SATISFIED,1.022,100826173.0,4000.0
SAL-Ei-LM,bom_deep_7_3_15_5_No1_p30_ao75_am15_3_m30_ao75_am22_3,75,10,SATISFIED,1.0235,100584660.0,4127.0
SAL-Ei-LM,bom_deep_7_3_15_5_No1_p30_ao75_am15_3_m30_ao75_am24_4,75,1,SATISFIED,1.0196,339383487.0,4933.0
SAL-Ei-LM,bom_deep_7_3_15_5_No1_p30_ao75_am15_3_m30_ao75_am24_4,75,2,SATISFIED,1.0214,337062116.0,7712.0
SAL-Ei-LM,bom_deep_7_3_15_5_No1_p30_ao75_am15_3_m30_ao75_am24_4,75,3,SATISFIED,1.021,339549512.0,7934.0
SAL-Ei-LM,bom_deep_7_3_15_5_No1_p30_ao75_am15_3_m30_ao75_am24_4,75,4,SATISFIED,1.0232,337170995.0,8068.0
SAL-Ei-LM,bom_deep_7_3_15_5_No1_p30_ao75_am15_3_m30_ao75_am24_4,75,5,SATISFIED,1.0229,337135123.0,8320.0
SAL-Ei-LM,bom_deep_7_3_15_5_No1_p30_ao75_am15_3_m30_ao75_am24_4,75,6,SATISFIED,1.0219,337435050.0,8167.0
SAL-Ei-LM,bom_deep_7_3_15_5_No1_p30_ao75_am15_3_m30_ao75_am24_4,75,7,SATISFIED,1.0227,337107436.0,8108.0
SAL-Ei-LM,bom_deep_7_3_15_5_No1_p30_ao75_am15_3_m30_ao75_am24_4,75,8,SATISFIED,1.0215,337779180.0,8064.0
SAL-Ei-LM,bom_deep_7_3_15_5_No1_p30_ao75_am15_3_m30_ao75_am24_4,75,9,SATISFIED,1.0237,338766142.0,8210.0
SAL-Ei-LM,bom_deep_7_3_15_5_No1_p30_ao75_am15_3_m30_ao75_am24_4,75,10,SATISFIED,1.0227,337269875.0,8226.0
SAL-Ei-LM,bom_deep_7_3_15_5_No1_p30_ao75_am15_3_m30_ao75_am24_5,75,1,SATISFIED,1.0216,198775870.0,8139.0
SAL-Ei-LM,bom_deep_7_3_15_5_No1_p30_ao75_am15_3_m30_ao75_am24_5,75,2,SATISFIED,1.0223,200361504.0,8276.0
SAL-Ei-LM,bom_deep_7_3_15_5_No1_p30_ao75_am15_3_m30_ao75_am24_5,75,3,SATISFIED,1.0199,197783198.0,8275.0
SAL-Ei-LM,bom_deep_7_3_15_5_No1_p30_ao75_am15_3_m30_ao75_am24_5,75,4,SATISFIED,1.0209,197499440.0,8030.0
SAL-Ei-LM,bom_deep_7_3_15_5_No1_p30_ao75_am15_3_m30_ao75_am24_5,75,5,SATISFIED,1.0196,197917501.0,8155.0
SAL-Ei-LM,bom_deep_7_3_15_5_No1_p30_ao75_am15_3_m30_ao75_am24_5,75,6,SATISFIED,1.0227,203068175.0,4127.0
SAL-Ei-LM,bom_deep_7_3_15_5_No1_p30_ao75_am15_3_m30_ao75_am24_5,75,7,SATISFIED,1.026,199310188.0,4520.0
SAL-Ei-LM,bom_deep_7_3_15_5_No1_p30_ao75_am15_3_m30_ao75_am24_5,75,8,SATISFIED,1.0224,198259185.0,7390.0
SAL-Ei-LM,bom_deep_7_3_15_5_No1_p30_ao75_am15_3_m30_ao75_am24_5,75,9,SATISFIED,1.0192,198642361.0,7866.0
SAL-Ei-LM,bom_deep_7_3_15_5_No1_p30_ao75_am15_3_m30_ao75_am24_5,75,10,SATISFIED,1.0187,197849659.0,7872.0
SAL-Ei-LM,bom_deep_7_3_15_5_No1_p30_ao75_am15_3_m30_ao75_am26_1,75,1,SATISFIED,1.022,72055658.0,7522.0
SAL-Ei-LM,bom_deep_7_3_15_5_No1_p30_ao75_am15_3_m30_ao75_am26_1,75,2,SATISFIED,1.0204,72180317.0,7631.0
SAL-Ei-LM,bom_deep_7_3_15_5_No1_p30_ao75_am15_3_m30_ao75_am26_1,75,3,SATISFIED,1.0212,72036300.0,7554.0
SAL-Ei-LM,bom_deep_7_3_15_5_No1_p30_ao75_am15_3_m30_ao75_am26_1,75,4,SATISFIED,1.02,72508931.0,7424.0
SAL-Ei-LM,bom_deep_7_3_15_5_No1_p30_ao75_am15_3_m30_ao75_am26_1,75,5,SATISFIED,1.0228,72192270.0,7507.0
SAL-Ei-LM,bom_deep_7_3_15_5_No1_p30_ao75_am15_3_m30_ao75_am26_1,75,6,SATISFIED,1.0239,72403012.0,7499.0
SAL-Ei-LM,bom_deep_7_3_15_5_No1_p30_ao75_am15_3_m30_ao75_am26_1,75,7,SATISFIED,1.0199,71990344.0,7653.0
SAL-Ei-LM,bom_deep_7_3_15_5_No1_p30_ao75_am15_3_m30_ao75_am26_1,75,8,SATISFIED,1.0203,72650955.0,7815.0
SAL-Ei-LM,bom_deep_7_3_15_5_No1_p30_ao75_am15_3_m30_ao75_am26_1,75,9,SATISFIED,1.0194,72087620.0,7763.0
SAL-Ei-LM,bom_deep_7_3_15_5_No1_p30_ao75_am15_3_m30_ao75_am26_1,75,10,SATISFIED,1.0237,72319478.0,4862.0
SAL-Ei-LM,bom_deep_7_3_15_5_No1_p30_ao75_am15_3_m30_ao75_am28_2,75,1,SATISFIED,1.0231,122549927.0,4209.0
SAL-Ei-LM,bom_deep_7_3_15_5_No1_p30_ao75_am15_3_m30_ao75_am28_2,75,2,SATISFIED,1.0222,104230300.0,6352.0
SAL-Ei-LM,bom_deep_7_3_15_5_No1_p30_ao75_am15_3_m30_ao75_am28_2,75,3,SATISFIED,1.0261,101775975.0,5941.0
SAL-Ei-LM,bom_deep_7_3_15_5_No1_p30_ao75_am15_3_m30_ao75_am28_2,75,4,SATISFIED,1.0201,101506650.0,4070.0
SAL-Ei-LM,bom_deep_7_3_15_5_No1_p30_ao75_am15_3_m30_ao75_am28_2,75,5,SATISFIED,1.0219,101151200.0,6389.0
SAL-Ei-LM,bom_deep_7_3_15_5_No1_p30_ao75_am15_3_m30_ao75_am28_2,75,6,SATISFIED,1.021,107773205.0,7573.0
SAL-Ei-LM,bom_deep_7_3_15_5_No1_p30_ao75_am15_3_m30_ao75_am28_2,75,7,SATISFIED,1.0234,107624505.0,3769.0
SAL-Ei-LM,bom_deep_7_3_15_5_No1_p30_ao75_am15_3_m30_ao75_am28_2,75,8,SATISFIED,1.0223,106901643.0,4295.0
SAL-Ei-LM,bom_deep_7_3_15_5_No1_p30_ao75_am15_3_m30_ao75_am28_2,75,9,SATISFIED,1.0232,116892975.0,6837.0
SAL-Ei-LM,bom_deep_7_3_15_5_No1_p30_ao75_am15_3_m30_ao75_am28_2,75,10,SATISFIED,1.0232,107512605.0,7743.0
SAL-Ei-LM,bom_deep_7_3_15_5_No1_p30_ao75_am15_4,75,1,SATISFIED,1.0203,108021065.0,7572.0
SAL-Ei-LM,bom_deep_7_3_15_5_No1_p30_ao75_am15_4,75,2,SATISFIED,1.022,119329125.0,7684.0
SAL-Ei-LM,bom_deep_7_3_15_5_No1_p30_ao75_am15_4,75,3,SATISFIED,1.0221,111258175.0,7753.0
SAL-Ei-LM,bom_deep_7_3_15_5_No1_p30_ao75_am15_4,75,4,SATISFIED,1.0227,114141200.0,7804.0
SAL-Ei-LM,bom_deep_7_3_15_5_No1_p30_ao75_am15_4,75,5,SATISFIED,1.025,121945505.0,3899.0
SAL-Ei-LM,bom_deep_7_3_15_5_No1_p30_ao75_am15_4,75,6,SATISFIED,1.0245,118997760.0,4051.0
SAL-Ei-LM,bom_deep_7_3_15_5_No1_p30_ao75_am15_4,75,7,SATISFIED,1.022,115319027.0,5467.0
SAL-Ei-LM,bom_deep_7_3_15_5_No1_p30_ao75_am15_4,75,8,SATISFIED,1.0232,120946945.0,7682.0
SAL-Ei-LM,bom_deep_7_3_15_5_No1_p30_ao75_am15_4,75,9,SATISFIED,1.0235,120712921.0,7591.0
SAL-Ei-LM,bom_deep_7_3_15_5_No1_p30_ao75_am15_4,75,10,SATISFIED,1.0233,116421930.0,7555.0
SAL-Ei-LM,bom_deep_7_3_15_5_No1_p30_ao75_am15_4_m10_ao75_am10_1,75,1,SATISFIED,1.0244,294877605.0,8287.0
SAL-Ei-LM,bom_deep_7_3_15_5_No1_p30_ao75_am15_4_m10_ao75_am10_1,75,2,SATISFIED,1.0213,292828017.0,8350.0
SAL-Ei-LM,bom_deep_7_3_15_5_No1_p30_ao75_am15_4_m10_ao75_am10_1,75,3,SATISFIED,1.0213,297955314.0,8545.0
SAL-Ei-LM,bom_deep_7_3_15_5_No1_p30_ao75_am15_4_m10_ao75_am10_1,75,4,SATISFIED,1.0212,290713998.0,8287.0
SAL-Ei-LM,bom_deep_7_3_15_5_No1_p30_ao75_am15_4_m10_ao75_am10_1,75,5,SATISFIED,1.0212,313715629.0,8487.0
SAL-Ei-LM,bom_deep_7_3_15_5_No1_p30_ao75_am15_4_m10_ao75_am10_1,75,6,SATISFIED,1.0213,280429777.0,8432.0
SAL-Ei-LM,bom_deep_7_3_15_5_No1_p30_ao75_am15_4_m10_ao75_am10_1,75,7,SATISFIED,1.0212,299742584.0,8511.0
SAL-Ei-LM,bom_deep_7_3_15_5_No1_p30_ao75_am15_4_m10_ao75_am10_1,75,8,SATISFIED,1.0232,296603880.0,4402.0
SAL-Ei-LM,bom_deep_7_3_15_5_No1_p30_ao75_am15_4_m10_ao75_am10_1,75,9,SATISFIED,1.0235,302656887.0,4532.0
SAL-Ei-LM,bom_deep_7_3_15_5_No1_p30_ao75_am15_4_m10_ao75_am10_1,75,10,SATISFIED,1.0224,290186631.0,6009.0
SAL-Ei-LM,bom_deep_7_3_15_5_No1_p30_ao75_am15_4_m10_ao75_am10_2,75,1,SATISFIED,1.0202,507244377.0,8576.0
SAL-Ei-LM,bom_deep_7_3_15_5_No1_p30_ao75_am15_4_m10_ao75_am10_2,75,2,SATISFIED,1.0189,507543105.0,8776.0
SAL-Ei-LM,bom_deep_7_3_15_5_No1_p30_ao75_am15_4_m10_ao75_am10_2,75,3,SATISFIED,1.022,507329881.0,8586.0
SAL-Ei-LM,bom_deep_7_3_15_5_No1_p30_ao75_am15_4_m10_ao75_am10_2,75,4,SATISFIED,1.0211,507207634.0,8657.0
SAL-Ei-LM,bom_deep_7_3_15_5_No1_p30_ao75_am15_4_m10_ao75_am10_2,75,5,SATISFIED,1.0222,507772907.0,8635.0
SAL-Ei-LM,bom_deep_7_3_15_5_No1_p30_ao75_am15_4_m10_ao75_am10_2,75,6,SATISFIED,1.0213,507140165.0,4403.0
SAL-Ei-LM,bom_deep_7_3_15_5_No1_p30_ao75_am15_4_m10_ao75_am10_2,75,7,SATISFIED,1.0228,507674235.0,4520.0
SAL-Ei-LM,bom_deep_7_3_15_5_No1_p30_ao75_am15_4_m10_ao75_am10_2,75,8,SATISFIED,1.0207,507777045.0,4628.0
SAL-Ei-LM,bom_deep_7_3_15_5_No1_p30_ao75_am15_4_m10_ao75_am10_2,75,9,SATISFIED,1.0219,507803989.0,4627.0
SAL-Ei-LM,bom_deep_7_3_15_5_No1_p30_ao75_am15_4_m10_ao75_am10_2,75,10,SATISFIED,1.0194,507655068.0,7053.0
SAL-Ei-LM,bom_deep_7_3_15_5_No1_p30_ao75_am15_4_m10_ao75_am10_3,75,1,SATISFIED,1.0213,454235890.0,4393.0
SAL-Ei-LM,bom_deep_7_3_15_5_No1_p30_ao75_am15_4_m10_ao75_am10_3,75,2,SATISFIED,1.0208,452117120.0,5089.0
SAL-Ei-LM,bom_deep_7_3_15_5_No1_p30_ao75_am15_4_m10_ao75_am10_3,75,3,SATISFIED,1.0225,453234450.0,8088.0
SAL-Ei-LM,bom_deep_7_3_15_5_No1_p30_ao75_am15_4_m10_ao75_am10_3,75,4,SATISFIED,1.0238,454235295.0,4430.0
SAL-Ei-LM,bom_deep_7_3_15_5_No1_p30_ao75_am15_4_m10_ao75_am10_3,75,5,SATISFIED,1.0262,453019430.0,4635.0
SAL-Ei-LM,bom_deep_7_3_15_5_No1_p30_ao75_am15_4_m10_ao75_am10_3,75,6,SATISFIED,1.0253,450700296.0,4580.0
SAL-Ei-LM,bom_deep_7_3_15_5_No1_p30_ao75_am15_4_m10_ao75_am10_3,75,7,SATISFIED,1.024,454541950.0,4492.0
SAL-Ei-LM,bom_deep_7_3_15_5_No1_p30_ao75_am15_4_m10_ao75_am10_3,75,8,SATISFIED,1.0227,452869665.0,4610.0
SAL-Ei-LM,bom_deep_7_3_15_5_No1_p30_ao75_am15_4_m10_ao75_am10_3,75,9,SATISFIED,1.0199,452867699.0,7340.0
SAL-Ei-LM,bom_deep_7_3_15_5_No1_p30_ao75_am15_4_m10_ao75_am10_3,75,10,SATISFIED,1.018,453857546.0,8503.0
SAL-Ei-LM,bom_deep_7_3_15_5_No1_p30_ao75_am15_4_m10_ao75_am10_4,75,1,SATISFIED,1.0217,219783958.0,8140.0
SAL-Ei-LM,bom_deep_7_3_15_5_No1_p30_ao75_am15_4_m10_ao75_am10_4,75,2,SATISFIED,1.0212,206966983.0,8219.0
SAL-Ei-LM,bom_deep_7_3_15_5_No1_p30_ao75_am15_4_m10_ao75_am10_4,75,3,SATISFIED,1.0235,201947971.0,4334.0
SAL-Ei-LM,bom_deep_7_3_15_5_No1_p30_ao75_am15_4_m10_ao75_am10_4,75,4,SATISFIED,1.0221,209634024.0,4649.0
SAL-Ei-LM,bom_deep_7_3_15_5_No1_p30_ao75_am15_4_m10_ao75_am10_4,75,5,SATISFIED,1.022,202761372.0,7621.0
SAL-Ei-LM,bom_deep_7_3_15_5_No1_p30_ao75_am15_4_m10_ao75_am10_4,75,6,SATISFIED,1.0219,207181771.0,8080.0
SAL-Ei-LM,bom_deep_7_3_15_5_No1_p30_ao75_am15_4_m10_ao75_am10_4,75,7,SATISFIED,1.0204,221447188.0,8035.0
SAL-Ei-LM,bom_deep_7_3_15_5_No1_p30_ao75_am15_4_m10_ao75_am10_4,75,8,SATISFIED,1.0201,223264234.0,8168.0
SAL-Ei-LM,bom_deep_7_3_15_5_No1_p30_ao75_am15_4_m10_ao75_am10_4,75,9,SATISFIED,1.0224,204204293.0,8199.0
SAL-Ei-LM,bom_deep_7_3_15_5_No1_p30_ao75_am15_4_m10_ao75_am10_4,75,10,SATISFIED,1.0207,197948882.0,7978.0
SAL-Ei-LM,bom_deep_7_3_15_5_No1_p30_ao75_am15_4_m10_ao75_am10_5,75,1,SATISFIED,1.0229,372755195.0,7822.0
SAL-Ei-LM,bom_deep_7_3_15_5_No1_p30_ao75_am15_4_m10_ao75_am10_5,75,2,SATISFIED,1.0217,373808650.0,7924.0
SAL-Ei-LM,bom_deep_7_3_15_5_No1_p30_ao75_am15_4_m10_ao75_am10_5,75,3,SATISFIED,1.0214,373715290.0,7959.0
SAL-Ei-LM,bom_deep_7_3_15_5_No1_p30_ao75_am15_4_m10_ao75_am10_5,75,4,SATISFIED,1.0215,373602355.0,8164.0
SAL-Ei-LM,bom_deep_7_3_15_5_No1_p30_ao75_am15_4_m10_ao75_am10_5,75,5,SATISFIED,1.0256,373492053.0,4070.0
SAL-Ei-LM,bom_deep_7_3_15_5_No1_p30_ao75_am15_4_m10_ao75_am10_5,75,6,SATISFIED,1.0235,373499185.0,4206.0
SAL-Ei-LM,bom_deep_7_3_15_5_No1_p30_ao75_am15_4_m10_ao75_am10_5,75,7,SATISFIED,1.025,373572020.0,5465.0
SAL-Ei-LM,bom_deep_7_3_15_5_No1_p30_ao75_am15_4_m10_ao75_am10_5,75,8,SATISFIED,1.024,373716785.0,8003.0
SAL-Ei-LM,bom_deep_7_3_15_5_No1_p30_ao75_am15_4_m10_ao75_am10_5,75,9,SATISFIED,1.0211,373573990.0,7900.0
SAL-Ei-LM,bom_deep_7_3_15_5_No1_p30_ao75_am15_4_m10_ao75_am10_5,75,10,SATISFIED,1.0243,373807305.0,4358.0
SAL-Ei-LM,bom_deep_7_3_15_5_No1_p30_ao75_am15_4_m30_ao75_am23_2,75,1,SATISFIED,1.0237,277602230.0,4293.0
SAL-Ei-LM,bom_deep_7_3_15_5_No1_p30_ao75_am15_4_m30_ao75_am23_2,75,2,SATISFIED,1.0227,277568825.0,5706.0
SAL-Ei-LM,bom_deep_7_3_15_5_No1_p30_ao75_am15_4_m30_ao75_am23_2,75,3,SATISFIED,1.0211,277584450.0,8208.0
SAL-Ei-LM,bom_deep_7_3_15_5_No1_p30_ao75_am15_4_m30_ao75_am23_2,75,4,SATISFIED,1.0211,277612540.0,8129.0
SAL-Ei-LM,bom_deep_7_3_15_5_No1_p30_ao75_am15_4_m30_ao75_am23_2,75,5,SATISFIED,1.0208,277614303.0,8174.0
SAL-Ei-LM,bom_deep_7_3_15_5_No1_p30_ao75_am15_4_m30_ao75_am23_2,75,6,SATISFIED,1.022,277593635.0,4459.0
SAL-Ei-LM,bom_deep_7_3_15_5_No1_p30_ao75_am15_4_m30_ao75_am23_2,75,7,SATISFIED,1.0224,277617395.0,4812.0
SAL-Ei-LM,bom_deep_7_3_15_5_No1_p30_ao75_am15_4_m30_ao75_am23_2,75,8,SATISFIED,1.0233,277562480.0,7790.0
SAL-Ei-LM,bom_deep_7_3_15_5_No1_p30_ao75_am15_4_m30_ao75_am23_2,75,9,SATISFIED,1.023,278745000.0,8332.0
SAL-Ei-LM,bom_deep_7_3_15_5_No1_p30_ao75_am15_4_m30_ao75_am23_2,75,10,SATISFIED,1.0219,278014125.0,8408.0
SAL-Ei-LM,bom_deep_7_3_15_5_No1_p30_ao75_am15_4_m30_ao75_am25_5,75,1,SATISFIED,1.0238,244522897.0,7704.0
SAL-Ei-LM,bom_deep_7_3_15_5_No1_p30_ao75_am15_4_m30_ao75_am25_5,75,2,SATISFIED,1.0207,245731354.0,7651.0
SAL-Ei-LM,bom_deep_7_3_15_5_No1_p30_ao75_am15_4_m30_ao75_am25_5,75,3,SATISFIED,1.0215,245725640.0,7827.0
SAL-Ei-LM,bom_deep_7_3_15_5_No1_p30_ao75_am15_4_m30_ao75_am25_5,75,4,SATISFIED,1.0214,244107735.0,7874.0
SAL-Ei-LM,bom_deep_7_3_15_5_No1_p30_ao75_am15_4_m30_ao75_am25_5,75,5,SATISFIED,1.0198,247117750.0,7811.0
SAL-Ei-LM,bom_deep_7_3_15_5_No1_p30_ao75_am15_4_m30_ao75_am25_5,75,6,SATISFIED,1.0211,244071075.0,7694.0
SAL-Ei-LM,bom_deep_7_3_15_5_No1_p30_ao75_am15_4_m30_ao75_am25_5,75,7,SATISFIED,1.0204,248135365.0,7640.0
SAL-Ei-LM,bom_deep_7_3_15_5_No1_p30_ao75_am15_4_m30_ao75_am25_5,75,8,SATISFIED,1.0223,244232440.0,7816.0
SAL-Ei-LM,bom_deep_7_3_15_5_No1_p30_ao75_am15_4_m30_ao75_am25_5,75,9,SATISFIED,1.0249,245623865.0,6952.0
SAL-Ei-LM,bom_deep_7_3_15_5_No1_p30_ao75_am15_4_m30_ao75_am25_5,75,10,SATISFIED,1.0247,243704315.0,4093.0
SAL-Ei-LM,bom_deep_7_3_15_5_No1_p30_ao75_am15_4_m30_ao75_am26_1,75,1,SATISFIED,1.0251,211239630.0,4009.0
SAL-Ei-LM,bom_deep_7_3_15_5_No1_p30_ao75_am15_4_m30_ao75_am26_1,75,2,SATISFIED,1.0246,214305837.0,6217.0
SAL-Ei-LM,bom_deep_7_3_15_5_No1_p30_ao75_am15_4_m30_ao75_am26_1,75,3,SATISFIED,1.0199,221872982.0,7580.0
SAL-Ei-LM,bom_deep_7_3_15_5_No1_p30_ao75_am15_4_m30_ao75_am26_1,75,4,SATISFIED,1.0201,225096723.0,7654.0
SAL-Ei-LM,bom_deep_7_3_15_5_No1_p30_ao75_am15_4_m30_ao75_am26_1,75,5,SATISFIED,1.0218,230159831.0,7682.0
SAL-Ei-LM,bom_deep_7_3_15_5_No1_p30_ao75_am15_4_m30_ao75_am26_1,75,6,SATISFIED,1.0256,212889429.0,7627.0
SAL-Ei-LM,bom_deep_7_3_15_5_No1_p30_ao75_am15_4_m30_ao75_am26_1,75,7,SATISFIED,1.0211,227802495.0,7762.0
SAL-Ei-LM,bom_deep_7_3_15_5_No1_p30_ao75_am15_4_m30_ao75_am26_1,75,8,SATISFIED,1.0241,209547857.0,3949.0
SAL-Ei-LM,bom_deep_7_3_15_5_No1_p30_ao75_am15_4_m30_ao75_am26_1,75,9,SATISFIED,1.0253,232425625.0,4206.0
SAL-Ei-LM,bom_deep_7_3_15_5_No1_p30_ao75_am15_4_m30_ao75_am26_1,75,10,SATISFIED,1.022,226566044.0,6904.0
SAL-Ei-LM,bom_deep_7_3_15_5_No1_p30_ao75_am15_4_m30_ao75_am27_4,75,1,SATISFIED,1.023,234361306.0,7780.0
SAL-Ei-LM,bom_deep_7_3_15_5_No1_p30_ao75_am15_4_m30_ao75_am27_4,75,2,SATISFIED,1.0205,227375954.0,7739.0
SAL-Ei-LM,bom_deep_7_3_15_5_No1_p30_ao75_am15_4_m30_ao75_am27_4,75,3,SATISFIED,1.019,233030302.0,7726.0
SAL-Ei-LM,bom_deep_7_3_15_5_No1_p30_ao75_am15_4_m30_ao75_am27_4,75,4,SATISFIED,1.0195,228823570.0,7617.0
SAL-Ei-LM,bom_deep_7_3_15_5_No1_p30_ao75_am15_4_m30_ao75_am27_4,75,5,SATISFIED,1.0291,244300970.0,4076.0
SAL-Ei-LM,bom_deep_7_3_15_5_No1_p30_ao75_am15_4_m30_ao75_am27_4,75,6,SATISFIED,1.0257,227764497.0,4008.0
SAL-Ei-LM,bom_deep_7_3_15_5_No1_p30_ao75_am15_4_m30_ao75_am27_4,75,7,SATISFIED,1.0208,233359795.0,5262.0
SAL-Ei-LM,bom_deep_7_3_15_5_No1_p30_ao75_am15_4_m30_ao75_am27_4,75,8,SATISFIED,1.021,241956270.0,7705.0
SAL-Ei-LM,bom_deep_7_3_15_5_No1_p30_ao75_am15_4_m30_ao75_am27_4,75,9,SATISFIED,1.0217,251949291.0,7790.0
SAL-Ei-LM,bom_deep_7_3_15_5_No1_p30_ao75_am15_4_m30_ao75_am27_4,75,10,SATISFIED,1.0211,234191280.0,7677.0
SAL-Ei-LM,bom_deep_7_3_15_5_No1_p30_ao75_am15_4_m30_ao75_am28_3,75,1,SATISFIED,1.0214,290325909.0,7424.0
SAL-Ei-LM,bom_deep_7_3_15_5_No1_p30_ao75_am15_4_m30_ao75_am28_3,75,2,SATISFIED,1.0214,290705851.0,7366.0
SAL-Ei-LM,bom_deep_7_3_15_5_No1_p30_ao75_am15_4_m30_ao75_am28_3,75,3,SATISFIED,1.024,284255172.0,7479.0
SAL-Ei-LM,bom_deep_7_3_15_5_No1_p30_ao75_am15_4_m30_ao75_am28_3,75,4,SATISFIED,1.0209,275374469.0,7467.0
SAL-Ei-LM,bom_deep_7_3_15_5_No1_p30_ao75_am15_4_m30_ao75_am28_3,75,5,SATISFIED,1.0212,293886509.0,7500.0
SAL-Ei-LM,bom_deep_7_3_15_5_No1_p30_ao75_am15_4_m30_ao75_am28_3,75,6,SATISFIED,1.0236,268086539.0,7342.0
SAL-Ei-LM,bom_deep_7_3_15_5_No1_p30_ao75_am15_4_m30_ao75_am28_3,75,7,SATISFIED,1.0225,286358063.0,7713.0
SAL-Ei-LM,bom_deep_7_3_15_5_No1_p30_ao75_am15_4_m30_ao75_am28_3,75,8,SATISFIED,1.0215,288778302.0,7362.0
SAL-Ei-LM,bom_deep_7_3_15_5_No1_p30_ao75_am15_4_m30_ao75_am28_3,75,9,SATISFIED,1.0199,274902748.0,7499.0
SAL-Ei-LM,bom_deep_7_3_15_5_No1_p30_ao75_am15_4_m30_ao75_am28_3,75,10,SATISFIED,1.0223,281359825.0,7447.0
SAL-Ei-LM,bom_deep_7_3_15_5_No1_p30_ao75_am15_5,75,1,SATISFIED,1.0248,126923135.0,7536.0
SAL-Ei-LM,bom_deep_7_3_15_5_No1_p30_ao75_am15_5,75,2,SATISFIED,1.0212,128691624.0,7445.0
SAL-Ei-LM,bom_deep_7_3_15_5_No1_p30_ao75_am15_5,75,3,SATISFIED,1.0207,128431440.0,7344.0
SAL-Ei-LM,bom_deep_7_3_15_5_No1_p30_ao75_am15_5,75,4,SATISFIED,1.022,128501290.0,7181.0
SAL-Ei-LM,bom_deep_7_3_15_5_No1_p30_ao75_am15_5,75,5,SATISFIED,1.0249,138624085.0,7304.0
SAL-Ei-LM,bom_deep_7_3_15_5_No1_p30_ao75_am15_5,75,6,SATISFIED,1.0265,134772045.0,3871.0
SAL-Ei-LM,bom_deep_7_3_15_5_No1_p30_ao75_am15_5,75,7,SATISFIED,1.0236,128447990.0,4018.0
SAL-Ei-LM,bom_deep_7_3_15_5_No1_p30_ao75_am15_5,75,8,SATISFIED,1.0227,126536970.0,5254.0
SAL-Ei-LM,bom_deep_7_3_15_5_No1_p30_ao75_am15_5,75,9,SATISFIED,1.023,125063854.0,7476.0
SAL-Ei-LM,bom_deep_7_3_15_5_No1_p30_ao75_am15_5,75,10,SATISFIED,1.0217,125872489.0,7389.0
SAL-Ei-LM,bom_deep_7_3_15_5_No1_p30_ao75_am15_5_m10_ao75_am10_1,75,1,SATISFIED,1.0178,423383595.0,8847.0
SAL-Ei-LM,bom_deep_7_3_15_5_No1_p30_ao75_am15_5_m10_ao75_am10_1,75,2,SATISFIED,1.0192,423546255.0,8789.0
SAL-Ei-LM,bom_deep_7_3_15_5_No1_p30_ao75_am15_5_m10_ao75_am10_1,75,3,SATISFIED,1.0204,423508892.0,7743.0
SAL-Ei-LM,bom_deep_7_3_15_5_No1_p30_ao75_am15_5_m10_ao75_am10_1,75,4,SATISFIED,1.0204,423283210.0,4981.0
SAL-Ei-LM,bom_deep_7_3_15_5_No1_p30_ao75_am15_5_m10_ao75_am10_1,75,5,SATISFIED,1.0206,423547644.0,6289.0
SAL-Ei-LM,bom_deep_7_3_15_5_No1_p30_ao75_am15_5_m10_ao75_am10_1,75,6,SATISFIED,1.0196,423439268.0,9097.0
SAL-Ei-LM,bom_deep_7_3_15_5_No1_p30_ao75_am15_5_m10_ao75_am10_1,75,7,SATISFIED,1.0218,423242201.0,8775.0
SAL-Ei-LM,bom_deep_7_3_15_5_No1_p30_ao75_am15_5_m10_ao75_am10_1,75,8,SATISFIED,1.023,423336080.0,9183.0
SAL-Ei-LM,bom_deep_7_3_15_5_No1_p30_ao75_am15_5_m10_ao75_am10_1,75,9,SATISFIED,1.0231,422997608.0,9122.0
SAL-Ei-LM,bom_deep_7_3_15_5_No1_p30_ao75_am15_5_m10_ao75_am10_1,75,10,SATISFIED,1.0222,459110727.0,4944.0
SAL-Ei-LM,bom_deep_7_3_15_5_No1_p30_ao75_am15_5_m10_ao75_am10_2,75,1,SATISFIED,1.023,190534422.0,5039.0
SAL-Ei-LM,bom_deep_7_3_15_5_No1_p30_ao75_am15_5_m10_ao75_am10_2,75,2,SATISFIED,1.022,193569156.0,8055.0
SAL-Ei-LM,bom_deep_7_3_15_5_No1_p30_ao75_am15_5_m10_ao75_am10_2,75,3,SATISFIED,1.0231,195789297.0,4489.0
SAL-Ei-LM,bom_deep_7_3_15_5_No1_p30_ao75_am15_5_m10_ao75_am10_2,75,4,SATISFIED,1.0228,195570391.0,4518.0
SAL-Ei-LM,bom_deep_7_3_15_5_No1_p30_ao75_am15_5_m10_ao75_am10_2,75,5,SATISFIED,1.0229,195589189.0,6240.0
SAL-Ei-LM,bom_deep_7_3_15_5_No1_p30_ao75_am15_5_m10_ao75_am10_2,75,6,SATISFIED,1.0218,217620699.0,8783.0
SAL-Ei-LM,bom_deep_7_3_15_5_No1_p30_ao75_am15_5_m10_ao75_am10_2,75,7,SATISFIED,1.0206,196057161.0,8792.0
SAL-Ei-LM,bom_deep_7_3_15_5_No1_p30_ao75_am15_5_m10_ao75_am10_2,75,8,SATISFIED,1.02,195789297.0,8740.0
SAL-Ei-LM,bom_deep_7_3_15_5_No1_p30_ao75_am15_5_m10_ao75_am10_2,75,9,SATISFIED,1.022,195789297.0,8857.0
SAL-Ei-LM,bom_deep_7_3_15_5_No1_p30_ao75_am15_5_m10_ao75_am10_2,75,10,SATISFIED,1.0206,193778229.0,8837.0
SAL-Ei-LM,bom_deep_7_3_15_5_No1_p30_ao75_am15_5_m10_ao75_am10_3,75,1,SATISFIED,1.0196,923669240.0,8244.0
SAL-Ei-LM,bom_deep_7_3_15_5_No1_p30_ao75_am15_5_m10_ao75_am10_3,75,2,SATISFIED,1.0222,923644720.0,8290.0
SAL-Ei-LM,bom_deep_7_3_15_5_No1_p30_ao75_am15_5_m10_ao75_am10_3,75,3,SATISFIED,1.0222,914976025.0,8316.0
SAL-Ei-LM,bom_deep_7_3_15_5_No1_p30_ao75_am15_5_m10_ao75_am10_3,75,4,SATISFIED,1.0204,944152470.0,8249.0
SAL-Ei-LM,bom_deep_7_3_15_5_No1_p30_ao75_am15_5_m10_ao75_am10_3,75,5,SATISFIED,1.0232,922820954.0,8102.0
SAL-Ei-LM,bom_deep_7_3_15_5_No1_p30_ao75_am15_5_m10_ao75_am10_3,75,6,SATISFIED,1.0193,921370054.0,8500.0
SAL-Ei-LM,bom_deep_7_3_15_5_No1_p30_ao75_am15_5_m10_ao75_am10_3,75,7,SATISFIED,1.0227,921336927.0,8482.0
SAL-Ei-LM,bom_deep_7_3_15_5_No1_p30_ao75_am15_5_m10_ao75_am10_3,75,8,SATISFIED,1.0208,920710385.0,8468.0
SAL-Ei-LM,bom_deep_7_3_15_5_No1_p30_ao75_am15_5_m10_ao75_am10_3,75,9,SATISFIED,1.0209,943111557.0,4700.0
SAL-Ei-LM,bom_deep_7_3_15_5_No1_p30_ao75_am15_5_m10_ao75_am10_3,75,10,SATISFIED,1.0199,919741790.0,6275.0
SAL-Ei-LM,bom_deep_7_3_15_5_No1_p30_ao75_am15_5_m10_ao75_am10_4,75,1,SATISFIED,1.0193,562281788.0,8438.0
SAL-Ei-LM,bom_deep_7_3_15_5_No1_p30_ao75_am15_5_m10_ao75_am10_4,75,2,SATISFIED,1.0224,561651547.0,8383.0
SAL-Ei-LM,bom_deep_7_3_15_5_No1_p30_ao75_am15_5_m10_ao75_am10_4,75,3,SATISFIED,1.0218,563303822.0,8522.0
SAL-Ei-LM,bom_deep_7_3_15_5_No1_p30_ao75_am15_5_m10_ao75_am10_4,75,4,SATISFIED,1.0228,561581479.0,8466.0
SAL-Ei-LM,bom_deep_7_3_15_5_No1_p30_ao75_am15_5_m10_ao75_am10_4,75,5,SATISFIED,1.0205,576004177.0,8432.0
SAL-Ei-LM,bom_deep_7_3_15_5_No1_p30_ao75_am15_5_m10_ao75_am10_4,75,6,SATISFIED,1.02,562238577.0,8406.0
SAL-Ei-LM,bom_deep_7_3_15_5_No1_p30_ao75_am15_5_m10_ao75_am10_4,75,7,SATISFIED,1.0221,561595599.0,4487.0
SAL-Ei-LM,bom_deep_7_3_15_5_No1_p30_ao75_am15_5_m10_ao75_am10_4,75,8,SATISFIED,1.0254,562556645.0,4324.0
SAL-Ei-LM,bom_deep_7_3_15_5_No1_p30_ao75_am15_5_m10_ao75_am10_4,75,9,SATISFIED,1.024,598291910.0,4450.0
SAL-Ei-LM,bom_deep_7_3_15_5_No1_p30_ao75_am15_5_m10_ao75_am10_4,75,10,SATISFIED,1.0231,563315688.0,4336.0
SAL-Ei-LM,bom_deep_7_3_15_5_No1_p30_ao75_am15_5_m10_ao75_am10_5,75,1,SATISFIED,1.0227,1097687099.0,5575.0
SAL-Ei-LM,bom_deep_7_3_15_5_No1_p30_ao75_am15_5_m10_ao75_am10_5,75,2,SATISFIED,1.0203,1100240699.0,8433.0
SAL-Ei-LM,bom_deep_7_3_15_5_No1_p30_ao75_am15_5_m10_ao75_am10_5,75,3,SATISFIED,1.0209,1098632545.0,8647.0
SAL-Ei-LM,bom_deep_7_3_15_5_No1_p30_ao75_am15_5_m10_ao75_am10_5,75,4,SATISFIED,1.0206,1087677032.0,8658.0
SAL-Ei-LM,bom_deep_7_3_15_5_No1_p30_ao75_am15_5_m10_ao75_am10_5,75,5,SATISFIED,1.0203,1096956907.0,8387.0
SAL-Ei-LM,bom_deep_7_3_15_5_No1_p30_ao75_am15_5_m10_ao75_am10_5,75,6,SATISFIED,1.021,1095405620.0,4632.0
SAL-Ei-LM,bom_deep_7_3_15_5_No1_p30_ao75_am15_5_m10_ao75_am10_5,75,7,SATISFIED,1.0212,1095412285.0,5576.0
SAL-Ei-LM,bom_deep_7_3_15_5_No1_p30_ao75_am15_5_m10_ao75_am10_5,75,8,SATISFIED,1.0239,1089703571.0,4637.0
SAL-Ei-LM,bom_deep_7_3_15_5_No1_p30_ao75_am15_5_m10_ao75_am10_5,75,9,SATISFIED,1.0215,1090589337.0,4562.0
SAL-Ei-LM,bom_deep_7_3_15_5_No1_p30_ao75_am15_5_m10_ao75_am10_5,75,10,SATISFIED,1.0211,1080424680.0,6254.0
SAL-Ei-LM,bom_deep_7_3_15_5_No1_p30_ao75_am15_5_m30_ao75_am25_1,75,1,SATISFIED,1.0193,591431216.0,8013.0
SAL-Ei-LM,bom_deep_7_3_15_5_No1_p30_ao75_am15_5_m30_ao75_am25_1,75,2,SATISFIED,1.021,568907679.0,8146.0
SAL-Ei-LM,bom_deep_7_3_15_5_No1_p30_ao75_am15_5_m30_ao75_am25_1,75,3,SATISFIED,1.0217,588869997.0,8230.0
SAL-Ei-LM,bom_deep_7_3_15_5_No1_p30_ao75_am15_5_m30_ao75_am25_1,75,4,SATISFIED,1.0225,558887679.0,8266.0
SAL-Ei-LM,bom_deep_7_3_15_5_No1_p30_ao75_am15_5_m30_ao75_am25_1,75,5,SATISFIED,1.0219,576932803.0,8206.0
SAL-Ei-LM,bom_deep_7_3_15_5_No1_p30_ao75_am15_5_m30_ao75_am25_1,75,6,SATISFIED,1.024,565610211.0,7776.0
SAL-Ei-LM,bom_deep_7_3_15_5_No1_p30_ao75_am15_5_m30_ao75_am25_1,75,7,SATISFIED,1.025,579166641.0,4346.0
SAL-Ei-LM,bom_deep_7_3_15_5_No1_p30_ao75_am15_5_m30_ao75_am25_1,75,8,SATISFIED,1.0234,576861687.0,4226.0
SAL-Ei-LM,bom_deep_7_3_15_5_No1_p30_ao75_am15_5_m30_ao75_am25_1,75,9,SATISFIED,1.0239,597244713.0,4446.0
SAL-Ei-LM,bom_deep_7_3_15_5_No1_p30_ao75_am15_5_m30_ao75_am25_1,75,10,SATISFIED,1.0241,597951963.0,4346.0
SAL-Ei-LM,bom_deep_7_3_15_5_No1_p30_ao75_am15_5_m30_ao75_am25_4,75,1,SATISFIED,1.0229,545485341.0,4769.0
SAL-Ei-LM,bom_deep_7_3_15_5_No1_p30_ao75_am15_5_m30_ao75_am25_4,75,2,SATISFIED,1.0217,554938075.0,7552.0
SAL-Ei-LM,bom_deep_7_3_15_5_No1_p30_ao75_am15_5_m30_ao75_am25_4,75,3,SATISFIED,1.0201,543348350.0,4127.0
SAL-Ei-LM,bom_deep_7_3_15_5_No1_p30_ao75_am15_5_m30_ao75_am25_4,75,4,SATISFIED,1.0213,506409717.0,4121.0
SAL-Ei-LM,bom_deep_7_3_15_5_No1_p30_ao75_am15_5_m30_ao75_am25_4,75,5,SATISFIED,1.0222,554207037.0,4801.0
SAL-Ei-LM,bom_deep_7_3_15_5_No1_p30_ao75_am15_5_m30_ao75_am25_4,75,6,SATISFIED,1.0254,579817577.0,4098.0
SAL-Ei-LM,bom_deep_7_3_15_5_No1_p30_ao75_am15_5_m30_ao75_am25_4,75,7,SATISFIED,1.0229,540932224.0,3919.0
SAL-Ei-LM,bom_deep_7_3_15_5_No1_p30_ao75_am15_5_m30_ao75_am25_4,75,8,SATISFIED,1.0212,558260800.0,5086.0
SAL-Ei-LM,bom_deep_7_3_15_5_No1_p30_ao75_am15_5_m30_ao75_am25_4,75,9,SATISFIED,1.0212,521374796.0,7539.0
SAL-Ei-LM,bom_deep_7_3_15_5_No1_p30_ao75_am15_5_m30_ao75_am25_4,75,10,SATISFIED,1.0239,525835175.0,7416.0
SAL-Ei-LM,bom_deep_7_3_15_5_No1_p30_ao75_am15_5_m30_ao75_am26_2,75,1,SATISFIED,1.0203,198219081.0,7418.0
SAL-Ei-LM,bom_deep_7_3_15_5_No1_p30_ao75_am15_5_m30_ao75_am26_2,75,2,SATISFIED,1.0225,187016510.0,7658.0
SAL-Ei-LM,bom_deep_7_3_15_5_No1_p30_ao75_am15_5_m30_ao75_am26_2,75,3,SATISFIED,1.0274,194792365.0,7515.0
SAL-Ei-LM,bom_deep_7_3_15_5_No1_p30_ao75_am15_5_m30_ao75_am26_2,75,4,SATISFIED,1.0192,187213586.0,7644.0
SAL-Ei-LM,bom_deep_7_3_15_5_No1_p30_ao75_am15_5_m30_ao75_am26_2,75,5,SATISFIED,1.0212,195202860.0,4942.0
SAL-Ei-LM,bom_deep_7_3_15_5_No1_p30_ao75_am15_5_m30_ao75_am26_2,75,6,SATISFIED,1.0208,193519939.0,4312.0
SAL-Ei-LM,bom_deep_7_3_15_5_No1_p30_ao75_am15_5_m30_ao75_am26_2,75,7,SATISFIED,1.0201,206107952.0,4113.0
SAL-Ei-LM,bom_deep_7_3_15_5_No1_p30_ao75_am15_5_m30_ao75_am26_2,75,8,SATISFIED,1.0197,206571965.0,4611.0
SAL-Ei-LM,bom_deep_7_3_15_5_No1_p30_ao75_am15_5_m30_ao75_am26_2,75,9,SATISFIED,1.0191,208142644.0,7336.0
SAL-Ei-LM,bom_deep_7_3_15_5_No1_p30_ao75_am15_5_m30_ao75_am26_2,75,10,SATISFIED,1.0169,197451294.0,8033.0
SAL-Ei-LM,bom_deep_7_3_15_5_No1_p30_ao75_am15_5_m30_ao75_am26_3,75,1,SATISFIED,1.0186,384804330.0,7815.0
SAL-Ei-LM,bom_deep_7_3_15_5_No1_p30_ao75_am15_5_m30_ao75_am26_3,75,2,SATISFIED,1.0171,385786230.0,7875.0
SAL-Ei-LM,bom_deep_7_3_15_5_No1_p30_ao75_am15_5_m30_ao75_am26_3,75,3,SATISFIED,1.0177,348798120.0,7921.0
SAL-Ei-LM,bom_deep_7_3_15_5_No1_p30_ao75_am15_5_m30_ao75_am26_3,75,4,SATISFIED,1.022,378652958.0,3953.0
SAL-Ei-LM,bom_deep_7_3_15_5_No1_p30_ao75_am15_5_m30_ao75_am26_3,75,5,SATISFIED,1.0221,372242690.0,4156.0
SAL-Ei-LM,bom_deep_7_3_15_5_No1_p30_ao75_am15_5_m30_ao75_am26_3,75,6,SATISFIED,1.0184,379198930.0,5427.0
SAL-Ei-LM,bom_deep_7_3_15_5_No1_p30_ao75_am15_5_m30_ao75_am26_3,75,7,SATISFIED,1.0176,391755185.0,7849.0
SAL-Ei-LM,bom_deep_7_3_15_5_No1_p30_ao75_am15_5_m30_ao75_am26_3,75,8,SATISFIED,1.0186,376347700.0,7763.0
SAL-Ei-LM,bom_deep_7_3_15_5_No1_p30_ao75_am15_5_m30_ao75_am26_3,75,9,SATISFIED,1.0187,382532235.0,5826.0
SAL-Ei-LM,bom_deep_7_3_15_5_No1_p30_ao75_am15_5_m30_ao75_am26_3,75,10,SATISFIED,1.0241,393643075.0,4065.0
SAL-Ei-LM,bom_deep_7_3_15_5_No1_p30_ao75_am15_5_m30_ao75_am26_5,75,1,SATISFIED,1.0203,494793145.0,5942.0
SAL-Ei-LM,bom_deep_7_3_15_5_No1_p30_ao75_am15_5_m30_ao75_am26_5,75,2,SATISFIED,1.02,493184006.0,8295.0
SAL-Ei-LM,bom_deep_7_3_15_5_No1_p30_ao75_am15_5_m30_ao75_am26_5,75,3,SATISFIED,1.0208,478794186.0,8280.0
SAL-Ei-LM,bom_deep_7_3_15_5_No1_p30_ao75_am15_5_m30_ao75_am26_5,75,4,SATISFIED,1.0208,463620508.0,8276.0
SAL-Ei-LM,bom_deep_7_3_15_5_No1_p30_ao75_am15_5_m30_ao75_am26_5,75,5,SATISFIED,1.021,514681049.0,8076.0
SAL-Ei-LM,bom_deep_7_3_15_5_No1_p30_ao75_am15_5_m30_ao75_am26_5,75,6,SATISFIED,1.0245,516727000.0,4155.0
SAL-Ei-LM,bom_deep_7_3_15_5_No1_p30_ao75_am15_5_m30_ao75_am26_5,75,7,SATISFIED,1.0204,505422281.0,4390.0
SAL-Ei-LM,bom_deep_7_3_15_5_No1_p30_ao75_am15_5_m30_ao75_am26_5,75,8,SATISFIED,1.0218,487210385.0,5624.0
SAL-Ei-LM,bom_deep_7_3_15_5_No1_p30_ao75_am15_5_m30_ao75_am26_5,75,9,SATISFIED,1.0195,491183100.0,8340.0
SAL-Ei-LM,bom_deep_7_3_15_5_No1_p30_ao75_am15_5_m30_ao75_am26_5,75,10,SATISFIED,1.0196,508676994.0,8080.0
SAL-Ei-LM,bom_deep_7_3_15_5_No1_p40_ao81_am15_1,81,1,SATISFIED,1.0237,123294600.0,7817.0
SAL-Ei-LM,bom_deep_7_3_15_5_No1_p40_ao81_am15_1,81,2,SATISFIED,1.0213,122849805.0,7792.0
SAL-Ei-LM,bom_deep_7_3_15_5_No1_p40_ao81_am15_1,81,3,SATISFIED,1.0218,122635915.0,7799.0
SAL-Ei-LM,bom_deep_7_3_15_5_No1_p40_ao81_am15_1,81,4,SATISFIED,1.0201,122594875.0,7544.0
SAL-Ei-LM,bom_deep_7_3_15_5_No1_p40_ao81_am15_1,81,5,SATISFIED,1.0206,122973110.0,7840.0
SAL-Ei-LM,bom_deep_7_3_15_5_No1_p40_ao81_am15_1,81,6,SATISFIED,1.0273,122790265.0,7774.0
SAL-Ei-LM,bom_deep_7_3_15_5_No1_p40_ao81_am15_1,81,7,SATISFIED,1.024,122528095.0,7701.0
SAL-Ei-LM,bom_deep_7_3_15_5_No1_p40_ao81_am15_1,81,8,SATISFIED,1.0203,122574815.0,7497.0
SAL-Ei-LM,bom_deep_7_3_15_5_No1_p40_ao81_am15_1,81,9,SATISFIED,1.0234,122480230.0,7475.0
SAL-Ei-LM,bom_deep_7_3_15_5_No1_p40_ao81_am15_1,81,10,SATISFIED,1.0221,122936310.0,7475.0
SAL-Ei-LM,bom_deep_7_3_15_5_No1_p40_ao81_am15_1_m12_ao81_am12_1,81,1,SATISFIED,1.021,85091795.0,7988.0
SAL-Ei-LM,bom_deep_7_3_15_5_No1_p40_ao81_am15_1_m12_ao81_am12_1,81,2,SATISFIED,1.0217,87976035.0,7841.0
SAL-Ei-LM,bom_deep_7_3_15_5_No1_p40_ao81_am15_1_m12_ao81_am12_1,81,3,SATISFIED,1.0219,83845118.0,8121.0
SAL-Ei-LM,bom_deep_7_3_15_5_No1_p40_ao81_am15_1_m12_ao81_am12_1,81,4,SATISFIED,1.0199,73888688.0,8003.0
SAL-Ei-LM,bom_deep_7_3_15_5_No1_p40_ao81_am15_1_m12_ao81_am12_1,81,5,SATISFIED,1.0225,85844145.0,4087.0
SAL-Ei-LM,bom_deep_7_3_15_5_No1_p40_ao81_am15_1_m12_ao81_am12_1,81,6,SATISFIED,1.0221,81962007.0,4092.0
SAL-Ei-LM,bom_deep_7_3_15_5_No1_p40_ao81_am15_1_m12_ao81_am12_1,81,7,SATISFIED,1.0217,74220050.0,5337.0
SAL-Ei-LM,bom_deep_7_3_15_5_No1_p40_ao81_am15_1_m12_ao81_am12_1,81,8,SATISFIED,1.022,73677185.0,4460.0
SAL-Ei-LM,bom_deep_7_3_15_5_No1_p40_ao81_am15_1_m12_ao81_am12_1,81,9,SATISFIED,1.0236,81058100.0,4561.0
SAL-Ei-LM,bom_deep_7_3_15_5_No1_p40_ao81_am15_1_m12_ao81_am12_1,81,10,SATISFIED,1.0241,81762364.0,7328.0
SAL-Ei-LM,bom_deep_7_3_15_5_No1_p40_ao81_am15_1_m12_ao81_am12_2,81,1,SATISFIED,1.0221,60855406.0,7613.0
SAL-Ei-LM,bom_deep_7_3_15_5_No1_p40_ao81_am15_1_m12_ao81_am12_2,81,2,SATISFIED,1.0206,61347470.0,7589.0
SAL-Ei-LM,bom_deep_7_3_15_5_No1_p40_ao81_am15_1_m12_ao81_am12_2,81,3,SATISFIED,1.0201,61084220.0,7720.0
SAL-Ei-LM,bom_deep_7_3_15_5_No1_p40_ao81_am15_1_m12_ao81_am12_2,81,4,SATISFIED,1.025,61354817.0,7696.0
SAL-Ei-LM,bom_deep_7_3_15_5_No1_p40_ao81_am15_1_m12_ao81_am12_2,81,5,SATISFIED,1.0243,61195005.0,7698.0
SAL-Ei-LM,bom_deep_7_3_15_5_No1_p40_ao81_am15_1_m12_ao81_am12_2,81,6,SATISFIED,1.027,60573725.0,7679.0
SAL-Ei-LM,bom_deep_7_3_15_5_No1_p40_ao81_am15_1_m12_ao81_am12_2,81,7,SATISFIED,1.0243,60969475.0,7884.0
SAL-Ei-LM,bom_deep_7_3_15_5_No1_p40_ao81_am15_1_m12_ao81_am12_2,81,8,SATISFIED,1.0263,60465885.0,7887.0
SAL-Ei-LM,bom_deep_7_3_15_5_No1_p40_ao81_am15_1_m12_ao81_am12_2,81,9,SATISFIED,1.0222,61071221.0,7639.0
SAL-Ei-LM,bom_deep_7_3_15_5_No1_p40_ao81_am15_1_m12_ao81_am12_2,81,10,SATISFIED,1.0215,61047955.0,7579.0
SAL-Ei-LM,bom_deep_7_3_15_5_No1_p40_ao81_am15_1_m12_ao81_am12_3,81,1,SATISFIED,1.0256,77582053.0,7671.0
SAL-Ei-LM,bom_deep_7_3_15_5_No1_p40_ao81_am15_1_m12_ao81_am12_3,81,2,SATISFIED,1.0239,77647521.0,7879.0
SAL-Ei-LM,bom_deep_7_3_15_5_No1_p40_ao81_am15_1_m12_ao81_am12_3,81,3,SATISFIED,1.0214,77604985.0,7712.0
SAL-Ei-LM,bom_deep_7_3_15_5_No1_p40_ao81_am15_1_m12_ao81_am12_3,81,4,SATISFIED,1.0206,77700747.0,7926.0
SAL-Ei-LM,bom_deep_7_3_15_5_No1_p40_ao81_am15_1_m12_ao81_am12_3,81,5,SATISFIED,1.0232,79255122.0,7944.0
SAL-Ei-LM,bom_deep_7_3_15_5_No1_p40_ao81_am15_1_m12_ao81_am12_3,81,6,SATISFIED,1.023,77654035.0,7857.0
SAL-Ei-LM,bom_deep_7_3_15_5_No1_p40_ao81_am15_1_m12_ao81_am12_3,81,7,SATISFIED,1.023,77630730.0,7857.0
SAL-Ei-LM,bom_deep_7_3_15_5_No1_p40_ao81_am15_1_m12_ao81_am12_3,81,8,SATISFIED,1.0243,77631455.0,7791.0
SAL-Ei-LM,bom_deep_7_3_15_5_No1_p40_ao81_am15_1_m12_ao81_am12_3,81,9,SATISFIED,1.0221,77609325.0,7697.0
SAL-Ei-LM,bom_deep_7_3_15_5_No1_p40_ao81_am15_1_m12_ao81_am12_3,81,10,SATISFIED,1.0209,77646501.0,7821.0
SAL-Ei-LM,bom_deep_7_3_15_5_No1_p40_ao81_am15_1_m12_ao81_am12_4,81,1,SATISFIED,1.0218,72285849.0,7487.0
SAL-Ei-LM,bom_deep_7_3_15_5_No1_p40_ao81_am15_1_m12_ao81_am12_4,81,2,SATISFIED,1.0226,75984406.0,7517.0
SAL-Ei-LM,bom_deep_7_3_15_5_No1_p40_ao81_am15_1_m12_ao81_am12_4,81,3,SATISFIED,1.0204,78657284.0,7374.0
SAL-Ei-LM,bom_deep_7_3_15_5_No1_p40_ao81_am15_1_m12_ao81_am12_4,81,4,SATISFIED,1.0209,77395505.0,7251.0
SAL-Ei-LM,bom_deep_7_3_15_5_No1_p40_ao81_am15_1_m12_ao81_am12_4,81,5,SATISFIED,1.0213,98447510.0,7541.0
SAL-Ei-LM,bom_deep_7_3_15_5_No1_p40_ao81_am15_1_m12_ao81_am12_4,81,6,SATISFIED,1.0235,74438262.0,7454.0
SAL-Ei-LM,bom_deep_7_3_15_5_No1_p40_ao81_am15_1_m12_ao81_am12_4,81,7,SATISFIED,1.0241,87401850.0,7307.0
SAL-Ei-LM,bom_deep_7_3_15_5_No1_p40_ao81_am15_1_m12_ao81_am12_4,81,8,SATISFIED,1.0254,84390852.0,5612.0
SAL-Ei-LM,bom_deep_7_3_15_5_No1_p40_ao81_am15_1_m12_ao81_am12_4,81,9,SATISFIED,1.0244,97045120.0,4038.0
SAL-Ei-LM,bom_deep_7_3_15_5_No1_p40_ao81_am15_1_m12_ao81_am12_4,81,10,SATISFIED,1.0237,78997260.0,5598.0
SAL-Ei-LM,bom_deep_7_3_15_5_No1_p40_ao81_am15_1_m12_ao81_am12_5,81,1,SATISFIED,1.0207,34056685.0,7826.0
SAL-Ei-LM,bom_deep_7_3_15_5_No1_p40_ao81_am15_1_m12_ao81_am12_5,81,2,SATISFIED,1.021,36623775.0,7719.0
SAL-Ei-LM,bom_deep_7_3_15_5_No1_p40_ao81_am15_1_m12_ao81_am12_5,81,3,SATISFIED,1.022,35733670.0,7935.0
SAL-Ei-LM,bom_deep_7_3_15_5_No1_p40_ao81_am15_1_m12_ao81_am12_5,81,4,SATISFIED,1.0241,38054009.0,4058.0
SAL-Ei-LM,bom_deep_7_3_15_5_No1_p40_ao81_am15_1_m12_ao81_am12_5,81,5,SATISFIED,1.0233,40458780.0,4190.0
SAL-Ei-LM,bom_deep_7_3_15_5_No1_p40_ao81_am15_1_m12_ao81_am12_5,81,6,SATISFIED,1.0249,43674462.0,4320.0
SAL-Ei-LM,bom_deep_7_3_15_5_No1_p40_ao81_am15_1_m12_ao81_am12_5,81,7,SATISFIED,1.0234,35645850.0,6966.0
SAL-Ei-LM,bom_deep_7_3_15_5_No1_p40_ao81_am15_1_m12_ao81_am12_5,81,8,SATISFIED,1.024,40349520.0,7853.0
SAL-Ei-LM,bom_deep_7_3_15_5_No1_p40_ao81_am15_1_m12_ao81_am12_5,81,9,SATISFIED,1.0235,34717450.0,7961.0
SAL-Ei-LM,bom_deep_7_3_15_5_No1_p40_ao81_am15_1_m12_ao81_am12_5,81,10,SATISFIED,1.0233,35939520.0,8044.0
SAL-Ei-LM,bom_deep_7_3_15_5_No1_p40_ao81_am15_1_m35_ao81_am32_1,81,1,SATISFIED,1.0209,73702565.0,6494.0
SAL-Ei-LM,bom_deep_7_3_15_5_No1_p40_ao81_am15_1_m35_ao81_am32_1,81,2,SATISFIED,1.0223,53179149.0,6780.0
SAL-Ei-LM,bom_deep_7_3_15_5_No1_p40_ao81_am15_1_m35_ao81_am32_1,81,3,SATISFIED,1.023,56075657.0,6687.0
SAL-Ei-LM,bom_deep_7_3_15_5_No1_p40_ao81_am15_1_m35_ao81_am32_1,81,4,SATISFIED,1.0388,59953212.0,3315.0
SAL-Ei-LM,bom_deep_7_3_15_5_No1_p40_ao81_am15_1_m35_ao81_am32_1,81,5,SATISFIED,1.0261,56575932.0,3378.0
SAL-Ei-LM,bom_deep_7_3_15_5_No1_p40_ao81_am15_1_m35_ao81_am32_1,81,6,SATISFIED,1.0232,52277336.0,4421.0
SAL-Ei-LM,bom_deep_7_3_15_5_No1_p40_ao81_am15_1_m35_ao81_am32_1,81,7,SATISFIED,1.0222,52261730.0,6282.0
SAL-Ei-LM,bom_deep_7_3_15_5_No1_p40_ao81_am15_1_m35_ao81_am32_1,81,8,SATISFIED,1.0211,74806719.0,6429.0
SAL-Ei-LM,bom_deep_7_3_15_5_No1_p40_ao81_am15_1_m35_ao81_am32_1,81,9,SATISFIED,1.0209,49540462.0,6418.0
SAL-Ei-LM,bom_deep_7_3_15_5_No1_p40_ao81_am15_1_m35_ao81_am32_1,81,10,SATISFIED,1.0205,57323192.0,6434.0
SAL-Ei-LM,bom_deep_7_3_15_5_No1_p40_ao81_am15_1_m35_ao81_am32_4,81,1,SATISFIED,1.024,37176095.0,6538.0
SAL-Ei-LM,bom_deep_7_3_15_5_No1_p40_ao81_am15_1_m35_ao81_am32_4,81,2,SATISFIED,1.0218,39480502.0,6465.0
SAL-Ei-LM,bom_deep_7_3_15_5_No1_p40_ao81_am15_1_m35_ao81_am32_4,81,3,SATISFIED,1.0336,41667594.0,3173.0
SAL-Ei-LM,bom_deep_7_3_15_5_No1_p40_ao81_am15_1_m35_ao81_am32_4,81,4,SATISFIED,1.0293,36865246.0,3405.0
SAL-Ei-LM,bom_deep_7_3_15_5_No1_p40_ao81_am15_1_m35_ao81_am32_4,81,5,SATISFIED,1.0314,35504544.0,3349.0
SAL-Ei-LM,bom_deep_7_3_15_5_No1_p40_ao81_am15_1_m35_ao81_am32_4,81,6,SATISFIED,1.0257,34825162.0,3511.0
SAL-Ei-LM,bom_deep_7_3_15_5_No1_p40_ao81_am15_1_m35_ao81_am32_4,81,7,SATISFIED,1.0257,35699489.0,3737.0
SAL-Ei-LM,bom_deep_7_3_15_5_No1_p40_ao81_am15_1_m35_ao81_am32_4,81,8,SATISFIED,1.0245,40732535.0,5871.0
SAL-Ei-LM,bom_deep_7_3_15_5_No1_p40_ao81_am15_1_m35_ao81_am32_4,81,9,SATISFIED,1.028,37836373.0,3387.0
SAL-Ei-LM,bom_deep_7_3_15_5_No1_p40_ao81_am15_1_m35_ao81_am32_4,81,10,SATISFIED,1.03,35975405.0,3423.0
SAL-Ei-LM,bom_deep_7_3_15_5_No1_p40_ao81_am15_1_m35_ao81_am33_2,81,1,SATISFIED,1.0265,40740278.0,4581.0
SAL-Ei-LM,bom_deep_7_3_15_5_No1_p40_ao81_am15_1_m35_ao81_am33_2,81,2,SATISFIED,1.0254,44571123.0,5075.0
SAL-Ei-LM,bom_deep_7_3_15_5_No1_p40_ao81_am15_1_m35_ao81_am33_2,81,3,SATISFIED,1.0263,42078349.0,3463.0
SAL-Ei-LM,bom_deep_7_3_15_5_No1_p40_ao81_am15_1_m35_ao81_am33_2,81,4,SATISFIED,1.0257,39167905.0,3410.0
SAL-Ei-LM,bom_deep_7_3_15_5_No1_p40_ao81_am15_1_m35_ao81_am33_2,81,5,SATISFIED,1.0232,42936715.0,3411.0
SAL-Ei-LM,bom_deep_7_3_15_5_No1_p40_ao81_am15_1_m35_ao81_am33_2,81,6,SATISFIED,1.0219,45253646.0,3396.0
SAL-Ei-LM,bom_deep_7_3_15_5_No1_p40_ao81_am15_1_m35_ao81_am33_2,81,7,SATISFIED,1.0196,41319795.0,3647.0
SAL-Ei-LM,bom_deep_7_3_15_5_No1_p40_ao81_am15_1_m35_ao81_am33_2,81,8,SATISFIED,1.0205,37469456.0,6003.0
SAL-Ei-LM,bom_deep_7_3_15_5_No1_p40_ao81_am15_1_m35_ao81_am33_2,81,9,SATISFIED,1.0191,38521865.0,6461.0
SAL-Ei-LM,bom_deep_7_3_15_5_No1_p40_ao81_am15_1_m35_ao81_am33_2,81,10,SATISFIED,1.0232,40864003.0,3469.0
SAL-Ei-LM,bom_deep_7_3_15_5_No1_p40_ao81_am15_1_m35_ao81_am33_3,81,1,SATISFIED,1.0221,65527334.0,3732.0
SAL-Ei-LM,bom_deep_7_3_15_5_No1_p40_ao81_am15_1_m35_ao81_am33_3,81,2,SATISFIED,1.0198,77664150.0,6123.0
SAL-Ei-LM,bom_deep_7_3_15_5_No1_p40_ao81_am15_1_m35_ao81_am33_3,81,3,SATISFIED,1.0205,68655977.0,6588.0
SAL-Ei-LM,bom_deep_7_3_15_5_No1_p40_ao81_am15_1_m35_ao81_am33_3,81,4,SATISFIED,1.0206,68213430.0,6572.0
SAL-Ei-LM,bom_deep_7_3_15_5_No1_p40_ao81_am15_1_m35_ao81_am33_3,81,5,SATISFIED,1.0207,60556002.0,6573.0
SAL-Ei-LM,bom_deep_7_3_15_5_No1_p40_ao81_am15_1_m35_ao81_am33_3,81,6,SATISFIED,1.0177,57625673.0,6577.0
SAL-Ei-LM,bom_deep_7_3_15_5_No1_p40_ao81_am15_1_m35_ao81_am33_3,81,7,SATISFIED,1.0176,69821766.0,6652.0
SAL-Ei-LM,bom_deep_7_3_15_5_No1_p40_ao81_am15_1_m35_ao81_am33_3,81,8,SATISFIED,1.0189,58715804.0,6515.0
SAL-Ei-LM,bom_deep_7_3_15_5_No1_p40_ao81_am15_1_m35_ao81_am33_3,81,9,SATISFIED,1.0231,61839402.0,3452.0
SAL-Ei-LM,bom_deep_7_3_15_5_No1_p40_ao81_am15_1_m35_ao81_am33_3,81,10,SATISFIED,1.0218,66040350.0,3814.0
SAL-Ei-LM,bom_deep_7_3_15_5_No1_p40_ao81_am15_1_m35_ao81_am34_5,81,1,SATISFIED,1.0235,82101420.0,5770.0
SAL-Ei-LM,bom_deep_7_3_15_5_No1_p40_ao81_am15_1_m35_ao81_am34_5,81,2,SATISFIED,1.02,80422388.0,6448.0
SAL-Ei-LM,bom_deep_7_3_15_5_No1_p40_ao81_am15_1_m35_ao81_am34_5,81,3,SATISFIED,1.0196,80565638.0,6451.0
SAL-Ei-LM,bom_deep_7_3_15_5_No1_p40_ao81_am15_1_m35_ao81_am34_5,81,4,SATISFIED,1.0249,79089011.0,3340.0
SAL-Ei-LM,bom_deep_7_3_15_5_No1_p40_ao81_am15_1_m35_ao81_am34_5,81,5,SATISFIED,1.0243,80904493.0,3268.0
SAL-Ei-LM,bom_deep_7_3_15_5_No1_p40_ao81_am15_1_m35_ao81_am34_5,81,6,SATISFIED,1.0221,104842659.0,3794.0
SAL-Ei-LM,bom_deep_7_3_15_5_No1_p40_ao81_am15_1_m35_ao81_am34_5,81,7,SATISFIED,1.0196,82248744.0,6247.0
SAL-Ei-LM,bom_deep_7_3_15_5_No1_p40_ao81_am15_1_m35_ao81_am34_5,81,8,SATISFIED,1.0196,85364228.0,6633.0
SAL-Ei-LM,bom_deep_7_3_15_5_No1_p40_ao81_am15_1_m35_ao81_am34_5,81,9,SATISFIED,1.0188,87857544.0,6628.0
SAL-Ei-LM,bom_deep_7_3_15_5_No1_p40_ao81_am15_1_m35_ao81_am34_5,81,10,SATISFIED,1.021,81258956.0,6584.0
SAL-Ei-LM,bom_deep_7_3_15_5_No1_p40_ao81_am15_2,81,1,SATISFIED,1.023,139925200.0,7615.0
SAL-Ei-LM,bom_deep_7_3_15_5_No1_p40_ao81_am15_2,81,2,SATISFIED,1.019,134241230.0,7468.0
SAL-Ei-LM,bom_deep_7_3_15_5_No1_p40_ao81_am15_2,81,3,SATISFIED,1.0211,134988825.0,4535.0
SAL-Ei-LM,bom_deep_7_3_15_5_No1_p40_ao81_am15_2,81,4,SATISFIED,1.0226,134495670.0,3879.0
SAL-Ei-LM,bom_deep_7_3_15_5_No1_p40_ao81_am15_2,81,5,SATISFIED,1.0242,134811033.0,4398.0
SAL-Ei-LM,bom_deep_7_3_15_5_No1_p40_ao81_am15_2,81,6,SATISFIED,1.0222,133859011.0,7147.0
SAL-Ei-LM,bom_deep_7_3_15_5_No1_p40_ao81_am15_2,81,7,SATISFIED,1.0223,138817306.0,7622.0
SAL-Ei-LM,bom_deep_7_3_15_5_No1_p40_ao81_am15_2,81,8,SATISFIED,1.0219,131684079.0,7663.0
SAL-Ei-LM,bom_deep_7_3_15_5_No1_p40_ao81_am15_2,81,9,SATISFIED,1.0201,140973340.0,7626.0
SAL-Ei-LM,bom_deep_7_3_15_5_No1_p40_ao81_am15_2,81,10,SATISFIED,1.0217,131025592.0,7183.0
SAL-Ei-LM,bom_deep_7_3_15_5_No1_p40_ao81_am15_2_m12_ao81_am12_1,81,1,SATISFIED,1.0198,159710285.0,8148.0
SAL-Ei-LM,bom_deep_7_3_15_5_No1_p40_ao81_am15_2_m12_ao81_am12_1,81,2,SATISFIED,1.0213,171733065.0,8147.0
SAL-Ei-LM,bom_deep_7_3_15_5_No1_p40_ao81_am15_2_m12_ao81_am12_1,81,3,SATISFIED,1.0216,173743649.0,8176.0
SAL-Ei-LM,bom_deep_7_3_15_5_No1_p40_ao81_am15_2_m12_ao81_am12_1,81,4,SATISFIED,1.0216,157122240.0,8112.0
SAL-Ei-LM,bom_deep_7_3_15_5_No1_p40_ao81_am15_2_m12_ao81_am12_1,81,5,SATISFIED,1.0229,167492203.0,8143.0
SAL-Ei-LM,bom_deep_7_3_15_5_No1_p40_ao81_am15_2_m12_ao81_am12_1,81,6,SATISFIED,1.022,186885456.0,8135.0
SAL-Ei-LM,bom_deep_7_3_15_5_No1_p40_ao81_am15_2_m12_ao81_am12_1,81,7,SATISFIED,1.0192,162772123.0,7859.0
SAL-Ei-LM,bom_deep_7_3_15_5_No1_p40_ao81_am15_2_m12_ao81_am12_1,81,8,SATISFIED,1.0207,157275635.0,7981.0
SAL-Ei-LM,bom_deep_7_3_15_5_No1_p40_ao81_am15_2_m12_ao81_am12_1,81,9,SATISFIED,1.0214,194691356.0,7876.0
SAL-Ei-LM,bom_deep_7_3_15_5_No1_p40_ao81_am15_2_m12_ao81_am12_1,81,10,SATISFIED,1.0208,157984965.0,7842.0
SAL-Ei-LM,bom_deep_7_3_15_5_No1_p40_ao81_am15_2_m12_ao81_am12_2,81,1,SATISFIED,1.0222,110579426.0,7383.0
SAL-Ei-LM,bom_deep_7_3_15_5_No1_p40_ao81_am15_2_m12_ao81_am12_2,81,2,SATISFIED,1.0221,113442998.0,7307.0
SAL-Ei-LM,bom_deep_7_3_15_5_No1_p40_ao81_am15_2_m12_ao81_am12_2,81,3,SATISFIED,1.0227,119346144.0,7508.0
SAL-Ei-LM,bom_deep_7_3_15_5_No1_p40_ao81_am15_2_m12_ao81_am12_2,81,4,SATISFIED,1.0214,124998560.0,7522.0
SAL-Ei-LM,bom_deep_7_3_15_5_No1_p40_ao81_am15_2_m12_ao81_am12_2,81,5,SATISFIED,1.0191,107799050.0,7501.0
SAL-Ei-LM,bom_deep_7_3_15_5_No1_p40_ao81_am15_2_m12_ao81_am12_2,81,6,SATISFIED,1.0196,133220075.0,7505.0
SAL-Ei-LM,bom_deep_7_3_15_5_No1_p40_ao81_am15_2_m12_ao81_am12_2,81,7,SATISFIED,1.0202,109584098.0,7238.0
SAL-Ei-LM,bom_deep_7_3_15_5_No1_p40_ao81_am15_2_m12_ao81_am12_2,81,8,SATISFIED,1.0218,127267130.0,7523.0
SAL-Ei-LM,bom_deep_7_3_15_5_No1_p40_ao81_am15_2_m12_ao81_am12_2,81,9,SATISFIED,1.0205,121692642.0,7558.0
SAL-Ei-LM,bom_deep_7_3_15_5_No1_p40_ao81_am15_2_m12_ao81_am12_2,81,10,SATISFIED,1.0228,122462387.0,7414.0
SAL-Ei-LM,bom_deep_7_3_15_5_No1_p40_ao81_am15_2_m12_ao81_am12_3,81,1,SATISFIED,1.0231,334803603.0,7172.0
SAL-Ei-LM,bom_deep_7_3_15_5_No1_p40_ao81_am15_2_m12_ao81_am12_3,81,2,SATISFIED,1.021,301632008.0,7391.0
SAL-Ei-LM,bom_deep_7_3_15_5_No1_p40_ao81_am15_2_m12_ao81_am12_3,81,3,SATISFIED,1.0209,308140247.0,7384.0
SAL-Ei-LM,bom_deep_7_3_15_5_No1_p40_ao81_am15_2_m12_ao81_am12_3,81,4,SATISFIED,1.0263,309887061.0,3772.0
SAL-Ei-LM,bom_deep_7_3_15_5_No1_p40_ao81_am15_2_m12_ao81_am12_3,81,5,SATISFIED,1.0241,304062729.0,3910.0
SAL-Ei-LM,bom_deep_7_3_15_5_No1_p40_ao81_am15_2_m12_ao81_am12_3,81,6,SATISFIED,1.0212,314584188.0,5209.0
SAL-Ei-LM,bom_deep_7_3_15_5_No1_p40_ao81_am15_2_m12_ao81_am12_3,81,7,SATISFIED,1.0212,323240637.0,7719.0
SAL-Ei-LM,bom_deep_7_3_15_5_No1_p40_ao81_am15_2_m12_ao81_am12_3,81,8,SATISFIED,1.0176,325570184.0,7712.0
SAL-Ei-LM,bom_deep_7_3_15_5_No1_p40_ao81_am15_2_m12_ao81_am12_3,81,9,SATISFIED,1.019,306348674.0,3892.0
SAL-Ei-LM,bom_deep_7_3_15_5_No1_p40_ao81_am15_2_m12_ao81_am12_3,81,10,SATISFIED,1.0181,294686235.0,4438.0
SAL-Ei-LM,bom_deep_7_3_15_5_No1_p40_ao81_am15_2_m12_ao81_am12_4,81,1,SATISFIED,1.0187,195975880.0,7489.0
SAL-Ei-LM,bom_deep_7_3_15_5_No1_p40_ao81_am15_2_m12_ao81_am12_4,81,2,SATISFIED,1.0108,195971235.0,7947.0
SAL-Ei-LM,bom_deep_7_3_15_5_No1_p40_ao81_am15_2_m12_ao81_am12_4,81,3,SATISFIED,1.0109,195918900.0,7860.0
SAL-Ei-LM,bom_deep_7_3_15_5_No1_p40_ao81_am15_2_m12_ao81_am12_4,81,4,SATISFIED,1.0114,196038065.0,7885.0
SAL-Ei-LM,bom_deep_7_3_15_5_No1_p40_ao81_am15_2_m12_ao81_am12_4,81,5,SATISFIED,1.0119,196187150.0,7821.0
SAL-Ei-LM,bom_deep_7_3_15_5_No1_p40_ao81_am15_2_m12_ao81_am12_4,81,6,SATISFIED,1.0114,196198920.0,8023.0
SAL-Ei-LM,bom_deep_7_3_15_5_No1_p40_ao81_am15_2_m12_ao81_am12_4,81,7,SATISFIED,1.0114,195967545.0,7893.0
SAL-Ei-LM,bom_deep_7_3_15_5_No1_p40_ao81_am15_2_m12_ao81_am12_4,81,8,SATISFIED,1.0118,196228820.0,7921.0
SAL-Ei-LM,bom_deep_7_3_15_5_No1_p40_ao81_am15_2_m12_ao81_am12_4,81,9,SATISFIED,1.0106,195752705.0,7794.0
SAL-Ei-LM,bom_deep_7_3_15_5_No1_p40_ao81_am15_2_m12_ao81_am12_4,81,10,SATISFIED,1.0104,195931110.0,7841.0
SAL-Ei-LM,bom_deep_7_3_15_5_No1_p40_ao81_am15_2_m12_ao81_am12_5,81,1,SATISFIED,1.0119,207021791.0,7595.0
SAL-Ei-LM,bom_deep_7_3_15_5_No1_p40_ao81_am15_2_m12_ao81_am12_5,81,2,SATISFIED,1.0119,207021822.0,7653.0
SAL-Ei-LM,bom_deep_7_3_15_5_No1_p40_ao81_am15_2_m12_ao81_am12_5,81,3,SATISFIED,1.0117,201572183.0,7649.0
SAL-Ei-LM,bom_deep_7_3_15_5_No1_p40_ao81_am15_2_m12_ao81_am12_5,81,4,SATISFIED,1.0121,207019454.0,7516.0
SAL-Ei-LM,bom_deep_7_3_15_5_No1_p40_ao81_am15_2_m12_ao81_am12_5,81,5,SATISFIED,1.0207,206492712.0,7508.0
SAL-Ei-LM,bom_deep_7_3_15_5_No1_p40_ao81_am15_2_m12_ao81_am12_5,81,6,SATISFIED,1.0229,207030404.0,8001.0
SAL-Ei-LM,bom_deep_7_3_15_5_No1_p40_ao81_am15_2_m12_ao81_am12_5,81,7,SATISFIED,1.0223,201121885.0,7925.0
SAL-Ei-LM,bom_deep_7_3_15_5_No1_p40_ao81_am15_2_m12_ao81_am12_5,81,8,SATISFIED,1.0218,207013437.0,7982.0
SAL-Ei-LM,bom_deep_7_3_15_5_No1_p40_ao81_am15_2_m12_ao81_am12_5,81,9,SATISFIED,1.0207,207034096.0,7970.0
SAL-Ei-LM,bom_deep_7_3_15_5_No1_p40_ao81_am15_2_m12_ao81_am12_5,81,10,SATISFIED,1.0211,204420302.0,7991.0
SAL-Ei-LM,bom_deep_7_3_15_5_No1_p40_ao81_am15_2_m35_ao81_am31_5,81,1,SATISFIED,1.0243,165397501.0,6481.0
SAL-Ei-LM,bom_deep_7_3_15_5_No1_p40_ao81_am15_2_m35_ao81_am31_5,81,2,SATISFIED,1.0213,161610604.0,6357.0
SAL-Ei-LM,bom_deep_7_3_15_5_No1_p40_ao81_am15_2_m35_ao81_am31_5,81,3,SATISFIED,1.0244,194167627.0,6323.0
SAL-Ei-LM,bom_deep_7_3_15_5_No1_p40_ao81_am15_2_m35_ao81_am31_5,81,4,SATISFIED,1.0229,173900398.0,6348.0
SAL-Ei-LM,bom_deep_7_3_15_5_No1_p40_ao81_am15_2_m35_ao81_am31_5,81,5,SATISFIED,1.0222,209370747.0,6325.0
SAL-Ei-LM,bom_deep_7_3_15_5_No1_p40_ao81_am15_2_m35_ao81_am31_5,81,6,SATISFIED,1.0229,144646398.0,6283.0
SAL-Ei-LM,bom_deep_7_3_15_5_No1_p40_ao81_am15_2_m35_ao81_am31_5,81,7,SATISFIED,1.0239,196391459.0,6374.0
SAL-Ei-LM,bom_deep_7_3_15_5_No1_p40_ao81_am15_2_m35_ao81_am31_5,81,8,SATISFIED,1.0212,167022031.0,6401.0
SAL-Ei-LM,bom_deep_7_3_15_5_No1_p40_ao81_am15_2_m35_ao81_am31_5,81,9,SATISFIED,1.0181,171411353.0,6430.0
SAL-Ei-LM,bom_deep_7_3_15_5_No1_p40_ao81_am15_2_m35_ao81_am31_5,81,10,SATISFIED,1.0188,182213456.0,6467.0
SAL-Ei-LM,bom_deep_7_3_15_5_No1_p40_ao81_am15_2_m35_ao81_am33_1,81,1,SATISFIED,1.0197,121637260.0,6683.0
SAL-Ei-LM,bom_deep_7_3_15_5_No1_p40_ao81_am15_2_m35_ao81_am33_1,81,2,SATISFIED,1.0182,101530055.0,6722.0
SAL-Ei-LM,bom_deep_7_3_15_5_No1_p40_ao81_am15_2_m35_ao81_am33_1,81,3,SATISFIED,1.0197,100120712.0,6547.0
SAL-Ei-LM,bom_deep_7_3_15_5_No1_p40_ao81_am15_2_m35_ao81_am33_1,81,4,SATISFIED,1.0194,116005576.0,6475.0
SAL-Ei-LM,bom_deep_7_3_15_5_No1_p40_ao81_am15_2_m35_ao81_am33_1,81,5,SATISFIED,1.0179,98898217.0,6587.0
SAL-Ei-LM,bom_deep_7_3_15_5_No1_p40_ao81_am15_2_m35_ao81_am33_1,81,6,SATISFIED,1.0185,101823970.0,6757.0
SAL-Ei-LM,bom_deep_7_3_15_5_No1_p40_ao81_am15_2_m35_ao81_am33_1,81,7,SATISFIED,1.0187,103745987.0,6603.0
SAL-Ei-LM,bom_deep_7_3_15_5_No1_p40_ao81_am15_2_m35_ao81_am33_1,81,8,SATISFIED,1.0179,128808964.0,6552.0
SAL-Ei-LM,bom_deep_7_3_15_5_No1_p40_ao81_am15_2_m35_ao81_am33_1,81,9,SATISFIED,1.019,99084138.0,6518.0
SAL-Ei-LM,bom_deep_7_3_15_5_No1_p40_ao81_am15_2_m35_ao81_am33_1,81,10,SATISFIED,1.0193,123013100.0,6823.0
SAL-Ei-LM,bom_deep_7_3_15_5_No1_p40_ao81_am15_2_m35_ao81_am33_3,81,1,SATISFIED,1.0217,151623525.0,6291.0
SAL-Ei-LM,bom_deep_7_3_15_5_No1_p40_ao81_am15_2_m35_ao81_am33_3,81,2,SATISFIED,1.0189,193312781.0,6410.0
SAL-Ei-LM,bom_deep_7_3_15_5_No1_p40_ao81_am15_2_m35_ao81_am33_3,81,3,SATISFIED,1.0185,145891651.0,6498.0
SAL-Ei-LM,bom_deep_7_3_15_5_No1_p40_ao81_am15_2_m35_ao81_am33_3,81,4,SATISFIED,1.0174,160487000.0,6528.0
SAL-Ei-LM,bom_deep_7_3_15_5_No1_p40_ao81_am15_2_m35_ao81_am33_3,81,5,SATISFIED,1.0188,168648495.0,6714.0
SAL-Ei-LM,bom_deep_7_3_15_5_No1_p40_ao81_am15_2_m35_ao81_am33_3,81,6,SATISFIED,1.0186,164595110.0,6743.0
SAL-Ei-LM,bom_deep_7_3_15_5_No1_p40_ao81_am15_2_m35_ao81_am33_3,81,7,SATISFIED,1.0189,158674240.0,6723.0
SAL-Ei-LM,bom_deep_7_3_15_5_No1_p40_ao81_am15_2_m35_ao81_am33_3,81,8,SATISFIED,1.0206,178342927.0,4659.0
SAL-Ei-LM,bom_deep_7_3_15_5_No1_p40_ao81_am15_2_m35_ao81_am33_3,81,9,SATISFIED,1.0266,175248106.0,3404.0
SAL-Ei-LM,bom_deep_7_3_15_5_No1_p40_ao81_am15_2_m35_ao81_am33_3,81,10,SATISFIED,1.0258,151991111.0,3699.0
SAL-Ei-LM,bom_deep_7_3_15_5_No1_p40_ao81_am15_2_m35_ao81_am34_2,81,1,SATISFIED,1.0242,62267203.0,5999.0
SAL-Ei-LM,bom_deep_7_3_15_5_No1_p40_ao81_am15_2_m35_ao81_am34_2,81,2,SATISFIED,1.0208,65471688.0,6534.0
SAL-Ei-LM,bom_deep_7_3_15_5_No1_p40_ao81_am15_2_m35_ao81_am34_2,81,3,SATISFIED,1.0244,69501980.0,3210.0
SAL-Ei-LM,bom_deep_7_3_15_5_No1_p40_ao81_am15_2_m35_ao81_am34_2,81,4,SATISFIED,1.0243,74701914.0,3778.0
SAL-Ei-LM,bom_deep_7_3_15_5_No1_p40_ao81_am15_2_m35_ao81_am34_2,81,5,SATISFIED,1.0262,74755610.0,5651.0
SAL-Ei-LM,bom_deep_7_3_15_5_No1_p40_ao81_am15_2_m35_ao81_am34_2,81,6,SATISFIED,1.0249,68038254.0,3480.0
SAL-Ei-LM,bom_deep_7_3_15_5_No1_p40_ao81_am15_2_m35_ao81_am34_2,81,7,SATISFIED,1.0227,63065705.0,3640.0
SAL-Ei-LM,bom_deep_7_3_15_5_No1_p40_ao81_am15_2_m35_ao81_am34_2,81,8,SATISFIED,1.0245,76708389.0,3494.0
SAL-Ei-LM,bom_deep_7_3_15_5_No1_p40_ao81_am15_2_m35_ao81_am34_2,81,9,SATISFIED,1.0234,69041779.0,3498.0
SAL-Ei-LM,bom_deep_7_3_15_5_No1_p40_ao81_am15_2_m35_ao81_am34_2,81,10,SATISFIED,1.0239,82732465.0,3525.0
SAL-Ei-LM,bom_deep_7_3_15_5_No1_p40_ao81_am15_2_m35_ao81_am34_4,81,1,SATISFIED,1.0204,114402902.0,3835.0
SAL-Ei-LM,bom_deep_7_3_15_5_No1_p40_ao81_am15_2_m35_ao81_am34_4,81,2,SATISFIED,1.0216,90202128.0,6175.0
SAL-Ei-LM,bom_deep_7_3_15_5_No1_p40_ao81_am15_2_m35_ao81_am34_4,81,3,SATISFIED,1.0247,112771290.0,3442.0
SAL-Ei-LM,bom_deep_7_3_15_5_No1_p40_ao81_am15_2_m35_ao81_am34_4,81,4,SATISFIED,1.021,104828252.0,3363.0
SAL-Ei-LM,bom_deep_7_3_15_5_No1_p40_ao81_am15_2_m35_ao81_am34_4,81,5,SATISFIED,1.029,93370213.0,3327.0
SAL-Ei-LM,bom_deep_7_3_15_5_No1_p40_ao81_am15_2_m35_ao81_am34_4,81,6,SATISFIED,1.0274,115391733.0,3350.0
SAL-Ei-LM,bom_deep_7_3_15_5_No1_p40_ao81_am15_2_m35_ao81_am34_4,81,7,SATISFIED,1.0259,94848240.0,4002.0
SAL-Ei-LM,bom_deep_7_3_15_5_No1_p40_ao81_am15_2_m35_ao81_am34_4,81,8,SATISFIED,1.0246,125860442.0,3395.0
SAL-Ei-LM,bom_deep_7_3_15_5_No1_p40_ao81_am15_2_m35_ao81_am34_4,81,9,SATISFIED,1.0257,99300393.0,3849.0
SAL-Ei-LM,bom_deep_7_3_15_5_No1_p40_ao81_am15_2_m35_ao81_am34_4,81,10,SATISFIED,1.0235,93223220.0,6264.0
SAL-Ei-LM,bom_deep_7_3_15_5_No1_p40_ao81_am15_3,81,1,SATISFIED,1.021,74801678.0,7116.0
SAL-Ei-LM,bom_deep_7_3_15_5_No1_p40_ao81_am15_3,81,2,SATISFIED,1.0224,78139366.0,7219.0
SAL-Ei-LM,bom_deep_7_3_15_5_No1_p40_ao81_am15_3,81,3,SATISFIED,1.0223,79050166.0,7210.0
SAL-Ei-LM,bom_deep_7_3_15_5_No1_p40_ao81_am15_3,81,4,SATISFIED,1.0214,80053250.0,6756.0
SAL-Ei-LM,bom_deep_7_3_15_5_No1_p40_ao81_am15_3,81,5,SATISFIED,1.0232,79296006.0,3908.0
SAL-Ei-LM,bom_deep_7_3_15_5_No1_p40_ao81_am15_3,81,6,SATISFIED,1.0237,80138354.0,4523.0
SAL-Ei-LM,bom_deep_7_3_15_5_No1_p40_ao81_am15_3,81,7,SATISFIED,1.0239,81653671.0,7249.0
SAL-Ei-LM,bom_deep_7_3_15_5_No1_p40_ao81_am15_3,81,8,SATISFIED,1.0206,78554105.0,7196.0
SAL-Ei-LM,bom_deep_7_3_15_5_No1_p40_ao81_am15_3,81,9,SATISFIED,1.0219,77646740.0,7206.0
SAL-Ei-LM,bom_deep_7_3_15_5_No1_p40_ao81_am15_3,81,10,SATISFIED,1.0222,79062480.0,7255.0
SAL-Ei-LM,bom_deep_7_3_15_5_No1_p40_ao81_am15_3_m12_ao81_am12_1,81,1,SATISFIED,1.024,164184743.0,6130.0
SAL-Ei-LM,bom_deep_7_3_15_5_No1_p40_ao81_am15_3_m12_ao81_am12_1,81,2,SATISFIED,1.0248,159068892.0,4150.0
SAL-Ei-LM,bom_deep_7_3_15_5_No1_p40_ao81_am15_3_m12_ao81_am12_1,81,3,SATISFIED,1.0244,152835623.0,4289.0
SAL-Ei-LM,bom_deep_7_3_15_5_No1_p40_ao81_am15_3_m12_ao81_am12_1,81,4,SATISFIED,1.0248,150210717.0,4452.0
SAL-Ei-LM,bom_deep_7_3_15_5_No1_p40_ao81_am15_3_m12_ao81_am12_1,81,5,SATISFIED,1.0215,170427225.0,6957.0
SAL-Ei-LM,bom_deep_7_3_15_5_No1_p40_ao81_am15_3_m12_ao81_am12_1,81,6,SATISFIED,1.0204,172917343.0,8099.0
SAL-Ei-LM,bom_deep_7_3_15_5_No1_p40_ao81_am15_3_m12_ao81_am12_1,81,7,SATISFIED,1.0205,155982061.0,8141.0
SAL-Ei-LM,bom_deep_7_3_15_5_No1_p40_ao81_am15_3_m12_ao81_am12_1,81,8,SATISFIED,1.0201,152945720.0,8031.0
SAL-Ei-LM,bom_deep_7_3_15_5_No1_p40_ao81_am15_3_m12_ao81_am12_1,81,9,SATISFIED,1.0229,160473854.0,8128.0
SAL-Ei-LM,bom_deep_7_3_15_5_No1_p40_ao81_am15_3_m12_ao81_am12_1,81,10,SATISFIED,1.0236,158248726.0,4112.0
SAL-Ei-LM,bom_deep_7_3_15_5_No1_p40_ao81_am15_3_m12_ao81_am12_2,81,1,SATISFIED,1.0255,206471264.0,3938.0
SAL-Ei-LM,bom_deep_7_3_15_5_No1_p40_ao81_am15_3_m12_ao81_am12_2,81,2,SATISFIED,1.0264,198713670.0,3977.0
SAL-Ei-LM,bom_deep_7_3_15_5_No1_p40_ao81_am15_3_m12_ao81_am12_2,81,3,SATISFIED,1.026,186057332.0,3830.0
SAL-Ei-LM,bom_deep_7_3_15_5_No1_p40_ao81_am15_3_m12_ao81_am12_2,81,4,SATISFIED,1.0249,199409045.0,3954.0
SAL-Ei-LM,bom_deep_7_3_15_5_No1_p40_ao81_am15_3_m12_ao81_am12_2,81,5,SATISFIED,1.0243,173311956.0,3851.0
SAL-Ei-LM,bom_deep_7_3_15_5_No1_p40_ao81_am15_3_m12_ao81_am12_2,81,6,SATISFIED,1.0243,180218400.0,4971.0
SAL-Ei-LM,bom_deep_7_3_15_5_No1_p40_ao81_am15_3_m12_ao81_am12_2,81,7,SATISFIED,1.0234,184803412.0,7523.0
SAL-Ei-LM,bom_deep_7_3_15_5_No1_p40_ao81_am15_3_m12_ao81_am12_2,81,8,SATISFIED,1.0229,192559646.0,7410.0
SAL-Ei-LM,bom_deep_7_3_15_5_No1_p40_ao81_am15_3_m12_ao81_am12_2,81,9,SATISFIED,1.0235,201903005.0,7413.0
SAL-Ei-LM,bom_deep_7_3_15_5_No1_p40_ao81_am15_3_m12_ao81_am12_2,81,10,SATISFIED,1.023,186664773.0,7342.0
SAL-Ei-LM,bom_deep_7_3_15_5_No1_p40_ao81_am15_3_m12_ao81_am12_3,81,1,SATISFIED,1.0229,140709831.0,8055.0
SAL-Ei-LM,bom_deep_7_3_15_5_No1_p40_ao81_am15_3_m12_ao81_am12_3,81,2,SATISFIED,1.0251,136768265.0,8082.0
SAL-Ei-LM,bom_deep_7_3_15_5_No1_p40_ao81_am15_3_m12_ao81_am12_3,81,3,SATISFIED,1.0253,133264718.0,8052.0
SAL-Ei-LM,bom_deep_7_3_15_5_No1_p40_ao81_am15_3_m12_ao81_am12_3,81,4,SATISFIED,1.0206,143261300.0,8068.0
SAL-Ei-LM,bom_deep_7_3_15_5_No1_p40_ao81_am15_3_m12_ao81_am12_3,81,5,SATISFIED,1.0212,140477236.0,8006.0
SAL-Ei-LM,bom_deep_7_3_15_5_No1_p40_ao81_am15_3_m12_ao81_am12_3,81,6,SATISFIED,1.0235,142852291.0,7953.0
SAL-Ei-LM,bom_deep_7_3_15_5_No1_p40_ao81_am15_3_m12_ao81_am12_3,81,7,SATISFIED,1.0355,134436599.0,8029.0
SAL-Ei-LM,bom_deep_7_3_15_5_No1_p40_ao81_am15_3_m12_ao81_am12_3,81,8,SATISFIED,1.0213,138729211.0,8237.0
SAL-Ei-LM,bom_deep_7_3_15_5_No1_p40_ao81_am15_3_m12_ao81_am12_3,81,9,SATISFIED,1.0228,133143441.0,8141.0
SAL-Ei-LM,bom_deep_7_3_15_5_No1_p40_ao81_am15_3_m12_ao81_am12_3,81,10,SATISFIED,1.0247,140230796.0,8106.0
SAL-Ei-LM,bom_deep_7_3_15_5_No1_p40_ao81_am15_3_m12_ao81_am12_4,81,1,SATISFIED,1.0246,239724547.0,7583.0
SAL-Ei-LM,bom_deep_7_3_15_5_No1_p40_ao81_am15_3_m12_ao81_am12_4,81,2,SATISFIED,1.0229,252720421.0,7545.0
SAL-Ei-LM,bom_deep_7_3_15_5_No1_p40_ao81_am15_3_m12_ao81_am12_4,81,3,SATISFIED,1.0218,236800755.0,7595.0
SAL-Ei-LM,bom_deep_7_3_15_5_No1_p40_ao81_am15_3_m12_ao81_am12_4,81,4,SATISFIED,1.0231,276076639.0,4095.0
SAL-Ei-LM,bom_deep_7_3_15_5_No1_p40_ao81_am15_3_m12_ao81_am12_4,81,5,SATISFIED,1.0223,268681872.0,4162.0
SAL-Ei-LM,bom_deep_7_3_15_5_No1_p40_ao81_am15_3_m12_ao81_am12_4,81,6,SATISFIED,1.0239,247548431.0,6066.0
SAL-Ei-LM,bom_deep_7_3_15_5_No1_p40_ao81_am15_3_m12_ao81_am12_4,81,7,SATISFIED,1.023,270312044.0,3877.0
SAL-Ei-LM,bom_deep_7_3_15_5_No1_p40_ao81_am15_3_m12_ao81_am12_4,81,8,SATISFIED,1.0238,257974391.0,3996.0
SAL-Ei-LM,bom_deep_7_3_15_5_No1_p40_ao81_am15_3_m12_ao81_am12_4,81,9,SATISFIED,1.0214,261681042.0,4592.0
SAL-Ei-LM,bom_deep_7_3_15_5_No1_p40_ao81_am15_3_m12_ao81_am12_4,81,10,SATISFIED,1.022,255025596.0,7352.0
SAL-Ei-LM,bom_deep_7_3_15_5_No1_p40_ao81_am15_3_m12_ao81_am12_5,81,1,SATISFIED,1.0225,217548123.0,7861.0
SAL-Ei-LM,bom_deep_7_3_15_5_No1_p40_ao81_am15_3_m12_ao81_am12_5,81,2,SATISFIED,1.0223,208733105.0,8068.0
SAL-Ei-LM,bom_deep_7_3_15_5_No1_p40_ao81_am15_3_m12_ao81_am12_5,81,3,SATISFIED,1.0218,219061794.0,8080.0
SAL-Ei-LM,bom_deep_7_3_15_5_No1_p40_ao81_am15_3_m12_ao81_am12_5,81,4,SATISFIED,1.0213,209737241.0,7917.0
SAL-Ei-LM,bom_deep_7_3_15_5_No1_p40_ao81_am15_3_m12_ao81_am12_5,81,5,SATISFIED,1.0227,218554987.0,7859.0
SAL-Ei-LM,bom_deep_7_3_15_5_No1_p40_ao81_am15_3_m12_ao81_am12_5,81,6,SATISFIED,1.0238,210624829.0,5042.0
SAL-Ei-LM,bom_deep_7_3_15_5_No1_p40_ao81_am15_3_m12_ao81_am12_5,81,7,SATISFIED,1.0233,209771708.0,4217.0
SAL-Ei-LM,bom_deep_7_3_15_5_No1_p40_ao81_am15_3_m12_ao81_am12_5,81,8,SATISFIED,1.0215,222371560.0,6603.0
SAL-Ei-LM,bom_deep_7_3_15_5_No1_p40_ao81_am15_3_m12_ao81_am12_5,81,9,SATISFIED,1.0221,217057142.0,7779.0
SAL-Ei-LM,bom_deep_7_3_15_5_No1_p40_ao81_am15_3_m12_ao81_am12_5,81,10,SATISFIED,1.0223,217057944.0,7847.0
SAL-Ei-LM,bom_deep_7_3_15_5_No1_p40_ao81_am15_3_m35_ao81_am31_1,81,1,SATISFIED,1.0233,138001962.0,6653.0
SAL-Ei-LM,bom_deep_7_3_15_5_No1_p40_ao81_am15_3_m35_ao81_am31_1,81,2,SATISFIED,1.0229,152968054.0,6610.0
SAL-Ei-LM,bom_deep_7_3_15_5_No1_p40_ao81_am15_3_m35_ao81_am31_1,81,3,SATISFIED,1.0219,148110415.0,6603.0
SAL-Ei-LM,bom_deep_7_3_15_5_No1_p40_ao81_am15_3_m35_ao81_am31_1,81,4,SATISFIED,1.0227,147873781.0,6591.0
SAL-Ei-LM,bom_deep_7_3_15_5_No1_p40_ao81_am15_3_m35_ao81_am31_1,81,5,SATISFIED,1.0221,147037293.0,6564.0
SAL-Ei-LM,bom_deep_7_3_15_5_No1_p40_ao81_am15_3_m35_ao81_am31_1,81,6,SATISFIED,1.0211,150772569.0,6446.0
SAL-Ei-LM,bom_deep_7_3_15_5_No1_p40_ao81_am15_3_m35_ao81_am31_1,81,7,SATISFIED,1.0211,139604368.0,6536.0
SAL-Ei-LM,bom_deep_7_3_15_5_No1_p40_ao81_am15_3_m35_ao81_am31_1,81,8,SATISFIED,1.0245,143376560.0,6641.0
SAL-Ei-LM,bom_deep_7_3_15_5_No1_p40_ao81_am15_3_m35_ao81_am31_1,81,9,SATISFIED,1.0226,149606485.0,6620.0
SAL-Ei-LM,bom_deep_7_3_15_5_No1_p40_ao81_am15_3_m35_ao81_am31_1,81,10,SATISFIED,1.0212,152464223.0,6445.0
SAL-Ei-LM,bom_deep_7_3_15_5_No1_p40_ao81_am15_3_m35_ao81_am32_2,81,1,SATISFIED,1.0213,195855862.0,6348.0
SAL-Ei-LM,bom_deep_7_3_15_5_No1_p40_ao81_am15_3_m35_ao81_am32_2,81,2,SATISFIED,1.0207,214097790.0,6316.0
SAL-Ei-LM,bom_deep_7_3_15_5_No1_p40_ao81_am15_3_m35_ao81_am32_2,81,3,SATISFIED,1.0246,211350856.0,6465.0
SAL-Ei-LM,bom_deep_7_3_15_5_No1_p40_ao81_am15_3_m35_ao81_am32_2,81,4,SATISFIED,1.0232,172697755.0,6409.0
SAL-Ei-LM,bom_deep_7_3_15_5_No1_p40_ao81_am15_3_m35_ao81_am32_2,81,5,SATISFIED,1.0241,191682877.0,6525.0
SAL-Ei-LM,bom_deep_7_3_15_5_No1_p40_ao81_am15_3_m35_ao81_am32_2,81,6,SATISFIED,1.0217,217170673.0,6473.0
SAL-Ei-LM,bom_deep_7_3_15_5_No1_p40_ao81_am15_3_m35_ao81_am32_2,81,7,SATISFIED,1.0212,195687849.0,6433.0
SAL-Ei-LM,bom_deep_7_3_15_5_No1_p40_ao81_am15_3_m35_ao81_am32_2,81,8,SATISFIED,1.0199,208694659.0,6530.0
SAL-Ei-LM,bom_deep_7_3_15_5_No1_p40_ao81_am15_3_m35_ao81_am32_2,81,9,SATISFIED,1.0212,210639805.0,6388.0
SAL-Ei-LM,bom_deep_7_3_15_5_No1_p40_ao81_am15_3_m35_ao81_am32_2,81,10,SATISFIED,1.0231,206674152.0,6515.0
SAL-Ei-LM,bom_deep_7_3_15_5_No1_p40_ao81_am15_3_m35_ao81_am32_3,81,1,SATISFIED,1.0202,158654304.0,6516.0
SAL-Ei-LM,bom_deep_7_3_15_5_No1_p40_ao81_am15_3_m35_ao81_am32_3,81,2,SATISFIED,1.021,155725149.0,6461.0
SAL-Ei-LM,bom_deep_7_3_15_5_No1_p40_ao81_am15_3_m35_ao81_am32_3,81,3,SATISFIED,1.0222,165609876.0,3456.0
SAL-Ei-LM,bom_deep_7_3_15_5_No1_p40_ao81_am15_3_m35_ao81_am32_3,81,4,SATISFIED,1.0219,151293612.0,3723.0
SAL-Ei-LM,bom_deep_7_3_15_5_No1_p40_ao81_am15_3_m35_ao81_am32_3,81,5,SATISFIED,1.0223,159285777.0,6324.0
SAL-Ei-LM,bom_deep_7_3_15_5_No1_p40_ao81_am15_3_m35_ao81_am32_3,81,6,SATISFIED,1.0237,165169112.0,6428.0
SAL-Ei-LM,bom_deep_7_3_15_5_No1_p40_ao81_am15_3_m35_ao81_am32_3,81,7,SATISFIED,1.0235,165086149.0,5071.0
SAL-Ei-LM,bom_deep_7_3_15_5_No1_p40_ao81_am15_3_m35_ao81_am32_3,81,8,SATISFIED,1.0251,143126642.0,3445.0
SAL-Ei-LM,bom_deep_7_3_15_5_No1_p40_ao81_am15_3_m35_ao81_am32_3,81,9,SATISFIED,1.0242,158584057.0,3522.0
SAL-Ei-LM,bom_deep_7_3_15_5_No1_p40_ao81_am15_3_m35_ao81_am32_3,81,10,SATISFIED,1.024,166920345.0,4568.0
SAL-Ei-LM,bom_deep_7_3_15_5_No1_p40_ao81_am15_3_m35_ao81_am34_4,81,1,SATISFIED,1.0255,184608247.0,6591.0
SAL-Ei-LM,bom_deep_7_3_15_5_No1_p40_ao81_am15_3_m35_ao81_am34_4,81,2,SATISFIED,1.0262,184483620.0,3346.0
SAL-Ei-LM,bom_deep_7_3_15_5_No1_p40_ao81_am15_3_m35_ao81_am34_4,81,3,SATISFIED,1.0295,195216023.0,3525.0
SAL-Ei-LM,bom_deep_7_3_15_5_No1_p40_ao81_am15_3_m35_ao81_am34_4,81,4,SATISFIED,1.027,181669659.0,3410.0
SAL-Ei-LM,bom_deep_7_3_15_5_No1_p40_ao81_am15_3_m35_ao81_am34_4,81,5,SATISFIED,1.0236,188435356.0,3372.0
SAL-Ei-LM,bom_deep_7_3_15_5_No1_p40_ao81_am15_3_m35_ao81_am34_4,81,6,SATISFIED,1.0253,187105327.0,3303.0
SAL-Ei-LM,bom_deep_7_3_15_5_No1_p40_ao81_am15_3_m35_ao81_am34_4,81,7,SATISFIED,1.0259,194185488.0,3394.0
SAL-Ei-LM,bom_deep_7_3_15_5_No1_p40_ao81_am15_3_m35_ao81_am34_4,81,8,SATISFIED,1.0276,182590237.0,3568.0
SAL-Ei-LM,bom_deep_7_3_15_5_No1_p40_ao81_am15_3_m35_ao81_am34_4,81,9,SATISFIED,1.0228,189813418.0,4020.0
SAL-Ei-LM,bom_deep_7_3_15_5_No1_p40_ao81_am15_3_m35_ao81_am34_4,81,10,SATISFIED,1.0222,185639487.0,6455.0
SAL-Ei-LM,bom_deep_7_3_15_5_No1_p40_ao81_am15_3_m35_ao81_am35_5,81,1,SATISFIED,1.0227,113315311.0,6596.0
SAL-Ei-LM,bom_deep_7_3_15_5_No1_p40_ao81_am15_3_m35_ao81_am35_5,81,2,SATISFIED,1.0218,106500628.0,6535.0
SAL-Ei-LM,bom_deep_7_3_15_5_No1_p40_ao81_am15_3_m35_ao81_am35_5,81,3,SATISFIED,1.0238,111944702.0,6429.0
SAL-Ei-LM,bom_deep_7_3_15_5_No1_p40_ao81_am15_3_m35_ao81_am35_5,81,4,SATISFIED,1.0241,117324899.0,6413.0
SAL-Ei-LM,bom_deep_7_3_15_5_No1_p40_ao81_am15_3_m35_ao81_am35_5,81,5,SATISFIED,1.0241,116780707.0,6426.0
SAL-Ei-LM,bom_deep_7_3_15_5_No1_p40_ao81_am15_3_m35_ao81_am35_5,81,6,SATISFIED,1.0248,117528769.0,6439.0
SAL-Ei-LM,bom_deep_7_3_15_5_No1_p40_ao81_am15_3_m35_ao81_am35_5,81,7,SATISFIED,1.0258,117012968.0,6524.0
SAL-Ei-LM,bom_deep_7_3_15_5_No1_p40_ao81_am15_3_m35_ao81_am35_5,81,8,SATISFIED,1.022,108942952.0,6401.0
SAL-Ei-LM,bom_deep_7_3_15_5_No1_p40_ao81_am15_3_m35_ao81_am35_5,81,9,SATISFIED,1.0246,128273080.0,3274.0
SAL-Ei-LM,bom_deep_7_3_15_5_No1_p40_ao81_am15_3_m35_ao81_am35_5,81,10,SATISFIED,1.0286,114040283.0,3322.0
SAL-Ei-LM,bom_deep_7_3_15_5_No1_p40_ao81_am15_4,81,1,SATISFIED,1.0213,135117017.0,4974.0
SAL-Ei-LM,bom_deep_7_3_15_5_No1_p40_ao81_am15_4,81,2,SATISFIED,1.0203,128043213.0,7387.0
SAL-Ei-LM,bom_deep_7_3_15_5_No1_p40_ao81_am15_4,81,3,SATISFIED,1.0212,144759373.0,7291.0
SAL-Ei-LM,bom_deep_7_3_15_5_No1_p40_ao81_am15_4,81,4,SATISFIED,1.0233,126598560.0,7304.0
SAL-Ei-LM,bom_deep_7_3_15_5_No1_p40_ao81_am15_4,81,5,SATISFIED,1.0246,126838045.0,7495.0
SAL-Ei-LM,bom_deep_7_3_15_5_No1_p40_ao81_am15_4,81,6,SATISFIED,1.0215,133871586.0,7394.0
SAL-Ei-LM,bom_deep_7_3_15_5_No1_p40_ao81_am15_4,81,7,SATISFIED,1.0264,125447031.0,3858.0
SAL-Ei-LM,bom_deep_7_3_15_5_No1_p40_ao81_am15_4,81,8,SATISFIED,1.0234,126686440.0,3907.0
SAL-Ei-LM,bom_deep_7_3_15_5_No1_p40_ao81_am15_4,81,9,SATISFIED,1.0222,128619305.0,5281.0
SAL-Ei-LM,bom_deep_7_3_15_5_No1_p40_ao81_am15_4,81,10,SATISFIED,1.0217,150993930.0,7490.0
SAL-Ei-LM,bom_deep_7_3_15_5_No1_p40_ao81_am15_4_m12_ao81_am12_1,81,1,SATISFIED,1.0236,824166215.0,7904.0
SAL-Ei-LM,bom_deep_7_3_15_5_No1_p40_ao81_am15_4_m12_ao81_am12_1,81,2,SATISFIED,1.0216,823736188.0,7902.0
SAL-Ei-LM,bom_deep_7_3_15_5_No1_p40_ao81_am15_4_m12_ao81_am12_1,81,3,SATISFIED,1.0211,824258715.0,7802.0
SAL-Ei-LM,bom_deep_7_3_15_5_No1_p40_ao81_am15_4_m12_ao81_am12_1,81,4,SATISFIED,1.0235,824226790.0,7719.0
SAL-Ei-LM,bom_deep_7_3_15_5_No1_p40_ao81_am15_4_m12_ao81_am12_1,81,5,SATISFIED,1.025,823388295.0,3998.0
SAL-Ei-LM,bom_deep_7_3_15_5_No1_p40_ao81_am15_4_m12_ao81_am12_1,81,6,SATISFIED,1.0255,824325851.0,3937.0
SAL-Ei-LM,bom_deep_7_3_15_5_No1_p40_ao81_am15_4_m12_ao81_am12_1,81,7,SATISFIED,1.0234,824643779.0,5487.0
SAL-Ei-LM,bom_deep_7_3_15_5_No1_p40_ao81_am15_4_m12_ao81_am12_1,81,8,SATISFIED,1.0214,824003215.0,7725.0
SAL-Ei-LM,bom_deep_7_3_15_5_No1_p40_ao81_am15_4_m12_ao81_am12_1,81,9,SATISFIED,1.022,824294185.0,7907.0
SAL-Ei-LM,bom_deep_7_3_15_5_No1_p40_ao81_am15_4_m12_ao81_am12_1,81,10,SATISFIED,1.021,824499200.0,8046.0
SAL-Ei-LM,bom_deep_7_3_15_5_No1_p40_ao81_am15_4_m12_ao81_am12_2,81,1,SATISFIED,1.0239,180514241.0,7988.0
SAL-Ei-LM,bom_deep_7_3_15_5_No1_p40_ao81_am15_4_m12_ao81_am12_2,81,2,SATISFIED,1.02,179983228.0,8274.0
SAL-Ei-LM,bom_deep_7_3_15_5_No1_p40_ao81_am15_4_m12_ao81_am12_2,81,3,SATISFIED,1.0205,181407117.0,8023.0
SAL-Ei-LM,bom_deep_7_3_15_5_No1_p40_ao81_am15_4_m12_ao81_am12_2,81,4,SATISFIED,1.0227,180210736.0,7914.0
SAL-Ei-LM,bom_deep_7_3_15_5_No1_p40_ao81_am15_4_m12_ao81_am12_2,81,5,SATISFIED,1.0232,182922890.0,4191.0
SAL-Ei-LM,bom_deep_7_3_15_5_No1_p40_ao81_am15_4_m12_ao81_am12_2,81,6,SATISFIED,1.0231,182507462.0,4373.0
SAL-Ei-LM,bom_deep_7_3_15_5_No1_p40_ao81_am15_4_m12_ao81_am12_2,81,7,SATISFIED,1.0226,181143666.0,5334.0
SAL-Ei-LM,bom_deep_7_3_15_5_No1_p40_ao81_am15_4_m12_ao81_am12_2,81,8,SATISFIED,1.0215,180342008.0,8078.0
SAL-Ei-LM,bom_deep_7_3_15_5_No1_p40_ao81_am15_4_m12_ao81_am12_2,81,9,SATISFIED,1.0219,181681282.0,8168.0
SAL-Ei-LM,bom_deep_7_3_15_5_No1_p40_ao81_am15_4_m12_ao81_am12_2,81,10,SATISFIED,1.0215,179383845.0,8078.0
SAL-Ei-LM,bom_deep_7_3_15_5_No1_p40_ao81_am15_4_m12_ao81_am12_3,81,1,SATISFIED,1.0149,644123754.0,3895.0
SAL-Ei-LM,bom_deep_7_3_15_5_No1_p40_ao81_am15_4_m12_ao81_am12_3,81,2,SATISFIED,1.0236,631010649.0,4064.0
SAL-Ei-LM,bom_deep_7_3_15_5_No1_p40_ao81_am15_4_m12_ao81_am12_3,81,3,SATISFIED,1.0238,637229157.0,4099.0
SAL-Ei-LM,bom_deep_7_3_15_5_No1_p40_ao81_am15_4_m12_ao81_am12_3,81,4,SATISFIED,1.0247,639064082.0,4266.0
SAL-Ei-LM,bom_deep_7_3_15_5_No1_p40_ao81_am15_4_m12_ao81_am12_3,81,5,SATISFIED,1.0245,637257786.0,5755.0
SAL-Ei-LM,bom_deep_7_3_15_5_No1_p40_ao81_am15_4_m12_ao81_am12_3,81,6,SATISFIED,1.021,636729771.0,8037.0
SAL-Ei-LM,bom_deep_7_3_15_5_No1_p40_ao81_am15_4_m12_ao81_am12_3,81,7,SATISFIED,1.0235,629090665.0,4145.0
SAL-Ei-LM,bom_deep_7_3_15_5_No1_p40_ao81_am15_4_m12_ao81_am12_3,81,8,SATISFIED,1.0233,639674229.0,4192.0
SAL-Ei-LM,bom_deep_7_3_15_5_No1_p40_ao81_am15_4_m12_ao81_am12_3,81,9,SATISFIED,1.0224,639542335.0,5430.0
SAL-Ei-LM,bom_deep_7_3_15_5_No1_p40_ao81_am15_4_m12_ao81_am12_3,81,10,SATISFIED,1.0217,637261014.0,7935.0
SAL-Ei-LM,bom_deep_7_3_15_5_No1_p40_ao81_am15_4_m12_ao81_am12_4,81,1,SATISFIED,1.0257,674595809.0,8181.0
SAL-Ei-LM,bom_deep_7_3_15_5_No1_p40_ao81_am15_4_m12_ao81_am12_4,81,2,SATISFIED,1.0198,675835501.0,7944.0
SAL-Ei-LM,bom_deep_7_3_15_5_No1_p40_ao81_am15_4_m12_ao81_am12_4,81,3,SATISFIED,1.0235,669096837.0,8090.0
SAL-Ei-LM,bom_deep_7_3_15_5_No1_p40_ao81_am15_4_m12_ao81_am12_4,81,4,SATISFIED,1.0216,676950214.0,8024.0
SAL-Ei-LM,bom_deep_7_3_15_5_No1_p40_ao81_am15_4_m12_ao81_am12_4,81,5,SATISFIED,1.0242,678491625.0,8172.0
SAL-Ei-LM,bom_deep_7_3_15_5_No1_p40_ao81_am15_4_m12_ao81_am12_4,81,6,SATISFIED,1.0232,674082171.0,7944.0
SAL-Ei-LM,bom_deep_7_3_15_5_No1_p40_ao81_am15_4_m12_ao81_am12_4,81,7,SATISFIED,1.0231,668539828.0,7913.0
SAL-Ei-LM,bom_deep_7_3_15_5_No1_p40_ao81_am15_4_m12_ao81_am12_4,81,8,SATISFIED,1.0213,673313739.0,7945.0
SAL-Ei-LM,bom_deep_7_3_15_5_No1_p40_ao81_am15_4_m12_ao81_am12_4,81,9,SATISFIED,1.0224,667766942.0,8127.0
SAL-Ei-LM,bom_deep_7_3_15_5_No1_p40_ao81_am15_4_m12_ao81_am12_4,81,10,SATISFIED,1.0257,671616848.0,4065.0
SAL-Ei-LM,bom_deep_7_3_15_5_No1_p40_ao81_am15_4_m12_ao81_am12_5,81,1,SATISFIED,1.0247,298834614.0,4464.0
SAL-Ei-LM,bom_deep_7_3_15_5_No1_p40_ao81_am15_4_m12_ao81_am12_5,81,2,SATISFIED,1.0189,296832515.0,7296.0
SAL-Ei-LM,bom_deep_7_3_15_5_No1_p40_ao81_am15_4_m12_ao81_am12_5,81,3,SATISFIED,1.0213,306325871.0,7866.0
SAL-Ei-LM,bom_deep_7_3_15_5_No1_p40_ao81_am15_4_m12_ao81_am12_5,81,4,SATISFIED,1.0256,307090026.0,4056.0
SAL-Ei-LM,bom_deep_7_3_15_5_No1_p40_ao81_am15_4_m12_ao81_am12_5,81,5,SATISFIED,1.0237,326992389.0,4324.0
SAL-Ei-LM,bom_deep_7_3_15_5_No1_p40_ao81_am15_4_m12_ao81_am12_5,81,6,SATISFIED,1.0242,308718744.0,6005.0
SAL-Ei-LM,bom_deep_7_3_15_5_No1_p40_ao81_am15_4_m12_ao81_am12_5,81,7,SATISFIED,1.023,296498200.0,7918.0
SAL-Ei-LM,bom_deep_7_3_15_5_No1_p40_ao81_am15_4_m12_ao81_am12_5,81,8,SATISFIED,1.0197,326938816.0,7812.0
SAL-Ei-LM,bom_deep_7_3_15_5_No1_p40_ao81_am15_4_m12_ao81_am12_5,81,9,SATISFIED,1.0279,338629984.0,7658.0
SAL-Ei-LM,bom_deep_7_3_15_5_No1_p40_ao81_am15_4_m12_ao81_am12_5,81,10,SATISFIED,1.0241,293456169.0,7795.0
SAL-Ei-LM,bom_deep_7_3_15_5_No1_p40_ao81_am15_4_m35_ao81_am32_1,81,1,SATISFIED,1.0266,253187070.0,5173.0
SAL-Ei-LM,bom_deep_7_3_15_5_No1_p40_ao81_am15_4_m35_ao81_am32_1,81,2,SATISFIED,1.0245,273501787.0,3637.0
SAL-Ei-LM,bom_deep_7_3_15_5_No1_p40_ao81_am15_4_m35_ao81_am32_1,81,3,SATISFIED,1.0243,272275385.0,3302.0
SAL-Ei-LM,bom_deep_7_3_15_5_No1_p40_ao81_am15_4_m35_ao81_am32_1,81,4,SATISFIED,1.0244,263957550.0,3333.0
SAL-Ei-LM,bom_deep_7_3_15_5_No1_p40_ao81_am15_4_m35_ao81_am32_1,81,5,SATISFIED,1.0277,255072822.0,3670.0
SAL-Ei-LM,bom_deep_7_3_15_5_No1_p40_ao81_am15_4_m35_ao81_am32_1,81,6,SATISFIED,1.0254,264805995.0,5871.0
SAL-Ei-LM,bom_deep_7_3_15_5_No1_p40_ao81_am15_4_m35_ao81_am32_1,81,7,SATISFIED,1.025,256968572.0,6466.0
SAL-Ei-LM,bom_deep_7_3_15_5_No1_p40_ao81_am15_4_m35_ao81_am32_1,81,8,SATISFIED,1.0278,249389004.0,5482.0
SAL-Ei-LM,bom_deep_7_3_15_5_No1_p40_ao81_am15_4_m35_ao81_am32_1,81,9,SATISFIED,1.0266,247617002.0,3363.0
SAL-Ei-LM,bom_deep_7_3_15_5_No1_p40_ao81_am15_4_m35_ao81_am32_1,81,10,SATISFIED,1.0252,268729205.0,3530.0
SAL-Ei-LM,bom_deep_7_3_15_5_No1_p40_ao81_am15_4_m35_ao81_am33_5,81,1,SATISFIED,1.0244,324763919.0,3593.0
SAL-Ei-LM,bom_deep_7_3_15_5_No1_p40_ao81_am15_4_m35_ao81_am33_5,81,2,SATISFIED,1.0237,321252552.0,3479.0
SAL-Ei-LM,bom_deep_7_3_15_5_No1_p40_ao81_am15_4_m35_ao81_am33_5,81,3,SATISFIED,1.0229,340371218.0,3634.0
SAL-Ei-LM,bom_deep_7_3_15_5_No1_p40_ao81_am15_4_m35_ao81_am33_5,81,4,SATISFIED,1.022,303499220.0,3963.0
SAL-Ei-LM,bom_deep_7_3_15_5_No1_p40_ao81_am15_4_m35_ao81_am33_5,81,5,SATISFIED,1.0211,307507419.0,6404.0
SAL-Ei-LM,bom_deep_7_3_15_5_No1_p40_ao81_am15_4_m35_ao81_am33_5,81,6,SATISFIED,1.0275,306550799.0,3581.0
SAL-Ei-LM,bom_deep_7_3_15_5_No1_p40_ao81_am15_4_m35_ao81_am33_5,81,7,SATISFIED,1.0232,300114629.0,3602.0
SAL-Ei-LM,bom_deep_7_3_15_5_No1_p40_ao81_am15_4_m35_ao81_am33_5,81,8,SATISFIED,1.0251,303948890.0,4606.0
SAL-Ei-LM,bom_deep_7_3_15_5_No1_p40_ao81_am15_4_m35_ao81_am33_5,81,9,SATISFIED,1.024,362143629.0,6697.0
SAL-Ei-LM,bom_deep_7_3_15_5_No1_p40_ao81_am15_4_m35_ao81_am33_5,81,10,SATISFIED,1.0228,388922482.0,6788.0
SAL-Ei-LM,bom_deep_7_3_15_5_No1_p40_ao81_am15_4_m35_ao81_am34_2,81,1,SATISFIED,1.0229,158783689.0,6668.0
SAL-Ei-LM,bom_deep_7_3_15_5_No1_p40_ao81_am15_4_m35_ao81_am34_2,81,2,SATISFIED,1.0205,163890454.0,6664.0
SAL-Ei-LM,bom_deep_7_3_15_5_No1_p40_ao81_am15_4_m35_ao81_am34_2,81,3,SATISFIED,1.0205,155570038.0,6660.0
SAL-Ei-LM,bom_deep_7_3_15_5_No1_p40_ao81_am15_4_m35_ao81_am34_2,81,4,SATISFIED,1.0211,153452299.0,6678.0
SAL-Ei-LM,bom_deep_7_3_15_5_No1_p40_ao81_am15_4_m35_ao81_am34_2,81,5,SATISFIED,1.0231,167337668.0,6648.0
SAL-Ei-LM,bom_deep_7_3_15_5_No1_p40_ao81_am15_4_m35_ao81_am34_2,81,6,SATISFIED,1.0246,156523609.0,6657.0
SAL-Ei-LM,bom_deep_7_3_15_5_No1_p40_ao81_am15_4_m35_ao81_am34_2,81,7,SATISFIED,1.0258,187122346.0,6655.0
SAL-Ei-LM,bom_deep_7_3_15_5_No1_p40_ao81_am15_4_m35_ao81_am34_2,81,8,SATISFIED,1.0239,162612575.0,6651.0
SAL-Ei-LM,bom_deep_7_3_15_5_No1_p40_ao81_am15_4_m35_ao81_am34_2,81,9,SATISFIED,1.0228,169237467.0,6616.0
SAL-Ei-LM,bom_deep_7_3_15_5_No1_p40_ao81_am15_4_m35_ao81_am34_2,81,10,SATISFIED,1.0218,159971582.0,6659.0
SAL-Ei-LM,bom_deep_7_3_15_5_No1_p40_ao81_am15_4_m35_ao81_am34_3,81,1,SATISFIED,1.0227,221627468.0,6734.0
SAL-Ei-LM,bom_deep_7_3_15_5_No1_p40_ao81_am15_4_m35_ao81_am34_3,81,2,SATISFIED,1.0265,229846694.0,3484.0
SAL-Ei-LM,bom_deep_7_3_15_5_No1_p40_ao81_am15_4_m35_ao81_am34_3,81,3,SATISFIED,1.0233,225163742.0,3471.0
SAL-Ei-LM,bom_deep_7_3_15_5_No1_p40_ao81_am15_4_m35_ao81_am34_3,81,4,SATISFIED,1.0211,242778626.0,4444.0
SAL-Ei-LM,bom_deep_7_3_15_5_No1_p40_ao81_am15_4_m35_ao81_am34_3,81,5,SATISFIED,1.025,187619962.0,5738.0
SAL-Ei-LM,bom_deep_7_3_15_5_No1_p40_ao81_am15_4_m35_ao81_am34_3,81,6,SATISFIED,1.0234,214364191.0,3615.0
SAL-Ei-LM,bom_deep_7_3_15_5_No1_p40_ao81_am15_4_m35_ao81_am34_3,81,7,SATISFIED,1.024,188869885.0,4399.0
SAL-Ei-LM,bom_deep_7_3_15_5_No1_p40_ao81_am15_4_m35_ao81_am34_3,81,8,SATISFIED,1.0268,239642872.0,3307.0
SAL-Ei-LM,bom_deep_7_3_15_5_No1_p40_ao81_am15_4_m35_ao81_am34_3,81,9,SATISFIED,1.0223,189260724.0,3543.0
SAL-Ei-LM,bom_deep_7_3_15_5_No1_p40_ao81_am15_4_m35_ao81_am34_3,81,10,SATISFIED,1.0219,186918256.0,5279.0
SAL-Ei-LM,bom_deep_7_3_15_5_No1_p40_ao81_am15_4_m35_ao81_am34_4,81,1,SATISFIED,1.0218,260329108.0,6535.0
SAL-Ei-LM,bom_deep_7_3_15_5_No1_p40_ao81_am15_4_m35_ao81_am34_4,81,2,SATISFIED,1.0202,239090602.0,3385.0
SAL-Ei-LM,bom_deep_7_3_15_5_No1_p40_ao81_am15_4_m35_ao81_am34_4,81,3,SATISFIED,1.0253,245101446.0,3649.0
SAL-Ei-LM,bom_deep_7_3_15_5_No1_p40_ao81_am15_4_m35_ao81_am34_4,81,4,SATISFIED,1.0253,254553652.0,3525.0
SAL-Ei-LM,bom_deep_7_3_15_5_No1_p40_ao81_am15_4_m35_ao81_am34_4,81,5,SATISFIED,1.0227,260789391.0,3634.0
SAL-Ei-LM,bom_deep_7_3_15_5_No1_p40_ao81_am15_4_m35_ao81_am34_4,81,6,SATISFIED,1.0214,255405260.0,5903.0
SAL-Ei-LM,bom_deep_7_3_15_5_No1_p40_ao81_am15_4_m35_ao81_am34_4,81,7,SATISFIED,1.0214,236519262.0,6491.0
SAL-Ei-LM,bom_deep_7_3_15_5_No1_p40_ao81_am15_4_m35_ao81_am34_4,81,8,SATISFIED,1.0208,226421313.0,6523.0
SAL-Ei-LM,bom_deep_7_3_15_5_No1_p40_ao81_am15_4_m35_ao81_am34_4,81,9,SATISFIED,1.0206,236470746.0,6501.0
SAL-Ei-LM,bom_deep_7_3_15_5_No1_p40_ao81_am15_4_m35_ao81_am34_4,81,10,SATISFIED,1.0213,259904377.0,6525.0
SAL-Ei-LM,bom_deep_7_3_15_5_No1_p40_ao81_am15_5,81,1,SATISFIED,1.0226,226322637.0,7363.0
SAL-Ei-LM,bom_deep_7_3_15_5_No1_p40_ao81_am15_5,81,2,SATISFIED,1.0215,232801173.0,7355.0
SAL-Ei-LM,bom_deep_7_3_15_5_No1_p40_ao81_am15_5,81,3,SATISFIED,1.0213,227557535.0,7335.0
SAL-Ei-LM,bom_deep_7_3_15_5_No1_p40_ao81_am15_5,81,4,SATISFIED,1.0219,224081555.0,7410.0
SAL-Ei-LM,bom_deep_7_3_15_5_No1_p40_ao81_am15_5,81,5,SATISFIED,1.0196,235988055.0,7385.0
SAL-Ei-LM,bom_deep_7_3_15_5_No1_p40_ao81_am15_5,81,6,SATISFIED,1.0209,229396805.0,7470.0
SAL-Ei-LM,bom_deep_7_3_15_5_No1_p40_ao81_am15_5,81,7,SATISFIED,1.0212,235403322.0,7386.0
SAL-Ei-LM,bom_deep_7_3_15_5_No1_p40_ao81_am15_5,81,8,SATISFIED,1.0206,238640389.0,7425.0
SAL-Ei-LM,bom_deep_7_3_15_5_No1_p40_ao81_am15_5,81,9,SATISFIED,1.021,222238025.0,7382.0
SAL-Ei-LM,bom_deep_7_3_15_5_No1_p40_ao81_am15_5,81,10,SATISFIED,1.0206,243127340.0,7398.0
SAL-Ei-LM,bom_deep_7_3_15_5_No1_p40_ao81_am15_5_m12_ao81_am12_1,81,1,SATISFIED,1.0187,202079337.0,8154.0
SAL-Ei-LM,bom_deep_7_3_15_5_No1_p40_ao81_am15_5_m12_ao81_am12_1,81,2,SATISFIED,1.0223,202110964.0,4312.0
SAL-Ei-LM,bom_deep_7_3_15_5_No1_p40_ao81_am15_5_m12_ao81_am12_1,81,3,SATISFIED,1.0226,202375794.0,4269.0
SAL-Ei-LM,bom_deep_7_3_15_5_No1_p40_ao81_am15_5_m12_ao81_am12_1,81,4,SATISFIED,1.0241,202328148.0,5338.0
SAL-Ei-LM,bom_deep_7_3_15_5_No1_p40_ao81_am15_5_m12_ao81_am12_1,81,5,SATISFIED,1.024,202206892.0,4437.0
SAL-Ei-LM,bom_deep_7_3_15_5_No1_p40_ao81_am15_5_m12_ao81_am12_1,81,6,SATISFIED,1.0222,202046847.0,4967.0
SAL-Ei-LM,bom_deep_7_3_15_5_No1_p40_ao81_am15_5_m12_ao81_am12_1,81,7,SATISFIED,1.0201,201834162.0,7786.0
SAL-Ei-LM,bom_deep_7_3_15_5_No1_p40_ao81_am15_5_m12_ao81_am12_1,81,8,SATISFIED,1.0233,202234193.0,4271.0
SAL-Ei-LM,bom_deep_7_3_15_5_No1_p40_ao81_am15_5_m12_ao81_am12_1,81,9,SATISFIED,1.0227,202256967.0,4672.0
SAL-Ei-LM,bom_deep_7_3_15_5_No1_p40_ao81_am15_5_m12_ao81_am12_1,81,10,SATISFIED,1.0217,201721551.0,7622.0
SAL-Ei-LM,bom_deep_7_3_15_5_No1_p40_ao81_am15_5_m12_ao81_am12_2,81,1,SATISFIED,1.0187,179683397.0,8054.0
SAL-Ei-LM,bom_deep_7_3_15_5_No1_p40_ao81_am15_5_m12_ao81_am12_2,81,2,SATISFIED,1.0193,193012693.0,8091.0
SAL-Ei-LM,bom_deep_7_3_15_5_No1_p40_ao81_am15_5_m12_ao81_am12_2,81,3,SATISFIED,1.0199,197606525.0,8101.0
SAL-Ei-LM,bom_deep_7_3_15_5_No1_p40_ao81_am15_5_m12_ao81_am12_2,81,4,SATISFIED,1.0195,182873029.0,8038.0
SAL-Ei-LM,bom_deep_7_3_15_5_No1_p40_ao81_am15_5_m12_ao81_am12_2,81,5,SATISFIED,1.0198,180917135.0,7980.0
SAL-Ei-LM,bom_deep_7_3_15_5_No1_p40_ao81_am15_5_m12_ao81_am12_2,81,6,SATISFIED,1.0205,195065922.0,8059.0
SAL-Ei-LM,bom_deep_7_3_15_5_No1_p40_ao81_am15_5_m12_ao81_am12_2,81,7,SATISFIED,1.0199,177946180.0,8052.0
SAL-Ei-LM,bom_deep_7_3_15_5_No1_p40_ao81_am15_5_m12_ao81_am12_2,81,8,SATISFIED,1.0205,182885835.0,7895.0
SAL-Ei-LM,bom_deep_7_3_15_5_No1_p40_ao81_am15_5_m12_ao81_am12_2,81,9,SATISFIED,1.0272,196615485.0,3968.0
SAL-Ei-LM,bom_deep_7_3_15_5_No1_p40_ao81_am15_5_m12_ao81_am12_2,81,10,SATISFIED,1.0211,202203997.0,4081.0
SAL-Ei-LM,bom_deep_7_3_15_5_No1_p40_ao81_am15_5_m12_ao81_am12_3,81,1,SATISFIED,1.023,160416104.0,5282.0
SAL-Ei-LM,bom_deep_7_3_15_5_No1_p40_ao81_am15_5_m12_ao81_am12_3,81,2,SATISFIED,1.0192,151083612.0,7699.0
SAL-Ei-LM,bom_deep_7_3_15_5_No1_p40_ao81_am15_5_m12_ao81_am12_3,81,3,SATISFIED,1.02,148122290.0,7707.0
SAL-Ei-LM,bom_deep_7_3_15_5_No1_p40_ao81_am15_5_m12_ao81_am12_3,81,4,SATISFIED,1.0188,169682446.0,7668.0
SAL-Ei-LM,bom_deep_7_3_15_5_No1_p40_ao81_am15_5_m12_ao81_am12_3,81,5,SATISFIED,1.0128,152037678.0,4222.0
SAL-Ei-LM,bom_deep_7_3_15_5_No1_p40_ao81_am15_5_m12_ao81_am12_3,81,6,SATISFIED,1.0189,146385063.0,4398.0
SAL-Ei-LM,bom_deep_7_3_15_5_No1_p40_ao81_am15_5_m12_ao81_am12_3,81,7,SATISFIED,1.0176,149001581.0,7080.0
SAL-Ei-LM,bom_deep_7_3_15_5_No1_p40_ao81_am15_5_m12_ao81_am12_3,81,8,SATISFIED,1.0252,152233530.0,4067.0
SAL-Ei-LM,bom_deep_7_3_15_5_No1_p40_ao81_am15_5_m12_ao81_am12_3,81,9,SATISFIED,1.0235,145929188.0,4164.0
SAL-Ei-LM,bom_deep_7_3_15_5_No1_p40_ao81_am15_5_m12_ao81_am12_3,81,10,SATISFIED,1.0169,145515925.0,4007.0
SAL-Ei-LM,bom_deep_7_3_15_5_No1_p40_ao81_am15_5_m12_ao81_am12_4,81,1,SATISFIED,1.0236,156265247.0,4480.0
SAL-Ei-LM,bom_deep_7_3_15_5_No1_p40_ao81_am15_5_m12_ao81_am12_4,81,2,SATISFIED,1.0197,158239092.0,7425.0
SAL-Ei-LM,bom_deep_7_3_15_5_No1_p40_ao81_am15_5_m12_ao81_am12_4,81,3,SATISFIED,1.0202,156524046.0,7745.0
SAL-Ei-LM,bom_deep_7_3_15_5_No1_p40_ao81_am15_5_m12_ao81_am12_4,81,4,SATISFIED,1.0229,156935882.0,7798.0
SAL-Ei-LM,bom_deep_7_3_15_5_No1_p40_ao81_am15_5_m12_ao81_am12_4,81,5,SATISFIED,1.0224,158145626.0,7748.0
SAL-Ei-LM,bom_deep_7_3_15_5_No1_p40_ao81_am15_5_m12_ao81_am12_4,81,6,SATISFIED,1.0244,156934949.0,4082.0
SAL-Ei-LM,bom_deep_7_3_15_5_No1_p40_ao81_am15_5_m12_ao81_am12_4,81,7,SATISFIED,1.0202,160724324.0,4129.0
SAL-Ei-LM,bom_deep_7_3_15_5_No1_p40_ao81_am15_5_m12_ao81_am12_4,81,8,SATISFIED,1.0217,156582879.0,5878.0
SAL-Ei-LM,bom_deep_7_3_15_5_No1_p40_ao81_am15_5_m12_ao81_am12_4,81,9,SATISFIED,1.0218,156805539.0,7764.0
SAL-Ei-LM,bom_deep_7_3_15_5_No1_p40_ao81_am15_5_m12_ao81_am12_4,81,10,SATISFIED,1.0226,158069418.0,7841.0
SAL-Ei-LM,bom_deep_7_3_15_5_No1_p40_ao81_am15_5_m12_ao81_am12_5,81,1,SATISFIED,1.0235,180810165.0,7598.0
SAL-Ei-LM,bom_deep_7_3_15_5_No1_p40_ao81_am15_5_m12_ao81_am12_5,81,2,SATISFIED,1.0244,180479827.0,7709.0
SAL-Ei-LM,bom_deep_7_3_15_5_No1_p40_ao81_am15_5_m12_ao81_am12_5,81,3,SATISFIED,1.0209,179757971.0,7682.0
SAL-Ei-LM,bom_deep_7_3_15_5_No1_p40_ao81_am15_5_m12_ao81_am12_5,81,4,SATISFIED,1.0229,184220135.0,4124.0
SAL-Ei-LM,bom_deep_7_3_15_5_No1_p40_ao81_am15_5_m12_ao81_am12_5,81,5,SATISFIED,1.0241,177681910.0,4026.0
SAL-Ei-LM,bom_deep_7_3_15_5_No1_p40_ao81_am15_5_m12_ao81_am12_5,81,6,SATISFIED,1.0227,176059705.0,5538.0
SAL-Ei-LM,bom_deep_7_3_15_5_No1_p40_ao81_am15_5_m12_ao81_am12_5,81,7,SATISFIED,1.0227,174317837.0,7714.0
SAL-Ei-LM,bom_deep_7_3_15_5_No1_p40_ao81_am15_5_m12_ao81_am12_5,81,8,SATISFIED,1.0188,178366445.0,7794.0
SAL-Ei-LM,bom_deep_7_3_15_5_No1_p40_ao81_am15_5_m12_ao81_am12_5,81,9,SATISFIED,1.0188,180321832.0,7799.0
SAL-Ei-LM,bom_deep_7_3_15_5_No1_p40_ao81_am15_5_m12_ao81_am12_5,81,10,SATISFIED,1.017,182865550.0,7838.0
SAL-Ei-LM,bom_deep_7_3_15_5_No1_p40_ao81_am15_5_m35_ao81_am34_1,81,1,SATISFIED,1.0132,135156027.0,6472.0
SAL-Ei-LM,bom_deep_7_3_15_5_No1_p40_ao81_am15_5_m35_ao81_am34_1,81,2,SATISFIED,1.0204,149260020.0,6727.0
SAL-Ei-LM,bom_deep_7_3_15_5_No1_p40_ao81_am15_5_m35_ao81_am34_1,81,3,SATISFIED,1.0187,137714221.0,6706.0
SAL-Ei-LM,bom_deep_7_3_15_5_No1_p40_ao81_am15_5_m35_ao81_am34_1,81,4,SATISFIED,1.0203,140681193.0,6657.0
SAL-Ei-LM,bom_deep_7_3_15_5_No1_p40_ao81_am15_5_m35_ao81_am34_1,81,5,SATISFIED,1.0258,147146336.0,3310.0
SAL-Ei-LM,bom_deep_7_3_15_5_No1_p40_ao81_am15_5_m35_ao81_am34_1,81,6,SATISFIED,1.0262,148768163.0,3458.0
SAL-Ei-LM,bom_deep_7_3_15_5_No1_p40_ao81_am15_5_m35_ao81_am34_1,81,7,SATISFIED,1.0257,144270725.0,3513.0
SAL-Ei-LM,bom_deep_7_3_15_5_No1_p40_ao81_am15_5_m35_ao81_am34_1,81,8,SATISFIED,1.0255,144981359.0,5261.0
SAL-Ei-LM,bom_deep_7_3_15_5_No1_p40_ao81_am15_5_m35_ao81_am34_1,81,9,SATISFIED,1.0232,153048947.0,3357.0
SAL-Ei-LM,bom_deep_7_3_15_5_No1_p40_ao81_am15_5_m35_ao81_am34_1,81,10,SATISFIED,1.0245,153001847.0,3890.0
SAL-Ei-LM,bom_deep_7_3_15_5_No1_p40_ao81_am15_5_m35_ao81_am34_3,81,1,SATISFIED,1.0227,204119295.0,6058.0
SAL-Ei-LM,bom_deep_7_3_15_5_No1_p40_ao81_am15_5_m35_ao81_am34_3,81,2,SATISFIED,1.0203,246726053.0,6515.0
SAL-Ei-LM,bom_deep_7_3_15_5_No1_p40_ao81_am15_5_m35_ao81_am34_3,81,3,SATISFIED,1.0221,208430791.0,6569.0
SAL-Ei-LM,bom_deep_7_3_15_5_No1_p40_ao81_am15_5_m35_ao81_am34_3,81,4,SATISFIED,1.0216,216597900.0,6681.0
SAL-Ei-LM,bom_deep_7_3_15_5_No1_p40_ao81_am15_5_m35_ao81_am34_3,81,5,SATISFIED,1.0238,210294390.0,3417.0
SAL-Ei-LM,bom_deep_7_3_15_5_No1_p40_ao81_am15_5_m35_ao81_am34_3,81,6,SATISFIED,1.021,266290824.0,3451.0
SAL-Ei-LM,bom_deep_7_3_15_5_No1_p40_ao81_am15_5_m35_ao81_am34_3,81,7,SATISFIED,1.0225,222761566.0,4585.0
SAL-Ei-LM,bom_deep_7_3_15_5_No1_p40_ao81_am15_5_m35_ao81_am34_3,81,8,SATISFIED,1.0221,219316078.0,6733.0
SAL-Ei-LM,bom_deep_7_3_15_5_No1_p40_ao81_am15_5_m35_ao81_am34_3,81,9,SATISFIED,1.022,212886371.0,6566.0
SAL-Ei-LM,bom_deep_7_3_15_5_No1_p40_ao81_am15_5_m35_ao81_am34_3,81,10,SATISFIED,1.022,213173203.0,6594.0
SAL-Ei-LM,bom_deep_7_3_15_5_No1_p40_ao81_am15_5_m35_ao81_am34_4,81,1,SATISFIED,1.022,225362637.0,6605.0
SAL-Ei-LM,bom_deep_7_3_15_5_No1_p40_ao81_am15_5_m35_ao81_am34_4,81,2,SATISFIED,1.0204,234458777.0,6619.0
SAL-Ei-LM,bom_deep_7_3_15_5_No1_p40_ao81_am15_5_m35_ao81_am34_4,81,3,SATISFIED,1.0213,214264781.0,6499.0
SAL-Ei-LM,bom_deep_7_3_15_5_No1_p40_ao81_am15_5_m35_ao81_am34_4,81,4,SATISFIED,1.0228,219610000.0,6529.0
SAL-Ei-LM,bom_deep_7_3_15_5_No1_p40_ao81_am15_5_m35_ao81_am34_4,81,5,SATISFIED,1.0196,240934028.0,6598.0
SAL-Ei-LM,bom_deep_7_3_15_5_No1_p40_ao81_am15_5_m35_ao81_am34_4,81,6,SATISFIED,1.011,260548249.0,6416.0
SAL-Ei-LM,bom_deep_7_3_15_5_No1_p40_ao81_am15_5_m35_ao81_am34_4,81,7,SATISFIED,1.0119,225980594.0,6425.0
SAL-Ei-LM,bom_deep_7_3_15_5_No1_p40_ao81_am15_5_m35_ao81_am34_4,81,8,SATISFIED,1.0121,218901245.0,6393.0
SAL-Ei-LM,bom_deep_7_3_15_5_No1_p40_ao81_am15_5_m35_ao81_am34_4,81,9,SATISFIED,1.0114,250555342.0,6465.0
SAL-Ei-LM,bom_deep_7_3_15_5_No1_p40_ao81_am15_5_m35_ao81_am34_4,81,10,SATISFIED,1.0122,214602778.0,6455.0
SAL-Ei-LM,bom_deep_7_3_15_5_No1_p40_ao81_am15_5_m35_ao81_am35_2,81,1,SATISFIED,1.0124,175021628.0,6447.0
SAL-Ei-LM,bom_deep_7_3_15_5_No1_p40_ao81_am15_5_m35_ao81_am35_2,81,2,SATISFIED,1.0108,139472760.0,6416.0
SAL-Ei-LM,bom_deep_7_3_15_5_No1_p40_ao81_am15_5_m35_ao81_am35_2,81,3,SATISFIED,1.0113,163821795.0,6419.0
SAL-Ei-LM,bom_deep_7_3_15_5_No1_p40_ao81_am15_5_m35_ao81_am35_2,81,4,SATISFIED,1.0127,132441322.0,6479.0
SAL-Ei-LM,bom_deep_7_3_15_5_No1_p40_ao81_am15_5_m35_ao81_am35_2,81,5,SATISFIED,1.0129,155166774.0,6410.0
SAL-Ei-LM,bom_deep_7_3_15_5_No1_p40_ao81_am15_5_m35_ao81_am35_2,81,6,SATISFIED,1.0127,137574092.0,6427.0
SAL-Ei-LM,bom_deep_7_3_15_5_No1_p40_ao81_am15_5_m35_ao81_am35_2,81,7,SATISFIED,1.0123,159597145.0,6438.0
SAL-Ei-LM,bom_deep_7_3_15_5_No1_p40_ao81_am15_5_m35_ao81_am35_2,81,8,SATISFIED,1.0169,129574516.0,3325.0
SAL-Ei-LM,bom_deep_7_3_15_5_No1_p40_ao81_am15_5_m35_ao81_am35_2,81,9,SATISFIED,1.0248,157124051.0,3386.0
SAL-Ei-LM,bom_deep_7_3_15_5_No1_p40_ao81_am15_5_m35_ao81_am35_2,81,10,SATISFIED,1.0259,165618452.0,3296.0
SAL-Ei-LM,bom_deep_7_3_15_5_No1_p40_ao81_am15_5_m35_ao81_am35_5,81,1,SATISFIED,1.0246,156530996.0,3365.0
SAL-Ei-LM,bom_deep_7_3_15_5_No1_p40_ao81_am15_5_m35_ao81_am35_5,81,2,SATISFIED,1.0244,144271642.0,3371.0
SAL-Ei-LM,bom_deep_7_3_15_5_No1_p40_ao81_am15_5_m35_ao81_am35_5,81,3,SATISFIED,1.0262,163521518.0,3385.0
SAL-Ei-LM,bom_deep_7_3_15_5_No1_p40_ao81_am15_5_m35_ao81_am35_5,81,4,SATISFIED,1.0245,162710387.0,4198.0
SAL-Ei-LM,bom_deep_7_3_15_5_No1_p40_ao81_am15_5_m35_ao81_am35_5,81,5,SATISFIED,1.0246,154817907.0,6405.0
SAL-Ei-LM,bom_deep_7_3_15_5_No1_p40_ao81_am15_5_m35_ao81_am35_5,81,6,SATISFIED,1.0244,151480715.0,6531.0
SAL-Ei-LM,bom_deep_7_3_15_5_No1_p40_ao81_am15_5_m35_ao81_am35_5,81,7,SATISFIED,1.0239,150724669.0,6466.0
SAL-Ei-LM,bom_deep_7_3_15_5_No1_p40_ao81_am15_5_m35_ao81_am35_5,81,8,SATISFIED,1.0253,149032460.0,6357.0
SAL-Ei-LM,bom_deep_7_3_15_5_No1_p40_ao81_am15_5_m35_ao81_am35_5,81,9,SATISFIED,1.0223,170875975.0,4148.0
SAL-Ei-LM,bom_deep_7_3_15_5_No1_p40_ao81_am15_5_m35_ao81_am35_5,81,10,SATISFIED,1.0237,148319249.0,3409.0
SAL-Ei-LM,bom_deep_7_3_15_5_No1_p50_ao87_am15_1,87,1,SATISFIED,1.0252,122887715.0,3966.0
SAL-Ei-LM,bom_deep_7_3_15_5_No1_p50_ao87_am15_1,87,2,SATISFIED,1.024,122718595.0,4847.0
SAL-Ei-LM,bom_deep_7_3_15_5_No1_p50_ao87_am15_1,87,3,SATISFIED,1.0235,122703680.0,7357.0
SAL-Ei-LM,bom_deep_7_3_15_5_No1_p50_ao87_am15_1,87,4,SATISFIED,1.0223,122592220.0,3949.0
SAL-Ei-LM,bom_deep_7_3_15_5_No1_p50_ao87_am15_1,87,5,SATISFIED,1.0256,123070480.0,3978.0
SAL-Ei-LM,bom_deep_7_3_15_5_No1_p50_ao87_am15_1,87,6,SATISFIED,1.0254,123046555.0,4260.0
SAL-Ei-LM,bom_deep_7_3_15_5_No1_p50_ao87_am15_1,87,7,SATISFIED,1.0247,123116920.0,6746.0
SAL-Ei-LM,bom_deep_7_3_15_5_No1_p50_ao87_am15_1,87,8,SATISFIED,1.0243,123026740.0,7564.0
SAL-Ei-LM,bom_deep_7_3_15_5_No1_p50_ao87_am15_1,87,9,SATISFIED,1.0274,122663610.0,7645.0
SAL-Ei-LM,bom_deep_7_3_15_5_No1_p50_ao87_am15_1,87,10,SATISFIED,1.0217,123158710.0,7611.0
SAL-Ei-LM,bom_deep_7_3_15_5_No1_p50_ao87_am15_1_m10_ao87_am10_1,87,1,SATISFIED,1.023,150481436.0,8721.0
SAL-Ei-LM,bom_deep_7_3_15_5_No1_p50_ao87_am15_1_m10_ao87_am10_1,87,2,SATISFIED,1.0147,152832321.0,4477.0
SAL-Ei-LM,bom_deep_7_3_15_5_No1_p50_ao87_am15_1_m10_ao87_am10_1,87,3,SATISFIED,1.019,150515496.0,4853.0
SAL-Ei-LM,bom_deep_7_3_15_5_No1_p50_ao87_am15_1_m10_ao87_am10_1,87,4,SATISFIED,1.0208,151575069.0,4405.0
SAL-Ei-LM,bom_deep_7_3_15_5_No1_p50_ao87_am15_1_m10_ao87_am10_1,87,5,SATISFIED,1.0219,149828080.0,4428.0
SAL-Ei-LM,bom_deep_7_3_15_5_No1_p50_ao87_am15_1_m10_ao87_am10_1,87,6,SATISFIED,1.0191,150372145.0,4913.0
SAL-Ei-LM,bom_deep_7_3_15_5_No1_p50_ao87_am15_1_m10_ao87_am10_1,87,7,SATISFIED,1.0223,150334204.0,6561.0
SAL-Ei-LM,bom_deep_7_3_15_5_No1_p50_ao87_am15_1_m10_ao87_am10_1,87,8,SATISFIED,1.0239,149989427.0,4539.0
SAL-Ei-LM,bom_deep_7_3_15_5_No1_p50_ao87_am15_1_m10_ao87_am10_1,87,9,SATISFIED,1.0237,148511243.0,5888.0
SAL-Ei-LM,bom_deep_7_3_15_5_No1_p50_ao87_am15_1_m10_ao87_am10_1,87,10,SATISFIED,1.0216,150710517.0,8427.0
SAL-Ei-LM,bom_deep_7_3_15_5_No1_p50_ao87_am15_1_m10_ao87_am10_2,87,1,SATISFIED,1.0243,236200083.0,8139.0
SAL-Ei-LM,bom_deep_7_3_15_5_No1_p50_ao87_am15_1_m10_ao87_am10_2,87,2,SATISFIED,1.0264,236196327.0,8147.0
SAL-Ei-LM,bom_deep_7_3_15_5_No1_p50_ao87_am15_1_m10_ao87_am10_2,87,3,SATISFIED,1.0233,236210225.0,8153.0
SAL-Ei-LM,bom_deep_7_3_15_5_No1_p50_ao87_am15_1_m10_ao87_am10_2,87,4,SATISFIED,1.0229,236217020.0,8321.0
SAL-Ei-LM,bom_deep_7_3_15_5_No1_p50_ao87_am15_1_m10_ao87_am10_2,87,5,SATISFIED,1.0224,236160213.0,8078.0
SAL-Ei-LM,bom_deep_7_3_15_5_No1_p50_ao87_am15_1_m10_ao87_am10_2,87,6,SATISFIED,1.0291,236209997.0,4176.0
SAL-Ei-LM,bom_deep_7_3_15_5_No1_p50_ao87_am15_1_m10_ao87_am10_2,87,7,SATISFIED,1.0269,236184739.0,4160.0
SAL-Ei-LM,bom_deep_7_3_15_5_No1_p50_ao87_am15_1_m10_ao87_am10_2,87,8,SATISFIED,1.0244,244242208.0,4368.0
SAL-Ei-LM,bom_deep_7_3_15_5_No1_p50_ao87_am15_1_m10_ao87_am10_2,87,9,SATISFIED,1.023,236218128.0,4349.0
SAL-Ei-LM,bom_deep_7_3_15_5_No1_p50_ao87_am15_1_m10_ao87_am10_2,87,10,SATISFIED,1.02,236209460.0,4248.0
SAL-Ei-LM,bom_deep_7_3_15_5_No1_p50_ao87_am15_1_m10_ao87_am10_3,87,1,SATISFIED,1.0237,117460365.0,4176.0
SAL-Ei-LM,bom_deep_7_3_15_5_No1_p50_ao87_am15_1_m10_ao87_am10_3,87,2,SATISFIED,1.0219,115173173.0,4259.0
SAL-Ei-LM,bom_deep_7_3_15_5_No1_p50_ao87_am15_1_m10_ao87_am10_3,87,3,SATISFIED,1.0192,113337221.0,5408.0
SAL-Ei-LM,bom_deep_7_3_15_5_No1_p50_ao87_am15_1_m10_ao87_am10_3,87,4,SATISFIED,1.0227,109628093.0,4069.0
SAL-Ei-LM,bom_deep_7_3_15_5_No1_p50_ao87_am15_1_m10_ao87_am10_3,87,5,SATISFIED,1.0222,121357357.0,4566.0
SAL-Ei-LM,bom_deep_7_3_15_5_No1_p50_ao87_am15_1_m10_ao87_am10_3,87,6,SATISFIED,1.0239,110890458.0,5990.0
SAL-Ei-LM,bom_deep_7_3_15_5_No1_p50_ao87_am15_1_m10_ao87_am10_3,87,7,SATISFIED,1.0243,114288545.0,4346.0
SAL-Ei-LM,bom_deep_7_3_15_5_No1_p50_ao87_am15_1_m10_ao87_am10_3,87,8,SATISFIED,1.0223,110210385.0,5334.0
SAL-Ei-LM,bom_deep_7_3_15_5_No1_p50_ao87_am15_1_m10_ao87_am10_3,87,9,SATISFIED,1.0211,135817683.0,7829.0
SAL-Ei-LM,bom_deep_7_3_15_5_No1_p50_ao87_am15_1_m10_ao87_am10_3,87,10,SATISFIED,1.0189,121819002.0,7935.0
SAL-Ei-LM,bom_deep_7_3_15_5_No1_p50_ao87_am15_1_m10_ao87_am10_4,87,1,SATISFIED,1.0207,165134480.0,8392.0
SAL-Ei-LM,bom_deep_7_3_15_5_No1_p50_ao87_am15_1_m10_ao87_am10_4,87,2,SATISFIED,1.0221,168848825.0,8426.0
SAL-Ei-LM,bom_deep_7_3_15_5_No1_p50_ao87_am15_1_m10_ao87_am10_4,87,3,SATISFIED,1.0221,165127915.0,8485.0
SAL-Ei-LM,bom_deep_7_3_15_5_No1_p50_ao87_am15_1_m10_ao87_am10_4,87,4,SATISFIED,1.0222,163672055.0,8374.0
SAL-Ei-LM,bom_deep_7_3_15_5_No1_p50_ao87_am15_1_m10_ao87_am10_4,87,5,SATISFIED,1.0207,163858935.0,8428.0
SAL-Ei-LM,bom_deep_7_3_15_5_No1_p50_ao87_am15_1_m10_ao87_am10_4,87,6,SATISFIED,1.0218,165274880.0,4313.0
SAL-Ei-LM,bom_deep_7_3_15_5_No1_p50_ao87_am15_1_m10_ao87_am10_4,87,7,SATISFIED,1.0192,163704950.0,4681.0
SAL-Ei-LM,bom_deep_7_3_15_5_No1_p50_ao87_am15_1_m10_ao87_am10_4,87,8,SATISFIED,1.0199,164276440.0,7686.0
SAL-Ei-LM,bom_deep_7_3_15_5_No1_p50_ao87_am15_1_m10_ao87_am10_4,87,9,SATISFIED,1.0207,164995090.0,8213.0
SAL-Ei-LM,bom_deep_7_3_15_5_No1_p50_ao87_am15_1_m10_ao87_am10_4,87,10,SATISFIED,1.0196,163645525.0,8364.0
SAL-Ei-LM,bom_deep_7_3_15_5_No1_p50_ao87_am15_1_m10_ao87_am10_5,87,1,SATISFIED,1.0226,238101680.0,8065.0
SAL-Ei-LM,bom_deep_7_3_15_5_No1_p50_ao87_am15_1_m10_ao87_am10_5,87,2,SATISFIED,1.023,244648525.0,8320.0
SAL-Ei-LM,bom_deep_7_3_15_5_No1_p50_ao87_am15_1_m10_ao87_am10_5,87,3,SATISFIED,1.0231,238137730.0,8269.0
SAL-Ei-LM,bom_deep_7_3_15_5_No1_p50_ao87_am15_1_m10_ao87_am10_5,87,4,SATISFIED,1.0254,252793928.0,8191.0
SAL-Ei-LM,bom_deep_7_3_15_5_No1_p50_ao87_am15_1_m10_ao87_am10_5,87,5,SATISFIED,1.0229,250709595.0,8068.0
SAL-Ei-LM,bom_deep_7_3_15_5_No1_p50_ao87_am15_1_m10_ao87_am10_5,87,6,SATISFIED,1.0239,238100240.0,8340.0
SAL-Ei-LM,bom_deep_7_3_15_5_No1_p50_ao87_am15_1_m10_ao87_am10_5,87,7,SATISFIED,1.0245,253195844.0,8277.0
SAL-Ei-LM,bom_deep_7_3_15_5_No1_p50_ao87_am15_1_m10_ao87_am10_5,87,8,SATISFIED,1.0237,252643154.0,8297.0
SAL-Ei-LM,bom_deep_7_3_15_5_No1_p50_ao87_am15_1_m10_ao87_am10_5,87,9,SATISFIED,1.0231,238097080.0,8315.0
SAL-Ei-LM,bom_deep_7_3_15_5_No1_p50_ao87_am15_1_m10_ao87_am10_5,87,10,SATISFIED,1.0234,244700555.0,8235.0
SAL-Ei-LM,bom_deep_7_3_15_5_No1_p50_ao87_am15_1_m25_ao87_am19_1,87,1,SATISFIED,1.0225,123892955.0,8251.0
SAL-Ei-LM,bom_deep_7_3_15_5_No1_p50_ao87_am15_1_m25_ao87_am19_1,87,2,SATISFIED,1.0212,123887010.0,8294.0
SAL-Ei-LM,bom_deep_7_3_15_5_No1_p50_ao87_am15_1_m25_ao87_am19_1,87,3,SATISFIED,1.0238,123611225.0,8215.0
SAL-Ei-LM,bom_deep_7_3_15_5_No1_p50_ao87_am15_1_m25_ao87_am19_1,87,4,SATISFIED,1.0239,123879140.0,8072.0
SAL-Ei-LM,bom_deep_7_3_15_5_No1_p50_ao87_am15_1_m25_ao87_am19_1,87,5,SATISFIED,1.0217,123988310.0,8071.0
SAL-Ei-LM,bom_deep_7_3_15_5_No1_p50_ao87_am15_1_m25_ao87_am19_1,87,6,SATISFIED,1.0233,123790245.0,7772.0
SAL-Ei-LM,bom_deep_7_3_15_5_No1_p50_ao87_am15_1_m25_ao87_am19_1,87,7,SATISFIED,1.0229,123798790.0,8208.0
SAL-Ei-LM,bom_deep_7_3_15_5_No1_p50_ao87_am15_1_m25_ao87_am19_1,87,8,SATISFIED,1.0223,123979075.0,8243.0
SAL-Ei-LM,bom_deep_7_3_15_5_No1_p50_ao87_am15_1_m25_ao87_am19_1,87,9,SATISFIED,1.0225,124013205.0,7931.0
SAL-Ei-LM,bom_deep_7_3_15_5_No1_p50_ao87_am15_1_m25_ao87_am19_1,87,10,SATISFIED,1.0244,123876315.0,8057.0
SAL-Ei-LM,bom_deep_7_3_15_5_No1_p50_ao87_am15_1_m25_ao87_am20_3,87,1,SATISFIED,1.026,176957448.0,7289.0
SAL-Ei-LM,bom_deep_7_3_15_5_No1_p50_ao87_am15_1_m25_ao87_am20_3,87,2,SATISFIED,1.0247,176938051.0,4244.0
SAL-Ei-LM,bom_deep_7_3_15_5_No1_p50_ao87_am15_1_m25_ao87_am20_3,87,3,SATISFIED,1.0248,177081598.0,4149.0
SAL-Ei-LM,bom_deep_7_3_15_5_No1_p50_ao87_am15_1_m25_ao87_am20_3,87,4,SATISFIED,1.0216,177233934.0,4283.0
SAL-Ei-LM,bom_deep_7_3_15_5_No1_p50_ao87_am15_1_m25_ao87_am20_3,87,5,SATISFIED,1.0243,177215024.0,5309.0
SAL-Ei-LM,bom_deep_7_3_15_5_No1_p50_ao87_am15_1_m25_ao87_am20_3,87,6,SATISFIED,1.0225,177203664.0,8061.0
SAL-Ei-LM,bom_deep_7_3_15_5_No1_p50_ao87_am15_1_m25_ao87_am20_3,87,7,SATISFIED,1.023,176792072.0,8187.0
SAL-Ei-LM,bom_deep_7_3_15_5_No1_p50_ao87_am15_1_m25_ao87_am20_3,87,8,SATISFIED,1.0214,177156955.0,8136.0
SAL-Ei-LM,bom_deep_7_3_15_5_No1_p50_ao87_am15_1_m25_ao87_am20_3,87,9,SATISFIED,1.0244,177047480.0,5363.0
SAL-Ei-LM,bom_deep_7_3_15_5_No1_p50_ao87_am15_1_m25_ao87_am20_3,87,10,SATISFIED,1.0272,177197209.0,4146.0
SAL-Ei-LM,bom_deep_7_3_15_5_No1_p50_ao87_am15_1_m25_ao87_am20_4,87,1,SATISFIED,1.0249,46869085.0,4352.0
SAL-Ei-LM,bom_deep_7_3_15_5_No1_p50_ao87_am15_1_m25_ao87_am20_4,87,2,SATISFIED,1.0274,46403650.0,4099.0
SAL-Ei-LM,bom_deep_7_3_15_5_No1_p50_ao87_am15_1_m25_ao87_am20_4,87,3,SATISFIED,1.0265,47445300.0,4027.0
SAL-Ei-LM,bom_deep_7_3_15_5_No1_p50_ao87_am15_1_m25_ao87_am20_4,87,4,SATISFIED,1.0299,46577405.0,4097.0
SAL-Ei-LM,bom_deep_7_3_15_5_No1_p50_ao87_am15_1_m25_ao87_am20_4,87,5,SATISFIED,1.0221,46557120.0,4646.0
SAL-Ei-LM,bom_deep_7_3_15_5_No1_p50_ao87_am15_1_m25_ao87_am20_4,87,6,SATISFIED,1.0218,46584265.0,7518.0
SAL-Ei-LM,bom_deep_7_3_15_5_No1_p50_ao87_am15_1_m25_ao87_am20_4,87,7,SATISFIED,1.019,46164835.0,7898.0
SAL-Ei-LM,bom_deep_7_3_15_5_No1_p50_ao87_am15_1_m25_ao87_am20_4,87,8,SATISFIED,1.0186,46212497.0,8058.0
SAL-Ei-LM,bom_deep_7_3_15_5_No1_p50_ao87_am15_1_m25_ao87_am20_4,87,9,SATISFIED,1.0185,46497610.0,7920.0
SAL-Ei-LM,bom_deep_7_3_15_5_No1_p50_ao87_am15_1_m25_ao87_am20_4,87,10,SATISFIED,1.0193,46665215.0,7977.0
SAL-Ei-LM,bom_deep_7_3_15_5_No1_p50_ao87_am15_1_m25_ao87_am21_5,87,1,SATISFIED,1.0235,222457022.0,4047.0
SAL-Ei-LM,bom_deep_7_3_15_5_No1_p50_ao87_am15_1_m25_ao87_am21_5,87,2,SATISFIED,1.0197,222439405.0,4418.0
SAL-Ei-LM,bom_deep_7_3_15_5_No1_p50_ao87_am15_1_m25_ao87_am21_5,87,3,SATISFIED,1.0182,222539835.0,7053.0
SAL-Ei-LM,bom_deep_7_3_15_5_No1_p50_ao87_am15_1_m25_ao87_am21_5,87,4,SATISFIED,1.0171,222483730.0,7584.0
SAL-Ei-LM,bom_deep_7_3_15_5_No1_p50_ao87_am15_1_m25_ao87_am21_5,87,5,SATISFIED,1.0189,222207685.0,7524.0
SAL-Ei-LM,bom_deep_7_3_15_5_No1_p50_ao87_am15_1_m25_ao87_am21_5,87,6,SATISFIED,1.0203,222268080.0,7528.0
SAL-Ei-LM,bom_deep_7_3_15_5_No1_p50_ao87_am15_1_m25_ao87_am21_5,87,7,SATISFIED,1.0208,222444735.0,7445.0
SAL-Ei-LM,bom_deep_7_3_15_5_No1_p50_ao87_am15_1_m25_ao87_am21_5,87,8,SATISFIED,1.0246,244372600.0,4125.0
SAL-Ei-LM,bom_deep_7_3_15_5_No1_p50_ao87_am15_1_m25_ao87_am21_5,87,9,SATISFIED,1.025,222267280.0,3888.0
SAL-Ei-LM,bom_deep_7_3_15_5_No1_p50_ao87_am15_1_m25_ao87_am21_5,87,10,SATISFIED,1.025,222585140.0,4097.0
SAL-Ei-LM,bom_deep_7_3_15_5_No1_p50_ao87_am15_1_m25_ao87_am24_2,87,1,SATISFIED,1.0221,132256925.0,4693.0
SAL-Ei-LM,bom_deep_7_3_15_5_No1_p50_ao87_am15_1_m25_ao87_am24_2,87,2,SATISFIED,1.0177,131473872.0,7193.0
SAL-Ei-LM,bom_deep_7_3_15_5_No1_p50_ao87_am15_1_m25_ao87_am24_2,87,3,SATISFIED,1.0211,131387897.0,7906.0
SAL-Ei-LM,bom_deep_7_3_15_5_No1_p50_ao87_am15_1_m25_ao87_am24_2,87,4,SATISFIED,1.0218,131433575.0,7903.0
SAL-Ei-LM,bom_deep_7_3_15_5_No1_p50_ao87_am15_1_m25_ao87_am24_2,87,5,SATISFIED,1.0203,131410862.0,7944.0
SAL-Ei-LM,bom_deep_7_3_15_5_No1_p50_ao87_am15_1_m25_ao87_am24_2,87,6,SATISFIED,1.0188,131338595.0,7948.0
SAL-Ei-LM,bom_deep_7_3_15_5_No1_p50_ao87_am15_1_m25_ao87_am24_2,87,7,SATISFIED,1.0233,131366290.0,4073.0
SAL-Ei-LM,bom_deep_7_3_15_5_No1_p50_ao87_am15_1_m25_ao87_am24_2,87,8,SATISFIED,1.0233,131354810.0,4168.0
SAL-Ei-LM,bom_deep_7_3_15_5_No1_p50_ao87_am15_1_m25_ao87_am24_2,87,9,SATISFIED,1.0269,131458587.0,4106.0
SAL-Ei-LM,bom_deep_7_3_15_5_No1_p50_ao87_am15_1_m25_ao87_am24_2,87,10,SATISFIED,1.0238,131987422.0,4316.0
SAL-Ei-LM,bom_deep_7_3_15_5_No1_p50_ao87_am15_2,87,1,SATISFIED,1.0233,111543250.0,3984.0
SAL-Ei-LM,bom_deep_7_3_15_5_No1_p50_ao87_am15_2,87,2,SATISFIED,1.0197,106565812.0,5038.0
SAL-Ei-LM,bom_deep_7_3_15_5_No1_p50_ao87_am15_2,87,3,SATISFIED,1.0234,108915196.0,3754.0
SAL-Ei-LM,bom_deep_7_3_15_5_No1_p50_ao87_am15_2,87,4,SATISFIED,1.0278,114904085.0,3927.0
SAL-Ei-LM,bom_deep_7_3_15_5_No1_p50_ao87_am15_2,87,5,SATISFIED,1.0241,120971392.0,3631.0
SAL-Ei-LM,bom_deep_7_3_15_5_No1_p50_ao87_am15_2,87,6,SATISFIED,1.0252,111478994.0,3957.0
SAL-Ei-LM,bom_deep_7_3_15_5_No1_p50_ao87_am15_2,87,7,SATISFIED,1.0207,104463643.0,4866.0
SAL-Ei-LM,bom_deep_7_3_15_5_No1_p50_ao87_am15_2,87,8,SATISFIED,1.0243,100573785.0,7403.0
SAL-Ei-LM,bom_deep_7_3_15_5_No1_p50_ao87_am15_2,87,9,SATISFIED,1.0271,102554724.0,3798.0
SAL-Ei-LM,bom_deep_7_3_15_5_No1_p50_ao87_am15_2,87,10,SATISFIED,1.0262,114266589.0,3969.0
SAL-Ei-LM,bom_deep_7_3_15_5_No1_p50_ao87_am15_2_m10_ao87_am10_1,87,1,SATISFIED,1.0265,383664399.0,5672.0
SAL-Ei-LM,bom_deep_7_3_15_5_No1_p50_ao87_am15_2_m10_ao87_am10_1,87,2,SATISFIED,1.0221,387044905.0,8672.0
SAL-Ei-LM,bom_deep_7_3_15_5_No1_p50_ao87_am15_2_m10_ao87_am10_1,87,3,SATISFIED,1.0226,338710309.0,4513.0
SAL-Ei-LM,bom_deep_7_3_15_5_No1_p50_ao87_am15_2_m10_ao87_am10_1,87,4,SATISFIED,1.0226,369595819.0,4512.0
SAL-Ei-LM,bom_deep_7_3_15_5_No1_p50_ao87_am15_2_m10_ao87_am10_1,87,5,SATISFIED,1.0263,338710869.0,4400.0
SAL-Ei-LM,bom_deep_7_3_15_5_No1_p50_ao87_am15_2_m10_ao87_am10_1,87,6,SATISFIED,1.0252,339820629.0,4618.0
SAL-Ei-LM,bom_deep_7_3_15_5_No1_p50_ao87_am15_2_m10_ao87_am10_1,87,7,SATISFIED,1.025,361448270.0,4445.0
SAL-Ei-LM,bom_deep_7_3_15_5_No1_p50_ao87_am15_2_m10_ao87_am10_1,87,8,SATISFIED,1.0254,349122991.0,4591.0
SAL-Ei-LM,bom_deep_7_3_15_5_No1_p50_ao87_am15_2_m10_ao87_am10_1,87,9,SATISFIED,1.0256,430870738.0,4559.0
SAL-Ei-LM,bom_deep_7_3_15_5_No1_p50_ao87_am15_2_m10_ao87_am10_1,87,10,SATISFIED,1.026,404356423.0,4570.0
SAL-Ei-LM,bom_deep_7_3_15_5_No1_p50_ao87_am15_2_m10_ao87_am10_2,87,1,SATISFIED,1.026,454405033.0,4398.0
SAL-Ei-LM,bom_deep_7_3_15_5_No1_p50_ao87_am15_2_m10_ao87_am10_2,87,2,SATISFIED,1.0248,452208390.0,5927.0
SAL-Ei-LM,bom_deep_7_3_15_5_No1_p50_ao87_am15_2_m10_ao87_am10_2,87,3,SATISFIED,1.0228,437868875.0,8078.0
SAL-Ei-LM,bom_deep_7_3_15_5_No1_p50_ao87_am15_2_m10_ao87_am10_2,87,4,SATISFIED,1.0259,481142581.0,4185.0
SAL-Ei-LM,bom_deep_7_3_15_5_No1_p50_ao87_am15_2_m10_ao87_am10_2,87,5,SATISFIED,1.0286,503518083.0,4323.0
SAL-Ei-LM,bom_deep_7_3_15_5_No1_p50_ao87_am15_2_m10_ao87_am10_2,87,6,SATISFIED,1.027,533523236.0,5685.0
SAL-Ei-LM,bom_deep_7_3_15_5_No1_p50_ao87_am15_2_m10_ao87_am10_2,87,7,SATISFIED,1.0224,454660251.0,8289.0
SAL-Ei-LM,bom_deep_7_3_15_5_No1_p50_ao87_am15_2_m10_ao87_am10_2,87,8,SATISFIED,1.0244,460142584.0,8202.0
SAL-Ei-LM,bom_deep_7_3_15_5_No1_p50_ao87_am15_2_m10_ao87_am10_2,87,9,SATISFIED,1.0235,439900904.0,7935.0
SAL-Ei-LM,bom_deep_7_3_15_5_No1_p50_ao87_am15_2_m10_ao87_am10_2,87,10,SATISFIED,1.0226,446585147.0,4298.0
SAL-Ei-LM,bom_deep_7_3_15_5_No1_p50_ao87_am15_2_m10_ao87_am10_3,87,1,SATISFIED,1.0251,236349432.0,4315.0
SAL-Ei-LM,bom_deep_7_3_15_5_No1_p50_ao87_am15_2_m10_ao87_am10_3,87,2,SATISFIED,1.029,201513859.0,4039.0
SAL-Ei-LM,bom_deep_7_3_15_5_No1_p50_ao87_am15_2_m10_ao87_am10_3,87,3,SATISFIED,1.0248,195791607.0,4189.0
SAL-Ei-LM,bom_deep_7_3_15_5_No1_p50_ao87_am15_2_m10_ao87_am10_3,87,4,SATISFIED,1.0284,194147761.0,4099.0
SAL-Ei-LM,bom_deep_7_3_15_5_No1_p50_ao87_am15_2_m10_ao87_am10_3,87,5,SATISFIED,1.0267,231368011.0,4133.0
SAL-Ei-LM,bom_deep_7_3_15_5_No1_p50_ao87_am15_2_m10_ao87_am10_3,87,6,SATISFIED,1.0267,218751764.0,5115.0
SAL-Ei-LM,bom_deep_7_3_15_5_No1_p50_ao87_am15_2_m10_ao87_am10_3,87,7,SATISFIED,1.0281,199240959.0,4118.0
SAL-Ei-LM,bom_deep_7_3_15_5_No1_p50_ao87_am15_2_m10_ao87_am10_3,87,8,SATISFIED,1.0271,223775149.0,4247.0
SAL-Ei-LM,bom_deep_7_3_15_5_No1_p50_ao87_am15_2_m10_ao87_am10_3,87,9,SATISFIED,1.0248,213674568.0,5206.0
SAL-Ei-LM,bom_deep_7_3_15_5_No1_p50_ao87_am15_2_m10_ao87_am10_3,87,10,SATISFIED,1.0261,192673496.0,7847.0
SAL-Ei-LM,bom_deep_7_3_15_5_No1_p50_ao87_am15_2_m10_ao87_am10_4,87,1,SATISFIED,1.0249,634529691.0,8197.0
SAL-Ei-LM,bom_deep_7_3_15_5_No1_p50_ao87_am15_2_m10_ao87_am10_4,87,2,SATISFIED,1.0245,606345145.0,8295.0
SAL-Ei-LM,bom_deep_7_3_15_5_No1_p50_ao87_am15_2_m10_ao87_am10_4,87,3,SATISFIED,1.0235,587477435.0,8248.0
SAL-Ei-LM,bom_deep_7_3_15_5_No1_p50_ao87_am15_2_m10_ao87_am10_4,87,4,SATISFIED,1.0235,577263203.0,4238.0
SAL-Ei-LM,bom_deep_7_3_15_5_No1_p50_ao87_am15_2_m10_ao87_am10_4,87,5,SATISFIED,1.026,616982394.0,4691.0
SAL-Ei-LM,bom_deep_7_3_15_5_No1_p50_ao87_am15_2_m10_ao87_am10_4,87,6,SATISFIED,1.0251,605907370.0,7821.0
SAL-Ei-LM,bom_deep_7_3_15_5_No1_p50_ao87_am15_2_m10_ao87_am10_4,87,7,SATISFIED,1.0251,605975663.0,4375.0
SAL-Ei-LM,bom_deep_7_3_15_5_No1_p50_ao87_am15_2_m10_ao87_am10_4,87,8,SATISFIED,1.0224,585987777.0,4973.0
SAL-Ei-LM,bom_deep_7_3_15_5_No1_p50_ao87_am15_2_m10_ao87_am10_4,87,9,SATISFIED,1.0214,605864364.0,7856.0
SAL-Ei-LM,bom_deep_7_3_15_5_No1_p50_ao87_am15_2_m10_ao87_am10_4,87,10,SATISFIED,1.0209,605853951.0,8301.0
SAL-Ei-LM,bom_deep_7_3_15_5_No1_p50_ao87_am15_2_m10_ao87_am10_5,87,1,SATISFIED,1.0249,916044015.0,8282.0
SAL-Ei-LM,bom_deep_7_3_15_5_No1_p50_ao87_am15_2_m10_ao87_am10_5,87,2,SATISFIED,1.0229,916315740.0,8093.0
SAL-Ei-LM,bom_deep_7_3_15_5_No1_p50_ao87_am15_2_m10_ao87_am10_5,87,3,SATISFIED,1.0235,915928551.0,8337.0
SAL-Ei-LM,bom_deep_7_3_15_5_No1_p50_ao87_am15_2_m10_ao87_am10_5,87,4,SATISFIED,1.0235,915925968.0,8321.0
SAL-Ei-LM,bom_deep_7_3_15_5_No1_p50_ao87_am15_2_m10_ao87_am10_5,87,5,SATISFIED,1.0243,916025443.0,8356.0
SAL-Ei-LM,bom_deep_7_3_15_5_No1_p50_ao87_am15_2_m10_ao87_am10_5,87,6,SATISFIED,1.0238,915945643.0,8384.0
SAL-Ei-LM,bom_deep_7_3_15_5_No1_p50_ao87_am15_2_m10_ao87_am10_5,87,7,SATISFIED,1.0271,915942843.0,4155.0
SAL-Ei-LM,bom_deep_7_3_15_5_No1_p50_ao87_am15_2_m10_ao87_am10_5,87,8,SATISFIED,1.0271,916014943.0,4377.0
SAL-Ei-LM,bom_deep_7_3_15_5_No1_p50_ao87_am15_2_m10_ao87_am10_5,87,9,SATISFIED,1.0231,915994729.0,5652.0
SAL-Ei-LM,bom_deep_7_3_15_5_No1_p50_ao87_am15_2_m10_ao87_am10_5,87,10,SATISFIED,1.0235,915956718.0,8344.0
SAL-Ei-LM,bom_deep_7_3_15_5_No1_p50_ao87_am15_2_m25_ao87_am21_4,87,1,SATISFIED,1.0254,641593671.0,6704.0
SAL-Ei-LM,bom_deep_7_3_15_5_No1_p50_ao87_am15_2_m25_ao87_am21_4,87,2,SATISFIED,1.0206,590101845.0,4115.0
SAL-Ei-LM,bom_deep_7_3_15_5_No1_p50_ao87_am15_2_m25_ao87_am21_4,87,3,SATISFIED,1.0188,647330847.0,5427.0
SAL-Ei-LM,bom_deep_7_3_15_5_No1_p50_ao87_am15_2_m25_ao87_am21_4,87,4,SATISFIED,1.014,643383910.0,7842.0
SAL-Ei-LM,bom_deep_7_3_15_5_No1_p50_ao87_am15_2_m25_ao87_am21_4,87,5,SATISFIED,1.0165,567217064.0,4069.0
SAL-Ei-LM,bom_deep_7_3_15_5_No1_p50_ao87_am15_2_m25_ao87_am21_4,87,6,SATISFIED,1.0245,641299077.0,4062.0
SAL-Ei-LM,bom_deep_7_3_15_5_No1_p50_ao87_am15_2_m25_ao87_am21_4,87,7,SATISFIED,1.0191,635453395.0,5636.0
SAL-Ei-LM,bom_deep_7_3_15_5_No1_p50_ao87_am15_2_m25_ao87_am21_4,87,8,SATISFIED,1.0138,595781939.0,7810.0
SAL-Ei-LM,bom_deep_7_3_15_5_No1_p50_ao87_am15_2_m25_ao87_am21_4,87,9,SATISFIED,1.0139,652507930.0,7791.0
SAL-Ei-LM,bom_deep_7_3_15_5_No1_p50_ao87_am15_2_m25_ao87_am21_4,87,10,SATISFIED,1.0144,595547999.0,7763.0
SAL-Ei-LM,bom_deep_7_3_15_5_No1_p50_ao87_am15_2_m25_ao87_am22_2,87,1,SATISFIED,1.0148,420679536.0,7527.0
SAL-Ei-LM,bom_deep_7_3_15_5_No1_p50_ao87_am15_2_m25_ao87_am22_2,87,2,SATISFIED,1.0137,407243325.0,7252.0
SAL-Ei-LM,bom_deep_7_3_15_5_No1_p50_ao87_am15_2_m25_ao87_am22_2,87,3,SATISFIED,1.02,421177844.0,4211.0
SAL-Ei-LM,bom_deep_7_3_15_5_No1_p50_ao87_am15_2_m25_ao87_am22_2,87,4,SATISFIED,1.0257,450768405.0,4180.0
SAL-Ei-LM,bom_deep_7_3_15_5_No1_p50_ao87_am15_2_m25_ao87_am22_2,87,5,SATISFIED,1.025,469480661.0,4994.0
SAL-Ei-LM,bom_deep_7_3_15_5_No1_p50_ao87_am15_2_m25_ao87_am22_2,87,6,SATISFIED,1.0225,441226846.0,7912.0
SAL-Ei-LM,bom_deep_7_3_15_5_No1_p50_ao87_am15_2_m25_ao87_am22_2,87,7,SATISFIED,1.0211,428979272.0,7767.0
SAL-Ei-LM,bom_deep_7_3_15_5_No1_p50_ao87_am15_2_m25_ao87_am22_2,87,8,SATISFIED,1.0214,440145238.0,7780.0
SAL-Ei-LM,bom_deep_7_3_15_5_No1_p50_ao87_am15_2_m25_ao87_am22_2,87,9,SATISFIED,1.0221,444240897.0,7678.0
SAL-Ei-LM,bom_deep_7_3_15_5_No1_p50_ao87_am15_2_m25_ao87_am22_2,87,10,SATISFIED,1.0235,438089330.0,7615.0
SAL-Ei-LM,bom_deep_7_3_15_5_No1_p50_ao87_am15_2_m25_ao87_am23_3,87,1,SATISFIED,1.0231,370647009.0,7485.0
SAL-Ei-LM,bom_deep_7_3_15_5_No1_p50_ao87_am15_2_m25_ao87_am23_3,87,2,SATISFIED,1.023,341798416.0,7449.0
SAL-Ei-LM,bom_deep_7_3_15_5_No1_p50_ao87_am15_2_m25_ao87_am23_3,87,3,SATISFIED,1.0261,370115914.0,4054.0
SAL-Ei-LM,bom_deep_7_3_15_5_No1_p50_ao87_am15_2_m25_ao87_am23_3,87,4,SATISFIED,1.0287,338276422.0,4059.0
SAL-Ei-LM,bom_deep_7_3_15_5_No1_p50_ao87_am15_2_m25_ao87_am23_3,87,5,SATISFIED,1.0265,349166797.0,3909.0
SAL-Ei-LM,bom_deep_7_3_15_5_No1_p50_ao87_am15_2_m25_ao87_am23_3,87,6,SATISFIED,1.0238,335298243.0,3941.0
SAL-Ei-LM,bom_deep_7_3_15_5_No1_p50_ao87_am15_2_m25_ao87_am23_3,87,7,SATISFIED,1.0252,341022684.0,4847.0
SAL-Ei-LM,bom_deep_7_3_15_5_No1_p50_ao87_am15_2_m25_ao87_am23_3,87,8,SATISFIED,1.0207,376520215.0,3987.0
SAL-Ei-LM,bom_deep_7_3_15_5_No1_p50_ao87_am15_2_m25_ao87_am23_3,87,9,SATISFIED,1.0189,326917655.0,4343.0
SAL-Ei-LM,bom_deep_7_3_15_5_No1_p50_ao87_am15_2_m25_ao87_am23_3,87,10,SATISFIED,1.0193,366100902.0,7140.0
SAL-Ei-LM,bom_deep_7_3_15_5_No1_p50_ao87_am15_2_m25_ao87_am23_5,87,1,SATISFIED,1.0196,504872533.0,7993.0
SAL-Ei-LM,bom_deep_7_3_15_5_No1_p50_ao87_am15_2_m25_ao87_am23_5,87,2,SATISFIED,1.0173,453112329.0,8008.0
SAL-Ei-LM,bom_deep_7_3_15_5_No1_p50_ao87_am15_2_m25_ao87_am23_5,87,3,SATISFIED,1.0179,506486070.0,7998.0
SAL-Ei-LM,bom_deep_7_3_15_5_No1_p50_ao87_am15_2_m25_ao87_am23_5,87,4,SATISFIED,1.0185,483359097.0,7939.0
SAL-Ei-LM,bom_deep_7_3_15_5_No1_p50_ao87_am15_2_m25_ao87_am23_5,87,5,SATISFIED,1.0203,474378847.0,6525.0
SAL-Ei-LM,bom_deep_7_3_15_5_No1_p50_ao87_am15_2_m25_ao87_am23_5,87,6,SATISFIED,1.025,560666895.0,4074.0
SAL-Ei-LM,bom_deep_7_3_15_5_No1_p50_ao87_am15_2_m25_ao87_am23_5,87,7,SATISFIED,1.0243,495610729.0,5316.0
SAL-Ei-LM,bom_deep_7_3_15_5_No1_p50_ao87_am15_2_m25_ao87_am23_5,87,8,SATISFIED,1.0234,523009895.0,7680.0
SAL-Ei-LM,bom_deep_7_3_15_5_No1_p50_ao87_am15_2_m25_ao87_am23_5,87,9,SATISFIED,1.0236,510775751.0,7559.0
SAL-Ei-LM,bom_deep_7_3_15_5_No1_p50_ao87_am15_2_m25_ao87_am23_5,87,10,SATISFIED,1.0269,561053782.0,4163.0
SAL-Ei-LM,bom_deep_7_3_15_5_No1_p50_ao87_am15_2_m25_ao87_am24_1,87,1,SATISFIED,1.0234,723145820.0,4177.0
SAL-Ei-LM,bom_deep_7_3_15_5_No1_p50_ao87_am15_2_m25_ao87_am24_1,87,2,SATISFIED,1.0227,717334641.0,5377.0
SAL-Ei-LM,bom_deep_7_3_15_5_No1_p50_ao87_am15_2_m25_ao87_am24_1,87,3,SATISFIED,1.0226,720548458.0,7856.0
SAL-Ei-LM,bom_deep_7_3_15_5_No1_p50_ao87_am15_2_m25_ao87_am24_1,87,4,SATISFIED,1.0238,714277935.0,7941.0
SAL-Ei-LM,bom_deep_7_3_15_5_No1_p50_ao87_am15_2_m25_ao87_am24_1,87,5,SATISFIED,1.0235,713513590.0,7948.0
SAL-Ei-LM,bom_deep_7_3_15_5_No1_p50_ao87_am15_2_m25_ao87_am24_1,87,6,SATISFIED,1.0241,717603643.0,7903.0
SAL-Ei-LM,bom_deep_7_3_15_5_No1_p50_ao87_am15_2_m25_ao87_am24_1,87,7,SATISFIED,1.0213,721767340.0,7994.0
SAL-Ei-LM,bom_deep_7_3_15_5_No1_p50_ao87_am15_2_m25_ao87_am24_1,87,8,SATISFIED,1.0247,719122940.0,8284.0
SAL-Ei-LM,bom_deep_7_3_15_5_No1_p50_ao87_am15_2_m25_ao87_am24_1,87,9,SATISFIED,1.0225,721339743.0,7898.0
SAL-Ei-LM,bom_deep_7_3_15_5_No1_p50_ao87_am15_2_m25_ao87_am24_1,87,10,SATISFIED,1.021,718602490.0,8033.0
SAL-Ei-LM,bom_deep_7_3_15_5_No1_p50_ao87_am15_3,87,1,SATISFIED,1.0238,715473016.0,7132.0
SAL-Ei-LM,bom_deep_7_3_15_5_No1_p50_ao87_am15_3,87,2,SATISFIED,1.0223,712874100.0,7256.0
SAL-Ei-LM,bom_deep_7_3_15_5_No1_p50_ao87_am15_3,87,3,SATISFIED,1.0229,711772700.0,7494.0
SAL-Ei-LM,bom_deep_7_3_15_5_No1_p50_ao87_am15_3,87,4,SATISFIED,1.0205,712370235.0,7465.0
SAL-Ei-LM,bom_deep_7_3_15_5_No1_p50_ao87_am15_3,87,5,SATISFIED,1.0201,711333980.0,7517.0
SAL-Ei-LM,bom_deep_7_3_15_5_No1_p50_ao87_am15_3,87,6,SATISFIED,1.0126,723843895.0,7145.0
SAL-Ei-LM,bom_deep_7_3_15_5_No1_p50_ao87_am15_3,87,7,SATISFIED,1.0114,723418225.0,7170.0
SAL-Ei-LM,bom_deep_7_3_15_5_No1_p50_ao87_am15_3,87,8,SATISFIED,1.0112,710691685.0,7211.0
SAL-Ei-LM,bom_deep_7_3_15_5_No1_p50_ao87_am15_3,87,9,SATISFIED,1.0126,712312765.0,7167.0
SAL-Ei-LM,bom_deep_7_3_15_5_No1_p50_ao87_am15_3,87,10,SATISFIED,1.0105,710590170.0,7219.0
SAL-Ei-LM,bom_deep_7_3_15_5_No1_p50_ao87_am15_3_m10_ao87_am10_1,87,1,SATISFIED,1.0161,401667624.0,4426.0
SAL-Ei-LM,bom_deep_7_3_15_5_No1_p50_ao87_am15_3_m10_ao87_am10_1,87,2,SATISFIED,1.0217,400484858.0,4345.0
SAL-Ei-LM,bom_deep_7_3_15_5_No1_p50_ao87_am15_3_m10_ao87_am10_1,87,3,SATISFIED,1.0167,400622120.0,6425.0
SAL-Ei-LM,bom_deep_7_3_15_5_No1_p50_ao87_am15_3_m10_ao87_am10_1,87,4,SATISFIED,1.0122,401674261.0,8331.0
SAL-Ei-LM,bom_deep_7_3_15_5_No1_p50_ao87_am15_3_m10_ao87_am10_1,87,5,SATISFIED,1.0122,401366710.0,8214.0
SAL-Ei-LM,bom_deep_7_3_15_5_No1_p50_ao87_am15_3_m10_ao87_am10_1,87,6,SATISFIED,1.0128,401400770.0,8302.0
SAL-Ei-LM,bom_deep_7_3_15_5_No1_p50_ao87_am15_3_m10_ao87_am10_1,87,7,SATISFIED,1.0163,401434636.0,7414.0
SAL-Ei-LM,bom_deep_7_3_15_5_No1_p50_ao87_am15_3_m10_ao87_am10_1,87,8,SATISFIED,1.0169,401171075.0,4468.0
SAL-Ei-LM,bom_deep_7_3_15_5_No1_p50_ao87_am15_3_m10_ao87_am10_1,87,9,SATISFIED,1.0232,400473143.0,4904.0
SAL-Ei-LM,bom_deep_7_3_15_5_No1_p50_ao87_am15_3_m10_ao87_am10_1,87,10,SATISFIED,1.0255,400058225.0,7863.0
SAL-Ei-LM,bom_deep_7_3_15_5_No1_p50_ao87_am15_3_m10_ao87_am10_2,87,1,SATISFIED,1.0209,145289621.0,8234.0
SAL-Ei-LM,bom_deep_7_3_15_5_No1_p50_ao87_am15_3_m10_ao87_am10_2,87,2,SATISFIED,1.0235,145310951.0,8210.0
SAL-Ei-LM,bom_deep_7_3_15_5_No1_p50_ao87_am15_3_m10_ao87_am10_2,87,3,SATISFIED,1.0231,144516824.0,8135.0
SAL-Ei-LM,bom_deep_7_3_15_5_No1_p50_ao87_am15_3_m10_ao87_am10_2,87,4,SATISFIED,1.0216,150648321.0,8304.0
SAL-Ei-LM,bom_deep_7_3_15_5_No1_p50_ao87_am15_3_m10_ao87_am10_2,87,5,SATISFIED,1.0236,153777250.0,4415.0
SAL-Ei-LM,bom_deep_7_3_15_5_No1_p50_ao87_am15_3_m10_ao87_am10_2,87,6,SATISFIED,1.0249,160032572.0,4485.0
SAL-Ei-LM,bom_deep_7_3_15_5_No1_p50_ao87_am15_3_m10_ao87_am10_2,87,7,SATISFIED,1.0255,148678513.0,4227.0
SAL-Ei-LM,bom_deep_7_3_15_5_No1_p50_ao87_am15_3_m10_ao87_am10_2,87,8,SATISFIED,1.0225,156921077.0,4294.0
SAL-Ei-LM,bom_deep_7_3_15_5_No1_p50_ao87_am15_3_m10_ao87_am10_2,87,9,SATISFIED,1.0236,162567053.0,4457.0
SAL-Ei-LM,bom_deep_7_3_15_5_No1_p50_ao87_am15_3_m10_ao87_am10_2,87,10,SATISFIED,1.0255,173503119.0,4494.0
SAL-Ei-LM,bom_deep_7_3_15_5_No1_p50_ao87_am15_3_m10_ao87_am10_3,87,1,SATISFIED,1.024,225630064.0,5731.0
SAL-Ei-LM,bom_deep_7_3_15_5_No1_p50_ao87_am15_3_m10_ao87_am10_3,87,2,SATISFIED,1.023,203271156.0,4274.0
SAL-Ei-LM,bom_deep_7_3_15_5_No1_p50_ao87_am15_3_m10_ao87_am10_3,87,3,SATISFIED,1.0242,210217040.0,5032.0
SAL-Ei-LM,bom_deep_7_3_15_5_No1_p50_ao87_am15_3_m10_ao87_am10_3,87,4,SATISFIED,1.0231,202388365.0,7796.0
SAL-Ei-LM,bom_deep_7_3_15_5_No1_p50_ao87_am15_3_m10_ao87_am10_3,87,5,SATISFIED,1.0244,203469545.0,8187.0
SAL-Ei-LM,bom_deep_7_3_15_5_No1_p50_ao87_am15_3_m10_ao87_am10_3,87,6,SATISFIED,1.0235,239632228.0,8109.0
SAL-Ei-LM,bom_deep_7_3_15_5_No1_p50_ao87_am15_3_m10_ao87_am10_3,87,7,SATISFIED,1.0231,208121645.0,8204.0
SAL-Ei-LM,bom_deep_7_3_15_5_No1_p50_ao87_am15_3_m10_ao87_am10_3,87,8,SATISFIED,1.0233,222940359.0,8166.0
SAL-Ei-LM,bom_deep_7_3_15_5_No1_p50_ao87_am15_3_m10_ao87_am10_3,87,9,SATISFIED,1.0227,214233420.0,4969.0
SAL-Ei-LM,bom_deep_7_3_15_5_No1_p50_ao87_am15_3_m10_ao87_am10_3,87,10,SATISFIED,1.022,222951965.0,4112.0
SAL-Ei-LM,bom_deep_7_3_15_5_No1_p50_ao87_am15_3_m10_ao87_am10_4,87,1,SATISFIED,1.0223,259400258.0,4064.0
SAL-Ei-LM,bom_deep_7_3_15_5_No1_p50_ao87_am15_3_m10_ao87_am10_4,87,2,SATISFIED,1.0223,291866280.0,5562.0
SAL-Ei-LM,bom_deep_7_3_15_5_No1_p50_ao87_am15_3_m10_ao87_am10_4,87,3,SATISFIED,1.0238,294355831.0,4298.0
SAL-Ei-LM,bom_deep_7_3_15_5_No1_p50_ao87_am15_3_m10_ao87_am10_4,87,4,SATISFIED,1.0195,275629435.0,4638.0
SAL-Ei-LM,bom_deep_7_3_15_5_No1_p50_ao87_am15_3_m10_ao87_am10_4,87,5,SATISFIED,1.0197,272158848.0,7504.0
SAL-Ei-LM,bom_deep_7_3_15_5_No1_p50_ao87_am15_3_m10_ao87_am10_4,87,6,SATISFIED,1.0193,271583647.0,7882.0
SAL-Ei-LM,bom_deep_7_3_15_5_No1_p50_ao87_am15_3_m10_ao87_am10_4,87,7,SATISFIED,1.0213,272398478.0,7980.0
SAL-Ei-LM,bom_deep_7_3_15_5_No1_p50_ao87_am15_3_m10_ao87_am10_4,87,8,SATISFIED,1.0191,283047525.0,7991.0
SAL-Ei-LM,bom_deep_7_3_15_5_No1_p50_ao87_am15_3_m10_ao87_am10_4,87,9,SATISFIED,1.0199,267144544.0,7983.0
SAL-Ei-LM,bom_deep_7_3_15_5_No1_p50_ao87_am15_3_m10_ao87_am10_4,87,10,SATISFIED,1.0183,265814497.0,8061.0
SAL-Ei-LM,bom_deep_7_3_15_5_No1_p50_ao87_am15_3_m10_ao87_am10_5,87,1,SATISFIED,1.0205,170788885.0,8075.0
SAL-Ei-LM,bom_deep_7_3_15_5_No1_p50_ao87_am15_3_m10_ao87_am10_5,87,2,SATISFIED,1.0202,170714016.0,7847.0
SAL-Ei-LM,bom_deep_7_3_15_5_No1_p50_ao87_am15_3_m10_ao87_am10_5,87,3,SATISFIED,1.0206,175414100.0,7788.0
SAL-Ei-LM,bom_deep_7_3_15_5_No1_p50_ao87_am15_3_m10_ao87_am10_5,87,4,SATISFIED,1.0204,171295209.0,7914.0
SAL-Ei-LM,bom_deep_7_3_15_5_No1_p50_ao87_am15_3_m10_ao87_am10_5,87,5,SATISFIED,1.0215,173985892.0,4973.0
SAL-Ei-LM,bom_deep_7_3_15_5_No1_p50_ao87_am15_3_m10_ao87_am10_5,87,6,SATISFIED,1.0261,170728382.0,4222.0
SAL-Ei-LM,bom_deep_7_3_15_5_No1_p50_ao87_am15_3_m10_ao87_am10_5,87,7,SATISFIED,1.024,170672795.0,4572.0
SAL-Ei-LM,bom_deep_7_3_15_5_No1_p50_ao87_am15_3_m10_ao87_am10_5,87,8,SATISFIED,1.0249,171088104.0,4923.0
SAL-Ei-LM,bom_deep_7_3_15_5_No1_p50_ao87_am15_3_m10_ao87_am10_5,87,9,SATISFIED,1.0255,170665359.0,4061.0
SAL-Ei-LM,bom_deep_7_3_15_5_No1_p50_ao87_am15_3_m10_ao87_am10_5,87,10,SATISFIED,1.0245,176197955.0,4680.0
SAL-Ei-LM,bom_deep_7_3_15_5_No1_p50_ao87_am15_3_m25_ao87_am22_1,87,1,SATISFIED,1.0235,385104300.0,7688.0
SAL-Ei-LM,bom_deep_7_3_15_5_No1_p50_ao87_am15_3_m25_ao87_am22_1,87,2,SATISFIED,1.0204,384595900.0,8064.0
SAL-Ei-LM,bom_deep_7_3_15_5_No1_p50_ao87_am15_3_m25_ao87_am22_1,87,3,SATISFIED,1.0239,384739445.0,4445.0
SAL-Ei-LM,bom_deep_7_3_15_5_No1_p50_ao87_am15_3_m25_ao87_am22_1,87,4,SATISFIED,1.0254,382438735.0,4694.0
SAL-Ei-LM,bom_deep_7_3_15_5_No1_p50_ao87_am15_3_m25_ao87_am22_1,87,5,SATISFIED,1.0279,382533690.0,4309.0
SAL-Ei-LM,bom_deep_7_3_15_5_No1_p50_ao87_am15_3_m25_ao87_am22_1,87,6,SATISFIED,1.026,385323315.0,4089.0
SAL-Ei-LM,bom_deep_7_3_15_5_No1_p50_ao87_am15_3_m25_ao87_am22_1,87,7,SATISFIED,1.0258,383472700.0,5806.0
SAL-Ei-LM,bom_deep_7_3_15_5_No1_p50_ao87_am15_3_m25_ao87_am22_1,87,8,SATISFIED,1.0238,382303005.0,4476.0
SAL-Ei-LM,bom_deep_7_3_15_5_No1_p50_ao87_am15_3_m25_ao87_am22_1,87,9,SATISFIED,1.0264,384625875.0,4424.0
SAL-Ei-LM,bom_deep_7_3_15_5_No1_p50_ao87_am15_3_m25_ao87_am22_1,87,10,SATISFIED,1.0262,383402560.0,4284.0
SAL-Ei-LM,bom_deep_7_3_15_5_No1_p50_ao87_am15_3_m25_ao87_am22_2,87,1,SATISFIED,1.0282,316075855.0,4067.0
SAL-Ei-LM,bom_deep_7_3_15_5_No1_p50_ao87_am15_3_m25_ao87_am22_2,87,2,SATISFIED,1.0258,314366460.0,4272.0
SAL-Ei-LM,bom_deep_7_3_15_5_No1_p50_ao87_am15_3_m25_ao87_am22_2,87,3,SATISFIED,1.0221,315948280.0,4971.0
SAL-Ei-LM,bom_deep_7_3_15_5_No1_p50_ao87_am15_3_m25_ao87_am22_2,87,4,SATISFIED,1.0216,313698580.0,7658.0
SAL-Ei-LM,bom_deep_7_3_15_5_No1_p50_ao87_am15_3_m25_ao87_am22_2,87,5,SATISFIED,1.0228,315651940.0,7908.0
SAL-Ei-LM,bom_deep_7_3_15_5_No1_p50_ao87_am15_3_m25_ao87_am22_2,87,6,SATISFIED,1.026,315654580.0,7877.0
SAL-Ei-LM,bom_deep_7_3_15_5_No1_p50_ao87_am15_3_m25_ao87_am22_2,87,7,SATISFIED,1.0256,315651610.0,7852.0
SAL-Ei-LM,bom_deep_7_3_15_5_No1_p50_ao87_am15_3_m25_ao87_am22_2,87,8,SATISFIED,1.0252,315637105.0,7937.0
SAL-Ei-LM,bom_deep_7_3_15_5_No1_p50_ao87_am15_3_m25_ao87_am22_2,87,9,SATISFIED,1.0248,315279855.0,7807.0
SAL-Ei-LM,bom_deep_7_3_15_5_No1_p50_ao87_am15_3_m25_ao87_am22_2,87,10,SATISFIED,1.0246,314410650.0,4585.0
SAL-Ei-LM,bom_deep_7_3_15_5_No1_p50_ao87_am15_3_m25_ao87_am22_3,87,1,SATISFIED,1.0231,69303660.0,6447.0
SAL-Ei-LM,bom_deep_7_3_15_5_No1_p50_ao87_am15_3_m25_ao87_am22_3,87,2,SATISFIED,1.0222,72284570.0,7875.0
SAL-Ei-LM,bom_deep_7_3_15_5_No1_p50_ao87_am15_3_m25_ao87_am22_3,87,3,SATISFIED,1.0213,72574385.0,7748.0
SAL-Ei-LM,bom_deep_7_3_15_5_No1_p50_ao87_am15_3_m25_ao87_am22_3,87,4,SATISFIED,1.0222,70707616.0,7701.0
SAL-Ei-LM,bom_deep_7_3_15_5_No1_p50_ao87_am15_3_m25_ao87_am22_3,87,5,SATISFIED,1.0219,75887845.0,7619.0
SAL-Ei-LM,bom_deep_7_3_15_5_No1_p50_ao87_am15_3_m25_ao87_am22_3,87,6,SATISFIED,1.0273,77951493.0,4075.0
SAL-Ei-LM,bom_deep_7_3_15_5_No1_p50_ao87_am15_3_m25_ao87_am22_3,87,7,SATISFIED,1.026,76445644.0,3930.0
SAL-Ei-LM,bom_deep_7_3_15_5_No1_p50_ao87_am15_3_m25_ao87_am22_3,87,8,SATISFIED,1.0218,71102269.0,5317.0
SAL-Ei-LM,bom_deep_7_3_15_5_No1_p50_ao87_am15_3_m25_ao87_am22_3,87,9,SATISFIED,1.023,75503387.0,7596.0
SAL-Ei-LM,bom_deep_7_3_15_5_No1_p50_ao87_am15_3_m25_ao87_am22_3,87,10,SATISFIED,1.0236,74726252.0,7611.0
SAL-Ei-LM,bom_deep_7_3_15_5_No1_p50_ao87_am15_3_m25_ao87_am22_4,87,1,SATISFIED,1.0228,217566517.0,7622.0
SAL-Ei-LM,bom_deep_7_3_15_5_No1_p50_ao87_am15_3_m25_ao87_am22_4,87,2,SATISFIED,1.0243,221949939.0,4144.0
SAL-Ei-LM,bom_deep_7_3_15_5_No1_p50_ao87_am15_3_m25_ao87_am22_4,87,3,SATISFIED,1.0252,223179840.0,4061.0
SAL-Ei-LM,bom_deep_7_3_15_5_No1_p50_ao87_am15_3_m25_ao87_am22_4,87,4,SATISFIED,1.0279,202186436.0,4126.0
SAL-Ei-LM,bom_deep_7_3_15_5_No1_p50_ao87_am15_3_m25_ao87_am22_4,87,5,SATISFIED,1.0257,219439735.0,4276.0
SAL-Ei-LM,bom_deep_7_3_15_5_No1_p50_ao87_am15_3_m25_ao87_am22_4,87,6,SATISFIED,1.0248,202748025.0,4545.0
SAL-Ei-LM,bom_deep_7_3_15_5_No1_p50_ao87_am15_3_m25_ao87_am22_4,87,7,SATISFIED,1.028,227210036.0,7075.0
SAL-Ei-LM,bom_deep_7_3_15_5_No1_p50_ao87_am15_3_m25_ao87_am22_4,87,8,SATISFIED,1.0243,220509840.0,7563.0
SAL-Ei-LM,bom_deep_7_3_15_5_No1_p50_ao87_am15_3_m25_ao87_am22_4,87,9,SATISFIED,1.0241,202845913.0,4092.0
SAL-Ei-LM,bom_deep_7_3_15_5_No1_p50_ao87_am15_3_m25_ao87_am22_4,87,10,SATISFIED,1.0248,221961956.0,4085.0
SAL-Ei-LM,bom_deep_7_3_15_5_No1_p50_ao87_am15_3_m25_ao87_am24_5,87,1,SATISFIED,1.0233,158801225.0,4157.0
SAL-Ei-LM,bom_deep_7_3_15_5_No1_p50_ao87_am15_3_m25_ao87_am24_5,87,2,SATISFIED,1.0234,158189325.0,5236.0
SAL-Ei-LM,bom_deep_7_3_15_5_No1_p50_ao87_am15_3_m25_ao87_am24_5,87,3,SATISFIED,1.0205,158695345.0,7742.0
SAL-Ei-LM,bom_deep_7_3_15_5_No1_p50_ao87_am15_3_m25_ao87_am24_5,87,4,SATISFIED,1.024,159147915.0,4090.0
SAL-Ei-LM,bom_deep_7_3_15_5_No1_p50_ao87_am15_3_m25_ao87_am24_5,87,5,SATISFIED,1.0228,158721475.0,4094.0
SAL-Ei-LM,bom_deep_7_3_15_5_No1_p50_ao87_am15_3_m25_ao87_am24_5,87,6,SATISFIED,1.0232,158865758.0,3909.0
SAL-Ei-LM,bom_deep_7_3_15_5_No1_p50_ao87_am15_3_m25_ao87_am24_5,87,7,SATISFIED,1.0232,158429265.0,4577.0
SAL-Ei-LM,bom_deep_7_3_15_5_No1_p50_ao87_am15_3_m25_ao87_am24_5,87,8,SATISFIED,1.0245,159013045.0,7339.0
SAL-Ei-LM,bom_deep_7_3_15_5_No1_p50_ao87_am15_3_m25_ao87_am24_5,87,9,SATISFIED,1.0229,158711560.0,7628.0
SAL-Ei-LM,bom_deep_7_3_15_5_No1_p50_ao87_am15_3_m25_ao87_am24_5,87,10,SATISFIED,1.0222,158564685.0,7667.0
SAL-Ei-LM,bom_deep_7_3_15_5_No1_p50_ao87_am15_4,87,1,SATISFIED,1.0229,394956625.0,7082.0
SAL-Ei-LM,bom_deep_7_3_15_5_No1_p50_ao87_am15_4,87,2,SATISFIED,1.0256,394815450.0,3696.0
SAL-Ei-LM,bom_deep_7_3_15_5_No1_p50_ao87_am15_4,87,3,SATISFIED,1.0267,398364905.0,3674.0
SAL-Ei-LM,bom_deep_7_3_15_5_No1_p50_ao87_am15_4,87,4,SATISFIED,1.0244,393620590.0,5072.0
SAL-Ei-LM,bom_deep_7_3_15_5_No1_p50_ao87_am15_4,87,5,SATISFIED,1.023,394420210.0,7226.0
SAL-Ei-LM,bom_deep_7_3_15_5_No1_p50_ao87_am15_4,87,6,SATISFIED,1.0243,394013900.0,7210.0
SAL-Ei-LM,bom_deep_7_3_15_5_No1_p50_ao87_am15_4,87,7,SATISFIED,1.0218,393798645.0,7420.0
SAL-Ei-LM,bom_deep_7_3_15_5_No1_p50_ao87_am15_4,87,8,SATISFIED,1.0226,393487365.0,7426.0
SAL-Ei-LM,bom_deep_7_3_15_5_No1_p50_ao87_am15_4,87,9,SATISFIED,1.0239,394813065.0,7409.0
SAL-Ei-LM,bom_deep_7_3_15_5_No1_p50_ao87_am15_4,87,10,SATISFIED,1.0232,393855145.0,7453.0
SAL-Ei-LM,bom_deep_7_3_15_5_No1_p50_ao87_am15_4_m10_ao87_am10_1,87,1,SATISFIED,1.0216,230546404.0,8049.0
SAL-Ei-LM,bom_deep_7_3_15_5_No1_p50_ao87_am15_4_m10_ao87_am10_1,87,2,SATISFIED,1.0232,219010909.0,4314.0
SAL-Ei-LM,bom_deep_7_3_15_5_No1_p50_ao87_am15_4_m10_ao87_am10_1,87,3,SATISFIED,1.0199,225537598.0,4316.0
SAL-Ei-LM,bom_deep_7_3_15_5_No1_p50_ao87_am15_4_m10_ao87_am10_1,87,4,SATISFIED,1.0191,219550789.0,4604.0
SAL-Ei-LM,bom_deep_7_3_15_5_No1_p50_ao87_am15_4_m10_ao87_am10_1,87,5,SATISFIED,1.0188,221567088.0,7517.0
SAL-Ei-LM,bom_deep_7_3_15_5_No1_p50_ao87_am15_4_m10_ao87_am10_1,87,6,SATISFIED,1.0178,232651101.0,8294.0
SAL-Ei-LM,bom_deep_7_3_15_5_No1_p50_ao87_am15_4_m10_ao87_am10_1,87,7,SATISFIED,1.0182,233086329.0,8218.0
SAL-Ei-LM,bom_deep_7_3_15_5_No1_p50_ao87_am15_4_m10_ao87_am10_1,87,8,SATISFIED,1.0188,233089306.0,8092.0
SAL-Ei-LM,bom_deep_7_3_15_5_No1_p50_ao87_am15_4_m10_ao87_am10_1,87,9,SATISFIED,1.0178,218168501.0,8194.0
SAL-Ei-LM,bom_deep_7_3_15_5_No1_p50_ao87_am15_4_m10_ao87_am10_1,87,10,SATISFIED,1.0191,229750825.0,8100.0
SAL-Ei-LM,bom_deep_7_3_15_5_No1_p50_ao87_am15_4_m10_ao87_am10_2,87,1,SATISFIED,1.0189,381819312.0,8083.0
SAL-Ei-LM,bom_deep_7_3_15_5_No1_p50_ao87_am15_4_m10_ao87_am10_2,87,2,SATISFIED,1.0176,365099387.0,8216.0
SAL-Ei-LM,bom_deep_7_3_15_5_No1_p50_ao87_am15_4_m10_ao87_am10_2,87,3,SATISFIED,1.0177,381852094.0,8152.0
SAL-Ei-LM,bom_deep_7_3_15_5_No1_p50_ao87_am15_4_m10_ao87_am10_2,87,4,SATISFIED,1.0171,368987060.0,8205.0
SAL-Ei-LM,bom_deep_7_3_15_5_No1_p50_ao87_am15_4_m10_ao87_am10_2,87,5,SATISFIED,1.0176,381717327.0,8250.0
SAL-Ei-LM,bom_deep_7_3_15_5_No1_p50_ao87_am15_4_m10_ao87_am10_2,87,6,SATISFIED,1.0178,379995706.0,8136.0
SAL-Ei-LM,bom_deep_7_3_15_5_No1_p50_ao87_am15_4_m10_ao87_am10_2,87,7,SATISFIED,1.0175,381798577.0,8097.0
SAL-Ei-LM,bom_deep_7_3_15_5_No1_p50_ao87_am15_4_m10_ao87_am10_2,87,8,SATISFIED,1.0183,355445344.0,8002.0
SAL-Ei-LM,bom_deep_7_3_15_5_No1_p50_ao87_am15_4_m10_ao87_am10_2,87,9,SATISFIED,1.0206,375164342.0,5143.0
SAL-Ei-LM,bom_deep_7_3_15_5_No1_p50_ao87_am15_4_m10_ao87_am10_2,87,10,SATISFIED,1.0278,380384632.0,4420.0
SAL-Ei-LM,bom_deep_7_3_15_5_No1_p50_ao87_am15_4_m10_ao87_am10_3,87,1,SATISFIED,1.0229,307350830.0,3965.0
SAL-Ei-LM,bom_deep_7_3_15_5_No1_p50_ao87_am15_4_m10_ao87_am10_3,87,2,SATISFIED,1.0239,290635515.0,3969.0
SAL-Ei-LM,bom_deep_7_3_15_5_No1_p50_ao87_am15_4_m10_ao87_am10_3,87,3,SATISFIED,1.0195,300058297.0,4068.0
SAL-Ei-LM,bom_deep_7_3_15_5_No1_p50_ao87_am15_4_m10_ao87_am10_3,87,4,SATISFIED,1.0185,300765599.0,3969.0
SAL-Ei-LM,bom_deep_7_3_15_5_No1_p50_ao87_am15_4_m10_ao87_am10_3,87,5,SATISFIED,1.0221,316187283.0,4379.0
SAL-Ei-LM,bom_deep_7_3_15_5_No1_p50_ao87_am15_4_m10_ao87_am10_3,87,6,SATISFIED,1.0218,307954617.0,7069.0
SAL-Ei-LM,bom_deep_7_3_15_5_No1_p50_ao87_am15_4_m10_ao87_am10_3,87,7,SATISFIED,1.0222,285367980.0,7901.0
SAL-Ei-LM,bom_deep_7_3_15_5_No1_p50_ao87_am15_4_m10_ao87_am10_3,87,8,SATISFIED,1.0208,306060906.0,7962.0
SAL-Ei-LM,bom_deep_7_3_15_5_No1_p50_ao87_am15_4_m10_ao87_am10_3,87,9,SATISFIED,1.0224,299946679.0,7913.0
SAL-Ei-LM,bom_deep_7_3_15_5_No1_p50_ao87_am15_4_m10_ao87_am10_3,87,10,SATISFIED,1.0231,307207790.0,7701.0
SAL-Ei-LM,bom_deep_7_3_15_5_No1_p50_ao87_am15_4_m10_ao87_am10_4,87,1,SATISFIED,1.0229,255497449.0,8296.0
SAL-Ei-LM,bom_deep_7_3_15_5_No1_p50_ao87_am15_4_m10_ao87_am10_4,87,2,SATISFIED,1.0209,255713315.0,8266.0
SAL-Ei-LM,bom_deep_7_3_15_5_No1_p50_ao87_am15_4_m10_ao87_am10_4,87,3,SATISFIED,1.0208,256151418.0,8260.0
SAL-Ei-LM,bom_deep_7_3_15_5_No1_p50_ao87_am15_4_m10_ao87_am10_4,87,4,SATISFIED,1.0211,254896005.0,8095.0
SAL-Ei-LM,bom_deep_7_3_15_5_No1_p50_ao87_am15_4_m10_ao87_am10_4,87,5,SATISFIED,1.0221,256201742.0,8239.0
SAL-Ei-LM,bom_deep_7_3_15_5_No1_p50_ao87_am15_4_m10_ao87_am10_4,87,6,SATISFIED,1.0227,253625651.0,8246.0
SAL-Ei-LM,bom_deep_7_3_15_5_No1_p50_ao87_am15_4_m10_ao87_am10_4,87,7,SATISFIED,1.0233,255133273.0,8175.0
SAL-Ei-LM,bom_deep_7_3_15_5_No1_p50_ao87_am15_4_m10_ao87_am10_4,87,8,SATISFIED,1.0247,255413510.0,4064.0
SAL-Ei-LM,bom_deep_7_3_15_5_No1_p50_ao87_am15_4_m10_ao87_am10_4,87,9,SATISFIED,1.0252,253582128.0,4347.0
SAL-Ei-LM,bom_deep_7_3_15_5_No1_p50_ao87_am15_4_m10_ao87_am10_4,87,10,SATISFIED,1.0222,256328439.0,5566.0
SAL-Ei-LM,bom_deep_7_3_15_5_No1_p50_ao87_am15_4_m10_ao87_am10_5,87,1,SATISFIED,1.0231,529618075.0,8233.0
SAL-Ei-LM,bom_deep_7_3_15_5_No1_p50_ao87_am15_4_m10_ao87_am10_5,87,2,SATISFIED,1.0204,537551015.0,7970.0
SAL-Ei-LM,bom_deep_7_3_15_5_No1_p50_ao87_am15_4_m10_ao87_am10_5,87,3,SATISFIED,1.0213,538622504.0,7898.0
SAL-Ei-LM,bom_deep_7_3_15_5_No1_p50_ao87_am15_4_m10_ao87_am10_5,87,4,SATISFIED,1.0236,528508040.0,8271.0
SAL-Ei-LM,bom_deep_7_3_15_5_No1_p50_ao87_am15_4_m10_ao87_am10_5,87,5,SATISFIED,1.0224,532339037.0,4384.0
SAL-Ei-LM,bom_deep_7_3_15_5_No1_p50_ao87_am15_4_m10_ao87_am10_5,87,6,SATISFIED,1.0214,532236519.0,4338.0
SAL-Ei-LM,bom_deep_7_3_15_5_No1_p50_ao87_am15_4_m10_ao87_am10_5,87,7,SATISFIED,1.0225,537803070.0,5512.0
SAL-Ei-LM,bom_deep_7_3_15_5_No1_p50_ao87_am15_4_m10_ao87_am10_5,87,8,SATISFIED,1.0225,534925488.0,8260.0
SAL-Ei-LM,bom_deep_7_3_15_5_No1_p50_ao87_am15_4_m10_ao87_am10_5,87,9,SATISFIED,1.0223,527623014.0,8241.0
SAL-Ei-LM,bom_deep_7_3_15_5_No1_p50_ao87_am15_4_m10_ao87_am10_5,87,10,SATISFIED,1.0244,529609290.0,4072.0
SAL-Ei-LM,bom_deep_7_3_15_5_No1_p50_ao87_am15_4_m25_ao87_am19_4,87,1,SATISFIED,1.0235,417684790.0,4193.0
SAL-Ei-LM,bom_deep_7_3_15_5_No1_p50_ao87_am15_4_m25_ao87_am19_4,87,2,SATISFIED,1.022,412744981.0,4364.0
SAL-Ei-LM,bom_deep_7_3_15_5_No1_p50_ao87_am15_4_m25_ao87_am19_4,87,3,SATISFIED,1.0235,425418321.0,4963.0
SAL-Ei-LM,bom_deep_7_3_15_5_No1_p50_ao87_am15_4_m25_ao87_am19_4,87,4,SATISFIED,1.0255,390934006.0,5243.0
SAL-Ei-LM,bom_deep_7_3_15_5_No1_p50_ao87_am15_4_m25_ao87_am19_4,87,5,SATISFIED,1.024,420473698.0,4411.0
SAL-Ei-LM,bom_deep_7_3_15_5_No1_p50_ao87_am15_4_m25_ao87_am19_4,87,6,SATISFIED,1.0203,426365952.0,6735.0
SAL-Ei-LM,bom_deep_7_3_15_5_No1_p50_ao87_am15_4_m25_ao87_am19_4,87,7,SATISFIED,1.0244,392526117.0,7618.0
SAL-Ei-LM,bom_deep_7_3_15_5_No1_p50_ao87_am15_4_m25_ao87_am19_4,87,8,SATISFIED,1.0255,434205098.0,4347.0
SAL-Ei-LM,bom_deep_7_3_15_5_No1_p50_ao87_am15_4_m25_ao87_am19_4,87,9,SATISFIED,1.0247,394736630.0,4939.0
SAL-Ei-LM,bom_deep_7_3_15_5_No1_p50_ao87_am15_4_m25_ao87_am19_4,87,10,SATISFIED,1.025,430483801.0,7887.0
SAL-Ei-LM,bom_deep_7_3_15_5_No1_p50_ao87_am15_4_m25_ao87_am20_1,87,1,SATISFIED,1.0229,223072829.0,7628.0
SAL-Ei-LM,bom_deep_7_3_15_5_No1_p50_ao87_am15_4_m25_ao87_am20_1,87,2,SATISFIED,1.0242,215008932.0,7766.0
SAL-Ei-LM,bom_deep_7_3_15_5_No1_p50_ao87_am15_4_m25_ao87_am20_1,87,3,SATISFIED,1.0246,221850639.0,8102.0
SAL-Ei-LM,bom_deep_7_3_15_5_No1_p50_ao87_am15_4_m25_ao87_am20_1,87,4,SATISFIED,1.0234,228047045.0,7771.0
SAL-Ei-LM,bom_deep_7_3_15_5_No1_p50_ao87_am15_4_m25_ao87_am20_1,87,5,SATISFIED,1.0239,221088515.0,8114.0
SAL-Ei-LM,bom_deep_7_3_15_5_No1_p50_ao87_am15_4_m25_ao87_am20_1,87,6,SATISFIED,1.0256,244084454.0,7863.0
SAL-Ei-LM,bom_deep_7_3_15_5_No1_p50_ao87_am15_4_m25_ao87_am20_1,87,7,SATISFIED,1.0283,223349683.0,4150.0
SAL-Ei-LM,bom_deep_7_3_15_5_No1_p50_ao87_am15_4_m25_ao87_am20_1,87,8,SATISFIED,1.0246,257749835.0,4524.0
SAL-Ei-LM,bom_deep_7_3_15_5_No1_p50_ao87_am15_4_m25_ao87_am20_1,87,9,SATISFIED,1.0243,223002615.0,7388.0
SAL-Ei-LM,bom_deep_7_3_15_5_No1_p50_ao87_am15_4_m25_ao87_am20_1,87,10,SATISFIED,1.0211,217515589.0,7951.0
SAL-Ei-LM,bom_deep_7_3_15_5_No1_p50_ao87_am15_4_m25_ao87_am20_3,87,1,SATISFIED,1.0227,169319018.0,7640.0
SAL-Ei-LM,bom_deep_7_3_15_5_No1_p50_ao87_am15_4_m25_ao87_am20_3,87,2,SATISFIED,1.0226,168541975.0,7774.0
SAL-Ei-LM,bom_deep_7_3_15_5_No1_p50_ao87_am15_4_m25_ao87_am20_3,87,3,SATISFIED,1.0233,170600245.0,7776.0
SAL-Ei-LM,bom_deep_7_3_15_5_No1_p50_ao87_am15_4_m25_ao87_am20_3,87,4,SATISFIED,1.0259,169074613.0,3917.0
SAL-Ei-LM,bom_deep_7_3_15_5_No1_p50_ao87_am15_4_m25_ao87_am20_3,87,5,SATISFIED,1.0216,170520185.0,3973.0
SAL-Ei-LM,bom_deep_7_3_15_5_No1_p50_ao87_am15_4_m25_ao87_am20_3,87,6,SATISFIED,1.0235,169996653.0,4007.0
SAL-Ei-LM,bom_deep_7_3_15_5_No1_p50_ao87_am15_4_m25_ao87_am20_3,87,7,SATISFIED,1.0233,168599880.0,4248.0
SAL-Ei-LM,bom_deep_7_3_15_5_No1_p50_ao87_am15_4_m25_ao87_am20_3,87,8,SATISFIED,1.0251,170632305.0,3949.0
SAL-Ei-LM,bom_deep_7_3_15_5_No1_p50_ao87_am15_4_m25_ao87_am20_3,87,9,SATISFIED,1.0253,171125591.0,4767.0
SAL-Ei-LM,bom_deep_7_3_15_5_No1_p50_ao87_am15_4_m25_ao87_am20_3,87,10,SATISFIED,1.023,168601625.0,7380.0
SAL-Ei-LM,bom_deep_7_3_15_5_No1_p50_ao87_am15_4_m25_ao87_am22_2,87,1,SATISFIED,1.0234,253338943.0,8031.0
SAL-Ei-LM,bom_deep_7_3_15_5_No1_p50_ao87_am15_4_m25_ao87_am22_2,87,2,SATISFIED,1.022,254444013.0,8029.0
SAL-Ei-LM,bom_deep_7_3_15_5_No1_p50_ao87_am15_4_m25_ao87_am22_2,87,3,SATISFIED,1.0257,252433418.0,4114.0
SAL-Ei-LM,bom_deep_7_3_15_5_No1_p50_ao87_am15_4_m25_ao87_am22_2,87,4,SATISFIED,1.0206,272684202.0,4152.0
SAL-Ei-LM,bom_deep_7_3_15_5_No1_p50_ao87_am15_4_m25_ao87_am22_2,87,5,SATISFIED,1.0264,253492754.0,5891.0
SAL-Ei-LM,bom_deep_7_3_15_5_No1_p50_ao87_am15_4_m25_ao87_am22_2,87,6,SATISFIED,1.0264,253940568.0,4181.0
SAL-Ei-LM,bom_deep_7_3_15_5_No1_p50_ao87_am15_4_m25_ao87_am22_2,87,7,SATISFIED,1.0223,244554631.0,4290.0
SAL-Ei-LM,bom_deep_7_3_15_5_No1_p50_ao87_am15_4_m25_ao87_am22_2,87,8,SATISFIED,1.0284,254460567.0,4284.0
SAL-Ei-LM,bom_deep_7_3_15_5_No1_p50_ao87_am15_4_m25_ao87_am22_2,87,9,SATISFIED,1.0255,257253590.0,4246.0
SAL-Ei-LM,bom_deep_7_3_15_5_No1_p50_ao87_am15_4_m25_ao87_am22_2,87,10,SATISFIED,1.0243,257054713.0,5124.0
SAL-Ei-LM,bom_deep_7_3_15_5_No1_p50_ao87_am15_4_m25_ao87_am22_5,87,1,SATISFIED,1.0256,253391397.0,5556.0
SAL-Ei-LM,bom_deep_7_3_15_5_No1_p50_ao87_am15_4_m25_ao87_am22_5,87,2,SATISFIED,1.0239,253053925.0,3964.0
SAL-Ei-LM,bom_deep_7_3_15_5_No1_p50_ao87_am15_4_m25_ao87_am22_5,87,3,SATISFIED,1.0248,253078592.0,4491.0
SAL-Ei-LM,bom_deep_7_3_15_5_No1_p50_ao87_am15_4_m25_ao87_am22_5,87,4,SATISFIED,1.0259,252608270.0,4071.0
SAL-Ei-LM,bom_deep_7_3_15_5_No1_p50_ao87_am15_4_m25_ao87_am22_5,87,5,SATISFIED,1.0257,253625465.0,4166.0
SAL-Ei-LM,bom_deep_7_3_15_5_No1_p50_ao87_am15_4_m25_ao87_am22_5,87,6,SATISFIED,1.0245,253484450.0,4181.0
SAL-Ei-LM,bom_deep_7_3_15_5_No1_p50_ao87_am15_4_m25_ao87_am22_5,87,7,SATISFIED,1.0236,253108072.0,5122.0
SAL-Ei-LM,bom_deep_7_3_15_5_No1_p50_ao87_am15_4_m25_ao87_am22_5,87,8,SATISFIED,1.0236,253350780.0,7244.0
SAL-Ei-LM,bom_deep_7_3_15_5_No1_p50_ao87_am15_4_m25_ao87_am22_5,87,9,SATISFIED,1.0264,252995077.0,7866.0
SAL-Ei-LM,bom_deep_7_3_15_5_No1_p50_ao87_am15_4_m25_ao87_am22_5,87,10,SATISFIED,1.0242,253643025.0,7640.0
SAL-Ei-LM,bom_deep_7_3_15_5_No1_p50_ao87_am15_5,87,1,SATISFIED,1.023,123589722.0,7421.0
SAL-Ei-LM,bom_deep_7_3_15_5_No1_p50_ao87_am15_5,87,2,SATISFIED,1.0214,128229835.0,7484.0
SAL-Ei-LM,bom_deep_7_3_15_5_No1_p50_ao87_am15_5,87,3,SATISFIED,1.0249,128034840.0,7615.0
SAL-Ei-LM,bom_deep_7_3_15_5_No1_p50_ao87_am15_5,87,4,SATISFIED,1.0227,129545644.0,7634.0
SAL-Ei-LM,bom_deep_7_3_15_5_No1_p50_ao87_am15_5,87,5,SATISFIED,1.0249,128588046.0,7646.0
SAL-Ei-LM,bom_deep_7_3_15_5_No1_p50_ao87_am15_5,87,6,SATISFIED,1.0222,125229970.0,7628.0
SAL-Ei-LM,bom_deep_7_3_15_5_No1_p50_ao87_am15_5,87,7,SATISFIED,1.022,127538655.0,7710.0
SAL-Ei-LM,bom_deep_7_3_15_5_No1_p50_ao87_am15_5,87,8,SATISFIED,1.0245,128158937.0,4018.0
SAL-Ei-LM,bom_deep_7_3_15_5_No1_p50_ao87_am15_5,87,9,SATISFIED,1.0234,126098959.0,4343.0
SAL-Ei-LM,bom_deep_7_3_15_5_No1_p50_ao87_am15_5,87,10,SATISFIED,1.0246,130251827.0,6891.0
SAL-Ei-LM,bom_deep_7_3_15_5_No1_p50_ao87_am15_5_m10_ao87_am10_1,87,1,SATISFIED,1.0216,221880185.0,8293.0
SAL-Ei-LM,bom_deep_7_3_15_5_No1_p50_ao87_am15_5_m10_ao87_am10_1,87,2,SATISFIED,1.0222,221681930.0,8340.0
SAL-Ei-LM,bom_deep_7_3_15_5_No1_p50_ao87_am15_5_m10_ao87_am10_1,87,3,SATISFIED,1.0227,221642251.0,4220.0
SAL-Ei-LM,bom_deep_7_3_15_5_No1_p50_ao87_am15_5_m10_ao87_am10_1,87,4,SATISFIED,1.0238,221581585.0,4361.0
SAL-Ei-LM,bom_deep_7_3_15_5_No1_p50_ao87_am15_5_m10_ao87_am10_1,87,5,SATISFIED,1.0237,221795055.0,5616.0
SAL-Ei-LM,bom_deep_7_3_15_5_No1_p50_ao87_am15_5_m10_ao87_am10_1,87,6,SATISFIED,1.0232,221864999.0,5407.0
SAL-Ei-LM,bom_deep_7_3_15_5_No1_p50_ao87_am15_5_m10_ao87_am10_1,87,7,SATISFIED,1.022,221687535.0,4675.0
SAL-Ei-LM,bom_deep_7_3_15_5_No1_p50_ao87_am15_5_m10_ao87_am10_1,87,8,SATISFIED,1.0219,221719920.0,7442.0
SAL-Ei-LM,bom_deep_7_3_15_5_No1_p50_ao87_am15_5_m10_ao87_am10_1,87,9,SATISFIED,1.0195,221844723.0,8401.0
SAL-Ei-LM,bom_deep_7_3_15_5_No1_p50_ao87_am15_5_m10_ao87_am10_1,87,10,SATISFIED,1.0212,221386160.0,8315.0
SAL-Ei-LM,bom_deep_7_3_15_5_No1_p50_ao87_am15_5_m10_ao87_am10_2,87,1,SATISFIED,1.0222,282147483.0,8368.0
SAL-Ei-LM,bom_deep_7_3_15_5_No1_p50_ao87_am15_5_m10_ao87_am10_2,87,2,SATISFIED,1.0246,280743920.0,7937.0
SAL-Ei-LM,bom_deep_7_3_15_5_No1_p50_ao87_am15_5_m10_ao87_am10_2,87,3,SATISFIED,1.0231,275571523.0,4269.0
SAL-Ei-LM,bom_deep_7_3_15_5_No1_p50_ao87_am15_5_m10_ao87_am10_2,87,4,SATISFIED,1.0228,279826624.0,4743.0
SAL-Ei-LM,bom_deep_7_3_15_5_No1_p50_ao87_am15_5_m10_ao87_am10_2,87,5,SATISFIED,1.0211,282180357.0,7720.0
SAL-Ei-LM,bom_deep_7_3_15_5_No1_p50_ao87_am15_5_m10_ao87_am10_2,87,6,SATISFIED,1.0224,276770746.0,8124.0
SAL-Ei-LM,bom_deep_7_3_15_5_No1_p50_ao87_am15_5_m10_ao87_am10_2,87,7,SATISFIED,1.0202,278341052.0,6099.0
SAL-Ei-LM,bom_deep_7_3_15_5_No1_p50_ao87_am15_5_m10_ao87_am10_2,87,8,SATISFIED,1.0224,276515070.0,4400.0
SAL-Ei-LM,bom_deep_7_3_15_5_No1_p50_ao87_am15_5_m10_ao87_am10_2,87,9,SATISFIED,1.0215,273324371.0,5945.0
SAL-Ei-LM,bom_deep_7_3_15_5_No1_p50_ao87_am15_5_m10_ao87_am10_2,87,10,SATISFIED,1.0211,280042350.0,8350.0
SAL-Ei-LM,bom_deep_7_3_15_5_No1_p50_ao87_am15_5_m10_ao87_am10_3,87,1,SATISFIED,1.0231,360887849.0,8513.0
SAL-Ei-LM,bom_deep_7_3_15_5_No1_p50_ao87_am15_5_m10_ao87_am10_3,87,2,SATISFIED,1.0221,359834348.0,8543.0
SAL-Ei-LM,bom_deep_7_3_15_5_No1_p50_ao87_am15_5_m10_ao87_am10_3,87,3,SATISFIED,1.0228,361576677.0,8389.0
SAL-Ei-LM,bom_deep_7_3_15_5_No1_p50_ao87_am15_5_m10_ao87_am10_3,87,4,SATISFIED,1.0204,360837799.0,8562.0
SAL-Ei-LM,bom_deep_7_3_15_5_No1_p50_ao87_am15_5_m10_ao87_am10_3,87,5,SATISFIED,1.0209,362083422.0,8399.0
SAL-Ei-LM,bom_deep_7_3_15_5_No1_p50_ao87_am15_5_m10_ao87_am10_3,87,6,SATISFIED,1.021,361449949.0,8311.0
SAL-Ei-LM,bom_deep_7_3_15_5_No1_p50_ao87_am15_5_m10_ao87_am10_3,87,7,SATISFIED,1.0219,360592227.0,8358.0
SAL-Ei-LM,bom_deep_7_3_15_5_No1_p50_ao87_am15_5_m10_ao87_am10_3,87,8,SATISFIED,1.0245,361472219.0,8522.0
SAL-Ei-LM,bom_deep_7_3_15_5_No1_p50_ao87_am15_5_m10_ao87_am10_3,87,9,SATISFIED,1.025,360796186.0,8451.0
SAL-Ei-LM,bom_deep_7_3_15_5_No1_p50_ao87_am15_5_m10_ao87_am10_3,87,10,SATISFIED,1.0235,361220756.0,8534.0
SAL-Ei-LM,bom_deep_7_3_15_5_No1_p50_ao87_am15_5_m10_ao87_am10_4,87,1,SATISFIED,1.0231,375968989.0,8368.0
SAL-Ei-LM,bom_deep_7_3_15_5_No1_p50_ao87_am15_5_m10_ao87_am10_4,87,2,SATISFIED,1.0223,388296562.0,8489.0
SAL-Ei-LM,bom_deep_7_3_15_5_No1_p50_ao87_am15_5_m10_ao87_am10_4,87,3,SATISFIED,1.0219,375547641.0,8476.0
SAL-Ei-LM,bom_deep_7_3_15_5_No1_p50_ao87_am15_5_m10_ao87_am10_4,87,4,SATISFIED,1.0246,373323684.0,8560.0
SAL-Ei-LM,bom_deep_7_3_15_5_No1_p50_ao87_am15_5_m10_ao87_am10_4,87,5,SATISFIED,1.0261,384001504.0,8409.0
SAL-Ei-LM,bom_deep_7_3_15_5_No1_p50_ao87_am15_5_m10_ao87_am10_4,87,6,SATISFIED,1.0215,373146425.0,8475.0
SAL-Ei-LM,bom_deep_7_3_15_5_No1_p50_ao87_am15_5_m10_ao87_am10_4,87,7,SATISFIED,1.0216,387326104.0,8423.0
SAL-Ei-LM,bom_deep_7_3_15_5_No1_p50_ao87_am15_5_m10_ao87_am10_4,87,8,SATISFIED,1.0232,381442750.0,8550.0
SAL-Ei-LM,bom_deep_7_3_15_5_No1_p50_ao87_am15_5_m10_ao87_am10_4,87,9,SATISFIED,1.0223,384180966.0,8369.0
SAL-Ei-LM,bom_deep_7_3_15_5_No1_p50_ao87_am15_5_m10_ao87_am10_4,87,10,SATISFIED,1.0232,371392389.0,8307.0
SAL-Ei-LM,bom_deep_7_3_15_5_No1_p50_ao87_am15_5_m10_ao87_am10_5,87,1,SATISFIED,1.0238,168151495.0,8059.0
SAL-Ei-LM,bom_deep_7_3_15_5_No1_p50_ao87_am15_5_m10_ao87_am10_5,87,2,SATISFIED,1.0215,162453075.0,8292.0
SAL-Ei-LM,bom_deep_7_3_15_5_No1_p50_ao87_am15_5_m10_ao87_am10_5,87,3,SATISFIED,1.0258,166953601.0,8252.0
SAL-Ei-LM,bom_deep_7_3_15_5_No1_p50_ao87_am15_5_m10_ao87_am10_5,87,4,SATISFIED,1.0223,165060810.0,8422.0
SAL-Ei-LM,bom_deep_7_3_15_5_No1_p50_ao87_am15_5_m10_ao87_am10_5,87,5,SATISFIED,1.0236,166775835.0,6532.0
SAL-Ei-LM,bom_deep_7_3_15_5_No1_p50_ao87_am15_5_m10_ao87_am10_5,87,6,SATISFIED,1.0234,169589165.0,4358.0
SAL-Ei-LM,bom_deep_7_3_15_5_No1_p50_ao87_am15_5_m10_ao87_am10_5,87,7,SATISFIED,1.0216,164206895.0,5996.0
SAL-Ei-LM,bom_deep_7_3_15_5_No1_p50_ao87_am15_5_m10_ao87_am10_5,87,8,SATISFIED,1.0229,166104645.0,7783.0
SAL-Ei-LM,bom_deep_7_3_15_5_No1_p50_ao87_am15_5_m10_ao87_am10_5,87,9,SATISFIED,1.0255,167198270.0,4371.0
SAL-Ei-LM,bom_deep_7_3_15_5_No1_p50_ao87_am15_5_m10_ao87_am10_5,87,10,SATISFIED,1.0255,171806404.0,4338.0
SAL-Ei-LM,bom_deep_7_3_15_5_No1_p50_ao87_am15_5_m25_ao87_am22_3,87,1,SATISFIED,1.0244,111516583.0,5370.0
SAL-Ei-LM,bom_deep_7_3_15_5_No1_p50_ao87_am15_5_m25_ao87_am22_3,87,2,SATISFIED,1.0216,110560146.0,7994.0
SAL-Ei-LM,bom_deep_7_3_15_5_No1_p50_ao87_am15_5_m25_ao87_am22_3,87,3,SATISFIED,1.021,108978605.0,8205.0
SAL-Ei-LM,bom_deep_7_3_15_5_No1_p50_ao87_am15_5_m25_ao87_am22_3,87,4,SATISFIED,1.0207,104737880.0,8120.0
SAL-Ei-LM,bom_deep_7_3_15_5_No1_p50_ao87_am15_5_m25_ao87_am22_3,87,5,SATISFIED,1.0261,108971404.0,4345.0
SAL-Ei-LM,bom_deep_7_3_15_5_No1_p50_ao87_am15_5_m25_ao87_am22_3,87,6,SATISFIED,1.022,107124920.0,4326.0
SAL-Ei-LM,bom_deep_7_3_15_5_No1_p50_ao87_am15_5_m25_ao87_am22_3,87,7,SATISFIED,1.0257,106966245.0,4292.0
SAL-Ei-LM,bom_deep_7_3_15_5_No1_p50_ao87_am15_5_m25_ao87_am22_3,87,8,SATISFIED,1.0278,112781977.0,4078.0
SAL-Ei-LM,bom_deep_7_3_15_5_No1_p50_ao87_am15_5_m25_ao87_am22_3,87,9,SATISFIED,1.0238,110078795.0,4170.0
SAL-Ei-LM,bom_deep_7_3_15_5_No1_p50_ao87_am15_5_m25_ao87_am22_3,87,10,SATISFIED,1.0241,114100839.0,6139.0
SAL-Ei-LM,bom_deep_7_3_15_5_No1_p50_ao87_am15_5_m25_ao87_am22_4,87,1,SATISFIED,1.0257,174533855.0,7841.0
SAL-Ei-LM,bom_deep_7_3_15_5_No1_p50_ao87_am15_5_m25_ao87_am22_4,87,2,SATISFIED,1.0266,170888250.0,4307.0
SAL-Ei-LM,bom_deep_7_3_15_5_No1_p50_ao87_am15_5_m25_ao87_am22_4,87,3,SATISFIED,1.029,170630616.0,4073.0
SAL-Ei-LM,bom_deep_7_3_15_5_No1_p50_ao87_am15_5_m25_ao87_am22_4,87,4,SATISFIED,1.0273,171122390.0,4129.0
SAL-Ei-LM,bom_deep_7_3_15_5_No1_p50_ao87_am15_5_m25_ao87_am22_4,87,5,SATISFIED,1.0261,162522933.0,4151.0
SAL-Ei-LM,bom_deep_7_3_15_5_No1_p50_ao87_am15_5_m25_ao87_am22_4,87,6,SATISFIED,1.0256,168985110.0,4126.0
SAL-Ei-LM,bom_deep_7_3_15_5_No1_p50_ao87_am15_5_m25_ao87_am22_4,87,7,SATISFIED,1.0267,167302466.0,4148.0
SAL-Ei-LM,bom_deep_7_3_15_5_No1_p50_ao87_am15_5_m25_ao87_am22_4,87,8,SATISFIED,1.0245,165621073.0,5198.0
SAL-Ei-LM,bom_deep_7_3_15_5_No1_p50_ao87_am15_5_m25_ao87_am22_4,87,9,SATISFIED,1.0247,167841502.0,7941.0
SAL-Ei-LM,bom_deep_7_3_15_5_No1_p50_ao87_am15_5_m25_ao87_am22_4,87,10,SATISFIED,1.0146,170743456.0,4084.0
SAL-Ei-LM,bom_deep_7_3_15_5_No1_p50_ao87_am15_5_m25_ao87_am23_1,87,1,SATISFIED,1.0196,214194974.0,4630.0
SAL-Ei-LM,bom_deep_7_3_15_5_No1_p50_ao87_am15_5_m25_ao87_am23_1,87,2,SATISFIED,1.02,220633425.0,7556.0
SAL-Ei-LM,bom_deep_7_3_15_5_No1_p50_ao87_am15_5_m25_ao87_am23_1,87,3,SATISFIED,1.0266,216657930.0,4252.0
SAL-Ei-LM,bom_deep_7_3_15_5_No1_p50_ao87_am15_5_m25_ao87_am23_1,87,4,SATISFIED,1.0279,217845475.0,4054.0
SAL-Ei-LM,bom_deep_7_3_15_5_No1_p50_ao87_am15_5_m25_ao87_am23_1,87,5,SATISFIED,1.0257,213594434.0,4135.0
SAL-Ei-LM,bom_deep_7_3_15_5_No1_p50_ao87_am15_5_m25_ao87_am23_1,87,6,SATISFIED,1.0237,218488421.0,4118.0
SAL-Ei-LM,bom_deep_7_3_15_5_No1_p50_ao87_am15_5_m25_ao87_am23_1,87,7,SATISFIED,1.0224,216230045.0,5337.0
SAL-Ei-LM,bom_deep_7_3_15_5_No1_p50_ao87_am15_5_m25_ao87_am23_1,87,8,SATISFIED,1.0211,221073425.0,8039.0
SAL-Ei-LM,bom_deep_7_3_15_5_No1_p50_ao87_am15_5_m25_ao87_am23_1,87,9,SATISFIED,1.0252,215635208.0,7833.0
SAL-Ei-LM,bom_deep_7_3_15_5_No1_p50_ao87_am15_5_m25_ao87_am23_1,87,10,SATISFIED,1.0246,220538720.0,8119.0
SAL-Ei-LM,bom_deep_7_3_15_5_No1_p50_ao87_am15_5_m25_ao87_am25_2,87,1,SATISFIED,1.0241,189569690.0,8185.0
SAL-Ei-LM,bom_deep_7_3_15_5_No1_p50_ao87_am15_5_m25_ao87_am25_2,87,2,SATISFIED,1.0215,185734560.0,8204.0
SAL-Ei-LM,bom_deep_7_3_15_5_No1_p50_ao87_am15_5_m25_ao87_am25_2,87,3,SATISFIED,1.0244,180182868.0,8190.0
SAL-Ei-LM,bom_deep_7_3_15_5_No1_p50_ao87_am15_5_m25_ao87_am25_2,87,4,SATISFIED,1.0255,179593773.0,8185.0
SAL-Ei-LM,bom_deep_7_3_15_5_No1_p50_ao87_am15_5_m25_ao87_am25_2,87,5,SATISFIED,1.0263,180758121.0,7844.0
SAL-Ei-LM,bom_deep_7_3_15_5_No1_p50_ao87_am15_5_m25_ao87_am25_2,87,6,SATISFIED,1.0268,181367092.0,8009.0
SAL-Ei-LM,bom_deep_7_3_15_5_No1_p50_ao87_am15_5_m25_ao87_am25_2,87,7,SATISFIED,1.0284,186507254.0,4117.0
SAL-Ei-LM,bom_deep_7_3_15_5_No1_p50_ao87_am15_5_m25_ao87_am25_2,87,8,SATISFIED,1.0249,184127731.0,4348.0
SAL-Ei-LM,bom_deep_7_3_15_5_No1_p50_ao87_am15_5_m25_ao87_am25_2,87,9,SATISFIED,1.0241,190000500.0,5436.0
SAL-Ei-LM,bom_deep_7_3_15_5_No1_p50_ao87_am15_5_m25_ao87_am25_2,87,10,SATISFIED,1.0226,186291749.0,8060.0
SAL-Ei-LM,bom_deep_7_3_15_5_No1_p50_ao87_am15_5_m25_ao87_am25_5,87,1,SATISFIED,1.0257,245583155.0,7808.0
SAL-Ei-LM,bom_deep_7_3_15_5_No1_p50_ao87_am15_5_m25_ao87_am25_5,87,2,SATISFIED,1.0263,244555070.0,7801.0
SAL-Ei-LM,bom_deep_7_3_15_5_No1_p50_ao87_am15_5_m25_ao87_am25_5,87,3,SATISFIED,1.0246,238981238.0,7875.0
SAL-Ei-LM,bom_deep_7_3_15_5_No1_p50_ao87_am15_5_m25_ao87_am25_5,87,4,SATISFIED,1.0262,231682153.0,7878.0
SAL-Ei-LM,bom_deep_7_3_15_5_No1_p50_ao87_am15_5_m25_ao87_am25_5,87,5,SATISFIED,1.0254,237791657.0,7741.0
SAL-Ei-LM,bom_deep_7_3_15_5_No1_p50_ao87_am15_5_m25_ao87_am25_5,87,6,SATISFIED,1.0292,240843861.0,7829.0
SAL-Ei-LM,bom_deep_7_3_15_5_No1_p50_ao87_am15_5_m25_ao87_am25_5,87,7,SATISFIED,1.0235,232702590.0,7820.0
SAL-Ei-LM,bom_deep_7_3_15_5_No1_p50_ao87_am15_5_m25_ao87_am25_5,87,8,SATISFIED,1.0217,245955452.0,7736.0
SAL-Ei-LM,bom_deep_7_3_15_5_No1_p50_ao87_am15_5_m25_ao87_am25_5,87,9,SATISFIED,1.0255,234692436.0,4124.0
SAL-Ei-LM,bom_deep_7_3_15_5_No1_p50_ao87_am15_5_m25_ao87_am25_5,87,10,SATISFIED,1.0236,241899258.0,4066.0
