{
  "agent": {
    "rew_mean": 0.0,
    "rew_std": 0.0,
    "rew_best": 0.0,
    "rew_best_count": 50,
    "rew_worst": 0.0,
    "tardiness_mean": 0.0,
    "tardiness_std": 0.0,
    "tardiness_max_mean": 0.0,
    "makespan_tests": [
      38657,
      12601,
      7567,
      14480,
      26921,
      6392,
      7390,
      7688,
      7918,
      6787,
      41594,
      6323,
      6777,
      6344,
      35590,
      7981,
      14420,
      7824,
      34017,
      7664,
      33642,
      13207,
      7978,
      7918,
      7821,
      27890,
      7495,
      42164,
      13737,
      7718,
      7779,
      7772,
      7860,
      8037,
      8191,
      6400,
      6401,
      6541,
      20875,
      21744,
      35129,
      7349,
      6867,
      8369,
      7259,
      8445,
      6749,
      20998,
      12592,
      7041
    ],
    "makespan_mean": 13938.06,
    "rew_worst_quantile_border": 0.0,
    "rew_cvar": 0.0,
    "rew_perc_good_solutions": 1.0,
    "num_tests": 50,
    "running_time": [
      1.6483399868011475,
      0.1998138427734375,
      0.05109810829162598,
      0.18732213973999023,
      1.899540901184082,
      0.02925419807434082,
      0.04990983009338379,
      0.0643310546875,
      0.12262511253356934,
      0.047914981842041016,
      3.627453088760376,
      0.01723313331604004,
      0.021418094635009766,
      0.014609098434448242,
      3.695385694503784,
      0.15818095207214355,
      0.23856902122497559,
      0.09699296951293945,
      4.728570222854614,
      0.08706498146057129,
      2.1735708713531494,
      0.07564401626586914,
      0.1695549488067627,
      0.17000699043273926,
      0.15003705024719238,
      1.703246831893921,
      0.10189604759216309,
      4.533098936080933,
      0.3048970699310303,
      0.46839189529418945,
      0.2957651615142822,
      0.1556100845336914,
      0.3595247268676758,
      0.3420741558074951,
      0.185837984085083,
      0.016783952713012695,
      0.023640155792236328,
      0.018585920333862305,
      1.5606110095977783,
      1.3405559062957764,
      0.5454730987548828,
      0.055497169494628906,
      0.048136234283447266,
      0.10963797569274902,
      0.04193592071533203,
      0.1823279857635498,
      0.019505977630615234,
      0.8386991024017334,
      0.06699085235595703,
      0.05093884468078613
    ]
  },
  "test-data-file-names": [
    "300_4_4_860",
    "100_4_6_225",
    "50_4_6_61",
    "100_4_4_216",
    "200_6_4_575",
    "50_2_6_21",
    "50_4_4_51",
    "50_4_8_72",
    "50_6_8_112",
    "50_4_2_42",
    "300_6_6_907",
    "50_2_4_11",
    "50_2_8_32",
    "50_2_2_1",
    "250_8_2_764",
    "50_8_4_131",
    "100_4_8_240",
    "50_6_4_91",
    "250_8_6_782",
    "50_6_2_82",
    "250_6_2_721",
    "100_2_6_187",
    "50_8_6_142",
    "50_8_6_141",
    "50_8_2_122",
    "200_6_8_595",
    "50_6_6_103",
    "300_6_4_897",
    "100_4_2_203",
    "50_6_4_92",
    "50_6_2_81",
    "50_6_6_102",
    "50_8_4_132",
    "50_8_8_154",
    "50_8_2_123",
    "50_2_2_2",
    "50_2_8_31",
    "50_2_4_12",
    "150_8_6_466",
    "150_8_2_444",
    "300_2_2_806",
    "50_4_8_71",
    "50_4_4_52",
    "50_6_8_111",
    "50_4_2_41",
    "50_8_8_153",
    "50_2_6_22",
    "150_6_4_416",
    "100_2_4_173",
    "50_4_6_62"
  ]
}