{
  "runs": [
    {
      "agent": {
        "rew_mean": 0.0,
        "rew_std": 0.0,
        "rew_best": 0.0,
        "rew_best_count": 50,
        "rew_worst": 0.0,
        "tardiness_mean": 0.0,
        "tardiness_std": 0.0,
        "tardiness_max_mean": 0.0,
        "makespan_tests": [
          42186,
          14206,
          7969,
          16039,
          29767,
          7149,
          7826,
          8245,
          8632,
          7459,
          46050,
          7018,
          7598,
          6889,
          38669,
          8512,
          15413,
          8098,
          37681,
          8106,
          37362,
          14420,
          8603,
          8190,
          8299,
          30860,
          8045,
          46117,
          14715,
          8110,
          7977,
          8354,
          8487,
          8738,
          8772,
          6920,
          7470,
          6994,
          22991,
          23821,
          38716,
          8312,
          7549,
          8924,
          7663,
          9061,
          7296,
          22934,
          13974,
          7767
        ],
        "makespan_mean": 15219.06,
        "rew_worst_quantile_border": 0.0,
        "rew_cvar": 0.0,
        "rew_perc_good_solutions": 1.0,
        "num_tests": 50,
        "running_time": [
          18.403796911239624,
          0.8805480003356934,
          0.16318607330322266,
          0.8690800666809082,
          12.394246816635132,
          0.0643911361694336,
          0.14655494689941406,
          0.168212890625,
          0.3642539978027344,
          0.13631677627563477,
          41.14756107330322,
          0.0543978214263916,
          0.0794229507446289,
          0.04513216018676758,
          39.87356400489807,
          0.5131552219390869,
          0.9566876888275146,
          0.29923582077026367,
          42.098259925842285,
          0.29221296310424805,
          22.570886850357056,
          0.32764697074890137,
          0.5252139568328857,
          0.5297837257385254,
          0.4830169677734375,
          12.673146963119507,
          0.30447983741760254,
          38.60954022407532,
          0.755133867263794,
          0.2963430881500244,
          0.2742197513580322,
          0.309006929397583,
          0.5117409229278564,
          0.5530819892883301,
          0.4922666549682617,
          0.04425787925720215,
          0.07781696319580078,
          0.05573606491088867,
          9.442469835281372,
          9.061850786209106,
          5.234322786331177,
          0.19028687477111816,
          0.17084717750549316,
          0.3314785957336426,
          0.1295778751373291,
          0.5604939460754395,
          0.06623697280883789,
          5.284978151321411,
          0.2842559814453125,
          0.16068005561828613
        ]
      },
      "test-data-file-names": [
        "300_4_4_860",
        "100_4_6_225",
        "50_4_6_61",
        "100_4_4_216",
        "200_6_4_575",
        "50_2_6_21",
        "50_4_4_51",
        "50_4_8_72",
        "50_6_8_112",
        "50_4_2_42",
        "300_6_6_907",
        "50_2_4_11",
        "50_2_8_32",
        "50_2_2_1",
        "250_8_2_764",
        "50_8_4_131",
        "100_4_8_240",
        "50_6_4_91",
        "250_8_6_782",
        "50_6_2_82",
        "250_6_2_721",
        "100_2_6_187",
        "50_8_6_142",
        "50_8_6_141",
        "50_8_2_122",
        "200_6_8_595",
        "50_6_6_103",
        "300_6_4_897",
        "100_4_2_203",
        "50_6_4_92",
        "50_6_2_81",
        "50_6_6_102",
        "50_8_4_132",
        "50_8_8_154",
        "50_8_2_123",
        "50_2_2_2",
        "50_2_8_31",
        "50_2_4_12",
        "150_8_6_466",
        "150_8_2_444",
        "300_2_2_806",
        "50_4_8_71",
        "50_4_4_52",
        "50_6_8_111",
        "50_4_2_41",
        "50_8_8_153",
        "50_2_6_22",
        "150_6_4_416",
        "100_2_4_173",
        "50_4_6_62"
      ]
    },
    {
      "agent": {
        "rew_mean": 0.0,
        "rew_std": 0.0,
        "rew_best": 0.0,
        "rew_best_count": 50,
        "rew_worst": 0.0,
        "tardiness_mean": 0.0,
        "tardiness_std": 0.0,
        "tardiness_max_mean": 0.0,
        "makespan_tests": [
          42209,
          14177,
          7975,
          16036,
          29766,
          7145,
          7929,
          8298,
          8881,
          7467,
          46046,
          7014,
          7658,
          6885,
          38953,
          8491,
          15694,
          8499,
          37713,
          8103,
          37422,
          14458,
          8629,
          8431,
          8361,
          30851,
          8039,
          46107,
          14788,
          8104,
          8347,
          8346,
          8481,
          8733,
          8766,
          6984,
          7467,
          7118,
          23060,
          23831,
          38766,
          8376,
          7561,
          9041,
          7766,
          9055,
          7337,
          22931,
          14001,
          7777
        ],
        "makespan_mean": 15277.46,
        "rew_worst_quantile_border": 0.0,
        "rew_cvar": 0.0,
        "rew_perc_good_solutions": 1.0,
        "num_tests": 50,
        "running_time": [
          17.258354902267456,
          0.8989472389221191,
          0.1603240966796875,
          1.1397428512573242,
          12.151634931564331,
          0.0681009292602539,
          0.143218994140625,
          0.1763300895690918,
          0.33452391624450684,
          0.13454890251159668,
          40.2402720451355,
          0.05796098709106445,
          0.08234071731567383,
          0.04874396324157715,
          42.07212686538696,
          0.51792311668396,
          0.95809006690979,
          0.30321407318115234,
          40.516915798187256,
          0.2755720615386963,
          22.838459014892578,
          0.3363208770751953,
          0.5411927700042725,
          0.644881010055542,
          0.5048398971557617,
          12.850691080093384,
          0.3205831050872803,
          39.129295110702515,
          0.8315331935882568,
          0.29988694190979004,
          0.2773730754852295,
          0.3154470920562744,
          0.524439811706543,
          0.5800080299377441,
          0.5974390506744385,
          0.04581308364868164,
          0.08039689064025879,
          0.06122922897338867,
          10.090718030929565,
          9.873789072036743,
          5.5720131397247314,
          0.18346619606018066,
          0.16112589836120605,
          0.3412909507751465,
          0.1301860809326172,
          0.567899227142334,
          0.07263803482055664,
          5.598984003067017,
          0.42379021644592285,
          0.16890692710876465
        ]
      },
      "test-data-file-names": [
        "300_4_4_860",
        "100_4_6_225",
        "50_4_6_61",
        "100_4_4_216",
        "200_6_4_575",
        "50_2_6_21",
        "50_4_4_51",
        "50_4_8_72",
        "50_6_8_112",
        "50_4_2_42",
        "300_6_6_907",
        "50_2_4_11",
        "50_2_8_32",
        "50_2_2_1",
        "250_8_2_764",
        "50_8_4_131",
        "100_4_8_240",
        "50_6_4_91",
        "250_8_6_782",
        "50_6_2_82",
        "250_6_2_721",
        "100_2_6_187",
        "50_8_6_142",
        "50_8_6_141",
        "50_8_2_122",
        "200_6_8_595",
        "50_6_6_103",
        "300_6_4_897",
        "100_4_2_203",
        "50_6_4_92",
        "50_6_2_81",
        "50_6_6_102",
        "50_8_4_132",
        "50_8_8_154",
        "50_8_2_123",
        "50_2_2_2",
        "50_2_8_31",
        "50_2_4_12",
        "150_8_6_466",
        "150_8_2_444",
        "300_2_2_806",
        "50_4_8_71",
        "50_4_4_52",
        "50_6_8_111",
        "50_4_2_41",
        "50_8_8_153",
        "50_2_6_22",
        "150_6_4_416",
        "100_2_4_173",
        "50_4_6_62"
      ]
    },
    {
      "agent": {
        "rew_mean": 0.0,