{
  "agent": {
    "rew_mean": 0.0,
    "rew_std": 0.0,
    "rew_best": 0.0,
    "rew_best_count": 50,
    "rew_worst": 0.0,
    "tardiness_mean": 0.0,
    "tardiness_std": 0.0,
    "tardiness_max_mean": 0.0,
    "makespan_tests": [
      36224,
      12763,
      7703,
      14039,
      25784,
      6782,
      7610,
      7747,
      8078,
      7065,
      39452,
      6748,
      7165,
      6707,
      33227,
      7964,
      13767,
      7824,
      33360,
      7631,
      32094,
      13252,
      7856,
      7759,
      7699,
      27395,
      7344,
      39703,
      12852,
      7711,
      7806,
      7771,
      7819,
      8199,
      8239,
      6794,
      6834,
      6900,
      20267,
      21404,
      34755,
      7689,
      7207,
      8277,
      7563,
      8454,
      7033,
      19898,
      12762,
      7308
    ],
    "makespan_mean": 13685.68,
    "rew_worst_quantile_border": 0.0,
    "rew_cvar": 0.0,
    "rew_perc_good_solutions": 1.0,
    "num_tests": 50,
    "running_time": [
      28.058364152908325,
      1.7514278888702393,
      0.33628273010253906,
      1.5775730609893799,
      18.999592304229736,
      0.1254420280456543,
      0.3478057384490967,
      0.3294999599456787,
      0.6558032035827637,
      0.2975642681121826,
      56.17960500717163,
      0.12761378288269043,
      0.12743806838989258,
      0.1032249927520752,
      53.47379207611084,
      1.0595588684082031,
      1.7471227645874023,
      0.6333417892456055,
      56.58519101142883,
      0.6269571781158447,
      31.0676429271698,
      0.6713650226593018,
      1.1078672409057617,
      1.1111078262329102,
      1.0524449348449707,
      18.722646951675415,
      0.6471579074859619,
      51.28034210205078,
      1.4542570114135742,
      0.632014274597168,
      0.6053528785705566,
      0.6484658718109131,
      1.0848078727722168,
      1.1060431003570557,
      1.0503418445587158,
      0.10459589958190918,
      0.12805986404418945,
      0.12077999114990234,
      14.885467767715454,
      14.497309923171997,
      8.430380821228027,
      0.3469858169555664,
      0.3128058910369873,
      0.6509418487548828,
      0.28391003608703613,
      1.10542893409729,
      0.12068986892700195,
      8.766661882400513,
      0.631328821182251,
      0.32309603691101074
    ]
  },
  "test-data-file-names": [
    "300_4_4_860",
    "100_4_6_225",
    "50_4_6_61",
    "100_4_4_216",
    "200_6_4_575",
    "50_2_6_21",
    "50_4_4_51",
    "50_4_8_72",
    "50_6_8_112",
    "50_4_2_42",
    "300_6_6_907",
    "50_2_4_11",
    "50_2_8_32",
    "50_2_2_1",
    "250_8_2_764",
    "50_8_4_131",
    "100_4_8_240",
    "50_6_4_91",
    "250_8_6_782",
    "50_6_2_82",
    "250_6_2_721",
    "100_2_6_187",
    "50_8_6_142",
    "50_8_6_141",
    "50_8_2_122",
    "200_6_8_595",
    "50_6_6_103",
    "300_6_4_897",
    "100_4_2_203",
    "50_6_4_92",
    "50_6_2_81",
    "50_6_6_102",
    "50_8_4_132",
    "50_8_8_154",
    "50_8_2_123",
    "50_2_2_2",
    "50_2_8_31",
    "50_2_4_12",
    "150_8_6_466",
    "150_8_2_444",
    "300_2_2_806",
    "50_4_8_71",
    "50_4_4_52",
    "50_6_8_111",
    "50_4_2_41",
    "50_8_8_153",
    "50_2_6_22",
    "150_6_4_416",
    "100_2_4_173",
    "50_4_6_62"
  ]
}