{
  "agent": {
    "rew_mean": 0.0,
    "rew_std": 0.0,
    "rew_best": 0.0,
    "rew_best_count": 50,
    "rew_worst": 0.0,
    "tardiness_mean": 0.0,
    "tardiness_std": 0.0,
    "tardiness_max_mean": 0.0,
    "makespan_tests": [
      46690,
      15883,
      7999,
      18231,
      33320,
      7089,
      7807,
      8094,
      8535,
      7333,
      50950,
      7029,
      7654,
      6933,
      40304,
      9203,
      16602,
      8375,
      42787,
      8133,
      44829,
      15293,
      8877,
      8501,
      9992,
      34940,
      8020,
      57951,
      17528,
      8164,
      8281,
      8171,
      9050,
      8571,
      8786,
      7368,
      7434,
      7990,
      25683,
      26606,
      39717,
      8609,
      7508,
      8909,
      7703,
      9216,
      7808,
      25631,
      15566,
      7593
    ],
    "makespan_mean": 16584.92,
    "rew_worst_quantile_border": 0.0,
    "rew_cvar": 0.0,
    "rew_perc_good_solutions": 1.0,
    "num_tests": 50,
    "running_time": [
      23.75058102607727,
      1.3504939079284668,
      0.273756742477417,
      1.22554612159729,
      14.732549905776978,
      0.13245415687561035,
      0.24831008911132812,
      0.30528831481933594,
      0.5314328670501709,
      0.21772074699401855,
      47.9935188293457,
      0.1062929630279541,
      0.16675376892089844,
      0.07653212547302246,
      46.21285104751587,
      1.252655029296875,
      1.5334479808807373,
      0.4657301902770996,
      47.212220191955566,
      0.43315792083740234,
      26.169618844985962,
      0.5905377864837646,
      0.8884739875793457,
      1.0369720458984375,
      1.011650800704956,
      18.191324949264526,
      0.5058979988098145,
      48.64192199707031,
      1.3423407077789307,
      0.5188679695129395,
      0.4284021854400635,
      0.510225772857666,
      0.812248706817627,
      0.878089427947998,
      0.7477550506591797,
      0.07743310928344727,
      0.1647050380706787,
      0.13181519508361816,
      11.878697872161865,
      11.570050954818726,
      6.865574836730957,
      0.30606698989868164,
      0.2468717098236084,
      0.5374808311462402,
      0.20410990715026855,
      0.8815360069274902,
      0.13324499130249023,
      7.338059663772583,
      0.4696168899536133,
      0.2852489948272705
    ]
  },
  "test-data-file-names": [
    "300_4_4_860",
    "100_4_6_225",
    "50_4_6_61",
    "100_4_4_216",
    "200_6_4_575",
    "50_2_6_21",
    "50_4_4_51",
    "50_4_8_72",
    "50_6_8_112",
    "50_4_2_42",
    "300_6_6_907",
    "50_2_4_11",
    "50_2_8_32",
    "50_2_2_1",
    "250_8_2_764",
    "50_8_4_131",
    "100_4_8_240",
    "50_6_4_91",
    "250_8_6_782",
    "50_6_2_82",
    "250_6_2_721",
    "100_2_6_187",
    "50_8_6_142",
    "50_8_6_141",
    "50_8_2_122",
    "200_6_8_595",
    "50_6_6_103",
    "300_6_4_897",
    "100_4_2_203",
    "50_6_4_92",
    "50_6_2_81",
    "50_6_6_102",
    "50_8_4_132",
    "50_8_8_154",
    "50_8_2_123",
    "50_2_2_2",
    "50_2_8_31",
    "50_2_4_12",
    "150_8_6_466",
    "150_8_2_444",
    "300_2_2_806",
    "50_4_8_71",
    "50_4_4_52",
    "50_6_8_111",
    "50_4_2_41",
    "50_8_8_153",
    "50_2_6_22",
    "150_6_4_416",
    "100_2_4_173",
    "50_4_6_62"
  ]
}