{
  "runs": [
    {
      "agent": {
        "rew_mean": 0.0,
        "rew_std": 0.0,
        "rew_best": 0.0,
        "rew_best_count": 50,
        "rew_worst": 0.0,
        "tardiness_mean": 0.0,
        "tardiness_std": 0.0,
        "tardiness_max_mean": 0.0,
        "makespan_tests": [
          35428,
          12403,
          7280,
          13630,
          24274,
          6638,
          7019,
          7619,
          8085,
          6150,
          37728,
          6423,
          7818,
          6259,
          30349,
          7598,
          14089,
          7344,
          29930,
          6771,
          29989,
          13389,
          7367,
          7287,
          6829,
          25247,
          6906,
          36834,
          12216,
          7229,
          7108,
          7635,
          7282,
          7551,
          7223,
          6823,
          6932,
          7510,
          18840,
          19075,
          35045,
          8151,
          6439,
          7909,
          6930,
          8301,
          7856,
          18324,
          13091,
          7204
        ],
        "makespan_mean": 13027.14,
        "rew_worst_quantile_border": 0.0,
        "rew_cvar": 0.0,
        "rew_perc_good_solutions": 1.0,
        "num_tests": 50,
        "running_time": [
          1.8338818550109863,
          0.22042608261108398,
          0.0557560920715332,
          0.2033998966217041,
          1.6442208290100098,
          0.02076411247253418,
          0.05184626579284668,
          0.06032609939575195,
          0.11786794662475586,
          0.04752802848815918,
          3.9926071166992188,
          0.01880502700805664,
          0.022813796997070312,
          0.016833066940307617,
          5.132164716720581,
          0.18034100532531738,
          0.23624897003173828,
          0.10227680206298828,
          5.2138848304748535,
          0.10564303398132324,
          2.524807929992676,
          0.08688807487487793,
          0.19203400611877441,
          0.18968796730041504,
          0.17041921615600586,
          1.9313039779663086,
          0.11375069618225098,
          3.912052869796753,
          0.18663692474365234,
          0.10294914245605469,
          0.09591388702392578,
          0.1095130443572998,
          0.1747279167175293,
          0.1949021816253662,
          0.16472816467285156,
          0.01637101173400879,
          0.022491931915283203,
          0.018714189529418945,
          1.6492347717285156,
          1.4702630043029785,
          0.6239588260650635,
          0.06070709228515625,
          0.053015947341918945,
          0.11732006072998047,
          0.047222137451171875,
          0.1952061653137207,
          0.02048516273498535,
          0.9278159141540527,
          0.07835006713867188,
          0.06047701835632324
        ]
      },
      "test-data-file-names": [
        "300_4_4_860",
        "100_4_6_225",
        "50_4_6_61",
        "100_4_4_216",
        "200_6_4_575",
        "50_2_6_21",
        "50_4_4_51",
        "50_4_8_72",
        "50_6_8_112",
        "50_4_2_42",
        "300_6_6_907",
        "50_2_4_11",
        "50_2_8_32",
        "50_2_2_1",
        "250_8_2_764",
        "50_8_4_131",
        "100_4_8_240",
        "50_6_4_91",
        "250_8_6_782",
        "50_6_2_82",
        "250_6_2_721",
        "100_2_6_187",
        "50_8_6_142",
        "50_8_6_141",
        "50_8_2_122",
        "200_6_8_595",
        "50_6_6_103",
        "300_6_4_897",
        "100_4_2_203",
        "50_6_4_92",
        "50_6_2_81",
        "50_6_6_102",
        "50_8_4_132",
        "50_8_8_154",
        "50_8_2_123",
        "50_2_2_2",
        "50_2_8_31",
        "50_2_4_12",
        "150_8_6_466",
        "150_8_2_444",
        "300_2_2_806",
        "50_4_8_71",
        "50_4_4_52",
        "50_6_8_111",
        "50_4_2_41",
        "50_8_8_153",
        "50_2_6_22",
        "150_6_4_416",
        "100_2_4_173",
        "50_4_6_62"
      ]
    },
    {
      "agent": {
        "rew_mean": 0.0,
        "rew_std": 0.0,
        "rew_best": 0.0,
        "rew_best_count": 50,
        "rew_worst": 0.0,
        "tardiness_mean": 0.0,
        "tardiness_std": 0.0,
        "tardiness_max_mean": 0.0,
        "makespan_tests": [
          35428,
          12403,
          7280,
          13630,
          24274,
          6638,
          7019,
          7619,
          8085,
          6150,
          37728,
          6423,
          7818,
          6259,
          30349,
          7598,
          14089,
          7344,
          29930,
          6771,
          29989,
          13389,
          7367,
          7287,
          6829,
          25247,
          6906,
          36834,
          12216,
          7229,
          7108,
          7635,
          7282,
          7551,
          7223,
          6823,
          6932,
          7510,
          18840,
          19075,
          35045,
          8151,
          6439,
          7909,
          6930,
          8301,
          7856,
          18324,
          13091,
          7204
        ],
        "makespan_mean": 13027.14,
        "rew_worst_quantile_border": 0.0,
        "rew_cvar": 0.0,
        "rew_perc_good_solutions": 1.0,
        "num_tests": 50,
        "running_time": [
          2.0389151573181152,
          0.23331570625305176,
          0.05884599685668945,
          0.21939396858215332,
          1.7552649974822998,
          0.0215151309967041,
          0.05411195755004883,
          0.0623469352722168,
          0.12217497825622559,
          0.049398183822631836,
          4.184463024139404,
          0.027805805206298828,
          0.025520801544189453,
          0.01741480827331543,
          4.272988796234131,
          0.18442225456237793,
          0.24636387825012207,
          0.10754108428955078,
          5.188652038574219,
          0.1191551685333252,
          2.8404738903045654,
          0.08523011207580566,
          0.19186687469482422,
          0.3366847038269043,
          0.21636605262756348,
          2.097482204437256,
          0.22664499282836914,
          3.982353687286377,
          0.19791102409362793,
          0.10924601554870605,
          0.10021305084228516,
          0.11485075950622559,
          0.18111109733581543,
          0.2031700611114502,
          0.17118287086486816,
          0.017200946807861328,
          0.023859262466430664,
          0.01958489418029785,
          2.357304096221924,
          1.6255910396575928,
          0.6741549968719482,
          0.06721997261047363,
          0.065521240234375,
          0.16877412796020508,
          0.07970786094665527,
          0.2942850589752197,
          0.0278778076171875,
          1.250622034072876,
          0.08194112777709961,
          0.06123185157775879
        ]
      },