{
  "agent": {
    "rew_mean": 0.0,
    "rew_std": 0.0,
    "rew_best": 0.0,
    "rew_best_count": 50,
    "rew_worst": 0.0,
    "tardiness_mean": 0.0,
    "tardiness_std": 0.0,
    "tardiness_max_mean": 0.0,
    "makespan_tests": [
      32848,
      10999,
      6314,
      12278,
      22358,
      5865,
      6239,
      6372,
      6612,
      5894,
      34008,
      5796,
      6591,
      5727,
      28209,
      6322,
      12096,
      6426,
      27631,
      6220,
      27649,
      11985,
      6468,
      6187,
      6312,
      23085,
      6054,
      33909,
      11387,
      6316,
      6351,
      6366,
      6384,
      6548,
      6592,
      6094,
      5936,
      6201,
      16926,
      17566,
      33366,
      6435,
      5936,
      6812,
      6161,
      6867,
      6257,
      17066,
      11682,
      5990
    ],
    "makespan_mean": 11713.86,
    "rew_worst_quantile_border": 0.0,
    "rew_cvar": 0.0,
    "rew_perc_good_solutions": 1.0,
    "num_tests": 50,
    "running_time": [
      1.6588528156280518,
      0.19234991073608398,
      0.049070119857788086,
      0.17603516578674316,
      1.5777323246002197,
      0.02000594139099121,
      0.0451970100402832,
      0.05407524108886719,
      0.10350203514099121,
      0.040463924407958984,
      3.5032198429107666,
      0.016381025314331055,
      0.020322084426879883,
      0.013988733291625977,
      3.608241081237793,
      0.14895415306091309,
      0.2091231346130371,
      0.091094970703125,
      4.088622093200684,
      0.08191728591918945,
      2.103066921234131,
      0.07286620140075684,
      0.16314411163330078,
      0.16339993476867676,
      0.14223194122314453,
      1.7404279708862305,
      0.10137796401977539,
      3.93548583984375,
      0.28153371810913086,
      0.14629292488098145,
      0.10815906524658203,
      0.15207791328430176,
      0.1881401538848877,
      0.19939208030700684,
      0.14819622039794922,
      0.01406717300415039,
      0.02017378807067871,
      0.016749858856201172,
      1.4946858882904053,
      1.2885651588439941,
      0.501777172088623,
      0.0524139404296875,
      0.044016122817993164,
      0.1026608943939209,
      0.04188704490661621,
      0.17677021026611328,
      0.018181800842285156,
      0.8173801898956299,
      0.06394004821777344,
      0.049157142639160156
    ]
  },
  "test-data-file-names": [
    "300_4_4_860",
    "100_4_6_225",
    "50_4_6_61",
    "100_4_4_216",
    "200_6_4_575",
    "50_2_6_21",
    "50_4_4_51",
    "50_4_8_72",
    "50_6_8_112",
    "50_4_2_42",
    "300_6_6_907",
    "50_2_4_11",
    "50_2_8_32",
    "50_2_2_1",
    "250_8_2_764",
    "50_8_4_131",
    "100_4_8_240",
    "50_6_4_91",
    "250_8_6_782",
    "50_6_2_82",
    "250_6_2_721",
    "100_2_6_187",
    "50_8_6_142",
    "50_8_6_141",
    "50_8_2_122",
    "200_6_8_595",
    "50_6_6_103",
    "300_6_4_897",
    "100_4_2_203",
    "50_6_4_92",
    "50_6_2_81",
    "50_6_6_102",
    "50_8_4_132",
    "50_8_8_154",
    "50_8_2_123",
    "50_2_2_2",
    "50_2_8_31",
    "50_2_4_12",
    "150_8_6_466",
    "150_8_2_444",
    "300_2_2_806",
    "50_4_8_71",
    "50_4_4_52",
    "50_6_8_111",
    "50_4_2_41",
    "50_8_8_153",
    "50_2_6_22",
    "150_6_4_416",
    "100_2_4_173",
    "50_4_6_62"
  ]
}