{
  "runs": [
    {
      "agent": {
        "rew_mean": 0.0,
        "rew_std": 0.0,
        "rew_best": 0.0,
        "rew_best_count": 50,
        "rew_worst": 0.0,
        "tardiness_mean": 0.0,
        "tardiness_std": 0.0,
        "tardiness_max_mean": 0.0,
        "makespan_tests": [
          32848,
          10999,
          6314,
          12278,
          22358,
          5865,
          6239,
          6372,
          6612,
          5894,
          34008,
          5796,
          6591,
          5727,
          28209,
          6322,
          12096,
          6426,
          27631,
          6220,
          27649,
          11985,
          6468,
          6187,
          6312,
          23085,
          6054,
          33909,
          11387,
          6316,
          6351,
          6366,
          6384,
          6548,
          6592,
          6094,
          5936,
          6201,
          16926,
          17566,
          33366,
          6435,
          5936,
          6812,
          6161,
          6867,
          6257,
          17066,
          11682,
          5990
        ],
        "makespan_mean": 11713.86,
        "rew_worst_quantile_border": 0.0,
        "rew_cvar": 0.0,
        "rew_perc_good_solutions": 1.0,
        "num_tests": 50,
        "running_time": [
          1.6231420040130615,
          0.19534993171691895,
          0.04993104934692383,
          0.1850287914276123,
          2.1200740337371826,
          0.0186612606048584,
          0.045060157775878906,
          0.053472042083740234,
          0.10469603538513184,
          0.04102897644042969,
          3.5229828357696533,
          0.01611185073852539,
          0.020453214645385742,
          0.01437687873840332,
          3.853281021118164,
          0.15292906761169434,
          0.2120952606201172,
          0.09155988693237305,
          4.088077068328857,
          0.08338212966918945,
          2.0605199337005615,
          0.07055091857910156,
          0.16308999061584473,
          0.16354894638061523,
          0.142791748046875,
          1.6485588550567627,
          0.0960381031036377,
          3.247899293899536,
          0.16030097007751465,
          0.08996105194091797,
          0.08453226089477539,
          0.10137391090393066,
          0.16008591651916504,
          0.1743156909942627,
          0.14300799369812012,
          0.014319658279418945,
          0.020511865615844727,
          0.016488075256347656,
          1.454336166381836,
          1.287006139755249,
          0.504641056060791,
          0.05360913276672363,
          0.04564094543457031,
          0.10648488998413086,
          0.041475772857666016,
          0.17264723777770996,
          0.018217086791992188,
          0.8035821914672852,
          0.0655970573425293,
          0.048700809478759766
        ]
      },
      "test-data-file-names": [
        "300_4_4_860",
        "100_4_6_225",
        "50_4_6_61",
        "100_4_4_216",
        "200_6_4_575",
        "50_2_6_21",
        "50_4_4_51",
        "50_4_8_72",
        "50_6_8_112",
        "50_4_2_42",
        "300_6_6_907",
        "50_2_4_11",
        "50_2_8_32",
        "50_2_2_1",
        "250_8_2_764",
        "50_8_4_131",
        "100_4_8_240",
        "50_6_4_91",
        "250_8_6_782",
        "50_6_2_82",
        "250_6_2_721",
        "100_2_6_187",
        "50_8_6_142",
        "50_8_6_141",
        "50_8_2_122",
        "200_6_8_595",
        "50_6_6_103",
        "300_6_4_897",
        "100_4_2_203",
        "50_6_4_92",
        "50_6_2_81",
        "50_6_6_102",
        "50_8_4_132",
        "50_8_8_154",
        "50_8_2_123",
        "50_2_2_2",
        "50_2_8_31",
        "50_2_4_12",
        "150_8_6_466",
        "150_8_2_444",
        "300_2_2_806",
        "50_4_8_71",
        "50_4_4_52",
        "50_6_8_111",
        "50_4_2_41",
        "50_8_8_153",
        "50_2_6_22",
        "150_6_4_416",
        "100_2_4_173",
        "50_4_6_62"
      ]
    },
    {
      "agent": {
        "rew_mean": 0.0,
        "rew_std": 0.0,
        "rew_best": 0.0,
        "rew_best_count": 50,
        "rew_worst": 0.0,
        "tardiness_mean": 0.0,
        "tardiness_std": 0.0,
        "tardiness_max_mean": 0.0,
        "makespan_tests": [
          32848,
          10999,
          6314,
          12278,
          22358,
          5865,
          6239,
          6372,
          6612,
          5894,
          34008,
          5796,
          6591,
          5727,
          28209,
          6322,
          12096,
          6426,
          27631,
          6220,
          27649,
          11985,
          6468,
          6187,
          6312,
          23085,
          6054,
          33909,
          11387,
          6316,
          6351,
          6366,
          6384,
          6548,
          6592,
          6094,
          5936,
          6201,
          16926,
          17566,
          33366,
          6435,
          5936,
          6812,
          6161,
          6867,
          6257,
          17066,
          11682,
          5990
        ],
        "makespan_mean": 11713.86,
        "rew_worst_quantile_border": 0.0,
        "rew_cvar": 0.0,
        "rew_perc_good_solutions": 1.0,
        "num_tests": 50,
        "running_time": [
          1.7065529823303223,
          0.1966409683227539,
          0.04882311820983887,
          0.17797088623046875,
          1.4292609691619873,
          0.018383026123046875,
          0.04488992691040039,
          0.05342602729797363,
          0.10400605201721191,
          0.04052901268005371,
          3.537747859954834,
          0.016877174377441406,
          0.020295143127441406,
          0.014320135116577148,
          3.6700119972229004,
          0.1499929428100586,
          0.2080080509185791,
          0.09036779403686523,
          4.03140115737915,
          0.08279681205749512,
          2.071363925933838,
          0.07177591323852539,
          0.16284894943237305,
          0.161376953125,
          0.14150214195251465,
          1.6404197216033936,
          0.09459614753723145,
          3.242263078689575,
          0.16183185577392578,
          0.09044575691223145,
          0.08328604698181152,
          0.09963178634643555,
          0.15353608131408691,
          0.17348575592041016,
          0.1431560516357422,
          0.01429605484008789,
          0.02037668228149414,
          0.01641082763671875,
          1.444324016571045,
          1.289212942123413,
          0.5028979778289795,
          0.052551984786987305,
          0.04434776306152344,
          0.10378503799438477,
          0.040618181228637695,
          0.17259502410888672,
          0.018366336822509766,
          0.8530948162078857,
          0.07503890991210938,
          0.049794912338256836
        ]
      },