{
  "runs": [
    {
      "agent": {
        "rew_mean": 0.0,
        "rew_std": 0.0,
        "rew_best": 0.0,
        "rew_best_count": 50,
        "rew_worst": 0.0,
        "tardiness_mean": 0.0,
        "tardiness_std": 0.0,
        "tardiness_max_mean": 0.0,
        "makespan_tests": [
          38657,
          12601,
          7567,
          14480,
          26921,
          6392,
          7390,
          7688,
          7918,
          6787,
          41594,
          6323,
          6777,
          6344,
          35590,
          7981,
          14420,
          7824,
          34017,
          7664,
          33642,
          13207,
          7978,
          7918,
          7821,
          27890,
          7495,
          42164,
          13737,
          7718,
          7779,
          7772,
          7860,
          8037,
          8191,
          6400,
          6401,
          6541,
          20875,
          21744,
          35129,
          7349,
          6867,
          8369,
          7259,
          8445,
          6749,
          20998,
          12592,
          7041
        ],
        "makespan_mean": 13938.06,
        "rew_worst_quantile_border": 0.0,
        "rew_cvar": 0.0,
        "rew_perc_good_solutions": 1.0,
        "num_tests": 50,
        "running_time": [
          1.6324279308319092,
          0.19981789588928223,
          0.050093889236450195,
          0.18007183074951172,
          1.4951491355895996,
          0.01955389976501465,
          0.04677891731262207,
          0.055519819259643555,
          0.10825014114379883,
          0.04237222671508789,
          3.7551870346069336,
          0.018564224243164062,
          0.02272510528564453,
          0.015681028366088867,
          3.9730708599090576,
          0.16006183624267578,
          0.21949005126953125,
          0.09417009353637695,
          4.678937196731567,
          0.10434699058532715,
          2.2691099643707275,
          0.07657599449157715,
          0.17364501953125,
          0.17829298973083496,
          0.14883017539978027,
          1.7018520832061768,
          0.09896183013916016,
          3.357419729232788,
          0.16628003120422363,
          0.09470701217651367,
          0.08617115020751953,
          0.10013222694396973,
          0.15827608108520508,
          0.18320202827453613,
          0.14942598342895508,
          0.015135049819946289,
          0.02124476432800293,
          0.016971111297607422,
          1.515270709991455,
          1.3368580341339111,
          0.5371921062469482,
          0.054589033126831055,
          0.046314239501953125,
          0.10687994956970215,
          0.04147601127624512,
          0.1802079677581787,
          0.01943206787109375,
          0.8330419063568115,
          0.0668039321899414,
          0.05100512504577637
        ]
      },
      "test-data-file-names": [
        "300_4_4_860",
        "100_4_6_225",
        "50_4_6_61",
        "100_4_4_216",
        "200_6_4_575",
        "50_2_6_21",
        "50_4_4_51",
        "50_4_8_72",
        "50_6_8_112",
        "50_4_2_42",
        "300_6_6_907",
        "50_2_4_11",
        "50_2_8_32",
        "50_2_2_1",
        "250_8_2_764",
        "50_8_4_131",
        "100_4_8_240",
        "50_6_4_91",
        "250_8_6_782",
        "50_6_2_82",
        "250_6_2_721",
        "100_2_6_187",
        "50_8_6_142",
        "50_8_6_141",
        "50_8_2_122",
        "200_6_8_595",
        "50_6_6_103",
        "300_6_4_897",
        "100_4_2_203",
        "50_6_4_92",
        "50_6_2_81",
        "50_6_6_102",
        "50_8_4_132",
        "50_8_8_154",
        "50_8_2_123",
        "50_2_2_2",
        "50_2_8_31",
        "50_2_4_12",
        "150_8_6_466",
        "150_8_2_444",
        "300_2_2_806",
        "50_4_8_71",
        "50_4_4_52",
        "50_6_8_111",
        "50_4_2_41",
        "50_8_8_153",
        "50_2_6_22",
        "150_6_4_416",
        "100_2_4_173",
        "50_4_6_62"
      ]
    },
    {
      "agent": {
        "rew_mean": 0.0,
        "rew_std": 0.0,
        "rew_best": 0.0,
        "rew_best_count": 50,
        "rew_worst": 0.0,
        "tardiness_mean": 0.0,
        "tardiness_std": 0.0,
        "tardiness_max_mean": 0.0,
        "makespan_tests": [
          38657,
          12601,
          7567,
          14480,
          26921,
          6392,
          7390,
          7688,
          7918,
          6787,
          41594,
          6323,
          6777,
          6344,
          35590,
          7981,
          14420,
          7824,
          34017,
          7664,
          33642,
          13207,
          7978,
          7918,
          7821,
          27890,
          7495,
          42164,
          13737,
          7718,
          7779,
          7772,
          7860,
          8037,
          8191,
          6400,
          6401,
          6541,
          20875,
          21744,
          35129,
          7349,
          6867,
          8369,
          7259,
          8445,
          6749,
          20998,
          12592,
          7041
        ],
        "makespan_mean": 13938.06,
        "rew_worst_quantile_border": 0.0,
        "rew_cvar": 0.0,
        "rew_perc_good_solutions": 1.0,
        "num_tests": 50,
        "running_time": [
          1.633122205734253,
          0.19753766059875488,
          0.05014204978942871,
          0.18358898162841797,
          1.5019657611846924,
          0.01935887336730957,
          0.046684980392456055,
          0.05552196502685547,
          0.10885000228881836,
          0.04237723350524902,
          3.6516268253326416,
          0.017344951629638672,
          0.02221202850341797,
          0.01500082015991211,
          3.7416739463806152,
          0.15898799896240234,
          0.21738791465759277,
          0.09212088584899902,
          4.1813740730285645,
          0.08476495742797852,
          2.1182711124420166,
          0.0749979019165039,
          0.16874170303344727,
          0.16803503036499023,
          0.14679980278015137,
          1.6792981624603271,
          0.09923315048217773,
          3.295961856842041,
          0.16456198692321777,
          0.09336304664611816,
          0.086151123046875,
          0.10047411918640137,
          0.16127920150756836,
          0.18315696716308594,
          0.16530299186706543,
          0.015210151672363281,
          0.021731138229370117,
          0.017403125762939453,
          1.490616798400879,
          1.3130757808685303,
          0.5215017795562744,
          0.053732872009277344,
          0.04615497589111328,
          0.10593080520629883,
          0.040763139724731445,
          0.1779329776763916,
          0.01904773712158203,
          0.8223419189453125,
          0.06546902656555176,
          0.050160884857177734
        ]
      },