{
  "runs": [
    {
      "agent": {
        "rew_mean": 0.0,
        "rew_std": 0.0,
        "rew_best": 0.0,
        "rew_best_count": 50,
        "rew_worst": 0.0,
        "tardiness_mean": 0.0,
        "tardiness_std": 0.0,
        "tardiness_max_mean": 0.0,
        "makespan_tests": [
          33381,
          11040,
          6410,
          12341,
          22576,
          5878,
          6309,
          6395,
          6679,
          5943,
          34185,
          5828,
          6552,
          5864,
          28625,
          6401,
          12168,
          6427,
          27802,
          6272,
          28055,
          12034,
          6508,
          6206,
          6406,
          23191,
          6080,
          34130,
          11451,
          6398,
          6444,
          6399,
          6489,
          6566,
          6686,
          6239,
          5992,
          6274,
          17037,
          17734,
          33638,
          6450,
          5974,
          6832,
          6197,
          6954,
          6295,
          17203,
          11723,
          6026
        ],
        "makespan_mean": 11813.74,
        "rew_worst_quantile_border": 0.0,
        "rew_cvar": 0.0,
        "rew_perc_good_solutions": 1.0,
        "num_tests": 50,
        "running_time": [
          3.04548978805542,
          0.38161683082580566,
          0.06959939002990723,
          0.25740814208984375,
          2.0717082023620605,
          0.024943828582763672,
          0.06486201286315918,
          0.07403111457824707,
          0.14446091651916504,
          0.060269832611083984,
          4.990431070327759,
          0.02313971519470215,
          0.026953935623168945,
          0.02091693878173828,
          5.749937295913696,
          0.2349717617034912,
          0.2880549430847168,
          0.1321249008178711,
          6.778526067733765,
          0.12508511543273926,
          4.402115106582642,
          0.10527610778808594,
          0.23809409141540527,
          0.2480630874633789,
          0.21821212768554688,
          2.4361469745635986,
          0.14049482345581055,
          4.7000510692596436,
          0.2413330078125,
          0.13384103775024414,
          0.12530183792114258,
          0.1377408504486084,
          0.22223472595214844,
          0.24503874778747559,
          0.21376299858093262,
          0.021529197692871094,
          0.02794504165649414,
          0.02364802360534668,
          2.128082036972046,
          1.9047093391418457,
          0.7437551021575928,
          0.07332563400268555,
          0.06534504890441895,
          0.14487290382385254,
          0.05951380729675293,
          0.2613797187805176,
          0.02533888816833496,
          1.1854147911071777,
          0.09174704551696777,
          0.07244586944580078
        ]
      },
      "test-data-file-names": [
        "300_4_4_860",
        "100_4_6_225",
        "50_4_6_61",
        "100_4_4_216",
        "200_6_4_575",
        "50_2_6_21",
        "50_4_4_51",
        "50_4_8_72",
        "50_6_8_112",
        "50_4_2_42",
        "300_6_6_907",
        "50_2_4_11",
        "50_2_8_32",
        "50_2_2_1",
        "250_8_2_764",
        "50_8_4_131",
        "100_4_8_240",
        "50_6_4_91",
        "250_8_6_782",
        "50_6_2_82",
        "250_6_2_721",
        "100_2_6_187",
        "50_8_6_142",
        "50_8_6_141",
        "50_8_2_122",
        "200_6_8_595",
        "50_6_6_103",
        "300_6_4_897",
        "100_4_2_203",
        "50_6_4_92",
        "50_6_2_81",
        "50_6_6_102",
        "50_8_4_132",
        "50_8_8_154",
        "50_8_2_123",
        "50_2_2_2",
        "50_2_8_31",
        "50_2_4_12",
        "150_8_6_466",
        "150_8_2_444",
        "300_2_2_806",
        "50_4_8_71",
        "50_4_4_52",
        "50_6_8_111",
        "50_4_2_41",
        "50_8_8_153",
        "50_2_6_22",
        "150_6_4_416",
        "100_2_4_173",
        "50_4_6_62"
      ]
    },
    {
      "agent": {
        "rew_mean": 0.0,
        "rew_std": 0.0,
        "rew_best": 0.0,
        "rew_best_count": 50,
        "rew_worst": 0.0,
        "tardiness_mean": 0.0,
        "tardiness_std": 0.0,
        "tardiness_max_mean": 0.0,
        "makespan_tests": [
          33381,
          11040,
          6410,
          12341,
          22576,
          5878,
          6309,
          6395,
          6679,
          5943,
          34185,
          5828,
          6552,
          5864,
          28625,
          6401,
          12168,
          6427,
          27802,
          6272,
          28055,
          12034,
          6508,
          6206,
          6406,
          23191,
          6080,
          34130,
          11451,
          6398,
          6444,
          6399,
          6489,
          6566,
          6686,
          6239,
          5992,
          6274,
          17037,
          17734,
          33638,
          6450,
          5974,
          6832,
          6197,
          6954,
          6295,
          17203,
          11723,
          6026
        ],
        "makespan_mean": 11813.74,
        "rew_worst_quantile_border": 0.0,
        "rew_cvar": 0.0,
        "rew_perc_good_solutions": 1.0,
        "num_tests": 50,
        "running_time": [
          2.3199548721313477,
          0.2745931148529053,
          0.06820034980773926,
          0.2586400508880615,
          2.1213181018829346,
          0.025071144104003906,
          0.06457686424255371,
          0.07221508026123047,
          0.14284300804138184,
          0.05994081497192383,
          4.9921019077301025,
          0.023813962936401367,
          0.028194189071655273,
          0.021474838256835938,
          5.450576305389404,
          0.2559502124786377,
          0.2923760414123535,
          0.1312878131866455,
          5.844876050949097,
          0.12296199798583984,
          3.116250991821289,
          0.09840989112854004,
          0.23088908195495605,
          0.2292940616607666,
          0.21213006973266602,
          2.2706427574157715,
          0.1366593837738037,
          4.686798095703125,
          0.2380988597869873,
          0.1307218074798584,
          0.12292194366455078,
          0.13730716705322266,
          0.21952223777770996,
          0.23991703987121582,
          0.20879530906677246,
          0.0209808349609375,
          0.027182817459106445,
          0.02306509017944336,
          2.0827748775482178,
          1.9121201038360596,
          0.7616901397705078,
          0.07517099380493164,
          0.06664514541625977,
          0.1524977684020996,
          0.06444692611694336,
          0.2550220489501953,
          0.026800155639648438,
          1.2156639099121094,
          0.09272289276123047,
          0.07044291496276855
        ]
      },