{
  "agent": {
    "rew_mean": 0.0,
    "rew_std": 0.0,
    "rew_best": 0.0,
    "rew_best_count": 50,
    "rew_worst": 0.0,
    "tardiness_mean": 0.0,
    "tardiness_std": 0.0,
    "tardiness_max_mean": 0.0,
    "makespan_tests": [
      45893,
      15646,
      7999,
      18127,
      32601,
      7089,
      7807,
      8094,
      8535,
      7333,
      49328,
      7038,
      7654,
      6933,
      39530,
      9203,
      16676,
      8375,
      42431,
      8133,
      44484,
      15141,
      8877,
      8501,
      9992,
      32804,
      8020,
      57523,
      17528,
      8164,
      8281,
      8171,
      9050,
      8527,
      8786,
      7167,
      7434,
      7956,
      25633,
      26640,
      39917,
      8609,
      7508,
      8864,
      7703,
      9216,
      7808,
      25546,
      15546,
      7593
    ],
    "makespan_mean": 16428.28,
    "rew_worst_quantile_border": 0.0,
    "rew_cvar": 0.0,
    "rew_perc_good_solutions": 1.0,
    "num_tests": 50,
    "running_time": [
      17.70574378967285,
      0.8931560516357422,
      0.17117810249328613,
      0.8556380271911621,
      11.894670724868774,
      0.06886506080627441,
      0.14478611946105957,
      0.17696523666381836,
      0.341094970703125,
      0.135145902633667,
      39.29110407829285,
      0.06128525733947754,
      0.0848391056060791,
      0.04624319076538086,
      38.33301782608032,
      0.5335221290588379,
      0.9948248863220215,
      0.2995121479034424,
      39.64659905433655,
      0.278195858001709,
      22.01139211654663,
      0.36313700675964355,
      0.542658805847168,
      0.5698721408843994,
      0.49462389945983887,
      12.539263010025024,
      0.3153078556060791,
      37.72438097000122,
      0.7827332019805908,
      0.3062419891357422,
      0.27962803840637207,
      0.3227970600128174,
      0.5178751945495605,
      0.5799710750579834,
      0.4991738796234131,
      0.04680299758911133,
      0.08129525184631348,
      0.060971975326538086,
      9.283107995986938,
      8.964569091796875,
      5.64516019821167,
      0.17937612533569336,
      0.16243982315063477,
      0.33583593368530273,
      0.12984180450439453,
      0.5652391910552979,
      0.07073712348937988,
      5.206812143325806,
      0.3037421703338623,
      0.16547799110412598
    ]
  },
  "test-data-file-names": [
    "300_4_4_860",
    "100_4_6_225",
    "50_4_6_61",
    "100_4_4_216",
    "200_6_4_575",
    "50_2_6_21",
    "50_4_4_51",
    "50_4_8_72",
    "50_6_8_112",
    "50_4_2_42",
    "300_6_6_907",
    "50_2_4_11",
    "50_2_8_32",
    "50_2_2_1",
    "250_8_2_764",
    "50_8_4_131",
    "100_4_8_240",
    "50_6_4_91",
    "250_8_6_782",
    "50_6_2_82",
    "250_6_2_721",
    "100_2_6_187",
    "50_8_6_142",
    "50_8_6_141",
    "50_8_2_122",
    "200_6_8_595",
    "50_6_6_103",
    "300_6_4_897",
    "100_4_2_203",
    "50_6_4_92",
    "50_6_2_81",
    "50_6_6_102",
    "50_8_4_132",
    "50_8_8_154",
    "50_8_2_123",
    "50_2_2_2",
    "50_2_8_31",
    "50_2_4_12",
    "150_8_6_466",
    "150_8_2_444",
    "300_2_2_806",
    "50_4_8_71",
    "50_4_4_52",
    "50_6_8_111",
    "50_4_2_41",
    "50_8_8_153",
    "50_2_6_22",
    "150_6_4_416",
    "100_2_4_173",
    "50_4_6_62"
  ]
}