{
  "agent": {
    "rew_mean": 0.0,
    "rew_std": 0.0,
    "rew_best": 0.0,
    "rew_best_count": 50,
    "rew_worst": 0.0,
    "tardiness_mean": 0.0,
    "tardiness_std": 0.0,
    "tardiness_max_mean": 0.0,
    "makespan_tests": [
      33381,
      11040,
      6410,
      12341,
      22576,
      5878,
      6309,
      6395,
      6679,
      5943,
      34185,
      5828,
      6552,
      5864,
      28625,
      6401,
      12168,
      6427,
      27802,
      6272,
      28055,
      12034,
      6508,
      6206,
      6406,
      23191,
      6080,
      34130,
      11451,
      6398,
      6444,
      6399,
      6489,
      6566,
      6686,
      6239,
      5992,
      6274,
      17037,
      17734,
      33638,
      6450,
      5974,
      6832,
      6197,
      6954,
      6295,
      17203,
      11723,
      6026
    ],
    "makespan_mean": 11813.74,
    "rew_worst_quantile_border": 0.0,
    "rew_cvar": 0.0,
    "rew_perc_good_solutions": 1.0,
    "num_tests": 50,
    "running_time": [
      2.32098126411438,
      0.2684149742126465,
      0.06820511817932129,
      0.25385117530822754,
      2.0799288749694824,
      0.029727935791015625,
      0.07423186302185059,
      0.11699128150939941,
      0.2790210247039795,
      0.1063539981842041,
      5.000139951705933,
      0.023348093032836914,
      0.02695298194885254,
      0.020735979080200195,
      5.245911121368408,
      0.22063088417053223,
      0.2918508052825928,
      0.1302950382232666,
      5.883639097213745,
      0.12305212020874023,
      3.034369707107544,
      0.09973788261413574,
      0.23098492622375488,
      0.23735785484313965,
      0.20945191383361816,
      2.271794080734253,
      0.13722896575927734,
      4.632760047912598,
      0.24306368827819824,
      0.13083314895629883,
      0.12167906761169434,
      0.13620567321777344,
      0.21716904640197754,
      0.24105310440063477,
      0.21022796630859375,
      0.020669937133789062,
      0.026937007904052734,
      0.022849082946777344,
      2.04070782661438,
      1.8647401332855225,
      0.7336812019348145,
      0.07266378402709961,
      0.06480002403259277,
      0.14522004127502441,
      0.06046009063720703,
      0.23984289169311523,
      0.02504587173461914,
      1.1552021503448486,
      0.0908498764038086,
      0.06850910186767578
    ]
  },
  "test-data-file-names": [
    "300_4_4_860",
    "100_4_6_225",
    "50_4_6_61",
    "100_4_4_216",
    "200_6_4_575",
    "50_2_6_21",
    "50_4_4_51",
    "50_4_8_72",
    "50_6_8_112",
    "50_4_2_42",
    "300_6_6_907",
    "50_2_4_11",
    "50_2_8_32",
    "50_2_2_1",
    "250_8_2_764",
    "50_8_4_131",
    "100_4_8_240",
    "50_6_4_91",
    "250_8_6_782",
    "50_6_2_82",
    "250_6_2_721",
    "100_2_6_187",
    "50_8_6_142",
    "50_8_6_141",
    "50_8_2_122",
    "200_6_8_595",
    "50_6_6_103",
    "300_6_4_897",
    "100_4_2_203",
    "50_6_4_92",
    "50_6_2_81",
    "50_6_6_102",
    "50_8_4_132",
    "50_8_8_154",
    "50_8_2_123",
    "50_2_2_2",
    "50_2_8_31",
    "50_2_4_12",
    "150_8_6_466",
    "150_8_2_444",
    "300_2_2_806",
    "50_4_8_71",
    "50_4_4_52",
    "50_6_8_111",
    "50_4_2_41",
    "50_8_8_153",
    "50_2_6_22",
    "150_6_4_416",
    "100_2_4_173",
    "50_4_6_62"
  ]
}