{
  "agent": {
    "rew_mean": 0.0,
    "rew_std": 0.0,
    "rew_best": 0.0,
    "rew_best_count": 50,
    "rew_worst": 0.0,
    "tardiness_mean": 0.0,
    "tardiness_std": 0.0,
    "tardiness_max_mean": 0.0,
    "makespan_tests": [
      33381,
      11040,
      6410,
      12341,
      22576,
      5878,
      6309,
      6395,
      6679,
      5943,
      34185,
      5828,
      6552,
      5864,
      28625,
      6401,
      12168,
      6427,
      27802,
      6272,
      28055,
      12034,
      6508,
      6206,
      6406,
      23191,
      6080,
      34130,
      11451,
      6398,
      6444,
      6399,
      6489,
      6566,
      6686,
      6239,
      5992,
      6274,
      17037,
      17734,
      33638,
      6450,
      5974,
      6832,
      6197,
      6954,
      6295,
      17203,
      11723,
      6026
    ],
    "makespan_mean": 11813.74,
    "rew_worst_quantile_border": 0.0,
    "rew_cvar": 0.0,
    "rew_perc_good_solutions": 1.0,
    "num_tests": 50,
    "running_time": [
      4.9461119174957275,
      0.5236430168151855,
      0.13109993934631348,
      0.5092759132385254,
      4.136852979660034,
      0.04663801193237305,
      0.12761807441711426,
      0.13534212112426758,
      0.27127766609191895,
      0.12227129936218262,
      9.463114023208618,
      0.044595956802368164,
      0.05041098594665527,
      0.04247713088989258,
      10.801419019699097,
      0.43651294708251953,
      0.5364489555358887,
      0.2551438808441162,
      11.236747980117798,
      0.24898028373718262,
      6.4435131549835205,
      0.18722891807556152,
      0.47295093536376953,
      0.45789289474487305,
      0.44405198097229004,
      5.291906118392944,
      0.2754671573638916,
      9.620349407196045,
      0.4856741428375244,
      0.25783395767211914,
      0.24963712692260742,
      0.2657489776611328,
      0.4477119445800781,
      0.4563620090484619,
      0.4222531318664551,
      0.041937828063964844,
      0.04883217811584473,
      0.0466611385345459,
      4.155569076538086,
      3.8667798042297363,
      1.5356919765472412,
      0.14143800735473633,
      0.13378405570983887,
      0.27765488624572754,
      0.12398290634155273,
      0.4668617248535156,
      0.1144552230834961,
      2.3885889053344727,
      0.18259692192077637,
      0.13139009475708008
    ]
  },
  "test-data-file-names": [
    "300_4_4_860",
    "100_4_6_225",
    "50_4_6_61",
    "100_4_4_216",
    "200_6_4_575",
    "50_2_6_21",
    "50_4_4_51",
    "50_4_8_72",
    "50_6_8_112",
    "50_4_2_42",
    "300_6_6_907",
    "50_2_4_11",
    "50_2_8_32",
    "50_2_2_1",
    "250_8_2_764",
    "50_8_4_131",
    "100_4_8_240",
    "50_6_4_91",
    "250_8_6_782",
    "50_6_2_82",
    "250_6_2_721",
    "100_2_6_187",
    "50_8_6_142",
    "50_8_6_141",
    "50_8_2_122",
    "200_6_8_595",
    "50_6_6_103",
    "300_6_4_897",
    "100_4_2_203",
    "50_6_4_92",
    "50_6_2_81",
    "50_6_6_102",
    "50_8_4_132",
    "50_8_8_154",
    "50_8_2_123",
    "50_2_2_2",
    "50_2_8_31",
    "50_2_4_12",
    "150_8_6_466",
    "150_8_2_444",
    "300_2_2_806",
    "50_4_8_71",
    "50_4_4_52",
    "50_6_8_111",
    "50_4_2_41",
    "50_8_8_153",
    "50_2_6_22",
    "150_6_4_416",
    "100_2_4_173",
    "50_4_6_62"
  ]
}