{
  "agent": {
    "rew_mean": 0.0,
    "rew_std": 0.0,
    "rew_best": 0.0,
    "rew_best_count": 50,
    "rew_worst": 0.0,
    "tardiness_mean": 0.0,
    "tardiness_std": 0.0,
    "tardiness_max_mean": 0.0,
    "makespan_tests": [
      41974,
      14013,
      7922,
      15830,
      29691,
      7012,
      7751,
      8128,
      8405,
      7331,
      45941,
      6874,
      7344,
      6826,
      38853,
      8417,
      15444,
      8295,
      37553,
      7986,
      37317,
      14242,
      8466,
      8188,
      8343,
      30717,
      7962,
      45993,
      14701,
      8056,
      8195,
      8125,
      8432,
      8417,
      8719,
      6825,
      7114,
      6909,
      22960,
      23736,
      38649,
      8239,
      7373,
      8744,
      7697,
      8938,
      7176,
      22858,
      13901,
      7477
    ],
    "makespan_mean": 15121.18,
    "rew_worst_quantile_border": 0.0,
    "rew_cvar": 0.0,
    "rew_perc_good_solutions": 1.0,
    "num_tests": 50,
    "running_time": [
      17.931401014328003,
      0.8333990573883057,
      0.13512325286865234,
      0.8047218322753906,
      12.095206260681152,
      0.05013298988342285,
      0.13126826286315918,
      0.14386415481567383,
      0.3002500534057617,
      0.1312389373779297,
      38.67042112350464,
      0.04500007629394531,
      0.048548221588134766,
      0.042742013931274414,
      37.26152515411377,
      0.4779341220855713,
      0.8479630947113037,
      0.2705252170562744,
      38.735074043273926,
      0.2630589008331299,
      23.150442838668823,
      0.2873549461364746,
      0.4883272647857666,
      0.5094048976898193,
      0.456571102142334,
      12.114725828170776,
      0.28690624237060547,
      38.476726055145264,
      0.7570531368255615,
      0.27456116676330566,
      0.2582080364227295,
      0.2826862335205078,
      0.4773240089416504,
      0.5071370601654053,
      0.4640970230102539,
      0.04211306571960449,
      0.05194401741027832,
      0.04559588432312012,
      9.106593132019043,
      8.75855803489685,
      5.570742845535278,
      0.14380621910095215,
      0.13808107376098633,
      0.29158806800842285,
      0.12207174301147461,
      0.5019881725311279,
      0.04696178436279297,
      5.090468168258667,
      0.26885128021240234,
      0.13459014892578125
    ]
  },
  "test-data-file-names": [
    "300_4_4_860",
    "100_4_6_225",
    "50_4_6_61",
    "100_4_4_216",
    "200_6_4_575",
    "50_2_6_21",
    "50_4_4_51",
    "50_4_8_72",
    "50_6_8_112",
    "50_4_2_42",
    "300_6_6_907",
    "50_2_4_11",
    "50_2_8_32",
    "50_2_2_1",
    "250_8_2_764",
    "50_8_4_131",
    "100_4_8_240",
    "50_6_4_91",
    "250_8_6_782",
    "50_6_2_82",
    "250_6_2_721",
    "100_2_6_187",
    "50_8_6_142",
    "50_8_6_141",
    "50_8_2_122",
    "200_6_8_595",
    "50_6_6_103",
    "300_6_4_897",
    "100_4_2_203",
    "50_6_4_92",
    "50_6_2_81",
    "50_6_6_102",
    "50_8_4_132",
    "50_8_8_154",
    "50_8_2_123",
    "50_2_2_2",
    "50_2_8_31",
    "50_2_4_12",
    "150_8_6_466",
    "150_8_2_444",
    "300_2_2_806",
    "50_4_8_71",
    "50_4_4_52",
    "50_6_8_111",
    "50_4_2_41",
    "50_8_8_153",
    "50_2_6_22",
    "150_6_4_416",
    "100_2_4_173",
    "50_4_6_62"
  ]
}