{
  "agent": {
    "rew_mean": 0.0,
    "rew_std": 0.0,
    "rew_best": 0.0,
    "rew_best_count": 50,
    "rew_worst": 0.0,
    "tardiness_mean": 0.0,
    "tardiness_std": 0.0,
    "tardiness_max_mean": 0.0,
    "makespan_tests": [
      42169,
      14285,
      8225,
      16295,
      29757,
      7192,
      7860,
      8293,
      8970,
      7425,
      46000,
      7267,
      8678,
      6716,
      38781,
      8449,
      16077,
      8265,
      37966,
      8103,
      37333,
      14662,
      8756,
      8473,
      8383,
      30971,
      8041,
      46264,
      14724,
      8121,
      8095,
      8700,
      8517,
      9219,
      8766,
      6881,
      7466,
      7285,
      23238,
      23828,
      38992,
      8705,
      7853,
      9369,
      7696,
      9478,
      8487,
      22926,
      14101,
      8297
    ],
    "makespan_mean": 15408.0,
    "rew_worst_quantile_border": 0.0,
    "rew_cvar": 0.0,
    "rew_perc_good_solutions": 1.0,
    "num_tests": 50,
    "running_time": [
      24.39096975326538,
      1.5566911697387695,
      0.3174610137939453,
      1.3825368881225586,
      16.144463777542114,
      0.16072916984558105,
      0.27843236923217773,
      0.3577401638031006,
      0.6249411106109619,
      0.2605431079864502,
      48.99825096130371,
      0.13333606719970703,
      0.19349098205566406,
      0.0879659652709961,
      46.90848207473755,
      0.9079060554504395,
      1.7122900485992432,
      0.5328741073608398,
      50.162282943725586,
      0.4980437755584717,
      28.29312491416931,
      0.7192840576171875,
      1.0914158821105957,
      1.0338308811187744,
      0.8675298690795898,
      16.70349907875061,
      0.5731201171875,
      46.32815504074097,
      1.185887098312378,
      0.5360641479492188,
      0.4963998794555664,
      0.5805590152740479,
      0.9139008522033691,
      0.9828662872314453,
      0.837256908416748,
      0.08774399757385254,
      0.1907331943511963,
      0.12357187271118164,
      13.065407037734985,
      12.513108968734741,
      7.049755334854126,
      0.3596069812774658,
      0.285247802734375,
      0.620265007019043,
      0.2338411808013916,
      0.9872157573699951,
      0.15790295600891113,
      7.387642860412598,
      0.5482759475708008,
      0.3325309753417969
    ]
  },
  "test-data-file-names": [
    "300_4_4_860",
    "100_4_6_225",
    "50_4_6_61",
    "100_4_4_216",
    "200_6_4_575",
    "50_2_6_21",
    "50_4_4_51",
    "50_4_8_72",
    "50_6_8_112",
    "50_4_2_42",
    "300_6_6_907",
    "50_2_4_11",
    "50_2_8_32",
    "50_2_2_1",
    "250_8_2_764",
    "50_8_4_131",
    "100_4_8_240",
    "50_6_4_91",
    "250_8_6_782",
    "50_6_2_82",
    "250_6_2_721",
    "100_2_6_187",
    "50_8_6_142",
    "50_8_6_141",
    "50_8_2_122",
    "200_6_8_595",
    "50_6_6_103",
    "300_6_4_897",
    "100_4_2_203",
    "50_6_4_92",
    "50_6_2_81",
    "50_6_6_102",
    "50_8_4_132",
    "50_8_8_154",
    "50_8_2_123",
    "50_2_2_2",
    "50_2_8_31",
    "50_2_4_12",
    "150_8_6_466",
    "150_8_2_444",
    "300_2_2_806",
    "50_4_8_71",
    "50_4_4_52",
    "50_6_8_111",
    "50_4_2_41",
    "50_8_8_153",
    "50_2_6_22",
    "150_6_4_416",
    "100_2_4_173",
    "50_4_6_62"
  ]
}