{
  "agent": {
    "rew_mean": 0.0,
    "rew_std": 0.0,
    "rew_best": 0.0,
    "rew_best_count": 50,
    "rew_worst": 0.0,
    "tardiness_mean": 0.0,
    "tardiness_std": 0.0,
    "tardiness_max_mean": 0.0,
    "makespan_tests": [
      42157,
      14175,
      7908,
      15899,
      29749,
      7089,
      7782,
      8114,
      8407,
      7379,
      46060,
      7001,
      7325,
      7008,
      38951,
      8554,
      15344,
      8319,
      37718,
      8065,
      37356,
      14315,
      8571,
      8150,
      8447,
      30837,
      7971,
      46095,
      14743,
      8105,
      8069,
      8247,
      8514,
      8666,
      8788,
      6851,
      7346,
      7174,
      23179,
      23815,
      38702,
      8193,
      7564,
      8985,
      7694,
      8971,
      7203,
      22915,
      14012,
      7724
    ],
    "makespan_mean": 15204.12,
    "rew_worst_quantile_border": 0.0,
    "rew_cvar": 0.0,
    "rew_perc_good_solutions": 1.0,
    "num_tests": 50,
    "running_time": [
      18.777103662490845,
      1.0200550556182861,
      0.19115996360778809,
      0.923151969909668,
      12.751669883728027,
      0.08582901954650879,
      0.1704270839691162,
      0.21367812156677246,
      0.39899682998657227,
      0.16481518745422363,
      40.31552839279175,
      0.07588028907775879,
      0.1048271656036377,
      0.05368661880493164,
      40.08881616592407,
      0.6289157867431641,
      1.1156749725341797,
      0.366832971572876,
      42.210492849349976,
      0.3595309257507324,
      23.81324005126953,
      0.41894984245300293,
      0.6272680759429932,
      0.6701512336730957,
      0.5766777992248535,
      13.748095989227295,
      0.374802827835083,
      39.99615502357483,
      0.8720500469207764,
      0.3385448455810547,
      0.34041404724121094,
      0.3764679431915283,
      0.5929930210113525,
      0.6845791339874268,
      0.552825927734375,
      0.055940866470336914,
      0.10508894920349121,
      0.07217788696289062,
      10.257816076278687,
      9.846357107162476,
      5.945138931274414,
      0.22585391998291016,
      0.18854594230651855,
      0.42416906356811523,
      0.15604400634765625,
      0.7257957458496094,
      0.10424494743347168,
      5.772524118423462,
      0.3494689464569092,
      0.23255109786987305
    ]
  },
  "test-data-file-names": [
    "300_4_4_860",
    "100_4_6_225",
    "50_4_6_61",
    "100_4_4_216",
    "200_6_4_575",
    "50_2_6_21",
    "50_4_4_51",
    "50_4_8_72",
    "50_6_8_112",
    "50_4_2_42",
    "300_6_6_907",
    "50_2_4_11",
    "50_2_8_32",
    "50_2_2_1",
    "250_8_2_764",
    "50_8_4_131",
    "100_4_8_240",
    "50_6_4_91",
    "250_8_6_782",
    "50_6_2_82",
    "250_6_2_721",
    "100_2_6_187",
    "50_8_6_142",
    "50_8_6_141",
    "50_8_2_122",
    "200_6_8_595",
    "50_6_6_103",
    "300_6_4_897",
    "100_4_2_203",
    "50_6_4_92",
    "50_6_2_81",
    "50_6_6_102",
    "50_8_4_132",
    "50_8_8_154",
    "50_8_2_123",
    "50_2_2_2",
    "50_2_8_31",
    "50_2_4_12",
    "150_8_6_466",
    "150_8_2_444",
    "300_2_2_806",
    "50_4_8_71",
    "50_4_4_52",
    "50_6_8_111",
    "50_4_2_41",
    "50_8_8_153",
    "50_2_6_22",
    "150_6_4_416",
    "100_2_4_173",
    "50_4_6_62"
  ]
}