{
  "agent": {
    "rew_mean": 0.0,
    "rew_std": 0.0,
    "rew_best": 0.0,
    "rew_best_count": 50,
    "rew_worst": 0.0,
    "tardiness_mean": 0.0,
    "tardiness_std": 0.0,
    "tardiness_max_mean": 0.0,
    "makespan_tests": [
      35428,
      12403,
      7280,
      13630,
      24550,
      6677,
      7019,
      7619,
      8085,
      6150,
      37861,
      6661,
      7818,
      6259,
      30349,
      7598,
      14089,
      7344,
      29930,
      6771,
      29989,
      13389,
      7367,
      7287,
      6829,
      25247,
      6906,
      36834,
      12216,
      7229,
      7108,
      7635,
      7282,
      7551,
      7223,
      6945,
      6932,
      7510,
      18840,
      19075,
      35256,
      8151,
      6439,
      7909,
      6930,
      8301,
      7856,
      18324,
      13091,
      7204
    ],
    "makespan_mean": 13047.52,
    "rew_worst_quantile_border": 0.0,
    "rew_cvar": 0.0,
    "rew_perc_good_solutions": 1.0,
    "num_tests": 50,
    "running_time": [
      3.007932186126709,
      0.35158562660217285,
      0.08770012855529785,
      0.33804893493652344,
      2.7003910541534424,
      0.03218269348144531,
      0.08537578582763672,
      0.09291720390319824,
      0.18348288536071777,
      0.07971692085266113,
      7.1514692306518555,
      0.030141115188598633,
      0.036049842834472656,
      0.028020143508911133,
      7.115683078765869,
      0.28902769088745117,
      0.3732919692993164,
      0.1690690517425537,
      7.462514877319336,
      0.16725873947143555,
      4.062010049819946,
      0.1224210262298584,
      0.2955000400543213,
      0.29679083824157715,
      0.2828669548034668,
      2.9108798503875732,
      0.1766037940979004,
      6.135035037994385,
      0.3281998634338379,
      0.17325401306152344,
      0.16866111755371094,
      0.18030619621276855,
      0.29493284225463867,
      0.3211510181427002,
      0.29439592361450195,
      0.02895832061767578,
      0.04240703582763672,
      0.0316920280456543,
      2.7276289463043213,
      2.4771780967712402,
      0.9831080436706543,
      0.09231901168823242,
      0.08356595039367676,
      0.18257713317871094,
      0.0796351432800293,
      0.3090369701385498,
      0.03176593780517578,
      1.5232770442962646,
      0.11649274826049805,
      0.08838605880737305
    ]
  },
  "test-data-file-names": [
    "300_4_4_860",
    "100_4_6_225",
    "50_4_6_61",
    "100_4_4_216",
    "200_6_4_575",
    "50_2_6_21",
    "50_4_4_51",
    "50_4_8_72",
    "50_6_8_112",
    "50_4_2_42",
    "300_6_6_907",
    "50_2_4_11",
    "50_2_8_32",
    "50_2_2_1",
    "250_8_2_764",
    "50_8_4_131",
    "100_4_8_240",
    "50_6_4_91",
    "250_8_6_782",
    "50_6_2_82",
    "250_6_2_721",
    "100_2_6_187",
    "50_8_6_142",
    "50_8_6_141",
    "50_8_2_122",
    "200_6_8_595",
    "50_6_6_103",
    "300_6_4_897",
    "100_4_2_203",
    "50_6_4_92",
    "50_6_2_81",
    "50_6_6_102",
    "50_8_4_132",
    "50_8_8_154",
    "50_8_2_123",
    "50_2_2_2",
    "50_2_8_31",
    "50_2_4_12",
    "150_8_6_466",
    "150_8_2_444",
    "300_2_2_806",
    "50_4_8_71",
    "50_4_4_52",
    "50_6_8_111",
    "50_4_2_41",
    "50_8_8_153",
    "50_2_6_22",
    "150_6_4_416",
    "100_2_4_173",
    "50_4_6_62"
  ]
}