{
  "runs": [
    {
      "agent": {
        "rew_mean": 0.0,
        "rew_std": 0.0,
        "rew_best": 0.0,
        "rew_best_count": 50,
        "rew_worst": 0.0,
        "tardiness_mean": 0.0,
        "tardiness_std": 0.0,
        "tardiness_max_mean": 0.0,
        "makespan_tests": [
          42182,
          13869,
          8071,
          15634,
          29532,
          6775,
          7970,
          8323,
          8670,
          7263,
          45624,
          6576,
          7413,
          6504,
          38476,
          8358,
          15242,
          8308,
          37955,
          8144,
          36968,
          13378,
          8587,
          8399,
          8240,
          30757,
          7894,
          45607,
          14453,
          8215,
          8202,
          8234,
          8451,
          8563,
          8532,
          6876,
          6877,
          7010,
          22726,
          23724,
          36897,
          9134,
          7441,
          8821,
          7910,
          8910,
          7192,
          22580,
          13376,
          7733
        ],
        "makespan_mean": 15051.52,
        "rew_worst_quantile_border": 0.0,
        "rew_cvar": 0.0,
        "rew_perc_good_solutions": 1.0,
        "num_tests": 50,
        "running_time": [
          19.192407608032227,
          0.9528567790985107,
          0.17663788795471191,
          0.8797321319580078,
          14.87663197517395,
          0.07802581787109375,
          0.16388487815856934,
          0.2021162509918213,
          0.3992888927459717,
          0.5301718711853027,
          41.36845517158508,
          0.06113886833190918,
          0.0877377986907959,
          0.04970407485961914,
          40.632967948913574,
          0.5683729648590088,
          1.0365889072418213,
          0.3242371082305908,
          42.20923185348511,
          0.32799220085144043,
          23.98501968383789,
          0.359652042388916,
          0.5888888835906982,
          0.5904541015625,
          0.5369119644165039,
          13.56532096862793,
          0.3407890796661377,
          42.658631801605225,
          0.8544111251831055,
          0.3204329013824463,
          0.3056819438934326,
          0.34563708305358887,
          0.6229228973388672,
          0.6135671138763428,
          0.5335547924041748,
          0.05025005340576172,
          0.09103608131408691,
          0.06128692626953125,
          10.05427598953247,
          9.655803203582764,
          6.214305877685547,
          0.19481801986694336,
          0.1620800495147705,
          0.3720703125,
          0.1397099494934082,
          0.6315872669219971,
          0.07564330101013184,
          5.632817268371582,
          0.3196451663970947,
          0.178178071975708
        ]
      },
      "test-data-file-names": [
        "300_4_4_860",
        "100_4_6_225",
        "50_4_6_61",
        "100_4_4_216",
        "200_6_4_575",
        "50_2_6_21",
        "50_4_4_51",
        "50_4_8_72",
        "50_6_8_112",
        "50_4_2_42",
        "300_6_6_907",
        "50_2_4_11",
        "50_2_8_32",
        "50_2_2_1",
        "250_8_2_764",
        "50_8_4_131",
        "100_4_8_240",
        "50_6_4_91",
        "250_8_6_782",
        "50_6_2_82",
        "250_6_2_721",
        "100_2_6_187",
        "50_8_6_142",
        "50_8_6_141",
        "50_8_2_122",
        "200_6_8_595",
        "50_6_6_103",
        "300_6_4_897",
        "100_4_2_203",
        "50_6_4_92",
        "50_6_2_81",
        "50_6_6_102",
        "50_8_4_132",
        "50_8_8_154",
        "50_8_2_123",
        "50_2_2_2",
        "50_2_8_31",
        "50_2_4_12",
        "150_8_6_466",
        "150_8_2_444",
        "300_2_2_806",
        "50_4_8_71",
        "50_4_4_52",
        "50_6_8_111",
        "50_4_2_41",
        "50_8_8_153",
        "50_2_6_22",
        "150_6_4_416",
        "100_2_4_173",
        "50_4_6_62"
      ]
    },
    {
      "agent": {
        "rew_mean": 0.0,
        "rew_std": 0.0,
        "rew_best": 0.0,
        "rew_best_count": 50,
        "rew_worst": 0.0,
        "tardiness_mean": 0.0,
        "tardiness_std": 0.0,
        "tardiness_max_mean": 0.0,
        "makespan_tests": [
          42176,
          13880,
          8116,
          15630,
          29537,
          6770,
          8018,
          8362,
          8670,
          7269,
          45632,
          6587,
          7512,
          6502,
          38475,
          8355,
          15249,
          8300,
          38036,
          8139,
          36975,
          13434,
          8591,
          8382,
          8244,
          30767,
          7894,
          45620,
          14450,
          8219,
          8186,
          8226,
          8474,
          8563,
          8499,
          6878,
          6972,
          7029,
          22719,
          23718,
          37015,
          8207,
          7488,
          8890,
          7942,
          8910,
          7189,
          22597,
          13396,
          7800
        ],
        "makespan_mean": 15049.78,
        "rew_worst_quantile_border": 0.0,
        "rew_cvar": 0.0,
        "rew_perc_good_solutions": 1.0,
        "num_tests": 50,
        "running_time": [
          19.51935911178589,
          1.0142850875854492,
          0.17244601249694824,
          0.8918728828430176,
          12.821894884109497,
          0.08014702796936035,
          0.16460061073303223,
          0.20172381401062012,
          0.3766458034515381,
          0.15647315979003906,
          41.86527109146118,
          0.06117677688598633,
          0.08679485321044922,
          0.049550771713256836,
          41.67255711555481,
          0.5580461025238037,
          1.056807041168213,
          0.3261561393737793,
          43.014753103256226,
          0.3051466941833496,
          23.910614013671875,
          0.3622300624847412,
          0.583460807800293,
          0.5965940952301025,
          0.5349488258361816,
          13.35178804397583,
          0.34236598014831543,
          42.2324538230896,
          0.8294031620025635,
          0.3344607353210449,
          0.304049015045166,
          0.34512782096862793,
          0.576430082321167,
          0.614732027053833,
          0.5293858051300049,
          0.049942731857299805,
          0.08896517753601074,
          0.0612030029296875,
          10.062063932418823,
          9.598014116287231,
          6.042649984359741,
          0.19161295890808105,
          0.16155791282653809,
          0.3629319667816162,
          0.14273285865783691,
          0.6090691089630127,
          0.07311701774597168,
          6.120695114135742,
          0.7289919853210449,
          0.1918032169342041
        ]
      },
      "test-data-file-names": [
        "300_4_4_860",
        "100_4_6_225",
        "50_4_6_61",
        "100_4_4_216",
        "200_6_4_575",
        "50_2_6_21",
        "50_4_4_51",
        "50_4_8_72",
        "50_6_8_112",
        "50_4_2_42",
        "300_6_6_907",
        "50_2_4_11",
        "50_2_8_32",
        "50_2_2_1",
        "250_8_2_764",
        "50_8_4_131",
        "100_4_8_240",
        "50_6_4_91",
        "250_8_6_782",
        "50_6_2_82",
        "250_6_2_721",
        "100_2_6_187",
        "50_8_6_142",
        "50_8_6_141",
        "50_8_2_122",
        "200_6_8_595",
        "50_6_6_103",
        "300_6_4_897",
        "100_4_2_203",
        "50_6_4_92",
        "50_6_2_81",
        "50_6_6_102",
        "50_8_4_132",
        "50_8_8_154",
        "50_8_2_123",
        "50_2_2_2",
        "50_2_8_31",
        "50_2_4_12",
        "150_8_6_466",
        "150_8_2_444",
        "300_2_2_806",
        "50_4_8_71",
        "50_4_4_52",
        "50_6_8_111",
        "50_4_2_41",
        "50_8_8_153",
        "50_2_6_22",
        "150_6_4_416",
        "100_2_4_173",
        "50_4_6_62"
      ]
    },
    {
      "agent": {
        "rew_mean": 0.0,
        "rew_std": 0.0,