{
  "agent": {
    "rew_mean": 0.0,
    "rew_std": 0.0,
    "rew_best": 0.0,
    "rew_best_count": 50,
    "rew_worst": 0.0,
    "tardiness_mean": 0.0,
    "tardiness_std": 0.0,
    "tardiness_max_mean": 0.0,
    "makespan_tests": [
      42209,
      14177,
      7975,
      16036,
      29766,
      7145,
      7929,
      8298,
      8881,
      7467,
      46046,
      7014,
      7658,
      6885,
      38953,
      8491,
      15694,
      8499,
      37713,
      8103,
      37422,
      14458,
      8629,
      8431,
      8361,
      30851,
      8039,
      46107,
      14788,
      8104,
      8347,
      8346,
      8481,
      8733,
      8766,
      6984,
      7467,
      7118,
      23060,
      23831,
      38766,
      8376,
      7561,
      9041,
      7766,
      9055,
      7337,
      22931,
      14001,
      7777
    ],
    "makespan_mean": 15277.46,
    "rew_worst_quantile_border": 0.0,
    "rew_cvar": 0.0,
    "rew_perc_good_solutions": 1.0,
    "num_tests": 50,
    "running_time": [
      20.246317148208618,
      1.2522809505462646,
      0.32664012908935547,
      1.1292650699615479,
      14.144988298416138,
      0.1167459487915039,
      0.2252509593963623,
      0.3195469379425049,
      0.5525801181793213,
      0.21905827522277832,
      45.48802208900452,
      0.09311318397521973,
      0.14444518089294434,
      0.07166600227355957,
      43.67957806587219,
      0.7311270236968994,
      1.361475944519043,
      0.4230349063873291,
      47.52500891685486,
      0.3957228660583496,
      28.45434021949768,
      0.5495429039001465,
      0.7640018463134766,
      0.9416320323944092,
      0.8066511154174805,
      16.74331784248352,
      0.4565131664276123,
      43.65480184555054,
      1.0145220756530762,
      0.44170403480529785,
      0.4017190933227539,
      0.511146068572998,
      0.7395117282867432,
      0.8205370903015137,
      0.708017110824585,
      0.07006597518920898,
      0.14546918869018555,
      0.0964651107788086,
      12.911131858825684,
      11.348204135894775,
      6.067446231842041,
      0.2854330539703369,
      0.23763823509216309,
      0.49750804901123047,
      0.1900501251220703,
      0.8126311302185059,
      0.1259748935699463,
      6.5113959312438965,
      0.44046902656555176,
      0.2630181312561035
    ]
  },
  "test-data-file-names": [
    "300_4_4_860",
    "100_4_6_225",
    "50_4_6_61",
    "100_4_4_216",
    "200_6_4_575",
    "50_2_6_21",
    "50_4_4_51",
    "50_4_8_72",
    "50_6_8_112",
    "50_4_2_42",
    "300_6_6_907",
    "50_2_4_11",
    "50_2_8_32",
    "50_2_2_1",
    "250_8_2_764",
    "50_8_4_131",
    "100_4_8_240",
    "50_6_4_91",
    "250_8_6_782",
    "50_6_2_82",
    "250_6_2_721",
    "100_2_6_187",
    "50_8_6_142",
    "50_8_6_141",
    "50_8_2_122",
    "200_6_8_595",
    "50_6_6_103",
    "300_6_4_897",
    "100_4_2_203",
    "50_6_4_92",
    "50_6_2_81",
    "50_6_6_102",
    "50_8_4_132",
    "50_8_8_154",
    "50_8_2_123",
    "50_2_2_2",
    "50_2_8_31",
    "50_2_4_12",
    "150_8_6_466",
    "150_8_2_444",
    "300_2_2_806",
    "50_4_8_71",
    "50_4_4_52",
    "50_6_8_111",
    "50_4_2_41",
    "50_8_8_153",
    "50_2_6_22",
    "150_6_4_416",
    "100_2_4_173",
    "50_4_6_62"
  ]
}