{
  "agent": {
    "rew_mean": 0.0,
    "rew_std": 0.0,
    "rew_best": 0.0,
    "rew_best_count": 50,
    "rew_worst": 0.0,
    "tardiness_mean": 0.0,
    "tardiness_std": 0.0,
    "tardiness_max_mean": 0.0,
    "makespan_tests": [
      33250,
      11018,
      6393,
      12417,
      22689,
      5908,
      6370,
      6427,
      6690,
      5981,
      34305,
      5855,
      6614,
      5850,
      28890,
      6513,
      12134,
      6487,
      27770,
      6339,
      28116,
      12024,
      6557,
      6225,
      6697,
      23238,
      6072,
      34144,
      11532,
      6379,
      6544,
      6411,
      6630,
      6648,
      6777,
      6401,
      5965,
      6253,
      17055,
      18006,
      33703,
      6495,
      6006,
      6812,
      6377,
      6886,
      6276,
      17247,
      11729,
      6003
    ],
    "makespan_mean": 11862.16,
    "rew_worst_quantile_border": 0.0,
    "rew_cvar": 0.0,
    "rew_perc_good_solutions": 1.0,
    "num_tests": 50,
    "running_time": [
      4.928040027618408,
      0.45460081100463867,
      0.11426401138305664,
      0.43685293197631836,
      3.6520798206329346,
      0.040678977966308594,
      0.11022686958312988,
      0.12323188781738281,
      0.24881291389465332,
      0.10899829864501953,
      8.265605926513672,
      0.039862871170043945,
      0.04419398307800293,
      0.037566184997558594,
      9.316141128540039,
      0.38999295234680176,
      0.48882031440734863,
      0.22609186172485352,
      9.921557903289795,
      0.2156541347503662,
      5.3829731941223145,
      0.15981793403625488,
      0.3868899345397949,
      0.3873300552368164,
      0.36420512199401855,
      3.770707845687866,
      0.23052120208740234,
      8.090439796447754,
      0.4295039176940918,
      0.22606492042541504,
      0.2185349464416504,
      0.23266005516052246,
      0.3813481330871582,
      0.40320825576782227,
      0.4131598472595215,
      0.037837982177734375,
      0.04386401176452637,
      0.03893089294433594,
      3.5567030906677246,
      3.4260520935058594,
      1.337956190109253,
      0.12136697769165039,
      0.11354804039001465,
      0.2417740821838379,
      0.10781574249267578,
      0.41710591316223145,
      0.041177988052368164,
      2.028373956680298,
      0.153731107711792,
      0.11522197723388672
    ]
  },
  "test-data-file-names": [
    "300_4_4_860",
    "100_4_6_225",
    "50_4_6_61",
    "100_4_4_216",
    "200_6_4_575",
    "50_2_6_21",
    "50_4_4_51",
    "50_4_8_72",
    "50_6_8_112",
    "50_4_2_42",
    "300_6_6_907",
    "50_2_4_11",
    "50_2_8_32",
    "50_2_2_1",
    "250_8_2_764",
    "50_8_4_131",
    "100_4_8_240",
    "50_6_4_91",
    "250_8_6_782",
    "50_6_2_82",
    "250_6_2_721",
    "100_2_6_187",
    "50_8_6_142",
    "50_8_6_141",
    "50_8_2_122",
    "200_6_8_595",
    "50_6_6_103",
    "300_6_4_897",
    "100_4_2_203",
    "50_6_4_92",
    "50_6_2_81",
    "50_6_6_102",
    "50_8_4_132",
    "50_8_8_154",
    "50_8_2_123",
    "50_2_2_2",
    "50_2_8_31",
    "50_2_4_12",
    "150_8_6_466",
    "150_8_2_444",
    "300_2_2_806",
    "50_4_8_71",
    "50_4_4_52",
    "50_6_8_111",
    "50_4_2_41",
    "50_8_8_153",
    "50_2_6_22",
    "150_6_4_416",
    "100_2_4_173",
    "50_4_6_62"
  ]
}