{
  "agent": {
    "rew_mean": 0.0,
    "rew_std": 0.0,
    "rew_best": 0.0,
    "rew_best_count": 50,
    "rew_worst": 0.0,
    "tardiness_mean": 0.0,
    "tardiness_std": 0.0,
    "tardiness_max_mean": 0.0,
    "makespan_tests": [
      42182,
      13869,
      8071,
      15634,
      29532,
      6775,
      7970,
      8323,
      8670,
      7263,
      45624,
      6576,
      7413,
      6504,
      38476,
      8358,
      15242,
      8308,
      37955,
      8144,
      36968,
      13378,
      8587,
      8399,
      8240,
      30757,
      7894,
      45607,
      14453,
      8215,
      8202,
      8234,
      8451,
      8563,
      8532,
      6876,
      6877,
      7010,
      22726,
      23724,
      36897,
      9134,
      7441,
      8821,
      7910,
      8910,
      7192,
      22580,
      13376,
      7733
    ],
    "makespan_mean": 15051.52,
    "rew_worst_quantile_border": 0.0,
    "rew_cvar": 0.0,
    "rew_perc_good_solutions": 1.0,
    "num_tests": 50,
    "running_time": [
      17.616753101348877,
      0.9323830604553223,
      0.16884684562683105,
      0.8545207977294922,
      13.092603921890259,
      0.07423567771911621,
      0.15635895729064941,
      0.18842816352844238,
      0.36025190353393555,
      0.14417576789855957,
      39.78128409385681,
      0.06078505516052246,
      0.08763909339904785,
      0.049146175384521484,
      38.86291790008545,
      0.5410611629486084,
      0.995175838470459,
      0.3100581169128418,
      39.73475503921509,
      0.3063089847564697,
      22.3083918094635,
      0.35598206520080566,
      0.5679280757904053,
      0.5612332820892334,
      0.5083339214324951,
      12.63283920288086,
      0.3364839553833008,
      39.11471486091614,
      0.8045649528503418,
      0.3217189311981201,
      0.3080782890319824,
      0.3391458988189697,
      0.5617659091949463,
      0.5940830707550049,
      0.5213470458984375,
      0.049987077713012695,
      0.09188604354858398,
      0.06409907341003418,
      9.520545959472656,
      9.449095010757446,
      5.811146020889282,
      0.1870439052581787,
      0.1595299243927002,
      0.36382603645324707,
      0.1369178295135498,
      0.5909030437469482,
      0.07199978828430176,
      5.203453779220581,
      0.30359697341918945,
      0.17965102195739746
    ]
  },
  "test-data-file-names": [
    "300_4_4_860",
    "100_4_6_225",
    "50_4_6_61",
    "100_4_4_216",
    "200_6_4_575",
    "50_2_6_21",
    "50_4_4_51",
    "50_4_8_72",
    "50_6_8_112",
    "50_4_2_42",
    "300_6_6_907",
    "50_2_4_11",
    "50_2_8_32",
    "50_2_2_1",
    "250_8_2_764",
    "50_8_4_131",
    "100_4_8_240",
    "50_6_4_91",
    "250_8_6_782",
    "50_6_2_82",
    "250_6_2_721",
    "100_2_6_187",
    "50_8_6_142",
    "50_8_6_141",
    "50_8_2_122",
    "200_6_8_595",
    "50_6_6_103",
    "300_6_4_897",
    "100_4_2_203",
    "50_6_4_92",
    "50_6_2_81",
    "50_6_6_102",
    "50_8_4_132",
    "50_8_8_154",
    "50_8_2_123",
    "50_2_2_2",
    "50_2_8_31",
    "50_2_4_12",
    "150_8_6_466",
    "150_8_2_444",
    "300_2_2_806",
    "50_4_8_71",
    "50_4_4_52",
    "50_6_8_111",
    "50_4_2_41",
    "50_8_8_153",
    "50_2_6_22",
    "150_6_4_416",
    "100_2_4_173",
    "50_4_6_62"
  ]
}