{
  "agent": {
    "rew_mean": 0.0,
    "rew_std": 0.0,
    "rew_best": 0.0,
    "rew_best_count": 50,
    "rew_worst": 0.0,
    "tardiness_mean": 0.0,
    "tardiness_std": 0.0,
    "tardiness_max_mean": 0.0,
    "makespan_tests": [
      35428,
      12403,
      7280,
      13630,
      24274,
      6638,
      7019,
      7619,
      8085,
      6150,
      37728,
      6423,
      7818,
      6259,
      30349,
      7598,
      14089,
      7344,
      29930,
      6771,
      29989,
      13389,
      7367,
      7287,
      6829,
      25247,
      6906,
      36834,
      12216,
      7229,
      7108,
      7635,
      7282,
      7551,
      7223,
      6823,
      6932,
      7510,
      18840,
      19075,
      35045,
      8151,
      6439,
      7909,
      6930,
      8301,
      7856,
      18324,
      13091,
      7204
    ],
    "makespan_mean": 13027.14,
    "rew_worst_quantile_border": 0.0,
    "rew_cvar": 0.0,
    "rew_perc_good_solutions": 1.0,
    "num_tests": 50,
    "running_time": [
      1.8543758392333984,
      0.22504973411560059,
      0.056036949157714844,
      0.2056562900543213,
      1.674381971359253,
      0.021600961685180664,
      0.05164217948913574,
      0.06049680709838867,
      0.12147808074951172,
      0.04675102233886719,
      3.939256191253662,
      0.0227510929107666,
      0.025416851043701172,
      0.0174562931060791,
      4.4517669677734375,
      0.17361879348754883,
      0.24053120613098145,
      0.10297083854675293,
      4.600750684738159,
      0.09523296356201172,
      2.4790310859680176,
      0.08352494239807129,
      0.19855928421020508,
      0.19045782089233398,
      0.16875314712524414,
      1.9203062057495117,
      0.11528992652893066,
      3.7521679401397705,
      0.18521523475646973,
      0.10158276557922363,
      0.09840202331542969,
      0.11702299118041992,
      0.17838788032531738,
      0.1931629180908203,
      0.16393423080444336,
      0.016604900360107422,
      0.022422075271606445,
      0.018229007720947266,
      1.6611239910125732,
      1.460663080215454,
      0.5840568542480469,
      0.06000113487243652,
      0.05167889595031738,
      0.11755704879760742,
      0.04730391502380371,
      0.19676613807678223,
      0.020265817642211914,
      0.9122049808502197,
      0.07497620582580566,
      0.059027910232543945
    ]
  },
  "test-data-file-names": [
    "300_4_4_860",
    "100_4_6_225",
    "50_4_6_61",
    "100_4_4_216",
    "200_6_4_575",
    "50_2_6_21",
    "50_4_4_51",
    "50_4_8_72",
    "50_6_8_112",
    "50_4_2_42",
    "300_6_6_907",
    "50_2_4_11",
    "50_2_8_32",
    "50_2_2_1",
    "250_8_2_764",
    "50_8_4_131",
    "100_4_8_240",
    "50_6_4_91",
    "250_8_6_782",
    "50_6_2_82",
    "250_6_2_721",
    "100_2_6_187",
    "50_8_6_142",
    "50_8_6_141",
    "50_8_2_122",
    "200_6_8_595",
    "50_6_6_103",
    "300_6_4_897",
    "100_4_2_203",
    "50_6_4_92",
    "50_6_2_81",
    "50_6_6_102",
    "50_8_4_132",
    "50_8_8_154",
    "50_8_2_123",
    "50_2_2_2",
    "50_2_8_31",
    "50_2_4_12",
    "150_8_6_466",
    "150_8_2_444",
    "300_2_2_806",
    "50_4_8_71",
    "50_4_4_52",
    "50_6_8_111",
    "50_4_2_41",
    "50_8_8_153",
    "50_2_6_22",
    "150_6_4_416",
    "100_2_4_173",
    "50_4_6_62"
  ]
}