{
  "runs": [
    {
      "agent": {
        "rew_mean": 0.0,
        "rew_std": 0.0,
        "rew_best": 0.0,
        "rew_best_count": 50,
        "rew_worst": 0.0,
        "tardiness_mean": 0.0,
        "tardiness_std": 0.0,
        "tardiness_max_mean": 0.0,
        "makespan_tests": [
          42157,
          14175,
          7908,
          15899,
          29749,
          7089,
          7782,
          8114,
          8407,
          7379,
          46060,
          7001,
          7325,
          7008,
          38951,
          8554,
          15344,
          8319,
          37718,
          8065,
          37356,
          14315,
          8571,
          8150,
          8447,
          30837,
          7971,
          46095,
          14743,
          8105,
          8069,
          8247,
          8514,
          8666,
          8788,
          6851,
          7346,
          7174,
          23179,
          23815,
          38702,
          8193,
          7564,
          8985,
          7694,
          8971,
          7203,
          22915,
          14012,
          7724
        ],
        "makespan_mean": 15204.12,
        "rew_worst_quantile_border": 0.0,
        "rew_cvar": 0.0,
        "rew_perc_good_solutions": 1.0,
        "num_tests": 50,
        "running_time": [
          19.19381308555603,
          1.0281219482421875,
          0.1938648223876953,
          1.231205940246582,
          15.213127851486206,
          0.08842182159423828,
          0.17394018173217773,
          0.21546506881713867,
          0.39547014236450195,
          0.15874886512756348,
          45.23528814315796,
          0.0765538215637207,
          0.2259979248046875,
          0.08228516578674316,
          43.61979389190674,
          0.5963451862335205,
          1.122279167175293,
          0.34964489936828613,
          47.04315805435181,
          0.3275330066680908,
          25.42263388633728,
          0.4213721752166748,
          0.9376220703125,
          0.7172081470489502,
          0.5804171562194824,
          15.631694078445435,
          0.46310925483703613,
          47.16373109817505,
          0.8855810165405273,
          0.3536660671234131,
          0.34073376655578613,
          0.38536596298217773,
          0.8361899852752686,
          0.7181038856506348,
          0.5806751251220703,
          0.05666685104370117,
          0.10488605499267578,
          0.07112407684326172,
          11.170398950576782,
          11.071924924850464,
          5.994218111038208,
          0.22821497917175293,
          0.18451213836669922,
          0.39739489555358887,
          0.1540982723236084,
          0.6640267372131348,
          0.08803200721740723,
          6.0511438846588135,
          0.35268402099609375,
          0.2014317512512207
        ]
      },
      "test-data-file-names": [
        "300_4_4_860",
        "100_4_6_225",
        "50_4_6_61",
        "100_4_4_216",
        "200_6_4_575",
        "50_2_6_21",
        "50_4_4_51",
        "50_4_8_72",
        "50_6_8_112",
        "50_4_2_42",
        "300_6_6_907",
        "50_2_4_11",
        "50_2_8_32",
        "50_2_2_1",
        "250_8_2_764",
        "50_8_4_131",
        "100_4_8_240",
        "50_6_4_91",
        "250_8_6_782",
        "50_6_2_82",
        "250_6_2_721",
        "100_2_6_187",
        "50_8_6_142",
        "50_8_6_141",
        "50_8_2_122",
        "200_6_8_595",
        "50_6_6_103",
        "300_6_4_897",
        "100_4_2_203",
        "50_6_4_92",
        "50_6_2_81",
        "50_6_6_102",
        "50_8_4_132",
        "50_8_8_154",
        "50_8_2_123",
        "50_2_2_2",
        "50_2_8_31",
        "50_2_4_12",
        "150_8_6_466",
        "150_8_2_444",
        "300_2_2_806",
        "50_4_8_71",
        "50_4_4_52",
        "50_6_8_111",
        "50_4_2_41",
        "50_8_8_153",
        "50_2_6_22",
        "150_6_4_416",
        "100_2_4_173",
        "50_4_6_62"
      ]
    },
    {
      "agent": {
        "rew_mean": 0.0,
        "rew_std": 0.0,
        "rew_best": 0.0,
        "rew_best_count": 50,
        "rew_worst": 0.0,
        "tardiness_mean": 0.0,
        "tardiness_std": 0.0,
        "tardiness_max_mean": 0.0,
        "makespan_tests": [
          42159,
          14175,
          7908,
          15899,
          29749,
          7089,
          7782,
          8114,
          8411,
          7379,
          46061,
          7005,
          7325,
          7001,
          38847,
          8556,
          15344,
          8166,
          37650,
          8112,
          37426,
          14315,
          8571,
          8150,
          8447,
          30831,
          8030,
          46091,
          14743,
          8170,
          8069,
          8240,
          8514,
          8666,
          8788,
          6853,
          7349,
          7176,
          23181,
          23815,
          38696,
          8193,
          7564,
          8856,
          7694,
          8971,
          7203,
          22915,
          13977,
          7724
        ],
        "makespan_mean": 15199.0,
        "rew_worst_quantile_border": 0.0,
        "rew_cvar": 0.0,
        "rew_perc_good_solutions": 1.0,
        "num_tests": 50,
        "running_time": [
          18.347160816192627,
          0.9411230087280273,
          0.17058181762695312,
          0.8633618354797363,
          12.214302062988281,
          0.0735940933227539,
          0.15706276893615723,
          0.18750524520874023,
          0.3537261486053467,
          0.14305496215820312,
          41.230157136917114,
          0.10226106643676758,
          0.2098710536956787,
          0.09744977951049805,
          41.83706307411194,
          0.5482797622680664,
          1.00980806350708,
          0.31804323196411133,
          42.363035917282104,
          0.2947819232940674,
          23.146908044815063,
          0.37123727798461914,
          0.5708320140838623,
          0.5774452686309814,
          0.5215809345245361,
          12.98331904411316,
          0.3325533866882324,
          39.791534185409546,
          0.8128252029418945,
          0.32146716117858887,
          0.30047607421875,
          0.3424699306488037,
          0.5689899921417236,
          0.603071928024292,
          0.5317420959472656,
          0.05028796195983887,
          0.08678507804870605,
          0.0629720687866211,
          9.891133785247803,
          9.644174098968506,
          5.8131630420684814,
          0.18865704536437988,
          0.16205525398254395,
          0.36083102226257324,
          0.1361088752746582,
          0.6095099449157715,
          0.0769660472869873,
          5.546546220779419,
          0.3144659996032715,
          0.1767280101776123
        ]
      },
      "test-data-file-names": [
        "300_4_4_860",
        "100_4_6_225",
        "50_4_6_61",
        "100_4_4_216",
        "200_6_4_575",
        "50_2_6_21",
        "50_4_4_51",
        "50_4_8_72",
        "50_6_8_112",
        "50_4_2_42",
        "300_6_6_907",
        "50_2_4_11",
        "50_2_8_32",
        "50_2_2_1",
        "250_8_2_764",
        "50_8_4_131",
        "100_4_8_240",
        "50_6_4_91",
        "250_8_6_782",
        "50_6_2_82",
        "250_6_2_721",
        "100_2_6_187",
        "50_8_6_142",
        "50_8_6_141",
        "50_8_2_122",
        "200_6_8_595",
        "50_6_6_103",
        "300_6_4_897",
        "100_4_2_203",
        "50_6_4_92",
        "50_6_2_81",
        "50_6_6_102",
        "50_8_4_132",
        "50_8_8_154",
        "50_8_2_123",
        "50_2_2_2",
        "50_2_8_31",
        "50_2_4_12",
        "150_8_6_466",
        "150_8_2_444",
        "300_2_2_806",
        "50_4_8_71",
        "50_4_4_52",
        "50_6_8_111",
        "50_4_2_41",
        "50_8_8_153",
        "50_2_6_22",
        "150_6_4_416",
        "100_2_4_173",
        "50_4_6_62"
      ]
    },
    {
      "agent": {
        "rew_mean": 0.0,