{
  "runs": [
    {
      "agent": {
        "rew_mean": 0.0,
        "rew_std": 0.0,
        "rew_best": 0.0,
        "rew_best_count": 50,
        "rew_worst": 0.0,
        "tardiness_mean": 0.0,
        "tardiness_std": 0.0,
        "tardiness_max_mean": 0.0,
        "makespan_tests": [
          39481,
          13646,
          7992,
          15154,
          27785,
          7167,
          7956,
          8341,
          9611,
          6972,
          42671,
          6797,
          7961,
          6432,
          36134,
          8453,
          15342,
          8681,
          35176,
          7991,
          34554,
          14445,
          8823,
          8558,
          8042,
          29175,
          8151,
          43341,
          13954,
          8391,
          8116,
          8903,
          8559,
          8799,
          8467,
          6830,
          7284,
          7437,
          21901,
          22240,
          36007,
          10005,
          7307,
          9558,
          7450,
          9383,
          7643,
          21625,
          13593,
          7554
        ],
        "makespan_mean": 14716.76,
        "rew_worst_quantile_border": 0.0,
        "rew_cvar": 0.0,
        "rew_perc_good_solutions": 1.0,
        "num_tests": 50,
        "running_time": [
          1.6423101425170898,
          0.19270992279052734,
          0.048883914947509766,
          0.18338823318481445,
          1.4864208698272705,
          0.018806934356689453,
          0.045098066329956055,
          0.05371999740600586,
          0.10479497909545898,
          0.0410459041595459,
          3.988126277923584,
          0.01658487319946289,
          0.02070021629333496,
          0.014548063278198242,
          3.9590671062469482,
          0.1614091396331787,
          0.2121107578277588,
          0.09250521659851074,
          5.2549052238464355,
          0.08695197105407715,
          2.131135940551758,
          0.07482004165649414,
          0.1705782413482666,
          0.16925597190856934,
          0.14345383644104004,
          1.7328779697418213,
          0.09909415245056152,
          3.2802939414978027,
          0.1635761260986328,
          0.09195804595947266,
          0.08465194702148438,
          0.09955406188964844,
          0.1563568115234375,
          0.17965292930603027,
          0.14753413200378418,
          0.015473127365112305,
          0.02083301544189453,
          0.016672134399414062,
          1.477804183959961,
          1.330092191696167,
          0.5168309211730957,
          0.05293393135070801,
          0.04456520080566406,
          0.1033480167388916,
          0.039916038513183594,
          0.17353105545043945,
          0.018912792205810547,
          0.8096041679382324,
          0.06483602523803711,
          0.04996013641357422
        ]
      },
      "test-data-file-names": [
        "300_4_4_860",
        "100_4_6_225",
        "50_4_6_61",
        "100_4_4_216",
        "200_6_4_575",
        "50_2_6_21",
        "50_4_4_51",
        "50_4_8_72",
        "50_6_8_112",
        "50_4_2_42",
        "300_6_6_907",
        "50_2_4_11",
        "50_2_8_32",
        "50_2_2_1",
        "250_8_2_764",
        "50_8_4_131",
        "100_4_8_240",
        "50_6_4_91",
        "250_8_6_782",
        "50_6_2_82",
        "250_6_2_721",
        "100_2_6_187",
        "50_8_6_142",
        "50_8_6_141",
        "50_8_2_122",
        "200_6_8_595",
        "50_6_6_103",
        "300_6_4_897",
        "100_4_2_203",
        "50_6_4_92",
        "50_6_2_81",
        "50_6_6_102",
        "50_8_4_132",
        "50_8_8_154",
        "50_8_2_123",
        "50_2_2_2",
        "50_2_8_31",
        "50_2_4_12",
        "150_8_6_466",
        "150_8_2_444",
        "300_2_2_806",
        "50_4_8_71",
        "50_4_4_52",
        "50_6_8_111",
        "50_4_2_41",
        "50_8_8_153",
        "50_2_6_22",
        "150_6_4_416",
        "100_2_4_173",
        "50_4_6_62"
      ]
    },
    {
      "agent": {
        "rew_mean": 0.0,
        "rew_std": 0.0,
        "rew_best": 0.0,
        "rew_best_count": 50,
        "rew_worst": 0.0,
        "tardiness_mean": 0.0,
        "tardiness_std": 0.0,
        "tardiness_max_mean": 0.0,
        "makespan_tests": [
          39481,
          13646,
          7992,
          15154,
          27785,
          7167,
          7956,
          8341,
          9611,
          6972,
          42671,
          6797,
          7961,
          6432,
          36134,
          8453,
          15342,
          8681,
          35176,
          7991,
          34554,
          14445,
          8823,
          8558,
          8042,
          29175,
          8151,
          43341,
          13954,
          8391,
          8116,
          8903,
          8559,
          8799,
          8467,
          6830,
          7284,
          7437,
          21901,
          22240,
          36007,
          10005,
          7307,
          9558,
          7450,
          9383,
          7643,
          21625,
          13593,
          7554
        ],
        "makespan_mean": 14716.76,
        "rew_worst_quantile_border": 0.0,
        "rew_cvar": 0.0,
        "rew_perc_good_solutions": 1.0,
        "num_tests": 50,
        "running_time": [
          1.4647550582885742,
          0.18098187446594238,
          0.04556703567504883,
          0.1621561050415039,
          1.313605785369873,
          0.017556190490722656,
          0.041651010513305664,
          0.05010199546813965,
          0.09678006172180176,
          0.036598920822143555,
          3.202763795852661,
          0.015681028366088867,
          0.020030975341796875,
          0.013467073440551758,
          3.344717025756836,
          0.14620494842529297,
          0.2016010284423828,
          0.08577728271484375,
          3.953789234161377,
          0.07863593101501465,
          1.9797272682189941,
          0.06893110275268555,
          0.15381217002868652,
          0.15371179580688477,
          0.13202595710754395,
          1.630699872970581,
          0.09156107902526855,
          3.0063188076019287,
          0.15068483352661133,
          0.08481216430664062,
          0.0766909122467041,
          0.09026312828063965,
          0.1414179801940918,
          0.16185998916625977,
          0.13243579864501953,
          0.013567924499511719,
          0.01976799964904785,
          0.015972137451171875,
          1.3856620788574219,
          1.1704628467559814,
          0.4663119316101074,
          0.04984402656555176,
          0.04153585433959961,
          0.09667515754699707,
          0.03706192970275879,
          0.16263389587402344,
          0.01746988296508789,
          0.7360188961029053,
          0.06039786338806152,
          0.0461888313293457
        ]
      },