{
  "agent": {
    "rew_mean": 0.0,
    "rew_std": 0.0,
    "rew_best": 0.0,
    "rew_best_count": 50,
    "rew_worst": 0.0,
    "tardiness_mean": 0.0,
    "tardiness_std": 0.0,
    "tardiness_max_mean": 0.0,
    "makespan_tests": [
      42186,
      14206,
      7969,
      16039,
      29767,
      7149,
      7826,
      8245,
      8632,
      7459,
      46050,
      7018,
      7598,
      6889,
      38669,
      8512,
      15413,
      8098,
      37681,
      8106,
      37362,
      14420,
      8603,
      8190,
      8299,
      30860,
      8045,
      46117,
      14715,
      8110,
      7977,
      8354,
      8487,
      8738,
      8772,
      6920,
      7470,
      6994,
      22991,
      23821,
      38716,
      8312,
      7549,
      8924,
      7663,
      9061,
      7296,
      22934,
      13974,
      7767
    ],
    "makespan_mean": 15219.06,
    "rew_worst_quantile_border": 0.0,
    "rew_cvar": 0.0,
    "rew_perc_good_solutions": 1.0,
    "num_tests": 50,
    "running_time": [
      18.0549099445343,
      0.9074640274047852,
      0.15369296073913574,
      0.8369870185852051,
      11.882973909378052,
      0.06617593765258789,
      0.13902902603149414,
      0.16684579849243164,
      0.33434510231018066,
      0.1276988983154297,
      38.16675806045532,
      0.05355525016784668,
      0.07553482055664062,
      0.0461728572845459,
      38.70437002182007,
      0.5430710315704346,
      0.9628651142120361,
      0.288254976272583,
      38.65656304359436,
      0.27353382110595703,
      21.337082862854004,
      0.3178372383117676,
      0.517902135848999,
      0.5324149131774902,
      0.4672980308532715,
      12.17893123626709,
      0.3153510093688965,
      36.845909118652344,
      0.952470064163208,
      0.29058289527893066,
      0.2696058750152588,
      0.3132021427154541,
      0.5034730434417725,
      0.5727379322052002,
      0.48423027992248535,
      0.04398918151855469,
      0.08059072494506836,
      0.056056976318359375,
      9.201260805130005,
      8.691818952560425,
      5.241310358047485,
      0.17681407928466797,
      0.14495110511779785,
      0.3259701728820801,
      0.1318340301513672,
      0.5461251735687256,
      0.06680417060852051,
      5.0203001499176025,
      0.2749769687652588,
      0.15805697441101074
    ]
  },
  "test-data-file-names": [
    "300_4_4_860",
    "100_4_6_225",
    "50_4_6_61",
    "100_4_4_216",
    "200_6_4_575",
    "50_2_6_21",
    "50_4_4_51",
    "50_4_8_72",
    "50_6_8_112",
    "50_4_2_42",
    "300_6_6_907",
    "50_2_4_11",
    "50_2_8_32",
    "50_2_2_1",
    "250_8_2_764",
    "50_8_4_131",
    "100_4_8_240",
    "50_6_4_91",
    "250_8_6_782",
    "50_6_2_82",
    "250_6_2_721",
    "100_2_6_187",
    "50_8_6_142",
    "50_8_6_141",
    "50_8_2_122",
    "200_6_8_595",
    "50_6_6_103",
    "300_6_4_897",
    "100_4_2_203",
    "50_6_4_92",
    "50_6_2_81",
    "50_6_6_102",
    "50_8_4_132",
    "50_8_8_154",
    "50_8_2_123",
    "50_2_2_2",
    "50_2_8_31",
    "50_2_4_12",
    "150_8_6_466",
    "150_8_2_444",
    "300_2_2_806",
    "50_4_8_71",
    "50_4_4_52",
    "50_6_8_111",
    "50_4_2_41",
    "50_8_8_153",
    "50_2_6_22",
    "150_6_4_416",
    "100_2_4_173",
    "50_4_6_62"
  ]
}