{
  "agent": {
    "rew_mean": 0.0,
    "rew_std": 0.0,
    "rew_best": 0.0,
    "rew_best_count": 50,
    "rew_worst": 0.0,
    "tardiness_mean": 0.0,
    "tardiness_std": 0.0,
    "tardiness_max_mean": 0.0,
    "makespan_tests": [
      32848,
      10999,
      6314,
      12278,
      22358,
      5865,
      6239,
      6372,
      6612,
      5894,
      34008,
      5796,
      6591,
      5727,
      28209,
      6322,
      12096,
      6426,
      27631,
      6220,
      27649,
      11985,
      6468,
      6187,
      6312,
      23085,
      6054,
      33909,
      11387,
      6316,
      6351,
      6366,
      6384,
      6548,
      6592,
      6094,
      5936,
      6201,
      16926,
      17566,
      33366,
      6435,
      5936,
      6812,
      6161,
      6867,
      6257,
      17066,
      11682,
      5990
    ],
    "makespan_mean": 11713.86,
    "rew_worst_quantile_border": 0.0,
    "rew_cvar": 0.0,
    "rew_perc_good_solutions": 1.0,
    "num_tests": 50,
    "running_time": [
      2.6415276527404785,
      0.29146289825439453,
      0.07132172584533691,
      0.2695159912109375,
      2.1897709369659424,
      0.02640390396118164,
      0.07062387466430664,
      0.07711577415466309,
      0.15118885040283203,
      0.06494808197021484,
      5.912578105926514,
      0.024164915084838867,
      0.029619216918945312,
      0.02361893653869629,
      5.607846021652222,
      0.2328779697418213,
      0.30216503143310547,
      0.13759994506835938,
      6.114978075027466,
      0.13142895698547363,
      3.320819854736328,
      0.10338830947875977,
      0.24709701538085938,
      0.2561039924621582,
      0.23154711723327637,
      2.4837512969970703,
      0.1506481170654297,
      5.021931171417236,
      0.2517430782318115,
      0.13742995262145996,
      0.1289379596710205,
      0.1444079875946045,
      0.23065710067749023,
      0.25190091133117676,
      0.22134613990783691,
      0.021976709365844727,
      0.028253793716430664,
      0.024148941040039062,
      2.1866238117218018,
      2.0118000507354736,
      0.792917013168335,
      0.07810187339782715,
      0.07004904747009277,
      0.15061712265014648,
      0.06394600868225098,
      0.25156593322753906,
      0.025828123092651367,
      1.2200093269348145,
      0.0932309627532959,
      0.07259893417358398
    ]
  },
  "test-data-file-names": [
    "300_4_4_860",
    "100_4_6_225",
    "50_4_6_61",
    "100_4_4_216",
    "200_6_4_575",
    "50_2_6_21",
    "50_4_4_51",
    "50_4_8_72",
    "50_6_8_112",
    "50_4_2_42",
    "300_6_6_907",
    "50_2_4_11",
    "50_2_8_32",
    "50_2_2_1",
    "250_8_2_764",
    "50_8_4_131",
    "100_4_8_240",
    "50_6_4_91",
    "250_8_6_782",
    "50_6_2_82",
    "250_6_2_721",
    "100_2_6_187",
    "50_8_6_142",
    "50_8_6_141",
    "50_8_2_122",
    "200_6_8_595",
    "50_6_6_103",
    "300_6_4_897",
    "100_4_2_203",
    "50_6_4_92",
    "50_6_2_81",
    "50_6_6_102",
    "50_8_4_132",
    "50_8_8_154",
    "50_8_2_123",
    "50_2_2_2",
    "50_2_8_31",
    "50_2_4_12",
    "150_8_6_466",
    "150_8_2_444",
    "300_2_2_806",
    "50_4_8_71",
    "50_4_4_52",
    "50_6_8_111",
    "50_4_2_41",
    "50_8_8_153",
    "50_2_6_22",
    "150_6_4_416",
    "100_2_4_173",
    "50_4_6_62"
  ]
}