{
  "agent": {
    "rew_mean": 0.0,
    "rew_std": 0.0,
    "rew_best": 0.0,
    "rew_best_count": 50,
    "rew_worst": 0.0,
    "tardiness_mean": 0.0,
    "tardiness_std": 0.0,
    "tardiness_max_mean": 0.0,
    "makespan_tests": [
      33250,
      11018,
      6393,
      12417,
      22689,
      5908,
      6370,
      6427,
      6690,
      5981,
      34305,
      5855,
      6614,
      5850,
      28890,
      6513,
      12134,
      6487,
      27770,
      6339,
      28116,
      12024,
      6557,
      6225,
      6697,
      23238,
      6072,
      34144,
      11532,
      6379,
      6544,
      6411,
      6630,
      6648,
      6777,
      6401,
      5965,
      6253,
      17055,
      18006,
      33703,
      6495,
      6006,
      6812,
      6377,
      6886,
      6276,
      17247,
      11729,
      6003
    ],
    "makespan_mean": 11862.16,
    "rew_worst_quantile_border": 0.0,
    "rew_cvar": 0.0,
    "rew_perc_good_solutions": 1.0,
    "num_tests": 50,
    "running_time": [
      2.1644809246063232,
      0.2566070556640625,
      0.06381702423095703,
      0.2385711669921875,
      1.9136600494384766,
      0.02344489097595215,
      0.05962705612182617,
      0.06751108169555664,
      0.13342785835266113,
      0.05506610870361328,
      4.642730951309204,
      0.02143692970275879,
      0.025433063507080078,
      0.019263267517089844,
      4.7171690464019775,
      0.20130586624145508,
      0.26473498344421387,
      0.1176609992980957,
      5.426061153411865,
      0.11153507232666016,
      2.78238582611084,
      0.09127688407897949,
      0.2131061553955078,
      0.21202421188354492,
      0.19504094123840332,
      2.1255152225494385,
      0.12895488739013672,
      4.282332181930542,
      0.22095489501953125,
      0.12094998359680176,
      0.11266517639160156,
      0.12705087661743164,
      0.20449495315551758,
      0.22457003593444824,
      0.1927642822265625,
      0.019199132919311523,
      0.025499820709228516,
      0.02143120765686035,
      1.9196560382843018,
      1.7912180423736572,
      0.7000491619110107,
      0.06992888450622559,
      0.05915403366088867,
      0.13186979293823242,
      0.053093910217285156,
      0.22071003913879395,
      0.023356914520263672,
      1.0630440711975098,
      0.08319377899169922,
      0.06329202651977539
    ]
  },
  "test-data-file-names": [
    "300_4_4_860",
    "100_4_6_225",
    "50_4_6_61",
    "100_4_4_216",
    "200_6_4_575",
    "50_2_6_21",
    "50_4_4_51",
    "50_4_8_72",
    "50_6_8_112",
    "50_4_2_42",
    "300_6_6_907",
    "50_2_4_11",
    "50_2_8_32",
    "50_2_2_1",
    "250_8_2_764",
    "50_8_4_131",
    "100_4_8_240",
    "50_6_4_91",
    "250_8_6_782",
    "50_6_2_82",
    "250_6_2_721",
    "100_2_6_187",
    "50_8_6_142",
    "50_8_6_141",
    "50_8_2_122",
    "200_6_8_595",
    "50_6_6_103",
    "300_6_4_897",
    "100_4_2_203",
    "50_6_4_92",
    "50_6_2_81",
    "50_6_6_102",
    "50_8_4_132",
    "50_8_8_154",
    "50_8_2_123",
    "50_2_2_2",
    "50_2_8_31",
    "50_2_4_12",
    "150_8_6_466",
    "150_8_2_444",
    "300_2_2_806",
    "50_4_8_71",
    "50_4_4_52",
    "50_6_8_111",
    "50_4_2_41",
    "50_8_8_153",
    "50_2_6_22",
    "150_6_4_416",
    "100_2_4_173",
    "50_4_6_62"
  ]
}