{
  "agent": {
    "rew_mean": 0.0,
    "rew_std": 0.0,
    "rew_best": 0.0,
    "rew_best_count": 50,
    "rew_worst": 0.0,
    "tardiness_mean": 0.0,
    "tardiness_std": 0.0,
    "tardiness_max_mean": 0.0,
    "makespan_tests": [
      42159,
      14175,
      7908,
      15899,
      29749,
      7089,
      7782,
      8114,
      8411,
      7379,
      46061,
      7005,
      7325,
      7001,
      38847,
      8556,
      15344,
      8166,
      37650,
      8112,
      37426,
      14315,
      8571,
      8150,
      8447,
      30831,
      8030,
      46091,
      14743,
      8170,
      8069,
      8240,
      8514,
      8666,
      8788,
      6853,
      7349,
      7176,
      23181,
      23815,
      38696,
      8193,
      7564,
      8856,
      7694,
      8971,
      7203,
      22915,
      13977,
      7724
    ],
    "makespan_mean": 15199.0,
    "rew_worst_quantile_border": 0.0,
    "rew_cvar": 0.0,
    "rew_perc_good_solutions": 1.0,
    "num_tests": 50,
    "running_time": [
      25.363895177841187,
      1.7150239944458008,
      0.3374748229980469,
      1.4758310317993164,
      16.71390414237976,
      0.16861271858215332,
      0.29695582389831543,
      0.38510990142822266,
      0.6592700481414795,
      0.258253812789917,
      49.22434115409851,
      0.13202810287475586,
      0.20894598960876465,
      0.09875202178955078,
      48.62353587150574,
      0.9674010276794434,
      1.8077638149261475,
      0.571674108505249,
      51.4793758392334,
      0.519129753112793,
      29.032282829284668,
      0.7223553657531738,
      1.0069608688354492,
      1.0238559246063232,
      1.5943591594696045,
      17.94819211959839,
      0.6068007946014404,
      46.971062898635864,
      1.2682669162750244,
      0.5897719860076904,
      0.5233080387115479,
      0.6219279766082764,
      0.9578807353973389,
      1.0709481239318848,
      0.9107420444488525,
      0.0953378677368164,
      0.213331937789917,
      0.13419008255004883,
      13.869791984558105,
      13.034464836120605,
      7.573293209075928,
      0.3845231533050537,
      0.30338287353515625,
      0.6634948253631592,
      0.2582831382751465,
      1.0655579566955566,
      0.16695117950439453,
      7.580647945404053,
      0.5735433101654053,
      0.3531179428100586
    ]
  },
  "test-data-file-names": [
    "300_4_4_860",
    "100_4_6_225",
    "50_4_6_61",
    "100_4_4_216",
    "200_6_4_575",
    "50_2_6_21",
    "50_4_4_51",
    "50_4_8_72",
    "50_6_8_112",
    "50_4_2_42",
    "300_6_6_907",
    "50_2_4_11",
    "50_2_8_32",
    "50_2_2_1",
    "250_8_2_764",
    "50_8_4_131",
    "100_4_8_240",
    "50_6_4_91",
    "250_8_6_782",
    "50_6_2_82",
    "250_6_2_721",
    "100_2_6_187",
    "50_8_6_142",
    "50_8_6_141",
    "50_8_2_122",
    "200_6_8_595",
    "50_6_6_103",
    "300_6_4_897",
    "100_4_2_203",
    "50_6_4_92",
    "50_6_2_81",
    "50_6_6_102",
    "50_8_4_132",
    "50_8_8_154",
    "50_8_2_123",
    "50_2_2_2",
    "50_2_8_31",
    "50_2_4_12",
    "150_8_6_466",
    "150_8_2_444",
    "300_2_2_806",
    "50_4_8_71",
    "50_4_4_52",
    "50_6_8_111",
    "50_4_2_41",
    "50_8_8_153",
    "50_2_6_22",
    "150_6_4_416",
    "100_2_4_173",
    "50_4_6_62"
  ]
}