{
  "agent": {
    "rew_mean": 0.0,
    "rew_std": 0.0,
    "rew_best": 0.0,
    "rew_best_count": 50,
    "rew_worst": 0.0,
    "tardiness_mean": 0.0,
    "tardiness_std": 0.0,
    "tardiness_max_mean": 0.0,
    "makespan_tests": [
      42179,
      13983,
      8038,
      15624,
      29527,
      6753,
      7965,
      8320,
      8670,
      7275,
      45635,
      6587,
      7512,
      6507,
      38475,
      8355,
      15241,
      8300,
      37971,
      8135,
      36975,
      13437,
      8591,
      8315,
      8231,
      30767,
      7894,
      45619,
      14450,
      8208,
      8186,
      8218,
      8467,
      8563,
      8499,
      6878,
      7069,
      7029,
      22720,
      23718,
      37015,
      8207,
      7389,
      8890,
      7932,
      8910,
      7216,
      22589,
      13396,
      7780
    ],
    "makespan_mean": 15044.2,
    "rew_worst_quantile_border": 0.0,
    "rew_cvar": 0.0,
    "rew_perc_good_solutions": 1.0,
    "num_tests": 50,
    "running_time": [
      23.268610954284668,
      1.592369794845581,
      0.3361489772796631,
      1.444657802581787,
      17.716974020004272,
      0.1588149070739746,
      0.28821301460266113,
      0.3733861446380615,
      0.6381721496582031,
      0.2627866268157959,
      52.532163858413696,
      0.12223315238952637,
      0.19900202751159668,
      0.09092187881469727,
      49.78690195083618,
      0.9435629844665527,
      1.7074968814849854,
      0.5531198978424072,
      50.4555389881134,
      0.5334758758544922,
      28.64069128036499,
      0.6491799354553223,
      1.0070221424102783,
      0.9965310096740723,
      0.9015030860900879,
      17.585174083709717,
      0.6163098812103271,
      49.227691888809204,
      1.265259027481079,
      0.5531551837921143,
      0.5360651016235352,
      0.6106619834899902,
      0.9424359798431396,
      1.0465731620788574,
      0.9307000637054443,
      0.08753204345703125,
      0.20034193992614746,
      0.11597895622253418,
      13.33298921585083,
      12.609923839569092,
      7.425424814224243,
      0.38166093826293945,
      0.2994709014892578,
      0.6729598045349121,
      0.25233006477355957,
      1.235384225845337,
      0.16742324829101562,
      7.759482145309448,
      0.5439250469207764,
      0.35141587257385254
    ]
  },
  "test-data-file-names": [
    "300_4_4_860",
    "100_4_6_225",
    "50_4_6_61",
    "100_4_4_216",
    "200_6_4_575",
    "50_2_6_21",
    "50_4_4_51",
    "50_4_8_72",
    "50_6_8_112",
    "50_4_2_42",
    "300_6_6_907",
    "50_2_4_11",
    "50_2_8_32",
    "50_2_2_1",
    "250_8_2_764",
    "50_8_4_131",
    "100_4_8_240",
    "50_6_4_91",
    "250_8_6_782",
    "50_6_2_82",
    "250_6_2_721",
    "100_2_6_187",
    "50_8_6_142",
    "50_8_6_141",
    "50_8_2_122",
    "200_6_8_595",
    "50_6_6_103",
    "300_6_4_897",
    "100_4_2_203",
    "50_6_4_92",
    "50_6_2_81",
    "50_6_6_102",
    "50_8_4_132",
    "50_8_8_154",
    "50_8_2_123",
    "50_2_2_2",
    "50_2_8_31",
    "50_2_4_12",
    "150_8_6_466",
    "150_8_2_444",
    "300_2_2_806",
    "50_4_8_71",
    "50_4_4_52",
    "50_6_8_111",
    "50_4_2_41",
    "50_8_8_153",
    "50_2_6_22",
    "150_6_4_416",
    "100_2_4_173",
    "50_4_6_62"
  ]
}