{
  "agent": {
    "rew_mean": 0.0,
    "rew_std": 0.0,
    "rew_best": 0.0,
    "rew_best_count": 50,
    "rew_worst": 0.0,
    "tardiness_mean": 0.0,
    "tardiness_std": 0.0,
    "tardiness_max_mean": 0.0,
    "makespan_tests": [
      39481,
      13646,
      7992,
      15154,
      27785,
      7167,
      7956,
      8341,
      9611,
      6972,
      42671,
      6797,
      7961,
      6432,
      36134,
      8453,
      15342,
      8681,
      35176,
      7991,
      34554,
      14445,
      8823,
      8558,
      8042,
      29175,
      8151,
      43341,
      13954,
      8391,
      8116,
      8903,
      8559,
      8799,
      8467,
      6830,
      7284,
      7437,
      21901,
      22240,
      36007,
      10005,
      7307,
      9558,
      7450,
      9383,
      7643,
      21625,
      13593,
      7554
    ],
    "makespan_mean": 14716.76,
    "rew_worst_quantile_border": 0.0,
    "rew_cvar": 0.0,
    "rew_perc_good_solutions": 1.0,
    "num_tests": 50,
    "running_time": [
      2.252978801727295,
      0.2647440433502197,
      0.06731605529785156,
      0.2460920810699463,
      2.0211501121520996,
      0.025166034698486328,
      0.062097787857055664,
      0.07151484489440918,
      0.13946914672851562,
      0.05813789367675781,
      4.764724016189575,
      0.02291417121887207,
      0.02766704559326172,
      0.020754098892211914,
      5.061604022979736,
      0.2146751880645752,
      0.2806572914123535,
      0.12631511688232422,
      5.786005020141602,
      0.12014579772949219,
      2.973191738128662,
      0.09742116928100586,
      0.22742509841918945,
      0.22794723510742188,
      0.20955300331115723,
      2.2766458988189697,
      0.1364598274230957,
      4.545693874359131,
      0.2312607765197754,
      0.12753009796142578,
      0.11870312690734863,
      0.13445186614990234,
      0.21469879150390625,
      0.2394108772277832,
      0.20479178428649902,
      0.021134138107299805,
      0.028178930282592773,
      0.023092985153198242,
      2.0266313552856445,
      1.8342318534851074,
      0.728085994720459,
      0.07196187973022461,
      0.06209683418273926,
      0.13930797576904297,
      0.05803990364074707,
      0.23460078239440918,
      0.025161027908325195,
      1.1307759284973145,
      0.08792591094970703,
      0.06765580177307129
    ]
  },
  "test-data-file-names": [
    "300_4_4_860",
    "100_4_6_225",
    "50_4_6_61",
    "100_4_4_216",
    "200_6_4_575",
    "50_2_6_21",
    "50_4_4_51",
    "50_4_8_72",
    "50_6_8_112",
    "50_4_2_42",
    "300_6_6_907",
    "50_2_4_11",
    "50_2_8_32",
    "50_2_2_1",
    "250_8_2_764",
    "50_8_4_131",
    "100_4_8_240",
    "50_6_4_91",
    "250_8_6_782",
    "50_6_2_82",
    "250_6_2_721",
    "100_2_6_187",
    "50_8_6_142",
    "50_8_6_141",
    "50_8_2_122",
    "200_6_8_595",
    "50_6_6_103",
    "300_6_4_897",
    "100_4_2_203",
    "50_6_4_92",
    "50_6_2_81",
    "50_6_6_102",
    "50_8_4_132",
    "50_8_8_154",
    "50_8_2_123",
    "50_2_2_2",
    "50_2_8_31",
    "50_2_4_12",
    "150_8_6_466",
    "150_8_2_444",
    "300_2_2_806",
    "50_4_8_71",
    "50_4_4_52",
    "50_6_8_111",
    "50_4_2_41",
    "50_8_8_153",
    "50_2_6_22",
    "150_6_4_416",
    "100_2_4_173",
    "50_4_6_62"
  ]
}