{
  "runs": [
    {
      "agent": {
        "rew_mean": 0.0,
        "rew_std": 0.0,
        "rew_best": 0.0,
        "rew_best_count": 50,
        "rew_worst": 0.0,
        "tardiness_mean": 0.0,
        "tardiness_std": 0.0,
        "tardiness_max_mean": 0.0,
        "makespan_tests": [
          45893,
          15646,
          7999,
          18127,
          32601,
          7089,
          7807,
          8094,
          8535,
          7333,
          49328,
          7038,
          7654,
          6933,
          39530,
          9203,
          16676,
          8375,
          42431,
          8133,
          44484,
          15141,
          8877,
          8501,
          9992,
          32804,
          8020,
          57523,
          17528,
          8164,
          8281,
          8171,
          9050,
          8527,
          8786,
          7167,
          7434,
          7956,
          25633,
          26640,
          39917,
          8609,
          7508,
          8864,
          7703,
          9216,
          7808,
          25546,
          15546,
          7593
        ],
        "makespan_mean": 16428.28,
        "rew_worst_quantile_border": 0.0,
        "rew_cvar": 0.0,
        "rew_perc_good_solutions": 1.0,
        "num_tests": 50,
        "running_time": [
          18.66279697418213,
          0.9029960632324219,
          0.16130781173706055,
          0.8464310169219971,
          12.519885063171387,
          0.07086896896362305,
          0.1490480899810791,
          0.18040180206298828,
          0.3447890281677246,
          0.14139604568481445,
          39.75255227088928,
          0.05787396430969238,
          0.08259701728820801,
          0.046607255935668945,
          39.87251591682434,
          0.5303952693939209,
          0.9938950538635254,
          0.3078122138977051,
          41.11756777763367,
          0.2880079746246338,
          23.027104139328003,
          0.3570718765258789,
          0.5569100379943848,
          0.5647280216217041,
          0.5014841556549072,
          13.449196100234985,
          0.32796502113342285,
          39.816107988357544,
          0.8182938098907471,
          0.3094360828399658,
          0.3035898208618164,
          0.33327174186706543,
          0.5320870876312256,
          0.5974271297454834,
          0.5203299522399902,
          0.048940181732177734,
          0.08385992050170898,
          0.0616459846496582,
          9.919054985046387,
          9.53745722770691,
          5.899558067321777,
          0.1946392059326172,
          0.1639869213104248,
          0.34607386589050293,
          0.13431406021118164,
          0.6105008125305176,
          0.07301902770996094,
          5.507921934127808,
          0.30364084243774414,
          0.1716322898864746
        ]
      },
      "test-data-file-names": [
        "300_4_4_860",
        "100_4_6_225",
        "50_4_6_61",
        "100_4_4_216",
        "200_6_4_575",
        "50_2_6_21",
        "50_4_4_51",
        "50_4_8_72",
        "50_6_8_112",
        "50_4_2_42",
        "300_6_6_907",
        "50_2_4_11",
        "50_2_8_32",
        "50_2_2_1",
        "250_8_2_764",
        "50_8_4_131",
        "100_4_8_240",
        "50_6_4_91",
        "250_8_6_782",
        "50_6_2_82",
        "250_6_2_721",
        "100_2_6_187",
        "50_8_6_142",
        "50_8_6_141",
        "50_8_2_122",
        "200_6_8_595",
        "50_6_6_103",
        "300_6_4_897",
        "100_4_2_203",
        "50_6_4_92",
        "50_6_2_81",
        "50_6_6_102",
        "50_8_4_132",
        "50_8_8_154",
        "50_8_2_123",
        "50_2_2_2",
        "50_2_8_31",
        "50_2_4_12",
        "150_8_6_466",
        "150_8_2_444",
        "300_2_2_806",
        "50_4_8_71",
        "50_4_4_52",
        "50_6_8_111",
        "50_4_2_41",
        "50_8_8_153",
        "50_2_6_22",
        "150_6_4_416",
        "100_2_4_173",
        "50_4_6_62"
      ]
    },
    {
      "agent": {
        "rew_mean": 0.0,
        "rew_std": 0.0,
        "rew_best": 0.0,
        "rew_best_count": 50,
        "rew_worst": 0.0,
        "tardiness_mean": 0.0,
        "tardiness_std": 0.0,
        "tardiness_max_mean": 0.0,
        "makespan_tests": [
          45893,
          15646,
          7999,
          18127,
          32601,
          7089,
          7807,
          8094,
          8535,
          7333,
          49328,
          7038,
          7654,
          6933,
          39530,
          9203,
          16676,
          8375,
          42431,
          8133,
          44484,
          15141,
          8877,
          8501,
          9992,
          32804,
          8020,
          57523,
          17528,
          8164,
          8281,
          8171,
          9050,
          8527,
          8786,
          7167,
          7434,
          7956,
          25633,
          26640,
          39917,
          8609,
          7508,
          8864,
          7703,
          9216,
          7808,
          25546,
          15546,
          7593
        ],
        "makespan_mean": 16428.28,
        "rew_worst_quantile_border": 0.0,
        "rew_cvar": 0.0,
        "rew_perc_good_solutions": 1.0,
        "num_tests": 50,
        "running_time": [
          17.841234922409058,
          0.9691281318664551,
          0.16555190086364746,
          0.8773472309112549,
          12.311359405517578,
          0.06964492797851562,
          0.14777708053588867,
          0.17943191528320312,
          0.3414120674133301,
          0.1390092372894287,
          39.75537991523743,
          0.057440996170043945,
          0.08431220054626465,
          0.04616808891296387,
          40.58731007575989,
          0.5411310195922852,
          1.0008749961853027,
          0.3035550117492676,
          41.17436218261719,
          0.2866706848144531,
          22.701287269592285,
          0.3483457565307617,
          0.560906171798706,
          0.5445346832275391,
          0.4992859363555908,
          12.654963254928589,
          0.3236970901489258,
          39.852319955825806,
          0.8012809753417969,
          0.3056972026824951,
          0.2864069938659668,
          0.4006640911102295,
          0.5389750003814697,
          0.581240177154541,
          0.5131969451904297,
          0.04773592948913574,
          0.08194398880004883,
          0.05971789360046387,
          9.666322946548462,
          9.28803300857544,
          5.846384048461914,
          0.17910504341125488,
          0.15310263633728027,
          0.3483469486236572,
          0.1345667839050293,
          0.5799760818481445,
          0.07438898086547852,
          5.857712984085083,
          0.30350589752197266,
          0.17380499839782715
        ]
      },
      "test-data-file-names": [
        "300_4_4_860",
        "100_4_6_225",
        "50_4_6_61",
        "100_4_4_216",
        "200_6_4_575",
        "50_2_6_21",
        "50_4_4_51",
        "50_4_8_72",
        "50_6_8_112",
        "50_4_2_42",
        "300_6_6_907",
        "50_2_4_11",
        "50_2_8_32",
        "50_2_2_1",
        "250_8_2_764",
        "50_8_4_131",
        "100_4_8_240",
        "50_6_4_91",
        "250_8_6_782",
        "50_6_2_82",
        "250_6_2_721",
        "100_2_6_187",
        "50_8_6_142",
        "50_8_6_141",
        "50_8_2_122",
        "200_6_8_595",
        "50_6_6_103",
        "300_6_4_897",
        "100_4_2_203",
        "50_6_4_92",
        "50_6_2_81",
        "50_6_6_102",
        "50_8_4_132",
        "50_8_8_154",
        "50_8_2_123",
        "50_2_2_2",
        "50_2_8_31",
        "50_2_4_12",
        "150_8_6_466",
        "150_8_2_444",
        "300_2_2_806",
        "50_4_8_71",
        "50_4_4_52",
        "50_6_8_111",
        "50_4_2_41",
        "50_8_8_153",
        "50_2_6_22",
        "150_6_4_416",
        "100_2_4_173",
        "50_4_6_62"
      ]
    },
    {
      "agent": {
        "rew_mean": 0.0,