{
  "runs": [
    {
      "agent": {
        "rew_mean": 0.0,
        "rew_std": 0.0,
        "rew_best": 0.0,
        "rew_best_count": 50,
        "rew_worst": 0.0,
        "tardiness_mean": 0.0,
        "tardiness_std": 0.0,
        "tardiness_max_mean": 0.0,
        "makespan_tests": [
          33250,
          11018,
          6393,
          12417,
          22689,
          5908,
          6370,
          6427,
          6690,
          5981,
          34305,
          5855,
          6614,
          5850,
          28890,
          6513,
          12134,
          6487,
          27770,
          6339,
          28116,
          12024,
          6557,
          6225,
          6697,
          23238,
          6072,
          34144,
          11532,
          6379,
          6544,
          6411,
          6630,
          6648,
          6777,
          6401,
          5965,
          6253,
          17055,
          18006,
          33703,
          6495,
          6006,
          6812,
          6377,
          6886,
          6276,
          17247,
          11729,
          6003
        ],
        "makespan_mean": 11862.16,
        "rew_worst_quantile_border": 0.0,
        "rew_cvar": 0.0,
        "rew_perc_good_solutions": 1.0,
        "num_tests": 50,
        "running_time": [
          2.1500091552734375,
          0.2489027976989746,
          0.06265497207641602,
          0.23311281204223633,
          1.883220911026001,
          0.023643016815185547,
          0.05920600891113281,
          0.06753396987915039,
          0.1320788860321045,
          0.055006980895996094,
          5.935117244720459,
          0.02172708511352539,
          0.025784969329833984,
          0.01947498321533203,
          5.233422040939331,
          0.20713186264038086,
          0.3364129066467285,
          0.4121980667114258,
          5.833531856536865,
          0.11268806457519531,
          3.2300972938537598,
          0.0942220687866211,
          0.21539783477783203,
          0.21271514892578125,
          0.19118475914001465,
          2.115670919418335,
          0.12697291374206543,
          4.317605972290039,
          0.21918511390686035,
          0.11986827850341797,
          0.1123800277709961,
          0.13330483436584473,
          0.22679519653320312,
          0.46419286727905273,
          0.2434091567993164,
          0.022349119186401367,
          0.04210186004638672,
          0.023122072219848633,
          2.140047788619995,
          1.8264808654785156,
          0.7792491912841797,
          0.07439017295837402,
          0.06271004676818848,
          0.1453099250793457,
          0.06102800369262695,
          0.24123907089233398,
          0.0239410400390625,
          1.1183300018310547,
          0.08625674247741699,
          0.06372308731079102
        ]
      },
      "test-data-file-names": [
        "300_4_4_860",
        "100_4_6_225",
        "50_4_6_61",
        "100_4_4_216",
        "200_6_4_575",
        "50_2_6_21",
        "50_4_4_51",
        "50_4_8_72",
        "50_6_8_112",
        "50_4_2_42",
        "300_6_6_907",
        "50_2_4_11",
        "50_2_8_32",
        "50_2_2_1",
        "250_8_2_764",
        "50_8_4_131",
        "100_4_8_240",
        "50_6_4_91",
        "250_8_6_782",
        "50_6_2_82",
        "250_6_2_721",
        "100_2_6_187",
        "50_8_6_142",
        "50_8_6_141",
        "50_8_2_122",
        "200_6_8_595",
        "50_6_6_103",
        "300_6_4_897",
        "100_4_2_203",
        "50_6_4_92",
        "50_6_2_81",
        "50_6_6_102",
        "50_8_4_132",
        "50_8_8_154",
        "50_8_2_123",
        "50_2_2_2",
        "50_2_8_31",
        "50_2_4_12",
        "150_8_6_466",
        "150_8_2_444",
        "300_2_2_806",
        "50_4_8_71",
        "50_4_4_52",
        "50_6_8_111",
        "50_4_2_41",
        "50_8_8_153",
        "50_2_6_22",
        "150_6_4_416",
        "100_2_4_173",
        "50_4_6_62"
      ]
    },
    {
      "agent": {
        "rew_mean": 0.0,
        "rew_std": 0.0,
        "rew_best": 0.0,
        "rew_best_count": 50,
        "rew_worst": 0.0,
        "tardiness_mean": 0.0,
        "tardiness_std": 0.0,
        "tardiness_max_mean": 0.0,
        "makespan_tests": [
          33250,
          11018,
          6393,
          12417,
          22689,
          5908,
          6370,
          6427,
          6690,
          5981,
          34305,
          5855,
          6614,
          5850,
          28890,
          6513,
          12134,
          6487,
          27770,
          6339,
          28116,
          12024,
          6557,
          6225,
          6697,
          23238,
          6072,
          34144,
          11532,
          6379,
          6544,
          6411,
          6630,
          6648,
          6777,
          6401,
          5965,
          6253,
          17055,
          18006,
          33703,
          6495,
          6006,
          6812,
          6377,
          6886,
          6276,
          17247,
          11729,
          6003
        ],
        "makespan_mean": 11862.16,
        "rew_worst_quantile_border": 0.0,
        "rew_cvar": 0.0,
        "rew_perc_good_solutions": 1.0,
        "num_tests": 50,
        "running_time": [
          2.5758609771728516,
          0.25510406494140625,
          0.06428217887878418,
          0.2591369152069092,
          2.2090160846710205,
          0.023586750030517578,
          0.06013798713684082,
          0.0729820728302002,
          0.19592690467834473,
          0.103607177734375,
          5.135709285736084,
          0.027603864669799805,
          0.025416135787963867,
          0.01964116096496582,
          5.071453094482422,
          0.20560193061828613,
          0.2723960876464844,
          0.1216278076171875,
          5.479997873306274,
          0.12687397003173828,
          2.9932849407196045,
          0.09384989738464355,
          0.22359228134155273,
          0.22545313835144043,
          0.20560121536254883,
          2.2154979705810547,
          0.13269782066345215,
          4.370697259902954,
          0.2182610034942627,
          0.1263291835784912,
          0.11949610710144043,
          0.13716602325439453,
          0.25673985481262207,
          0.23140907287597656,
          0.20579290390014648,
          0.020593881607055664,
          0.026163816452026367,
          0.021878957748413086,
          1.9637608528137207,
          1.7907488346099854,
          0.7012369632720947,
          0.07126235961914062,
          0.060749053955078125,
          0.13982605934143066,
          0.06156778335571289,
          0.24990415573120117,
          0.0259702205657959,
          1.1031959056854248,
          0.08430790901184082,
          0.0639638900756836
        ]
      },