{
  "agent": {
    "rew_mean": 0.0,
    "rew_std": 0.0,
    "rew_best": 0.0,
    "rew_best_count": 50,
    "rew_worst": 0.0,
    "tardiness_mean": 0.0,
    "tardiness_std": 0.0,
    "tardiness_max_mean": 0.0,
    "makespan_tests": [
      38657,
      12601,
      7567,
      14480,
      26921,
      6392,
      7390,
      7688,
      7918,
      6787,
      41594,
      6323,
      6777,
      6344,
      35590,
      7981,
      14420,
      7824,
      34017,
      7664,
      33642,
      13207,
      7978,
      7918,
      7821,
      27890,
      7495,
      42164,
      13737,
      7718,
      7779,
      7772,
      7860,
      8037,
      8191,
      6400,
      6401,
      6541,
      20875,
      21744,
      35129,
      7349,
      6867,
      8369,
      7259,
      8445,
      6749,
      20998,
      12592,
      7041
    ],
    "makespan_mean": 13938.06,
    "rew_worst_quantile_border": 0.0,
    "rew_cvar": 0.0,
    "rew_perc_good_solutions": 1.0,
    "num_tests": 50,
    "running_time": [
      2.5606658458709717,
      0.3044910430908203,
      0.07665205001831055,
      0.28154492378234863,
      2.317286968231201,
      0.0290529727935791,
      0.07279109954833984,
      0.08140277862548828,
      0.16019415855407715,
      0.06877589225769043,
      5.48408579826355,
      0.026297807693481445,
      0.031095027923583984,
      0.023939132690429688,
      6.788100004196167,
      0.26198697090148926,
      0.3392200469970703,
      0.15265583992004395,
      6.811861991882324,
      0.13924598693847656,
      3.9620578289031982,
      0.1116628646850586,
      0.26523423194885254,
      0.26296091079711914,
      0.2457427978515625,
      2.5484039783477783,
      0.15462517738342285,
      5.203787088394165,
      0.2654290199279785,
      0.14645600318908691,
      0.14294815063476562,
      0.15518403053283691,
      0.24712610244750977,
      0.26793408393859863,
      0.23778510093688965,
      0.02404022216796875,
      0.031057119369506836,
      0.026399850845336914,
      2.33644700050354,
      2.1280369758605957,
      0.8501551151275635,
      0.08916020393371582,
      0.07859516143798828,
      0.16340112686157227,
      0.06859302520751953,
      0.2741200923919678,
      0.02918696403503418,
      1.326178789138794,
      0.10242509841918945,
      0.07784605026245117
    ]
  },
  "test-data-file-names": [
    "300_4_4_860",
    "100_4_6_225",
    "50_4_6_61",
    "100_4_4_216",
    "200_6_4_575",
    "50_2_6_21",
    "50_4_4_51",
    "50_4_8_72",
    "50_6_8_112",
    "50_4_2_42",
    "300_6_6_907",
    "50_2_4_11",
    "50_2_8_32",
    "50_2_2_1",
    "250_8_2_764",
    "50_8_4_131",
    "100_4_8_240",
    "50_6_4_91",
    "250_8_6_782",
    "50_6_2_82",
    "250_6_2_721",
    "100_2_6_187",
    "50_8_6_142",
    "50_8_6_141",
    "50_8_2_122",
    "200_6_8_595",
    "50_6_6_103",
    "300_6_4_897",
    "100_4_2_203",
    "50_6_4_92",
    "50_6_2_81",
    "50_6_6_102",
    "50_8_4_132",
    "50_8_8_154",
    "50_8_2_123",
    "50_2_2_2",
    "50_2_8_31",
    "50_2_4_12",
    "150_8_6_466",
    "150_8_2_444",
    "300_2_2_806",
    "50_4_8_71",
    "50_4_4_52",
    "50_6_8_111",
    "50_4_2_41",
    "50_8_8_153",
    "50_2_6_22",
    "150_6_4_416",
    "100_2_4_173",
    "50_4_6_62"
  ]
}