{
  "agent": {
    "rew_mean": 0.0,
    "rew_std": 0.0,
    "rew_best": 0.0,
    "rew_best_count": 50,
    "rew_worst": 0.0,
    "tardiness_mean": 0.0,
    "tardiness_std": 0.0,
    "tardiness_max_mean": 0.0,
    "makespan_tests": [
      49364,
      33684,
      12548,
      17648,
      38427,
      13714,
      19604,
      9546,
      8582,
      8376,
      66975,
      8686,
      16960,
      7133,
      38784,
      11824,
      33313,
      21822,
      69570,
      8192,
      38034,
      31454,
      8888,
      11227,
      13006,
      74232,
      8443,
      74721,
      16117,
      14674,
      12521,
      9773,
      9519,
      9293,
      14299,
      8765,
      9745,
      12184,
      36855,
      25178,
      38560,
      8547,
      9624,
      10275,
      8324,
      8974,
      15886,
      29793,
      18351,
      11007
    ],
    "makespan_mean": 21860.42,
    "rew_worst_quantile_border": 0.0,
    "rew_cvar": 0.0,
    "rew_perc_good_solutions": 1.0,
    "num_tests": 50,
    "running_time": [
      17.1463680267334,
      0.8722813129425049,
      0.15759897232055664,
      0.7889261245727539,
      11.699510097503662,
      0.06371712684631348,
      0.13803505897521973,
      0.1683199405670166,
      0.3283040523529053,
      0.1332559585571289,
      40.645236015319824,
      0.05477285385131836,
      0.07834291458129883,
      0.04510998725891113,
      38.62546420097351,
      0.5275838375091553,
      0.9398231506347656,
      0.28913426399230957,
      39.35699772834778,
      0.2727670669555664,
      21.575424909591675,
      0.32680773735046387,
      0.5278592109680176,
      0.5302619934082031,
      0.47623395919799805,
      12.151672840118408,
      0.32869815826416016,
      37.87565779685974,
      0.7885057926177979,
      0.28499364852905273,
      0.2702510356903076,
      0.31724095344543457,
      0.5291862487792969,
      0.6224651336669922,
      0.48470187187194824,
      0.042958736419677734,
      0.07437801361083984,
      0.05460095405578613,
      9.829427242279053,
      9.0524160861969,
      5.212321758270264,
      0.16953587532043457,
      0.14900803565979004,
      0.3323791027069092,
      0.1291360855102539,
      0.5581109523773193,
      0.06537795066833496,
      5.274096965789795,
      0.3006420135498047,
      0.16012978553771973
    ]
  },
  "test-data-file-names": [
    "300_4_4_860",
    "100_4_6_225",
    "50_4_6_61",
    "100_4_4_216",
    "200_6_4_575",
    "50_2_6_21",
    "50_4_4_51",
    "50_4_8_72",
    "50_6_8_112",
    "50_4_2_42",
    "300_6_6_907",
    "50_2_4_11",
    "50_2_8_32",
    "50_2_2_1",
    "250_8_2_764",
    "50_8_4_131",
    "100_4_8_240",
    "50_6_4_91",
    "250_8_6_782",
    "50_6_2_82",
    "250_6_2_721",
    "100_2_6_187",
    "50_8_6_142",
    "50_8_6_141",
    "50_8_2_122",
    "200_6_8_595",
    "50_6_6_103",
    "300_6_4_897",
    "100_4_2_203",
    "50_6_4_92",
    "50_6_2_81",
    "50_6_6_102",
    "50_8_4_132",
    "50_8_8_154",
    "50_8_2_123",
    "50_2_2_2",
    "50_2_8_31",
    "50_2_4_12",
    "150_8_6_466",
    "150_8_2_444",
    "300_2_2_806",
    "50_4_8_71",
    "50_4_4_52",
    "50_6_8_111",
    "50_4_2_41",
    "50_8_8_153",
    "50_2_6_22",
    "150_6_4_416",
    "100_2_4_173",
    "50_4_6_62"
  ]
}