{
  "agent": {
    "rew_mean": 0.0,
    "rew_std": 0.0,
    "rew_best": 0.0,
    "rew_best_count": 50,
    "rew_worst": 0.0,
    "tardiness_mean": 0.0,
    "tardiness_std": 0.0,
    "tardiness_max_mean": 0.0,
    "makespan_tests": [
      2053900,
      300498,
      3353800,
      4640700,
      1727760,
      1529800,
      88800,
      3730860,
      96640,
      661560,
      2032400,
      5135600,
      3207960,
      240016,
      116218,
      44466,
      1375000,
      673140,
      3009060,
      2330800,
      1312500,
      503600,
      2350900,
      30284280,
      1939200,
      2370900,
      1698864,
      159000,
      1961900,
      1626480,
      3914000,
      1152800,
      1288800,
      2922860,
      214006,
      9253100,
      82707,
      2053700,
      5090300,
      6108795,
      81250,
      73180,
      3481900,
      4782100,
      91940,
      1555700,
      699150,
      91200,
      2107000,
      230842
    ],
    "makespan_mean": 2516638.64,
    "rew_worst_quantile_border": 0.0,
    "rew_cvar": 0.0,
    "rew_perc_good_solutions": 1.0,
    "num_tests": 50,
    "running_time": [
      0.10986900329589844,
      4.950468063354492,
      0.36439990997314453,
      5.112795114517212,
      0.005129098892211914,
      0.10161209106445312,
      0.0028350353240966797,
      0.0022592544555664062,
      0.00279998779296875,
      0.004222869873046875,
      0.06816816329956055,
      1.0870368480682373,
      0.02773118019104004,
      2.1439077854156494,
      0.0065610408782958984,
      0.005074262619018555,
      0.011554956436157227,
      0.205186128616333,
      0.017208099365234375,
      4.890760898590088,
      0.004231929779052734,
      0.3811991214752197,
      0.7867720127105713,
      0.12493395805358887,
      2.2412331104278564,
      0.8001811504364014,
      0.20304417610168457,
      0.00012993812561035156,
      2.2482411861419678,
      0.005899906158447266,
      9.442886114120483,
      0.0047910213470458984,
      0.011564016342163086,
      1.9798059463500977,
      1.782567024230957,
      289.177964925766,
      0.0029990673065185547,
      0.06588196754455566,
      1.0866880416870117,
      0.521658182144165,
      0.002665996551513672,
      0.034294843673706055,
      0.30143308639526367,
      4.869947910308838,
      0.11097335815429688,
      0.101104736328125,
      0.005217075347900391,
      0.0026521682739257812,
      0.10887312889099121,
      3.677975654602051
    ]
  },
  "test-data-file-names": [
    "bom_deep_7_5_10_5_No2",
    "bom_deep_8_4_40_15_No2",
    "bom_deep_8_5_10_5_No2",
    "bom_deep_10_5_30_15_No1",
    "bom_deep_7_3_15_5_No1",
    "bom_deep_7_5_30_15_No2",
    "bom_deep_10_3_10_5_No1",
    "bom_deep_8_3_16_4_No2",
    "bom_deep_10_3_15_5_No1",
    "bom_deep_7_3_10_5_No1",
    "bom_deep_8_5_30_15_No2",
    "bom_deep_10_5_10_5_No2",
    "bom_deep_7_4_16_4_No2",
    "bom_deep_9_4_40_15_No2",
    "bom_deep_10_5_20_5_No2",
    "bom_deep_8_3_20_5_No1",
    "bom_deep_6_5_30_15_No2",
    "bom_deep_6_5_20_10_No1",
    "bom_deep_6_3_16_4_No2",
    "bom_deep_6_4_40_15_No2",
    "bom_deep_6_5_10_5_No2",
    "bom_deep_6_5_30_10_No1",
    "bom_deep_9_5_10_5_No2",
    "bom_deep_9_3_16_4_No2",
    "bom_deep_9_5_30_15_No2",
    "bom_deep_9_5_10_5_No1",
    "bom_deep_6_5_30_10_No2",
    "bom_deep_9_3_16_4_No1",
    "bom_deep_9_5_30_15_No1",
    "bom_deep_6_3_16_4_No1",
    "bom_deep_6_4_40_15_No1",
    "bom_deep_6_5_10_5_No1",
    "bom_deep_6_5_30_15_No1",
    "bom_deep_6_5_20_10_No2",
    "bom_deep_9_4_40_15_No1",
    "bom_deep_10_5_20_5_No1",
    "bom_deep_8_3_20_5_No2",
    "bom_deep_8_5_30_15_No1",
    "bom_deep_10_5_10_5_No1",
    "bom_deep_7_4_16_4_No1",
    "bom_deep_10_3_15_5_No2",
    "bom_deep_7_3_10_5_No2",
    "bom_deep_8_5_10_5_No1",
    "bom_deep_10_5_30_15_No2",
    "bom_deep_7_3_15_5_No2",
    "bom_deep_7_5_30_15_No1",
    "bom_deep_8_3_16_4_No1",
    "bom_deep_10_3_10_5_No2",
    "bom_deep_7_5_10_5_No1",
    "bom_deep_8_4_40_15_No1"
  ]
}