{
  "agent": {
    "rew_mean": 0.0,
    "rew_std": 0.0,
    "rew_best": 0.0,
    "rew_best_count": 50,
    "rew_worst": 0.0,
    "tardiness_mean": 0.0,
    "tardiness_std": 0.0,
    "tardiness_max_mean": 0.0,
    "makespan_tests": [
      2053900,
      300498,
      3353800,
      4640700,
      1727760,
      1529800,
      88800,
      3730860,
      96640,
      661560,
      2032400,
      5135600,
      3207960,
      240016,
      116218,
      44466,
      1375000,
      673140,
      3009060,
      2330800,
      1312500,
      503600,
      2350900,
      30284280,
      1939200,
      2370900,
      1698864,
      159000,
      1961900,
      1626480,
      3914000,
      1152800,
      1288800,
      2922860,
      214006,
      9253100,
      82707,
      2053700,
      5090300,
      6108795,
      81250,
      73180,
      3481900,
      4782100,
      91940,
      1555700,
      699150,
      91200,
      2107000,
      230842
    ],
    "makespan_mean": 2516638.64,
    "rew_worst_quantile_border": 0.0,
    "rew_cvar": 0.0,
    "rew_perc_good_solutions": 1.0,
    "num_tests": 50,
    "running_time": [
      0.23508405685424805,
      9.906013011932373,
      0.6094720363616943,
      9.885418891906738,
      0.01107931137084961,
      0.24593567848205566,
      0.006031036376953125,
      0.0045778751373291016,
      0.005646705627441406,
      0.009689092636108398,
      0.15566611289978027,
      1.9594480991363525,
      0.06282186508178711,
      4.725153207778931,
      0.013499736785888672,
      0.011168956756591797,
      0.029028892517089844,
      0.5068178176879883,
      0.037596940994262695,
      11.629069089889526,
      0.009369134902954102,
      0.8905658721923828,
      1.4038572311401367,
      0.25521302223205566,
      4.884337902069092,
      1.4367940425872803,
      0.4848909378051758,
      0.00023889541625976562,
      4.789039134979248,
      0.013046979904174805,
      20.52859592437744,
      0.010893106460571289,
      0.028764963150024414,
      4.189584970474243,
      3.8270552158355713,
      362.9215748310089,
      0.006577014923095703,
      0.15180373191833496,
      1.9741199016571045,
      1.0651772022247314,
      0.00556492805480957,
      0.08306598663330078,
      0.5915510654449463,
      9.822531938552856,
      0.26280808448791504,
      0.24630093574523926,
      0.011317014694213867,
      0.005591154098510742,
      0.22559094429016113,
      7.931289196014404
    ]
  },
  "test-data-file-names": [
    "bom_deep_7_5_10_5_No2",
    "bom_deep_8_4_40_15_No2",
    "bom_deep_8_5_10_5_No2",
    "bom_deep_10_5_30_15_No1",
    "bom_deep_7_3_15_5_No1",
    "bom_deep_7_5_30_15_No2",
    "bom_deep_10_3_10_5_No1",
    "bom_deep_8_3_16_4_No2",
    "bom_deep_10_3_15_5_No1",
    "bom_deep_7_3_10_5_No1",
    "bom_deep_8_5_30_15_No2",
    "bom_deep_10_5_10_5_No2",
    "bom_deep_7_4_16_4_No2",
    "bom_deep_9_4_40_15_No2",
    "bom_deep_10_5_20_5_No2",
    "bom_deep_8_3_20_5_No1",
    "bom_deep_6_5_30_15_No2",
    "bom_deep_6_5_20_10_No1",
    "bom_deep_6_3_16_4_No2",
    "bom_deep_6_4_40_15_No2",
    "bom_deep_6_5_10_5_No2",
    "bom_deep_6_5_30_10_No1",
    "bom_deep_9_5_10_5_No2",
    "bom_deep_9_3_16_4_No2",
    "bom_deep_9_5_30_15_No2",
    "bom_deep_9_5_10_5_No1",
    "bom_deep_6_5_30_10_No2",
    "bom_deep_9_3_16_4_No1",
    "bom_deep_9_5_30_15_No1",
    "bom_deep_6_3_16_4_No1",
    "bom_deep_6_4_40_15_No1",
    "bom_deep_6_5_10_5_No1",
    "bom_deep_6_5_30_15_No1",
    "bom_deep_6_5_20_10_No2",
    "bom_deep_9_4_40_15_No1",
    "bom_deep_10_5_20_5_No1",
    "bom_deep_8_3_20_5_No2",
    "bom_deep_8_5_30_15_No1",
    "bom_deep_10_5_10_5_No1",
    "bom_deep_7_4_16_4_No1",
    "bom_deep_10_3_15_5_No2",
    "bom_deep_7_3_10_5_No2",
    "bom_deep_8_5_10_5_No1",
    "bom_deep_10_5_30_15_No2",
    "bom_deep_7_3_15_5_No2",
    "bom_deep_7_5_30_15_No1",
    "bom_deep_8_3_16_4_No1",
    "bom_deep_10_3_10_5_No2",
    "bom_deep_7_5_10_5_No1",
    "bom_deep_8_4_40_15_No1"
  ]
}