{
  "agent": {
    "rew_mean": 0.0,
    "rew_std": 0.0,
    "rew_best": 0.0,
    "rew_best_count": 50,
    "rew_worst": 0.0,
    "tardiness_mean": 0.0,
    "tardiness_std": 0.0,
    "tardiness_max_mean": 0.0,
    "makespan_tests": [
      2056300,
      341518,
      3508500,
      4662300,
      1727760,
      1537000,
      91480,
      3730860,
      97744,
      661560,
      2032400,
      5470900,
      3207960,
      273536,
      117346,
      45698,
      1375000,
      673140,
      2294460,
      2468600,
      1312500,
      424220,
      2387100,
      30284280,
      1939200,
      2514400,
      1698864,
      159000,
      1961900,
      1626480,
      4668200,
      1152800,
      1288800,
      3492600,
      262902,
      10529066,
      82611,
      2057300,
      5464900,
      6108795,
      83506,
      74300,
      3612900,
      4832500,
      111620,
      1555700,
      699150,
      91200,
      2208100,
      305506
    ],
    "makespan_mean": 2587289.24,
    "rew_worst_quantile_border": 0.0,
    "rew_cvar": 0.0,
    "rew_perc_good_solutions": 1.0,
    "num_tests": 50,
    "running_time": [
      0.23932790756225586,
      9.662912845611572,
      0.5826988220214844,
      9.069555282592773,
      0.01085519790649414,
      0.20976567268371582,
      0.005250215530395508,
      0.004270076751708984,
      0.005551815032958984,
      0.008580923080444336,
      0.14852404594421387,
      2.138917922973633,
      0.055776119232177734,
      4.584223031997681,
      0.012677192687988281,
      0.009340763092041016,
      0.024013757705688477,
      0.4005088806152344,
      0.025799274444580078,
      10.970800876617432,
      0.009483098983764648,
      0.8277709484100342,
      1.4652831554412842,
      0.2797858715057373,
      4.7429351806640625,
      1.4208738803863525,
      0.4520540237426758,
      0.0002319812774658203,
      4.636943101882935,
      0.013428211212158203,
      20.441069841384888,
      0.009747028350830078,
      0.022932052612304688,
      4.000556230545044,
      3.825299024581909,
      351.86410903930664,
      0.005947113037109375,
      0.14996790885925293,
      2.2315330505371094,
      1.0712192058563232,
      0.005002021789550781,
      0.07804489135742188,
      0.61285400390625,
      8.697705030441284,
      0.23743796348571777,
      0.22584128379821777,
      0.009672880172729492,
      0.0041658878326416016,
      0.23361825942993164,
      7.409903049468994
    ]
  },
  "test-data-file-names": [
    "bom_deep_7_5_10_5_No2",
    "bom_deep_8_4_40_15_No2",
    "bom_deep_8_5_10_5_No2",
    "bom_deep_10_5_30_15_No1",
    "bom_deep_7_3_15_5_No1",
    "bom_deep_7_5_30_15_No2",
    "bom_deep_10_3_10_5_No1",
    "bom_deep_8_3_16_4_No2",
    "bom_deep_10_3_15_5_No1",
    "bom_deep_7_3_10_5_No1",
    "bom_deep_8_5_30_15_No2",
    "bom_deep_10_5_10_5_No2",
    "bom_deep_7_4_16_4_No2",
    "bom_deep_9_4_40_15_No2",
    "bom_deep_10_5_20_5_No2",
    "bom_deep_8_3_20_5_No1",
    "bom_deep_6_5_30_15_No2",
    "bom_deep_6_5_20_10_No1",
    "bom_deep_6_3_16_4_No2",
    "bom_deep_6_4_40_15_No2",
    "bom_deep_6_5_10_5_No2",
    "bom_deep_6_5_30_10_No1",
    "bom_deep_9_5_10_5_No2",
    "bom_deep_9_3_16_4_No2",
    "bom_deep_9_5_30_15_No2",
    "bom_deep_9_5_10_5_No1",
    "bom_deep_6_5_30_10_No2",
    "bom_deep_9_3_16_4_No1",
    "bom_deep_9_5_30_15_No1",
    "bom_deep_6_3_16_4_No1",
    "bom_deep_6_4_40_15_No1",
    "bom_deep_6_5_10_5_No1",
    "bom_deep_6_5_30_15_No1",
    "bom_deep_6_5_20_10_No2",
    "bom_deep_9_4_40_15_No1",
    "bom_deep_10_5_20_5_No1",
    "bom_deep_8_3_20_5_No2",
    "bom_deep_8_5_30_15_No1",
    "bom_deep_10_5_10_5_No1",
    "bom_deep_7_4_16_4_No1",
    "bom_deep_10_3_15_5_No2",
    "bom_deep_7_3_10_5_No2",
    "bom_deep_8_5_10_5_No1",
    "bom_deep_10_5_30_15_No2",
    "bom_deep_7_3_15_5_No2",
    "bom_deep_7_5_30_15_No1",
    "bom_deep_8_3_16_4_No1",
    "bom_deep_10_3_10_5_No2",
    "bom_deep_7_5_10_5_No1",
    "bom_deep_8_4_40_15_No1"
  ]
}