{
  "agent": {
    "rew_mean": 0.0,
    "rew_std": 0.0,
    "rew_best": 0.0,
    "rew_best_count": 50,
    "rew_worst": 0.0,
    "tardiness_mean": 0.0,
    "tardiness_std": 0.0,
    "tardiness_max_mean": 0.0,
    "makespan_tests": [
      2056300,
      348334,
      3522500,
      4662300,
      1727760,
      1537000,
      91480,
      3730860,
      97744,
      661560,
      2032400,
      5470900,
      3207960,
      273536,
      117346,
      45698,
      1375000,
      673140,
      2294460,
      2544200,
      1312500,
      424220,
      2393200,
      30284280,
      1939200,
      2484200,
      1698864,
      159000,
      1961900,
      1626480,
      4635200,
      1152800,
      1288800,
      3492600,
      269294,
      10493433,
      82611,
      2057300,
      5464900,
      6108795,
      83506,
      74300,
      3693700,
      4832500,
      111620,
      1555700,
      699150,
      91200,
      2155900,
      305226
    ],
    "makespan_mean": 2588057.14,
    "rew_worst_quantile_border": 0.0,
    "rew_cvar": 0.0,
    "rew_perc_good_solutions": 1.0,
    "num_tests": 50,
    "running_time": [
      0.1160881519317627,
      4.032870769500732,
      0.2898139953613281,
      4.235452175140381,
      0.004499912261962891,
      0.07938480377197266,
      0.002360820770263672,
      0.001989126205444336,
      0.0025436878204345703,
      0.00350189208984375,
      0.06076502799987793,
      1.207528829574585,
      0.023661136627197266,
      2.00045108795166,
      0.006065845489501953,
      0.0042002201080322266,
      0.009016990661621094,
      0.15992975234985352,
      0.010706901550292969,
      5.072728872299194,
      0.0038118362426757812,
      0.33287787437438965,
      0.823408842086792,
      0.13254714012145996,
      2.157607078552246,
      0.7789838314056396,
      0.1705610752105713,
      0.0005102157592773438,
      2.142023801803589,
      0.005430936813354492,
      8.803130865097046,
      0.0047609806060791016,
      0.009664058685302734,
      1.8005037307739258,
      1.6159632205963135,
      274.3651521205902,
      0.002573728561401367,
      0.05918002128601074,
      1.2320456504821777,
      0.49071407318115234,
      0.002257108688354492,
      0.029478073120117188,
      0.3032557964324951,
      4.09325098991394,
      0.10335087776184082,
      0.07887721061706543,
      0.004143953323364258,
      0.001981973648071289,
      0.1095278263092041,
      3.1761891841888428
    ]
  },
  "test-data-file-names": [
    "bom_deep_7_5_10_5_No2",
    "bom_deep_8_4_40_15_No2",
    "bom_deep_8_5_10_5_No2",
    "bom_deep_10_5_30_15_No1",
    "bom_deep_7_3_15_5_No1",
    "bom_deep_7_5_30_15_No2",
    "bom_deep_10_3_10_5_No1",
    "bom_deep_8_3_16_4_No2",
    "bom_deep_10_3_15_5_No1",
    "bom_deep_7_3_10_5_No1",
    "bom_deep_8_5_30_15_No2",
    "bom_deep_10_5_10_5_No2",
    "bom_deep_7_4_16_4_No2",
    "bom_deep_9_4_40_15_No2",
    "bom_deep_10_5_20_5_No2",
    "bom_deep_8_3_20_5_No1",
    "bom_deep_6_5_30_15_No2",
    "bom_deep_6_5_20_10_No1",
    "bom_deep_6_3_16_4_No2",
    "bom_deep_6_4_40_15_No2",
    "bom_deep_6_5_10_5_No2",
    "bom_deep_6_5_30_10_No1",
    "bom_deep_9_5_10_5_No2",
    "bom_deep_9_3_16_4_No2",
    "bom_deep_9_5_30_15_No2",
    "bom_deep_9_5_10_5_No1",
    "bom_deep_6_5_30_10_No2",
    "bom_deep_9_3_16_4_No1",
    "bom_deep_9_5_30_15_No1",
    "bom_deep_6_3_16_4_No1",
    "bom_deep_6_4_40_15_No1",
    "bom_deep_6_5_10_5_No1",
    "bom_deep_6_5_30_15_No1",
    "bom_deep_6_5_20_10_No2",
    "bom_deep_9_4_40_15_No1",
    "bom_deep_10_5_20_5_No1",
    "bom_deep_8_3_20_5_No2",
    "bom_deep_8_5_30_15_No1",
    "bom_deep_10_5_10_5_No1",
    "bom_deep_7_4_16_4_No1",
    "bom_deep_10_3_15_5_No2",
    "bom_deep_7_3_10_5_No2",
    "bom_deep_8_5_10_5_No1",
    "bom_deep_10_5_30_15_No2",
    "bom_deep_7_3_15_5_No2",
    "bom_deep_7_5_30_15_No1",
    "bom_deep_8_3_16_4_No1",
    "bom_deep_10_3_10_5_No2",
    "bom_deep_7_5_10_5_No1",
    "bom_deep_8_4_40_15_No1"
  ]
}