{
  "agent": {
    "rew_mean": 0.0,
    "rew_std": 0.0,
    "rew_best": 0.0,
    "rew_best_count": 40,
    "rew_worst": 0.0,
    "tardiness_mean": 0.0,
    "tardiness_std": 0.0,
    "tardiness_max_mean": 0.0,
    "makespan_tests": [
      1147,
      1203,
      1449,
      1429,
      746,
      924,
      576,
      632,
      1947,
      1223,
      817,
      617,
      1079,
      1316,
      1120,
      986,
      1070,
      1282,
      1230,
      1128,
      894,
      2156,
      1785,
      1220,
      1145,
      905,
      910,
      1018,
      1022,
      1184,
      995,
      1003,
      1202,
      1337,
      1273,
      805,
      735,
      2038,
      1852,
      775
    ],
    "makespan_mean": 1154.375,
    "rew_worst_quantile_border": 0.0,
    "rew_cvar": 0.0,
    "rew_perc_good_solutions": 1.0,
    "num_tests": 40,
    "running_time": [
      0.015001296997070312,
      0.016665935516357422,
      0.07774782180786133,
      0.07723498344421387,
      0.017383813858032227,
      0.01723313331604004,
      0.003309011459350586,
      0.0037598609924316406,
      0.1751859188079834,
      0.07098174095153809,
      0.0039048194885253906,
      0.003942966461181641,
      0.1028597354888916,
      0.0968630313873291,
      0.0949859619140625,
      0.008614778518676758,
      0.008224964141845703,
      0.016397953033447266,
      0.014061927795410156,
      0.0406951904296875,
      0.0175931453704834,
      0.1734611988067627,
      0.17247414588928223,
      0.08800506591796875,
      0.09722614288330078,
      0.00824284553527832,
      0.007776737213134766,
      0.04274392127990723,
      0.04588794708251953,
      0.015842199325561523,
      0.009512186050415039,
      0.03854012489318848,
      0.04012894630432129,
      0.06682515144348145,
      0.07155513763427734,
      0.016705989837646484,
      0.016916990280151367,
      0.16735529899597168,
      0.1782829761505127,
      0.004067182540893555
    ]
  },
  "test-data-file-names": [
    "la12.fjs",
    "la13.fjs",
    "la26.fjs",
    "la27.fjs",
    "la18.fjs",
    "la19.fjs",
    "la05.fjs",
    "la04.fjs",
    "la31.fjs",
    "la30.fjs",
    "la02.fjs",
    "la03.fjs",
    "la36.fjs",
    "la37.fjs",
    "la40.fjs",
    "la08.fjs",
    "la09.fjs",
    "la15.fjs",
    "la14.fjs",
    "la21.fjs",
    "la20.fjs",
    "la32.fjs",
    "la33.fjs",
    "la38.fjs",
    "la39.fjs",
    "la06.fjs",
    "la07.fjs",
    "la25.fjs",
    "la24.fjs",
    "la11.fjs",
    "la10.fjs",
    "la22.fjs",
    "la23.fjs",
    "la28.fjs",
    "la29.fjs",
    "la16.fjs",
    "la17.fjs",
    "la35.fjs",
    "la34.fjs",
    "la01.fjs"
  ]
}