{
  "agent": {
    "rew_mean": 0.0,
    "rew_std": 0.0,
    "rew_best": 0.0,
    "rew_best_count": 40,
    "rew_worst": 0.0,
    "tardiness_mean": 0.0,
    "tardiness_std": 0.0,
    "tardiness_max_mean": 0.0,
    "makespan_tests": [
      1229,
      1349,
      1597,
      1503,
      749,
      830,
      719,
      704,
      2056,
      1477,
      737,
      675,
      1429,
      1371,
      1275,
      1011,
      1068,
      1386,
      1434,
      1132,
      920,
      2246,
      2230,
      1318,
      1276,
      1059,
      877,
      1316,
      1142,
      1408,
      1004,
      1200,
      1284,
      1699,
      1474,
      822,
      758,
      2143,
      2189,
      718
    ],
    "makespan_mean": 1270.35,
    "rew_worst_quantile_border": 0.0,
    "rew_cvar": 0.0,
    "rew_perc_good_solutions": 1.0,
    "num_tests": 40,
    "running_time": [
      0.016849994659423828,
      0.017340898513793945,
      0.11143183708190918,
      0.07628679275512695,
      0.021028995513916016,
      0.019721031188964844,
      0.004106044769287109,
      0.004179954528808594,
      0.1864609718322754,
      0.08310723304748535,
      0.004715919494628906,
      0.004330873489379883,
      0.10654091835021973,
      0.11032414436340332,
      0.10387396812438965,
      0.009887218475341797,
      0.00928497314453125,
      0.01911616325378418,
      0.017016887664794922,
      0.04513120651245117,
      0.019250869750976562,
      0.18149900436401367,
      0.1848750114440918,
      0.10644197463989258,
      0.10453486442565918,
      0.008865118026733398,
      0.009576797485351562,
      0.04549813270568848,
      0.045625925064086914,
      0.015785932540893555,
      0.009617090225219727,
      0.04209327697753906,
      0.044097900390625,
      0.07795882225036621,
      0.07957696914672852,
      0.019481182098388672,
      0.01956009864807129,
      0.19576025009155273,
      0.19211602210998535,
      0.004737138748168945
    ]
  },
  "test-data-file-names": [
    "la12.fjs",
    "la13.fjs",
    "la26.fjs",
    "la27.fjs",
    "la18.fjs",
    "la19.fjs",
    "la05.fjs",
    "la04.fjs",
    "la31.fjs",
    "la30.fjs",
    "la02.fjs",
    "la03.fjs",
    "la36.fjs",
    "la37.fjs",
    "la40.fjs",
    "la08.fjs",
    "la09.fjs",
    "la15.fjs",
    "la14.fjs",
    "la21.fjs",
    "la20.fjs",
    "la32.fjs",
    "la33.fjs",
    "la38.fjs",
    "la39.fjs",
    "la06.fjs",
    "la07.fjs",
    "la25.fjs",
    "la24.fjs",
    "la11.fjs",
    "la10.fjs",
    "la22.fjs",
    "la23.fjs",
    "la28.fjs",
    "la29.fjs",
    "la16.fjs",
    "la17.fjs",
    "la35.fjs",
    "la34.fjs",
    "la01.fjs"
  ]
}