{
  "runs": [
    {
      "agent": {
        "rew_mean": 0.0,
        "rew_std": 0.0,
        "rew_best": 0.0,
        "rew_best_count": 40,
        "rew_worst": 0.0,
        "tardiness_mean": 0.0,
        "tardiness_std": 0.0,
        "tardiness_max_mean": 0.0,
        "makespan_tests": [
          1147,
          1203,
          1449,
          1429,
          746,
          924,
          576,
          632,
          1947,
          1223,
          817,
          617,
          1079,
          1316,
          1120,
          986,
          1070,
          1282,
          1230,
          1128,
          894,
          2156,
          1785,
          1220,
          1145,
          905,
          910,
          1018,
          1022,
          1184,
          995,
          1003,
          1202,
          1337,
          1273,
          805,
          735,
          2038,
          1852,
          775
        ],
        "makespan_mean": 1154.375,
        "rew_worst_quantile_border": 0.0,
        "rew_cvar": 0.0,
        "rew_perc_good_solutions": 1.0,
        "num_tests": 40,
        "running_time": [
          0.014853239059448242,
          0.016216039657592773,
          0.07556796073913574,
          0.07336926460266113,
          0.017113924026489258,
          0.01662468910217285,
          0.003209829330444336,
          0.003696918487548828,
          0.1722722053527832,
          0.07104110717773438,
          0.003980875015258789,
          0.003986835479736328,
          0.10292291641235352,
          0.09737491607666016,
          0.09665775299072266,
          0.008790016174316406,
          0.008343935012817383,
          0.01662302017211914,
          0.014265060424804688,
          0.041480064392089844,
          0.0179140567779541,
          0.1769421100616455,
          0.17087221145629883,
          0.08805394172668457,
          0.09598994255065918,
          0.008282899856567383,
          0.008021116256713867,
          0.04277396202087402,
          0.0455780029296875,
          0.015853166580200195,
          0.009653091430664062,
          0.03873181343078613,
          0.040673017501831055,
          0.06646394729614258,
          0.07191300392150879,
          0.016989946365356445,
          0.01708507537841797,
          0.1670238971710205,
          0.17651891708374023,
          0.004023075103759766
        ]
      },
      "test-data-file-names": [
        "la12.fjs",
        "la13.fjs",
        "la26.fjs",
        "la27.fjs",
        "la18.fjs",
        "la19.fjs",
        "la05.fjs",
        "la04.fjs",
        "la31.fjs",
        "la30.fjs",
        "la02.fjs",
        "la03.fjs",
        "la36.fjs",
        "la37.fjs",
        "la40.fjs",
        "la08.fjs",
        "la09.fjs",
        "la15.fjs",
        "la14.fjs",
        "la21.fjs",
        "la20.fjs",
        "la32.fjs",
        "la33.fjs",
        "la38.fjs",
        "la39.fjs",
        "la06.fjs",
        "la07.fjs",
        "la25.fjs",
        "la24.fjs",
        "la11.fjs",
        "la10.fjs",
        "la22.fjs",
        "la23.fjs",
        "la28.fjs",
        "la29.fjs",
        "la16.fjs",
        "la17.fjs",
        "la35.fjs",
        "la34.fjs",
        "la01.fjs"
      ]
    },
    {
      "agent": {
        "rew_mean": 0.0,
        "rew_std": 0.0,
        "rew_best": 0.0,
        "rew_best_count": 40,
        "rew_worst": 0.0,
        "tardiness_mean": 0.0,
        "tardiness_std": 0.0,
        "tardiness_max_mean": 0.0,
        "makespan_tests": [
          1147,
          1148,
          1502,
          1493,
          761,
          837,
          666,
          662,
          1776,
          1258,
          636,
          617,
          1402,
          1332,
          1381,
          914,
          1087,
          1285,
          1208,
          1157,
          756,
          2122,
          1857,
          1068,
          1154,
          999,
          970,
          1004,
          1019,
          1276,
          995,
          1027,
          1223,
          1414,
          1508,
          1021,
          757,
          1928,
          1989,
          775
        ],
        "makespan_mean": 1178.275,
        "rew_worst_quantile_border": 0.0,
        "rew_cvar": 0.0,
        "rew_perc_good_solutions": 1.0,
        "num_tests": 40,
        "running_time": [
          0.017219066619873047,
          0.018726110458374023,
          0.08416390419006348,
          0.08556795120239258,
          0.020167112350463867,
          0.01916980743408203,
          0.003515958786010742,
          0.004212141036987305,
          0.19161701202392578,
          0.07915687561035156,
          0.004523038864135742,
          0.004728078842163086,
          0.11322999000549316,
          0.11186909675598145,
          0.10944008827209473,
          0.011729955673217773,
          0.010493040084838867,
          0.020126819610595703,
          0.017446041107177734,
          0.04737997055053711,
          0.02124190330505371,
          0.19457101821899414,
          0.19219589233398438,
          0.10040688514709473,
          0.10968804359436035,
          0.009630203247070312,
          0.00976705551147461,
          0.04902505874633789,
          0.050354957580566406,
          0.01795196533203125,
          0.011282920837402344,
          0.043762922286987305,
          0.04681277275085449,
          0.07654929161071777,
          0.07693076133728027,
          0.019411087036132812,
          0.01926112174987793,
          0.18915104866027832,
          0.2076890468597412,
          0.004789113998413086
        ]
      },
      "test-data-file-names": [
        "la12.fjs",
        "la13.fjs",
        "la26.fjs",
        "la27.fjs",
        "la18.fjs",
        "la19.fjs",
        "la05.fjs",
        "la04.fjs",
        "la31.fjs",
        "la30.fjs",
        "la02.fjs",
        "la03.fjs",
        "la36.fjs",
        "la37.fjs",
        "la40.fjs",
        "la08.fjs",
        "la09.fjs",
        "la15.fjs",
        "la14.fjs",
        "la21.fjs",
        "la20.fjs",
        "la32.fjs",
        "la33.fjs",
        "la38.fjs",
        "la39.fjs",
        "la06.fjs",
        "la07.fjs",
        "la25.fjs",
        "la24.fjs",
        "la11.fjs",
        "la10.fjs",
        "la22.fjs",
        "la23.fjs",
        "la28.fjs",
        "la29.fjs",
        "la16.fjs",
        "la17.fjs",
        "la35.fjs",
        "la34.fjs",
        "la01.fjs"
      ]
    },
    {
      "agent": {
        "rew_mean": 0.0,
        "rew_std": 0.0,
        "rew_best": 0.0,
        "rew_best_count": 40,
        "rew_worst": 0.0,
        "tardiness_mean": 0.0,
        "tardiness_std": 0.0,
        "tardiness_max_mean": 0.0,
        "makespan_tests": [
          1115,
          1148,
          1393,
          1433,
          761,
          792,
          666,
          605,
          1790,
          1297,
          636,
          617,
          1195,
          1294,
          1270,
          898,
          986,
          1285,
          1233,
          1068,
          756,
          2065,
          1775,
          1177,
          1145,
          905,
          948,
          1176,
          966,
          1276,
          995,
          982,
          1157,
          1496,
          1395,
          919,
          718,
          1994,
          1951,
          775
        ],
        "makespan_mean": 1151.325,
        "rew_worst_quantile_border": 0.0,
        "rew_cvar": 0.0,
        "rew_perc_good_solutions": 1.0,
        "num_tests": 40,