{
  "runs": [
    {
      "agent": {
        "rew_mean": 0.0,
        "rew_std": 0.0,
        "rew_best": 0.0,
        "rew_best_count": 40,
        "rew_worst": 0.0,
        "tardiness_mean": 0.0,
        "tardiness_std": 0.0,
        "tardiness_max_mean": 0.0,
        "makespan_tests": [
          1229,
          1349,
          1597,
          1503,
          749,
          830,
          719,
          704,
          2056,
          1477,
          737,
          675,
          1429,
          1371,
          1275,
          1011,
          1068,
          1386,
          1434,
          1132,
          920,
          2246,
          2230,
          1318,
          1276,
          1059,
          877,
          1316,
          1142,
          1408,
          1004,
          1200,
          1284,
          1699,
          1474,
          822,
          758,
          2143,
          2189,
          718
        ],
        "makespan_mean": 1270.35,
        "rew_worst_quantile_border": 0.0,
        "rew_cvar": 0.0,
        "rew_perc_good_solutions": 1.0,
        "num_tests": 40,
        "running_time": [
          0.01689600944519043,
          0.017267942428588867,
          0.0728611946105957,
          0.07421422004699707,
          0.020753145217895508,
          0.019613981246948242,
          0.004084110260009766,
          0.004153728485107422,
          0.18603181838989258,
          0.08283686637878418,
          0.0046541690826416016,
          0.004324913024902344,
          0.10710024833679199,
          0.10865402221679688,
          0.10168981552124023,
          0.009712934494018555,
          0.009180068969726562,
          0.018785953521728516,
          0.016830921173095703,
          0.04447579383850098,
          0.018924951553344727,
          0.17814278602600098,
          0.18061590194702148,
          0.10448694229125977,
          0.10243701934814453,
          0.00866389274597168,
          0.009432792663574219,
          0.04497790336608887,
          0.04541206359863281,
          0.01567673683166504,
          0.009562969207763672,
          0.04144906997680664,
          0.04346513748168945,
          0.07731294631958008,
          0.07899022102355957,
          0.019160032272338867,
          0.019263267517089844,
          0.18929672241210938,
          0.18621826171875,
          0.004658937454223633
        ]
      },
      "test-data-file-names": [
        "la12.fjs",
        "la13.fjs",
        "la26.fjs",
        "la27.fjs",
        "la18.fjs",
        "la19.fjs",
        "la05.fjs",
        "la04.fjs",
        "la31.fjs",
        "la30.fjs",
        "la02.fjs",
        "la03.fjs",
        "la36.fjs",
        "la37.fjs",
        "la40.fjs",
        "la08.fjs",
        "la09.fjs",
        "la15.fjs",
        "la14.fjs",
        "la21.fjs",
        "la20.fjs",
        "la32.fjs",
        "la33.fjs",
        "la38.fjs",
        "la39.fjs",
        "la06.fjs",
        "la07.fjs",
        "la25.fjs",
        "la24.fjs",
        "la11.fjs",
        "la10.fjs",
        "la22.fjs",
        "la23.fjs",
        "la28.fjs",
        "la29.fjs",
        "la16.fjs",
        "la17.fjs",
        "la35.fjs",
        "la34.fjs",
        "la01.fjs"
      ]
    },
    {
      "agent": {
        "rew_mean": 0.0,
        "rew_std": 0.0,
        "rew_best": 0.0,
        "rew_best_count": 40,
        "rew_worst": 0.0,
        "tardiness_mean": 0.0,
        "tardiness_std": 0.0,
        "tardiness_max_mean": 0.0,
        "makespan_tests": [
          1229,
          1349,
          1597,
          1503,
          749,
          830,
          719,
          704,
          2056,
          1477,
          737,
          675,
          1429,
          1371,
          1275,
          1011,
          1068,
          1386,
          1434,
          1132,
          920,
          2246,
          2230,
          1318,
          1276,
          1059,
          877,
          1316,
          1142,
          1408,
          1004,
          1200,
          1284,
          1699,
          1474,
          822,
          758,
          2143,
          2189,
          718
        ],
        "makespan_mean": 1270.35,
        "rew_worst_quantile_border": 0.0,
        "rew_cvar": 0.0,
        "rew_perc_good_solutions": 1.0,
        "num_tests": 40,
        "running_time": [
          0.016143083572387695,
          0.016830921173095703,
          0.07114815711975098,
          0.07230901718139648,
          0.020161867141723633,
          0.018905162811279297,
          0.003948688507080078,
          0.004029989242553711,
          0.18168306350708008,
          0.08095574378967285,
          0.00457310676574707,
          0.004249095916748047,
          0.10373401641845703,
          0.10867094993591309,
          0.10296487808227539,
          0.009766817092895508,
          0.009256124496459961,
          0.018918991088867188,
          0.01692795753479004,
          0.0450899600982666,
          0.019108057022094727,
          0.18152403831481934,
          0.18076801300048828,
          0.10391902923583984,
          0.10183238983154297,
          0.008706092834472656,
          0.009433746337890625,
          0.04426884651184082,
          0.04411506652832031,
          0.01535487174987793,
          0.009413719177246094,
          0.040822744369506836,
          0.0435330867767334,
          0.07801699638366699,
          0.0793612003326416,
          0.019289016723632812,
          0.019397735595703125,
          0.19199395179748535,
          0.1876511573791504,
          0.004743814468383789
        ]
      },
      "test-data-file-names": [
        "la12.fjs",
        "la13.fjs",
        "la26.fjs",
        "la27.fjs",
        "la18.fjs",
        "la19.fjs",
        "la05.fjs",
        "la04.fjs",
        "la31.fjs",
        "la30.fjs",
        "la02.fjs",
        "la03.fjs",
        "la36.fjs",
        "la37.fjs",
        "la40.fjs",
        "la08.fjs",
        "la09.fjs",
        "la15.fjs",
        "la14.fjs",
        "la21.fjs",
        "la20.fjs",
        "la32.fjs",
        "la33.fjs",
        "la38.fjs",
        "la39.fjs",
        "la06.fjs",
        "la07.fjs",
        "la25.fjs",
        "la24.fjs",
        "la11.fjs",
        "la10.fjs",
        "la22.fjs",
        "la23.fjs",
        "la28.fjs",
        "la29.fjs",
        "la16.fjs",
        "la17.fjs",
        "la35.fjs",
        "la34.fjs",
        "la01.fjs"
      ]
    },
    {
      "agent": {
        "rew_mean": 0.0,
        "rew_std": 0.0,
        "rew_best": 0.0,
        "rew_best_count": 40,
        "rew_worst": 0.0,
        "tardiness_mean": 0.0,
        "tardiness_std": 0.0,
        "tardiness_max_mean": 0.0,
        "makespan_tests": [
          1188,
          1335,
          1439,
          1554,
          749,
          807,
          701,
          641,
          1941,
          1627,
          627,
          578,
          1282,
          1220,
          1198,
          993,
          968,
          1418,
          1305,
          1271,
          853,
          2150,
          1955,
          1214,
          1162,
          956,
          923,
          1273,
          1116,
          1471,
          1127,
          1178,
          1187,
          1556,
          1409,
          743,
          996,
          2012,
          2103,
          665
        ],
        "makespan_mean": 1222.275,
        "rew_worst_quantile_border": 0.0,
        "rew_cvar": 0.0,
        "rew_perc_good_solutions": 1.0,
        "num_tests": 40,