{
  "agent": {
    "rew_mean": 0.0,
    "rew_std": 0.0,
    "rew_best": 0.0,
    "rew_best_count": 40,
    "rew_worst": 0.0,
    "tardiness_mean": 0.0,
    "tardiness_std": 0.0,
    "tardiness_max_mean": 0.0,
    "makespan_tests": [
      1271,
      1381,
      1620,
      1548,
      859,
      770,
      805,
      852,
      2128,
      1377,
      735,
      703,
      1321,
      1151,
      1323,
      961,
      1226,
      1470,
      1341,
      1266,
      1048,
      2199,
      1972,
      1251,
      1258,
      1115,
      927,
      1191,
      1177,
      1280,
      999,
      1151,
      1138,
      1445,
      1423,
      799,
      859,
      2319,
      2075,
      650
    ],
    "makespan_mean": 1259.6,
    "rew_worst_quantile_border": 0.0,
    "rew_cvar": 0.0,
    "rew_perc_good_solutions": 1.0,
    "num_tests": 40,
    "running_time": [
      0.034897804260253906,
      0.03458404541015625,
      0.14518094062805176,
      0.1482100486755371,
      0.042388200759887695,
      0.04452204704284668,
      0.008793115615844727,
      0.00947713851928711,
      0.3547341823577881,
      0.16662192344665527,
      0.010552644729614258,
      0.010333776473999023,
      0.21090912818908691,
      0.2294619083404541,
      0.21744203567504883,
      0.021311044692993164,
      0.019133806228637695,
      0.041312217712402344,
      0.035652875900268555,
      0.09452009201049805,
      0.042050838470458984,
      0.3489959239959717,
      0.35292696952819824,
      0.20731019973754883,
      0.20856285095214844,
      0.019375085830688477,
      0.020300626754760742,
      0.09608602523803711,
      0.0945730209350586,
      0.03469085693359375,
      0.02043008804321289,
      0.08368587493896484,
      0.08908510208129883,
      0.15555977821350098,
      0.15354442596435547,
      0.04206204414367676,
      0.03921318054199219,
      0.36203908920288086,
      0.35442519187927246,
      0.010636091232299805
    ]
  },
  "test-data-file-names": [
    "la12.fjs",
    "la13.fjs",
    "la26.fjs",
    "la27.fjs",
    "la18.fjs",
    "la19.fjs",
    "la05.fjs",
    "la04.fjs",
    "la31.fjs",
    "la30.fjs",
    "la02.fjs",
    "la03.fjs",
    "la36.fjs",
    "la37.fjs",
    "la40.fjs",
    "la08.fjs",
    "la09.fjs",
    "la15.fjs",
    "la14.fjs",
    "la21.fjs",
    "la20.fjs",
    "la32.fjs",
    "la33.fjs",
    "la38.fjs",
    "la39.fjs",
    "la06.fjs",
    "la07.fjs",
    "la25.fjs",
    "la24.fjs",
    "la11.fjs",
    "la10.fjs",
    "la22.fjs",
    "la23.fjs",
    "la28.fjs",
    "la29.fjs",
    "la16.fjs",
    "la17.fjs",
    "la35.fjs",
    "la34.fjs",
    "la01.fjs"
  ]
}