{
  "agent": {
    "rew_mean": 0.0,
    "rew_std": 0.0,
    "rew_best": 0.0,
    "rew_best_count": 40,
    "rew_worst": 0.0,
    "tardiness_mean": 0.0,
    "tardiness_std": 0.0,
    "tardiness_max_mean": 0.0,
    "makespan_tests": [
      1116,
      1148,
      1507,
      1368,
      761,
      924,
      666,
      628,
      1790,
      1297,
      817,
      617,
      1235,
      1287,
      1118,
      903,
      1179,
      1285,
      1234,
      1132,
      756,
      2099,
      1796,
      1142,
      1193,
      999,
      910,
      1031,
      1119,
      1276,
      995,
      998,
      1184,
      1496,
      1249,
      766,
      735,
      1945,
      1853,
      775
    ],
    "makespan_mean": 1158.225,
    "rew_worst_quantile_border": 0.0,
    "rew_cvar": 0.0,
    "rew_perc_good_solutions": 1.0,
    "num_tests": 40,
    "running_time": [
      0.033854007720947266,
      0.036414146423339844,
      0.15910577774047852,
      0.1584160327911377,
      0.038416147232055664,
      0.037188053131103516,
      0.006791830062866211,
      0.008498907089233398,
      0.3455801010131836,
      0.14715218544006348,
      0.009351968765258789,
      0.00949406623840332,
      0.21657109260559082,
      0.20700383186340332,
      0.2003788948059082,
      0.021703004837036133,
      0.019584178924560547,
      0.03865814208984375,
      0.03328418731689453,
      0.09199690818786621,
      0.04434013366699219,
      0.3616318702697754,
      0.36623120307922363,
      0.1838982105255127,
      0.19584298133850098,
      0.018908023834228516,
      0.017634868621826172,
      0.09535789489746094,
      0.10052680969238281,
      0.03471183776855469,
      0.02199697494506836,
      0.08352494239807129,
      0.08772468566894531,
      0.14392423629760742,
      0.14719486236572266,
      0.03895878791809082,
      0.038099050521850586,
      0.3368079662322998,
      0.36410069465637207,
      0.009711980819702148
    ]
  },
  "test-data-file-names": [
    "la12.fjs",
    "la13.fjs",
    "la26.fjs",
    "la27.fjs",
    "la18.fjs",
    "la19.fjs",
    "la05.fjs",
    "la04.fjs",
    "la31.fjs",
    "la30.fjs",
    "la02.fjs",
    "la03.fjs",
    "la36.fjs",
    "la37.fjs",
    "la40.fjs",
    "la08.fjs",
    "la09.fjs",
    "la15.fjs",
    "la14.fjs",
    "la21.fjs",
    "la20.fjs",
    "la32.fjs",
    "la33.fjs",
    "la38.fjs",
    "la39.fjs",
    "la06.fjs",
    "la07.fjs",
    "la25.fjs",
    "la24.fjs",
    "la11.fjs",
    "la10.fjs",
    "la22.fjs",
    "la23.fjs",
    "la28.fjs",
    "la29.fjs",
    "la16.fjs",
    "la17.fjs",
    "la35.fjs",
    "la34.fjs",
    "la01.fjs"
  ]
}