{
  "agent": {
    "rew_mean": 0.0,
    "rew_std": 0.0,
    "rew_best": 0.0,
    "rew_best_count": 40,
    "rew_worst": 0.0,
    "tardiness_mean": 0.0,
    "tardiness_std": 0.0,
    "tardiness_max_mean": 0.0,
    "makespan_tests": [
      994,
      1064,
      1113,
      1146,
      690,
      698,
      502,
      658,
      1584,
      1147,
      570,
      513,
      1002,
      1043,
      974,
      872,
      899,
      1118,
      1107,
      892,
      756,
      1763,
      1581,
      943,
      993,
      820,
      841,
      879,
      887,
      1111,
      847,
      856,
      964,
      1168,
      1061,
      717,
      646,
      1622,
      1625,
      630
    ],
    "makespan_mean": 982.4,
    "rew_worst_quantile_border": 0.0,
    "rew_cvar": 0.0,
    "rew_perc_good_solutions": 1.0,
    "num_tests": 40,
    "running_time": [
      0.012092828750610352,
      0.012305021286010742,
      0.040956974029541016,
      0.040354013442993164,
      0.01108694076538086,
      0.01111292839050293,
      0.003278970718383789,
      0.0032308101654052734,
      0.08712387084960938,
      0.040415048599243164,
      0.0033490657806396484,
      0.003408193588256836,
      0.05404210090637207,
      0.05411887168884277,
      0.05544614791870117,
      0.0069386959075927734,
      0.0069119930267333984,
      0.011960983276367188,
      0.011816978454589844,
      0.0237271785736084,
      0.011274099349975586,
      0.0879359245300293,
      0.08724594116210938,
      0.05360102653503418,
      0.053739070892333984,
      0.006846904754638672,
      0.0069010257720947266,
      0.023804903030395508,
      0.02374887466430664,
      0.012042999267578125,
      0.007112026214599609,
      0.023375749588012695,
      0.02340412139892578,
      0.0401310920715332,
      0.03916001319885254,
      0.011067867279052734,
      0.011274099349975586,
      0.08758807182312012,
      0.0882270336151123,
      0.003551959991455078
    ]
  },
  "test-data-file-names": [
    "la12.fjs",
    "la13.fjs",
    "la26.fjs",
    "la27.fjs",
    "la18.fjs",
    "la19.fjs",
    "la05.fjs",
    "la04.fjs",
    "la31.fjs",
    "la30.fjs",
    "la02.fjs",
    "la03.fjs",
    "la36.fjs",
    "la37.fjs",
    "la40.fjs",
    "la08.fjs",
    "la09.fjs",
    "la15.fjs",
    "la14.fjs",
    "la21.fjs",
    "la20.fjs",
    "la32.fjs",
    "la33.fjs",
    "la38.fjs",
    "la39.fjs",
    "la06.fjs",
    "la07.fjs",
    "la25.fjs",
    "la24.fjs",
    "la11.fjs",
    "la10.fjs",
    "la22.fjs",
    "la23.fjs",
    "la28.fjs",
    "la29.fjs",
    "la16.fjs",
    "la17.fjs",
    "la35.fjs",
    "la34.fjs",
    "la01.fjs"
  ]
}