{
  "agent": {
    "rew_mean": 0.0,
    "rew_std": 0.0,
    "rew_best": 0.0,
    "rew_best_count": 40,
    "rew_worst": 0.0,
    "tardiness_mean": 0.0,
    "tardiness_std": 0.0,
    "tardiness_max_mean": 0.0,
    "makespan_tests": [
      994,
      1064,
      1113,
      1146,
      690,
      698,
      502,
      658,
      1584,
      1147,
      570,
      513,
      1002,
      1043,
      974,
      872,
      899,
      1118,
      1107,
      892,
      756,
      1763,
      1581,
      943,
      993,
      820,
      841,
      879,
      887,
      1111,
      847,
      856,
      964,
      1168,
      1061,
      717,
      646,
      1622,
      1625,
      630
    ],
    "makespan_mean": 982.4,
    "rew_worst_quantile_border": 0.0,
    "rew_cvar": 0.0,
    "rew_perc_good_solutions": 1.0,
    "num_tests": 40,
    "running_time": [
      0.007375001907348633,
      0.007331132888793945,
      0.02975606918334961,
      0.029910802841186523,
      0.008220195770263672,
      0.008224010467529297,
      0.002007007598876953,
      0.0019681453704833984,
      0.06476306915283203,
      0.0299069881439209,
      0.0020847320556640625,
      0.0020389556884765625,
      0.04400014877319336,
      0.04397892951965332,
      0.043562889099121094,
      0.00426173210144043,
      0.004207134246826172,
      0.007283210754394531,
      0.007125139236450195,
      0.017472028732299805,
      0.008328914642333984,
      0.06436705589294434,
      0.06612992286682129,
      0.04478597640991211,
      0.04499983787536621,
      0.0042438507080078125,
      0.004303932189941406,
      0.017482995986938477,
      0.017492294311523438,
      0.007355928421020508,
      0.004410982131958008,
      0.017688989639282227,
      0.017562150955200195,
      0.0303800106048584,
      0.03050994873046875,
      0.008820056915283203,
      0.009578943252563477,
      0.07708883285522461,
      0.11191010475158691,
      0.004222869873046875
    ]
  },
  "test-data-file-names": [
    "la12.fjs",
    "la13.fjs",
    "la26.fjs",
    "la27.fjs",
    "la18.fjs",
    "la19.fjs",
    "la05.fjs",
    "la04.fjs",
    "la31.fjs",
    "la30.fjs",
    "la02.fjs",
    "la03.fjs",
    "la36.fjs",
    "la37.fjs",
    "la40.fjs",
    "la08.fjs",
    "la09.fjs",
    "la15.fjs",
    "la14.fjs",
    "la21.fjs",
    "la20.fjs",
    "la32.fjs",
    "la33.fjs",
    "la38.fjs",
    "la39.fjs",
    "la06.fjs",
    "la07.fjs",
    "la25.fjs",
    "la24.fjs",
    "la11.fjs",
    "la10.fjs",
    "la22.fjs",
    "la23.fjs",
    "la28.fjs",
    "la29.fjs",
    "la16.fjs",
    "la17.fjs",
    "la35.fjs",
    "la34.fjs",
    "la01.fjs"
  ]
}