{
  "runs": [
    {
      "agent": {
        "rew_mean": 0.0,
        "rew_std": 0.0,
        "rew_best": 0.0,
        "rew_best_count": 40,
        "rew_worst": 0.0,
        "tardiness_mean": 0.0,
        "tardiness_std": 0.0,
        "tardiness_max_mean": 0.0,
        "makespan_tests": [
          993,
          1048,
          1105,
          1131,
          663,
          695,
          524,
          587,
          1563,
          1116,
          569,
          519,
          977,
          1025,
          955,
          832,
          881,
          1125,
          1088,
          892,
          756,
          1692,
          1524,
          986,
          989,
          848,
          811,
          838,
          831,
          1115,
          892,
          836,
          865,
          1147,
          1095,
          717,
          646,
          1565,
          1581,
          619
        ],
        "makespan_mean": 966.025,
        "rew_worst_quantile_border": 0.0,
        "rew_cvar": 0.0,
        "rew_perc_good_solutions": 1.0,
        "num_tests": 40,
        "running_time": [
          0.007067203521728516,
          0.0070650577545166016,
          0.030004024505615234,
          0.02997136116027832,
          0.008087873458862305,
          0.008112192153930664,
          0.0019221305847167969,
          0.0018830299377441406,
          0.06500911712646484,
          0.02913498878479004,
          0.001971006393432617,
          0.0019068717956542969,
          0.043193817138671875,
          0.043118953704833984,
          0.04299592971801758,
          0.004044055938720703,
          0.004060268402099609,
          0.006933927536010742,
          0.006869077682495117,
          0.01694488525390625,
          0.00793004035949707,
          0.0623319149017334,
          0.06260561943054199,
          0.04270505905151367,
          0.04282999038696289,
          0.0039520263671875,
          0.003911018371582031,
          0.01675105094909668,
          0.01675701141357422,
          0.006851911544799805,
          0.004078865051269531,
          0.016419172286987305,
          0.016470909118652344,
          0.02829885482788086,
          0.028240203857421875,
          0.008075952529907227,
          0.007830142974853516,
          0.06351900100708008,
          0.06332707405090332,
          0.00197601318359375
        ]
      },
      "test-data-file-names": [
        "la12.fjs",
        "la13.fjs",
        "la26.fjs",
        "la27.fjs",
        "la18.fjs",
        "la19.fjs",
        "la05.fjs",
        "la04.fjs",
        "la31.fjs",
        "la30.fjs",
        "la02.fjs",
        "la03.fjs",
        "la36.fjs",
        "la37.fjs",
        "la40.fjs",
        "la08.fjs",
        "la09.fjs",
        "la15.fjs",
        "la14.fjs",
        "la21.fjs",
        "la20.fjs",
        "la32.fjs",
        "la33.fjs",
        "la38.fjs",
        "la39.fjs",
        "la06.fjs",
        "la07.fjs",
        "la25.fjs",
        "la24.fjs",
        "la11.fjs",
        "la10.fjs",
        "la22.fjs",
        "la23.fjs",
        "la28.fjs",
        "la29.fjs",
        "la16.fjs",
        "la17.fjs",
        "la35.fjs",
        "la34.fjs",
        "la01.fjs"
      ]
    },
    {
      "agent": {
        "rew_mean": 0.0,
        "rew_std": 0.0,
        "rew_best": 0.0,
        "rew_best_count": 40,
        "rew_worst": 0.0,
        "tardiness_mean": 0.0,
        "tardiness_std": 0.0,
        "tardiness_max_mean": 0.0,
        "makespan_tests": [
          993,
          1048,
          1105,
          1131,
          663,
          695,
          524,
          587,
          1563,
          1116,
          569,
          519,
          977,
          1025,
          955,
          832,
          881,
          1125,
          1088,
          892,
          756,
          1692,
          1524,
          986,
          989,
          848,
          811,
          838,
          831,
          1115,
          892,
          836,
          865,
          1147,
          1095,
          717,
          646,
          1565,
          1581,
          619
        ],
        "makespan_mean": 966.025,
        "rew_worst_quantile_border": 0.0,
        "rew_cvar": 0.0,
        "rew_perc_good_solutions": 1.0,
        "num_tests": 40,
        "running_time": [
          0.0069580078125,
          0.006871938705444336,
          0.029089927673339844,
          0.029101133346557617,
          0.007837772369384766,
          0.007864236831665039,
          0.0018680095672607422,
          0.0018758773803710938,
          0.06329584121704102,
          0.029095888137817383,
          0.0019676685333251953,
          0.0019028186798095703,
          0.04326915740966797,
          0.04297900199890137,
          0.04269099235534668,
          0.004030942916870117,
          0.004062175750732422,
          0.00693202018737793,
          0.006788969039916992,
          0.01702880859375,
          0.007995128631591797,
          0.06300020217895508,
          0.06267070770263672,
          0.04283499717712402,
          0.04316592216491699,
          0.003977060317993164,
          0.003947734832763672,
          0.016942262649536133,
          0.016824960708618164,
          0.0068471431732177734,
          0.004094839096069336,
          0.01650714874267578,
          0.016735076904296875,
          0.028535842895507812,
          0.02824091911315918,
          0.00785207748413086,
          0.007857084274291992,
          0.06406998634338379,
          0.06323790550231934,
          0.0019731521606445312
        ]
      },
      "test-data-file-names": [
        "la12.fjs",
        "la13.fjs",
        "la26.fjs",
        "la27.fjs",
        "la18.fjs",
        "la19.fjs",
        "la05.fjs",
        "la04.fjs",
        "la31.fjs",
        "la30.fjs",
        "la02.fjs",
        "la03.fjs",
        "la36.fjs",
        "la37.fjs",
        "la40.fjs",
        "la08.fjs",
        "la09.fjs",
        "la15.fjs",
        "la14.fjs",
        "la21.fjs",
        "la20.fjs",
        "la32.fjs",
        "la33.fjs",
        "la38.fjs",
        "la39.fjs",
        "la06.fjs",
        "la07.fjs",
        "la25.fjs",
        "la24.fjs",
        "la11.fjs",
        "la10.fjs",
        "la22.fjs",
        "la23.fjs",
        "la28.fjs",
        "la29.fjs",
        "la16.fjs",
        "la17.fjs",
        "la35.fjs",
        "la34.fjs",
        "la01.fjs"
      ]
    },
    {
      "agent": {
        "rew_mean": 0.0,
        "rew_std": 0.0,
        "rew_best": 0.0,
        "rew_best_count": 40,
        "rew_worst": 0.0,
        "tardiness_mean": 0.0,
        "tardiness_std": 0.0,
        "tardiness_max_mean": 0.0,
        "makespan_tests": [
          993,
          1048,
          1105,
          1131,
          663,
          695,
          524,
          587,
          1563,
          1116,
          569,
          519,
          977,
          1025,
          955,
          832,
          881,
          1125,
          1088,
          892,
          756,
          1692,
          1524,
          986,
          989,
          848,
          811,
          838,
          831,
          1115,
          892,
          836,
          865,
          1147,
          1095,
          717,
          646,
          1565,
          1581,
          619
        ],
        "makespan_mean": 966.025,
        "rew_worst_quantile_border": 0.0,
        "rew_cvar": 0.0,
        "rew_perc_good_solutions": 1.0,
        "num_tests": 40,