{
  "agent": {
    "rew_mean": 0.0,
    "rew_std": 0.0,
    "rew_best": 0.0,
    "rew_best_count": 40,
    "rew_worst": 0.0,
    "tardiness_mean": 0.0,
    "tardiness_std": 0.0,
    "tardiness_max_mean": 0.0,
    "makespan_tests": [
      993,
      1048,
      1105,
      1131,
      663,
      695,
      524,
      587,
      1563,
      1116,
      569,
      519,
      977,
      1025,
      955,
      832,
      881,
      1125,
      1088,
      892,
      756,
      1692,
      1524,
      986,
      989,
      848,
      811,
      838,
      831,
      1115,
      892,
      836,
      865,
      1147,
      1095,
      717,
      646,
      1565,
      1581,
      619
    ],
    "makespan_mean": 966.025,
    "rew_worst_quantile_border": 0.0,
    "rew_cvar": 0.0,
    "rew_perc_good_solutions": 1.0,
    "num_tests": 40,
    "running_time": [
      0.011627912521362305,
      0.011135339736938477,
      0.03893709182739258,
      0.03881120681762695,
      0.010448217391967773,
      0.010452985763549805,
      0.003038167953491211,
      0.0028867721557617188,
      0.0833730697631836,
      0.03763890266418457,
      0.00304412841796875,
      0.0029230117797851562,
      0.05161404609680176,
      0.05079197883605957,
      0.05067014694213867,
      0.006417989730834961,
      0.006319999694824219,
      0.01093292236328125,
      0.010786056518554688,
      0.021954774856567383,
      0.010340213775634766,
      0.0823218822479248,
      0.08132505416870117,
      0.05019068717956543,
      0.05067920684814453,
      0.006365299224853516,
      0.006136178970336914,
      0.021557092666625977,
      0.02162313461303711,
      0.010663986206054688,
      0.0063250064849853516,
      0.021173954010009766,
      0.02124476432800293,
      0.03670907020568848,
      0.03784608840942383,
      0.01059103012084961,
      0.010276079177856445,
      0.0837702751159668,
      0.0842432975769043,
      0.0031239986419677734
    ]
  },
  "test-data-file-names": [
    "la12.fjs",
    "la13.fjs",
    "la26.fjs",
    "la27.fjs",
    "la18.fjs",
    "la19.fjs",
    "la05.fjs",
    "la04.fjs",
    "la31.fjs",
    "la30.fjs",
    "la02.fjs",
    "la03.fjs",
    "la36.fjs",
    "la37.fjs",
    "la40.fjs",
    "la08.fjs",
    "la09.fjs",
    "la15.fjs",
    "la14.fjs",
    "la21.fjs",
    "la20.fjs",
    "la32.fjs",
    "la33.fjs",
    "la38.fjs",
    "la39.fjs",
    "la06.fjs",
    "la07.fjs",
    "la25.fjs",
    "la24.fjs",
    "la11.fjs",
    "la10.fjs",
    "la22.fjs",
    "la23.fjs",
    "la28.fjs",
    "la29.fjs",
    "la16.fjs",
    "la17.fjs",
    "la35.fjs",
    "la34.fjs",
    "la01.fjs"
  ]
}