{
  "runs": [
    {
      "agent": {
        "rew_mean": 0.0,
        "rew_std": 0.0,
        "rew_best": 0.0,
        "rew_best_count": 40,
        "rew_worst": 0.0,
        "tardiness_mean": 0.0,
        "tardiness_std": 0.0,
        "tardiness_max_mean": 0.0,
        "makespan_tests": [
          1699,
          1766,
          1824,
          1887,
          1959,
          1532,
          815,
          922,
          2474,
          2118,
          844,
          736,
          2327,
          2255,
          2184,
          1556,
          1610,
          2515,
          1314,
          2521,
          2099,
          2933,
          2134,
          1417,
          2887,
          1300,
          1239,
          1427,
          1494,
          2261,
          1508,
          1300,
          2968,
          2009,
          1826,
          1110,
          1021,
          1989,
          2489,
          1304
        ],
        "makespan_mean": 1789.325,
        "rew_worst_quantile_border": 0.0,
        "rew_cvar": 0.0,
        "rew_perc_good_solutions": 1.0,
        "num_tests": 40,
        "running_time": [
          0.013303756713867188,
          0.014468669891357422,
          0.06293821334838867,
          0.06390976905822754,
          0.013916969299316406,
          0.01371908187866211,
          0.0025320053100585938,
          0.0032029151916503906,
          0.14779901504516602,
          0.05969715118408203,
          0.0032851696014404297,
          0.00316619873046875,
          0.08357810974121094,
          0.08147287368774414,
          0.08153700828552246,
          0.00828695297241211,
          0.007748842239379883,
          0.014783143997192383,
          0.013225317001342773,
          0.03277111053466797,
          0.01455998420715332,
          0.15186309814453125,
          0.15755796432495117,
          0.07556319236755371,
          0.0793149471282959,
          0.006819725036621094,
          0.007294893264770508,
          0.03476309776306152,
          0.03894805908203125,
          0.01326894760131836,
          0.007915019989013672,
          0.03351306915283203,
          0.03376007080078125,
          0.05811595916748047,
          0.061743974685668945,
          0.013634920120239258,
          0.014567136764526367,
          0.1448807716369629,
          0.1604630947113037,
          0.003130197525024414
        ]
      },
      "test-data-file-names": [
        "la12.fjs",
        "la13.fjs",
        "la26.fjs",
        "la27.fjs",
        "la18.fjs",
        "la19.fjs",
        "la05.fjs",
        "la04.fjs",
        "la31.fjs",
        "la30.fjs",
        "la02.fjs",
        "la03.fjs",
        "la36.fjs",
        "la37.fjs",
        "la40.fjs",
        "la08.fjs",
        "la09.fjs",
        "la15.fjs",
        "la14.fjs",
        "la21.fjs",
        "la20.fjs",
        "la32.fjs",
        "la33.fjs",
        "la38.fjs",
        "la39.fjs",
        "la06.fjs",
        "la07.fjs",
        "la25.fjs",
        "la24.fjs",
        "la11.fjs",
        "la10.fjs",
        "la22.fjs",
        "la23.fjs",
        "la28.fjs",
        "la29.fjs",
        "la16.fjs",
        "la17.fjs",
        "la35.fjs",
        "la34.fjs",
        "la01.fjs"
      ]
    },
    {
      "agent": {
        "rew_mean": 0.0,
        "rew_std": 0.0,
        "rew_best": 0.0,
        "rew_best_count": 40,
        "rew_worst": 0.0,
        "tardiness_mean": 0.0,
        "tardiness_std": 0.0,
        "tardiness_max_mean": 0.0,
        "makespan_tests": [
          1828,
          1592,
          2651,
          2892,
          1587,
          2339,
          909,
          960,
          3730,
          2345,
          880,
          914,
          2798,
          3683,
          3144,
          1196,
          1615,
          1708,
          1762,
          2337,
          1613,
          3457,
          3813,
          3553,
          3464,
          1343,
          1041,
          1805,
          2160,
          2342,
          1349,
          2221,
          2408,
          2630,
          2784,
          1559,
          1295,
          3705,
          3323,
          1164
        ],
        "makespan_mean": 2197.475,
        "rew_worst_quantile_border": 0.0,
        "rew_cvar": 0.0,
        "rew_perc_good_solutions": 1.0,
        "num_tests": 40,
        "running_time": [
          0.013406991958618164,
          0.0158689022064209,
          0.06284904479980469,
          0.06905817985534668,
          0.015926837921142578,
          0.01474905014038086,
          0.0029039382934570312,
          0.0036728382110595703,
          0.14088916778564453,
          0.06273412704467773,
          0.003718852996826172,
          0.0035991668701171875,
          0.08867621421813965,
          0.08891701698303223,
          0.09155035018920898,
          0.008971214294433594,
          0.008299827575683594,
          0.01728987693786621,
          0.014382123947143555,
          0.03296208381652832,
          0.01677107810974121,
          0.1701669692993164,
          0.1700291633605957,
          0.07874298095703125,
          0.08209896087646484,
          0.008367300033569336,
          0.007750034332275391,
          0.036663055419921875,
          0.0408780574798584,
          0.015266895294189453,
          0.008744955062866211,
          0.03614997863769531,
          0.03862500190734863,
          0.06295490264892578,
          0.06304669380187988,
          0.015247821807861328,
          0.014693975448608398,
          0.1593029499053955,
          0.1671748161315918,
          0.0037200450897216797
        ]
      },
      "test-data-file-names": [
        "la12.fjs",
        "la13.fjs",
        "la26.fjs",
        "la27.fjs",
        "la18.fjs",
        "la19.fjs",
        "la05.fjs",
        "la04.fjs",
        "la31.fjs",
        "la30.fjs",
        "la02.fjs",
        "la03.fjs",
        "la36.fjs",
        "la37.fjs",
        "la40.fjs",
        "la08.fjs",
        "la09.fjs",
        "la15.fjs",
        "la14.fjs",
        "la21.fjs",
        "la20.fjs",
        "la32.fjs",
        "la33.fjs",
        "la38.fjs",
        "la39.fjs",
        "la06.fjs",
        "la07.fjs",
        "la25.fjs",
        "la24.fjs",
        "la11.fjs",
        "la10.fjs",
        "la22.fjs",
        "la23.fjs",
        "la28.fjs",
        "la29.fjs",
        "la16.fjs",
        "la17.fjs",
        "la35.fjs",
        "la34.fjs",
        "la01.fjs"
      ]
    },
    {
      "agent": {
        "rew_mean": 0.0,
        "rew_std": 0.0,
        "rew_best": 0.0,
        "rew_best_count": 40,
        "rew_worst": 0.0,
        "tardiness_mean": 0.0,
        "tardiness_std": 0.0,
        "tardiness_max_mean": 0.0,
        "makespan_tests": [
          1828,
          1592,
          2651,
          2892,
          1587,
          2339,
          909,
          960,
          3730,
          2345,
          880,
          914,
          2798,
          3683,
          3144,
          1196,
          1615,
          1708,
          1762,
          2337,
          1613,
          3457,
          3813,
          3553,
          3464,
          1343,
          1041,
          1805,
          2160,
          2342,
          1349,
          2221,
          2408,
          2630,
          2784,
          1559,
          1295,
          3705,
          3323,
          1164
        ],
        "makespan_mean": 2197.475,
        "rew_worst_quantile_border": 0.0,
        "rew_cvar": 0.0,
        "rew_perc_good_solutions": 1.0,
        "num_tests": 40,