{
  "runs": [
    {
      "agent": {
        "rew_mean": 0.0,
        "rew_std": 0.0,
        "rew_best": 0.0,
        "rew_best_count": 40,
        "rew_worst": 0.0,
        "tardiness_mean": 0.0,
        "tardiness_std": 0.0,
        "tardiness_max_mean": 0.0,
        "makespan_tests": [
          1179,
          1233,
          1494,
          1467,
          862,
          942,
          716,
          691,
          2028,
          1562,
          676,
          635,
          1214,
          1469,
          1441,
          1120,
          1083,
          1271,
          1220,
          1286,
          913,
          2122,
          2027,
          1185,
          1418,
          956,
          998,
          1312,
          1163,
          1308,
          982,
          1107,
          1209,
          1386,
          1584,
          770,
          746,
          2020,
          1956,
          735
        ],
        "makespan_mean": 1237.15,
        "rew_worst_quantile_border": 0.0,
        "rew_cvar": 0.0,
        "rew_perc_good_solutions": 1.0,
        "num_tests": 40,
        "running_time": [
          0.011788129806518555,
          0.013361215591430664,
          0.05899786949157715,
          0.05963015556335449,
          0.014360666275024414,
          0.014012813568115234,
          0.0022912025451660156,
          0.0028722286224365234,
          0.1344611644744873,
          0.055871009826660156,
          0.0028858184814453125,
          0.0029189586639404297,
          0.08570075035095215,
          0.08633184432983398,
          0.07929706573486328,
          0.006640911102294922,
          0.0069658756256103516,
          0.012933969497680664,
          0.01118016242980957,
          0.03326106071472168,
          0.014333009719848633,
          0.13482904434204102,
          0.1369020938873291,
          0.08184099197387695,
          0.08001518249511719,
          0.0064542293548583984,
          0.006045103073120117,
          0.03272128105163574,
          0.03873395919799805,
          0.013197183609008789,
          0.007876157760620117,
          0.030876874923706055,
          0.03250622749328613,
          0.05717301368713379,
          0.10255813598632812,
          0.015255212783813477,
          0.014084815979003906,
          0.13898015022277832,
          0.15007376670837402,
          0.003153085708618164
        ]
      },
      "test-data-file-names": [
        "la12.fjs",
        "la13.fjs",
        "la26.fjs",
        "la27.fjs",
        "la18.fjs",
        "la19.fjs",
        "la05.fjs",
        "la04.fjs",
        "la31.fjs",
        "la30.fjs",
        "la02.fjs",
        "la03.fjs",
        "la36.fjs",
        "la37.fjs",
        "la40.fjs",
        "la08.fjs",
        "la09.fjs",
        "la15.fjs",
        "la14.fjs",
        "la21.fjs",
        "la20.fjs",
        "la32.fjs",
        "la33.fjs",
        "la38.fjs",
        "la39.fjs",
        "la06.fjs",
        "la07.fjs",
        "la25.fjs",
        "la24.fjs",
        "la11.fjs",
        "la10.fjs",
        "la22.fjs",
        "la23.fjs",
        "la28.fjs",
        "la29.fjs",
        "la16.fjs",
        "la17.fjs",
        "la35.fjs",
        "la34.fjs",
        "la01.fjs"
      ]
    },
    {
      "agent": {
        "rew_mean": 0.0,
        "rew_std": 0.0,
        "rew_best": 0.0,
        "rew_best_count": 40,
        "rew_worst": 0.0,
        "tardiness_mean": 0.0,
        "tardiness_std": 0.0,
        "tardiness_max_mean": 0.0,
        "makespan_tests": [
          2460,
          2418,
          4174,
          3616,
          1707,
          2357,
          932,
          1083,
          6062,
          4606,
          1210,
          897,
          3654,
          5284,
          4118,
          1317,
          1879,
          2950,
          2352,
          3311,
          2057,
          5377,
          5701,
          4417,
          4073,
          1885,
          1530,
          3638,
          2792,
          2844,
          1580,
          2957,
          3819,
          4951,
          4092,
          1631,
          2051,
          7374,
          5622,
          1631
        ],
        "makespan_mean": 3160.225,
        "rew_worst_quantile_border": 0.0,
        "rew_cvar": 0.0,
        "rew_perc_good_solutions": 1.0,
        "num_tests": 40,
        "running_time": [
          0.013183116912841797,
          0.014557838439941406,
          0.06123805046081543,
          0.056173086166381836,
          0.015561819076538086,
          0.015764951705932617,
          0.003206968307495117,
          0.004143238067626953,
          0.14918279647827148,
          0.06435894966125488,
          0.003625154495239258,
          0.004331111907958984,
          0.0792388916015625,
          0.07756495475769043,
          0.08623886108398438,
          0.008246183395385742,
          0.00806283950805664,
          0.012303829193115234,
          0.012727975845336914,
          0.04792380332946777,
          0.03405308723449707,
          0.14119911193847656,
          0.16131091117858887,
          0.08459281921386719,
          0.0809779167175293,
          0.008146286010742188,
          0.008080005645751953,
          0.03492403030395508,
          0.036003828048706055,
          0.012998104095458984,
          0.008907079696655273,
          0.030147790908813477,
          0.03615999221801758,
          0.06135392189025879,
          0.05581092834472656,
          0.014385223388671875,
          0.014190673828125,
          0.1713879108428955,
          0.16413402557373047,
          0.003813028335571289
        ]
      },
      "test-data-file-names": [
        "la12.fjs",
        "la13.fjs",
        "la26.fjs",
        "la27.fjs",
        "la18.fjs",
        "la19.fjs",
        "la05.fjs",
        "la04.fjs",
        "la31.fjs",
        "la30.fjs",
        "la02.fjs",
        "la03.fjs",
        "la36.fjs",
        "la37.fjs",
        "la40.fjs",
        "la08.fjs",
        "la09.fjs",
        "la15.fjs",
        "la14.fjs",
        "la21.fjs",
        "la20.fjs",
        "la32.fjs",
        "la33.fjs",
        "la38.fjs",
        "la39.fjs",
        "la06.fjs",
        "la07.fjs",
        "la25.fjs",
        "la24.fjs",
        "la11.fjs",
        "la10.fjs",
        "la22.fjs",
        "la23.fjs",
        "la28.fjs",
        "la29.fjs",
        "la16.fjs",
        "la17.fjs",
        "la35.fjs",
        "la34.fjs",
        "la01.fjs"
      ]
    },
    {
      "agent": {
        "rew_mean": 0.0,
        "rew_std": 0.0,
        "rew_best": 0.0,
        "rew_best_count": 40,
        "rew_worst": 0.0,
        "tardiness_mean": 0.0,
        "tardiness_std": 0.0,
        "tardiness_max_mean": 0.0,
        "makespan_tests": [
          2460,
          2418,
          4174,
          3616,
          1707,
          2357,
          932,
          1083,
          6062,
          4606,
          1210,
          897,
          3654,
          5284,
          4118,
          1317,
          1879,
          2950,
          2352,
          3311,
          2057,
          5377,
          5701,
          4417,
          4073,
          1885,
          1530,
          3638,
          2792,
          2844,
          1580,
          2957,
          3819,
          4951,
          4092,
          1631,
          2051,
          7374,
          5622,
          1631
        ],
        "makespan_mean": 3160.225,
        "rew_worst_quantile_border": 0.0,
        "rew_cvar": 0.0,
        "rew_perc_good_solutions": 1.0,
        "num_tests": 40,