{
  "agent": {
    "rew_mean": 0.0,
    "rew_std": 0.0,
    "rew_best": 0.0,
    "rew_best_count": 40,
    "rew_worst": 0.0,
    "tardiness_mean": 0.0,
    "tardiness_std": 0.0,
    "tardiness_max_mean": 0.0,
    "makespan_tests": [
      1120,
      1206,
      1358,
      1443,
      816,
      968,
      641,
      778,
      1884,
      1442,
      754,
      676,
      1494,
      1508,
      1355,
      987,
      981,
      1233,
      1223,
      1161,
      1011,
      2291,
      1826,
      1273,
      1329,
      938,
      911,
      1163,
      1009,
      1180,
      978,
      1079,
      1306,
      1340,
      1401,
      941,
      841,
      2168,
      1953,
      727
    ],
    "makespan_mean": 1217.325,
    "rew_worst_quantile_border": 0.0,
    "rew_cvar": 0.0,
    "rew_perc_good_solutions": 1.0,
    "num_tests": 40,
    "running_time": [
      0.01457524299621582,
      0.015230894088745117,
      0.06505775451660156,
      0.06712222099304199,
      0.014693737030029297,
      0.014851808547973633,
      0.0030121803283691406,
      0.003129243850708008,
      0.16150999069213867,
      0.06152081489562988,
      0.003507375717163086,
      0.003325939178466797,
      0.09083414077758789,
      0.08630990982055664,
      0.08546686172485352,
      0.008289098739624023,
      0.007670879364013672,
      0.014002799987792969,
      0.014048099517822266,
      0.03667616844177246,
      0.01576709747314453,
      0.1549510955810547,
      0.16064119338989258,
      0.08189916610717773,
      0.08625483512878418,
      0.00665593147277832,
      0.008222103118896484,
      0.03626203536987305,
      0.038511037826538086,
      0.014203071594238281,
      0.008121728897094727,
      0.034338951110839844,
      0.033989906311035156,
      0.06223893165588379,
      0.06418323516845703,
      0.014843940734863281,
      0.014153242111206055,
      0.14718985557556152,
      0.1657419204711914,
      0.0035190582275390625
    ]
  },
  "test-data-file-names": [
    "la12.fjs",
    "la13.fjs",
    "la26.fjs",
    "la27.fjs",
    "la18.fjs",
    "la19.fjs",
    "la05.fjs",
    "la04.fjs",
    "la31.fjs",
    "la30.fjs",
    "la02.fjs",
    "la03.fjs",
    "la36.fjs",
    "la37.fjs",
    "la40.fjs",
    "la08.fjs",
    "la09.fjs",
    "la15.fjs",
    "la14.fjs",
    "la21.fjs",
    "la20.fjs",
    "la32.fjs",
    "la33.fjs",
    "la38.fjs",
    "la39.fjs",
    "la06.fjs",
    "la07.fjs",
    "la25.fjs",
    "la24.fjs",
    "la11.fjs",
    "la10.fjs",
    "la22.fjs",
    "la23.fjs",
    "la28.fjs",
    "la29.fjs",
    "la16.fjs",
    "la17.fjs",
    "la35.fjs",
    "la34.fjs",
    "la01.fjs"
  ]
}