{
  "runs": [
    {
      "agent": {
        "rew_mean": 0.0,
        "rew_std": 0.0,
        "rew_best": 0.0,
        "rew_best_count": 40,
        "rew_worst": 0.0,
        "tardiness_mean": 0.0,
        "tardiness_std": 0.0,
        "tardiness_max_mean": 0.0,
        "makespan_tests": [
          1120,
          1206,
          1358,
          1443,
          816,
          968,
          641,
          778,
          1884,
          1442,
          754,
          676,
          1494,
          1508,
          1355,
          987,
          981,
          1233,
          1223,
          1161,
          1011,
          2291,
          1826,
          1273,
          1329,
          938,
          911,
          1163,
          1009,
          1180,
          978,
          1079,
          1306,
          1340,
          1401,
          941,
          841,
          2168,
          1953,
          727
        ],
        "makespan_mean": 1217.325,
        "rew_worst_quantile_border": 0.0,
        "rew_cvar": 0.0,
        "rew_perc_good_solutions": 1.0,
        "num_tests": 40,
        "running_time": [
          0.014530658721923828,
          0.015479087829589844,
          0.06626009941101074,
          0.06844210624694824,
          0.014945030212402344,
          0.014772891998291016,
          0.0030241012573242188,
          0.003194093704223633,
          0.1599891185760498,
          0.06136512756347656,
          0.0035638809204101562,
          0.0033740997314453125,
          0.0913078784942627,
          0.08476400375366211,
          0.08475184440612793,
          0.008353948593139648,
          0.007689952850341797,
          0.014217376708984375,
          0.014147758483886719,
          0.03660321235656738,
          0.015832185745239258,
          0.15490102767944336,
          0.15857577323913574,
          0.08163976669311523,
          0.08592581748962402,
          0.006721019744873047,
          0.008313894271850586,
          0.036264896392822266,
          0.03844499588012695,
          0.014152050018310547,
          0.008138179779052734,
          0.03436708450317383,
          0.03389787673950195,
          0.06197714805603027,
          0.06372976303100586,
          0.014726877212524414,
          0.01392984390258789,
          0.14459013938903809,
          0.16411113739013672,
          0.0035741329193115234
        ]
      },
      "test-data-file-names": [
        "la12.fjs",
        "la13.fjs",
        "la26.fjs",
        "la27.fjs",
        "la18.fjs",
        "la19.fjs",
        "la05.fjs",
        "la04.fjs",
        "la31.fjs",
        "la30.fjs",
        "la02.fjs",
        "la03.fjs",
        "la36.fjs",
        "la37.fjs",
        "la40.fjs",
        "la08.fjs",
        "la09.fjs",
        "la15.fjs",
        "la14.fjs",
        "la21.fjs",
        "la20.fjs",
        "la32.fjs",
        "la33.fjs",
        "la38.fjs",
        "la39.fjs",
        "la06.fjs",
        "la07.fjs",
        "la25.fjs",
        "la24.fjs",
        "la11.fjs",
        "la10.fjs",
        "la22.fjs",
        "la23.fjs",
        "la28.fjs",
        "la29.fjs",
        "la16.fjs",
        "la17.fjs",
        "la35.fjs",
        "la34.fjs",
        "la01.fjs"
      ]
    },
    {
      "agent": {
        "rew_mean": 0.0,
        "rew_std": 0.0,
        "rew_best": 0.0,
        "rew_best_count": 40,
        "rew_worst": 0.0,
        "tardiness_mean": 0.0,
        "tardiness_std": 0.0,
        "tardiness_max_mean": 0.0,
        "makespan_tests": [
          1159,
          1142,
          1729,
          1709,
          1054,
          1025,
          615,
          754,
          1975,
          1392,
          672,
          666,
          1385,
          1551,
          1412,
          973,
          1120,
          1281,
          1312,
          1298,
          952,
          2080,
          1790,
          1486,
          1467,
          1072,
          898,
          1158,
          1141,
          1188,
          1051,
          1061,
          1373,
          1428,
          1430,
          1022,
          834,
          2206,
          2142,
          715
        ],
        "makespan_mean": 1267.95,
        "rew_worst_quantile_border": 0.0,
        "rew_cvar": 0.0,
        "rew_perc_good_solutions": 1.0,
        "num_tests": 40,
        "running_time": [
          0.014286279678344727,
          0.015406131744384766,
          0.06705713272094727,
          0.06629800796508789,
          0.014712095260620117,
          0.014480829238891602,
          0.0029790401458740234,
          0.003282308578491211,
          0.15479397773742676,
          0.06309795379638672,
          0.0034508705139160156,
          0.0033881664276123047,
          0.09068608283996582,
          0.08553385734558105,
          0.08629608154296875,
          0.008614778518676758,
          0.007857322692871094,
          0.015136957168579102,
          0.014244794845581055,
          0.03834390640258789,
          0.016129016876220703,
          0.15931487083435059,
          0.16161108016967773,
          0.08106088638305664,
          0.08652019500732422,
          0.006896018981933594,
          0.00828695297241211,
          0.03654909133911133,
          0.03796505928039551,
          0.014406204223632812,
          0.008372068405151367,
          0.034069061279296875,
          0.03496980667114258,
          0.05857110023498535,
          0.06054806709289551,
          0.014938116073608398,
          0.014198064804077148,
          0.14541125297546387,
          0.16773200035095215,
          0.0037682056427001953
        ]
      },
      "test-data-file-names": [
        "la12.fjs",
        "la13.fjs",
        "la26.fjs",
        "la27.fjs",
        "la18.fjs",
        "la19.fjs",
        "la05.fjs",
        "la04.fjs",
        "la31.fjs",
        "la30.fjs",
        "la02.fjs",
        "la03.fjs",
        "la36.fjs",
        "la37.fjs",
        "la40.fjs",
        "la08.fjs",
        "la09.fjs",
        "la15.fjs",
        "la14.fjs",
        "la21.fjs",
        "la20.fjs",
        "la32.fjs",
        "la33.fjs",
        "la38.fjs",
        "la39.fjs",
        "la06.fjs",
        "la07.fjs",
        "la25.fjs",
        "la24.fjs",
        "la11.fjs",
        "la10.fjs",
        "la22.fjs",
        "la23.fjs",
        "la28.fjs",
        "la29.fjs",
        "la16.fjs",
        "la17.fjs",
        "la35.fjs",
        "la34.fjs",
        "la01.fjs"
      ]
    },
    {
      "agent": {
        "rew_mean": 0.0,
        "rew_std": 0.0,
        "rew_best": 0.0,
        "rew_best_count": 40,
        "rew_worst": 0.0,
        "tardiness_mean": 0.0,
        "tardiness_std": 0.0,
        "tardiness_max_mean": 0.0,
        "makespan_tests": [
          1159,
          1142,
          1729,
          1709,
          1054,
          1025,
          615,
          754,
          1975,
          1392,
          672,
          666,
          1385,
          1551,
          1412,
          973,
          1120,
          1281,
          1312,
          1298,
          952,
          2080,
          1790,
          1486,
          1467,
          1072,
          898,
          1158,
          1141,
          1188,
          1051,
          1061,
          1373,
          1428,
          1430,
          1022,
          834,
          2206,
          2142,
          715
        ],
        "makespan_mean": 1267.95,
        "rew_worst_quantile_border": 0.0,
        "rew_cvar": 0.0,
        "rew_perc_good_solutions": 1.0,
        "num_tests": 40,