{
  "agent": {
    "rew_mean": 0.0,
    "rew_std": 0.0,
    "rew_best": 0.0,
    "rew_best_count": 40,
    "rew_worst": 0.0,
    "tardiness_mean": 0.0,
    "tardiness_std": 0.0,
    "tardiness_max_mean": 0.0,
    "makespan_tests": [
      959,
      1075,
      1174,
      1181,
      711,
      692,
      525,
      621,
      1620,
      1189,
      595,
      516,
      977,
      1027,
      965,
      824,
      896,
      1120,
      1139,
      902,
      756,
      1752,
      1607,
      1000,
      976,
      856,
      820,
      873,
      899,
      1136,
      858,
      861,
      921,
      1194,
      1121,
      717,
      646,
      1695,
      1641,
      615
    ],
    "makespan_mean": 991.3,
    "rew_worst_quantile_border": 0.0,
    "rew_cvar": 0.0,
    "rew_perc_good_solutions": 1.0,
    "num_tests": 40,
    "running_time": [
      0.007820844650268555,
      0.007762908935546875,
      0.03879499435424805,
      0.03774523735046387,
      0.008574962615966797,
      0.008425235748291016,
      0.0020399093627929688,
      0.0024118423461914062,
      0.06702470779418945,
      0.03163909912109375,
      0.0021810531616210938,
      0.002063751220703125,
      0.04475069046020508,
      0.0453190803527832,
      0.0447239875793457,
      0.004363059997558594,
      0.004427194595336914,
      0.0076520442962646484,
      0.007359981536865234,
      0.01786184310913086,
      0.008410930633544922,
      0.06578516960144043,
      0.06795907020568848,
      0.04440712928771973,
      0.045381784439086914,
      0.004398822784423828,
      0.0043828487396240234,
      0.01782512664794922,
      0.017852067947387695,
      0.007562875747680664,
      0.004372835159301758,
      0.017364978790283203,
      0.017873048782348633,
      0.03032088279724121,
      0.030400991439819336,
      0.00829625129699707,
      0.008684158325195312,
      0.06752896308898926,
      0.06807088851928711,
      0.002165079116821289
    ]
  },
  "test-data-file-names": [
    "la12.fjs",
    "la13.fjs",
    "la26.fjs",
    "la27.fjs",
    "la18.fjs",
    "la19.fjs",
    "la05.fjs",
    "la04.fjs",
    "la31.fjs",
    "la30.fjs",
    "la02.fjs",
    "la03.fjs",
    "la36.fjs",
    "la37.fjs",
    "la40.fjs",
    "la08.fjs",
    "la09.fjs",
    "la15.fjs",
    "la14.fjs",
    "la21.fjs",
    "la20.fjs",
    "la32.fjs",
    "la33.fjs",
    "la38.fjs",
    "la39.fjs",
    "la06.fjs",
    "la07.fjs",
    "la25.fjs",
    "la24.fjs",
    "la11.fjs",
    "la10.fjs",
    "la22.fjs",
    "la23.fjs",
    "la28.fjs",
    "la29.fjs",
    "la16.fjs",
    "la17.fjs",
    "la35.fjs",
    "la34.fjs",
    "la01.fjs"
  ]
}