{
  "runs": [
    {
      "agent": {
        "rew_mean": 0.0,
        "rew_std": 0.0,
        "rew_best": 0.0,
        "rew_best_count": 40,
        "rew_worst": 0.0,
        "tardiness_mean": 0.0,
        "tardiness_std": 0.0,
        "tardiness_max_mean": 0.0,
        "makespan_tests": [
          1254,
          1220,
          1374,
          1408,
          781,
          851,
          603,
          609,
          2088,
          1325,
          819,
          664,
          1197,
          1234,
          1215,
          1009,
          1113,
          1296,
          1226,
          1195,
          898,
          2176,
          1899,
          1103,
          1167,
          913,
          970,
          987,
          1152,
          1334,
          1210,
          1026,
          1189,
          1297,
          1463,
          864,
          807,
          2049,
          1775,
          734
        ],
        "makespan_mean": 1187.35,
        "rew_worst_quantile_border": 0.0,
        "rew_cvar": 0.0,
        "rew_perc_good_solutions": 1.0,
        "num_tests": 40,
        "running_time": [
          0.01610875129699707,
          0.018419265747070312,
          0.07746624946594238,
          0.08152914047241211,
          0.01838517189025879,
          0.018245220184326172,
          0.0033981800079345703,
          0.0041408538818359375,
          0.17581892013549805,
          0.07562422752380371,
          0.004397869110107422,
          0.004456043243408203,
          0.10900998115539551,
          0.1073007583618164,
          0.1037299633026123,
          0.009992122650146484,
          0.00982213020324707,
          0.018941164016723633,
          0.01584911346435547,
          0.04604482650756836,
          0.019946813583374023,
          0.18964505195617676,
          0.18751096725463867,
          0.09372472763061523,
          0.10106801986694336,
          0.009115934371948242,
          0.00817108154296875,
          0.044020891189575195,
          0.04862499237060547,
          0.016602039337158203,
          0.010332107543945312,
          0.03983306884765625,
          0.042970895767211914,
          0.0729677677154541,
          0.07651996612548828,
          0.01801896095275879,
          0.018269062042236328,
          0.17742395401000977,
          0.19708490371704102,
          0.004348039627075195
        ]
      },
      "test-data-file-names": [
        "la12.fjs",
        "la13.fjs",
        "la26.fjs",
        "la27.fjs",
        "la18.fjs",
        "la19.fjs",
        "la05.fjs",
        "la04.fjs",
        "la31.fjs",
        "la30.fjs",
        "la02.fjs",
        "la03.fjs",
        "la36.fjs",
        "la37.fjs",
        "la40.fjs",
        "la08.fjs",
        "la09.fjs",
        "la15.fjs",
        "la14.fjs",
        "la21.fjs",
        "la20.fjs",
        "la32.fjs",
        "la33.fjs",
        "la38.fjs",
        "la39.fjs",
        "la06.fjs",
        "la07.fjs",
        "la25.fjs",
        "la24.fjs",
        "la11.fjs",
        "la10.fjs",
        "la22.fjs",
        "la23.fjs",
        "la28.fjs",
        "la29.fjs",
        "la16.fjs",
        "la17.fjs",
        "la35.fjs",
        "la34.fjs",
        "la01.fjs"
      ]
    },
    {
      "agent": {
        "rew_mean": 0.0,
        "rew_std": 0.0,
        "rew_best": 0.0,
        "rew_best_count": 40,
        "rew_worst": 0.0,
        "tardiness_mean": 0.0,
        "tardiness_std": 0.0,
        "tardiness_max_mean": 0.0,
        "makespan_tests": [
          1254,
          1220,
          1374,
          1408,
          781,
          851,
          603,
          609,
          2088,
          1325,
          819,
          664,
          1197,
          1234,
          1215,
          1009,
          1113,
          1296,
          1226,
          1195,
          898,
          2176,
          1899,
          1103,
          1167,
          913,
          970,
          987,
          1152,
          1334,
          1210,
          1026,
          1189,
          1297,
          1463,
          864,
          807,
          2049,
          1775,
          734
        ],
        "makespan_mean": 1187.35,
        "rew_worst_quantile_border": 0.0,
        "rew_cvar": 0.0,
        "rew_perc_good_solutions": 1.0,
        "num_tests": 40,
        "running_time": [
          0.014217853546142578,
          0.016031980514526367,
          0.06930088996887207,
          0.07263708114624023,
          0.01601386070251465,
          0.01607203483581543,
          0.003009796142578125,
          0.003612995147705078,
          0.19826793670654297,
          0.06748700141906738,
          0.003710031509399414,
          0.0037970542907714844,
          0.09673595428466797,
          0.09290289878845215,
          0.09135699272155762,
          0.008337974548339844,
          0.008422136306762695,
          0.016550779342651367,
          0.013647079467773438,
          0.04004716873168945,
          0.017075061798095703,
          0.16772675514221191,
          0.16836094856262207,
          0.08488297462463379,
          0.09085273742675781,
          0.008084774017333984,
          0.007222652435302734,
          0.03891301155090332,
          0.04278397560119629,
          0.014984846115112305,
          0.00925898551940918,
          0.03565812110900879,
          0.038416147232055664,
          0.06586599349975586,
          0.06841897964477539,
          0.015805959701538086,
          0.015869855880737305,
          0.16101503372192383,
          0.17922592163085938,
          0.003885030746459961
        ]
      },
      "test-data-file-names": [
        "la12.fjs",
        "la13.fjs",
        "la26.fjs",
        "la27.fjs",
        "la18.fjs",
        "la19.fjs",
        "la05.fjs",
        "la04.fjs",
        "la31.fjs",
        "la30.fjs",
        "la02.fjs",
        "la03.fjs",
        "la36.fjs",
        "la37.fjs",
        "la40.fjs",
        "la08.fjs",
        "la09.fjs",
        "la15.fjs",
        "la14.fjs",
        "la21.fjs",
        "la20.fjs",
        "la32.fjs",
        "la33.fjs",
        "la38.fjs",
        "la39.fjs",
        "la06.fjs",
        "la07.fjs",
        "la25.fjs",
        "la24.fjs",
        "la11.fjs",
        "la10.fjs",
        "la22.fjs",
        "la23.fjs",
        "la28.fjs",
        "la29.fjs",
        "la16.fjs",
        "la17.fjs",
        "la35.fjs",
        "la34.fjs",
        "la01.fjs"
      ]
    },
    {
      "agent": {
        "rew_mean": 0.0,
        "rew_std": 0.0,
        "rew_best": 0.0,
        "rew_best_count": 40,
        "rew_worst": 0.0,
        "tardiness_mean": 0.0,
        "tardiness_std": 0.0,
        "tardiness_max_mean": 0.0,
        "makespan_tests": [
          1254,
          1220,
          1374,
          1408,
          781,
          851,
          603,
          609,
          2088,
          1325,
          819,
          664,
          1197,
          1234,
          1215,
          1009,
          1113,
          1296,
          1226,
          1195,
          898,
          2176,
          1899,
          1103,
          1167,
          913,
          970,
          987,
          1152,
          1334,
          1210,
          1026,
          1189,
          1297,
          1463,
          864,
          807,
          2049,
          1775,
          734
        ],
        "makespan_mean": 1187.35,
        "rew_worst_quantile_border": 0.0,
        "rew_cvar": 0.0,
        "rew_perc_good_solutions": 1.0,
        "num_tests": 40,