{
  "agent": {
    "rew_mean": 0.0,
    "rew_std": 0.0,
    "rew_best": 0.0,
    "rew_best_count": 40,
    "rew_worst": 0.0,
    "tardiness_mean": 0.0,
    "tardiness_std": 0.0,
    "tardiness_max_mean": 0.0,
    "makespan_tests": [
      995,
      1090,
      1271,
      1253,
      795,
      853,
      541,
      603,
      1735,
      1279,
      612,
      569,
      1186,
      1313,
      1233,
      886,
      937,
      1134,
      1132,
      979,
      861,
      1843,
      1802,
      1369,
      1303,
      851,
      820,
      984,
      1041,
      1192,
      882,
      1069,
      1106,
      1256,
      1184,
      820,
      649,
      1730,
      1730,
      649
    ],
    "makespan_mean": 1088.425,
    "rew_worst_quantile_border": 0.0,
    "rew_cvar": 0.0,
    "rew_perc_good_solutions": 1.0,
    "num_tests": 40,
    "running_time": [
      0.013107061386108398,
      0.008041858673095703,
      0.04692888259887695,
      0.04760289192199707,
      0.013431787490844727,
      0.015549898147583008,
      0.0037450790405273438,
      0.0030007362365722656,
      0.11502218246459961,
      0.06961607933044434,
      0.002660036087036133,
      0.0018069744110107422,
      0.10578298568725586,
      0.11893415451049805,
      0.08691906929016113,
      0.006089925765991211,
      0.0055887699127197266,
      0.01098012924194336,
      0.00820612907409668,
      0.019051074981689453,
      0.010304689407348633,
      0.07487702369689941,
      0.06955504417419434,
      0.04913902282714844,
      0.06849098205566406,
      0.007673025131225586,
      0.003737926483154297,
      0.022815942764282227,
      0.020763158798217773,
      0.006138801574707031,
      0.003981113433837891,
      0.016512155532836914,
      0.018084287643432617,
      0.029057025909423828,
      0.030482053756713867,
      0.007802724838256836,
      0.007908821105957031,
      0.06187891960144043,
      0.06252789497375488,
      0.0019330978393554688
    ]
  },
  "test-data-file-names": [
    "la12.fjs",
    "la13.fjs",
    "la26.fjs",
    "la27.fjs",
    "la18.fjs",
    "la19.fjs",
    "la05.fjs",
    "la04.fjs",
    "la31.fjs",
    "la30.fjs",
    "la02.fjs",
    "la03.fjs",
    "la36.fjs",
    "la37.fjs",
    "la40.fjs",
    "la08.fjs",
    "la09.fjs",
    "la15.fjs",
    "la14.fjs",
    "la21.fjs",
    "la20.fjs",
    "la32.fjs",
    "la33.fjs",
    "la38.fjs",
    "la39.fjs",
    "la06.fjs",
    "la07.fjs",
    "la25.fjs",
    "la24.fjs",
    "la11.fjs",
    "la10.fjs",
    "la22.fjs",
    "la23.fjs",
    "la28.fjs",
    "la29.fjs",
    "la16.fjs",
    "la17.fjs",
    "la35.fjs",
    "la34.fjs",
    "la01.fjs"
  ]
}