{
  "agent": {
    "rew_mean": 0.0,
    "rew_std": 0.0,
    "rew_best": 0.0,
    "rew_best_count": 40,
    "rew_worst": 0.0,
    "tardiness_mean": 0.0,
    "tardiness_std": 0.0,
    "tardiness_max_mean": 0.0,
    "makespan_tests": [
      993,
      1048,
      1105,
      1131,
      663,
      695,
      524,
      587,
      1563,
      1116,
      569,
      519,
      977,
      1025,
      955,
      832,
      881,
      1125,
      1088,
      892,
      756,
      1692,
      1524,
      986,
      989,
      848,
      811,
      838,
      831,
      1115,
      892,
      836,
      865,
      1147,
      1095,
      717,
      646,
      1565,
      1581,
      619
    ],
    "makespan_mean": 966.025,
    "rew_worst_quantile_border": 0.0,
    "rew_cvar": 0.0,
    "rew_perc_good_solutions": 1.0,
    "num_tests": 40,
    "running_time": [
      0.007050991058349609,
      0.00692296028137207,
      0.02980208396911621,
      0.029497861862182617,
      0.007972240447998047,
      0.008067131042480469,
      0.0018727779388427734,
      0.0018520355224609375,
      0.06341385841369629,
      0.028687715530395508,
      0.001940011978149414,
      0.001895904541015625,
      0.04464364051818848,
      0.043092966079711914,
      0.04248380661010742,
      0.004017353057861328,
      0.003993034362792969,
      0.006888151168823242,
      0.006778240203857422,
      0.0166778564453125,
      0.007838010787963867,
      0.06180977821350098,
      0.06149888038635254,
      0.042722225189208984,
      0.04274320602416992,
      0.004004001617431641,
      0.003911256790161133,
      0.016762971878051758,
      0.016625165939331055,
      0.006719112396240234,
      0.004007101058959961,
      0.016228914260864258,
      0.01660013198852539,
      0.028727054595947266,
      0.028367042541503906,
      0.007932901382446289,
      0.007884979248046875,
      0.06395268440246582,
      0.06284713745117188,
      0.0019838809967041016
    ]
  },
  "test-data-file-names": [
    "la12.fjs",
    "la13.fjs",
    "la26.fjs",
    "la27.fjs",
    "la18.fjs",
    "la19.fjs",
    "la05.fjs",
    "la04.fjs",
    "la31.fjs",
    "la30.fjs",
    "la02.fjs",
    "la03.fjs",
    "la36.fjs",
    "la37.fjs",
    "la40.fjs",
    "la08.fjs",
    "la09.fjs",
    "la15.fjs",
    "la14.fjs",
    "la21.fjs",
    "la20.fjs",
    "la32.fjs",
    "la33.fjs",
    "la38.fjs",
    "la39.fjs",
    "la06.fjs",
    "la07.fjs",
    "la25.fjs",
    "la24.fjs",
    "la11.fjs",
    "la10.fjs",
    "la22.fjs",
    "la23.fjs",
    "la28.fjs",
    "la29.fjs",
    "la16.fjs",
    "la17.fjs",
    "la35.fjs",
    "la34.fjs",
    "la01.fjs"
  ]
}