{
  "agent": {
    "rew_mean": 0.0,
    "rew_std": 0.0,
    "rew_best": 0.0,
    "rew_best_count": 40,
    "rew_worst": 0.0,
    "tardiness_mean": 0.0,
    "tardiness_std": 0.0,
    "tardiness_max_mean": 0.0,
    "makespan_tests": [
      964,
      1048,
      1100,
      1150,
      672,
      782,
      552,
      547,
      1582,
      1145,
      592,
      532,
      1112,
      1187,
      1149,
      796,
      877,
      1104,
      1081,
      980,
      756,
      1714,
      1557,
      1131,
      1080,
      851,
      776,
      922,
      907,
      1088,
      851,
      854,
      965,
      1173,
      1092,
      753,
      657,
      1610,
      1580,
      613
    ],
    "makespan_mean": 997.05,
    "rew_worst_quantile_border": 0.0,
    "rew_cvar": 0.0,
    "rew_perc_good_solutions": 1.0,
    "num_tests": 40,
    "running_time": [
      0.009399175643920898,
      0.00960397720336914,
      0.03685617446899414,
      0.03806114196777344,
      0.014125823974609375,
      0.011824846267700195,
      0.005330085754394531,
      0.004587888717651367,
      0.10912322998046875,
      0.06648802757263184,
      0.0056917667388916016,
      0.0068759918212890625,
      0.12284493446350098,
      0.11613202095031738,
      0.09050226211547852,
      0.01096200942993164,
      0.007524013519287109,
      0.012848854064941406,
      0.010739803314208984,
      0.032800912857055664,
      0.015569210052490234,
      0.2355949878692627,
      0.1129920482635498,
      0.05855512619018555,
      0.05536198616027832,
      0.005276918411254883,
      0.00571894645690918,
      0.02446889877319336,
      0.023561954498291016,
      0.00916600227355957,
      0.005861759185791016,
      0.02223491668701172,
      0.021725177764892578,
      0.0359342098236084,
      0.07582902908325195,
      0.02155900001525879,
      0.015969038009643555,
      0.08772706985473633,
      0.07472109794616699,
      0.002866983413696289
    ]
  },
  "test-data-file-names": [
    "la12.fjs",
    "la13.fjs",
    "la26.fjs",
    "la27.fjs",
    "la18.fjs",
    "la19.fjs",
    "la05.fjs",
    "la04.fjs",
    "la31.fjs",
    "la30.fjs",
    "la02.fjs",
    "la03.fjs",
    "la36.fjs",
    "la37.fjs",
    "la40.fjs",
    "la08.fjs",
    "la09.fjs",
    "la15.fjs",
    "la14.fjs",
    "la21.fjs",
    "la20.fjs",
    "la32.fjs",
    "la33.fjs",
    "la38.fjs",
    "la39.fjs",
    "la06.fjs",
    "la07.fjs",
    "la25.fjs",
    "la24.fjs",
    "la11.fjs",
    "la10.fjs",
    "la22.fjs",
    "la23.fjs",
    "la28.fjs",
    "la29.fjs",
    "la16.fjs",
    "la17.fjs",
    "la35.fjs",
    "la34.fjs",
    "la01.fjs"
  ]
}