{
  "agent": {
    "rew_mean": 0.0,
    "rew_std": 0.0,
    "rew_best": 0.0,
    "rew_best_count": 40,
    "rew_worst": 0.0,
    "tardiness_mean": 0.0,
    "tardiness_std": 0.0,
    "tardiness_max_mean": 0.0,
    "makespan_tests": [
      1019,
      1282,
      1574,
      1666,
      1022,
      1174,
      632,
      735,
      1881,
      1419,
      777,
      605,
      1584,
      1523,
      1540,
      984,
      1096,
      1270,
      1301,
      1298,
      939,
      2161,
      2028,
      1681,
      1574,
      1008,
      1027,
      1155,
      1094,
      1349,
      964,
      1257,
      1293,
      1507,
      1471,
      928,
      775,
      2058,
      1965,
      784
    ],
    "makespan_mean": 1285.0,
    "rew_worst_quantile_border": 0.0,
    "rew_cvar": 0.0,
    "rew_perc_good_solutions": 1.0,
    "num_tests": 40,
    "running_time": [
      0.02739715576171875,
      0.030392169952392578,
      0.12215924263000488,
      0.12816572189331055,
      0.032382965087890625,
      0.02974414825439453,
      0.005825996398925781,
      0.007348299026489258,
      0.2797980308532715,
      0.12088418006896973,
      0.007256984710693359,
      0.007989645004272461,
      0.1688530445098877,
      0.1682422161102295,
      0.1645510196685791,
      0.016540050506591797,
      0.016825199127197266,
      0.030683279037475586,
      0.025491952896118164,
      0.06294107437133789,
      0.03298687934875488,
      0.2838408946990967,
      0.28031277656555176,
      0.15194988250732422,
      0.15740489959716797,
      0.01589512825012207,
      0.015547990798950195,
      0.07114577293395996,
      0.07845592498779297,
      0.0288698673248291,
      0.01835918426513672,
      0.06501293182373047,
      0.07166075706481934,
      0.1114187240600586,
      0.12115597724914551,
      0.031481027603149414,
      0.029201984405517578,
      0.2665839195251465,
      0.2975280284881592,
      0.0077130794525146484
    ]
  },
  "test-data-file-names": [
    "la12.fjs",
    "la13.fjs",
    "la26.fjs",
    "la27.fjs",
    "la18.fjs",
    "la19.fjs",
    "la05.fjs",
    "la04.fjs",
    "la31.fjs",
    "la30.fjs",
    "la02.fjs",
    "la03.fjs",
    "la36.fjs",
    "la37.fjs",
    "la40.fjs",
    "la08.fjs",
    "la09.fjs",
    "la15.fjs",
    "la14.fjs",
    "la21.fjs",
    "la20.fjs",
    "la32.fjs",
    "la33.fjs",
    "la38.fjs",
    "la39.fjs",
    "la06.fjs",
    "la07.fjs",
    "la25.fjs",
    "la24.fjs",
    "la11.fjs",
    "la10.fjs",
    "la22.fjs",
    "la23.fjs",
    "la28.fjs",
    "la29.fjs",
    "la16.fjs",
    "la17.fjs",
    "la35.fjs",
    "la34.fjs",
    "la01.fjs"
  ]
}