{
  "agent": {
    "rew_mean": 0.0,
    "rew_std": 0.0,
    "rew_best": 0.0,
    "rew_best_count": 40,
    "rew_worst": 0.0,
    "tardiness_mean": 0.0,
    "tardiness_std": 0.0,
    "tardiness_max_mean": 0.0,
    "makespan_tests": [
      1159,
      1142,
      1729,
      1709,
      1054,
      1025,
      578,
      754,
      2167,
      1345,
      672,
      666,
      1385,
      1551,
      1412,
      973,
      1120,
      1281,
      1372,
      1246,
      952,
      2103,
      1893,
      1236,
      1467,
      1004,
      898,
      1185,
      1141,
      1188,
      1051,
      1061,
      1373,
      1359,
      1342,
      1022,
      834,
      2093,
      1947,
      715
    ],
    "makespan_mean": 1255.1,
    "rew_worst_quantile_border": 0.0,
    "rew_cvar": 0.0,
    "rew_perc_good_solutions": 1.0,
    "num_tests": 40,
    "running_time": [
      0.022142887115478516,
      0.02411198616027832,
      0.10138392448425293,
      0.10160303115844727,
      0.02380514144897461,
      0.023585081100463867,
      0.004788875579833984,
      0.0053958892822265625,
      0.22275304794311523,
      0.0928499698638916,
      0.005638837814331055,
      0.005650043487548828,
      0.13712310791015625,
      0.12820720672607422,
      0.1264181137084961,
      0.01397395133972168,
      0.012578248977661133,
      0.023498058319091797,
      0.022391796112060547,
      0.05651712417602539,
      0.0257720947265625,
      0.2256300449371338,
      0.23249411582946777,
      0.11733388900756836,
      0.12845230102539062,
      0.01139688491821289,
      0.013576030731201172,
      0.05690312385559082,
      0.06105613708496094,
      0.022895097732543945,
      0.013555049896240234,
      0.053060054779052734,
      0.05452108383178711,
      0.08993101119995117,
      0.09496498107910156,
      0.023836135864257812,
      0.02246403694152832,
      0.21544098854064941,
      0.24042606353759766,
      0.006256103515625
    ]
  },
  "test-data-file-names": [
    "la12.fjs",
    "la13.fjs",
    "la26.fjs",
    "la27.fjs",
    "la18.fjs",
    "la19.fjs",
    "la05.fjs",
    "la04.fjs",
    "la31.fjs",
    "la30.fjs",
    "la02.fjs",
    "la03.fjs",
    "la36.fjs",
    "la37.fjs",
    "la40.fjs",
    "la08.fjs",
    "la09.fjs",
    "la15.fjs",
    "la14.fjs",
    "la21.fjs",
    "la20.fjs",
    "la32.fjs",
    "la33.fjs",
    "la38.fjs",
    "la39.fjs",
    "la06.fjs",
    "la07.fjs",
    "la25.fjs",
    "la24.fjs",
    "la11.fjs",
    "la10.fjs",
    "la22.fjs",
    "la23.fjs",
    "la28.fjs",
    "la29.fjs",
    "la16.fjs",
    "la17.fjs",
    "la35.fjs",
    "la34.fjs",
    "la01.fjs"
  ]
}