{
  "agent": {
    "rew_mean": 0.0,
    "rew_std": 0.0,
    "rew_best": 0.0,
    "rew_best_count": 40,
    "rew_worst": 0.0,
    "tardiness_mean": 0.0,
    "tardiness_std": 0.0,
    "tardiness_max_mean": 0.0,
    "makespan_tests": [
      1031,
      1115,
      1170,
      1190,
      673,
      685,
      538,
      668,
      1626,
      1208,
      604,
      530,
      1006,
      1026,
      1002,
      812,
      924,
      1126,
      1140,
      908,
      756,
      1820,
      1620,
      975,
      1020,
      896,
      794,
      920,
      914,
      1177,
      896,
      871,
      923,
      1227,
      1140,
      747,
      646,
      1640,
      1628,
      661
    ],
    "makespan_mean": 1006.325,
    "rew_worst_quantile_border": 0.0,
    "rew_cvar": 0.0,
    "rew_perc_good_solutions": 1.0,
    "num_tests": 40,
    "running_time": [
      0.006259918212890625,
      0.0061910152435302734,
      0.0274198055267334,
      0.02715587615966797,
      0.007426023483276367,
      0.007436037063598633,
      0.0017290115356445312,
      0.0016617774963378906,
      0.060208797454833984,
      0.027460813522338867,
      0.0017778873443603516,
      0.0017242431640625,
      0.04177522659301758,
      0.04196310043334961,
      0.04098200798034668,
      0.0036530494689941406,
      0.0036301612854003906,
      0.006251096725463867,
      0.006144046783447266,
      0.016071319580078125,
      0.007557868957519531,
      0.06292486190795898,
      0.06020188331604004,
      0.04156899452209473,
      0.04118180274963379,
      0.003545045852661133,
      0.003568887710571289,
      0.015896081924438477,
      0.01617288589477539,
      0.0063169002532958984,
      0.003747701644897461,
      0.015682697296142578,
      0.015865087509155273,
      0.02701401710510254,
      0.026947975158691406,
      0.007552146911621094,
      0.00791788101196289,
      0.06044793128967285,
      0.05930685997009277,
      0.001806020736694336
    ]
  },
  "test-data-file-names": [
    "la12.fjs",
    "la13.fjs",
    "la26.fjs",
    "la27.fjs",
    "la18.fjs",
    "la19.fjs",
    "la05.fjs",
    "la04.fjs",
    "la31.fjs",
    "la30.fjs",
    "la02.fjs",
    "la03.fjs",
    "la36.fjs",
    "la37.fjs",
    "la40.fjs",
    "la08.fjs",
    "la09.fjs",
    "la15.fjs",
    "la14.fjs",
    "la21.fjs",
    "la20.fjs",
    "la32.fjs",
    "la33.fjs",
    "la38.fjs",
    "la39.fjs",
    "la06.fjs",
    "la07.fjs",
    "la25.fjs",
    "la24.fjs",
    "la11.fjs",
    "la10.fjs",
    "la22.fjs",
    "la23.fjs",
    "la28.fjs",
    "la29.fjs",
    "la16.fjs",
    "la17.fjs",
    "la35.fjs",
    "la34.fjs",
    "la01.fjs"
  ]
}