{
  "runs": [
    {
      "agent": {
        "rew_mean": 0.0,
        "rew_std": 0.0,
        "rew_best": 0.0,
        "rew_best_count": 40,
        "rew_worst": 0.0,
        "tardiness_mean": 0.0,
        "tardiness_std": 0.0,
        "tardiness_max_mean": 0.0,
        "makespan_tests": [
          1163,
          1187,
          1354,
          1448,
          759,
          753,
          636,
          709,
          1901,
          1339,
          679,
          602,
          1310,
          1413,
          1161,
          1058,
          1233,
          1291,
          1202,
          1132,
          852,
          2045,
          1830,
          1316,
          1213,
          952,
          900,
          989,
          1026,
          1191,
          1090,
          927,
          1208,
          1397,
          1428,
          837,
          714,
          2096,
          1871,
          725
        ],
        "makespan_mean": 1173.425,
        "rew_worst_quantile_border": 0.0,
        "rew_cvar": 0.0,
        "rew_perc_good_solutions": 1.0,
        "num_tests": 40,
        "running_time": [
          0.013289928436279297,
          0.015067815780639648,
          0.07019400596618652,
          0.07045626640319824,
          0.0158689022064209,
          0.01535797119140625,
          0.0028100013732910156,
          0.003222227096557617,
          0.15807318687438965,
          0.06522226333618164,
          0.003962039947509766,
          0.003604888916015625,
          0.09629201889038086,
          0.0893549919128418,
          0.08856987953186035,
          0.008126258850097656,
          0.0075151920318603516,
          0.014885902404785156,
          0.013345003128051758,
          0.03723621368408203,
          0.016466856002807617,
          0.16023015975952148,
          0.19341683387756348,
          0.08345603942871094,
          0.08768916130065918,
          0.007315874099731445,
          0.007120847702026367,
          0.03792214393615723,
          0.04104304313659668,
          0.014322996139526367,
          0.008571863174438477,
          0.03632616996765137,
          0.03646731376647949,
          0.0639498233795166,
          0.06548929214477539,
          0.01569986343383789,
          0.01545095443725586,
          0.15540409088134766,
          0.16328072547912598,
          0.003718852996826172
        ]
      },
      "test-data-file-names": [
        "la12.fjs",
        "la13.fjs",
        "la26.fjs",
        "la27.fjs",
        "la18.fjs",
        "la19.fjs",
        "la05.fjs",
        "la04.fjs",
        "la31.fjs",
        "la30.fjs",
        "la02.fjs",
        "la03.fjs",
        "la36.fjs",
        "la37.fjs",
        "la40.fjs",
        "la08.fjs",
        "la09.fjs",
        "la15.fjs",
        "la14.fjs",
        "la21.fjs",
        "la20.fjs",
        "la32.fjs",
        "la33.fjs",
        "la38.fjs",
        "la39.fjs",
        "la06.fjs",
        "la07.fjs",
        "la25.fjs",
        "la24.fjs",
        "la11.fjs",
        "la10.fjs",
        "la22.fjs",
        "la23.fjs",
        "la28.fjs",
        "la29.fjs",
        "la16.fjs",
        "la17.fjs",
        "la35.fjs",
        "la34.fjs",
        "la01.fjs"
      ]
    },
    {
      "agent": {
        "rew_mean": 0.0,
        "rew_std": 0.0,
        "rew_best": 0.0,
        "rew_best_count": 40,
        "rew_worst": 0.0,
        "tardiness_mean": 0.0,
        "tardiness_std": 0.0,
        "tardiness_max_mean": 0.0,
        "makespan_tests": [
          1163,
          1187,
          1354,
          1448,
          759,
          753,
          636,
          709,
          1901,
          1339,
          679,
          602,
          1310,
          1413,
          1161,
          1058,
          1233,
          1291,
          1202,
          1132,
          852,
          2045,
          1830,
          1316,
          1213,
          952,
          900,
          989,
          1026,
          1191,
          1090,
          927,
          1208,
          1397,
          1428,
          837,
          714,
          2096,
          1871,
          725
        ],
        "makespan_mean": 1173.425,
        "rew_worst_quantile_border": 0.0,
        "rew_cvar": 0.0,
        "rew_perc_good_solutions": 1.0,
        "num_tests": 40,
        "running_time": [
          0.013229846954345703,
          0.01499485969543457,
          0.07017397880554199,
          0.07013392448425293,
          0.015985727310180664,
          0.01532602310180664,
          0.002804994583129883,
          0.0032079219818115234,
          0.15871906280517578,
          0.06497406959533691,
          0.003993988037109375,
          0.0036318302154541016,
          0.09622716903686523,
          0.08929681777954102,
          0.08826017379760742,
          0.008044004440307617,
          0.0074579715728759766,
          0.014840126037597656,
          0.013355016708374023,
          0.03701496124267578,
          0.016460895538330078,
          0.15863800048828125,
          0.16111016273498535,
          0.08324813842773438,
          0.0871741771697998,
          0.007273197174072266,
          0.00704193115234375,
          0.037683963775634766,
          0.0407869815826416,
          0.014180183410644531,
          0.008544921875,
          0.036028146743774414,
          0.03633379936218262,
          0.06376194953918457,
          0.06515717506408691,
          0.015605926513671875,
          0.015388727188110352,
          0.1566791534423828,
          0.1618812084197998,
          0.003690958023071289
        ]
      },
      "test-data-file-names": [
        "la12.fjs",
        "la13.fjs",
        "la26.fjs",
        "la27.fjs",
        "la18.fjs",
        "la19.fjs",
        "la05.fjs",
        "la04.fjs",
        "la31.fjs",
        "la30.fjs",
        "la02.fjs",
        "la03.fjs",
        "la36.fjs",
        "la37.fjs",
        "la40.fjs",
        "la08.fjs",
        "la09.fjs",
        "la15.fjs",
        "la14.fjs",
        "la21.fjs",
        "la20.fjs",
        "la32.fjs",
        "la33.fjs",
        "la38.fjs",
        "la39.fjs",
        "la06.fjs",
        "la07.fjs",
        "la25.fjs",
        "la24.fjs",
        "la11.fjs",
        "la10.fjs",
        "la22.fjs",
        "la23.fjs",
        "la28.fjs",
        "la29.fjs",
        "la16.fjs",
        "la17.fjs",
        "la35.fjs",
        "la34.fjs",
        "la01.fjs"
      ]
    },
    {
      "agent": {
        "rew_mean": 0.0,
        "rew_std": 0.0,
        "rew_best": 0.0,
        "rew_best_count": 40,
        "rew_worst": 0.0,
        "tardiness_mean": 0.0,
        "tardiness_std": 0.0,
        "tardiness_max_mean": 0.0,
        "makespan_tests": [
          1270,
          1187,
          1293,
          1448,
          759,
          753,
          636,
          744,
          1901,
          1339,
          656,
          623,
          1129,
          1212,
          1161,
          1058,
          1233,
          1324,
          1202,
          1223,
          852,
          2202,
          1743,
          1061,
          1213,
          952,
          900,
          912,
          1026,
          1255,
          1090,
          1017,
          1208,
          1397,
          1428,
          837,
          728,
          2096,
          1771,
          725
        ],
        "makespan_mean": 1164.1,
        "rew_worst_quantile_border": 0.0,
        "rew_cvar": 0.0,
        "rew_perc_good_solutions": 1.0,
        "num_tests": 40,