{
  "agent": {
    "rew_mean": 0.0,
    "rew_std": 0.0,
    "rew_best": 0.0,
    "rew_best_count": 40,
    "rew_worst": 0.0,
    "tardiness_mean": 0.0,
    "tardiness_std": 0.0,
    "tardiness_max_mean": 0.0,
    "makespan_tests": [
      1254,
      1220,
      1374,
      1408,
      781,
      851,
      603,
      609,
      2088,
      1325,
      819,
      664,
      1197,
      1234,
      1215,
      1009,
      1113,
      1296,
      1226,
      1195,
      898,
      2176,
      1899,
      1103,
      1167,
      913,
      970,
      987,
      1152,
      1334,
      1210,
      1026,
      1189,
      1297,
      1463,
      864,
      807,
      2049,
      1775,
      734
    ],
    "makespan_mean": 1187.35,
    "rew_worst_quantile_border": 0.0,
    "rew_cvar": 0.0,
    "rew_perc_good_solutions": 1.0,
    "num_tests": 40,
    "running_time": [
      0.015810251235961914,
      0.018186092376708984,
      0.0778799057006836,
      0.08144617080688477,
      0.01816701889038086,
      0.018205881118774414,
      0.0033690929412841797,
      0.004096031188964844,
      0.17368507385253906,
      0.07429289817810059,
      0.00417780876159668,
      0.0043108463287353516,
      0.10790205001831055,
      0.10379219055175781,
      0.09993886947631836,
      0.009410858154296875,
      0.009513378143310547,
      0.01855611801147461,
      0.015166044235229492,
      0.04507088661193848,
      0.01923513412475586,
      0.18576908111572266,
      0.18526387214660645,
      0.09269189834594727,
      0.10200905799865723,
      0.009079217910766602,
      0.00819087028503418,
      0.04478812217712402,
      0.0484011173248291,
      0.016609907150268555,
      0.010211944580078125,
      0.040068864822387695,
      0.04286384582519531,
      0.07334280014038086,
      0.0767059326171875,
      0.017923831939697266,
      0.01843881607055664,
      0.1769859790802002,
      0.1976182460784912,
      0.004330873489379883
    ]
  },
  "test-data-file-names": [
    "la12.fjs",
    "la13.fjs",
    "la26.fjs",
    "la27.fjs",
    "la18.fjs",
    "la19.fjs",
    "la05.fjs",
    "la04.fjs",
    "la31.fjs",
    "la30.fjs",
    "la02.fjs",
    "la03.fjs",
    "la36.fjs",
    "la37.fjs",
    "la40.fjs",
    "la08.fjs",
    "la09.fjs",
    "la15.fjs",
    "la14.fjs",
    "la21.fjs",
    "la20.fjs",
    "la32.fjs",
    "la33.fjs",
    "la38.fjs",
    "la39.fjs",
    "la06.fjs",
    "la07.fjs",
    "la25.fjs",
    "la24.fjs",
    "la11.fjs",
    "la10.fjs",
    "la22.fjs",
    "la23.fjs",
    "la28.fjs",
    "la29.fjs",
    "la16.fjs",
    "la17.fjs",
    "la35.fjs",
    "la34.fjs",
    "la01.fjs"
  ]
}