{
  "agent": {
    "rew_mean": 0.0,
    "rew_std": 0.0,
    "rew_best": 0.0,
    "rew_best_count": 40,
    "rew_worst": 0.0,
    "tardiness_mean": 0.0,
    "tardiness_std": 0.0,
    "tardiness_max_mean": 0.0,
    "makespan_tests": [
      1138,
      1181,
      1535,
      1655,
      1098,
      1082,
      592,
      770,
      2268,
      1390,
      696,
      628,
      1629,
      1524,
      1549,
      1070,
      1070,
      1287,
      1277,
      1452,
      945,
      2173,
      2028,
      1974,
      1775,
      1010,
      890,
      1384,
      1303,
      1187,
      1048,
      1235,
      1368,
      1546,
      1668,
      893,
      914,
      2139,
      2075,
      749
    ],
    "makespan_mean": 1329.875,
    "rew_worst_quantile_border": 0.0,
    "rew_cvar": 0.0,
    "rew_perc_good_solutions": 1.0,
    "num_tests": 40,
    "running_time": [
      0.03381705284118652,
      0.03624320030212402,
      0.14714694023132324,
      0.15709590911865234,
      0.038993120193481445,
      0.03510022163391113,
      0.006966829299926758,
      0.009057998657226562,
      0.325700044631958,
      0.149688720703125,
      0.008896827697753906,
      0.009344100952148438,
      0.20729708671569824,
      0.21220111846923828,
      0.2015078067779541,
      0.01962900161743164,
      0.019777774810791016,
      0.0352170467376709,
      0.030150890350341797,
      0.07612490653991699,
      0.03894495964050293,
      0.3376278877258301,
      0.33705711364746094,
      0.17060089111328125,
      0.1952500343322754,
      0.018378019332885742,
      0.017644166946411133,
      0.08261609077453613,
      0.0962979793548584,
      0.03589916229248047,
      0.022310972213745117,
      0.07830405235290527,
      0.08530473709106445,
      0.1320362091064453,
      0.13427090644836426,
      0.040039777755737305,
      0.03298306465148926,
      0.3325340747833252,
      0.3651108741760254,
      0.009807109832763672
    ]
  },
  "test-data-file-names": [
    "la12.fjs",
    "la13.fjs",
    "la26.fjs",
    "la27.fjs",
    "la18.fjs",
    "la19.fjs",
    "la05.fjs",
    "la04.fjs",
    "la31.fjs",
    "la30.fjs",
    "la02.fjs",
    "la03.fjs",
    "la36.fjs",
    "la37.fjs",
    "la40.fjs",
    "la08.fjs",
    "la09.fjs",
    "la15.fjs",
    "la14.fjs",
    "la21.fjs",
    "la20.fjs",
    "la32.fjs",
    "la33.fjs",
    "la38.fjs",
    "la39.fjs",
    "la06.fjs",
    "la07.fjs",
    "la25.fjs",
    "la24.fjs",
    "la11.fjs",
    "la10.fjs",
    "la22.fjs",
    "la23.fjs",
    "la28.fjs",
    "la29.fjs",
    "la16.fjs",
    "la17.fjs",
    "la35.fjs",
    "la34.fjs",
    "la01.fjs"
  ]
}