{
  "agent": {
    "rew_mean": 0.0,
    "rew_std": 0.0,
    "rew_best": 0.0,
    "rew_best_count": 40,
    "rew_worst": 0.0,
    "tardiness_mean": 0.0,
    "tardiness_std": 0.0,
    "tardiness_max_mean": 0.0,
    "makespan_tests": [
      959,
      1075,
      1174,
      1181,
      711,
      692,
      525,
      621,
      1620,
      1189,
      595,
      516,
      977,
      1027,
      965,
      824,
      896,
      1120,
      1139,
      902,
      756,
      1752,
      1607,
      1000,
      976,
      856,
      820,
      873,
      899,
      1136,
      858,
      861,
      921,
      1194,
      1121,
      717,
      646,
      1695,
      1641,
      615
    ],
    "makespan_mean": 991.3,
    "rew_worst_quantile_border": 0.0,
    "rew_cvar": 0.0,
    "rew_perc_good_solutions": 1.0,
    "num_tests": 40,
    "running_time": [
      0.0058689117431640625,
      0.005828142166137695,
      0.02707695960998535,
      0.026688814163208008,
      0.007336854934692383,
      0.007214069366455078,
      0.00156402587890625,
      0.0015299320220947266,
      0.05941200256347656,
      0.02728104591369629,
      0.0017268657684326172,
      0.0016050338745117188,
      0.04200911521911621,
      0.04109072685241699,
      0.04108309745788574,
      0.0034911632537841797,
      0.0034439563751220703,
      0.005986690521240234,
      0.005839109420776367,
      0.0162508487701416,
      0.007493019104003906,
      0.0589139461517334,
      0.05847811698913574,
      0.04106712341308594,
      0.04179096221923828,
      0.0033071041107177734,
      0.0033528804779052734,
      0.015403985977172852,
      0.015569210052490234,
      0.0057451725006103516,
      0.003505229949951172,
      0.015390157699584961,
      0.015712976455688477,
      0.0270538330078125,
      0.02646493911743164,
      0.00740504264831543,
      0.007416963577270508,
      0.05955195426940918,
      0.058795928955078125,
      0.0017099380493164062
    ]
  },
  "test-data-file-names": [
    "la12.fjs",
    "la13.fjs",
    "la26.fjs",
    "la27.fjs",
    "la18.fjs",
    "la19.fjs",
    "la05.fjs",
    "la04.fjs",
    "la31.fjs",
    "la30.fjs",
    "la02.fjs",
    "la03.fjs",
    "la36.fjs",
    "la37.fjs",
    "la40.fjs",
    "la08.fjs",
    "la09.fjs",
    "la15.fjs",
    "la14.fjs",
    "la21.fjs",
    "la20.fjs",
    "la32.fjs",
    "la33.fjs",
    "la38.fjs",
    "la39.fjs",
    "la06.fjs",
    "la07.fjs",
    "la25.fjs",
    "la24.fjs",
    "la11.fjs",
    "la10.fjs",
    "la22.fjs",
    "la23.fjs",
    "la28.fjs",
    "la29.fjs",
    "la16.fjs",
    "la17.fjs",
    "la35.fjs",
    "la34.fjs",
    "la01.fjs"
  ]
}