{
  "runs": [
    {
      "agent": {
        "rew_mean": 0.0,
        "rew_std": 0.0,
        "rew_best": 0.0,
        "rew_best_count": 40,
        "rew_worst": 0.0,
        "tardiness_mean": 0.0,
        "tardiness_std": 0.0,
        "tardiness_max_mean": 0.0,
        "makespan_tests": [
          964,
          1048,
          1100,
          1150,
          672,
          782,
          552,
          547,
          1582,
          1145,
          592,
          532,
          1112,
          1187,
          1149,
          796,
          877,
          1104,
          1081,
          980,
          756,
          1714,
          1557,
          1131,
          1080,
          851,
          776,
          922,
          907,
          1088,
          851,
          854,
          965,
          1173,
          1092,
          753,
          657,
          1610,
          1580,
          613
        ],
        "makespan_mean": 997.05,
        "rew_worst_quantile_border": 0.0,
        "rew_cvar": 0.0,
        "rew_perc_good_solutions": 1.0,
        "num_tests": 40,
        "running_time": [
          0.006479978561401367,
          0.006331205368041992,
          0.028325796127319336,
          0.02817702293395996,
          0.00794076919555664,
          0.007843017578125,
          0.0017592906951904297,
          0.0017609596252441406,
          0.06174111366271973,
          0.028201818466186523,
          0.0018711090087890625,
          0.0018310546875,
          0.043981075286865234,
          0.043157100677490234,
          0.04322004318237305,
          0.003802776336669922,
          0.003782033920288086,
          0.006474018096923828,
          0.006247043609619141,
          0.016794204711914062,
          0.008069992065429688,
          0.061170101165771484,
          0.06087613105773926,
          0.04272174835205078,
          0.04379415512084961,
          0.003692150115966797,
          0.003673076629638672,
          0.01653599739074707,
          0.01679062843322754,
          0.006389617919921875,
          0.0038619041442871094,
          0.01628398895263672,
          0.01643228530883789,
          0.0278170108795166,
          0.02777886390686035,
          0.007847070693969727,
          0.007988929748535156,
          0.061929941177368164,
          0.06248784065246582,
          0.0019450187683105469
        ]
      },
      "test-data-file-names": [
        "la12.fjs",
        "la13.fjs",
        "la26.fjs",
        "la27.fjs",
        "la18.fjs",
        "la19.fjs",
        "la05.fjs",
        "la04.fjs",
        "la31.fjs",
        "la30.fjs",
        "la02.fjs",
        "la03.fjs",
        "la36.fjs",
        "la37.fjs",
        "la40.fjs",
        "la08.fjs",
        "la09.fjs",
        "la15.fjs",
        "la14.fjs",
        "la21.fjs",
        "la20.fjs",
        "la32.fjs",
        "la33.fjs",
        "la38.fjs",
        "la39.fjs",
        "la06.fjs",
        "la07.fjs",
        "la25.fjs",
        "la24.fjs",
        "la11.fjs",
        "la10.fjs",
        "la22.fjs",
        "la23.fjs",
        "la28.fjs",
        "la29.fjs",
        "la16.fjs",
        "la17.fjs",
        "la35.fjs",
        "la34.fjs",
        "la01.fjs"
      ]
    },
    {
      "agent": {
        "rew_mean": 0.0,
        "rew_std": 0.0,
        "rew_best": 0.0,
        "rew_best_count": 40,
        "rew_worst": 0.0,
        "tardiness_mean": 0.0,
        "tardiness_std": 0.0,
        "tardiness_max_mean": 0.0,
        "makespan_tests": [
          964,
          1048,
          1100,
          1150,
          672,
          782,
          552,
          547,
          1582,
          1145,
          592,
          532,
          1112,
          1187,
          1149,
          796,
          877,
          1104,
          1081,
          980,
          756,
          1714,
          1557,
          1131,
          1080,
          851,
          776,
          922,
          907,
          1088,
          851,
          854,
          965,
          1173,
          1092,
          753,
          657,
          1610,
          1580,
          613
        ],
        "makespan_mean": 997.05,
        "rew_worst_quantile_border": 0.0,
        "rew_cvar": 0.0,
        "rew_perc_good_solutions": 1.0,
        "num_tests": 40,
        "running_time": [
          0.006320953369140625,
          0.006318807601928711,
          0.028250932693481445,
          0.028422832489013672,
          0.007975101470947266,
          0.007950067520141602,
          0.0017588138580322266,
          0.001795053482055664,
          0.062113046646118164,
          0.028790950775146484,
          0.0018930435180664062,
          0.0018589496612548828,
          0.0437159538269043,
          0.04414629936218262,
          0.0436398983001709,
          0.0038568973541259766,
          0.0038137435913085938,
          0.006590127944946289,
          0.006291866302490234,
          0.017080068588256836,
          0.008151054382324219,
          0.061837196350097656,
          0.061212778091430664,
          0.04328298568725586,
          0.04351496696472168,
          0.0037097930908203125,
          0.0036649703979492188,
          0.01680588722229004,
          0.016782045364379883,
          0.006384134292602539,
          0.003820180892944336,
          0.016538143157958984,
          0.016633987426757812,
          0.028257131576538086,
          0.028100013732910156,
          0.007957935333251953,
          0.007982969284057617,
          0.06264591217041016,
          0.06229901313781738,
          0.0019693374633789062
        ]
      },
      "test-data-file-names": [
        "la12.fjs",
        "la13.fjs",
        "la26.fjs",
        "la27.fjs",
        "la18.fjs",
        "la19.fjs",
        "la05.fjs",
        "la04.fjs",
        "la31.fjs",
        "la30.fjs",
        "la02.fjs",
        "la03.fjs",
        "la36.fjs",
        "la37.fjs",
        "la40.fjs",
        "la08.fjs",
        "la09.fjs",
        "la15.fjs",
        "la14.fjs",
        "la21.fjs",
        "la20.fjs",
        "la32.fjs",
        "la33.fjs",
        "la38.fjs",
        "la39.fjs",
        "la06.fjs",
        "la07.fjs",
        "la25.fjs",
        "la24.fjs",
        "la11.fjs",
        "la10.fjs",
        "la22.fjs",
        "la23.fjs",
        "la28.fjs",
        "la29.fjs",
        "la16.fjs",
        "la17.fjs",
        "la35.fjs",
        "la34.fjs",
        "la01.fjs"
      ]
    },
    {
      "agent": {
        "rew_mean": 0.0,
        "rew_std": 0.0,
        "rew_best": 0.0,
        "rew_best_count": 40,
        "rew_worst": 0.0,
        "tardiness_mean": 0.0,
        "tardiness_std": 0.0,
        "tardiness_max_mean": 0.0,
        "makespan_tests": [
          964,
          1048,
          1100,
          1150,
          672,
          782,
          552,
          547,
          1582,
          1145,
          592,
          532,
          1112,
          1187,
          1149,
          796,
          877,
          1104,
          1081,
          980,
          756,
          1714,
          1557,
          1131,
          1080,
          851,
          776,
          922,
          907,
          1088,
          851,
          854,
          965,
          1173,
          1092,
          753,
          657,
          1610,
          1580,
          613
        ],
        "makespan_mean": 997.05,
        "rew_worst_quantile_border": 0.0,
        "rew_cvar": 0.0,
        "rew_perc_good_solutions": 1.0,
        "num_tests": 40,