{
  "agent": {
    "rew_mean": 0.0,
    "rew_std": 0.0,
    "rew_best": 0.0,
    "rew_best_count": 40,
    "rew_worst": 0.0,
    "tardiness_mean": 0.0,
    "tardiness_std": 0.0,
    "tardiness_max_mean": 0.0,
    "makespan_tests": [
      1163,
      1187,
      1541,
      1373,
      759,
      753,
      636,
      709,
      1901,
      1339,
      679,
      602,
      1182,
      1413,
      1151,
      1058,
      1186,
      1251,
      1202,
      1126,
      852,
      1966,
      1736,
      1254,
      1213,
      1032,
      900,
      1237,
      1026,
      1219,
      1090,
      927,
      1229,
      1399,
      1428,
      790,
      714,
      1908,
      1896,
      725
    ],
    "makespan_mean": 1168.8,
    "rew_worst_quantile_border": 0.0,
    "rew_cvar": 0.0,
    "rew_perc_good_solutions": 1.0,
    "num_tests": 40,
    "running_time": [
      0.022016048431396484,
      0.0251619815826416,
      0.11217594146728516,
      0.11437010765075684,
      0.026797056198120117,
      0.02622532844543457,
      0.004846096038818359,
      0.005814075469970703,
      0.24225735664367676,
      0.10425782203674316,
      0.007218837738037109,
      0.006453037261962891,
      0.1547861099243164,
      0.14313912391662598,
      0.14035511016845703,
      0.014077901840209961,
      0.012867927551269531,
      0.024933815002441406,
      0.022343873977661133,
      0.06257915496826172,
      0.028599023818969727,
      0.24428081512451172,
      0.24805188179016113,
      0.13002419471740723,
      0.13978981971740723,
      0.012269973754882812,
      0.012071847915649414,
      0.0633401870727539,
      0.06846809387207031,
      0.023685932159423828,
      0.01440882682800293,
      0.05912375450134277,
      0.059046030044555664,
      0.10137414932250977,
      0.10735392570495605,
      0.02626824378967285,
      0.025350093841552734,
      0.2380218505859375,
      0.25333285331726074,
      0.0066187381744384766
    ]
  },
  "test-data-file-names": [
    "la12.fjs",
    "la13.fjs",
    "la26.fjs",
    "la27.fjs",
    "la18.fjs",
    "la19.fjs",
    "la05.fjs",
    "la04.fjs",
    "la31.fjs",
    "la30.fjs",
    "la02.fjs",
    "la03.fjs",
    "la36.fjs",
    "la37.fjs",
    "la40.fjs",
    "la08.fjs",
    "la09.fjs",
    "la15.fjs",
    "la14.fjs",
    "la21.fjs",
    "la20.fjs",
    "la32.fjs",
    "la33.fjs",
    "la38.fjs",
    "la39.fjs",
    "la06.fjs",
    "la07.fjs",
    "la25.fjs",
    "la24.fjs",
    "la11.fjs",
    "la10.fjs",
    "la22.fjs",
    "la23.fjs",
    "la28.fjs",
    "la29.fjs",
    "la16.fjs",
    "la17.fjs",
    "la35.fjs",
    "la34.fjs",
    "la01.fjs"
  ]
}