{
  "agent": {
    "rew_mean": 0.0,
    "rew_std": 0.0,
    "rew_best": 0.0,
    "rew_best_count": 40,
    "rew_worst": 0.0,
    "tardiness_mean": 0.0,
    "tardiness_std": 0.0,
    "tardiness_max_mean": 0.0,
    "makespan_tests": [
      1163,
      1187,
      1354,
      1448,
      759,
      753,
      636,
      709,
      1901,
      1339,
      679,
      602,
      1310,
      1413,
      1161,
      1058,
      1233,
      1291,
      1202,
      1132,
      852,
      2045,
      1830,
      1316,
      1213,
      952,
      900,
      989,
      1026,
      1191,
      1090,
      927,
      1208,
      1397,
      1428,
      837,
      714,
      2096,
      1871,
      725
    ],
    "makespan_mean": 1173.425,
    "rew_worst_quantile_border": 0.0,
    "rew_cvar": 0.0,
    "rew_perc_good_solutions": 1.0,
    "num_tests": 40,
    "running_time": [
      0.013487100601196289,
      0.015359163284301758,
      0.07094717025756836,
      0.0708770751953125,
      0.015815019607543945,
      0.015429019927978516,
      0.002845287322998047,
      0.003220081329345703,
      0.16052699089050293,
      0.06561923027038574,
      0.004001140594482422,
      0.003631114959716797,
      0.09664511680603027,
      0.08982992172241211,
      0.08938884735107422,
      0.00814199447631836,
      0.007550954818725586,
      0.015009641647338867,
      0.013551950454711914,
      0.03737306594848633,
      0.016733169555664062,
      0.15971016883850098,
      0.16360187530517578,
      0.08345603942871094,
      0.08868622779846191,
      0.007302999496459961,
      0.0071790218353271484,
      0.03811001777648926,
      0.04126286506652832,
      0.014412164688110352,
      0.008601188659667969,
      0.036971092224121094,
      0.036504268646240234,
      0.06440019607543945,
      0.065093994140625,
      0.01572704315185547,
      0.015597105026245117,
      0.1594550609588623,
      0.16693592071533203,
      0.0037810802459716797
    ]
  },
  "test-data-file-names": [
    "la12.fjs",
    "la13.fjs",
    "la26.fjs",
    "la27.fjs",
    "la18.fjs",
    "la19.fjs",
    "la05.fjs",
    "la04.fjs",
    "la31.fjs",
    "la30.fjs",
    "la02.fjs",
    "la03.fjs",
    "la36.fjs",
    "la37.fjs",
    "la40.fjs",
    "la08.fjs",
    "la09.fjs",
    "la15.fjs",
    "la14.fjs",
    "la21.fjs",
    "la20.fjs",
    "la32.fjs",
    "la33.fjs",
    "la38.fjs",
    "la39.fjs",
    "la06.fjs",
    "la07.fjs",
    "la25.fjs",
    "la24.fjs",
    "la11.fjs",
    "la10.fjs",
    "la22.fjs",
    "la23.fjs",
    "la28.fjs",
    "la29.fjs",
    "la16.fjs",
    "la17.fjs",
    "la35.fjs",
    "la34.fjs",
    "la01.fjs"
  ]
}