{
  "runs": [
    {
      "agent": {
        "rew_mean": 0.0,
        "rew_std": 0.0,
        "rew_best": 0.0,
        "rew_best_count": 40,
        "rew_worst": 0.0,
        "tardiness_mean": 0.0,
        "tardiness_std": 0.0,
        "tardiness_max_mean": 0.0,
        "makespan_tests": [
          994,
          1064,
          1113,
          1146,
          690,
          698,
          502,
          658,
          1584,
          1147,
          570,
          513,
          1002,
          1043,
          974,
          872,
          899,
          1118,
          1107,
          892,
          756,
          1763,
          1581,
          943,
          993,
          820,
          841,
          879,
          887,
          1111,
          847,
          856,
          964,
          1168,
          1061,
          717,
          646,
          1622,
          1625,
          630
        ],
        "makespan_mean": 982.4,
        "rew_worst_quantile_border": 0.0,
        "rew_cvar": 0.0,
        "rew_perc_good_solutions": 1.0,
        "num_tests": 40,
        "running_time": [
          0.0075609683990478516,
          0.007438182830810547,
          0.03029608726501465,
          0.0299379825592041,
          0.008220911026000977,
          0.008240938186645508,
          0.0020017623901367188,
          0.00197601318359375,
          0.06499719619750977,
          0.030352115631103516,
          0.0021059513092041016,
          0.0020799636840820312,
          0.04454994201660156,
          0.044484853744506836,
          0.0438079833984375,
          0.004271984100341797,
          0.00423884391784668,
          0.007312774658203125,
          0.007364988327026367,
          0.01796889305114746,
          0.008519172668457031,
          0.06609702110290527,
          0.06498312950134277,
          0.044816017150878906,
          0.04532003402709961,
          0.004251003265380859,
          0.004307985305786133,
          0.017753124237060547,
          0.017714977264404297,
          0.007348060607910156,
          0.0044291019439697266,
          0.017397403717041016,
          0.01755070686340332,
          0.030027151107788086,
          0.029397964477539062,
          0.008319854736328125,
          0.008311033248901367,
          0.06570792198181152,
          0.0663599967956543,
          0.002174854278564453
        ]
      },
      "test-data-file-names": [
        "la12.fjs",
        "la13.fjs",
        "la26.fjs",
        "la27.fjs",
        "la18.fjs",
        "la19.fjs",
        "la05.fjs",
        "la04.fjs",
        "la31.fjs",
        "la30.fjs",
        "la02.fjs",
        "la03.fjs",
        "la36.fjs",
        "la37.fjs",
        "la40.fjs",
        "la08.fjs",
        "la09.fjs",
        "la15.fjs",
        "la14.fjs",
        "la21.fjs",
        "la20.fjs",
        "la32.fjs",
        "la33.fjs",
        "la38.fjs",
        "la39.fjs",
        "la06.fjs",
        "la07.fjs",
        "la25.fjs",
        "la24.fjs",
        "la11.fjs",
        "la10.fjs",
        "la22.fjs",
        "la23.fjs",
        "la28.fjs",
        "la29.fjs",
        "la16.fjs",
        "la17.fjs",
        "la35.fjs",
        "la34.fjs",
        "la01.fjs"
      ]
    },
    {
      "agent": {
        "rew_mean": 0.0,
        "rew_std": 0.0,
        "rew_best": 0.0,
        "rew_best_count": 40,
        "rew_worst": 0.0,
        "tardiness_mean": 0.0,
        "tardiness_std": 0.0,
        "tardiness_max_mean": 0.0,
        "makespan_tests": [
          994,
          1064,
          1113,
          1146,
          690,
          698,
          502,
          658,
          1584,
          1147,
          570,
          513,
          1002,
          1043,
          974,
          872,
          899,
          1118,
          1107,
          892,
          756,
          1763,
          1581,
          943,
          993,
          820,
          841,
          879,
          887,
          1111,
          847,
          856,
          964,
          1168,
          1061,
          717,
          646,
          1622,
          1625,
          630
        ],
        "makespan_mean": 982.4,
        "rew_worst_quantile_border": 0.0,
        "rew_cvar": 0.0,
        "rew_perc_good_solutions": 1.0,
        "num_tests": 40,
        "running_time": [
          0.007477998733520508,
          0.007410764694213867,
          0.03049182891845703,
          0.030403852462768555,
          0.008311033248901367,
          0.008312702178955078,
          0.0020241737365722656,
          0.0020067691802978516,
          0.06605982780456543,
          0.030019760131835938,
          0.002112865447998047,
          0.0020749568939208984,
          0.04433298110961914,
          0.044693946838378906,
          0.04352998733520508,
          0.00428318977355957,
          0.004250049591064453,
          0.007419109344482422,
          0.007324934005737305,
          0.01770615577697754,
          0.00827479362487793,
          0.0646052360534668,
          0.06500887870788574,
          0.044013023376464844,
          0.04482102394104004,
          0.0042688846588134766,
          0.0042307376861572266,
          0.01770615577697754,
          0.01768183708190918,
          0.007464885711669922,
          0.004408836364746094,
          0.01735997200012207,
          0.017414093017578125,
          0.029920101165771484,
          0.029661893844604492,
          0.008315086364746094,
          0.008349180221557617,
          0.06545567512512207,
          0.06499123573303223,
          0.0021550655364990234
        ]
      },
      "test-data-file-names": [
        "la12.fjs",
        "la13.fjs",
        "la26.fjs",
        "la27.fjs",
        "la18.fjs",
        "la19.fjs",
        "la05.fjs",
        "la04.fjs",
        "la31.fjs",
        "la30.fjs",
        "la02.fjs",
        "la03.fjs",
        "la36.fjs",
        "la37.fjs",
        "la40.fjs",
        "la08.fjs",
        "la09.fjs",
        "la15.fjs",
        "la14.fjs",
        "la21.fjs",
        "la20.fjs",
        "la32.fjs",
        "la33.fjs",
        "la38.fjs",
        "la39.fjs",
        "la06.fjs",
        "la07.fjs",
        "la25.fjs",
        "la24.fjs",
        "la11.fjs",
        "la10.fjs",
        "la22.fjs",
        "la23.fjs",
        "la28.fjs",
        "la29.fjs",
        "la16.fjs",
        "la17.fjs",
        "la35.fjs",
        "la34.fjs",
        "la01.fjs"
      ]
    },
    {
      "agent": {
        "rew_mean": 0.0,
        "rew_std": 0.0,
        "rew_best": 0.0,
        "rew_best_count": 40,
        "rew_worst": 0.0,
        "tardiness_mean": 0.0,
        "tardiness_std": 0.0,
        "tardiness_max_mean": 0.0,
        "makespan_tests": [
          994,
          1064,
          1113,
          1146,
          690,
          698,
          502,
          658,
          1584,
          1147,
          570,
          513,
          1002,
          1043,
          974,
          872,
          899,
          1118,
          1107,
          892,
          756,
          1763,
          1581,
          943,
          993,
          820,
          841,
          879,
          887,
          1111,
          847,
          856,
          964,
          1168,
          1061,
          717,
          646,
          1622,
          1625,
          630
        ],
        "makespan_mean": 982.4,
        "rew_worst_quantile_border": 0.0,
        "rew_cvar": 0.0,
        "rew_perc_good_solutions": 1.0,
        "num_tests": 40,