{
  "runs": [
    {
      "agent": {
        "rew_mean": 0.0,
        "rew_std": 0.0,
        "rew_best": 0.0,
        "rew_best_count": 40,
        "rew_worst": 0.0,
        "tardiness_mean": 0.0,
        "tardiness_std": 0.0,
        "tardiness_max_mean": 0.0,
        "makespan_tests": [
          1031,
          1115,
          1170,
          1190,
          673,
          685,
          538,
          668,
          1626,
          1208,
          604,
          530,
          1006,
          1026,
          1002,
          812,
          924,
          1126,
          1140,
          908,
          756,
          1820,
          1620,
          975,
          1020,
          896,
          794,
          920,
          914,
          1177,
          896,
          871,
          923,
          1227,
          1140,
          747,
          646,
          1640,
          1628,
          661
        ],
        "makespan_mean": 1006.325,
        "rew_worst_quantile_border": 0.0,
        "rew_cvar": 0.0,
        "rew_perc_good_solutions": 1.0,
        "num_tests": 40,
        "running_time": [
          0.0064029693603515625,
          0.0063059329986572266,
          0.027636051177978516,
          0.027453184127807617,
          0.007508993148803711,
          0.007476091384887695,
          0.0016961097717285156,
          0.0016660690307617188,
          0.061318159103393555,
          0.027914047241210938,
          0.0018000602722167969,
          0.0017709732055664062,
          0.04229307174682617,
          0.04216790199279785,
          0.04168295860290527,
          0.0036818981170654297,
          0.003634214401245117,
          0.006307840347290039,
          0.00613093376159668,
          0.016307353973388672,
          0.007622718811035156,
          0.059615373611450195,
          0.06058192253112793,
          0.041577816009521484,
          0.04174494743347168,
          0.0035791397094726562,
          0.003574848175048828,
          0.015915870666503906,
          0.016065120697021484,
          0.006289958953857422,
          0.0037512779235839844,
          0.01582813262939453,
          0.01588296890258789,
          0.02726292610168457,
          0.027342796325683594,
          0.007546186447143555,
          0.007720947265625,
          0.061595916748046875,
          0.061573028564453125,
          0.0018308162689208984
        ]
      },
      "test-data-file-names": [
        "la12.fjs",
        "la13.fjs",
        "la26.fjs",
        "la27.fjs",
        "la18.fjs",
        "la19.fjs",
        "la05.fjs",
        "la04.fjs",
        "la31.fjs",
        "la30.fjs",
        "la02.fjs",
        "la03.fjs",
        "la36.fjs",
        "la37.fjs",
        "la40.fjs",
        "la08.fjs",
        "la09.fjs",
        "la15.fjs",
        "la14.fjs",
        "la21.fjs",
        "la20.fjs",
        "la32.fjs",
        "la33.fjs",
        "la38.fjs",
        "la39.fjs",
        "la06.fjs",
        "la07.fjs",
        "la25.fjs",
        "la24.fjs",
        "la11.fjs",
        "la10.fjs",
        "la22.fjs",
        "la23.fjs",
        "la28.fjs",
        "la29.fjs",
        "la16.fjs",
        "la17.fjs",
        "la35.fjs",
        "la34.fjs",
        "la01.fjs"
      ]
    },
    {
      "agent": {
        "rew_mean": 0.0,
        "rew_std": 0.0,
        "rew_best": 0.0,
        "rew_best_count": 40,
        "rew_worst": 0.0,
        "tardiness_mean": 0.0,
        "tardiness_std": 0.0,
        "tardiness_max_mean": 0.0,
        "makespan_tests": [
          1031,
          1102,
          1159,
          1170,
          692,
          709,
          538,
          668,
          1611,
          1215,
          625,
          530,
          1018,
          1053,
          1025,
          814,
          919,
          1136,
          1147,
          946,
          782,
          1792,
          1622,
          996,
          1040,
          866,
          794,
          902,
          929,
          1177,
          896,
          914,
          941,
          1198,
          1187,
          717,
          646,
          1664,
          1622,
          666
        ],
        "makespan_mean": 1011.475,
        "rew_worst_quantile_border": 0.0,
        "rew_cvar": 0.0,
        "rew_perc_good_solutions": 1.0,
        "num_tests": 40,
        "running_time": [
          0.006551980972290039,
          0.0064351558685302734,
          0.02831888198852539,
          0.02902388572692871,
          0.007750034332275391,
          0.007679939270019531,
          0.0017609596252441406,
          0.0017390251159667969,
          0.06251811981201172,
          0.02867889404296875,
          0.0018422603607177734,
          0.0017919540405273438,
          0.04264402389526367,
          0.042790889739990234,
          0.04323101043701172,
          0.004152059555053711,
          0.004144906997680664,
          0.007155895233154297,
          0.0068340301513671875,
          0.016511917114257812,
          0.008014917373657227,
          0.061161041259765625,
          0.06121087074279785,
          0.042172908782958984,
          0.04200601577758789,
          0.003679990768432617,
          0.0036611557006835938,
          0.016935110092163086,
          0.01653313636779785,
          0.006495952606201172,
          0.0038537979125976562,
          0.016209125518798828,
          0.016034841537475586,
          0.027847766876220703,
          0.027735233306884766,
          0.007620811462402344,
          0.007728099822998047,
          0.062209129333496094,
          0.06227612495422363,
          0.0018889904022216797
        ]
      },
      "test-data-file-names": [
        "la12.fjs",
        "la13.fjs",
        "la26.fjs",
        "la27.fjs",
        "la18.fjs",
        "la19.fjs",
        "la05.fjs",
        "la04.fjs",
        "la31.fjs",
        "la30.fjs",
        "la02.fjs",
        "la03.fjs",
        "la36.fjs",
        "la37.fjs",
        "la40.fjs",
        "la08.fjs",
        "la09.fjs",
        "la15.fjs",
        "la14.fjs",
        "la21.fjs",
        "la20.fjs",
        "la32.fjs",
        "la33.fjs",
        "la38.fjs",
        "la39.fjs",
        "la06.fjs",
        "la07.fjs",
        "la25.fjs",
        "la24.fjs",
        "la11.fjs",
        "la10.fjs",
        "la22.fjs",
        "la23.fjs",
        "la28.fjs",
        "la29.fjs",
        "la16.fjs",
        "la17.fjs",
        "la35.fjs",
        "la34.fjs",
        "la01.fjs"
      ]
    },
    {
      "agent": {
        "rew_mean": 0.0,
        "rew_std": 0.0,
        "rew_best": 0.0,
        "rew_best_count": 40,
        "rew_worst": 0.0,
        "tardiness_mean": 0.0,
        "tardiness_std": 0.0,
        "tardiness_max_mean": 0.0,
        "makespan_tests": [
          1031,
          1093,
          1198,
          1215,
          736,
          730,
          538,
          680,
          1617,
          1208,
          618,
          530,
          1016,
          1056,
          1025,
          812,
          915,
          1128,
          1147,
          946,
          756,
          1792,
          1626,
          979,
          1022,
          866,
          794,
          914,
          929,
          1177,
          896,
          912,
          909,
          1198,
          1184,
          717,
          646,
          1691,
          1622,
          666
        ],
        "makespan_mean": 1013.375,
        "rew_worst_quantile_border": 0.0,
        "rew_cvar": 0.0,
        "rew_perc_good_solutions": 1.0,
        "num_tests": 40,