{
  "agent": {
    "rew_mean": 0.0,
    "rew_std": 0.0,
    "rew_best": 0.0,
    "rew_best_count": 40,
    "rew_worst": 0.0,
    "tardiness_mean": 0.0,
    "tardiness_std": 0.0,
    "tardiness_max_mean": 0.0,
    "makespan_tests": [
      1699,
      1766,
      1824,
      1887,
      1959,
      1532,
      815,
      922,
      2474,
      2118,
      844,
      736,
      2327,
      2255,
      2184,
      1556,
      1610,
      2515,
      1314,
      2521,
      2099,
      2933,
      2134,
      1417,
      2887,
      1300,
      1239,
      1427,
      1494,
      2261,
      1508,
      1300,
      2968,
      2009,
      1826,
      1110,
      1021,
      1989,
      2489,
      1304
    ],
    "makespan_mean": 1789.325,
    "rew_worst_quantile_border": 0.0,
    "rew_cvar": 0.0,
    "rew_perc_good_solutions": 1.0,
    "num_tests": 40,
    "running_time": [
      0.013536930084228516,
      0.014307022094726562,
      0.06306099891662598,
      0.06381487846374512,
      0.013839960098266602,
      0.013633012771606445,
      0.002547025680541992,
      0.0031571388244628906,
      0.1488208770751953,
      0.05958080291748047,
      0.0032320022583007812,
      0.0031070709228515625,
      0.08384203910827637,
      0.08187508583068848,
      0.0813288688659668,
      0.008280754089355469,
      0.00761103630065918,
      0.014426946640014648,
      0.013070821762084961,
      0.032688140869140625,
      0.014656782150268555,
      0.1550769805908203,
      0.15905404090881348,
      0.07629585266113281,
      0.08208489418029785,
      0.007085084915161133,
      0.007659196853637695,
      0.03632521629333496,
      0.041461944580078125,
      0.013659238815307617,
      0.008036136627197266,
      0.034783124923706055,
      0.03484797477722168,
      0.06234908103942871,
      0.0682070255279541,
      0.024315357208251953,
      0.0192110538482666,
      0.291323184967041,
      0.47733616828918457,
      0.004374980926513672
    ]
  },
  "test-data-file-names": [
    "la12.fjs",
    "la13.fjs",
    "la26.fjs",
    "la27.fjs",
    "la18.fjs",
    "la19.fjs",
    "la05.fjs",
    "la04.fjs",
    "la31.fjs",
    "la30.fjs",
    "la02.fjs",
    "la03.fjs",
    "la36.fjs",
    "la37.fjs",
    "la40.fjs",
    "la08.fjs",
    "la09.fjs",
    "la15.fjs",
    "la14.fjs",
    "la21.fjs",
    "la20.fjs",
    "la32.fjs",
    "la33.fjs",
    "la38.fjs",
    "la39.fjs",
    "la06.fjs",
    "la07.fjs",
    "la25.fjs",
    "la24.fjs",
    "la11.fjs",
    "la10.fjs",
    "la22.fjs",
    "la23.fjs",
    "la28.fjs",
    "la29.fjs",
    "la16.fjs",
    "la17.fjs",
    "la35.fjs",
    "la34.fjs",
    "la01.fjs"
  ]
}