{
  "agent": {
    "rew_mean": 0.0,
    "rew_std": 0.0,
    "rew_best": 0.0,
    "rew_best_count": 40,
    "rew_worst": 0.0,
    "tardiness_mean": 0.0,
    "tardiness_std": 0.0,
    "tardiness_max_mean": 0.0,
    "makespan_tests": [
      1183,
      1290,
      1431,
      1350,
      767,
      1002,
      634,
      698,
      1821,
      1325,
      749,
      596,
      1189,
      1264,
      1279,
      937,
      1043,
      1275,
      1222,
      1101,
      756,
      1943,
      1921,
      1169,
      1250,
      1042,
      1070,
      1019,
      1051,
      1185,
      891,
      899,
      1140,
      1401,
      1274,
      854,
      738,
      2026,
      1925,
      699
    ],
    "makespan_mean": 1160.225,
    "rew_worst_quantile_border": 0.0,
    "rew_cvar": 0.0,
    "rew_perc_good_solutions": 1.0,
    "num_tests": 40,
    "running_time": [
      0.014638900756835938,
      0.0160369873046875,
      0.07270669937133789,
      0.07513809204101562,
      0.016833066940307617,
      0.01599907875061035,
      0.0030410289764404297,
      0.003535032272338867,
      0.1651899814605713,
      0.06734585762023926,
      0.003793001174926758,
      0.003922939300537109,
      0.09984302520751953,
      0.09461402893066406,
      0.09297418594360352,
      0.008675098419189453,
      0.008597850799560547,
      0.016094207763671875,
      0.013987064361572266,
      0.03997015953063965,
      0.01721501350402832,
      0.16885781288146973,
      0.16635990142822266,
      0.0860750675201416,
      0.09292793273925781,
      0.00777125358581543,
      0.007523775100708008,
      0.04059004783630371,
      0.0438230037689209,
      0.014931917190551758,
      0.009150028228759766,
      0.036607980728149414,
      0.03944993019104004,
      0.06736397743225098,
      0.06987810134887695,
      0.01624298095703125,
      0.016208171844482422,
      0.15999794006347656,
      0.176591157913208,
      0.003982067108154297
    ]
  },
  "test-data-file-names": [
    "la12.fjs",
    "la13.fjs",
    "la26.fjs",
    "la27.fjs",
    "la18.fjs",
    "la19.fjs",
    "la05.fjs",
    "la04.fjs",
    "la31.fjs",
    "la30.fjs",
    "la02.fjs",
    "la03.fjs",
    "la36.fjs",
    "la37.fjs",
    "la40.fjs",
    "la08.fjs",
    "la09.fjs",
    "la15.fjs",
    "la14.fjs",
    "la21.fjs",
    "la20.fjs",
    "la32.fjs",
    "la33.fjs",
    "la38.fjs",
    "la39.fjs",
    "la06.fjs",
    "la07.fjs",
    "la25.fjs",
    "la24.fjs",
    "la11.fjs",
    "la10.fjs",
    "la22.fjs",
    "la23.fjs",
    "la28.fjs",
    "la29.fjs",
    "la16.fjs",
    "la17.fjs",
    "la35.fjs",
    "la34.fjs",
    "la01.fjs"
  ]
}