{
  "agent": {
    "rew_mean": 0.0,
    "rew_std": 0.0,
    "rew_best": 0.0,
    "rew_best_count": 40,
    "rew_worst": 0.0,
    "tardiness_mean": 0.0,
    "tardiness_std": 0.0,
    "tardiness_max_mean": 0.0,
    "makespan_tests": [
      1787,
      1630,
      2248,
      2088,
      1742,
      2096,
      988,
      967,
      3695,
      2536,
      811,
      866,
      2550,
      2984,
      3380,
      1490,
      1467,
      2322,
      1422,
      2097,
      1771,
      2994,
      3269,
      3238,
      2970,
      1247,
      1041,
      2064,
      1785,
      2208,
      1214,
      1983,
      2347,
      2496,
      2949,
      1358,
      1285,
      3915,
      4088,
      1144
    ],
    "makespan_mean": 2113.3,
    "rew_worst_quantile_border": 0.0,
    "rew_cvar": 0.0,
    "rew_perc_good_solutions": 1.0,
    "num_tests": 40,
    "running_time": [
      0.026614665985107422,
      0.027717113494873047,
      0.10880708694458008,
      0.1223900318145752,
      0.027982711791992188,
      0.026173830032348633,
      0.005387067794799805,
      0.0071909427642822266,
      0.24360895156860352,
      0.10567784309387207,
      0.0068662166595458984,
      0.007081031799316406,
      0.14269375801086426,
      0.1524360179901123,
      0.14100384712219238,
      0.01642298698425293,
      0.014369964599609375,
      0.028712987899780273,
      0.024050235748291016,
      0.05134725570678711,
      0.028789043426513672,
      0.2648940086364746,
      0.25928616523742676,
      0.13676786422729492,
      0.13177490234375,
      0.014671087265014648,
      0.013746261596679688,
      0.06696391105651855,
      0.07213497161865234,
      0.02856588363647461,
      0.016544818878173828,
      0.06418490409851074,
      0.058103084564208984,
      0.10733318328857422,
      0.10976290702819824,
      0.02649688720703125,
      0.02503800392150879,
      0.24017882347106934,
      0.2645423412322998,
      0.007354736328125
    ]
  },
  "test-data-file-names": [
    "la12.fjs",
    "la13.fjs",
    "la26.fjs",
    "la27.fjs",
    "la18.fjs",
    "la19.fjs",
    "la05.fjs",
    "la04.fjs",
    "la31.fjs",
    "la30.fjs",
    "la02.fjs",
    "la03.fjs",
    "la36.fjs",
    "la37.fjs",
    "la40.fjs",
    "la08.fjs",
    "la09.fjs",
    "la15.fjs",
    "la14.fjs",
    "la21.fjs",
    "la20.fjs",
    "la32.fjs",
    "la33.fjs",
    "la38.fjs",
    "la39.fjs",
    "la06.fjs",
    "la07.fjs",
    "la25.fjs",
    "la24.fjs",
    "la11.fjs",
    "la10.fjs",
    "la22.fjs",
    "la23.fjs",
    "la28.fjs",
    "la29.fjs",
    "la16.fjs",
    "la17.fjs",
    "la35.fjs",
    "la34.fjs",
    "la01.fjs"
  ]
}