{
  "agent": {
    "rew_mean": 0.0,
    "rew_std": 0.0,
    "rew_best": 0.0,
    "rew_best_count": 40,
    "rew_worst": 0.0,
    "tardiness_mean": 0.0,
    "tardiness_std": 0.0,
    "tardiness_max_mean": 0.0,
    "makespan_tests": [
      1254,
      1220,
      1374,
      1408,
      781,
      851,
      603,
      609,
      2088,
      1325,
      819,
      664,
      1197,
      1234,
      1215,
      1009,
      1113,
      1296,
      1226,
      1195,
      898,
      2176,
      1899,
      1103,
      1167,
      913,
      970,
      987,
      1152,
      1334,
      1210,
      1026,
      1189,
      1297,
      1463,
      864,
      807,
      2049,
      1775,
      734
    ],
    "makespan_mean": 1187.35,
    "rew_worst_quantile_border": 0.0,
    "rew_cvar": 0.0,
    "rew_perc_good_solutions": 1.0,
    "num_tests": 40,
    "running_time": [
      0.027841806411743164,
      0.03140592575073242,
      0.12868833541870117,
      0.13522911071777344,
      0.03179287910461426,
      0.03191399574279785,
      0.00595402717590332,
      0.00755620002746582,
      0.27549314498901367,
      0.12320375442504883,
      0.0075702667236328125,
      0.007903099060058594,
      0.17908501625061035,
      0.17313003540039062,
      0.1669309139251709,
      0.016806840896606445,
      0.016963720321655273,
      0.03267717361450195,
      0.02639007568359375,
      0.07689309120178223,
      0.03457307815551758,
      0.2973203659057617,
      0.2963409423828125,
      0.15238308906555176,
      0.16659212112426758,
      0.01592397689819336,
      0.01416015625,
      0.07637596130371094,
      0.0849301815032959,
      0.02888774871826172,
      0.01852107048034668,
      0.06787395477294922,
      0.07278108596801758,
      0.1204688549041748,
      0.12649774551391602,
      0.03171515464782715,
      0.03204607963562012,
      0.27982401847839355,
      0.3154001235961914,
      0.007907867431640625
    ]
  },
  "test-data-file-names": [
    "la12.fjs",
    "la13.fjs",
    "la26.fjs",
    "la27.fjs",
    "la18.fjs",
    "la19.fjs",
    "la05.fjs",
    "la04.fjs",
    "la31.fjs",
    "la30.fjs",
    "la02.fjs",
    "la03.fjs",
    "la36.fjs",
    "la37.fjs",
    "la40.fjs",
    "la08.fjs",
    "la09.fjs",
    "la15.fjs",
    "la14.fjs",
    "la21.fjs",
    "la20.fjs",
    "la32.fjs",
    "la33.fjs",
    "la38.fjs",
    "la39.fjs",
    "la06.fjs",
    "la07.fjs",
    "la25.fjs",
    "la24.fjs",
    "la11.fjs",
    "la10.fjs",
    "la22.fjs",
    "la23.fjs",
    "la28.fjs",
    "la29.fjs",
    "la16.fjs",
    "la17.fjs",
    "la35.fjs",
    "la34.fjs",
    "la01.fjs"
  ]
}