{
  "runs": [
    {
      "agent": {
        "rew_mean": 0.0,
        "rew_std": 0.0,
        "rew_best": 0.0,
        "rew_best_count": 40,
        "rew_worst": 0.0,
        "tardiness_mean": 0.0,
        "tardiness_std": 0.0,
        "tardiness_max_mean": 0.0,
        "makespan_tests": [
          995,
          1090,
          1271,
          1253,
          795,
          853,
          541,
          603,
          1735,
          1279,
          612,
          569,
          1186,
          1313,
          1233,
          886,
          937,
          1134,
          1132,
          979,
          861,
          1843,
          1802,
          1369,
          1303,
          851,
          820,
          984,
          1041,
          1192,
          882,
          1069,
          1106,
          1256,
          1184,
          820,
          649,
          1730,
          1730,
          649
        ],
        "makespan_mean": 1088.425,
        "rew_worst_quantile_border": 0.0,
        "rew_cvar": 0.0,
        "rew_perc_good_solutions": 1.0,
        "num_tests": 40,
        "running_time": [
          0.0067632198333740234,
          0.006259918212890625,
          0.028100252151489258,
          0.028187274932861328,
          0.007801055908203125,
          0.007824897766113281,
          0.0017278194427490234,
          0.001729726791381836,
          0.06104326248168945,
          0.028362035751342773,
          0.0018448829650878906,
          0.0018019676208496094,
          0.04367709159851074,
          0.043211936950683594,
          0.04263019561767578,
          0.003674030303955078,
          0.0036721229553222656,
          0.006273031234741211,
          0.0060732364654541016,
          0.016319990158081055,
          0.007911205291748047,
          0.05942893028259277,
          0.060125112533569336,
          0.04251813888549805,
          0.042836904525756836,
          0.0036170482635498047,
          0.003645181655883789,
          0.01642918586730957,
          0.016674041748046875,
          0.006289005279541016,
          0.0037369728088378906,
          0.01595902442932129,
          0.016211986541748047,
          0.027691125869750977,
          0.027232885360717773,
          0.007727146148681641,
          0.007813692092895508,
          0.06071901321411133,
          0.06101489067077637,
          0.001920938491821289
        ]
      },
      "test-data-file-names": [
        "la12.fjs",
        "la13.fjs",
        "la26.fjs",
        "la27.fjs",
        "la18.fjs",
        "la19.fjs",
        "la05.fjs",
        "la04.fjs",
        "la31.fjs",
        "la30.fjs",
        "la02.fjs",
        "la03.fjs",
        "la36.fjs",
        "la37.fjs",
        "la40.fjs",
        "la08.fjs",
        "la09.fjs",
        "la15.fjs",
        "la14.fjs",
        "la21.fjs",
        "la20.fjs",
        "la32.fjs",
        "la33.fjs",
        "la38.fjs",
        "la39.fjs",
        "la06.fjs",
        "la07.fjs",
        "la25.fjs",
        "la24.fjs",
        "la11.fjs",
        "la10.fjs",
        "la22.fjs",
        "la23.fjs",
        "la28.fjs",
        "la29.fjs",
        "la16.fjs",
        "la17.fjs",
        "la35.fjs",
        "la34.fjs",
        "la01.fjs"
      ]
    },
    {
      "agent": {
        "rew_mean": 0.0,
        "rew_std": 0.0,
        "rew_best": 0.0,
        "rew_best_count": 40,
        "rew_worst": 0.0,
        "tardiness_mean": 0.0,
        "tardiness_std": 0.0,
        "tardiness_max_mean": 0.0,
        "makespan_tests": [
          995,
          1090,
          1271,
          1253,
          795,
          853,
          541,
          603,
          1735,
          1279,
          612,
          569,
          1186,
          1313,
          1233,
          886,
          937,
          1134,
          1132,
          979,
          861,
          1843,
          1802,
          1369,
          1303,
          851,
          820,
          984,
          1041,
          1192,
          882,
          1069,
          1106,
          1256,
          1184,
          820,
          649,
          1730,
          1730,
          649
        ],
        "makespan_mean": 1088.425,
        "rew_worst_quantile_border": 0.0,
        "rew_cvar": 0.0,
        "rew_perc_good_solutions": 1.0,
        "num_tests": 40,
        "running_time": [
          0.005897998809814453,
          0.0058481693267822266,
          0.02711176872253418,
          0.027090787887573242,
          0.007684230804443359,
          0.007611989974975586,
          0.0016520023345947266,
          0.0016980171203613281,
          0.05926990509033203,
          0.029696941375732422,
          0.001783132553100586,
          0.0017461776733398438,
          0.04388117790222168,
          0.04262566566467285,
          0.042276859283447266,
          0.003741025924682617,
          0.0036361217498779297,
          0.006094932556152344,
          0.0059108734130859375,
          0.016349315643310547,
          0.007880210876464844,
          0.05901503562927246,
          0.05889105796813965,
          0.042585134506225586,
          0.042919158935546875,
          0.0035490989685058594,
          0.0034568309783935547,
          0.0169222354888916,
          0.01674485206604004,
          0.00616908073425293,
          0.003708362579345703,
          0.016044139862060547,
          0.01666426658630371,
          0.027563095092773438,
          0.027392148971557617,
          0.007854938507080078,
          0.007919788360595703,
          0.061805009841918945,
          0.061437129974365234,
          0.0019741058349609375
        ]
      },
      "test-data-file-names": [
        "la12.fjs",
        "la13.fjs",
        "la26.fjs",
        "la27.fjs",
        "la18.fjs",
        "la19.fjs",
        "la05.fjs",
        "la04.fjs",
        "la31.fjs",
        "la30.fjs",
        "la02.fjs",
        "la03.fjs",
        "la36.fjs",
        "la37.fjs",
        "la40.fjs",
        "la08.fjs",
        "la09.fjs",
        "la15.fjs",
        "la14.fjs",
        "la21.fjs",
        "la20.fjs",
        "la32.fjs",
        "la33.fjs",
        "la38.fjs",
        "la39.fjs",
        "la06.fjs",
        "la07.fjs",
        "la25.fjs",
        "la24.fjs",
        "la11.fjs",
        "la10.fjs",
        "la22.fjs",
        "la23.fjs",
        "la28.fjs",
        "la29.fjs",
        "la16.fjs",
        "la17.fjs",
        "la35.fjs",
        "la34.fjs",
        "la01.fjs"
      ]
    },
    {
      "agent": {
        "rew_mean": 0.0,
        "rew_std": 0.0,
        "rew_best": 0.0,
        "rew_best_count": 40,
        "rew_worst": 0.0,
        "tardiness_mean": 0.0,
        "tardiness_std": 0.0,
        "tardiness_max_mean": 0.0,
        "makespan_tests": [
          995,
          1090,
          1271,
          1253,
          795,
          853,
          541,
          603,
          1735,
          1279,
          612,
          569,
          1186,
          1313,
          1233,
          886,
          937,
          1134,
          1132,
          979,
          861,
          1843,
          1802,
          1369,
          1303,
          851,
          820,
          984,
          1041,
          1192,
          882,
          1069,
          1106,
          1256,
          1184,
          820,
          649,
          1730,
          1730,
          649
        ],
        "makespan_mean": 1088.425,
        "rew_worst_quantile_border": 0.0,
        "rew_cvar": 0.0,
        "rew_perc_good_solutions": 1.0,
        "num_tests": 40,