{
  "agent": {
    "rew_mean": 0.0,
    "rew_std": 0.0,
    "rew_best": 0.0,
    "rew_best_count": 40,
    "rew_worst": 0.0,
    "tardiness_mean": 0.0,
    "tardiness_std": 0.0,
    "tardiness_max_mean": 0.0,
    "makespan_tests": [
      995,
      1090,
      1271,
      1253,
      795,
      853,
      541,
      603,
      1735,
      1279,
      612,
      569,
      1186,
      1313,
      1233,
      886,
      937,
      1134,
      1132,
      979,
      861,
      1843,
      1802,
      1369,
      1303,
      851,
      820,
      984,
      1041,
      1192,
      882,
      1069,
      1106,
      1256,
      1184,
      820,
      649,
      1730,
      1730,
      649
    ],
    "makespan_mean": 1088.425,
    "rew_worst_quantile_border": 0.0,
    "rew_cvar": 0.0,
    "rew_perc_good_solutions": 1.0,
    "num_tests": 40,
    "running_time": [
      0.008236885070800781,
      0.008195877075195312,
      0.03263592720031738,
      0.032071828842163086,
      0.009737968444824219,
      0.00948786735534668,
      0.002315044403076172,
      0.002276182174682617,
      0.06871986389160156,
      0.03249812126159668,
      0.0024242401123046875,
      0.0023660659790039062,
      0.0485689640045166,
      0.04833197593688965,
      0.04758310317993164,
      0.004868745803833008,
      0.004739046096801758,
      0.008340835571289062,
      0.007928133010864258,
      0.023785829544067383,
      0.009499073028564453,
      0.0682973861694336,
      0.0675048828125,
      0.04793286323547363,
      0.047998905181884766,
      0.004648923873901367,
      0.0046939849853515625,
      0.01941990852355957,
      0.0192718505859375,
      0.007901906967163086,
      0.0048389434814453125,
      0.018662214279174805,
      0.019134044647216797,
      0.03198719024658203,
      0.03126788139343262,
      0.009387016296386719,
      0.009425163269042969,
      0.06868195533752441,
      0.06887674331665039,
      0.0025730133056640625
    ]
  },
  "test-data-file-names": [
    "la12.fjs",
    "la13.fjs",
    "la26.fjs",
    "la27.fjs",
    "la18.fjs",
    "la19.fjs",
    "la05.fjs",
    "la04.fjs",
    "la31.fjs",
    "la30.fjs",
    "la02.fjs",
    "la03.fjs",
    "la36.fjs",
    "la37.fjs",
    "la40.fjs",
    "la08.fjs",
    "la09.fjs",
    "la15.fjs",
    "la14.fjs",
    "la21.fjs",
    "la20.fjs",
    "la32.fjs",
    "la33.fjs",
    "la38.fjs",
    "la39.fjs",
    "la06.fjs",
    "la07.fjs",
    "la25.fjs",
    "la24.fjs",
    "la11.fjs",
    "la10.fjs",
    "la22.fjs",
    "la23.fjs",
    "la28.fjs",
    "la29.fjs",
    "la16.fjs",
    "la17.fjs",
    "la35.fjs",
    "la34.fjs",
    "la01.fjs"
  ]
}