{
  "agent": {
    "rew_mean": 0.0,
    "rew_std": 0.0,
    "rew_best": 0.0,
    "rew_best_count": 40,
    "rew_worst": 0.0,
    "tardiness_mean": 0.0,
    "tardiness_std": 0.0,
    "tardiness_max_mean": 0.0,
    "makespan_tests": [
      964,
      1048,
      1100,
      1150,
      672,
      782,
      552,
      547,
      1582,
      1145,
      592,
      532,
      1112,
      1187,
      1149,
      796,
      877,
      1104,
      1081,
      980,
      756,
      1714,
      1557,
      1131,
      1080,
      851,
      776,
      922,
      907,
      1088,
      851,
      854,
      965,
      1173,
      1092,
      753,
      657,
      1610,
      1580,
      613
    ],
    "makespan_mean": 997.05,
    "rew_worst_quantile_border": 0.0,
    "rew_cvar": 0.0,
    "rew_perc_good_solutions": 1.0,
    "num_tests": 40,
    "running_time": [
      0.006291866302490234,
      0.006208896636962891,
      0.027999401092529297,
      0.02783489227294922,
      0.00781393051147461,
      0.007791996002197266,
      0.0017561912536621094,
      0.0017750263214111328,
      0.06060314178466797,
      0.02862095832824707,
      0.0018689632415771484,
      0.0018169879913330078,
      0.04414057731628418,
      0.04314589500427246,
      0.042591094970703125,
      0.003813028335571289,
      0.0037539005279541016,
      0.006428241729736328,
      0.0062062740325927734,
      0.016750812530517578,
      0.008064985275268555,
      0.06068110466003418,
      0.06017780303955078,
      0.04319310188293457,
      0.0433809757232666,
      0.0037271976470947266,
      0.003688812255859375,
      0.016553878784179688,
      0.01661205291748047,
      0.006290912628173828,
      0.0038077831268310547,
      0.016148090362548828,
      0.016196250915527344,
      0.027614355087280273,
      0.02755904197692871,
      0.007880926132202148,
      0.007956981658935547,
      0.06152796745300293,
      0.06101584434509277,
      0.0019390583038330078
    ]
  },
  "test-data-file-names": [
    "la12.fjs",
    "la13.fjs",
    "la26.fjs",
    "la27.fjs",
    "la18.fjs",
    "la19.fjs",
    "la05.fjs",
    "la04.fjs",
    "la31.fjs",
    "la30.fjs",
    "la02.fjs",
    "la03.fjs",
    "la36.fjs",
    "la37.fjs",
    "la40.fjs",
    "la08.fjs",
    "la09.fjs",
    "la15.fjs",
    "la14.fjs",
    "la21.fjs",
    "la20.fjs",
    "la32.fjs",
    "la33.fjs",
    "la38.fjs",
    "la39.fjs",
    "la06.fjs",
    "la07.fjs",
    "la25.fjs",
    "la24.fjs",
    "la11.fjs",
    "la10.fjs",
    "la22.fjs",
    "la23.fjs",
    "la28.fjs",
    "la29.fjs",
    "la16.fjs",
    "la17.fjs",
    "la35.fjs",
    "la34.fjs",
    "la01.fjs"
  ]
}