{
  "agent": {
    "rew_mean": 0.0,
    "rew_std": 0.0,
    "rew_best": 0.0,
    "rew_best_count": 40,
    "rew_worst": 0.0,
    "tardiness_mean": 0.0,
    "tardiness_std": 0.0,
    "tardiness_max_mean": 0.0,
    "makespan_tests": [
      1031,
      1093,
      1172,
      1199,
      692,
      680,
      538,
      668,
      1608,
      1191,
      618,
      530,
      1041,
      1055,
      1027,
      812,
      915,
      1128,
      1147,
      946,
      756,
      1793,
      1630,
      996,
      1039,
      866,
      794,
      919,
      900,
      1177,
      896,
      899,
      942,
      1197,
      1137,
      728,
      646,
      1669,
      1628,
      666
    ],
    "makespan_mean": 1009.225,
    "rew_worst_quantile_border": 0.0,
    "rew_cvar": 0.0,
    "rew_perc_good_solutions": 1.0,
    "num_tests": 40,
    "running_time": [
      0.008755922317504883,
      0.008791208267211914,
      0.032881975173950195,
      0.032793283462524414,
      0.008895158767700195,
      0.008877992630004883,
      0.002330780029296875,
      0.0022978782653808594,
      0.07224607467651367,
      0.03257322311401367,
      0.0024051666259765625,
      0.002376079559326172,
      0.04701519012451172,
      0.047425031661987305,
      0.04752683639526367,
      0.0050542354583740234,
      0.005040884017944336,
      0.008735895156860352,
      0.00857400894165039,
      0.019269943237304688,
      0.009032011032104492,
      0.07155609130859375,
      0.07076001167297363,
      0.047127723693847656,
      0.04855680465698242,
      0.0050029754638671875,
      0.005129098892211914,
      0.019197940826416016,
      0.018943071365356445,
      0.008632183074951172,
      0.005099058151245117,
      0.018501996994018555,
      0.018494844436645508,
      0.032032012939453125,
      0.03167223930358887,
      0.008881807327270508,
      0.009023904800415039,
      0.07226395606994629,
      0.07220792770385742,
      0.002460002899169922
    ]
  },
  "test-data-file-names": [
    "la12.fjs",
    "la13.fjs",
    "la26.fjs",
    "la27.fjs",
    "la18.fjs",
    "la19.fjs",
    "la05.fjs",
    "la04.fjs",
    "la31.fjs",
    "la30.fjs",
    "la02.fjs",
    "la03.fjs",
    "la36.fjs",
    "la37.fjs",
    "la40.fjs",
    "la08.fjs",
    "la09.fjs",
    "la15.fjs",
    "la14.fjs",
    "la21.fjs",
    "la20.fjs",
    "la32.fjs",
    "la33.fjs",
    "la38.fjs",
    "la39.fjs",
    "la06.fjs",
    "la07.fjs",
    "la25.fjs",
    "la24.fjs",
    "la11.fjs",
    "la10.fjs",
    "la22.fjs",
    "la23.fjs",
    "la28.fjs",
    "la29.fjs",
    "la16.fjs",
    "la17.fjs",
    "la35.fjs",
    "la34.fjs",
    "la01.fjs"
  ]
}