{
  "runs": [
    {
      "agent": {
        "rew_mean": 0.0,
        "rew_std": 0.0,
        "rew_best": 0.0,
        "rew_best_count": 40,
        "rew_worst": 0.0,
        "tardiness_mean": 0.0,
        "tardiness_std": 0.0,
        "tardiness_max_mean": 0.0,
        "makespan_tests": [
          1183,
          1290,
          1431,
          1350,
          767,
          1002,
          634,
          698,
          1821,
          1325,
          749,
          596,
          1189,
          1264,
          1279,
          937,
          1043,
          1275,
          1222,
          1101,
          756,
          1943,
          1921,
          1169,
          1250,
          1042,
          1070,
          1019,
          1051,
          1185,
          891,
          899,
          1140,
          1401,
          1274,
          854,
          738,
          2026,
          1925,
          699
        ],
        "makespan_mean": 1160.225,
        "rew_worst_quantile_border": 0.0,
        "rew_cvar": 0.0,
        "rew_perc_good_solutions": 1.0,
        "num_tests": 40,
        "running_time": [
          0.014562845230102539,
          0.016073942184448242,
          0.07210421562194824,
          0.07474613189697266,
          0.01691722869873047,
          0.016047239303588867,
          0.0030488967895507812,
          0.003560781478881836,
          0.1632981300354004,
          0.06668901443481445,
          0.0037970542907714844,
          0.003876209259033203,
          0.09981298446655273,
          0.09573793411254883,
          0.09429574012756348,
          0.00911092758178711,
          0.008812904357910156,
          0.01633596420288086,
          0.014263153076171875,
          0.04030585289001465,
          0.017627954483032227,
          0.17073822021484375,
          0.1661539077758789,
          0.08664083480834961,
          0.09369897842407227,
          0.007905960083007812,
          0.007735252380371094,
          0.041262149810791016,
          0.04422187805175781,
          0.014807939529418945,
          0.009256124496459961,
          0.03656601905822754,
          0.03928089141845703,
          0.06827712059020996,
          0.0697171688079834,
          0.01632213592529297,
          0.0162045955657959,
          0.15987515449523926,
          0.20456600189208984,
          0.008442878723144531
        ]
      },
      "test-data-file-names": [
        "la12.fjs",
        "la13.fjs",
        "la26.fjs",
        "la27.fjs",
        "la18.fjs",
        "la19.fjs",
        "la05.fjs",
        "la04.fjs",
        "la31.fjs",
        "la30.fjs",
        "la02.fjs",
        "la03.fjs",
        "la36.fjs",
        "la37.fjs",
        "la40.fjs",
        "la08.fjs",
        "la09.fjs",
        "la15.fjs",
        "la14.fjs",
        "la21.fjs",
        "la20.fjs",
        "la32.fjs",
        "la33.fjs",
        "la38.fjs",
        "la39.fjs",
        "la06.fjs",
        "la07.fjs",
        "la25.fjs",
        "la24.fjs",
        "la11.fjs",
        "la10.fjs",
        "la22.fjs",
        "la23.fjs",
        "la28.fjs",
        "la29.fjs",
        "la16.fjs",
        "la17.fjs",
        "la35.fjs",
        "la34.fjs",
        "la01.fjs"
      ]
    },
    {
      "agent": {
        "rew_mean": 0.0,
        "rew_std": 0.0,
        "rew_best": 0.0,
        "rew_best_count": 40,
        "rew_worst": 0.0,
        "tardiness_mean": 0.0,
        "tardiness_std": 0.0,
        "tardiness_max_mean": 0.0,
        "makespan_tests": [
          1184,
          1258,
          1706,
          1683,
          881,
          929,
          712,
          756,
          2123,
          1421,
          817,
          674,
          1476,
          1470,
          1406,
          885,
          1130,
          1357,
          1383,
          1339,
          966,
          2161,
          2121,
          1453,
          1776,
          987,
          997,
          1221,
          1165,
          1470,
          909,
          1213,
          1203,
          1740,
          1401,
          889,
          726,
          2005,
          2088,
          784
        ],
        "makespan_mean": 1296.625,
        "rew_worst_quantile_border": 0.0,
        "rew_cvar": 0.0,
        "rew_perc_good_solutions": 1.0,
        "num_tests": 40,
        "running_time": [
          0.02306199073791504,
          0.03814506530761719,
          0.1312730312347412,
          0.08403897285461426,
          0.02944016456604004,
          0.01647186279296875,
          0.009453058242797852,
          0.005896329879760742,
          0.19893312454223633,
          0.06866097450256348,
          0.0065729618072509766,
          0.0036139488220214844,
          0.09475088119506836,
          0.09285306930541992,
          0.10063409805297852,
          0.00835108757019043,
          0.008717060089111328,
          0.016230106353759766,
          0.013486862182617188,
          0.03380084037780762,
          0.016803264617919922,
          0.15655016899108887,
          0.15189194679260254,
          0.07945585250854492,
          0.08349919319152832,
          0.007972955703735352,
          0.007612943649291992,
          0.03581500053405762,
          0.040396928787231445,
          0.01495504379272461,
          0.009213924407958984,
          0.03403496742248535,
          0.03733396530151367,
          0.05724692344665527,
          0.06346273422241211,
          0.015570878982543945,
          0.01481485366821289,
          0.1517319679260254,
          0.16731786727905273,
          0.0038909912109375
        ]
      },
      "test-data-file-names": [
        "la12.fjs",
        "la13.fjs",
        "la26.fjs",
        "la27.fjs",
        "la18.fjs",
        "la19.fjs",
        "la05.fjs",
        "la04.fjs",
        "la31.fjs",
        "la30.fjs",
        "la02.fjs",
        "la03.fjs",
        "la36.fjs",
        "la37.fjs",
        "la40.fjs",
        "la08.fjs",
        "la09.fjs",
        "la15.fjs",
        "la14.fjs",
        "la21.fjs",
        "la20.fjs",
        "la32.fjs",
        "la33.fjs",
        "la38.fjs",
        "la39.fjs",
        "la06.fjs",
        "la07.fjs",
        "la25.fjs",
        "la24.fjs",
        "la11.fjs",
        "la10.fjs",
        "la22.fjs",
        "la23.fjs",
        "la28.fjs",
        "la29.fjs",
        "la16.fjs",
        "la17.fjs",
        "la35.fjs",
        "la34.fjs",
        "la01.fjs"
      ]
    },
    {
      "agent": {
        "rew_mean": 0.0,
        "rew_std": 0.0,
        "rew_best": 0.0,
        "rew_best_count": 40,
        "rew_worst": 0.0,
        "tardiness_mean": 0.0,
        "tardiness_std": 0.0,
        "tardiness_max_mean": 0.0,
        "makespan_tests": [
          1198,
          1269,
          1577,
          1716,
          881,
          1194,
          720,
          756,
          2255,
          1462,
          779,
          598,
          1599,
          1486,
          1276,
          995,
          1144,
          1233,
          1330,
          1420,
          935,
          2175,
          2024,
          1528,
          1620,
          987,
          1027,
          1150,
          1221,
          1470,
          916,
          1121,
          1390,
          1482,
          1528,
          952,
          778,
          2028,
          2088,
          784
        ],
        "makespan_mean": 1302.3,
        "rew_worst_quantile_border": 0.0,
        "rew_cvar": 0.0,
        "rew_perc_good_solutions": 1.0,
        "num_tests": 40,