{
  "agent": {
    "rew_mean": 0.0,
    "rew_std": 0.0,
    "rew_best": 0.0,
    "rew_best_count": 40,
    "rew_worst": 0.0,
    "tardiness_mean": 0.0,
    "tardiness_std": 0.0,
    "tardiness_max_mean": 0.0,
    "makespan_tests": [
      1179,
      1233,
      1494,
      1467,
      862,
      942,
      716,
      691,
      2028,
      1562,
      676,
      635,
      1214,
      1469,
      1441,
      1120,
      1083,
      1271,
      1220,
      1286,
      913,
      2122,
      2027,
      1185,
      1418,
      956,
      998,
      1312,
      1163,
      1308,
      982,
      1107,
      1209,
      1386,
      1584,
      770,
      746,
      2020,
      1956,
      735
    ],
    "makespan_mean": 1237.15,
    "rew_worst_quantile_border": 0.0,
    "rew_cvar": 0.0,
    "rew_perc_good_solutions": 1.0,
    "num_tests": 40,
    "running_time": [
      0.02063584327697754,
      0.023131132125854492,
      0.07774019241333008,
      0.060423851013183594,
      0.019617080688476562,
      0.01882195472717285,
      0.0022928714752197266,
      0.002850770950317383,
      0.16940093040466309,
      0.062242984771728516,
      0.0035560131072998047,
      0.003139019012451172,
      0.09087729454040527,
      0.08777379989624023,
      0.07888674736022949,
      0.006609201431274414,
      0.006933927536010742,
      0.012847185134887695,
      0.01109623908996582,
      0.03147602081298828,
      0.014108896255493164,
      0.13590288162231445,
      0.1408069133758545,
      0.08401799201965332,
      0.08029794692993164,
      0.006491184234619141,
      0.0060999393463134766,
      0.031183242797851562,
      0.034957170486450195,
      0.012372970581054688,
      0.0074367523193359375,
      0.03027510643005371,
      0.03243088722229004,
      0.05656599998474121,
      0.056880950927734375,
      0.014847993850708008,
      0.015119075775146484,
      0.13698172569274902,
      0.14991998672485352,
      0.0030961036682128906
    ]
  },
  "test-data-file-names": [
    "la12.fjs",
    "la13.fjs",
    "la26.fjs",
    "la27.fjs",
    "la18.fjs",
    "la19.fjs",
    "la05.fjs",
    "la04.fjs",
    "la31.fjs",
    "la30.fjs",
    "la02.fjs",
    "la03.fjs",
    "la36.fjs",
    "la37.fjs",
    "la40.fjs",
    "la08.fjs",
    "la09.fjs",
    "la15.fjs",
    "la14.fjs",
    "la21.fjs",
    "la20.fjs",
    "la32.fjs",
    "la33.fjs",
    "la38.fjs",
    "la39.fjs",
    "la06.fjs",
    "la07.fjs",
    "la25.fjs",
    "la24.fjs",
    "la11.fjs",
    "la10.fjs",
    "la22.fjs",
    "la23.fjs",
    "la28.fjs",
    "la29.fjs",
    "la16.fjs",
    "la17.fjs",
    "la35.fjs",
    "la34.fjs",
    "la01.fjs"
  ]
}