{
  "runs": [
    {
      "agent": {
        "rew_mean": 0.0,
        "rew_std": 0.0,
        "rew_best": 0.0,
        "rew_best_count": 40,
        "rew_worst": 0.0,
        "tardiness_mean": 0.0,
        "tardiness_std": 0.0,
        "tardiness_max_mean": 0.0,
        "makespan_tests": [
          959,
          1075,
          1174,
          1181,
          711,
          692,
          525,
          621,
          1620,
          1189,
          595,
          516,
          977,
          1027,
          965,
          824,
          896,
          1120,
          1139,
          902,
          756,
          1752,
          1607,
          1000,
          976,
          856,
          820,
          873,
          899,
          1136,
          858,
          861,
          921,
          1194,
          1121,
          717,
          646,
          1695,
          1641,
          615
        ],
        "makespan_mean": 991.3,
        "rew_worst_quantile_border": 0.0,
        "rew_cvar": 0.0,
        "rew_perc_good_solutions": 1.0,
        "num_tests": 40,
        "running_time": [
          0.006006002426147461,
          0.005826234817504883,
          0.027197837829589844,
          0.02828693389892578,
          0.007495880126953125,
          0.007470130920410156,
          0.0015900135040283203,
          0.0015621185302734375,
          0.060072898864746094,
          0.027240991592407227,
          0.0016791820526123047,
          0.0016889572143554688,
          0.04184770584106445,
          0.041877031326293945,
          0.04203605651855469,
          0.003519296646118164,
          0.0035071372985839844,
          0.005949974060058594,
          0.005883216857910156,
          0.01618814468383789,
          0.007498025894165039,
          0.06942486763000488,
          0.07283711433410645,
          0.04558515548706055,
          0.06170177459716797,
          0.005304098129272461,
          0.0077440738677978516,
          0.020153045654296875,
          0.024247169494628906,
          0.009260177612304688,
          0.0062558650970458984,
          0.04558706283569336,
          0.030864953994750977,
          0.04944205284118652,
          0.07495999336242676,
          0.023438692092895508,
          0.01093602180480957,
          0.10345005989074707,
          0.06931114196777344,
          0.0017240047454833984
        ]
      },
      "test-data-file-names": [
        "la12.fjs",
        "la13.fjs",
        "la26.fjs",
        "la27.fjs",
        "la18.fjs",
        "la19.fjs",
        "la05.fjs",
        "la04.fjs",
        "la31.fjs",
        "la30.fjs",
        "la02.fjs",
        "la03.fjs",
        "la36.fjs",
        "la37.fjs",
        "la40.fjs",
        "la08.fjs",
        "la09.fjs",
        "la15.fjs",
        "la14.fjs",
        "la21.fjs",
        "la20.fjs",
        "la32.fjs",
        "la33.fjs",
        "la38.fjs",
        "la39.fjs",
        "la06.fjs",
        "la07.fjs",
        "la25.fjs",
        "la24.fjs",
        "la11.fjs",
        "la10.fjs",
        "la22.fjs",
        "la23.fjs",
        "la28.fjs",
        "la29.fjs",
        "la16.fjs",
        "la17.fjs",
        "la35.fjs",
        "la34.fjs",
        "la01.fjs"
      ]
    },
    {
      "agent": {
        "rew_mean": 0.0,
        "rew_std": 0.0,
        "rew_best": 0.0,
        "rew_best_count": 40,
        "rew_worst": 0.0,
        "tardiness_mean": 0.0,
        "tardiness_std": 0.0,
        "tardiness_max_mean": 0.0,
        "makespan_tests": [
          988,
          1056,
          1159,
          1198,
          674,
          685,
          525,
          568,
          1624,
          1199,
          578,
          534,
          990,
          1069,
          990,
          801,
          914,
          1107,
          1138,
          908,
          756,
          1769,
          1592,
          982,
          987,
          844,
          837,
          876,
          866,
          1142,
          885,
          869,
          912,
          1174,
          1099,
          717,
          646,
          1671,
          1652,
          604
        ],
        "makespan_mean": 989.625,
        "rew_worst_quantile_border": 0.0,
        "rew_cvar": 0.0,
        "rew_perc_good_solutions": 1.0,
        "num_tests": 40,
        "running_time": [
          0.00688481330871582,
          0.006618976593017578,
          0.034235239028930664,
          0.032646894454956055,
          0.0073931217193603516,
          0.008227825164794922,
          0.0016410350799560547,
          0.001583099365234375,
          0.06672096252441406,
          0.03776717185974121,
          0.0016841888427734375,
          0.001628875732421875,
          0.04788494110107422,
          0.048542022705078125,
          0.04575204849243164,
          0.003484964370727539,
          0.0034837722778320312,
          0.00687408447265625,
          0.005881071090698242,
          0.021090030670166016,
          0.00757908821105957,
          0.0770270824432373,
          0.06444692611694336,
          0.045436859130859375,
          0.04386496543884277,
          0.0033807754516601562,
          0.003426074981689453,
          0.01807093620300293,
          0.020409107208251953,
          0.006827116012573242,
          0.003771066665649414,
          0.017482995986938477,
          0.016824007034301758,
          0.027206897735595703,
          0.02677297592163086,
          0.007372140884399414,
          0.007528066635131836,
          0.06030011177062988,
          0.061061859130859375,
          0.0017299652099609375
        ]
      },
      "test-data-file-names": [
        "la12.fjs",
        "la13.fjs",
        "la26.fjs",
        "la27.fjs",
        "la18.fjs",
        "la19.fjs",
        "la05.fjs",
        "la04.fjs",
        "la31.fjs",
        "la30.fjs",
        "la02.fjs",
        "la03.fjs",
        "la36.fjs",
        "la37.fjs",
        "la40.fjs",
        "la08.fjs",
        "la09.fjs",
        "la15.fjs",
        "la14.fjs",
        "la21.fjs",
        "la20.fjs",
        "la32.fjs",
        "la33.fjs",
        "la38.fjs",
        "la39.fjs",
        "la06.fjs",
        "la07.fjs",
        "la25.fjs",
        "la24.fjs",
        "la11.fjs",
        "la10.fjs",
        "la22.fjs",
        "la23.fjs",
        "la28.fjs",
        "la29.fjs",
        "la16.fjs",
        "la17.fjs",
        "la35.fjs",
        "la34.fjs",
        "la01.fjs"
      ]
    },
    {
      "agent": {
        "rew_mean": 0.0,
        "rew_std": 0.0,
        "rew_best": 0.0,
        "rew_best_count": 40,
        "rew_worst": 0.0,
        "tardiness_mean": 0.0,
        "tardiness_std": 0.0,
        "tardiness_max_mean": 0.0,
        "makespan_tests": [
          988,
          1056,
          1159,
          1198,
          674,
          685,
          525,
          568,
          1624,
          1199,
          578,
          534,
          990,
          1069,
          990,
          801,
          914,
          1107,
          1138,
          908,
          756,
          1769,
          1592,
          982,
          987,
          844,
          837,
          876,
          866,
          1142,
          885,
          869,
          912,
          1174,
          1099,
          717,
          646,
          1671,
          1652,
          604
        ],
        "makespan_mean": 989.625,
        "rew_worst_quantile_border": 0.0,
        "rew_cvar": 0.0,
        "rew_perc_good_solutions": 1.0,
        "num_tests": 40,