{
  "agent": {
    "rew_mean": 0.0,
    "rew_std": 0.0,
    "rew_best": 0.0,
    "rew_best_count": 50,
    "rew_worst": 0.0,
    "tardiness_mean": 0.0,
    "tardiness_std": 0.0,
    "tardiness_max_mean": 0.0,
    "makespan_tests": [
      20480,
      538440,
      15660,
      112200,
      20690,
      24916,
      219500,
      49800,
      3577000,
      81920,
      14265,
      323460,
      660700,
      45840,
      190798,
      689100,
      4737360,
      5565855,
      524660,
      2270200,
      796800,
      1221750,
      71364,
      310760,
      846400,
      834600,
      855900,
      1081390,
      489000,
      729820,
      2392000,
      772600,
      56355,
      63168,
      626600,
      97704,
      491300,
      147680,
      498940,
      669500,
      241492,
      3516600,
      24600,
      17480,
      4483520,
      16992,
      111300,
      42664,
      13890,
      153200
    ],
    "makespan_mean": 827164.26,
    "rew_worst_quantile_border": 0.0,
    "rew_cvar": 0.0,
    "rew_perc_good_solutions": 1.0,
    "num_tests": 50,
    "running_time": [
      0.0056209564208984375,
      0.2936687469482422,
      0.006876945495605469,
      0.007483959197998047,
      0.0039899349212646484,
      0.006306886672973633,
      0.0050449371337890625,
      0.009077072143554688,
      0.5091028213500977,
      0.029731035232543945,
      0.0038988590240478516,
      0.14897680282592773,
      0.03917694091796875,
      0.02366781234741211,
      0.016291141510009766,
      0.03189206123352051,
      0.6489429473876953,
      0.13887405395507812,
      0.12824392318725586,
      1.240001916885376,
      0.052645206451416016,
      0.011313199996948242,
      0.041467905044555664,
      0.2616109848022461,
      0.29503798484802246,
      0.0724020004272461,
      0.07214474678039551,
      0.07567286491394043,
      0.22413086891174316,
      0.7057850360870361,
      1.2073071002960205,
      0.05197477340698242,
      0.007526874542236328,
      0.0337679386138916,
      0.03148293495178223,
      0.09275388717651367,
      0.28403210639953613,
      0.15125298500061035,
      0.029014110565185547,
      0.03901791572570801,
      0.025030851364135742,
      0.5023300647735596,
      0.0019240379333496094,
      0.002207040786743164,
      2.2463631629943848,
      0.0028378963470458984,
      0.0073697566986083984,
      0.05136919021606445,
      0.005075931549072266,
      0.005342960357666016
    ]
  },
  "test-data-file-names": [
    "bom_wide_2_7_20_5_No1",
    "bom_wide_5_9_15_5_No1",
    "bom_wide_2_7_20_10_No1",
    "bom_wide_2_10_30_15_No2",
    "bom_wide_2_11_13_5_No2",
    "bom_wide_2_9_10_5_No1",
    "bom_wide_2_10_10_5_No2",
    "bom_wide_4_6_16_4_No1",
    "bom_wide_5_10_10_5_No1",
    "bom_wide_3_7_10_5_No1",
    "bom_wide_3_5_16_4_No1",
    "bom_wide_5_6_20_4_No2",
    "bom_wide_3_10_30_15_No2",
    "bom_wide_3_7_15_5_No1",
    "bom_wide_3_8_15_5_No2",
    "bom_wide_3_10_10_5_No2",
    "bom_wide_5_3_10_5_No1",
    "bom_wide_4_8_10_5_No2",
    "bom_wide_5_8_20_5_No2",
    "bom_wide_5_10_30_15_No2",
    "bom_wide_4_10_10_5_No1",
    "bom_wide_5_4_16_4_No2",
    "bom_wide_3_9_15_5_No1",
    "bom_wide_4_7_12_5_No1",
    "bom_wide_4_6_40_15_No1",
    "bom_wide_4_10_30_15_No2",
    "bom_wide_4_10_30_15_No1",
    "bom_wide_4_7_12_5_No2",
    "bom_wide_4_6_40_15_No2",
    "bom_wide_5_8_20_5_No1",
    "bom_wide_5_10_30_15_No1",
    "bom_wide_4_10_10_5_No2",
    "bom_wide_5_4_16_4_No1",
    "bom_wide_3_9_15_5_No2",
    "bom_wide_3_10_10_5_No1",
    "bom_wide_3_8_15_5_No1",
    "bom_wide_5_3_10_5_No2",
    "bom_wide_4_8_10_5_No1",
    "bom_wide_5_6_20_4_No1",
    "bom_wide_3_10_30_15_No1",
    "bom_wide_4_6_16_4_No2",
    "bom_wide_5_10_10_5_No2",
    "bom_wide_3_5_16_4_No2",
    "bom_wide_2_7_20_5_No2",
    "bom_wide_5_9_15_5_No2",
    "bom_wide_2_7_20_10_No2",
    "bom_wide_2_10_30_15_No1",
    "bom_wide_2_11_13_5_No1",
    "bom_wide_2_9_10_5_No2",
    "bom_wide_2_10_10_5_No1"
  ]
}