{
  "agent": {
    "rew_mean": 0.0,
    "rew_std": 0.0,
    "rew_best": 0.0,
    "rew_best_count": 50,
    "rew_worst": 0.0,
    "tardiness_mean": 0.0,
    "tardiness_std": 0.0,
    "tardiness_max_mean": 0.0,
    "makespan_tests": [
      18380,
      542600,
      18200,
      111600,
      20340,
      26424,
      219500,
      50912,
      3569900,
      86880,
      14265,
      323460,
      660700,
      43760,
      190798,
      588300,
      4736660,
      5615920,
      518600,
      2270200,
      796800,
      1221750,
      71996,
      308640,
      846400,
      834600,
      855900,
      1079720,
      509800,
      727380,
      2392000,
      772600,
      56355,
      63948,
      604000,
      99068,
      492080,
      149540,
      498940,
      669500,
      241492,
      3510500,
      24600,
      17480,
      4480880,
      16992,
      111300,
      42720,
      14323,
      159600
    ],
    "makespan_mean": 825966.06,
    "rew_worst_quantile_border": 0.0,
    "rew_cvar": 0.0,
    "rew_perc_good_solutions": 1.0,
    "num_tests": 50,
    "running_time": [
      0.010478973388671875,
      0.6478819847106934,
      0.011329174041748047,
      0.01235508918762207,
      0.00799417495727539,
      0.01232290267944336,
      0.01056814193725586,
      0.01657700538635254,
      1.129065990447998,
      0.06185317039489746,
      0.0065610408782958984,
      0.30461788177490234,
      0.0677030086517334,
      0.04818010330200195,
      0.03421807289123535,
      0.07011795043945312,
      1.4491851329803467,
      0.3136880397796631,
      0.26760196685791016,
      2.301373243331909,
      0.11358284950256348,
      0.020734310150146484,
      0.09157705307006836,
      0.5672550201416016,
      0.5610768795013428,
      0.1309950351715088,
      0.1321711540222168,
      0.15596389770507812,
      0.40712499618530273,
      1.5341360569000244,
      2.3214237689971924,
      0.11299300193786621,
      0.013784170150756836,
      0.0715339183807373,
      0.07000112533569336,
      0.20362496376037598,
      0.6275277137756348,
      0.3311343193054199,
      0.059216976165771484,
      0.06818199157714844,
      0.0529179573059082,
      1.1229450702667236,
      0.003300189971923828,
      0.003965854644775391,
      5.188608884811401,
      0.004256725311279297,
      0.01213693618774414,
      0.11032676696777344,
      0.009516000747680664,
      0.010567903518676758
    ]
  },
  "test-data-file-names": [
    "bom_wide_2_7_20_5_No1",
    "bom_wide_5_9_15_5_No1",
    "bom_wide_2_7_20_10_No1",
    "bom_wide_2_10_30_15_No2",
    "bom_wide_2_11_13_5_No2",
    "bom_wide_2_9_10_5_No1",
    "bom_wide_2_10_10_5_No2",
    "bom_wide_4_6_16_4_No1",
    "bom_wide_5_10_10_5_No1",
    "bom_wide_3_7_10_5_No1",
    "bom_wide_3_5_16_4_No1",
    "bom_wide_5_6_20_4_No2",
    "bom_wide_3_10_30_15_No2",
    "bom_wide_3_7_15_5_No1",
    "bom_wide_3_8_15_5_No2",
    "bom_wide_3_10_10_5_No2",
    "bom_wide_5_3_10_5_No1",
    "bom_wide_4_8_10_5_No2",
    "bom_wide_5_8_20_5_No2",
    "bom_wide_5_10_30_15_No2",
    "bom_wide_4_10_10_5_No1",
    "bom_wide_5_4_16_4_No2",
    "bom_wide_3_9_15_5_No1",
    "bom_wide_4_7_12_5_No1",
    "bom_wide_4_6_40_15_No1",
    "bom_wide_4_10_30_15_No2",
    "bom_wide_4_10_30_15_No1",
    "bom_wide_4_7_12_5_No2",
    "bom_wide_4_6_40_15_No2",
    "bom_wide_5_8_20_5_No1",
    "bom_wide_5_10_30_15_No1",
    "bom_wide_4_10_10_5_No2",
    "bom_wide_5_4_16_4_No1",
    "bom_wide_3_9_15_5_No2",
    "bom_wide_3_10_10_5_No1",
    "bom_wide_3_8_15_5_No1",
    "bom_wide_5_3_10_5_No2",
    "bom_wide_4_8_10_5_No1",
    "bom_wide_5_6_20_4_No1",
    "bom_wide_3_10_30_15_No1",
    "bom_wide_4_6_16_4_No2",
    "bom_wide_5_10_10_5_No2",
    "bom_wide_3_5_16_4_No2",
    "bom_wide_2_7_20_5_No2",
    "bom_wide_5_9_15_5_No2",
    "bom_wide_2_7_20_10_No2",
    "bom_wide_2_10_30_15_No1",
    "bom_wide_2_11_13_5_No1",
    "bom_wide_2_9_10_5_No2",
    "bom_wide_2_10_10_5_No1"
  ]
}