{
  "agent": {
    "rew_mean": 0.0,
    "rew_std": 0.0,
    "rew_best": 0.0,
    "rew_best_count": 50,
    "rew_worst": 0.0,
    "tardiness_mean": 0.0,
    "tardiness_std": 0.0,
    "tardiness_max_mean": 0.0,
    "makespan_tests": [
      22060,
      592748,
      17860,
      111600,
      20340,
      25584,
      219500,
      49800,
      3570500,
      87500,
      14265,
      323460,
      660700,
      43620,
      190798,
      689100,
      4742780,
      5784360,
      818940,
      2270200,
      796800,
      1221750,
      72204,
      314360,
      846400,
      834600,
      855900,
      1079690,
      593400,
      731200,
      2392000,
      905800,
      56355,
      63064,
      621400,
      101752,
      499720,
      149680,
      498940,
      669500,
      247908,
      3510900,
      24600,
      18660,
      4488980,
      16992,
      111300,
      43376,
      17900,
      166700
    ],
    "makespan_mean": 844150.92,
    "rew_worst_quantile_border": 0.0,
    "rew_cvar": 0.0,
    "rew_perc_good_solutions": 1.0,
    "num_tests": 50,
    "running_time": [
      0.005824089050292969,
      0.31587886810302734,
      0.006144046783447266,
      0.006449222564697266,
      0.003896951675415039,
      0.006146907806396484,
      0.0050048828125,
      0.008925914764404297,
      0.5598890781402588,
      0.03078007698059082,
      0.003468036651611328,
      0.15204286575317383,
      0.03757596015930176,
      0.025203227996826172,
      0.01696634292602539,
      0.033289194107055664,
      0.6936523914337158,
      0.15059280395507812,
      0.13491106033325195,
      1.2566158771514893,
      0.0550999641418457,
      0.010982275009155273,
      0.044544219970703125,
      0.28107595443725586,
      0.31107425689697266,
      0.07141494750976562,
      0.07251191139221191,
      0.07968425750732422,
      0.2244408130645752,
      0.7749471664428711,
      1.280946969985962,
      0.05443620681762695,
      0.00734400749206543,
      0.035894155502319336,
      0.033978939056396484,
      0.09914183616638184,
      0.30714893341064453,
      0.16312313079833984,
      0.03039097785949707,
      0.03741025924682617,
      0.026672840118408203,
      0.5462439060211182,
      0.0018281936645507812,
      0.0020270347595214844,
      2.4781229496002197,
      0.0023651123046875,
      0.00647282600402832,
      0.05241966247558594,
      0.004815101623535156,
      0.005159139633178711
    ]
  },
  "test-data-file-names": [
    "bom_wide_2_7_20_5_No1",
    "bom_wide_5_9_15_5_No1",
    "bom_wide_2_7_20_10_No1",
    "bom_wide_2_10_30_15_No2",
    "bom_wide_2_11_13_5_No2",
    "bom_wide_2_9_10_5_No1",
    "bom_wide_2_10_10_5_No2",
    "bom_wide_4_6_16_4_No1",
    "bom_wide_5_10_10_5_No1",
    "bom_wide_3_7_10_5_No1",
    "bom_wide_3_5_16_4_No1",
    "bom_wide_5_6_20_4_No2",
    "bom_wide_3_10_30_15_No2",
    "bom_wide_3_7_15_5_No1",
    "bom_wide_3_8_15_5_No2",
    "bom_wide_3_10_10_5_No2",
    "bom_wide_5_3_10_5_No1",
    "bom_wide_4_8_10_5_No2",
    "bom_wide_5_8_20_5_No2",
    "bom_wide_5_10_30_15_No2",
    "bom_wide_4_10_10_5_No1",
    "bom_wide_5_4_16_4_No2",
    "bom_wide_3_9_15_5_No1",
    "bom_wide_4_7_12_5_No1",
    "bom_wide_4_6_40_15_No1",
    "bom_wide_4_10_30_15_No2",
    "bom_wide_4_10_30_15_No1",
    "bom_wide_4_7_12_5_No2",
    "bom_wide_4_6_40_15_No2",
    "bom_wide_5_8_20_5_No1",
    "bom_wide_5_10_30_15_No1",
    "bom_wide_4_10_10_5_No2",
    "bom_wide_5_4_16_4_No1",
    "bom_wide_3_9_15_5_No2",
    "bom_wide_3_10_10_5_No1",
    "bom_wide_3_8_15_5_No1",
    "bom_wide_5_3_10_5_No2",
    "bom_wide_4_8_10_5_No1",
    "bom_wide_5_6_20_4_No1",
    "bom_wide_3_10_30_15_No1",
    "bom_wide_4_6_16_4_No2",
    "bom_wide_5_10_10_5_No2",
    "bom_wide_3_5_16_4_No2",
    "bom_wide_2_7_20_5_No2",
    "bom_wide_5_9_15_5_No2",
    "bom_wide_2_7_20_10_No2",
    "bom_wide_2_10_30_15_No1",
    "bom_wide_2_11_13_5_No1",
    "bom_wide_2_9_10_5_No2",
    "bom_wide_2_10_10_5_No1"
  ]
}