{
  "agent": {
    "rew_mean": 0.0,
    "rew_std": 0.0,
    "rew_best": 0.0,
    "rew_best_count": 50,
    "rew_worst": 0.0,
    "tardiness_mean": 0.0,
    "tardiness_std": 0.0,
    "tardiness_max_mean": 0.0,
    "makespan_tests": [
      18760,
      546008,
      15660,
      112200,
      20340,
      24824,
      219500,
      50912,
      3569600,
      82020,
      14265,
      323460,
      660700,
      43460,
      190798,
      689100,
      4739380,
      5631575,
      549860,
      2270200,
      796800,
      1221750,
      72452,
      309500,
      846400,
      834600,
      855900,
      1081265,
      524200,
      729140,
      2392000,
      796900,
      56355,
      64616,
      626600,
      98344,
      494760,
      148420,
      498940,
      669500,
      241492,
      3504100,
      24600,
      17480,
      4483180,
      16992,
      111300,
      42448,
      14094,
      157400
    ],
    "makespan_mean": 830083.0,
    "rew_worst_quantile_border": 0.0,
    "rew_cvar": 0.0,
    "rew_perc_good_solutions": 1.0,
    "num_tests": 50,
    "running_time": [
      0.0025391578674316406,
      0.1472170352935791,
      0.003100156784057617,
      0.0035457611083984375,
      0.0017232894897460938,
      0.002666950225830078,
      0.0021080970764160156,
      0.004272937774658203,
      0.2513418197631836,
      0.013484001159667969,
      0.0016779899597167969,
      0.07701373100280762,
      0.02194690704345703,
      0.011411905288696289,
      0.007674217224121094,
      0.013651847839355469,
      0.3045358657836914,
      0.06440401077270508,
      0.06981205940246582,
      0.7285902500152588,
      0.024507761001586914,
      0.005786895751953125,
      0.01946282386779785,
      0.11978912353515625,
      0.16678619384765625,
      0.039202213287353516,
      0.04128909111022949,
      0.03948211669921875,
      0.1300499439239502,
      0.3651282787322998,
      0.712684154510498,
      0.023786067962646484,
      0.0036950111389160156,
      0.015976905822753906,
      0.013816118240356445,
      0.04246997833251953,
      0.13451409339904785,
      0.06930685043334961,
      0.015032052993774414,
      0.020565032958984375,
      0.012080192565917969,
      0.2415478229522705,
      0.0009119510650634766,
      0.0010039806365966797,
      1.1215400695800781,
      0.0012691020965576172,
      0.003609895706176758,
      0.021820783615112305,
      0.002096891403198242,
      0.0021979808807373047
    ]
  },
  "test-data-file-names": [
    "bom_wide_2_7_20_5_No1",
    "bom_wide_5_9_15_5_No1",
    "bom_wide_2_7_20_10_No1",
    "bom_wide_2_10_30_15_No2",
    "bom_wide_2_11_13_5_No2",
    "bom_wide_2_9_10_5_No1",
    "bom_wide_2_10_10_5_No2",
    "bom_wide_4_6_16_4_No1",
    "bom_wide_5_10_10_5_No1",
    "bom_wide_3_7_10_5_No1",
    "bom_wide_3_5_16_4_No1",
    "bom_wide_5_6_20_4_No2",
    "bom_wide_3_10_30_15_No2",
    "bom_wide_3_7_15_5_No1",
    "bom_wide_3_8_15_5_No2",
    "bom_wide_3_10_10_5_No2",
    "bom_wide_5_3_10_5_No1",
    "bom_wide_4_8_10_5_No2",
    "bom_wide_5_8_20_5_No2",
    "bom_wide_5_10_30_15_No2",
    "bom_wide_4_10_10_5_No1",
    "bom_wide_5_4_16_4_No2",
    "bom_wide_3_9_15_5_No1",
    "bom_wide_4_7_12_5_No1",
    "bom_wide_4_6_40_15_No1",
    "bom_wide_4_10_30_15_No2",
    "bom_wide_4_10_30_15_No1",
    "bom_wide_4_7_12_5_No2",
    "bom_wide_4_6_40_15_No2",
    "bom_wide_5_8_20_5_No1",
    "bom_wide_5_10_30_15_No1",
    "bom_wide_4_10_10_5_No2",
    "bom_wide_5_4_16_4_No1",
    "bom_wide_3_9_15_5_No2",
    "bom_wide_3_10_10_5_No1",
    "bom_wide_3_8_15_5_No1",
    "bom_wide_5_3_10_5_No2",
    "bom_wide_4_8_10_5_No1",
    "bom_wide_5_6_20_4_No1",
    "bom_wide_3_10_30_15_No1",
    "bom_wide_4_6_16_4_No2",
    "bom_wide_5_10_10_5_No2",
    "bom_wide_3_5_16_4_No2",
    "bom_wide_2_7_20_5_No2",
    "bom_wide_5_9_15_5_No2",
    "bom_wide_2_7_20_10_No2",
    "bom_wide_2_10_30_15_No1",
    "bom_wide_2_11_13_5_No1",
    "bom_wide_2_9_10_5_No2",
    "bom_wide_2_10_10_5_No1"
  ]
}