{
  "agent": {
    "rew_mean": 0.0,
    "rew_std": 0.0,
    "rew_best": 0.0,
    "rew_best_count": 50,
    "rew_worst": 0.0,
    "tardiness_mean": 0.0,
    "tardiness_std": 0.0,
    "tardiness_max_mean": 0.0,
    "makespan_tests": [
      22880,
      595448,
      17860,
      111600,
      20690,
      26636,
      219500,
      49800,
      3617900,
      87360,
      18540,
      323460,
      660700,
      46360,
      190798,
      689100,
      4738960,
      5985405,
      818940,
      2270200,
      796800,
      1221750,
      75624,
      312980,
      846400,
      834600,
      855900,
      1079725,
      519000,
      733740,
      2392000,
      887000,
      56355,
      69800,
      615400,
      109252,
      497000,
      148860,
      514900,
      669500,
      333764,
      3528300,
      24600,
      17852,
      4490760,
      16992,
      111300,
      44944,
      17360,
      166400
    ],
    "makespan_mean": 850019.9,
    "rew_worst_quantile_border": 0.0,
    "rew_cvar": 0.0,
    "rew_perc_good_solutions": 1.0,
    "num_tests": 50,
    "running_time": [
      0.0043752193450927734,
      0.21700286865234375,
      0.004824161529541016,
      0.005491971969604492,
      0.0028600692749023438,
      0.0045468807220458984,
      0.003498077392578125,
      0.006658077239990234,
      0.3611338138580322,
      0.021233081817626953,
      0.002634763717651367,
      0.10695338249206543,
      0.02898693084716797,
      0.016991376876831055,
      0.011295080184936523,
      0.021457910537719727,
      0.4513559341430664,
      0.09574580192565918,
      0.09464502334594727,
      0.9229860305786133,
      0.037268877029418945,
      0.008404016494750977,
      0.030658721923828125,
      0.1849501132965088,
      0.22069406509399414,
      0.05487394332885742,
      0.054447174072265625,
      0.05363774299621582,
      0.16557097434997559,
      0.5086140632629395,
      0.9377288818359375,
      0.03718090057373047,
      0.005498170852661133,
      0.024254798889160156,
      0.02153611183166504,
      0.06622624397277832,
      0.20105314254760742,
      0.1140899658203125,
      0.023115158081054688,
      0.028930187225341797,
      0.01794290542602539,
      0.35900211334228516,
      0.0014081001281738281,
      0.001608133316040039,
      1.7431449890136719,
      0.0021431446075439453,
      0.00586700439453125,
      0.03548598289489746,
      0.003548860549926758,
      0.0036399364471435547
    ]
  },
  "test-data-file-names": [
    "bom_wide_2_7_20_5_No1",
    "bom_wide_5_9_15_5_No1",
    "bom_wide_2_7_20_10_No1",
    "bom_wide_2_10_30_15_No2",
    "bom_wide_2_11_13_5_No2",
    "bom_wide_2_9_10_5_No1",
    "bom_wide_2_10_10_5_No2",
    "bom_wide_4_6_16_4_No1",
    "bom_wide_5_10_10_5_No1",
    "bom_wide_3_7_10_5_No1",
    "bom_wide_3_5_16_4_No1",
    "bom_wide_5_6_20_4_No2",
    "bom_wide_3_10_30_15_No2",
    "bom_wide_3_7_15_5_No1",
    "bom_wide_3_8_15_5_No2",
    "bom_wide_3_10_10_5_No2",
    "bom_wide_5_3_10_5_No1",
    "bom_wide_4_8_10_5_No2",
    "bom_wide_5_8_20_5_No2",
    "bom_wide_5_10_30_15_No2",
    "bom_wide_4_10_10_5_No1",
    "bom_wide_5_4_16_4_No2",
    "bom_wide_3_9_15_5_No1",
    "bom_wide_4_7_12_5_No1",
    "bom_wide_4_6_40_15_No1",
    "bom_wide_4_10_30_15_No2",
    "bom_wide_4_10_30_15_No1",
    "bom_wide_4_7_12_5_No2",
    "bom_wide_4_6_40_15_No2",
    "bom_wide_5_8_20_5_No1",
    "bom_wide_5_10_30_15_No1",
    "bom_wide_4_10_10_5_No2",
    "bom_wide_5_4_16_4_No1",
    "bom_wide_3_9_15_5_No2",
    "bom_wide_3_10_10_5_No1",
    "bom_wide_3_8_15_5_No1",
    "bom_wide_5_3_10_5_No2",
    "bom_wide_4_8_10_5_No1",
    "bom_wide_5_6_20_4_No1",
    "bom_wide_3_10_30_15_No1",
    "bom_wide_4_6_16_4_No2",
    "bom_wide_5_10_10_5_No2",
    "bom_wide_3_5_16_4_No2",
    "bom_wide_2_7_20_5_No2",
    "bom_wide_5_9_15_5_No2",
    "bom_wide_2_7_20_10_No2",
    "bom_wide_2_10_30_15_No1",
    "bom_wide_2_11_13_5_No1",
    "bom_wide_2_9_10_5_No2",
    "bom_wide_2_10_10_5_No1"
  ]
}