{
  "agent": {
    "rew_mean": 0.0,
    "rew_std": 0.0,
    "rew_best": 0.0,
    "rew_best_count": 50,
    "rew_worst": 0.0,
    "tardiness_mean": 0.0,
    "tardiness_std": 0.0,
    "tardiness_max_mean": 0.0,
    "makespan_tests": [
      18760,
      546008,
      15660,
      112200,
      20340,
      24824,
      219500,
      50912,
      3569600,
      82240,
      14265,
      323460,
      660700,
      43460,
      190798,
      689100,
      4735500,
      5631575,
      549860,
      2270200,
      796800,
      1221750,
      72452,
      309420,
      846400,
      834600,
      855900,
      1081265,
      508400,
      729140,
      2392000,
      796900,
      56355,
      64616,
      626600,
      98344,
      496140,
      147160,
      498940,
      669500,
      241492,
      3504100,
      24600,
      17480,
      4486320,
      16992,
      111300,
      42124,
      14094,
      157400
    ],
    "makespan_mean": 829750.92,
    "rew_worst_quantile_border": 0.0,
    "rew_cvar": 0.0,
    "rew_perc_good_solutions": 1.0,
    "num_tests": 50,
    "running_time": [
      0.005942106246948242,
      0.31919097900390625,
      0.006690025329589844,
      0.0073451995849609375,
      0.004210948944091797,
      0.006510019302368164,
      0.0052030086517333984,
      0.009250164031982422,
      0.5575392246246338,
      0.031334877014160156,
      0.0037109851837158203,
      0.1532289981842041,
      0.03965401649475098,
      0.025548934936523438,
      0.01770806312561035,
      0.03494381904602051,
      0.736379861831665,
      0.16668391227722168,
      0.1442410945892334,
      1.2747910022735596,
      0.055773019790649414,
      0.011328935623168945,
      0.04613208770751953,
      0.28914308547973633,
      0.3210771083831787,
      0.0789182186126709,
      0.08147025108337402,
      0.08545184135437012,
      0.23456573486328125,
      0.7811160087585449,
      1.3804051876068115,
      0.06367897987365723,
      0.008613824844360352,
      0.04634404182434082,
      0.05161285400390625,
      0.11750912666320801,
      0.32491111755371094,
      0.17177104949951172,
      0.031629085540771484,
      0.04018282890319824,
      0.027704954147338867,
      0.5569109916687012,
      0.0019483566284179688,
      0.002249002456665039,
      2.533281087875366,
      0.002679109573364258,
      0.007554054260253906,
      0.05580615997314453,
      0.005230903625488281,
      0.00549006462097168
    ]
  },
  "test-data-file-names": [
    "bom_wide_2_7_20_5_No1",
    "bom_wide_5_9_15_5_No1",
    "bom_wide_2_7_20_10_No1",
    "bom_wide_2_10_30_15_No2",
    "bom_wide_2_11_13_5_No2",
    "bom_wide_2_9_10_5_No1",
    "bom_wide_2_10_10_5_No2",
    "bom_wide_4_6_16_4_No1",
    "bom_wide_5_10_10_5_No1",
    "bom_wide_3_7_10_5_No1",
    "bom_wide_3_5_16_4_No1",
    "bom_wide_5_6_20_4_No2",
    "bom_wide_3_10_30_15_No2",
    "bom_wide_3_7_15_5_No1",
    "bom_wide_3_8_15_5_No2",
    "bom_wide_3_10_10_5_No2",
    "bom_wide_5_3_10_5_No1",
    "bom_wide_4_8_10_5_No2",
    "bom_wide_5_8_20_5_No2",
    "bom_wide_5_10_30_15_No2",
    "bom_wide_4_10_10_5_No1",
    "bom_wide_5_4_16_4_No2",
    "bom_wide_3_9_15_5_No1",
    "bom_wide_4_7_12_5_No1",
    "bom_wide_4_6_40_15_No1",
    "bom_wide_4_10_30_15_No2",
    "bom_wide_4_10_30_15_No1",
    "bom_wide_4_7_12_5_No2",
    "bom_wide_4_6_40_15_No2",
    "bom_wide_5_8_20_5_No1",
    "bom_wide_5_10_30_15_No1",
    "bom_wide_4_10_10_5_No2",
    "bom_wide_5_4_16_4_No1",
    "bom_wide_3_9_15_5_No2",
    "bom_wide_3_10_10_5_No1",
    "bom_wide_3_8_15_5_No1",
    "bom_wide_5_3_10_5_No2",
    "bom_wide_4_8_10_5_No1",
    "bom_wide_5_6_20_4_No1",
    "bom_wide_3_10_30_15_No1",
    "bom_wide_4_6_16_4_No2",
    "bom_wide_5_10_10_5_No2",
    "bom_wide_3_5_16_4_No2",
    "bom_wide_2_7_20_5_No2",
    "bom_wide_5_9_15_5_No2",
    "bom_wide_2_7_20_10_No2",
    "bom_wide_2_10_30_15_No1",
    "bom_wide_2_11_13_5_No1",
    "bom_wide_2_9_10_5_No2",
    "bom_wide_2_10_10_5_No1"
  ]
}