{
  "agent": {
    "rew_mean": 0.0,
    "rew_std": 0.0,
    "rew_best": 0.0,
    "rew_best_count": 50,
    "rew_worst": 0.0,
    "tardiness_mean": 0.0,
    "tardiness_std": 0.0,
    "tardiness_max_mean": 0.0,
    "makespan_tests": [
      22060,
      592748,
      17860,
      111600,
      20340,
      25584,
      219500,
      49800,
      3570500,
      87500,
      14265,
      323460,
      660700,
      43620,
      190798,
      689100,
      4742780,
      5784360,
      818940,
      2270200,
      796800,
      1221750,
      72204,
      314360,
      846400,
      834600,
      855900,
      1079690,
      593400,
      731200,
      2392000,
      905800,
      56355,
      63064,
      621400,
      101752,
      499720,
      149680,
      498940,
      669500,
      247908,
      3510900,
      24600,
      18660,
      4488980,
      16992,
      111300,
      43376,
      17900,
      166700
    ],
    "makespan_mean": 844150.92,
    "rew_worst_quantile_border": 0.0,
    "rew_cvar": 0.0,
    "rew_perc_good_solutions": 1.0,
    "num_tests": 50,
    "running_time": [
      0.002429962158203125,
      0.14108705520629883,
      0.0028390884399414062,
      0.0031909942626953125,
      0.0016109943389892578,
      0.002485990524291992,
      0.0019812583923339844,
      0.004117012023925781,
      0.2354288101196289,
      0.01230311393737793,
      0.0015528202056884766,
      0.07081723213195801,
      0.019041061401367188,
      0.010358810424804688,
      0.007058858871459961,
      0.012980937957763672,
      0.2908191680908203,
      0.06207108497619629,
      0.06424903869628906,
      0.6776869297027588,
      0.022697925567626953,
      0.0054950714111328125,
      0.018670082092285156,
      0.1153268814086914,
      0.15953588485717773,
      0.0371549129486084,
      0.037106990814208984,
      0.035463809967041016,
      0.1195988655090332,
      0.345444917678833,
      0.6772317886352539,
      0.022861719131469727,
      0.0034608840942382812,
      0.015319108963012695,
      0.01312398910522461,
      0.04084610939025879,
      0.129349946975708,
      0.06616330146789551,
      0.014319181442260742,
      0.018951892852783203,
      0.011567115783691406,
      0.2358388900756836,
      0.0008859634399414062,
      0.0009279251098632812,
      1.0677239894866943,
      0.0011217594146728516,
      0.0030891895294189453,
      0.020083189010620117,
      0.0019230842590332031,
      0.002022981643676758
    ]
  },
  "test-data-file-names": [
    "bom_wide_2_7_20_5_No1",
    "bom_wide_5_9_15_5_No1",
    "bom_wide_2_7_20_10_No1",
    "bom_wide_2_10_30_15_No2",
    "bom_wide_2_11_13_5_No2",
    "bom_wide_2_9_10_5_No1",
    "bom_wide_2_10_10_5_No2",
    "bom_wide_4_6_16_4_No1",
    "bom_wide_5_10_10_5_No1",
    "bom_wide_3_7_10_5_No1",
    "bom_wide_3_5_16_4_No1",
    "bom_wide_5_6_20_4_No2",
    "bom_wide_3_10_30_15_No2",
    "bom_wide_3_7_15_5_No1",
    "bom_wide_3_8_15_5_No2",
    "bom_wide_3_10_10_5_No2",
    "bom_wide_5_3_10_5_No1",
    "bom_wide_4_8_10_5_No2",
    "bom_wide_5_8_20_5_No2",
    "bom_wide_5_10_30_15_No2",
    "bom_wide_4_10_10_5_No1",
    "bom_wide_5_4_16_4_No2",
    "bom_wide_3_9_15_5_No1",
    "bom_wide_4_7_12_5_No1",
    "bom_wide_4_6_40_15_No1",
    "bom_wide_4_10_30_15_No2",
    "bom_wide_4_10_30_15_No1",
    "bom_wide_4_7_12_5_No2",
    "bom_wide_4_6_40_15_No2",
    "bom_wide_5_8_20_5_No1",
    "bom_wide_5_10_30_15_No1",
    "bom_wide_4_10_10_5_No2",
    "bom_wide_5_4_16_4_No1",
    "bom_wide_3_9_15_5_No2",
    "bom_wide_3_10_10_5_No1",
    "bom_wide_3_8_15_5_No1",
    "bom_wide_5_3_10_5_No2",
    "bom_wide_4_8_10_5_No1",
    "bom_wide_5_6_20_4_No1",
    "bom_wide_3_10_30_15_No1",
    "bom_wide_4_6_16_4_No2",
    "bom_wide_5_10_10_5_No2",
    "bom_wide_3_5_16_4_No2",
    "bom_wide_2_7_20_5_No2",
    "bom_wide_5_9_15_5_No2",
    "bom_wide_2_7_20_10_No2",
    "bom_wide_2_10_30_15_No1",
    "bom_wide_2_11_13_5_No1",
    "bom_wide_2_9_10_5_No2",
    "bom_wide_2_10_10_5_No1"
  ]
}