{
  "agent": {
    "rew_mean": 0.0,
    "rew_std": 0.0,
    "rew_best": 0.0,
    "rew_best_count": 50,
    "rew_worst": 0.0,
    "tardiness_mean": 0.0,
    "tardiness_std": 0.0,
    "tardiness_max_mean": 0.0,
    "makespan_tests": [
      21260,
      543788,
      15660,
      112200,
      20690,
      24320,
      219500,
      49800,
      3583100,
      85360,
      14265,
      323460,
      660700,
      46040,
      190798,
      586100,
      4742320,
      5565885,
      523940,
      2270200,
      796800,
      1221750,
      73232,
      312700,
      846400,
      834600,
      855900,
      1079090,
      502800,
      733100,
      2392000,
      772600,
      56355,
      64268,
      604000,
      97932,
      491900,
      147760,
      498940,
      669500,
      241492,
      3525700,
      24600,
      17480,
      4484280,
      16992,
      111300,
      41752,
      15035,
      162900
    ],
    "makespan_mean": 825850.88,
    "rew_worst_quantile_border": 0.0,
    "rew_cvar": 0.0,
    "rew_perc_good_solutions": 1.0,
    "num_tests": 50,
    "running_time": [
      0.0022101402282714844,
      0.12450790405273438,
      0.002717256546020508,
      0.0031518936157226562,
      0.0014910697937011719,
      0.0022470951080322266,
      0.0017731189727783203,
      0.0037000179290771484,
      0.2070629596710205,
      0.01091623306274414,
      0.0014491081237792969,
      0.06585979461669922,
      0.01848292350769043,
      0.009295940399169922,
      0.0065670013427734375,
      0.011402130126953125,
      0.2601590156555176,
      0.05469489097595215,
      0.05906414985656738,
      0.6709671020507812,
      0.020664215087890625,
      0.005052089691162109,
      0.018125057220458984,
      0.10647177696228027,
      0.1528167724609375,
      0.03623318672180176,
      0.036296844482421875,
      0.032151222229003906,
      0.11523699760437012,
      0.3108401298522949,
      0.6541130542755127,
      0.020507097244262695,
      0.003287076950073242,
      0.013782024383544922,
      0.011616945266723633,
      0.03670001029968262,
      0.13965296745300293,
      0.0612642765045166,
      0.013345956802368164,
      0.018783092498779297,
      0.010309219360351562,
      0.22150874137878418,
      0.0007808208465576172,
      0.00084686279296875,
      0.9698288440704346,
      0.0011138916015625,
      0.003175020217895508,
      0.0183560848236084,
      0.0017590522766113281,
      0.0018508434295654297
    ]
  },
  "test-data-file-names": [
    "bom_wide_2_7_20_5_No1",
    "bom_wide_5_9_15_5_No1",
    "bom_wide_2_7_20_10_No1",
    "bom_wide_2_10_30_15_No2",
    "bom_wide_2_11_13_5_No2",
    "bom_wide_2_9_10_5_No1",
    "bom_wide_2_10_10_5_No2",
    "bom_wide_4_6_16_4_No1",
    "bom_wide_5_10_10_5_No1",
    "bom_wide_3_7_10_5_No1",
    "bom_wide_3_5_16_4_No1",
    "bom_wide_5_6_20_4_No2",
    "bom_wide_3_10_30_15_No2",
    "bom_wide_3_7_15_5_No1",
    "bom_wide_3_8_15_5_No2",
    "bom_wide_3_10_10_5_No2",
    "bom_wide_5_3_10_5_No1",
    "bom_wide_4_8_10_5_No2",
    "bom_wide_5_8_20_5_No2",
    "bom_wide_5_10_30_15_No2",
    "bom_wide_4_10_10_5_No1",
    "bom_wide_5_4_16_4_No2",
    "bom_wide_3_9_15_5_No1",
    "bom_wide_4_7_12_5_No1",
    "bom_wide_4_6_40_15_No1",
    "bom_wide_4_10_30_15_No2",
    "bom_wide_4_10_30_15_No1",
    "bom_wide_4_7_12_5_No2",
    "bom_wide_4_6_40_15_No2",
    "bom_wide_5_8_20_5_No1",
    "bom_wide_5_10_30_15_No1",
    "bom_wide_4_10_10_5_No2",
    "bom_wide_5_4_16_4_No1",
    "bom_wide_3_9_15_5_No2",
    "bom_wide_3_10_10_5_No1",
    "bom_wide_3_8_15_5_No1",
    "bom_wide_5_3_10_5_No2",
    "bom_wide_4_8_10_5_No1",
    "bom_wide_5_6_20_4_No1",
    "bom_wide_3_10_30_15_No1",
    "bom_wide_4_6_16_4_No2",
    "bom_wide_5_10_10_5_No2",
    "bom_wide_3_5_16_4_No2",
    "bom_wide_2_7_20_5_No2",
    "bom_wide_5_9_15_5_No2",
    "bom_wide_2_7_20_10_No2",
    "bom_wide_2_10_30_15_No1",
    "bom_wide_2_11_13_5_No1",
    "bom_wide_2_9_10_5_No2",
    "bom_wide_2_10_10_5_No1"
  ]
}