{
  "agent": {
    "rew_mean": 0.0,
    "rew_std": 0.0,
    "rew_best": 0.0,
    "rew_best_count": 50,
    "rew_worst": 0.0,
    "tardiness_mean": 0.0,
    "tardiness_std": 0.0,
    "tardiness_max_mean": 0.0,
    "makespan_tests": [
      20560,
      544928,
      15660,
      112200,
      20340,
      23900,
      219500,
      49800,
      3576000,
      84060,
      14265,
      323460,
      660700,
      44080,
      190798,
      592000,
      4735680,
      6087220,
      818940,
      2270200,
      806500,
      1221750,
      71808,
      308600,
      846400,
      834600,
      855900,
      1080450,
      489800,
      726900,
      2392000,
      796900,
      56355,
      62984,
      604000,
      98284,
      492500,
      148980,
      498940,
      669500,
      246156,
      3512700,
      24600,
      17480,
      4486000,
      16992,
      111300,
      42144,
      16812,
      157800
    ],
    "makespan_mean": 841988.52,
    "rew_worst_quantile_border": 0.0,
    "rew_cvar": 0.0,
    "rew_perc_good_solutions": 1.0,
    "num_tests": 50,
    "running_time": [
      0.0019829273223876953,
      0.12927722930908203,
      0.003638744354248047,
      0.0032813549041748047,
      0.0013210773468017578,
      0.002805948257446289,
      0.0015611648559570312,
      0.003589153289794922,
      0.21768498420715332,
      0.009433746337890625,
      0.001239776611328125,
      0.05928182601928711,
      0.016602039337158203,
      0.008312225341796875,
      0.005608081817626953,
      0.009851932525634766,
      0.28645920753479004,
      0.0541079044342041,
      0.05346179008483887,
      0.6565239429473877,
      0.019071102142333984,
      0.0050890445709228516,
      0.015630006790161133,
      0.09855103492736816,
      0.1565718650817871,
      0.04220390319824219,
      0.04041290283203125,
      0.031746864318847656,
      0.11324787139892578,
      0.3409461975097656,
      0.6153378486633301,
      0.018165111541748047,
      0.0029036998748779297,
      0.012001991271972656,
      0.00997018814086914,
      0.031339168548583984,
      0.1018211841583252,
      0.0504908561706543,
      0.012141227722167969,
      0.016744136810302734,
      0.009200811386108398,
      0.19712209701538086,
      0.0007123947143554688,
      0.0007622241973876953,
      0.8623759746551514,
      0.0010151863098144531,
      0.0028879642486572266,
      0.015757083892822266,
      0.0014789104461669922,
      0.0015597343444824219
    ]
  },
  "test-data-file-names": [
    "bom_wide_2_7_20_5_No1",
    "bom_wide_5_9_15_5_No1",
    "bom_wide_2_7_20_10_No1",
    "bom_wide_2_10_30_15_No2",
    "bom_wide_2_11_13_5_No2",
    "bom_wide_2_9_10_5_No1",
    "bom_wide_2_10_10_5_No2",
    "bom_wide_4_6_16_4_No1",
    "bom_wide_5_10_10_5_No1",
    "bom_wide_3_7_10_5_No1",
    "bom_wide_3_5_16_4_No1",
    "bom_wide_5_6_20_4_No2",
    "bom_wide_3_10_30_15_No2",
    "bom_wide_3_7_15_5_No1",
    "bom_wide_3_8_15_5_No2",
    "bom_wide_3_10_10_5_No2",
    "bom_wide_5_3_10_5_No1",
    "bom_wide_4_8_10_5_No2",
    "bom_wide_5_8_20_5_No2",
    "bom_wide_5_10_30_15_No2",
    "bom_wide_4_10_10_5_No1",
    "bom_wide_5_4_16_4_No2",
    "bom_wide_3_9_15_5_No1",
    "bom_wide_4_7_12_5_No1",
    "bom_wide_4_6_40_15_No1",
    "bom_wide_4_10_30_15_No2",
    "bom_wide_4_10_30_15_No1",
    "bom_wide_4_7_12_5_No2",
    "bom_wide_4_6_40_15_No2",
    "bom_wide_5_8_20_5_No1",
    "bom_wide_5_10_30_15_No1",
    "bom_wide_4_10_10_5_No2",
    "bom_wide_5_4_16_4_No1",
    "bom_wide_3_9_15_5_No2",
    "bom_wide_3_10_10_5_No1",
    "bom_wide_3_8_15_5_No1",
    "bom_wide_5_3_10_5_No2",
    "bom_wide_4_8_10_5_No1",
    "bom_wide_5_6_20_4_No1",
    "bom_wide_3_10_30_15_No1",
    "bom_wide_4_6_16_4_No2",
    "bom_wide_5_10_10_5_No2",
    "bom_wide_3_5_16_4_No2",
    "bom_wide_2_7_20_5_No2",
    "bom_wide_5_9_15_5_No2",
    "bom_wide_2_7_20_10_No2",
    "bom_wide_2_10_30_15_No1",
    "bom_wide_2_11_13_5_No1",
    "bom_wide_2_9_10_5_No2",
    "bom_wide_2_10_10_5_No1"
  ]
}