{
  "agent": {
    "rew_mean": 0.0,
    "rew_std": 0.0,
    "rew_best": 0.0,
    "rew_best_count": 50,
    "rew_worst": 0.0,
    "tardiness_mean": 0.0,
    "tardiness_std": 0.0,
    "tardiness_max_mean": 0.0,
    "makespan_tests": [
      20480,
      538440,
      15660,
      112200,
      20690,
      24916,
      219500,
      49800,
      3576000,
      81920,
      14265,
      323460,
      660700,
      45840,
      190798,
      689100,
      4737360,
      5565855,
      524660,
      2270200,
      796800,
      1221750,
      71364,
      310760,
      846400,
      834600,
      855900,
      1081390,
      489000,
      729800,
      2392000,
      772600,
      56355,
      63168,
      626600,
      97704,
      491300,
      147680,
      498940,
      669500,
      241492,
      3513900,
      24600,
      17480,
      4481940,
      16992,
      111300,
      42664,
      13890,
      153200
    ],
    "makespan_mean": 827058.26,
    "rew_worst_quantile_border": 0.0,
    "rew_cvar": 0.0,
    "rew_perc_good_solutions": 1.0,
    "num_tests": 50,
    "running_time": [
      0.0024170875549316406,
      0.13530397415161133,
      0.0030760765075683594,
      0.003350973129272461,
      0.0016040802001953125,
      0.002640247344970703,
      0.001924753189086914,
      0.003994941711425781,
      0.2234172821044922,
      0.011776924133300781,
      0.0015559196472167969,
      0.06865310668945312,
      0.01935291290283203,
      0.009948253631591797,
      0.006850004196166992,
      0.01232600212097168,
      0.28179097175598145,
      0.059574127197265625,
      0.06272101402282715,
      0.6765091419219971,
      0.02219867706298828,
      0.005455732345581055,
      0.01824498176574707,
      0.11280679702758789,
      0.1612999439239502,
      0.03781008720397949,
      0.03780388832092285,
      0.03468489646911621,
      0.12114191055297852,
      0.3318459987640381,
      0.6707720756530762,
      0.02204585075378418,
      0.0034711360931396484,
      0.014552116394042969,
      0.01242208480834961,
      0.03885483741760254,
      0.12123680114746094,
      0.06287693977355957,
      0.013729095458984375,
      0.019320964813232422,
      0.010843276977539062,
      0.21967101097106934,
      0.000843048095703125,
      0.00096893310546875,
      1.0045268535614014,
      0.0011932849884033203,
      0.003303050994873047,
      0.019042015075683594,
      0.0018951892852783203,
      0.00197601318359375
    ]
  },
  "test-data-file-names": [
    "bom_wide_2_7_20_5_No1",
    "bom_wide_5_9_15_5_No1",
    "bom_wide_2_7_20_10_No1",
    "bom_wide_2_10_30_15_No2",
    "bom_wide_2_11_13_5_No2",
    "bom_wide_2_9_10_5_No1",
    "bom_wide_2_10_10_5_No2",
    "bom_wide_4_6_16_4_No1",
    "bom_wide_5_10_10_5_No1",
    "bom_wide_3_7_10_5_No1",
    "bom_wide_3_5_16_4_No1",
    "bom_wide_5_6_20_4_No2",
    "bom_wide_3_10_30_15_No2",
    "bom_wide_3_7_15_5_No1",
    "bom_wide_3_8_15_5_No2",
    "bom_wide_3_10_10_5_No2",
    "bom_wide_5_3_10_5_No1",
    "bom_wide_4_8_10_5_No2",
    "bom_wide_5_8_20_5_No2",
    "bom_wide_5_10_30_15_No2",
    "bom_wide_4_10_10_5_No1",
    "bom_wide_5_4_16_4_No2",
    "bom_wide_3_9_15_5_No1",
    "bom_wide_4_7_12_5_No1",
    "bom_wide_4_6_40_15_No1",
    "bom_wide_4_10_30_15_No2",
    "bom_wide_4_10_30_15_No1",
    "bom_wide_4_7_12_5_No2",
    "bom_wide_4_6_40_15_No2",
    "bom_wide_5_8_20_5_No1",
    "bom_wide_5_10_30_15_No1",
    "bom_wide_4_10_10_5_No2",
    "bom_wide_5_4_16_4_No1",
    "bom_wide_3_9_15_5_No2",
    "bom_wide_3_10_10_5_No1",
    "bom_wide_3_8_15_5_No1",
    "bom_wide_5_3_10_5_No2",
    "bom_wide_4_8_10_5_No1",
    "bom_wide_5_6_20_4_No1",
    "bom_wide_3_10_30_15_No1",
    "bom_wide_4_6_16_4_No2",
    "bom_wide_5_10_10_5_No2",
    "bom_wide_3_5_16_4_No2",
    "bom_wide_2_7_20_5_No2",
    "bom_wide_5_9_15_5_No2",
    "bom_wide_2_7_20_10_No2",
    "bom_wide_2_10_30_15_No1",
    "bom_wide_2_11_13_5_No1",
    "bom_wide_2_9_10_5_No2",
    "bom_wide_2_10_10_5_No1"
  ]
}