{
  "agent": {
    "rew_mean": 0.0,
    "rew_std": 0.0,
    "rew_best": 0.0,
    "rew_best_count": 50,
    "rew_worst": 0.0,
    "tardiness_mean": 0.0,
    "tardiness_std": 0.0,
    "tardiness_max_mean": 0.0,
    "makespan_tests": [
      21260,
      542180,
      15660,
      112200,
      20690,
      24320,
      219500,
      49800,
      3586000,
      83300,
      14265,
      323460,
      660700,
      45640,
      190798,
      613100,
      4740100,
      5573880,
      521600,
      2270200,
      796800,
      1221750,
      73616,
      313560,
      846400,
      834600,
      855900,
      1079650,
      475400,
      732860,
      2392000,
      772600,
      56355,
      64100,
      604000,
      99304,
      491860,
      148160,
      498940,
      669500,
      241492,
      3528500,
      24600,
      17480,
      4485920,
      16992,
      111300,
      42680,
      15035,
      162900
    ],
    "makespan_mean": 826058.14,
    "rew_worst_quantile_border": 0.0,
    "rew_cvar": 0.0,
    "rew_perc_good_solutions": 1.0,
    "num_tests": 50,
    "running_time": [
      0.005059003829956055,
      0.2761869430541992,
      0.00580596923828125,
      0.006338834762573242,
      0.003589153289794922,
      0.005667924880981445,
      0.004542827606201172,
      0.00812530517578125,
      0.4832499027252197,
      0.027731895446777344,
      0.0033881664276123047,
      0.1428840160369873,
      0.03532099723815918,
      0.022069931030273438,
      0.01540684700012207,
      0.030270099639892578,
      0.6190149784088135,
      0.13254809379577637,
      0.12293505668640137,
      1.164693832397461,
      0.04918980598449707,
      0.010356903076171875,
      0.04020404815673828,
      0.24904203414916992,
      0.2804100513458252,
      0.06801915168762207,
      0.06724882125854492,
      0.07094097137451172,
      0.20615482330322266,
      0.6678962707519531,
      1.167952060699463,
      0.049468278884887695,
      0.007119178771972656,
      0.033525943756103516,
      0.03122425079345703,
      0.09085702896118164,
      0.2741689682006836,
      0.14719104766845703,
      0.027742862701416016,
      0.0351407527923584,
      0.023461103439331055,
      0.5026283264160156,
      0.0016927719116210938,
      0.0019502639770507812,
      2.340493679046631,
      0.0023658275604248047,
      0.006736278533935547,
      0.049362897872924805,
      0.00451207160949707,
      0.004734039306640625
    ]
  },
  "test-data-file-names": [
    "bom_wide_2_7_20_5_No1",
    "bom_wide_5_9_15_5_No1",
    "bom_wide_2_7_20_10_No1",
    "bom_wide_2_10_30_15_No2",
    "bom_wide_2_11_13_5_No2",
    "bom_wide_2_9_10_5_No1",
    "bom_wide_2_10_10_5_No2",
    "bom_wide_4_6_16_4_No1",
    "bom_wide_5_10_10_5_No1",
    "bom_wide_3_7_10_5_No1",
    "bom_wide_3_5_16_4_No1",
    "bom_wide_5_6_20_4_No2",
    "bom_wide_3_10_30_15_No2",
    "bom_wide_3_7_15_5_No1",
    "bom_wide_3_8_15_5_No2",
    "bom_wide_3_10_10_5_No2",
    "bom_wide_5_3_10_5_No1",
    "bom_wide_4_8_10_5_No2",
    "bom_wide_5_8_20_5_No2",
    "bom_wide_5_10_30_15_No2",
    "bom_wide_4_10_10_5_No1",
    "bom_wide_5_4_16_4_No2",
    "bom_wide_3_9_15_5_No1",
    "bom_wide_4_7_12_5_No1",
    "bom_wide_4_6_40_15_No1",
    "bom_wide_4_10_30_15_No2",
    "bom_wide_4_10_30_15_No1",
    "bom_wide_4_7_12_5_No2",
    "bom_wide_4_6_40_15_No2",
    "bom_wide_5_8_20_5_No1",
    "bom_wide_5_10_30_15_No1",
    "bom_wide_4_10_10_5_No2",
    "bom_wide_5_4_16_4_No1",
    "bom_wide_3_9_15_5_No2",
    "bom_wide_3_10_10_5_No1",
    "bom_wide_3_8_15_5_No1",
    "bom_wide_5_3_10_5_No2",
    "bom_wide_4_8_10_5_No1",
    "bom_wide_5_6_20_4_No1",
    "bom_wide_3_10_30_15_No1",
    "bom_wide_4_6_16_4_No2",
    "bom_wide_5_10_10_5_No2",
    "bom_wide_3_5_16_4_No2",
    "bom_wide_2_7_20_5_No2",
    "bom_wide_5_9_15_5_No2",
    "bom_wide_2_7_20_10_No2",
    "bom_wide_2_10_30_15_No1",
    "bom_wide_2_11_13_5_No1",
    "bom_wide_2_9_10_5_No2",
    "bom_wide_2_10_10_5_No1"
  ]
}