{
  "agent": {
    "rew_mean": 0.0,
    "rew_std": 0.0,
    "rew_best": 0.0,
    "rew_best_count": 50,
    "rew_worst": 0.0,
    "tardiness_mean": 0.0,
    "tardiness_std": 0.0,
    "tardiness_max_mean": 0.0,
    "makespan_tests": [
      22420,
      618628,
      15760,
      111600,
      30290,
      28468,
      219800,
      49806,
      3572900,
      87680,
      14265,
      323460,
      660700,
      46080,
      227441,
      618000,
      4738120,
      5789785,
      818940,
      2309400,
      799200,
      1221750,
      72768,
      311240,
      854200,
      861900,
      856000,
      1080145,
      520900,
      740060,
      2392000,
      887400,
      56355,
      70592,
      604200,
      106772,
      500960,
      148960,
      498940,
      672100,
      241492,
      3533400,
      24600,
      17852,
      4516380,
      19764,
      114900,
      44912,
      17900,
      178100
    ],
    "makespan_mean": 845385.7,
    "rew_worst_quantile_border": 0.0,
    "rew_cvar": 0.0,
    "rew_perc_good_solutions": 1.0,
    "num_tests": 50,
    "running_time": [
      0.0063631534576416016,
      0.4016389846801758,
      0.006962299346923828,
      0.006994009017944336,
      0.004422903060913086,
      0.007288217544555664,
      0.0056819915771484375,
      0.01031184196472168,
      0.6246170997619629,
      0.0355839729309082,
      0.00399470329284668,
      0.17266631126403809,
      0.04250526428222656,
      0.028766155242919922,
      0.01883387565612793,
      0.03764796257019043,
      0.7906208038330078,
      0.16668105125427246,
      0.151505708694458,
      1.3722341060638428,
      0.06209111213684082,
      0.011970758438110352,
      0.05182385444641113,
      0.3196589946746826,
      0.33066797256469727,
      0.0789639949798584,
      0.0789031982421875,
      0.08567190170288086,
      0.24494504928588867,
      0.8627831935882568,
      1.3768551349639893,
      0.06265497207641602,
      0.008183002471923828,
      0.04159998893737793,
      0.03655600547790527,
      0.1151280403137207,
      0.34690093994140625,
      0.18697905540466309,
      0.033966779708862305,
      0.04112100601196289,
      0.0297701358795166,
      0.6136572360992432,
      0.0019409656524658203,
      0.0023059844970703125,
      2.8190019130706787,
      0.0026009082794189453,
      0.0070378780364990234,
      0.05970001220703125,
      0.005322933197021484,
      0.005600929260253906
    ]
  },
  "test-data-file-names": [
    "bom_wide_2_7_20_5_No1",
    "bom_wide_5_9_15_5_No1",
    "bom_wide_2_7_20_10_No1",
    "bom_wide_2_10_30_15_No2",
    "bom_wide_2_11_13_5_No2",
    "bom_wide_2_9_10_5_No1",
    "bom_wide_2_10_10_5_No2",
    "bom_wide_4_6_16_4_No1",
    "bom_wide_5_10_10_5_No1",
    "bom_wide_3_7_10_5_No1",
    "bom_wide_3_5_16_4_No1",
    "bom_wide_5_6_20_4_No2",
    "bom_wide_3_10_30_15_No2",
    "bom_wide_3_7_15_5_No1",
    "bom_wide_3_8_15_5_No2",
    "bom_wide_3_10_10_5_No2",
    "bom_wide_5_3_10_5_No1",
    "bom_wide_4_8_10_5_No2",
    "bom_wide_5_8_20_5_No2",
    "bom_wide_5_10_30_15_No2",
    "bom_wide_4_10_10_5_No1",
    "bom_wide_5_4_16_4_No2",
    "bom_wide_3_9_15_5_No1",
    "bom_wide_4_7_12_5_No1",
    "bom_wide_4_6_40_15_No1",
    "bom_wide_4_10_30_15_No2",
    "bom_wide_4_10_30_15_No1",
    "bom_wide_4_7_12_5_No2",
    "bom_wide_4_6_40_15_No2",
    "bom_wide_5_8_20_5_No1",
    "bom_wide_5_10_30_15_No1",
    "bom_wide_4_10_10_5_No2",
    "bom_wide_5_4_16_4_No1",
    "bom_wide_3_9_15_5_No2",
    "bom_wide_3_10_10_5_No1",
    "bom_wide_3_8_15_5_No1",
    "bom_wide_5_3_10_5_No2",
    "bom_wide_4_8_10_5_No1",
    "bom_wide_5_6_20_4_No1",
    "bom_wide_3_10_30_15_No1",
    "bom_wide_4_6_16_4_No2",
    "bom_wide_5_10_10_5_No2",
    "bom_wide_3_5_16_4_No2",
    "bom_wide_2_7_20_5_No2",
    "bom_wide_5_9_15_5_No2",
    "bom_wide_2_7_20_10_No2",
    "bom_wide_2_10_30_15_No1",
    "bom_wide_2_11_13_5_No1",
    "bom_wide_2_9_10_5_No2",
    "bom_wide_2_10_10_5_No1"
  ]
}