{
  "agent": {
    "rew_mean": 0.0,
    "rew_std": 0.0,
    "rew_best": 0.0,
    "rew_best_count": 50,
    "rew_worst": 0.0,
    "tardiness_mean": 0.0,
    "tardiness_std": 0.0,
    "tardiness_max_mean": 0.0,
    "makespan_tests": [
      25180,
      592748,
      17860,
      111600,
      20690,
      32576,
      219500,
      49800,
      3580200,
      92740,
      14265,
      323460,
      660700,
      43320,
      190798,
      689100,
      4737580,
      5814115,
      818940,
      2270200,
      796800,
      1221750,
      75624,
      311680,
      846400,
      834600,
      855900,
      1079930,
      524800,
      736640,
      2392000,
      887000,
      56355,
      66632,
      638500,
      103416,
      492480,
      148040,
      514900,
      669500,
      333764,
      3530800,
      25350,
      17852,
      4490240,
      16992,
      111300,
      49080,
      15930,
      177800
    ],
    "makespan_mean": 846548.54,
    "rew_worst_quantile_border": 0.0,
    "rew_cvar": 0.0,
    "rew_perc_good_solutions": 1.0,
    "num_tests": 50,
    "running_time": [
      0.0023050308227539062,
      0.13420391082763672,
      0.0027730464935302734,
      0.0031571388244628906,
      0.001543283462524414,
      0.0024073123931884766,
      0.00189208984375,
      0.00407719612121582,
      0.22333598136901855,
      0.012212038040161133,
      0.0015528202056884766,
      0.06985330581665039,
      0.01878499984741211,
      0.010253667831420898,
      0.0067708492279052734,
      0.012543916702270508,
      0.3175492286682129,
      0.08411693572998047,
      0.061634063720703125,
      0.6996009349822998,
      0.02266407012939453,
      0.005388736724853516,
      0.017838716506958008,
      0.11274099349975586,
      0.15492892265319824,
      0.037310123443603516,
      0.039794206619262695,
      0.0346989631652832,
      0.11881208419799805,
      0.3362908363342285,
      0.6636490821838379,
      0.022159099578857422,
      0.003551006317138672,
      0.014513969421386719,
      0.012438058853149414,
      0.03926491737365723,
      0.12399792671203613,
      0.0644528865814209,
      0.01419210433959961,
      0.01913905143737793,
      0.011066913604736328,
      0.22429394721984863,
      0.0008308887481689453,
      0.0008978843688964844,
      1.011483907699585,
      0.0011708736419677734,
      0.003173828125,
      0.01943516731262207,
      0.0018191337585449219,
      0.0020017623901367188
    ]
  },
  "test-data-file-names": [
    "bom_wide_2_7_20_5_No1",
    "bom_wide_5_9_15_5_No1",
    "bom_wide_2_7_20_10_No1",
    "bom_wide_2_10_30_15_No2",
    "bom_wide_2_11_13_5_No2",
    "bom_wide_2_9_10_5_No1",
    "bom_wide_2_10_10_5_No2",
    "bom_wide_4_6_16_4_No1",
    "bom_wide_5_10_10_5_No1",
    "bom_wide_3_7_10_5_No1",
    "bom_wide_3_5_16_4_No1",
    "bom_wide_5_6_20_4_No2",
    "bom_wide_3_10_30_15_No2",
    "bom_wide_3_7_15_5_No1",
    "bom_wide_3_8_15_5_No2",
    "bom_wide_3_10_10_5_No2",
    "bom_wide_5_3_10_5_No1",
    "bom_wide_4_8_10_5_No2",
    "bom_wide_5_8_20_5_No2",
    "bom_wide_5_10_30_15_No2",
    "bom_wide_4_10_10_5_No1",
    "bom_wide_5_4_16_4_No2",
    "bom_wide_3_9_15_5_No1",
    "bom_wide_4_7_12_5_No1",
    "bom_wide_4_6_40_15_No1",
    "bom_wide_4_10_30_15_No2",
    "bom_wide_4_10_30_15_No1",
    "bom_wide_4_7_12_5_No2",
    "bom_wide_4_6_40_15_No2",
    "bom_wide_5_8_20_5_No1",
    "bom_wide_5_10_30_15_No1",
    "bom_wide_4_10_10_5_No2",
    "bom_wide_5_4_16_4_No1",
    "bom_wide_3_9_15_5_No2",
    "bom_wide_3_10_10_5_No1",
    "bom_wide_3_8_15_5_No1",
    "bom_wide_5_3_10_5_No2",
    "bom_wide_4_8_10_5_No1",
    "bom_wide_5_6_20_4_No1",
    "bom_wide_3_10_30_15_No1",
    "bom_wide_4_6_16_4_No2",
    "bom_wide_5_10_10_5_No2",
    "bom_wide_3_5_16_4_No2",
    "bom_wide_2_7_20_5_No2",
    "bom_wide_5_9_15_5_No2",
    "bom_wide_2_7_20_10_No2",
    "bom_wide_2_10_30_15_No1",
    "bom_wide_2_11_13_5_No1",
    "bom_wide_2_9_10_5_No2",
    "bom_wide_2_10_10_5_No1"
  ]
}