{
  "agent": {
    "rew_mean": 0.0,
    "rew_std": 0.0,
    "rew_best": 0.0,
    "rew_best_count": 50,
    "rew_worst": 0.0,
    "tardiness_mean": 0.0,
    "tardiness_std": 0.0,
    "tardiness_max_mean": 0.0,
    "makespan_tests": [
      18380,
      542600,
      18200,
      111600,
      20340,
      26424,
      219500,
      50912,
      3569900,
      86880,
      14265,
      323460,
      660700,
      43760,
      190798,
      588300,
      4736660,
      5615920,
      533120,
      2270200,
      796800,
      1221750,
      71996,
      308640,
      846400,
      834600,
      855900,
      1080550,
      509800,
      727940,
      2392000,
      772600,
      56355,
      63948,
      604000,
      99068,
      490940,
      149540,
      498940,
      669500,
      241492,
      3510500,
      24600,
      17480,
      4480880,
      16992,
      111300,
      42720,
      14323,
      159600
    ],
    "makespan_mean": 826261.46,
    "rew_worst_quantile_border": 0.0,
    "rew_cvar": 0.0,
    "rew_perc_good_solutions": 1.0,
    "num_tests": 50,
    "running_time": [
      0.0033359527587890625,
      0.20708107948303223,
      0.004015207290649414,
      0.004419803619384766,
      0.002385854721069336,
      0.0037720203399658203,
      0.003113985061645508,
      0.0056989192962646484,
      0.3718392848968506,
      0.01915884017944336,
      0.0022258758544921875,
      0.10380005836486816,
      0.025895118713378906,
      0.015392065048217773,
      0.010750055313110352,
      0.02051377296447754,
      0.4589967727661133,
      0.09718084335327148,
      0.09318399429321289,
      0.9389641284942627,
      0.03586101531982422,
      0.0076258182525634766,
      0.029093027114868164,
      0.18178987503051758,
      0.21831202507019043,
      0.05129599571228027,
      0.050900936126708984,
      0.051599979400634766,
      0.16534972190856934,
      0.5271098613739014,
      0.9286668300628662,
      0.035308122634887695,
      0.0049037933349609375,
      0.02280282974243164,
      0.020779132843017578,
      0.06293988227844238,
      0.19931912422180176,
      0.10286378860473633,
      0.020695209503173828,
      0.026414871215820312,
      0.017430782318115234,
      0.3564741611480713,
      0.0011620521545410156,
      0.001341104507446289,
      1.6264362335205078,
      0.001556396484375,
      0.004382133483886719,
      0.032395124435424805,
      0.0029518604278564453,
      0.0032072067260742188
    ]
  },
  "test-data-file-names": [
    "bom_wide_2_7_20_5_No1",
    "bom_wide_5_9_15_5_No1",
    "bom_wide_2_7_20_10_No1",
    "bom_wide_2_10_30_15_No2",
    "bom_wide_2_11_13_5_No2",
    "bom_wide_2_9_10_5_No1",
    "bom_wide_2_10_10_5_No2",
    "bom_wide_4_6_16_4_No1",
    "bom_wide_5_10_10_5_No1",
    "bom_wide_3_7_10_5_No1",
    "bom_wide_3_5_16_4_No1",
    "bom_wide_5_6_20_4_No2",
    "bom_wide_3_10_30_15_No2",
    "bom_wide_3_7_15_5_No1",
    "bom_wide_3_8_15_5_No2",
    "bom_wide_3_10_10_5_No2",
    "bom_wide_5_3_10_5_No1",
    "bom_wide_4_8_10_5_No2",
    "bom_wide_5_8_20_5_No2",
    "bom_wide_5_10_30_15_No2",
    "bom_wide_4_10_10_5_No1",
    "bom_wide_5_4_16_4_No2",
    "bom_wide_3_9_15_5_No1",
    "bom_wide_4_7_12_5_No1",
    "bom_wide_4_6_40_15_No1",
    "bom_wide_4_10_30_15_No2",
    "bom_wide_4_10_30_15_No1",
    "bom_wide_4_7_12_5_No2",
    "bom_wide_4_6_40_15_No2",
    "bom_wide_5_8_20_5_No1",
    "bom_wide_5_10_30_15_No1",
    "bom_wide_4_10_10_5_No2",
    "bom_wide_5_4_16_4_No1",
    "bom_wide_3_9_15_5_No2",
    "bom_wide_3_10_10_5_No1",
    "bom_wide_3_8_15_5_No1",
    "bom_wide_5_3_10_5_No2",
    "bom_wide_4_8_10_5_No1",
    "bom_wide_5_6_20_4_No1",
    "bom_wide_3_10_30_15_No1",
    "bom_wide_4_6_16_4_No2",
    "bom_wide_5_10_10_5_No2",
    "bom_wide_3_5_16_4_No2",
    "bom_wide_2_7_20_5_No2",
    "bom_wide_5_9_15_5_No2",
    "bom_wide_2_7_20_10_No2",
    "bom_wide_2_10_30_15_No1",
    "bom_wide_2_11_13_5_No1",
    "bom_wide_2_9_10_5_No2",
    "bom_wide_2_10_10_5_No1"
  ]
}