{
  "agent": {
    "rew_mean": 0.0,
    "rew_std": 0.0,
    "rew_best": 0.0,
    "rew_best_count": 50,
    "rew_worst": 0.0,
    "tardiness_mean": 0.0,
    "tardiness_std": 0.0,
    "tardiness_max_mean": 0.0,
    "makespan_tests": [
      20560,
      541640,
      15660,
      111600,
      20340,
      26424,
      219500,
      49800,
      3567600,
      83100,
      14265,
      323460,
      660700,
      42780,
      190798,
      689100,
      4737660,
      5596260,
      639860,
      2270200,
      796800,
      1221750,
      70776,
      309260,
      846400,
      834600,
      855900,
      1080505,
      494800,
      728940,
      2392000,
      772600,
      56355,
      63536,
      615700,
      99456,
      493700,
      147200,
      498940,
      669500,
      241492,
      3511400,
      24600,
      17480,
      4487280,
      16992,
      111300,
      41720,
      16930,
      159200
    ],
    "makespan_mean": 829968.38,
    "rew_worst_quantile_border": 0.0,
    "rew_cvar": 0.0,
    "rew_perc_good_solutions": 1.0,
    "num_tests": 50,
    "running_time": [
      0.002535104751586914,
      0.15121889114379883,
      0.0031211376190185547,
      0.0035130977630615234,
      0.0017380714416503906,
      0.0027451515197753906,
      0.002164125442504883,
      0.004377126693725586,
      0.2539680004119873,
      0.01355290412902832,
      0.0016911029815673828,
      0.07612490653991699,
      0.020753145217895508,
      0.011413097381591797,
      0.007777214050292969,
      0.014421939849853516,
      0.31909894943237305,
      0.06710505485534668,
      0.07255101203918457,
      0.7483336925506592,
      0.0258328914642334,
      0.006290912628173828,
      0.02112603187561035,
      0.13111090660095215,
      0.17377090454101562,
      0.04080986976623535,
      0.040550947189331055,
      0.03820395469665527,
      0.12763333320617676,
      0.3723409175872803,
      0.7353861331939697,
      0.02470564842224121,
      0.0037620067596435547,
      0.016520023345947266,
      0.014274835586547852,
      0.04540276527404785,
      0.14420819282531738,
      0.07438397407531738,
      0.015469789505004883,
      0.021358013153076172,
      0.012806892395019531,
      0.2582528591156006,
      0.0009248256683349609,
      0.0010101795196533203,
      1.1687870025634766,
      0.0012638568878173828,
      0.003571033477783203,
      0.022523164749145508,
      0.002165079116821289,
      0.0022470951080322266
    ]
  },
  "test-data-file-names": [
    "bom_wide_2_7_20_5_No1",
    "bom_wide_5_9_15_5_No1",
    "bom_wide_2_7_20_10_No1",
    "bom_wide_2_10_30_15_No2",
    "bom_wide_2_11_13_5_No2",
    "bom_wide_2_9_10_5_No1",
    "bom_wide_2_10_10_5_No2",
    "bom_wide_4_6_16_4_No1",
    "bom_wide_5_10_10_5_No1",
    "bom_wide_3_7_10_5_No1",
    "bom_wide_3_5_16_4_No1",
    "bom_wide_5_6_20_4_No2",
    "bom_wide_3_10_30_15_No2",
    "bom_wide_3_7_15_5_No1",
    "bom_wide_3_8_15_5_No2",
    "bom_wide_3_10_10_5_No2",
    "bom_wide_5_3_10_5_No1",
    "bom_wide_4_8_10_5_No2",
    "bom_wide_5_8_20_5_No2",
    "bom_wide_5_10_30_15_No2",
    "bom_wide_4_10_10_5_No1",
    "bom_wide_5_4_16_4_No2",
    "bom_wide_3_9_15_5_No1",
    "bom_wide_4_7_12_5_No1",
    "bom_wide_4_6_40_15_No1",
    "bom_wide_4_10_30_15_No2",
    "bom_wide_4_10_30_15_No1",
    "bom_wide_4_7_12_5_No2",
    "bom_wide_4_6_40_15_No2",
    "bom_wide_5_8_20_5_No1",
    "bom_wide_5_10_30_15_No1",
    "bom_wide_4_10_10_5_No2",
    "bom_wide_5_4_16_4_No1",
    "bom_wide_3_9_15_5_No2",
    "bom_wide_3_10_10_5_No1",
    "bom_wide_3_8_15_5_No1",
    "bom_wide_5_3_10_5_No2",
    "bom_wide_4_8_10_5_No1",
    "bom_wide_5_6_20_4_No1",
    "bom_wide_3_10_30_15_No1",
    "bom_wide_4_6_16_4_No2",
    "bom_wide_5_10_10_5_No2",
    "bom_wide_3_5_16_4_No2",
    "bom_wide_2_7_20_5_No2",
    "bom_wide_5_9_15_5_No2",
    "bom_wide_2_7_20_10_No2",
    "bom_wide_2_10_30_15_No1",
    "bom_wide_2_11_13_5_No1",
    "bom_wide_2_9_10_5_No2",
    "bom_wide_2_10_10_5_No1"
  ]
}