{
  "agent": {
    "rew_mean": 0.0,
    "rew_std": 0.0,
    "rew_best": 0.0,
    "rew_best_count": 50,
    "rew_worst": 0.0,
    "tardiness_mean": 0.0,
    "tardiness_std": 0.0,
    "tardiness_max_mean": 0.0,
    "makespan_tests": [
      22880,
      608708,
      18200,
      111600,
      20690,
      26636,
      219500,
      49800,
      3617900,
      91920,
      14265,
      323460,
      660700,
      45020,
      190798,
      689100,
      4736060,
      5620080,
      567140,
      2270200,
      796800,
      1221750,
      75624,
      310880,
      846400,
      834600,
      855900,
      1080075,
      519000,
      734680,
      2392000,
      887000,
      56355,
      65164,
      615400,
      109252,
      497000,
      147940,
      498940,
      669500,
      333764,
      3528300,
      24600,
      17852,
      4492220,
      16992,
      111300,
      44944,
      16682,
      166400
    ],
    "makespan_mean": 837439.42,
    "rew_worst_quantile_border": 0.0,
    "rew_cvar": 0.0,
    "rew_perc_good_solutions": 1.0,
    "num_tests": 50,
    "running_time": [
      0.0021162033081054688,
      0.11835694313049316,
      0.0025610923767089844,
      0.0029158592224121094,
      0.001359701156616211,
      0.002089977264404297,
      0.0016582012176513672,
      0.003599882125854492,
      0.1932671070098877,
      0.01052713394165039,
      0.0013828277587890625,
      0.06308579444885254,
      0.01732921600341797,
      0.008923053741455078,
      0.006015300750732422,
      0.010626077651977539,
      0.2533102035522461,
      0.05260872840881348,
      0.05689716339111328,
      0.6225039958953857,
      0.019576072692871094,
      0.004998922348022461,
      0.015839815139770508,
      0.09736299514770508,
      0.14322519302368164,
      0.03391385078430176,
      0.03400611877441406,
      0.03096914291381836,
      0.11034321784973145,
      0.29767298698425293,
      0.6152060031890869,
      0.019263029098510742,
      0.003178834915161133,
      0.012804985046386719,
      0.010673999786376953,
      0.03429222106933594,
      0.10760211944580078,
      0.055715084075927734,
      0.012642145156860352,
      0.01720714569091797,
      0.009639978408813477,
      0.20468807220458984,
      0.000888824462890625,
      0.0008130073547363281,
      0.8970978260040283,
      0.0010869503021240234,
      0.0029268264770507812,
      0.01630115509033203,
      0.0016291141510009766,
      0.0017168521881103516
    ]
  },
  "test-data-file-names": [
    "bom_wide_2_7_20_5_No1",
    "bom_wide_5_9_15_5_No1",
    "bom_wide_2_7_20_10_No1",
    "bom_wide_2_10_30_15_No2",
    "bom_wide_2_11_13_5_No2",
    "bom_wide_2_9_10_5_No1",
    "bom_wide_2_10_10_5_No2",
    "bom_wide_4_6_16_4_No1",
    "bom_wide_5_10_10_5_No1",
    "bom_wide_3_7_10_5_No1",
    "bom_wide_3_5_16_4_No1",
    "bom_wide_5_6_20_4_No2",
    "bom_wide_3_10_30_15_No2",
    "bom_wide_3_7_15_5_No1",
    "bom_wide_3_8_15_5_No2",
    "bom_wide_3_10_10_5_No2",
    "bom_wide_5_3_10_5_No1",
    "bom_wide_4_8_10_5_No2",
    "bom_wide_5_8_20_5_No2",
    "bom_wide_5_10_30_15_No2",
    "bom_wide_4_10_10_5_No1",
    "bom_wide_5_4_16_4_No2",
    "bom_wide_3_9_15_5_No1",
    "bom_wide_4_7_12_5_No1",
    "bom_wide_4_6_40_15_No1",
    "bom_wide_4_10_30_15_No2",
    "bom_wide_4_10_30_15_No1",
    "bom_wide_4_7_12_5_No2",
    "bom_wide_4_6_40_15_No2",
    "bom_wide_5_8_20_5_No1",
    "bom_wide_5_10_30_15_No1",
    "bom_wide_4_10_10_5_No2",
    "bom_wide_5_4_16_4_No1",
    "bom_wide_3_9_15_5_No2",
    "bom_wide_3_10_10_5_No1",
    "bom_wide_3_8_15_5_No1",
    "bom_wide_5_3_10_5_No2",
    "bom_wide_4_8_10_5_No1",
    "bom_wide_5_6_20_4_No1",
    "bom_wide_3_10_30_15_No1",
    "bom_wide_4_6_16_4_No2",
    "bom_wide_5_10_10_5_No2",
    "bom_wide_3_5_16_4_No2",
    "bom_wide_2_7_20_5_No2",
    "bom_wide_5_9_15_5_No2",
    "bom_wide_2_7_20_10_No2",
    "bom_wide_2_10_30_15_No1",
    "bom_wide_2_11_13_5_No1",
    "bom_wide_2_9_10_5_No2",
    "bom_wide_2_10_10_5_No1"
  ]
}