{
  "agent": {
    "rew_mean": 0.0,
    "rew_std": 0.0,
    "rew_best": 0.0,
    "rew_best_count": 50,
    "rew_worst": 0.0,
    "tardiness_mean": 0.0,
    "tardiness_std": 0.0,
    "tardiness_max_mean": 0.0,
    "makespan_tests": [
      22420,
      618628,
      15760,
      111600,
      30724,
      28468,
      219800,
      49806,
      3581200,
      87680,
      14265,
      323460,
      660700,
      46080,
      228296,
      618000,
      4738700,
      5757105,
      818940,
      2309400,
      799200,
      1221750,
      72768,
      311240,
      854800,
      863100,
      865000,
      1082185,
      550000,
      740060,
      2438000,
      887400,
      56355,
      70592,
      604200,
      109328,
      500960,
      148960,
      498940,
      672100,
      241492,
      3513600,
      24600,
      17852,
      4522200,
      19764,
      114900,
      45404,
      16940,
      178100
    ],
    "makespan_mean": 846456.44,
    "rew_worst_quantile_border": 0.0,
    "rew_cvar": 0.0,
    "rew_perc_good_solutions": 1.0,
    "num_tests": 50,
    "running_time": [
      0.002835988998413086,
      0.18659710884094238,
      0.0032172203063964844,
      0.0036039352416992188,
      0.0018820762634277344,
      0.0029480457305908203,
      0.003124237060546875,
      0.005532264709472656,
      0.2770271301269531,
      0.016640901565551758,
      0.0018420219421386719,
      0.08500289916992188,
      0.021418094635009766,
      0.01237797737121582,
      0.008148193359375,
      0.01513814926147461,
      0.3569509983062744,
      0.07706308364868164,
      0.07432389259338379,
      0.7698400020599365,
      0.027931928634643555,
      0.00621795654296875,
      0.022486209869384766,
      0.14074110984802246,
      0.17743802070617676,
      0.043831586837768555,
      0.04622912406921387,
      0.044860124588012695,
      0.1364140510559082,
      0.41319894790649414,
      0.7813248634338379,
      0.02782583236694336,
      0.0040400028228759766,
      0.018815994262695312,
      0.015891313552856445,
      0.05059218406677246,
      0.1587660312652588,
      0.08124709129333496,
      0.01719498634338379,
      0.021824121475219727,
      0.013702154159545898,
      0.27413392066955566,
      0.0009369850158691406,
      0.0010569095611572266,
      1.3089938163757324,
      0.0013492107391357422,
      0.003609180450439453,
      0.025883913040161133,
      0.002507925033569336,
      0.002418041229248047
    ]
  },
  "test-data-file-names": [
    "bom_wide_2_7_20_5_No1",
    "bom_wide_5_9_15_5_No1",
    "bom_wide_2_7_20_10_No1",
    "bom_wide_2_10_30_15_No2",
    "bom_wide_2_11_13_5_No2",
    "bom_wide_2_9_10_5_No1",
    "bom_wide_2_10_10_5_No2",
    "bom_wide_4_6_16_4_No1",
    "bom_wide_5_10_10_5_No1",
    "bom_wide_3_7_10_5_No1",
    "bom_wide_3_5_16_4_No1",
    "bom_wide_5_6_20_4_No2",
    "bom_wide_3_10_30_15_No2",
    "bom_wide_3_7_15_5_No1",
    "bom_wide_3_8_15_5_No2",
    "bom_wide_3_10_10_5_No2",
    "bom_wide_5_3_10_5_No1",
    "bom_wide_4_8_10_5_No2",
    "bom_wide_5_8_20_5_No2",
    "bom_wide_5_10_30_15_No2",
    "bom_wide_4_10_10_5_No1",
    "bom_wide_5_4_16_4_No2",
    "bom_wide_3_9_15_5_No1",
    "bom_wide_4_7_12_5_No1",
    "bom_wide_4_6_40_15_No1",
    "bom_wide_4_10_30_15_No2",
    "bom_wide_4_10_30_15_No1",
    "bom_wide_4_7_12_5_No2",
    "bom_wide_4_6_40_15_No2",
    "bom_wide_5_8_20_5_No1",
    "bom_wide_5_10_30_15_No1",
    "bom_wide_4_10_10_5_No2",
    "bom_wide_5_4_16_4_No1",
    "bom_wide_3_9_15_5_No2",
    "bom_wide_3_10_10_5_No1",
    "bom_wide_3_8_15_5_No1",
    "bom_wide_5_3_10_5_No2",
    "bom_wide_4_8_10_5_No1",
    "bom_wide_5_6_20_4_No1",
    "bom_wide_3_10_30_15_No1",
    "bom_wide_4_6_16_4_No2",
    "bom_wide_5_10_10_5_No2",
    "bom_wide_3_5_16_4_No2",
    "bom_wide_2_7_20_5_No2",
    "bom_wide_5_9_15_5_No2",
    "bom_wide_2_7_20_10_No2",
    "bom_wide_2_10_30_15_No1",
    "bom_wide_2_11_13_5_No1",
    "bom_wide_2_9_10_5_No2",
    "bom_wide_2_10_10_5_No1"
  ]
}