{
  "agent": {
    "rew_mean": 0.0,
    "rew_std": 0.0,
    "rew_best": 0.0,
    "rew_best_count": 50,
    "rew_worst": 0.0,
    "tardiness_mean": 0.0,
    "tardiness_std": 0.0,
    "tardiness_max_mean": 0.0,
    "makespan_tests": [
      21260,
      596528,
      15760,
      111600,
      20340,
      26172,
      219500,
      49800,
      3582500,
      88600,
      14265,
      323460,
      660700,
      45260,
      190798,
      680400,
      4736820,
      5854380,
      818940,
      2270200,
      796800,
      1221750,
      72624,
      312020,
      854200,
      834600,
      855900,
      1080090,
      496400,
      731300,
      2392000,
      887000,
      56355,
      73640,
      610800,
      103584,
      497220,
      149420,
      498940,
      669500,
      250536,
      3519800,
      24600,
      18660,
      4488720,
      16992,
      111300,
      42624,
      17246,
      155100
    ],
    "makespan_mean": 843340.08,
    "rew_worst_quantile_border": 0.0,
    "rew_cvar": 0.0,
    "rew_perc_good_solutions": 1.0,
    "num_tests": 50,
    "running_time": [
      0.0038080215454101562,
      0.22387933731079102,
      0.00430607795715332,
      0.0047528743743896484,
      0.002495288848876953,
      0.0041790008544921875,
      0.003493785858154297,
      0.006331920623779297,
      0.38661813735961914,
      0.020682096481323242,
      0.002519845962524414,
      0.10936713218688965,
      0.027976036071777344,
      0.01709294319152832,
      0.011546850204467773,
      0.022309064865112305,
      0.4800441265106201,
      0.10286688804626465,
      0.09798789024353027,
      1.0339069366455078,
      0.0375828742980957,
      0.007927894592285156,
      0.03039407730102539,
      0.19558119773864746,
      0.22905921936035156,
      0.05429887771606445,
      0.05405282974243164,
      0.055233001708984375,
      0.16872215270996094,
      0.541801929473877,
      0.9507269859313965,
      0.03774690628051758,
      0.0051000118255615234,
      0.02508401870727539,
      0.021837949752807617,
      0.06738734245300293,
      0.21068882942199707,
      0.10778403282165527,
      0.0220792293548584,
      0.027938127517700195,
      0.0184628963470459,
      0.3831479549407959,
      0.0012180805206298828,
      0.0013802051544189453,
      1.7035939693450928,
      0.0017578601837158203,
      0.0045566558837890625,
      0.03442502021789551,
      0.0031630992889404297,
      0.0033330917358398438
    ]
  },
  "test-data-file-names": [
    "bom_wide_2_7_20_5_No1",
    "bom_wide_5_9_15_5_No1",
    "bom_wide_2_7_20_10_No1",
    "bom_wide_2_10_30_15_No2",
    "bom_wide_2_11_13_5_No2",
    "bom_wide_2_9_10_5_No1",
    "bom_wide_2_10_10_5_No2",
    "bom_wide_4_6_16_4_No1",
    "bom_wide_5_10_10_5_No1",
    "bom_wide_3_7_10_5_No1",
    "bom_wide_3_5_16_4_No1",
    "bom_wide_5_6_20_4_No2",
    "bom_wide_3_10_30_15_No2",
    "bom_wide_3_7_15_5_No1",
    "bom_wide_3_8_15_5_No2",
    "bom_wide_3_10_10_5_No2",
    "bom_wide_5_3_10_5_No1",
    "bom_wide_4_8_10_5_No2",
    "bom_wide_5_8_20_5_No2",
    "bom_wide_5_10_30_15_No2",
    "bom_wide_4_10_10_5_No1",
    "bom_wide_5_4_16_4_No2",
    "bom_wide_3_9_15_5_No1",
    "bom_wide_4_7_12_5_No1",
    "bom_wide_4_6_40_15_No1",
    "bom_wide_4_10_30_15_No2",
    "bom_wide_4_10_30_15_No1",
    "bom_wide_4_7_12_5_No2",
    "bom_wide_4_6_40_15_No2",
    "bom_wide_5_8_20_5_No1",
    "bom_wide_5_10_30_15_No1",
    "bom_wide_4_10_10_5_No2",
    "bom_wide_5_4_16_4_No1",
    "bom_wide_3_9_15_5_No2",
    "bom_wide_3_10_10_5_No1",
    "bom_wide_3_8_15_5_No1",
    "bom_wide_5_3_10_5_No2",
    "bom_wide_4_8_10_5_No1",
    "bom_wide_5_6_20_4_No1",
    "bom_wide_3_10_30_15_No1",
    "bom_wide_4_6_16_4_No2",
    "bom_wide_5_10_10_5_No2",
    "bom_wide_3_5_16_4_No2",
    "bom_wide_2_7_20_5_No2",
    "bom_wide_5_9_15_5_No2",
    "bom_wide_2_7_20_10_No2",
    "bom_wide_2_10_30_15_No1",
    "bom_wide_2_11_13_5_No1",
    "bom_wide_2_9_10_5_No2",
    "bom_wide_2_10_10_5_No1"
  ]
}