{
  "agent": {
    "rew_mean": 0.0,
    "rew_std": 0.0,
    "rew_best": 0.0,
    "rew_best_count": 50,
    "rew_worst": 0.0,
    "tardiness_mean": 0.0,
    "tardiness_std": 0.0,
    "tardiness_max_mean": 0.0,
    "makespan_tests": [
      25180,
      592748,
      17860,
      111600,
      20690,
      32576,
      219500,
      49800,
      3590800,
      92740,
      14265,
      323460,
      660700,
      43320,
      190798,
      689100,
      4737740,
      5814115,
      818940,
      2270200,
      796800,
      1221750,
      75624,
      311680,
      846400,
      834600,
      855900,
      1079930,
      524800,
      732700,
      2392000,
      887000,
      56355,
      66632,
      638500,
      103416,
      492480,
      148040,
      514900,
      669500,
      333764,
      3520000,
      25350,
      17852,
      4486320,
      16992,
      111300,
      49080,
      15930,
      177800
    ],
    "makespan_mean": 846390.54,
    "rew_worst_quantile_border": 0.0,
    "rew_cvar": 0.0,
    "rew_perc_good_solutions": 1.0,
    "num_tests": 50,
    "running_time": [
      0.005213022232055664,
      0.2811241149902344,
      0.006172895431518555,
      0.006612062454223633,
      0.003568887710571289,
      0.00568389892578125,
      0.004541873931884766,
      0.00854802131652832,
      0.47705984115600586,
      0.02828693389892578,
      0.0033910274505615234,
      0.13392019271850586,
      0.03519892692565918,
      0.02269911766052246,
      0.014712810516357422,
      0.02918696403503418,
      0.5779256820678711,
      0.12299799919128418,
      0.11807775497436523,
      1.1278760433197021,
      0.0488581657409668,
      0.010062932968139648,
      0.03933000564575195,
      0.24563097953796387,
      0.2735269069671631,
      0.06652116775512695,
      0.06679224967956543,
      0.06711983680725098,
      0.20376110076904297,
      0.661113977432251,
      1.1231131553649902,
      0.04925417900085449,
      0.006906032562255859,
      0.03087782859802246,
      0.0285341739654541,
      0.08776974678039551,
      0.26397180557250977,
      0.14262890815734863,
      0.027141094207763672,
      0.035428762435913086,
      0.02253103256225586,
      0.4679081439971924,
      0.0017077922821044922,
      0.001953125,
      2.043642282485962,
      0.0024781227111816406,
      0.006467103958129883,
      0.04484128952026367,
      0.004199981689453125,
      0.004625082015991211
    ]
  },
  "test-data-file-names": [
    "bom_wide_2_7_20_5_No1",
    "bom_wide_5_9_15_5_No1",
    "bom_wide_2_7_20_10_No1",
    "bom_wide_2_10_30_15_No2",
    "bom_wide_2_11_13_5_No2",
    "bom_wide_2_9_10_5_No1",
    "bom_wide_2_10_10_5_No2",
    "bom_wide_4_6_16_4_No1",
    "bom_wide_5_10_10_5_No1",
    "bom_wide_3_7_10_5_No1",
    "bom_wide_3_5_16_4_No1",
    "bom_wide_5_6_20_4_No2",
    "bom_wide_3_10_30_15_No2",
    "bom_wide_3_7_15_5_No1",
    "bom_wide_3_8_15_5_No2",
    "bom_wide_3_10_10_5_No2",
    "bom_wide_5_3_10_5_No1",
    "bom_wide_4_8_10_5_No2",
    "bom_wide_5_8_20_5_No2",
    "bom_wide_5_10_30_15_No2",
    "bom_wide_4_10_10_5_No1",
    "bom_wide_5_4_16_4_No2",
    "bom_wide_3_9_15_5_No1",
    "bom_wide_4_7_12_5_No1",
    "bom_wide_4_6_40_15_No1",
    "bom_wide_4_10_30_15_No2",
    "bom_wide_4_10_30_15_No1",
    "bom_wide_4_7_12_5_No2",
    "bom_wide_4_6_40_15_No2",
    "bom_wide_5_8_20_5_No1",
    "bom_wide_5_10_30_15_No1",
    "bom_wide_4_10_10_5_No2",
    "bom_wide_5_4_16_4_No1",
    "bom_wide_3_9_15_5_No2",
    "bom_wide_3_10_10_5_No1",
    "bom_wide_3_8_15_5_No1",
    "bom_wide_5_3_10_5_No2",
    "bom_wide_4_8_10_5_No1",
    "bom_wide_5_6_20_4_No1",
    "bom_wide_3_10_30_15_No1",
    "bom_wide_4_6_16_4_No2",
    "bom_wide_5_10_10_5_No2",
    "bom_wide_3_5_16_4_No2",
    "bom_wide_2_7_20_5_No2",
    "bom_wide_5_9_15_5_No2",
    "bom_wide_2_7_20_10_No2",
    "bom_wide_2_10_30_15_No1",
    "bom_wide_2_11_13_5_No1",
    "bom_wide_2_9_10_5_No2",
    "bom_wide_2_10_10_5_No1"
  ]
}