{
  "agent": {
    "rew_mean": 0.0,
    "rew_std": 0.0,
    "rew_best": 0.0,
    "rew_best_count": 50,
    "rew_worst": 0.0,
    "tardiness_mean": 0.0,
    "tardiness_std": 0.0,
    "tardiness_max_mean": 0.0,
    "makespan_tests": [
      20480,
      542240,
      15660,
      112200,
      20340,
      26424,
      219500,
      49800,
      3570500,
      86340,
      14265,
      323460,
      660700,
      43620,
      190798,
      689100,
      4733880,
      5600020,
      517920,
      2270200,
      796800,
      1221750,
      70776,
      309660,
      846400,
      834600,
      855900,
      1080365,
      500600,
      730560,
      2392000,
      796900,
      56355,
      63536,
      615700,
      99456,
      496440,
      146560,
      498940,
      669500,
      241492,
      3510600,
      24600,
      17480,
      4485240,
      16992,
      111300,
      41720,
      14094,
      159200
    ],
    "makespan_mean": 828259.26,
    "rew_worst_quantile_border": 0.0,
    "rew_cvar": 0.0,
    "rew_perc_good_solutions": 1.0,
    "num_tests": 50,
    "running_time": [
      0.006057024002075195,
      0.3268899917602539,
      0.007086038589477539,
      0.007791996002197266,
      0.004372835159301758,
      0.006849050521850586,
      0.005517244338989258,
      0.009870767593383789,
      0.5666110515594482,
      0.03250718116760254,
      0.003812074661254883,
      0.15811920166015625,
      0.04077911376953125,
      0.026213884353637695,
      0.01796889305114746,
      0.034981727600097656,
      0.723391056060791,
      0.15708208084106445,
      0.14330196380615234,
      1.2935497760772705,
      0.0578160285949707,
      0.012078046798706055,
      0.04784512519836426,
      0.29100799560546875,
      0.31652402877807617,
      0.07609081268310547,
      0.07628989219665527,
      0.08231973648071289,
      0.23719286918640137,
      0.7945370674133301,
      1.3125550746917725,
      0.05701303482055664,
      0.008081197738647461,
      0.0379788875579834,
      0.03509402275085449,
      0.1053471565246582,
      0.31997108459472656,
      0.17047810554504395,
      0.03183317184448242,
      0.041409969329833984,
      0.02814507484436035,
      0.5654010772705078,
      0.00208282470703125,
      0.0023860931396484375,
      2.5550711154937744,
      0.002873659133911133,
      0.00764012336730957,
      0.05533289909362793,
      0.005347728729248047,
      0.005616903305053711
    ]
  },
  "test-data-file-names": [
    "bom_wide_2_7_20_5_No1",
    "bom_wide_5_9_15_5_No1",
    "bom_wide_2_7_20_10_No1",
    "bom_wide_2_10_30_15_No2",
    "bom_wide_2_11_13_5_No2",
    "bom_wide_2_9_10_5_No1",
    "bom_wide_2_10_10_5_No2",
    "bom_wide_4_6_16_4_No1",
    "bom_wide_5_10_10_5_No1",
    "bom_wide_3_7_10_5_No1",
    "bom_wide_3_5_16_4_No1",
    "bom_wide_5_6_20_4_No2",
    "bom_wide_3_10_30_15_No2",
    "bom_wide_3_7_15_5_No1",
    "bom_wide_3_8_15_5_No2",
    "bom_wide_3_10_10_5_No2",
    "bom_wide_5_3_10_5_No1",
    "bom_wide_4_8_10_5_No2",
    "bom_wide_5_8_20_5_No2",
    "bom_wide_5_10_30_15_No2",
    "bom_wide_4_10_10_5_No1",
    "bom_wide_5_4_16_4_No2",
    "bom_wide_3_9_15_5_No1",
    "bom_wide_4_7_12_5_No1",
    "bom_wide_4_6_40_15_No1",
    "bom_wide_4_10_30_15_No2",
    "bom_wide_4_10_30_15_No1",
    "bom_wide_4_7_12_5_No2",
    "bom_wide_4_6_40_15_No2",
    "bom_wide_5_8_20_5_No1",
    "bom_wide_5_10_30_15_No1",
    "bom_wide_4_10_10_5_No2",
    "bom_wide_5_4_16_4_No1",
    "bom_wide_3_9_15_5_No2",
    "bom_wide_3_10_10_5_No1",
    "bom_wide_3_8_15_5_No1",
    "bom_wide_5_3_10_5_No2",
    "bom_wide_4_8_10_5_No1",
    "bom_wide_5_6_20_4_No1",
    "bom_wide_3_10_30_15_No1",
    "bom_wide_4_6_16_4_No2",
    "bom_wide_5_10_10_5_No2",
    "bom_wide_3_5_16_4_No2",
    "bom_wide_2_7_20_5_No2",
    "bom_wide_5_9_15_5_No2",
    "bom_wide_2_7_20_10_No2",
    "bom_wide_2_10_30_15_No1",
    "bom_wide_2_11_13_5_No1",
    "bom_wide_2_9_10_5_No2",
    "bom_wide_2_10_10_5_No1"
  ]
}