{
  "agent": {
    "rew_mean": 0.0,
    "rew_std": 0.0,
    "rew_best": 0.0,
    "rew_best_count": 50,
    "rew_worst": 0.0,
    "tardiness_mean": 0.0,
    "tardiness_std": 0.0,
    "tardiness_max_mean": 0.0,
    "makespan_tests": [
      1942600,
      256942,
      3281200,
      4640700,
      2126160,
      1529800,
      88800,
      3730860,
      95056,
      734820,
      2032400,
      5115900,
      3207960,
      233812,
      116218,
      44454,
      1375000,
      686160,
      3009060,
      2330800,
      1312500,
      424220,
      2227900,
      30648600,
      1939200,
      2277100,
      1698864,
      159000,
      1961900,
      1626480,
      3621000,
      1379600,
      1288800,
      3075168,
      185574,
      9217543,
      82611,
      2053700,
      4787900,
      6090885,
      81034,
      67680,
      3325800,
      4782100,
      97220,
      1555700,
      699150,
      91200,
      1918300,
      195642
    ],
    "makespan_mean": 2509021.46,
    "rew_worst_quantile_border": 0.0,
    "rew_cvar": 0.0,
    "rew_perc_good_solutions": 1.0,
    "num_tests": 50,
    "running_time": [
      0.06993913650512695,
      1.4362208843231201,
      0.14760589599609375,
      1.3985047340393066,
      0.004591941833496094,
      0.04232192039489746,
      0.002315998077392578,
      0.002171039581298828,
      0.002495288848876953,
      0.0031621456146240234,
      0.03304600715637207,
      0.5060930252075195,
      0.01880502700805664,
      0.70290207862854,
      0.005868196487426758,
      0.004341840744018555,
      0.006398916244506836,
      0.16067099571228027,
      0.009246110916137695,
      1.1942451000213623,
      0.003996372222900391,
      0.1566331386566162,
      0.3373382091522217,
      0.15716886520385742,
      1.5113389492034912,
      0.3784000873565674,
      0.08823299407958984,
      0.00018715858459472656,
      0.8085119724273682,
      0.005493879318237305,
      2.1982767581939697,
      0.00392603874206543,
      0.00636601448059082,
      0.6078000068664551,
      0.6860990524291992,
      40.80465793609619,
      0.0025610923767089844,
      0.03333401679992676,
      0.4990682601928711,
      0.29797792434692383,
      0.002344846725463867,
      0.01997208595275879,
      0.14978933334350586,
      1.370511770248413,
      0.05674910545349121,
      0.0411221981048584,
      0.004410982131958008,
      0.002257108688354492,
      0.06674790382385254,
      1.1933600902557373
    ]
  },
  "test-data-file-names": [
    "bom_deep_7_5_10_5_No2",
    "bom_deep_8_4_40_15_No2",
    "bom_deep_8_5_10_5_No2",
    "bom_deep_10_5_30_15_No1",
    "bom_deep_7_3_15_5_No1",
    "bom_deep_7_5_30_15_No2",
    "bom_deep_10_3_10_5_No1",
    "bom_deep_8_3_16_4_No2",
    "bom_deep_10_3_15_5_No1",
    "bom_deep_7_3_10_5_No1",
    "bom_deep_8_5_30_15_No2",
    "bom_deep_10_5_10_5_No2",
    "bom_deep_7_4_16_4_No2",
    "bom_deep_9_4_40_15_No2",
    "bom_deep_10_5_20_5_No2",
    "bom_deep_8_3_20_5_No1",
    "bom_deep_6_5_30_15_No2",
    "bom_deep_6_5_20_10_No1",
    "bom_deep_6_3_16_4_No2",
    "bom_deep_6_4_40_15_No2",
    "bom_deep_6_5_10_5_No2",
    "bom_deep_6_5_30_10_No1",
    "bom_deep_9_5_10_5_No2",
    "bom_deep_9_3_16_4_No2",
    "bom_deep_9_5_30_15_No2",
    "bom_deep_9_5_10_5_No1",
    "bom_deep_6_5_30_10_No2",
    "bom_deep_9_3_16_4_No1",
    "bom_deep_9_5_30_15_No1",
    "bom_deep_6_3_16_4_No1",
    "bom_deep_6_4_40_15_No1",
    "bom_deep_6_5_10_5_No1",
    "bom_deep_6_5_30_15_No1",
    "bom_deep_6_5_20_10_No2",
    "bom_deep_9_4_40_15_No1",
    "bom_deep_10_5_20_5_No1",
    "bom_deep_8_3_20_5_No2",
    "bom_deep_8_5_30_15_No1",
    "bom_deep_10_5_10_5_No1",
    "bom_deep_7_4_16_4_No1",
    "bom_deep_10_3_15_5_No2",
    "bom_deep_7_3_10_5_No2",
    "bom_deep_8_5_10_5_No1",
    "bom_deep_10_5_30_15_No2",
    "bom_deep_7_3_15_5_No2",
    "bom_deep_7_5_30_15_No1",
    "bom_deep_8_3_16_4_No1",
    "bom_deep_10_3_10_5_No2",
    "bom_deep_7_5_10_5_No1",
    "bom_deep_8_4_40_15_No1"
  ]
}