{
  "agent": {
    "rew_mean": 0.0,
    "rew_std": 0.0,
    "rew_best": 0.0,
    "rew_best_count": 50,
    "rew_worst": 0.0,
    "tardiness_mean": 0.0,
    "tardiness_std": 0.0,
    "tardiness_max_mean": 0.0,
    "makespan_tests": [
      1902100,
      248914,
      3252700,
      4640700,
      1727760,
      1529800,
      88800,
      3730860,
      95056,
      661560,
      2032400,
      5084300,
      3207960,
      231368,
      116218,
      44454,
      1375000,
      673140,
      3009060,
      2330800,
      1312500,
      424220,
      2238500,
      30284280,
      1939200,
      2280400,
      1698864,
      159000,
      1961900,
      1626480,
      3612200,
      1152800,
      1288800,
      2894252,
      183442,
      9215011,
      82611,
      2053700,
      4787900,
      6096240,
      81034,
      66700,
      3294400,
      4782100,
      86580,
      1555700,
      699150,
      91200,
      1896900,
      192902
    ],
    "makespan_mean": 2480438.32,
    "rew_worst_quantile_border": 0.0,
    "rew_cvar": 0.0,
    "rew_perc_good_solutions": 1.0,
    "num_tests": 50,
    "running_time": [
      0.06198596954345703,
      1.3396921157836914,
      0.13909029960632324,
      1.2981500625610352,
      0.003926992416381836,
      0.03752875328063965,
      0.0020492076873779297,
      0.0019359588623046875,
      0.00215911865234375,
      0.0027229785919189453,
      0.02947688102722168,
      0.5625050067901611,
      0.017252206802368164,
      0.6563310623168945,
      0.00521397590637207,
      0.0037980079650878906,
      0.0055141448974609375,
      0.0705270767211914,
      0.008363962173461914,
      1.0815789699554443,
      0.003286123275756836,
      0.14327597618103027,
      0.30269289016723633,
      0.08572793006896973,
      0.7844059467315674,
      0.5269381999969482,
      0.14915704727172852,
      0.00015091896057128906,
      0.7912628650665283,
      0.004854917526245117,
      1.9947011470794678,
      0.0033190250396728516,
      0.005464792251586914,
      0.5603611469268799,
      0.6396150588989258,
      35.91270112991333,
      0.002179861068725586,
      0.02933812141418457,
      0.4461190700531006,
      0.276655912399292,
      0.0025992393493652344,
      0.020561933517456055,
      0.14967679977416992,
      1.373093843460083,
      0.05100417137145996,
      0.03751993179321289,
      0.0039730072021484375,
      0.0019268989562988281,
      0.05982613563537598,
      1.159053087234497
    ]
  },
  "test-data-file-names": [
    "bom_deep_7_5_10_5_No2",
    "bom_deep_8_4_40_15_No2",
    "bom_deep_8_5_10_5_No2",
    "bom_deep_10_5_30_15_No1",
    "bom_deep_7_3_15_5_No1",
    "bom_deep_7_5_30_15_No2",
    "bom_deep_10_3_10_5_No1",
    "bom_deep_8_3_16_4_No2",
    "bom_deep_10_3_15_5_No1",
    "bom_deep_7_3_10_5_No1",
    "bom_deep_8_5_30_15_No2",
    "bom_deep_10_5_10_5_No2",
    "bom_deep_7_4_16_4_No2",
    "bom_deep_9_4_40_15_No2",
    "bom_deep_10_5_20_5_No2",
    "bom_deep_8_3_20_5_No1",
    "bom_deep_6_5_30_15_No2",
    "bom_deep_6_5_20_10_No1",
    "bom_deep_6_3_16_4_No2",
    "bom_deep_6_4_40_15_No2",
    "bom_deep_6_5_10_5_No2",
    "bom_deep_6_5_30_10_No1",
    "bom_deep_9_5_10_5_No2",
    "bom_deep_9_3_16_4_No2",
    "bom_deep_9_5_30_15_No2",
    "bom_deep_9_5_10_5_No1",
    "bom_deep_6_5_30_10_No2",
    "bom_deep_9_3_16_4_No1",
    "bom_deep_9_5_30_15_No1",
    "bom_deep_6_3_16_4_No1",
    "bom_deep_6_4_40_15_No1",
    "bom_deep_6_5_10_5_No1",
    "bom_deep_6_5_30_15_No1",
    "bom_deep_6_5_20_10_No2",
    "bom_deep_9_4_40_15_No1",
    "bom_deep_10_5_20_5_No1",
    "bom_deep_8_3_20_5_No2",
    "bom_deep_8_5_30_15_No1",
    "bom_deep_10_5_10_5_No1",
    "bom_deep_7_4_16_4_No1",
    "bom_deep_10_3_15_5_No2",
    "bom_deep_7_3_10_5_No2",
    "bom_deep_8_5_10_5_No1",
    "bom_deep_10_5_30_15_No2",
    "bom_deep_7_3_15_5_No2",
    "bom_deep_7_5_30_15_No1",
    "bom_deep_8_3_16_4_No1",
    "bom_deep_10_3_10_5_No2",
    "bom_deep_7_5_10_5_No1",
    "bom_deep_8_4_40_15_No1"
  ]
}