{
  "agent": {
    "rew_mean": 0.0,
    "rew_std": 0.0,
    "rew_best": 0.0,
    "rew_best_count": 50,
    "rew_worst": 0.0,
    "tardiness_mean": 0.0,
    "tardiness_std": 0.0,
    "tardiness_max_mean": 0.0,
    "makespan_tests": [
      1942600,
      256942,
      3281200,
      4640700,
      2126160,
      1529800,
      88800,
      3730860,
      95056,
      734820,
      2032400,
      5115900,
      3207960,
      233812,
      116218,
      44454,
      1375000,
      686160,
      3009060,
      2330800,
      1312500,
      424220,
      2227900,
      30648600,
      1939200,
      2277100,
      1698864,
      159000,
      1961900,
      1626480,
      3621000,
      1379600,
      1288800,
      3075168,
      185574,
      9217543,
      82611,
      2053700,
      4787900,
      6090885,
      81034,
      67680,
      3325800,
      4782100,
      97220,
      1555700,
      699150,
      91200,
      1918300,
      195642
    ],
    "makespan_mean": 2509021.46,
    "rew_worst_quantile_border": 0.0,
    "rew_cvar": 0.0,
    "rew_perc_good_solutions": 1.0,
    "num_tests": 50,
    "running_time": [
      0.04144692420959473,
      1.0400290489196777,
      0.0966331958770752,
      1.0488989353179932,
      0.0029811859130859375,
      0.030677080154418945,
      0.0016438961029052734,
      0.001531839370727539,
      0.0017819404602050781,
      0.002051115036010742,
      0.02551102638244629,
      0.31778407096862793,
      0.012028932571411133,
      0.5365848541259766,
      0.004230976104736328,
      0.0029888153076171875,
      0.0045719146728515625,
      0.05135297775268555,
      0.005957126617431641,
      0.8138899803161621,
      0.0025069713592529297,
      0.10582184791564941,
      0.2189319133758545,
      0.06566500663757324,
      0.5873429775238037,
      0.21350502967834473,
      0.060643911361694336,
      0.00012493133544921875,
      0.5890440940856934,
      0.0034589767456054688,
      1.4906120300292969,
      0.002465963363647461,
      0.004659175872802734,
      0.3888392448425293,
      0.5375969409942627,
      26.845525979995728,
      0.0017921924591064453,
      0.026453018188476562,
      0.31862807273864746,
      0.1848618984222412,
      0.0016930103302001953,
      0.010943889617919922,
      0.09665322303771973,
      1.039527177810669,
      0.03179502487182617,
      0.030598878860473633,
      0.003119945526123047,
      0.0016200542449951172,
      0.040472984313964844,
      0.9868690967559814
    ]
  },
  "test-data-file-names": [
    "bom_deep_7_5_10_5_No2",
    "bom_deep_8_4_40_15_No2",
    "bom_deep_8_5_10_5_No2",
    "bom_deep_10_5_30_15_No1",
    "bom_deep_7_3_15_5_No1",
    "bom_deep_7_5_30_15_No2",
    "bom_deep_10_3_10_5_No1",
    "bom_deep_8_3_16_4_No2",
    "bom_deep_10_3_15_5_No1",
    "bom_deep_7_3_10_5_No1",
    "bom_deep_8_5_30_15_No2",
    "bom_deep_10_5_10_5_No2",
    "bom_deep_7_4_16_4_No2",
    "bom_deep_9_4_40_15_No2",
    "bom_deep_10_5_20_5_No2",
    "bom_deep_8_3_20_5_No1",
    "bom_deep_6_5_30_15_No2",
    "bom_deep_6_5_20_10_No1",
    "bom_deep_6_3_16_4_No2",
    "bom_deep_6_4_40_15_No2",
    "bom_deep_6_5_10_5_No2",
    "bom_deep_6_5_30_10_No1",
    "bom_deep_9_5_10_5_No2",
    "bom_deep_9_3_16_4_No2",
    "bom_deep_9_5_30_15_No2",
    "bom_deep_9_5_10_5_No1",
    "bom_deep_6_5_30_10_No2",
    "bom_deep_9_3_16_4_No1",
    "bom_deep_9_5_30_15_No1",
    "bom_deep_6_3_16_4_No1",
    "bom_deep_6_4_40_15_No1",
    "bom_deep_6_5_10_5_No1",
    "bom_deep_6_5_30_15_No1",
    "bom_deep_6_5_20_10_No2",
    "bom_deep_9_4_40_15_No1",
    "bom_deep_10_5_20_5_No1",
    "bom_deep_8_3_20_5_No2",
    "bom_deep_8_5_30_15_No1",
    "bom_deep_10_5_10_5_No1",
    "bom_deep_7_4_16_4_No1",
    "bom_deep_10_3_15_5_No2",
    "bom_deep_7_3_10_5_No2",
    "bom_deep_8_5_10_5_No1",
    "bom_deep_10_5_30_15_No2",
    "bom_deep_7_3_15_5_No2",
    "bom_deep_7_5_30_15_No1",
    "bom_deep_8_3_16_4_No1",
    "bom_deep_10_3_10_5_No2",
    "bom_deep_7_5_10_5_No1",
    "bom_deep_8_4_40_15_No1"
  ]
}