{
  "agent": {
    "rew_mean": 0.0,
    "rew_std": 0.0,
    "rew_best": 0.0,
    "rew_best_count": 50,
    "rew_worst": 0.0,
    "tardiness_mean": 0.0,
    "tardiness_std": 0.0,
    "tardiness_max_mean": 0.0,
    "makespan_tests": [
      2943700,
      642674,
      4779800,
      6011000,
      1727760,
      1642700,
      118280,
      3730860,
      97760,
      820380,
      2044400,
      9335200,
      3207960,
      703544,
      133843,
      45666,
      1375000,
      673140,
      3009060,
      7247400,
      1582300,
      503600,
      3696500,
      32522100,
      3166700,
      3283700,
      1889940,
      159000,
      3745000,
      1626480,
      15035400,
      1179500,
      1288800,
      9927764,
      554496,
      16483133,
      103701,
      2063300,
      6809200,
      6737646,
      99850,
      97820,
      5394400,
      5392100,
      116320,
      1564100,
      699150,
      91200,
      2968000,
      549590
    ],
    "makespan_mean": 3592418.34,
    "rew_worst_quantile_border": 0.0,
    "rew_cvar": 0.0,
    "rew_perc_good_solutions": 1.0,
    "num_tests": 50,
    "running_time": [
      0.08636021614074707,
      3.1800239086151123,
      0.24780702590942383,
      3.6312549114227295,
      0.0043141841888427734,
      0.06232190132141113,
      0.0018458366394042969,
      0.0022132396697998047,
      0.002140045166015625,
      0.003041982650756836,
      0.046257734298706055,
      1.162992238998413,
      0.018793821334838867,
      2.1922800540924072,
      0.005106210708618164,
      0.0033321380615234375,
      0.016531944274902344,
      0.13883423805236816,
      0.008933067321777344,
      4.071616888046265,
      0.003017902374267578,
      0.2652921676635742,
      0.6180322170257568,
      0.12110209465026855,
      1.7476961612701416,
      0.6968579292297363,
      0.14197039604187012,
      0.00010991096496582031,
      1.7559559345245361,
      0.004400014877319336,
      6.973314046859741,
      0.0034918785095214844,
      0.007208824157714844,
      1.5039680004119873,
      1.2361702919006348,
      263.2939600944519,
      0.0019948482513427734,
      0.04607415199279785,
      1.1416008472442627,
      0.4660048484802246,
      0.001992940902709961,
      0.023846864700317383,
      0.2581791877746582,
      3.604279041290283,
      0.07436966896057129,
      0.06115126609802246,
      0.003885030746459961,
      0.002004384994506836,
      0.08039498329162598,
      2.348090887069702
    ]
  },
  "test-data-file-names": [
    "bom_deep_7_5_10_5_No2",
    "bom_deep_8_4_40_15_No2",
    "bom_deep_8_5_10_5_No2",
    "bom_deep_10_5_30_15_No1",
    "bom_deep_7_3_15_5_No1",
    "bom_deep_7_5_30_15_No2",
    "bom_deep_10_3_10_5_No1",
    "bom_deep_8_3_16_4_No2",
    "bom_deep_10_3_15_5_No1",
    "bom_deep_7_3_10_5_No1",
    "bom_deep_8_5_30_15_No2",
    "bom_deep_10_5_10_5_No2",
    "bom_deep_7_4_16_4_No2",
    "bom_deep_9_4_40_15_No2",
    "bom_deep_10_5_20_5_No2",
    "bom_deep_8_3_20_5_No1",
    "bom_deep_6_5_30_15_No2",
    "bom_deep_6_5_20_10_No1",
    "bom_deep_6_3_16_4_No2",
    "bom_deep_6_4_40_15_No2",
    "bom_deep_6_5_10_5_No2",
    "bom_deep_6_5_30_10_No1",
    "bom_deep_9_5_10_5_No2",
    "bom_deep_9_3_16_4_No2",
    "bom_deep_9_5_30_15_No2",
    "bom_deep_9_5_10_5_No1",
    "bom_deep_6_5_30_10_No2",
    "bom_deep_9_3_16_4_No1",
    "bom_deep_9_5_30_15_No1",
    "bom_deep_6_3_16_4_No1",
    "bom_deep_6_4_40_15_No1",
    "bom_deep_6_5_10_5_No1",
    "bom_deep_6_5_30_15_No1",
    "bom_deep_6_5_20_10_No2",
    "bom_deep_9_4_40_15_No1",
    "bom_deep_10_5_20_5_No1",
    "bom_deep_8_3_20_5_No2",
    "bom_deep_8_5_30_15_No1",
    "bom_deep_10_5_10_5_No1",
    "bom_deep_7_4_16_4_No1",
    "bom_deep_10_3_15_5_No2",
    "bom_deep_7_3_10_5_No2",
    "bom_deep_8_5_10_5_No1",
    "bom_deep_10_5_30_15_No2",
    "bom_deep_7_3_15_5_No2",
    "bom_deep_7_5_30_15_No1",
    "bom_deep_8_3_16_4_No1",
    "bom_deep_10_3_10_5_No2",
    "bom_deep_7_5_10_5_No1",
    "bom_deep_8_4_40_15_No1"
  ]
}