{
  "agent": {
    "rew_mean": 0.0,
    "rew_std": 0.0,
    "rew_best": 0.0,
    "rew_best_count": 50,
    "rew_worst": 0.0,
    "tardiness_mean": 0.0,
    "tardiness_std": 0.0,
    "tardiness_max_mean": 0.0,
    "makespan_tests": [
      2285200,
      334710,
      3566200,
      4848900,
      1964160,
      1544200,
      91480,
      3730860,
      97744,
      661560,
      2032400,
      5483200,
      3207960,
      268232,
      117346,
      46900,
      1420000,
      686040,
      2294460,
      2650000,
      1329300,
      424220,
      2420200,
      31248000,
      2086700,
      2494300,
      1742064,
      159000,
      2063900,
      1626480,
      4506800,
      1152800,
      1288800,
      3431084,
      290078,
      10313147,
      82707,
      2057300,
      5336800,
      6122655,
      83506,
      79180,
      3653400,
      4977100,
      111820,
      1555700,
      699150,
      91200,
      2142700,
      302298
    ],
    "makespan_mean": 2624078.82,
    "rew_worst_quantile_border": 0.0,
    "rew_cvar": 0.0,
    "rew_perc_good_solutions": 1.0,
    "num_tests": 50,
    "running_time": [
      0.09530782699584961,
      3.5838568210601807,
      0.26302599906921387,
      3.937898874282837,
      0.003932952880859375,
      0.06680798530578613,
      0.0021300315856933594,
      0.0018129348754882812,
      0.002292156219482422,
      0.0031342506408691406,
      0.05172300338745117,
      1.0942130088806152,
      0.019989967346191406,
      1.696045160293579,
      0.005511283874511719,
      0.0038411617279052734,
      0.007812976837158203,
      0.14104795455932617,
      0.009459972381591797,
      3.6272401809692383,
      0.0033578872680664062,
      0.28705310821533203,
      1.1591768264770508,
      0.33437275886535645,
      2.0569889545440674,
      0.6853020191192627,
      0.13819503784179688,
      0.00011897087097167969,
      1.9888701438903809,
      0.004860877990722656,
      7.624342918395996,
      0.0035190582275390625,
      0.007866144180297852,
      1.551938772201538,
      1.4292242527008057,
      277.0701768398285,
      0.0023560523986816406,
      0.052247047424316406,
      1.0734999179840088,
      0.44403982162475586,
      0.00202178955078125,
      0.025462865829467773,
      0.2673680782318115,
      3.9161550998687744,
      0.0802450180053711,
      0.06930708885192871,
      0.0037508010864257812,
      0.0017948150634765625,
      0.0977330207824707,
      3.0228540897369385
    ]
  },
  "test-data-file-names": [
    "bom_deep_7_5_10_5_No2",
    "bom_deep_8_4_40_15_No2",
    "bom_deep_8_5_10_5_No2",
    "bom_deep_10_5_30_15_No1",
    "bom_deep_7_3_15_5_No1",
    "bom_deep_7_5_30_15_No2",
    "bom_deep_10_3_10_5_No1",
    "bom_deep_8_3_16_4_No2",
    "bom_deep_10_3_15_5_No1",
    "bom_deep_7_3_10_5_No1",
    "bom_deep_8_5_30_15_No2",
    "bom_deep_10_5_10_5_No2",
    "bom_deep_7_4_16_4_No2",
    "bom_deep_9_4_40_15_No2",
    "bom_deep_10_5_20_5_No2",
    "bom_deep_8_3_20_5_No1",
    "bom_deep_6_5_30_15_No2",
    "bom_deep_6_5_20_10_No1",
    "bom_deep_6_3_16_4_No2",
    "bom_deep_6_4_40_15_No2",
    "bom_deep_6_5_10_5_No2",
    "bom_deep_6_5_30_10_No1",
    "bom_deep_9_5_10_5_No2",
    "bom_deep_9_3_16_4_No2",
    "bom_deep_9_5_30_15_No2",
    "bom_deep_9_5_10_5_No1",
    "bom_deep_6_5_30_10_No2",
    "bom_deep_9_3_16_4_No1",
    "bom_deep_9_5_30_15_No1",
    "bom_deep_6_3_16_4_No1",
    "bom_deep_6_4_40_15_No1",
    "bom_deep_6_5_10_5_No1",
    "bom_deep_6_5_30_15_No1",
    "bom_deep_6_5_20_10_No2",
    "bom_deep_9_4_40_15_No1",
    "bom_deep_10_5_20_5_No1",
    "bom_deep_8_3_20_5_No2",
    "bom_deep_8_5_30_15_No1",
    "bom_deep_10_5_10_5_No1",
    "bom_deep_7_4_16_4_No1",
    "bom_deep_10_3_15_5_No2",
    "bom_deep_7_3_10_5_No2",
    "bom_deep_8_5_10_5_No1",
    "bom_deep_10_5_30_15_No2",
    "bom_deep_7_3_15_5_No2",
    "bom_deep_7_5_30_15_No1",
    "bom_deep_8_3_16_4_No1",
    "bom_deep_10_3_10_5_No2",
    "bom_deep_7_5_10_5_No1",
    "bom_deep_8_4_40_15_No1"
  ]
}