{
  "agent": {
    "rew_mean": 0.0,
    "rew_std": 0.0,
    "rew_best": 0.0,
    "rew_best_count": 50,
    "rew_worst": 0.0,
    "tardiness_mean": 0.0,
    "tardiness_std": 0.0,
    "tardiness_max_mean": 0.0,
    "makespan_tests": [
      1925500,
      253546,
      3253500,
      4640700,
      1727760,
      1544200,
      88800,
      3730860,
      95056,
      769560,
      2032400,
      5084300,
      3207960,
      232784,
      116218,
      44454,
      1375000,
      673140,
      3009060,
      2331000,
      1312500,
      424220,
      2190000,
      30284280,
      1950000,
      2269400,
      1698864,
      159000,
      1961900,
      1626480,
      4030200,
      1152800,
      1288800,
      2877204,
      182366,
      9208850,
      86307,
      2053700,
      4787900,
      6094935,
      82186,
      67260,
      3279600,
      4783000,
      86600,
      1555700,
      699150,
      91200,
      1888700,
      228366
    ],
    "makespan_mean": 2490745.32,
    "rew_worst_quantile_border": 0.0,
    "rew_cvar": 0.0,
    "rew_perc_good_solutions": 1.0,
    "num_tests": 50,
    "running_time": [
      0.03442096710205078,
      0.9741020202636719,
      0.08489394187927246,
      0.9858808517456055,
      0.0031120777130126953,
      0.029125213623046875,
      0.001583099365234375,
      0.001461029052734375,
      0.0017211437225341797,
      0.0018658638000488281,
      0.024489164352416992,
      0.268963098526001,
      0.010513067245483398,
      0.523245096206665,
      0.004122018814086914,
      0.0028409957885742188,
      0.004566192626953125,
      0.047812700271606445,
      0.00551295280456543,
      0.7385449409484863,
      0.002276182174682617,
      0.09403109550476074,
      0.18123793601989746,
      0.05594491958618164,
      0.5575859546661377,
      0.1815783977508545,
      0.05466175079345703,
      0.00013303756713867188,
      0.5613358020782471,
      0.0029959678649902344,
      1.3447670936584473,
      0.0022721290588378906,
      0.004508018493652344,
      0.3486347198486328,
      0.5097579956054688,
      22.393662214279175,
      0.0017549991607666016,
      0.025421142578125,
      0.6192469596862793,
      0.2151780128479004,
      0.0025458335876464844,
      0.01219487190246582,
      0.10059499740600586,
      1.3018178939819336,
      0.028406143188476562,
      0.03240704536437988,
      0.0031020641326904297,
      0.0017042160034179688,
      0.0477900505065918,
      0.9215748310089111
    ]
  },
  "test-data-file-names": [
    "bom_deep_7_5_10_5_No2",
    "bom_deep_8_4_40_15_No2",
    "bom_deep_8_5_10_5_No2",
    "bom_deep_10_5_30_15_No1",
    "bom_deep_7_3_15_5_No1",
    "bom_deep_7_5_30_15_No2",
    "bom_deep_10_3_10_5_No1",
    "bom_deep_8_3_16_4_No2",
    "bom_deep_10_3_15_5_No1",
    "bom_deep_7_3_10_5_No1",
    "bom_deep_8_5_30_15_No2",
    "bom_deep_10_5_10_5_No2",
    "bom_deep_7_4_16_4_No2",
    "bom_deep_9_4_40_15_No2",
    "bom_deep_10_5_20_5_No2",
    "bom_deep_8_3_20_5_No1",
    "bom_deep_6_5_30_15_No2",
    "bom_deep_6_5_20_10_No1",
    "bom_deep_6_3_16_4_No2",
    "bom_deep_6_4_40_15_No2",
    "bom_deep_6_5_10_5_No2",
    "bom_deep_6_5_30_10_No1",
    "bom_deep_9_5_10_5_No2",
    "bom_deep_9_3_16_4_No2",
    "bom_deep_9_5_30_15_No2",
    "bom_deep_9_5_10_5_No1",
    "bom_deep_6_5_30_10_No2",
    "bom_deep_9_3_16_4_No1",
    "bom_deep_9_5_30_15_No1",
    "bom_deep_6_3_16_4_No1",
    "bom_deep_6_4_40_15_No1",
    "bom_deep_6_5_10_5_No1",
    "bom_deep_6_5_30_15_No1",
    "bom_deep_6_5_20_10_No2",
    "bom_deep_9_4_40_15_No1",
    "bom_deep_10_5_20_5_No1",
    "bom_deep_8_3_20_5_No2",
    "bom_deep_8_5_30_15_No1",
    "bom_deep_10_5_10_5_No1",
    "bom_deep_7_4_16_4_No1",
    "bom_deep_10_3_15_5_No2",
    "bom_deep_7_3_10_5_No2",
    "bom_deep_8_5_10_5_No1",
    "bom_deep_10_5_30_15_No2",
    "bom_deep_7_3_15_5_No2",
    "bom_deep_7_5_30_15_No1",
    "bom_deep_8_3_16_4_No1",
    "bom_deep_10_3_10_5_No2",
    "bom_deep_7_5_10_5_No1",
    "bom_deep_8_4_40_15_No1"
  ]
}