{
  "agent": {
    "rew_mean": 0.0,
    "rew_std": 0.0,
    "rew_best": 0.0,
    "rew_best_count": 50,
    "rew_worst": 0.0,
    "tardiness_mean": 0.0,
    "tardiness_std": 0.0,
    "tardiness_max_mean": 0.0,
    "makespan_tests": [
      1991400,
      252210,
      3351100,
      4640700,
      1727760,
      1537000,
      88800,
      3730860,
      95056,
      731940,
      2032400,
      5194600,
      3207960,
      233812,
      116218,
      44454,
      1375000,
      673140,
      3009060,
      2330800,
      1312500,
      424220,
      2279500,
      29967800,
      1948200,
      2358300,
      1698864,
      159000,
      1961900,
      1626480,
      3647600,
      1152800,
      1288800,
      2950040,
      185834,
      9213744,
      82611,
      2053700,
      5014700,
      6360525,
      81034,
      68980,
      3389600,
      4782100,
      89180,
      1555700,
      699150,
      91200,
      1999300,
      195346
    ],
    "makespan_mean": 2500059.56,
    "rew_worst_quantile_border": 0.0,
    "rew_cvar": 0.0,
    "rew_perc_good_solutions": 1.0,
    "num_tests": 50,
    "running_time": [
      0.04947209358215332,
      1.1481821537017822,
      0.11461997032165527,
      1.1473381519317627,
      0.0033299922943115234,
      0.0334169864654541,
      0.0017621517181396484,
      0.0016579627990722656,
      0.0018720626831054688,
      0.0023021697998046875,
      0.028089046478271484,
      0.41788506507873535,
      0.019292116165161133,
      0.7758147716522217,
      0.005035877227783203,
      0.0033338069915771484,
      0.0060160160064697266,
      0.06660580635070801,
      0.008125066757202148,
      0.9441721439361572,
      0.002810955047607422,
      0.12016677856445312,
      0.2524421215057373,
      0.07533788681030273,
      0.7246220111846924,
      0.5582940578460693,
      0.0708768367767334,
      0.00013518333435058594,
      0.6828510761260986,
      0.004394054412841797,
      2.6073148250579834,
      0.0030159950256347656,
      0.0051229000091552734,
      0.4742741584777832,
      0.5887870788574219,
      30.212748765945435,
      0.0019440650939941406,
      0.027238130569458008,
      0.3761460781097412,
      0.2266831398010254,
      0.001786947250366211,
      0.013718128204345703,
      0.11403274536132812,
      1.1470630168914795,
      0.04108691215515137,
      0.033525943756103516,
      0.003384113311767578,
      0.0017249584197998047,
      0.05102729797363281,
      0.9840757846832275
    ]
  },
  "test-data-file-names": [
    "bom_deep_7_5_10_5_No2",
    "bom_deep_8_4_40_15_No2",
    "bom_deep_8_5_10_5_No2",
    "bom_deep_10_5_30_15_No1",
    "bom_deep_7_3_15_5_No1",
    "bom_deep_7_5_30_15_No2",
    "bom_deep_10_3_10_5_No1",
    "bom_deep_8_3_16_4_No2",
    "bom_deep_10_3_15_5_No1",
    "bom_deep_7_3_10_5_No1",
    "bom_deep_8_5_30_15_No2",
    "bom_deep_10_5_10_5_No2",
    "bom_deep_7_4_16_4_No2",
    "bom_deep_9_4_40_15_No2",
    "bom_deep_10_5_20_5_No2",
    "bom_deep_8_3_20_5_No1",
    "bom_deep_6_5_30_15_No2",
    "bom_deep_6_5_20_10_No1",
    "bom_deep_6_3_16_4_No2",
    "bom_deep_6_4_40_15_No2",
    "bom_deep_6_5_10_5_No2",
    "bom_deep_6_5_30_10_No1",
    "bom_deep_9_5_10_5_No2",
    "bom_deep_9_3_16_4_No2",
    "bom_deep_9_5_30_15_No2",
    "bom_deep_9_5_10_5_No1",
    "bom_deep_6_5_30_10_No2",
    "bom_deep_9_3_16_4_No1",
    "bom_deep_9_5_30_15_No1",
    "bom_deep_6_3_16_4_No1",
    "bom_deep_6_4_40_15_No1",
    "bom_deep_6_5_10_5_No1",
    "bom_deep_6_5_30_15_No1",
    "bom_deep_6_5_20_10_No2",
    "bom_deep_9_4_40_15_No1",
    "bom_deep_10_5_20_5_No1",
    "bom_deep_8_3_20_5_No2",
    "bom_deep_8_5_30_15_No1",
    "bom_deep_10_5_10_5_No1",
    "bom_deep_7_4_16_4_No1",
    "bom_deep_10_3_15_5_No2",
    "bom_deep_7_3_10_5_No2",
    "bom_deep_8_5_10_5_No1",
    "bom_deep_10_5_30_15_No2",
    "bom_deep_7_3_15_5_No2",
    "bom_deep_7_5_30_15_No1",
    "bom_deep_8_3_16_4_No1",
    "bom_deep_10_3_10_5_No2",
    "bom_deep_7_5_10_5_No1",
    "bom_deep_8_4_40_15_No1"
  ]
}