{
  "agent": {
    "rew_mean": 0.0,
    "rew_std": 0.0,
    "rew_best": 0.0,
    "rew_best_count": 50,
    "rew_worst": 0.0,
    "tardiness_mean": 0.0,
    "tardiness_std": 0.0,
    "tardiness_max_mean": 0.0,
    "makespan_tests": [
      2077000,
      334654,
      3380000,
      4640700,
      1727760,
      1529800,
      88800,
      3730860,
      96640,
      661560,
      2032400,
      5208200,
      3207960,
      253672,
      116218,
      45666,
      1375000,
      673140,
      3009060,
      2518400,
      1312500,
      503600,
      2337100,
      30343200,
      1939200,
      2427500,
      1698864,
      159000,
      1961900,
      1626480,
      4192400,
      1154600,
      1288800,
      3093396,
      240094,
      9699137,
      82611,
      2053700,
      5224800,
      6118605,
      81266,
      78640,
      3430700,
      4782100,
      100500,
      1555700,
      699150,
      91200,
      2395800,
      247880
    ],
    "makespan_mean": 2552558.26,
    "rew_worst_quantile_border": 0.0,
    "rew_cvar": 0.0,
    "rew_perc_good_solutions": 1.0,
    "num_tests": 50,
    "running_time": [
      0.1025383472442627,
      3.6817381381988525,
      0.3011319637298584,
      3.8957817554473877,
      0.0043582916259765625,
      0.07675695419311523,
      0.002307891845703125,
      0.0018620491027832031,
      0.002362966537475586,
      0.0034160614013671875,
      0.05516624450683594,
      1.0826213359832764,
      0.021934986114501953,
      1.6879820823669434,
      0.005957126617431641,
      0.0042188167572021484,
      0.008537054061889648,
      0.1413428783416748,
      0.010102033615112305,
      4.064234018325806,
      0.0037031173706054688,
      0.2933073043823242,
      0.7019970417022705,
      0.1270160675048828,
      2.035137891769409,
      0.6914100646972656,
      0.15363407135009766,
      0.00011706352233886719,
      1.9722728729248047,
      0.005167722702026367,
      9.236186742782593,
      0.004235982894897461,
      0.009096860885620117,
      1.637681245803833,
      1.5497400760650635,
      278.52691626548767,
      0.0027570724487304688,
      0.05558896064758301,
      1.3176641464233398,
      0.5186870098114014,
      0.0024089813232421875,
      0.02903604507446289,
      0.30416274070739746,
      4.555707216262817,
      0.08954596519470215,
      0.07737922668457031,
      0.0040569305419921875,
      0.002040863037109375,
      0.0938730239868164,
      3.0155088901519775
    ]
  },
  "test-data-file-names": [
    "bom_deep_7_5_10_5_No2",
    "bom_deep_8_4_40_15_No2",
    "bom_deep_8_5_10_5_No2",
    "bom_deep_10_5_30_15_No1",
    "bom_deep_7_3_15_5_No1",
    "bom_deep_7_5_30_15_No2",
    "bom_deep_10_3_10_5_No1",
    "bom_deep_8_3_16_4_No2",
    "bom_deep_10_3_15_5_No1",
    "bom_deep_7_3_10_5_No1",
    "bom_deep_8_5_30_15_No2",
    "bom_deep_10_5_10_5_No2",
    "bom_deep_7_4_16_4_No2",
    "bom_deep_9_4_40_15_No2",
    "bom_deep_10_5_20_5_No2",
    "bom_deep_8_3_20_5_No1",
    "bom_deep_6_5_30_15_No2",
    "bom_deep_6_5_20_10_No1",
    "bom_deep_6_3_16_4_No2",
    "bom_deep_6_4_40_15_No2",
    "bom_deep_6_5_10_5_No2",
    "bom_deep_6_5_30_10_No1",
    "bom_deep_9_5_10_5_No2",
    "bom_deep_9_3_16_4_No2",
    "bom_deep_9_5_30_15_No2",
    "bom_deep_9_5_10_5_No1",
    "bom_deep_6_5_30_10_No2",
    "bom_deep_9_3_16_4_No1",
    "bom_deep_9_5_30_15_No1",
    "bom_deep_6_3_16_4_No1",
    "bom_deep_6_4_40_15_No1",
    "bom_deep_6_5_10_5_No1",
    "bom_deep_6_5_30_15_No1",
    "bom_deep_6_5_20_10_No2",
    "bom_deep_9_4_40_15_No1",
    "bom_deep_10_5_20_5_No1",
    "bom_deep_8_3_20_5_No2",
    "bom_deep_8_5_30_15_No1",
    "bom_deep_10_5_10_5_No1",
    "bom_deep_7_4_16_4_No1",
    "bom_deep_10_3_15_5_No2",
    "bom_deep_7_3_10_5_No2",
    "bom_deep_8_5_10_5_No1",
    "bom_deep_10_5_30_15_No2",
    "bom_deep_7_3_15_5_No2",
    "bom_deep_7_5_30_15_No1",
    "bom_deep_8_3_16_4_No1",
    "bom_deep_10_3_10_5_No2",
    "bom_deep_7_5_10_5_No1",
    "bom_deep_8_4_40_15_No1"
  ]
}