{
  "agent": {
    "rew_mean": 0.0,
    "rew_std": 0.0,
    "rew_best": 0.0,
    "rew_best_count": 50,
    "rew_worst": 0.0,
    "tardiness_mean": 0.0,
    "tardiness_std": 0.0,
    "tardiness_max_mean": 0.0,
    "makespan_tests": [
      2419300,
      449498,
      3587400,
      4662300,
      1727760,
      1540200,
      88800,
      3730860,
      96640,
      784800,
      2039600,
      5883600,
      3207960,
      371768,
      117346,
      45294,
      1375000,
      736920,
      3009060,
      4025800,
      1312500,
      503600,
      2595700,
      30322680,
      1942800,
      2575700,
      1698864,
      159000,
      2014400,
      1626480,
      4503200,
      1152800,
      1288800,
      3900060,
      353518,
      9823469,
      84225,
      2058300,
      5125900,
      6135615,
      81266,
      84580,
      3507900,
      4789600,
      108780,
      1562300,
      699150,
      91200,
      2287900,
      426880
    ],
    "makespan_mean": 2654341.46,
    "rew_worst_quantile_border": 0.0,
    "rew_cvar": 0.0,
    "rew_perc_good_solutions": 1.0,
    "num_tests": 50,
    "running_time": [
      0.1463780403137207,
      5.479970216751099,
      0.3766472339630127,
      5.647765159606934,
      0.007542133331298828,
      0.12195301055908203,
      0.0031087398529052734,
      0.0031890869140625,
      0.003340005874633789,
      0.005281925201416016,
      0.08373188972473145,
      1.4524707794189453,
      0.033380746841430664,
      2.51501202583313,
      0.007013797760009766,
      0.004873991012573242,
      0.014302968978881836,
      0.2374589443206787,
      0.015038013458251953,
      6.005904197692871,
      0.0055599212646484375,
      0.4660320281982422,
      0.9344038963317871,
      0.18983769416809082,
      2.738877773284912,
      0.9229519367218018,
      0.2615630626678467,
      0.00015497207641601562,
      2.7409908771514893,
      0.007654905319213867,
      14.06916880607605,
      0.006802797317504883,
      0.01593494415283203,
      2.5436580181121826,
      2.128124237060547,
      310.77339124679565,
      0.0034949779510498047,
      0.08944487571716309,
      1.617393970489502,
      0.7181241512298584,
      0.0030939579010009766,
      0.04184103012084961,
      0.3842790126800537,
      6.034822940826416,
      0.1589040756225586,
      0.1221930980682373,
      0.006634950637817383,
      0.003267049789428711,
      0.1386549472808838,
      4.343131065368652
    ]
  },
  "test-data-file-names": [
    "bom_deep_7_5_10_5_No2",
    "bom_deep_8_4_40_15_No2",
    "bom_deep_8_5_10_5_No2",
    "bom_deep_10_5_30_15_No1",
    "bom_deep_7_3_15_5_No1",
    "bom_deep_7_5_30_15_No2",
    "bom_deep_10_3_10_5_No1",
    "bom_deep_8_3_16_4_No2",
    "bom_deep_10_3_15_5_No1",
    "bom_deep_7_3_10_5_No1",
    "bom_deep_8_5_30_15_No2",
    "bom_deep_10_5_10_5_No2",
    "bom_deep_7_4_16_4_No2",
    "bom_deep_9_4_40_15_No2",
    "bom_deep_10_5_20_5_No2",
    "bom_deep_8_3_20_5_No1",
    "bom_deep_6_5_30_15_No2",
    "bom_deep_6_5_20_10_No1",
    "bom_deep_6_3_16_4_No2",
    "bom_deep_6_4_40_15_No2",
    "bom_deep_6_5_10_5_No2",
    "bom_deep_6_5_30_10_No1",
    "bom_deep_9_5_10_5_No2",
    "bom_deep_9_3_16_4_No2",
    "bom_deep_9_5_30_15_No2",
    "bom_deep_9_5_10_5_No1",
    "bom_deep_6_5_30_10_No2",
    "bom_deep_9_3_16_4_No1",
    "bom_deep_9_5_30_15_No1",
    "bom_deep_6_3_16_4_No1",
    "bom_deep_6_4_40_15_No1",
    "bom_deep_6_5_10_5_No1",
    "bom_deep_6_5_30_15_No1",
    "bom_deep_6_5_20_10_No2",
    "bom_deep_9_4_40_15_No1",
    "bom_deep_10_5_20_5_No1",
    "bom_deep_8_3_20_5_No2",
    "bom_deep_8_5_30_15_No1",
    "bom_deep_10_5_10_5_No1",
    "bom_deep_7_4_16_4_No1",
    "bom_deep_10_3_15_5_No2",
    "bom_deep_7_3_10_5_No2",
    "bom_deep_8_5_10_5_No1",
    "bom_deep_10_5_30_15_No2",
    "bom_deep_7_3_15_5_No2",
    "bom_deep_7_5_30_15_No1",
    "bom_deep_8_3_16_4_No1",
    "bom_deep_10_3_10_5_No2",
    "bom_deep_7_5_10_5_No1",
    "bom_deep_8_4_40_15_No1"
  ]
}