{
  "agent": {
    "rew_mean": 0.0,
    "rew_std": 0.0,
    "rew_best": 0.0,
    "rew_best_count": 50,
    "rew_worst": 0.0,
    "tardiness_mean": 0.0,
    "tardiness_std": 0.0,
    "tardiness_max_mean": 0.0,
    "makespan_tests": [
      2158900,
      297386,
      3434600,
      4640700,
      1727760,
      1529800,
      88800,
      3730860,
      95056,
      784800,
      2032400,
      5114900,
      3207960,
      239824,
      116218,
      44454,
      1375000,
      673140,
      3009060,
      2331000,
      1312500,
      503600,
      2362900,
      30284280,
      1939200,
      2478000,
      1698864,
      159000,
      1961900,
      1626480,
      3847800,
      1152800,
      1288800,
      2918236,
      207790,
      9313919,
      82707,
      2053700,
      5005700,
      6108795,
      81250,
      77460,
      3470100,
      4782100,
      93180,
      1555700,
      699150,
      91200,
      2169700,
      231782
    ],
    "makespan_mean": 2523824.22,
    "rew_worst_quantile_border": 0.0,
    "rew_cvar": 0.0,
    "rew_perc_good_solutions": 1.0,
    "num_tests": 50,
    "running_time": [
      0.22713184356689453,
      9.015873193740845,
      0.5751550197601318,
      9.728809118270874,
      0.010682106018066406,
      0.2272939682006836,
      0.00568079948425293,
      0.0047338008880615234,
      0.00545191764831543,
      0.008738040924072266,
      0.1702258586883545,
      1.8018207550048828,
      0.0604548454284668,
      4.390444040298462,
      0.01302337646484375,
      0.00882411003112793,
      0.04246687889099121,
      0.44742298126220703,
      0.028814077377319336,
      10.664294958114624,
      0.009348869323730469,
      0.920583963394165,
      1.3419549465179443,
      0.26359987258911133,
      4.442260026931763,
      1.3762848377227783,
      0.4776899814605713,
      0.00023412704467773438,
      4.632378101348877,
      0.012748956680297852,
      19.989766120910645,
      0.010422945022583008,
      0.03248429298400879,
      3.99928879737854,
      3.4338502883911133,
      328.4846739768982,
      0.006136178970336914,
      0.16369199752807617,
      1.857145071029663,
      1.077117919921875,
      0.005616903305053711,
      0.08010506629943848,
      0.577733039855957,
      9.269357681274414,
      0.2549622058868408,
      0.23344898223876953,
      0.012252092361450195,
      0.004681825637817383,
      0.22469830513000488,
      7.131964921951294
    ]
  },
  "test-data-file-names": [
    "bom_deep_7_5_10_5_No2",
    "bom_deep_8_4_40_15_No2",
    "bom_deep_8_5_10_5_No2",
    "bom_deep_10_5_30_15_No1",
    "bom_deep_7_3_15_5_No1",
    "bom_deep_7_5_30_15_No2",
    "bom_deep_10_3_10_5_No1",
    "bom_deep_8_3_16_4_No2",
    "bom_deep_10_3_15_5_No1",
    "bom_deep_7_3_10_5_No1",
    "bom_deep_8_5_30_15_No2",
    "bom_deep_10_5_10_5_No2",
    "bom_deep_7_4_16_4_No2",
    "bom_deep_9_4_40_15_No2",
    "bom_deep_10_5_20_5_No2",
    "bom_deep_8_3_20_5_No1",
    "bom_deep_6_5_30_15_No2",
    "bom_deep_6_5_20_10_No1",
    "bom_deep_6_3_16_4_No2",
    "bom_deep_6_4_40_15_No2",
    "bom_deep_6_5_10_5_No2",
    "bom_deep_6_5_30_10_No1",
    "bom_deep_9_5_10_5_No2",
    "bom_deep_9_3_16_4_No2",
    "bom_deep_9_5_30_15_No2",
    "bom_deep_9_5_10_5_No1",
    "bom_deep_6_5_30_10_No2",
    "bom_deep_9_3_16_4_No1",
    "bom_deep_9_5_30_15_No1",
    "bom_deep_6_3_16_4_No1",
    "bom_deep_6_4_40_15_No1",
    "bom_deep_6_5_10_5_No1",
    "bom_deep_6_5_30_15_No1",
    "bom_deep_6_5_20_10_No2",
    "bom_deep_9_4_40_15_No1",
    "bom_deep_10_5_20_5_No1",
    "bom_deep_8_3_20_5_No2",
    "bom_deep_8_5_30_15_No1",
    "bom_deep_10_5_10_5_No1",
    "bom_deep_7_4_16_4_No1",
    "bom_deep_10_3_15_5_No2",
    "bom_deep_7_3_10_5_No2",
    "bom_deep_8_5_10_5_No1",
    "bom_deep_10_5_30_15_No2",
    "bom_deep_7_3_15_5_No2",
    "bom_deep_7_5_30_15_No1",
    "bom_deep_8_3_16_4_No1",
    "bom_deep_10_3_10_5_No2",
    "bom_deep_7_5_10_5_No1",
    "bom_deep_8_4_40_15_No1"
  ]
}