{
  "runs": [
    {
      "agent": {
        "rew_mean": 0.0,
        "rew_std": 0.0,
        "rew_best": 0.0,
        "rew_best_count": 50,
        "rew_worst": 0.0,
        "tardiness_mean": 0.0,
        "tardiness_std": 0.0,
        "tardiness_max_mean": 0.0,
        "makespan_tests": [
          1942600,
          256942,
          3281200,
          4640700,
          2126160,
          1529800,
          88800,
          3730860,
          95056,
          734820,
          2032400,
          5115900,
          3207960,
          233812,
          116218,
          44454,
          1375000,
          686160,
          3009060,
          2330800,
          1312500,
          424220,
          2227900,
          30648600,
          1939200,
          2277100,
          1698864,
          159000,
          1961900,
          1626480,
          3621000,
          1379600,
          1288800,
          3075168,
          185574,
          9217543,
          82611,
          2053700,
          4787900,
          6090885,
          81034,
          67680,
          3325800,
          4782100,
          97220,
          1555700,
          699150,
          91200,
          1918300,
          195642
        ],
        "makespan_mean": 2509021.46,
        "rew_worst_quantile_border": 0.0,
        "rew_cvar": 0.0,
        "rew_perc_good_solutions": 1.0,
        "num_tests": 50,
        "running_time": [
          0.040682077407836914,
          1.0272479057312012,
          0.09653997421264648,
          1.2271323204040527,
          0.0030829906463623047,
          0.03801584243774414,
          0.0016629695892333984,
          0.0015468597412109375,
          0.0017859935760498047,
          0.002066373825073242,
          0.026953935623168945,
          0.3524038791656494,
          0.013299226760864258,
          0.5393688678741455,
          0.00417780876159668,
          0.0029630661010742188,
          0.004541873931884766,
          0.051493167877197266,
          0.005934953689575195,
          0.8114252090454102,
          0.0025458335876464844,
          0.11248517036437988,
          0.22888922691345215,
          0.0673220157623291,
          0.593541145324707,
          0.21770405769348145,
          0.06134200096130371,
          0.00013208389282226562,
          0.6164779663085938,
          0.0037949085235595703,
          1.9702608585357666,
          0.0025391578674316406,
          0.0046460628509521484,
          0.39626407623291016,
          0.5466628074645996,
          26.445215940475464,
          0.0018270015716552734,
          0.025838851928710938,
          0.32444000244140625,
          0.18567514419555664,
          0.001667022705078125,
          0.010907888412475586,
          0.09815573692321777,
          1.0727670192718506,
          0.033225059509277344,
          0.032050132751464844,
          0.00322723388671875,
          0.001741170883178711,
          0.04295182228088379,
          0.907494068145752
        ]
      },
      "test-data-file-names": [
        "bom_deep_7_5_10_5_No2",
        "bom_deep_8_4_40_15_No2",
        "bom_deep_8_5_10_5_No2",
        "bom_deep_10_5_30_15_No1",
        "bom_deep_7_3_15_5_No1",
        "bom_deep_7_5_30_15_No2",
        "bom_deep_10_3_10_5_No1",
        "bom_deep_8_3_16_4_No2",
        "bom_deep_10_3_15_5_No1",
        "bom_deep_7_3_10_5_No1",
        "bom_deep_8_5_30_15_No2",
        "bom_deep_10_5_10_5_No2",
        "bom_deep_7_4_16_4_No2",
        "bom_deep_9_4_40_15_No2",
        "bom_deep_10_5_20_5_No2",
        "bom_deep_8_3_20_5_No1",
        "bom_deep_6_5_30_15_No2",
        "bom_deep_6_5_20_10_No1",
        "bom_deep_6_3_16_4_No2",
        "bom_deep_6_4_40_15_No2",
        "bom_deep_6_5_10_5_No2",
        "bom_deep_6_5_30_10_No1",
        "bom_deep_9_5_10_5_No2",
        "bom_deep_9_3_16_4_No2",
        "bom_deep_9_5_30_15_No2",
        "bom_deep_9_5_10_5_No1",
        "bom_deep_6_5_30_10_No2",
        "bom_deep_9_3_16_4_No1",
        "bom_deep_9_5_30_15_No1",
        "bom_deep_6_3_16_4_No1",
        "bom_deep_6_4_40_15_No1",
        "bom_deep_6_5_10_5_No1",
        "bom_deep_6_5_30_15_No1",
        "bom_deep_6_5_20_10_No2",
        "bom_deep_9_4_40_15_No1",
        "bom_deep_10_5_20_5_No1",
        "bom_deep_8_3_20_5_No2",
        "bom_deep_8_5_30_15_No1",
        "bom_deep_10_5_10_5_No1",
        "bom_deep_7_4_16_4_No1",
        "bom_deep_10_3_15_5_No2",
        "bom_deep_7_3_10_5_No2",
        "bom_deep_8_5_10_5_No1",
        "bom_deep_10_5_30_15_No2",
        "bom_deep_7_3_15_5_No2",
        "bom_deep_7_5_30_15_No1",
        "bom_deep_8_3_16_4_No1",
        "bom_deep_10_3_10_5_No2",
        "bom_deep_7_5_10_5_No1",
        "bom_deep_8_4_40_15_No1"
      ]
    },
    {
      "agent": {
        "rew_mean": 0.0,
        "rew_std": 0.0,
        "rew_best": 0.0,
        "rew_best_count": 50,
        "rew_worst": 0.0,
        "tardiness_mean": 0.0,
        "tardiness_std": 0.0,
        "tardiness_max_mean": 0.0,
        "makespan_tests": [
          1942600,
          256942,
          3281200,
          4640700,
          2126160,
          1529800,
          88800,
          3730860,
          95056,
          734820,
          2032400,
          5115900,
          3207960,
          233812,
          116218,
          44454,
          1375000,
          686160,
          3009060,
          2330800,
          1312500,
          424220,
          2227900,
          30648600,
          1939200,
          2277100,
          1698864,
          159000,
          1961900,
          1626480,
          3621000,
          1379600,
          1288800,
          3075168,
          185574,
          9217543,
          82611,
          2053700,
          4787900,
          6090885,
          81034,
          67680,
          3325800,
          4782100,
          97220,
          1555700,
          699150,
          91200,
          1918300,
          195642
        ],
        "makespan_mean": 2509021.46,
        "rew_worst_quantile_border": 0.0,
        "rew_cvar": 0.0,
        "rew_perc_good_solutions": 1.0,
        "num_tests": 50,
        "running_time": [
          0.041857242584228516,
          1.1635491847991943,
          0.09595108032226562,
          1.0601489543914795,
          0.003046751022338867,
          0.030859947204589844,
          0.0016913414001464844,
          0.0015611648559570312,
          0.0017879009246826172,
          0.0020890235900878906,
          0.025844097137451172,
          0.3281219005584717,
          0.012964010238647461,
          0.5409178733825684,
          0.00419306755065918,
          0.002972126007080078,
          0.004515171051025391,
          0.05079913139343262,
          0.0060749053955078125,
          0.8048768043518066,
          0.0029010772705078125,
          0.10769414901733398,
          0.21211504936218262,
          0.06411409378051758,
          0.628136157989502,
          0.30047178268432617,
          0.0718991756439209,
          0.00013113021850585938,
          0.659365177154541,
          0.0044820308685302734,
          1.55196213722229,
          0.002513885498046875,
          0.0045511722564697266,
          0.3864870071411133,
          0.5402231216430664,
          25.51042079925537,
          0.0017747879028320312,
          0.025025129318237305,
          0.3147461414337158,
          0.18427324295043945,
          0.0016477108001708984,
          0.010783910751342773,
          0.09604287147521973,
          1.0616579055786133,
          0.03204989433288574,
          0.030630826950073242,
          0.0030400753021240234,
          0.0016138553619384766,
          0.0402219295501709,
          0.9022271633148193
        ]
      },