{
  "agent": {
    "rew_mean": 0.0,
    "rew_std": 0.0,
    "rew_best": 0.0,
    "rew_best_count": 50,
    "rew_worst": 0.0,
    "tardiness_mean": 0.0,
    "tardiness_std": 0.0,
    "tardiness_max_mean": 0.0,
    "makespan_tests": [
      2406000,
      360858,
      3673600,
      4722600,
      1727760,
      1576300,
      91480,
      3730860,
      97744,
      784800,
      2032400,
      5392400,
      3207960,
      337760,
      117346,
      48970,
      1407400,
      703500,
      2294460,
      2700000,
      1329300,
      427520,
      2394800,
      30648600,
      2083800,
      2518700,
      1699764,
      159000,
      2016700,
      1626480,
      4242200,
      1152800,
      1288800,
      3382148,
      271912,
      10494195,
      82611,
      2057300,
      5142900,
      6108795,
      83506,
      81280,
      3641900,
      4804900,
      106120,
      1580900,
      699150,
      91200,
      2384200,
      308226
    ],
    "makespan_mean": 2606478.1,
    "rew_worst_quantile_border": 0.0,
    "rew_cvar": 0.0,
    "rew_perc_good_solutions": 1.0,
    "num_tests": 50,
    "running_time": [
      0.21219897270202637,
      8.322948217391968,
      0.5054378509521484,
      7.390948057174683,
      0.009449005126953125,
      0.1668381690979004,
      0.004544973373413086,
      0.003506183624267578,
      0.0047838687896728516,
      0.00609898567199707,
      0.13264918327331543,
      1.852078914642334,
      0.046421051025390625,
      3.6396872997283936,
      0.010977745056152344,
      0.0076978206634521484,
      0.020236968994140625,
      0.31795597076416016,
      0.021626710891723633,
      8.929086923599243,
      0.007533073425292969,
      0.6577568054199219,
      1.2302582263946533,
      0.24048304557800293,
      3.8857431411743164,
      1.191770076751709,
      0.35495877265930176,
      0.00020313262939453125,
      4.040189743041992,
      0.010674238204956055,
      16.65029287338257,
      0.00820302963256836,
      0.020251035690307617,
      3.18232798576355,
      2.9684951305389404,
      326.718377828598,
      0.00475001335144043,
      0.1218869686126709,
      1.8706481456756592,
      0.8935389518737793,
      0.004464149475097656,
      0.06405305862426758,
      0.4965970516204834,
      7.387006998062134,
      0.1959681510925293,
      0.15950894355773926,
      0.008217811584472656,
      0.003408193588256836,
      0.18423700332641602,
      6.023860931396484
    ]
  },
  "test-data-file-names": [
    "bom_deep_7_5_10_5_No2",
    "bom_deep_8_4_40_15_No2",
    "bom_deep_8_5_10_5_No2",
    "bom_deep_10_5_30_15_No1",
    "bom_deep_7_3_15_5_No1",
    "bom_deep_7_5_30_15_No2",
    "bom_deep_10_3_10_5_No1",
    "bom_deep_8_3_16_4_No2",
    "bom_deep_10_3_15_5_No1",
    "bom_deep_7_3_10_5_No1",
    "bom_deep_8_5_30_15_No2",
    "bom_deep_10_5_10_5_No2",
    "bom_deep_7_4_16_4_No2",
    "bom_deep_9_4_40_15_No2",
    "bom_deep_10_5_20_5_No2",
    "bom_deep_8_3_20_5_No1",
    "bom_deep_6_5_30_15_No2",
    "bom_deep_6_5_20_10_No1",
    "bom_deep_6_3_16_4_No2",
    "bom_deep_6_4_40_15_No2",
    "bom_deep_6_5_10_5_No2",
    "bom_deep_6_5_30_10_No1",
    "bom_deep_9_5_10_5_No2",
    "bom_deep_9_3_16_4_No2",
    "bom_deep_9_5_30_15_No2",
    "bom_deep_9_5_10_5_No1",
    "bom_deep_6_5_30_10_No2",
    "bom_deep_9_3_16_4_No1",
    "bom_deep_9_5_30_15_No1",
    "bom_deep_6_3_16_4_No1",
    "bom_deep_6_4_40_15_No1",
    "bom_deep_6_5_10_5_No1",
    "bom_deep_6_5_30_15_No1",
    "bom_deep_6_5_20_10_No2",
    "bom_deep_9_4_40_15_No1",
    "bom_deep_10_5_20_5_No1",
    "bom_deep_8_3_20_5_No2",
    "bom_deep_8_5_30_15_No1",
    "bom_deep_10_5_10_5_No1",
    "bom_deep_7_4_16_4_No1",
    "bom_deep_10_3_15_5_No2",
    "bom_deep_7_3_10_5_No2",
    "bom_deep_8_5_10_5_No1",
    "bom_deep_10_5_30_15_No2",
    "bom_deep_7_3_15_5_No2",
    "bom_deep_7_5_30_15_No1",
    "bom_deep_8_3_16_4_No1",
    "bom_deep_10_3_10_5_No2",
    "bom_deep_7_5_10_5_No1",
    "bom_deep_8_4_40_15_No1"
  ]
}