{
  "runs": [
    {
      "agent": {
        "rew_mean": 0.0,
        "rew_std": 0.0,
        "rew_best": 0.0,
        "rew_best_count": 50,
        "rew_worst": 0.0,
        "tardiness_mean": 0.0,
        "tardiness_std": 0.0,
        "tardiness_max_mean": 0.0,
        "makespan_tests": [
          1902100,
          248914,
          3252700,
          4640700,
          1727760,
          1529800,
          88800,
          3730860,
          95056,
          661560,
          2032400,
          5084300,
          3207960,
          231368,
          116218,
          44454,
          1375000,
          673140,
          3009060,
          2330800,
          1312500,
          424220,
          2238500,
          30284280,
          1939200,
          2280400,
          1698864,
          159000,
          1961900,
          1626480,
          3612200,
          1152800,
          1288800,
          2894252,
          183442,
          9215011,
          82611,
          2053700,
          4787900,
          6096240,
          81034,
          66700,
          3294400,
          4782100,
          86580,
          1555700,
          699150,
          91200,
          1896900,
          192902
        ],
        "makespan_mean": 2480438.32,
        "rew_worst_quantile_border": 0.0,
        "rew_cvar": 0.0,
        "rew_perc_good_solutions": 1.0,
        "num_tests": 50,
        "running_time": [
          0.039514780044555664,
          1.0315279960632324,
          0.09220385551452637,
          1.2900381088256836,
          0.005674123764038086,
          0.06812500953674316,
          0.0015637874603271484,
          0.0014467239379882812,
          0.004504203796386719,
          0.0019121170043945312,
          0.03997206687927246,
          0.5116109848022461,
          0.01754021644592285,
          0.6517088413238525,
          0.004088163375854492,
          0.0028209686279296875,
          0.0044019222259521484,
          0.05017495155334473,
          0.0057659149169921875,
          0.7931852340698242,
          0.0023140907287597656,
          0.10358405113220215,
          0.2049410343170166,
          0.06229710578918457,
          0.6603240966796875,
          0.2062363624572754,
          0.05840301513671875,
          0.00011610984802246094,
          0.5813291072845459,
          0.0032548904418945312,
          1.4776310920715332,
          0.0022318363189697266,
          0.00421595573425293,
          0.3786938190460205,
          0.5209298133850098,
          23.871103048324585,
          0.0016713142395019531,
          0.024566173553466797,
          0.31007885932922363,
          0.18000221252441406,
          0.0015780925750732422,
          0.010159969329833984,
          0.0957329273223877,
          1.0411267280578613,
          0.029768943786621094,
          0.030669689178466797,
          0.0029218196868896484,
          0.0015282630920410156,
          0.039878129959106445,
          0.9065220355987549
        ]
      },
      "test-data-file-names": [
        "bom_deep_7_5_10_5_No2",
        "bom_deep_8_4_40_15_No2",
        "bom_deep_8_5_10_5_No2",
        "bom_deep_10_5_30_15_No1",
        "bom_deep_7_3_15_5_No1",
        "bom_deep_7_5_30_15_No2",
        "bom_deep_10_3_10_5_No1",
        "bom_deep_8_3_16_4_No2",
        "bom_deep_10_3_15_5_No1",
        "bom_deep_7_3_10_5_No1",
        "bom_deep_8_5_30_15_No2",
        "bom_deep_10_5_10_5_No2",
        "bom_deep_7_4_16_4_No2",
        "bom_deep_9_4_40_15_No2",
        "bom_deep_10_5_20_5_No2",
        "bom_deep_8_3_20_5_No1",
        "bom_deep_6_5_30_15_No2",
        "bom_deep_6_5_20_10_No1",
        "bom_deep_6_3_16_4_No2",
        "bom_deep_6_4_40_15_No2",
        "bom_deep_6_5_10_5_No2",
        "bom_deep_6_5_30_10_No1",
        "bom_deep_9_5_10_5_No2",
        "bom_deep_9_3_16_4_No2",
        "bom_deep_9_5_30_15_No2",
        "bom_deep_9_5_10_5_No1",
        "bom_deep_6_5_30_10_No2",
        "bom_deep_9_3_16_4_No1",
        "bom_deep_9_5_30_15_No1",
        "bom_deep_6_3_16_4_No1",
        "bom_deep_6_4_40_15_No1",
        "bom_deep_6_5_10_5_No1",
        "bom_deep_6_5_30_15_No1",
        "bom_deep_6_5_20_10_No2",
        "bom_deep_9_4_40_15_No1",
        "bom_deep_10_5_20_5_No1",
        "bom_deep_8_3_20_5_No2",
        "bom_deep_8_5_30_15_No1",
        "bom_deep_10_5_10_5_No1",
        "bom_deep_7_4_16_4_No1",
        "bom_deep_10_3_15_5_No2",
        "bom_deep_7_3_10_5_No2",
        "bom_deep_8_5_10_5_No1",
        "bom_deep_10_5_30_15_No2",
        "bom_deep_7_3_15_5_No2",
        "bom_deep_7_5_30_15_No1",
        "bom_deep_8_3_16_4_No1",
        "bom_deep_10_3_10_5_No2",
        "bom_deep_7_5_10_5_No1",
        "bom_deep_8_4_40_15_No1"
      ]
    },
    {
      "agent": {
        "rew_mean": 0.0,
        "rew_std": 0.0,
        "rew_best": 0.0,
        "rew_best_count": 50,
        "rew_worst": 0.0,
        "tardiness_mean": 0.0,
        "tardiness_std": 0.0,
        "tardiness_max_mean": 0.0,
        "makespan_tests": [
          1902100,
          248914,
          3252700,
          4640700,
          1727760,
          1529800,
          88800,
          3730860,
          95056,
          661560,
          2032400,
          5084300,
          3207960,
          231368,
          116218,
          44454,
          1375000,
          673140,
          3009060,
          2330800,
          1312500,
          424220,
          2238500,
          30284280,
          1939200,
          2280400,
          1698864,
          159000,
          1961900,
          1626480,
          3612200,
          1152800,
          1288800,
          2894252,
          183442,
          9215011,
          82611,
          2053700,
          4787900,
          6096240,
          81034,
          66700,
          3294400,
          4782100,
          86580,
          1555700,
          699150,
          91200,
          1896900,
          192902
        ],
        "makespan_mean": 2480438.32,
        "rew_worst_quantile_border": 0.0,
        "rew_cvar": 0.0,
        "rew_perc_good_solutions": 1.0,
        "num_tests": 50,
        "running_time": [
          0.038504838943481445,
          1.0630221366882324,
          0.0973048210144043,
          1.056434154510498,
          0.002942800521850586,
          0.030635833740234375,
          0.001631021499633789,
          0.0014998912811279297,
          0.0017180442810058594,
          0.0019860267639160156,
          0.02600717544555664,
          0.3030049800872803,
          0.011445999145507812,
          0.5255181789398193,
          0.0040051937103271484,
          0.0028018951416015625,
          0.004254341125488281,
          0.049620866775512695,
          0.00576019287109375,
          0.7861118316650391,
          0.002286195755004883,
          0.10133910179138184,
          0.20224523544311523,
          0.061033010482788086,
          0.5666420459747314,
          0.2045578956604004,
          0.05746006965637207,
          0.00011277198791503906,
          0.5708951950073242,
          0.0032236576080322266,
          1.4544470310211182,
          0.0022711753845214844,
          0.004270076751708984,
          0.3755929470062256,
          0.5331130027770996,
          23.903110027313232,
          0.001786947250366211,
          0.02461695671081543,
          0.3045337200164795,
          0.17784404754638672,
          0.0016129016876220703,
          0.010085105895996094,
          0.09145402908325195,
          1.0563099384307861,
          0.029461145401000977,
          0.028810977935791016,
          0.0028281211853027344,
          0.0014650821685791016,
          0.03780412673950195,
          0.8877072334289551
        ]
      },