{
  "agent": {
    "rew_mean": 0.0,
    "rew_std": 0.0,
    "rew_best": 0.0,
    "rew_best_count": 50,
    "rew_worst": 0.0,
    "tardiness_mean": 0.0,
    "tardiness_std": 0.0,
    "tardiness_max_mean": 0.0,
    "makespan_tests": [
      2152800,
      319178,
      3454700,
      4640700,
      1727760,
      1529800,
      88800,
      3730860,
      96640,
      661560,
      2032400,
      5354700,
      3207960,
      248160,
      116218,
      45666,
      1375000,
      673140,
      3009060,
      2427000,
      1312500,
      503600,
      2406000,
      30343200,
      1939200,
      2456200,
      1698864,
      159000,
      1961900,
      1626480,
      4122000,
      1154600,
      1288800,
      3110604,
      239726,
      9951821,
      82611,
      2053700,
      5167000,
      6322005,
      81266,
      74900,
      3390700,
      4782100,
      104080,
      1555700,
      699150,
      91200,
      2322600,
      254552
    ],
    "makespan_mean": 2562963.22,
    "rew_worst_quantile_border": 0.0,
    "rew_cvar": 0.0,
    "rew_perc_good_solutions": 1.0,
    "num_tests": 50,
    "running_time": [
      0.19123506546020508,
      7.059290885925293,
      0.5043230056762695,
      8.061069965362549,
      0.00890207290649414,
      0.160599946975708,
      0.004622220993041992,
      0.003520965576171875,
      0.004502058029174805,
      0.007049083709716797,
      0.1180870532989502,
      1.8256499767303467,
      0.04594993591308594,
      3.45198392868042,
      0.011045217514038086,
      0.008028030395507812,
      0.01997995376586914,
      0.3234899044036865,
      0.020877838134765625,
      8.967535018920898,
      0.007851123809814453,
      0.6346290111541748,
      1.180616855621338,
      0.2398080825805664,
      3.6904077529907227,
      1.167863130569458,
      0.34326791763305664,
      0.00019788742065429688,
      3.7388100624084473,
      0.026840925216674805,
      15.850529909133911,
      0.0077822208404541016,
      0.01928091049194336,
      3.0839102268218994,
      2.8755531311035156,
      323.77211689949036,
      0.0049839019775390625,
      0.11844778060913086,
      1.8331758975982666,
      0.8399150371551514,
      0.00456690788269043,
      0.061715126037597656,
      0.5051500797271729,
      7.294034957885742,
      0.18294501304626465,
      0.18800806999206543,
      0.008526086807250977,
      0.0040361881256103516,
      0.1853199005126953,
      5.714317083358765
    ]
  },
  "test-data-file-names": [
    "bom_deep_7_5_10_5_No2",
    "bom_deep_8_4_40_15_No2",
    "bom_deep_8_5_10_5_No2",
    "bom_deep_10_5_30_15_No1",
    "bom_deep_7_3_15_5_No1",
    "bom_deep_7_5_30_15_No2",
    "bom_deep_10_3_10_5_No1",
    "bom_deep_8_3_16_4_No2",
    "bom_deep_10_3_15_5_No1",
    "bom_deep_7_3_10_5_No1",
    "bom_deep_8_5_30_15_No2",
    "bom_deep_10_5_10_5_No2",
    "bom_deep_7_4_16_4_No2",
    "bom_deep_9_4_40_15_No2",
    "bom_deep_10_5_20_5_No2",
    "bom_deep_8_3_20_5_No1",
    "bom_deep_6_5_30_15_No2",
    "bom_deep_6_5_20_10_No1",
    "bom_deep_6_3_16_4_No2",
    "bom_deep_6_4_40_15_No2",
    "bom_deep_6_5_10_5_No2",
    "bom_deep_6_5_30_10_No1",
    "bom_deep_9_5_10_5_No2",
    "bom_deep_9_3_16_4_No2",
    "bom_deep_9_5_30_15_No2",
    "bom_deep_9_5_10_5_No1",
    "bom_deep_6_5_30_10_No2",
    "bom_deep_9_3_16_4_No1",
    "bom_deep_9_5_30_15_No1",
    "bom_deep_6_3_16_4_No1",
    "bom_deep_6_4_40_15_No1",
    "bom_deep_6_5_10_5_No1",
    "bom_deep_6_5_30_15_No1",
    "bom_deep_6_5_20_10_No2",
    "bom_deep_9_4_40_15_No1",
    "bom_deep_10_5_20_5_No1",
    "bom_deep_8_3_20_5_No2",
    "bom_deep_8_5_30_15_No1",
    "bom_deep_10_5_10_5_No1",
    "bom_deep_7_4_16_4_No1",
    "bom_deep_10_3_15_5_No2",
    "bom_deep_7_3_10_5_No2",
    "bom_deep_8_5_10_5_No1",
    "bom_deep_10_5_30_15_No2",
    "bom_deep_7_3_15_5_No2",
    "bom_deep_7_5_30_15_No1",
    "bom_deep_8_3_16_4_No1",
    "bom_deep_10_3_10_5_No2",
    "bom_deep_7_5_10_5_No1",
    "bom_deep_8_4_40_15_No1"
  ]
}