{
  "agent": {
    "rew_mean": 0.0,
    "rew_std": 0.0,
    "rew_best": 0.0,
    "rew_best_count": 50,
    "rew_worst": 0.0,
    "tardiness_mean": 0.0,
    "tardiness_std": 0.0,
    "tardiness_max_mean": 0.0,
    "makespan_tests": [
      2036100,
      266354,
      3304100,
      4656900,
      2782260,
      1537000,
      88800,
      3730860,
      95056,
      661560,
      2032400,
      5100500,
      3207960,
      229832,
      116650,
      44454,
      1375000,
      673140,
      2294460,
      2330800,
      1312500,
      424220,
      2227300,
      29967800,
      1939200,
      2294400,
      1698864,
      159000,
      1961900,
      1626480,
      3713800,
      1152800,
      1288800,
      2900180,
      205464,
      9243788,
      86307,
      2053700,
      4787900,
      6090885,
      81298,
      68900,
      3365200,
      4782100,
      96660,
      1571900,
      699150,
      91200,
      2012700,
      223850
    ],
    "makespan_mean": 2493848.64,
    "rew_worst_quantile_border": 0.0,
    "rew_cvar": 0.0,
    "rew_perc_good_solutions": 1.0,
    "num_tests": 50,
    "running_time": [
      0.04300284385681152,
      1.1357629299163818,
      0.10503506660461426,
      1.1102068424224854,
      0.003030061721801758,
      0.031907081604003906,
      0.0016336441040039062,
      0.0015828609466552734,
      0.001795053482055664,
      0.0020978450775146484,
      0.026720046997070312,
      0.3226287364959717,
      0.012504100799560547,
      0.5584466457366943,
      0.0044329166412353516,
      0.0030939579010009766,
      0.004769802093505859,
      0.0555419921875,
      0.006376028060913086,
      0.8726100921630859,
      0.0026302337646484375,
      0.10799479484558105,
      0.22289323806762695,
      0.06842589378356934,
      0.6105539798736572,
      0.22246718406677246,
      0.062474966049194336,
      0.0001227855682373047,
      0.6095061302185059,
      0.0034880638122558594,
      1.552332878112793,
      0.0025191307067871094,
      0.00459599494934082,
      0.4131178855895996,
      0.5507540702819824,
      26.862074851989746,
      0.0019500255584716797,
      0.026664018630981445,
      0.3257758617401123,
      0.23150396347045898,
      0.0031349658966064453,
      0.011945009231567383,
      0.15264105796813965,
      1.262148141860962,
      0.033061981201171875,
      0.032468318939208984,
      0.0030808448791503906,
      0.001627206802368164,
      0.04120993614196777,
      0.9343509674072266
    ]
  },
  "test-data-file-names": [
    "bom_deep_7_5_10_5_No2",
    "bom_deep_8_4_40_15_No2",
    "bom_deep_8_5_10_5_No2",
    "bom_deep_10_5_30_15_No1",
    "bom_deep_7_3_15_5_No1",
    "bom_deep_7_5_30_15_No2",
    "bom_deep_10_3_10_5_No1",
    "bom_deep_8_3_16_4_No2",
    "bom_deep_10_3_15_5_No1",
    "bom_deep_7_3_10_5_No1",
    "bom_deep_8_5_30_15_No2",
    "bom_deep_10_5_10_5_No2",
    "bom_deep_7_4_16_4_No2",
    "bom_deep_9_4_40_15_No2",
    "bom_deep_10_5_20_5_No2",
    "bom_deep_8_3_20_5_No1",
    "bom_deep_6_5_30_15_No2",
    "bom_deep_6_5_20_10_No1",
    "bom_deep_6_3_16_4_No2",
    "bom_deep_6_4_40_15_No2",
    "bom_deep_6_5_10_5_No2",
    "bom_deep_6_5_30_10_No1",
    "bom_deep_9_5_10_5_No2",
    "bom_deep_9_3_16_4_No2",
    "bom_deep_9_5_30_15_No2",
    "bom_deep_9_5_10_5_No1",
    "bom_deep_6_5_30_10_No2",
    "bom_deep_9_3_16_4_No1",
    "bom_deep_9_5_30_15_No1",
    "bom_deep_6_3_16_4_No1",
    "bom_deep_6_4_40_15_No1",
    "bom_deep_6_5_10_5_No1",
    "bom_deep_6_5_30_15_No1",
    "bom_deep_6_5_20_10_No2",
    "bom_deep_9_4_40_15_No1",
    "bom_deep_10_5_20_5_No1",
    "bom_deep_8_3_20_5_No2",
    "bom_deep_8_5_30_15_No1",
    "bom_deep_10_5_10_5_No1",
    "bom_deep_7_4_16_4_No1",
    "bom_deep_10_3_15_5_No2",
    "bom_deep_7_3_10_5_No2",
    "bom_deep_8_5_10_5_No1",
    "bom_deep_10_5_30_15_No2",
    "bom_deep_7_3_15_5_No2",
    "bom_deep_7_5_30_15_No1",
    "bom_deep_8_3_16_4_No1",
    "bom_deep_10_3_10_5_No2",
    "bom_deep_7_5_10_5_No1",
    "bom_deep_8_4_40_15_No1"
  ]
}