{
  "runs": [
    {
      "agent": {
        "rew_mean": 0.0,
        "rew_std": 0.0,
        "rew_best": 0.0,
        "rew_best_count": 50,
        "rew_worst": 0.0,
        "tardiness_mean": 0.0,
        "tardiness_std": 0.0,
        "tardiness_max_mean": 0.0,
        "makespan_tests": [
          1991400,
          252210,
          3351100,
          4640700,
          1727760,
          1537000,
          88800,
          3730860,
          95056,
          731940,
          2032400,
          5194600,
          3207960,
          233812,
          116218,
          44454,
          1375000,
          673140,
          3009060,
          2330800,
          1312500,
          424220,
          2259100,
          29967800,
          1948200,
          2358300,
          1698864,
          159000,
          1961900,
          1626480,
          3647600,
          1152800,
          1288800,
          2950040,
          185170,
          9213290,
          82611,
          2053700,
          5014700,
          6360525,
          81034,
          66620,
          3389600,
          4782100,
          89480,
          1555700,
          699150,
          91200,
          1999300,
          196514
        ],
        "makespan_mean": 2499611.36,
        "rew_worst_quantile_border": 0.0,
        "rew_cvar": 0.0,
        "rew_perc_good_solutions": 1.0,
        "num_tests": 50,
        "running_time": [
          0.03516101837158203,
          0.9447150230407715,
          0.08295607566833496,
          0.9505150318145752,
          0.002579927444458008,
          0.02761387825012207,
          0.0014400482177734375,
          0.0013439655303955078,
          0.0015451908111572266,
          0.0018429756164550781,
          0.023044824600219727,
          0.27770113945007324,
          0.010684967041015625,
          0.4994380474090576,
          0.003815889358520508,
          0.0026328563690185547,
          0.004067897796630859,
          0.04659295082092285,
          0.0052950382232666016,
          0.7212419509887695,
          0.002103090286254883,
          0.09480881690979004,
          0.18492388725280762,
          0.05814099311828613,
          0.5355730056762695,
          0.18515586853027344,
          0.05414772033691406,
          0.00010824203491210938,
          0.5364711284637451,
          0.0030078887939453125,
          1.336003065109253,
          0.002128124237060547,
          0.004076719284057617,
          0.3448190689086914,
          0.4968698024749756,
          21.846297025680542,
          0.001561880111694336,
          0.023274898529052734,
          0.2792539596557617,
          0.16303277015686035,
          0.001474142074584961,
          0.008937835693359375,
          0.08562088012695312,
          0.9676251411437988,
          0.026083946228027344,
          0.027644872665405273,
          0.0026540756225585938,
          0.0014109611511230469,
          0.0348050594329834,
          0.8185610771179199
        ]
      },
      "test-data-file-names": [
        "bom_deep_7_5_10_5_No2",
        "bom_deep_8_4_40_15_No2",
        "bom_deep_8_5_10_5_No2",
        "bom_deep_10_5_30_15_No1",
        "bom_deep_7_3_15_5_No1",
        "bom_deep_7_5_30_15_No2",
        "bom_deep_10_3_10_5_No1",
        "bom_deep_8_3_16_4_No2",
        "bom_deep_10_3_15_5_No1",
        "bom_deep_7_3_10_5_No1",
        "bom_deep_8_5_30_15_No2",
        "bom_deep_10_5_10_5_No2",
        "bom_deep_7_4_16_4_No2",
        "bom_deep_9_4_40_15_No2",
        "bom_deep_10_5_20_5_No2",
        "bom_deep_8_3_20_5_No1",
        "bom_deep_6_5_30_15_No2",
        "bom_deep_6_5_20_10_No1",
        "bom_deep_6_3_16_4_No2",
        "bom_deep_6_4_40_15_No2",
        "bom_deep_6_5_10_5_No2",
        "bom_deep_6_5_30_10_No1",
        "bom_deep_9_5_10_5_No2",
        "bom_deep_9_3_16_4_No2",
        "bom_deep_9_5_30_15_No2",
        "bom_deep_9_5_10_5_No1",
        "bom_deep_6_5_30_10_No2",
        "bom_deep_9_3_16_4_No1",
        "bom_deep_9_5_30_15_No1",
        "bom_deep_6_3_16_4_No1",
        "bom_deep_6_4_40_15_No1",
        "bom_deep_6_5_10_5_No1",
        "bom_deep_6_5_30_15_No1",
        "bom_deep_6_5_20_10_No2",
        "bom_deep_9_4_40_15_No1",
        "bom_deep_10_5_20_5_No1",
        "bom_deep_8_3_20_5_No2",
        "bom_deep_8_5_30_15_No1",
        "bom_deep_10_5_10_5_No1",
        "bom_deep_7_4_16_4_No1",
        "bom_deep_10_3_15_5_No2",
        "bom_deep_7_3_10_5_No2",
        "bom_deep_8_5_10_5_No1",
        "bom_deep_10_5_30_15_No2",
        "bom_deep_7_3_15_5_No2",
        "bom_deep_7_5_30_15_No1",
        "bom_deep_8_3_16_4_No1",
        "bom_deep_10_3_10_5_No2",
        "bom_deep_7_5_10_5_No1",
        "bom_deep_8_4_40_15_No1"
      ]
    },
    {
      "agent": {
        "rew_mean": 0.0,
        "rew_std": 0.0,
        "rew_best": 0.0,
        "rew_best_count": 50,
        "rew_worst": 0.0,
        "tardiness_mean": 0.0,
        "tardiness_std": 0.0,
        "tardiness_max_mean": 0.0,
        "makespan_tests": [
          1991400,
          257802,
          3351100,
          4640700,
          1727760,
          1537000,
          88800,
          3730860,
          95056,
          731940,
          2032400,
          5204600,
          3207960,
          233812,
          116218,
          44454,
          1375000,
          673140,
          3009060,
          2330800,
          1312500,
          424220,
          2278300,
          29967800,
          1948200,
          2361400,
          1698864,
          159000,
          1961900,
          1626480,
          3648200,
          1152800,
          1288800,
          2938028,
          185170,
          9210386,
          82611,
          2053700,
          5014700,
          6360525,
          81034,
          66620,
          3379300,
          4782100,
          89180,
          1555700,
          699150,
          91200,
          1999300,
          199794
        ],
        "makespan_mean": 2499936.48,
        "rew_worst_quantile_border": 0.0,
        "rew_cvar": 0.0,
        "rew_perc_good_solutions": 1.0,
        "num_tests": 50,
        "running_time": [
          0.03587508201599121,
          0.9674530029296875,
          0.08552408218383789,
          0.9695940017700195,
          0.002640247344970703,
          0.027669906616210938,
          0.0014777183532714844,
          0.0013692378997802734,
          0.0016031265258789062,
          0.0017969608306884766,
          0.0235288143157959,
          0.28301215171813965,
          0.010859966278076172,
          0.5346438884735107,
          0.005918025970458984,
          0.004129886627197266,
          0.005730152130126953,
          0.054421186447143555,
          0.005948066711425781,
          0.7501330375671387,
          0.002196073532104492,
          0.09758687019348145,
          0.19452905654907227,
          0.060231924057006836,
          0.5445640087127686,
          0.19327306747436523,
          0.06440997123718262,
          0.00011301040649414062,
          0.5627801418304443,
          0.003190755844116211,
          1.4279799461364746,
          0.0022068023681640625,
          0.004216194152832031,
          0.3586711883544922,
          0.5070381164550781,
          22.933269023895264,
          0.0016188621520996094,
          0.02385115623474121,
          0.29129910469055176,
          0.16629791259765625,
          0.0015599727630615234,
          0.009234189987182617,
          0.08692216873168945,
          0.9805161952972412,
          0.026978015899658203,
          0.027472734451293945,
          0.0026879310607910156,
          0.0014107227325439453,
          0.03620100021362305,
          0.8316211700439453
        ]
      },