{
  "agent": {
    "rew_mean": 0.0,
    "rew_std": 0.0,
    "rew_best": 0.0,
    "rew_best_count": 50,
    "rew_worst": 0.0,
    "tardiness_mean": 0.0,
    "tardiness_std": 0.0,
    "tardiness_max_mean": 0.0,
    "makespan_tests": [
      2036100,
      266354,
      3304100,
      4656900,
      2782260,
      1537000,
      88800,
      3730860,
      95056,
      661560,
      2032400,
      5100500,
      3207960,
      229832,
      116650,
      44454,
      1375000,
      673140,
      2294460,
      2330800,
      1312500,
      424220,
      2227300,
      29967800,
      1939200,
      2294400,
      1698864,
      159000,
      1961900,
      1626480,
      3713800,
      1152800,
      1288800,
      2900180,
      205464,
      9243788,
      86307,
      2053700,
      4787900,
      6090885,
      81298,
      68900,
      3365200,
      4782100,
      96660,
      1571900,
      699150,
      91200,
      2012700,
      223850
    ],
    "makespan_mean": 2493848.64,
    "rew_worst_quantile_border": 0.0,
    "rew_cvar": 0.0,
    "rew_perc_good_solutions": 1.0,
    "num_tests": 50,
    "running_time": [
      0.032605886459350586,
      1.325261116027832,
      0.0832509994506836,
      1.1618521213531494,
      0.002672910690307617,
      0.04641604423522949,
      0.0016531944274902344,
      0.0018641948699951172,
      0.002071857452392578,
      0.0017609596252441406,
      0.05188608169555664,
      0.41272711753845215,
      0.010068893432617188,
      0.5303521156311035,
      0.0038111209869384766,
      0.0026640892028808594,
      0.004147768020629883,
      0.04821205139160156,
      0.005528926849365234,
      0.7566702365875244,
      0.0020952224731445312,
      0.10174107551574707,
      0.2661910057067871,
      0.09971094131469727,
      1.1679320335388184,
      0.18782782554626465,
      0.054123640060424805,
      0.00010919570922851562,
      0.562453031539917,
      0.002820730209350586,
      1.3309428691864014,
      0.0020830631256103516,
      0.004170656204223633,
      0.337921142578125,
      0.507997989654541,
      21.58898687362671,
      0.001641988754272461,
      0.02453303337097168,
      0.2660081386566162,
      0.15331196784973145,
      0.0014598369598388672,
      0.008139848709106445,
      0.0806882381439209,
      0.9771518707275391,
      0.023593902587890625,
      0.02740788459777832,
      0.002601146697998047,
      0.001394033432006836,
      0.032460689544677734,
      0.823415994644165
    ]
  },
  "test-data-file-names": [
    "bom_deep_7_5_10_5_No2",
    "bom_deep_8_4_40_15_No2",
    "bom_deep_8_5_10_5_No2",
    "bom_deep_10_5_30_15_No1",
    "bom_deep_7_3_15_5_No1",
    "bom_deep_7_5_30_15_No2",
    "bom_deep_10_3_10_5_No1",
    "bom_deep_8_3_16_4_No2",
    "bom_deep_10_3_15_5_No1",
    "bom_deep_7_3_10_5_No1",
    "bom_deep_8_5_30_15_No2",
    "bom_deep_10_5_10_5_No2",
    "bom_deep_7_4_16_4_No2",
    "bom_deep_9_4_40_15_No2",
    "bom_deep_10_5_20_5_No2",
    "bom_deep_8_3_20_5_No1",
    "bom_deep_6_5_30_15_No2",
    "bom_deep_6_5_20_10_No1",
    "bom_deep_6_3_16_4_No2",
    "bom_deep_6_4_40_15_No2",
    "bom_deep_6_5_10_5_No2",
    "bom_deep_6_5_30_10_No1",
    "bom_deep_9_5_10_5_No2",
    "bom_deep_9_3_16_4_No2",
    "bom_deep_9_5_30_15_No2",
    "bom_deep_9_5_10_5_No1",
    "bom_deep_6_5_30_10_No2",
    "bom_deep_9_3_16_4_No1",
    "bom_deep_9_5_30_15_No1",
    "bom_deep_6_3_16_4_No1",
    "bom_deep_6_4_40_15_No1",
    "bom_deep_6_5_10_5_No1",
    "bom_deep_6_5_30_15_No1",
    "bom_deep_6_5_20_10_No2",
    "bom_deep_9_4_40_15_No1",
    "bom_deep_10_5_20_5_No1",
    "bom_deep_8_3_20_5_No2",
    "bom_deep_8_5_30_15_No1",
    "bom_deep_10_5_10_5_No1",
    "bom_deep_7_4_16_4_No1",
    "bom_deep_10_3_15_5_No2",
    "bom_deep_7_3_10_5_No2",
    "bom_deep_8_5_10_5_No1",
    "bom_deep_10_5_30_15_No2",
    "bom_deep_7_3_15_5_No2",
    "bom_deep_7_5_30_15_No1",
    "bom_deep_8_3_16_4_No1",
    "bom_deep_10_3_10_5_No2",
    "bom_deep_7_5_10_5_No1",
    "bom_deep_8_4_40_15_No1"
  ]
}