{
  "agent": {
    "rew_mean": 0.0,
    "rew_std": 0.0,
    "rew_best": 0.0,
    "rew_best_count": 50,
    "rew_worst": 0.0,
    "tardiness_mean": 0.0,
    "tardiness_std": 0.0,
    "tardiness_max_mean": 0.0,
    "makespan_tests": [
      1925500,
      253546,
      3253500,
      4640700,
      1727760,
      1544200,
      88800,
      3730860,
      95056,
      769560,
      2032400,
      5084300,
      3207960,
      232784,
      116218,
      44454,
      1375000,
      673140,
      3009060,
      2331000,
      1312500,
      424220,
      2190000,
      30284280,
      1950000,
      2269400,
      1698864,
      159000,
      1961900,
      1626480,
      4030200,
      1152800,
      1288800,
      2877204,
      182366,
      9208850,
      86307,
      2053700,
      4787900,
      6094935,
      82186,
      67260,
      3279600,
      4783000,
      86600,
      1555700,
      699150,
      91200,
      1888700,
      228366
    ],
    "makespan_mean": 2490745.32,
    "rew_worst_quantile_border": 0.0,
    "rew_cvar": 0.0,
    "rew_perc_good_solutions": 1.0,
    "num_tests": 50,
    "running_time": [
      0.049163103103637695,
      1.126147985458374,
      0.11441707611083984,
      1.148939847946167,
      0.003834247589111328,
      0.04263496398925781,
      0.0024068355560302734,
      0.0020139217376708984,
      0.002889871597290039,
      0.0028400421142578125,
      0.03512287139892578,
      0.39195799827575684,
      0.018252134323120117,
      0.6400129795074463,
      0.005335092544555664,
      0.003957033157348633,
      0.006201982498168945,
      0.06466102600097656,
      0.008229970932006836,
      0.9124720096588135,
      0.0032188892364501953,
      0.12188982963562012,
      0.24349093437194824,
      0.07329702377319336,
      0.6586298942565918,
      0.24612879753112793,
      0.07157301902770996,
      0.00022101402282714844,
      0.6578569412231445,
      0.004251241683959961,
      1.705941915512085,
      0.0032477378845214844,
      0.006040811538696289,
      0.4612388610839844,
      0.614130973815918,
      30.297863006591797,
      0.002395153045654297,
      0.030426740646362305,
      0.3668849468231201,
      0.2123870849609375,
      0.002228975296020508,
      0.013146162033081055,
      0.11459589004516602,
      1.1689362525939941,
      0.0377349853515625,
      0.03631329536437988,
      0.0038118362426757812,
      0.0021028518676757812,
      0.04696989059448242,
      1.0235860347747803
    ]
  },
  "test-data-file-names": [
    "bom_deep_7_5_10_5_No2",
    "bom_deep_8_4_40_15_No2",
    "bom_deep_8_5_10_5_No2",
    "bom_deep_10_5_30_15_No1",
    "bom_deep_7_3_15_5_No1",
    "bom_deep_7_5_30_15_No2",
    "bom_deep_10_3_10_5_No1",
    "bom_deep_8_3_16_4_No2",
    "bom_deep_10_3_15_5_No1",
    "bom_deep_7_3_10_5_No1",
    "bom_deep_8_5_30_15_No2",
    "bom_deep_10_5_10_5_No2",
    "bom_deep_7_4_16_4_No2",
    "bom_deep_9_4_40_15_No2",
    "bom_deep_10_5_20_5_No2",
    "bom_deep_8_3_20_5_No1",
    "bom_deep_6_5_30_15_No2",
    "bom_deep_6_5_20_10_No1",
    "bom_deep_6_3_16_4_No2",
    "bom_deep_6_4_40_15_No2",
    "bom_deep_6_5_10_5_No2",
    "bom_deep_6_5_30_10_No1",
    "bom_deep_9_5_10_5_No2",
    "bom_deep_9_3_16_4_No2",
    "bom_deep_9_5_30_15_No2",
    "bom_deep_9_5_10_5_No1",
    "bom_deep_6_5_30_10_No2",
    "bom_deep_9_3_16_4_No1",
    "bom_deep_9_5_30_15_No1",
    "bom_deep_6_3_16_4_No1",
    "bom_deep_6_4_40_15_No1",
    "bom_deep_6_5_10_5_No1",
    "bom_deep_6_5_30_15_No1",
    "bom_deep_6_5_20_10_No2",
    "bom_deep_9_4_40_15_No1",
    "bom_deep_10_5_20_5_No1",
    "bom_deep_8_3_20_5_No2",
    "bom_deep_8_5_30_15_No1",
    "bom_deep_10_5_10_5_No1",
    "bom_deep_7_4_16_4_No1",
    "bom_deep_10_3_15_5_No2",
    "bom_deep_7_3_10_5_No2",
    "bom_deep_8_5_10_5_No1",
    "bom_deep_10_5_30_15_No2",
    "bom_deep_7_3_15_5_No2",
    "bom_deep_7_5_30_15_No1",
    "bom_deep_8_3_16_4_No1",
    "bom_deep_10_3_10_5_No2",
    "bom_deep_7_5_10_5_No1",
    "bom_deep_8_4_40_15_No1"
  ]
}