{
  "runs": [
    {
      "agent": {
        "rew_mean": 0.0,
        "rew_std": 0.0,
        "rew_best": 0.0,
        "rew_best_count": 50,
        "rew_worst": 0.0,
        "tardiness_mean": 0.0,
        "tardiness_std": 0.0,
        "tardiness_max_mean": 0.0,
        "makespan_tests": [
          2036100,
          266354,
          3304100,
          4656900,
          2782260,
          1537000,
          88800,
          3730860,
          95056,
          661560,
          2032400,
          5100500,
          3207960,
          229832,
          116650,
          44454,
          1375000,
          673140,
          2294460,
          2330800,
          1312500,
          424220,
          2227300,
          29967800,
          1939200,
          2294400,
          1698864,
          159000,
          1961900,
          1626480,
          3713800,
          1152800,
          1288800,
          2900180,
          205464,
          9243788,
          86307,
          2053700,
          4787900,
          6090885,
          81298,
          68900,
          3365200,
          4782100,
          96660,
          1571900,
          699150,
          91200,
          2012700,
          223850
        ],
        "makespan_mean": 2493848.64,
        "rew_worst_quantile_border": 0.0,
        "rew_cvar": 0.0,
        "rew_perc_good_solutions": 1.0,
        "num_tests": 50,
        "running_time": [
          0.03260207176208496,
          0.951937198638916,
          0.08005881309509277,
          0.9492077827453613,
          0.002427816390991211,
          0.027442216873168945,
          0.0013971328735351562,
          0.0013151168823242188,
          0.0015377998352050781,
          0.0016930103302001953,
          0.02325296401977539,
          0.25582170486450195,
          0.009988069534301758,
          0.4958178997039795,
          0.003732919692993164,
          0.0026009082794189453,
          0.004047870635986328,
          0.04544711112976074,
          0.005035877227783203,
          0.7048709392547607,
          0.002032041549682617,
          0.09126901626586914,
          0.17869997024536133,
          0.054380178451538086,
          0.5392477512359619,
          0.1775188446044922,
          0.05261373519897461,
          0.00010704994201660156,
          0.5382041931152344,
          0.0027778148651123047,
          1.2968900203704834,
          0.0020580291748046875,
          0.004217863082885742,
          0.3310661315917969,
          0.5013978481292725,
          20.584110975265503,
          0.0015292167663574219,
          0.023080110549926758,
          0.2561821937561035,
          0.1485881805419922,
          0.0014498233795166016,
          0.007973194122314453,
          0.08012580871582031,
          0.9616808891296387,
          0.023237943649291992,
          0.02752685546875,
          0.002549886703491211,
          0.0013709068298339844,
          0.03229093551635742,
          0.8168880939483643
        ]
      },
      "test-data-file-names": [
        "bom_deep_7_5_10_5_No2",
        "bom_deep_8_4_40_15_No2",
        "bom_deep_8_5_10_5_No2",
        "bom_deep_10_5_30_15_No1",
        "bom_deep_7_3_15_5_No1",
        "bom_deep_7_5_30_15_No2",
        "bom_deep_10_3_10_5_No1",
        "bom_deep_8_3_16_4_No2",
        "bom_deep_10_3_15_5_No1",
        "bom_deep_7_3_10_5_No1",
        "bom_deep_8_5_30_15_No2",
        "bom_deep_10_5_10_5_No2",
        "bom_deep_7_4_16_4_No2",
        "bom_deep_9_4_40_15_No2",
        "bom_deep_10_5_20_5_No2",
        "bom_deep_8_3_20_5_No1",
        "bom_deep_6_5_30_15_No2",
        "bom_deep_6_5_20_10_No1",
        "bom_deep_6_3_16_4_No2",
        "bom_deep_6_4_40_15_No2",
        "bom_deep_6_5_10_5_No2",
        "bom_deep_6_5_30_10_No1",
        "bom_deep_9_5_10_5_No2",
        "bom_deep_9_3_16_4_No2",
        "bom_deep_9_5_30_15_No2",
        "bom_deep_9_5_10_5_No1",
        "bom_deep_6_5_30_10_No2",
        "bom_deep_9_3_16_4_No1",
        "bom_deep_9_5_30_15_No1",
        "bom_deep_6_3_16_4_No1",
        "bom_deep_6_4_40_15_No1",
        "bom_deep_6_5_10_5_No1",
        "bom_deep_6_5_30_15_No1",
        "bom_deep_6_5_20_10_No2",
        "bom_deep_9_4_40_15_No1",
        "bom_deep_10_5_20_5_No1",
        "bom_deep_8_3_20_5_No2",
        "bom_deep_8_5_30_15_No1",
        "bom_deep_10_5_10_5_No1",
        "bom_deep_7_4_16_4_No1",
        "bom_deep_10_3_15_5_No2",
        "bom_deep_7_3_10_5_No2",
        "bom_deep_8_5_10_5_No1",
        "bom_deep_10_5_30_15_No2",
        "bom_deep_7_3_15_5_No2",
        "bom_deep_7_5_30_15_No1",
        "bom_deep_8_3_16_4_No1",
        "bom_deep_10_3_10_5_No2",
        "bom_deep_7_5_10_5_No1",
        "bom_deep_8_4_40_15_No1"
      ]
    },
    {
      "agent": {
        "rew_mean": 0.0,
        "rew_std": 0.0,
        "rew_best": 0.0,
        "rew_best_count": 50,
        "rew_worst": 0.0,
        "tardiness_mean": 0.0,
        "tardiness_std": 0.0,
        "tardiness_max_mean": 0.0,
        "makespan_tests": [
          2036100,
          266354,
          3304100,
          4656900,
          2782260,
          1537000,
          88800,
          3730860,
          95056,
          661560,
          2032400,
          5100500,
          3207960,
          229832,
          116650,
          44454,
          1375000,
          673140,
          2294460,
          2330800,
          1312500,
          424220,
          2219100,
          29967800,
          1939200,
          2307400,
          1698864,
          159000,
          1961900,
          1626480,
          3698600,
          1152800,
          1288800,
          2900016,
          205752,
          9238052,
          86307,
          2053700,
          4787900,
          6090885,
          81298,
          69720,
          3365200,
          4782100,
          96900,
          1571900,
          699150,
          91200,
          2012700,
          223850
        ],
        "makespan_mean": 2493549.6,
        "rew_worst_quantile_border": 0.0,
        "rew_cvar": 0.0,
        "rew_perc_good_solutions": 1.0,
        "num_tests": 50,
        "running_time": [
          0.03205299377441406,
          0.937147855758667,
          0.07982110977172852,
          0.960817813873291,
          0.002440929412841797,
          0.027540922164916992,
          0.0014040470123291016,
          0.0013229846954345703,
          0.0015401840209960938,
          0.0017039775848388672,
          0.02326822280883789,
          0.25650787353515625,
          0.009830951690673828,
          0.4924471378326416,
          0.003718852996826172,
          0.002542257308959961,
          0.0040569305419921875,
          0.04528379440307617,
          0.0050029754638671875,
          0.7041051387786865,
          0.002023935317993164,
          0.09017586708068848,
          0.17670583724975586,
          0.05457782745361328,
          0.5395059585571289,
          0.17460393905639648,
          0.05231308937072754,
          0.0001049041748046875,
          0.5423729419708252,
          0.0028028488159179688,
          1.295745849609375,
          0.002007007598876953,
          0.004004240036010742,
          0.3281259536743164,
          0.49515604972839355,
          20.553285837173462,
          0.001528024673461914,
          0.02349376678466797,
          0.2561023235321045,
          0.14955615997314453,
          0.0014390945434570312,
          0.007952213287353516,
          0.0802772045135498,
          0.9564900398254395,
          0.023554086685180664,
          0.0277559757232666,
          0.0025320053100585938,
          0.001379251480102539,
          0.03249311447143555,
          0.8152179718017578
        ]
      },