{
  "agent": {
    "rew_mean": 0.0,
    "rew_std": 0.0,
    "rew_best": 0.0,
    "rew_best_count": 50,
    "rew_worst": 0.0,
    "tardiness_mean": 0.0,
    "tardiness_std": 0.0,
    "tardiness_max_mean": 0.0,
    "makespan_tests": [
      2406000,
      360858,
      3673600,
      4722600,
      1727760,
      1576300,
      91480,
      3730860,
      97744,
      784800,
      2032400,
      5392400,
      3207960,
      337760,
      117346,
      48970,
      1407400,
      703500,
      2294460,
      2700000,
      1329300,
      427520,
      2394800,
      30648600,
      2083800,
      2518700,
      1699764,
      159000,
      2016700,
      1626480,
      4242200,
      1152800,
      1288800,
      3382148,
      271912,
      10494195,
      82611,
      2057300,
      5142900,
      6108795,
      83506,
      81280,
      3641900,
      4804900,
      106120,
      1580900,
      699150,
      91200,
      2384200,
      308226
    ],
    "makespan_mean": 2606478.1,
    "rew_worst_quantile_border": 0.0,
    "rew_cvar": 0.0,
    "rew_perc_good_solutions": 1.0,
    "num_tests": 50,
    "running_time": [
      0.11502599716186523,
      5.551479816436768,
      0.5003566741943359,
      6.667841196060181,
      0.005089759826660156,
      0.09557509422302246,
      0.0028181076049804688,
      0.0021648406982421875,
      0.002841949462890625,
      0.0033631324768066406,
      0.0724177360534668,
      1.7325072288513184,
      0.031555891036987305,
      2.7146201133728027,
      0.006635904312133789,
      0.004584074020385742,
      0.010242938995361328,
      0.16881823539733887,
      0.011754035949707031,
      5.743088006973267,
      0.004675149917602539,
      0.36439013481140137,
      0.82486891746521,
      0.14996886253356934,
      2.29306697845459,
      0.7950100898742676,
      0.1885209083557129,
      0.0001289844512939453,
      2.3550379276275635,
      0.005975008010864258,
      9.950117111206055,
      0.00468897819519043,
      0.010288000106811523,
      1.9268951416015625,
      1.712095022201538,
      302.2139127254486,
      0.0027451515197753906,
      0.06514620780944824,
      1.3137269020080566,
      0.5385076999664307,
      0.0033609867095947266,
      0.03314375877380371,
      0.3049290180206299,
      4.45740008354187,
      0.10212898254394531,
      0.08254599571228027,
      0.004682064056396484,
      0.0022988319396972656,
      0.10753202438354492,
      3.3764970302581787
    ]
  },
  "test-data-file-names": [
    "bom_deep_7_5_10_5_No2",
    "bom_deep_8_4_40_15_No2",
    "bom_deep_8_5_10_5_No2",
    "bom_deep_10_5_30_15_No1",
    "bom_deep_7_3_15_5_No1",
    "bom_deep_7_5_30_15_No2",
    "bom_deep_10_3_10_5_No1",
    "bom_deep_8_3_16_4_No2",
    "bom_deep_10_3_15_5_No1",
    "bom_deep_7_3_10_5_No1",
    "bom_deep_8_5_30_15_No2",
    "bom_deep_10_5_10_5_No2",
    "bom_deep_7_4_16_4_No2",
    "bom_deep_9_4_40_15_No2",
    "bom_deep_10_5_20_5_No2",
    "bom_deep_8_3_20_5_No1",
    "bom_deep_6_5_30_15_No2",
    "bom_deep_6_5_20_10_No1",
    "bom_deep_6_3_16_4_No2",
    "bom_deep_6_4_40_15_No2",
    "bom_deep_6_5_10_5_No2",
    "bom_deep_6_5_30_10_No1",
    "bom_deep_9_5_10_5_No2",
    "bom_deep_9_3_16_4_No2",
    "bom_deep_9_5_30_15_No2",
    "bom_deep_9_5_10_5_No1",
    "bom_deep_6_5_30_10_No2",
    "bom_deep_9_3_16_4_No1",
    "bom_deep_9_5_30_15_No1",
    "bom_deep_6_3_16_4_No1",
    "bom_deep_6_4_40_15_No1",
    "bom_deep_6_5_10_5_No1",
    "bom_deep_6_5_30_15_No1",
    "bom_deep_6_5_20_10_No2",
    "bom_deep_9_4_40_15_No1",
    "bom_deep_10_5_20_5_No1",
    "bom_deep_8_3_20_5_No2",
    "bom_deep_8_5_30_15_No1",
    "bom_deep_10_5_10_5_No1",
    "bom_deep_7_4_16_4_No1",
    "bom_deep_10_3_15_5_No2",
    "bom_deep_7_3_10_5_No2",
    "bom_deep_8_5_10_5_No1",
    "bom_deep_10_5_30_15_No2",
    "bom_deep_7_3_15_5_No2",
    "bom_deep_7_5_30_15_No1",
    "bom_deep_8_3_16_4_No1",
    "bom_deep_10_3_10_5_No2",
    "bom_deep_7_5_10_5_No1",
    "bom_deep_8_4_40_15_No1"
  ]
}