{
  "agent": {
    "rew_mean": 0.0,
    "rew_std": 0.0,
    "rew_best": 0.0,
    "rew_best_count": 50,
    "rew_worst": 0.0,
    "tardiness_mean": 0.0,
    "tardiness_std": 0.0,
    "tardiness_max_mean": 0.0,
    "makespan_tests": [
      1902100,
      248914,
      3252700,
      4640700,
      1727760,
      1529800,
      88800,
      3730860,
      95056,
      661560,
      2032400,
      5084300,
      3207960,
      231368,
      116218,
      44454,
      1375000,
      673140,
      3009060,
      2330800,
      1312500,
      424220,
      2238500,
      30284280,
      1939200,
      2280400,
      1698864,
      159000,
      1961900,
      1626480,
      3612200,
      1152800,
      1288800,
      2894252,
      183442,
      9215011,
      82611,
      2053700,
      4787900,
      6096240,
      81034,
      66700,
      3294400,
      4782100,
      86580,
      1555700,
      699150,
      91200,
      1896900,
      192902
    ],
    "makespan_mean": 2480438.32,
    "rew_worst_quantile_border": 0.0,
    "rew_cvar": 0.0,
    "rew_perc_good_solutions": 1.0,
    "num_tests": 50,
    "running_time": [
      0.03899812698364258,
      1.0284960269927979,
      0.09198284149169922,
      1.0025839805603027,
      0.0027201175689697266,
      0.02860116958618164,
      0.0015358924865722656,
      0.0014238357543945312,
      0.0016777515411376953,
      0.0018990039825439453,
      0.024069786071777344,
      0.29381394386291504,
      0.011293888092041016,
      0.5245161056518555,
      0.0040361881256103516,
      0.002850055694580078,
      0.004297971725463867,
      0.04990887641906738,
      0.005759000778198242,
      0.7855961322784424,
      0.0022950172424316406,
      0.10222792625427246,
      0.20434904098510742,
      0.061567068099975586,
      0.5700349807739258,
      0.20735883712768555,
      0.06050682067871094,
      0.00011706352233886719,
      0.5858240127563477,
      0.0032699108123779297,
      1.4626398086547852,
      0.0022459030151367188,
      0.004256010055541992,
      0.41781091690063477,
      0.5586898326873779,
      27.738611936569214,
      0.0019147396087646484,
      0.02542424201965332,
      0.3054029941558838,
      0.17784380912780762,
      0.0015957355499267578,
      0.010059833526611328,
      0.10004663467407227,
      1.0434339046478271,
      0.02984023094177246,
      0.029181957244873047,
      0.002897024154663086,
      0.0014910697937011719,
      0.03834962844848633,
      0.8905138969421387
    ]
  },
  "test-data-file-names": [
    "bom_deep_7_5_10_5_No2",
    "bom_deep_8_4_40_15_No2",
    "bom_deep_8_5_10_5_No2",
    "bom_deep_10_5_30_15_No1",
    "bom_deep_7_3_15_5_No1",
    "bom_deep_7_5_30_15_No2",
    "bom_deep_10_3_10_5_No1",
    "bom_deep_8_3_16_4_No2",
    "bom_deep_10_3_15_5_No1",
    "bom_deep_7_3_10_5_No1",
    "bom_deep_8_5_30_15_No2",
    "bom_deep_10_5_10_5_No2",
    "bom_deep_7_4_16_4_No2",
    "bom_deep_9_4_40_15_No2",
    "bom_deep_10_5_20_5_No2",
    "bom_deep_8_3_20_5_No1",
    "bom_deep_6_5_30_15_No2",
    "bom_deep_6_5_20_10_No1",
    "bom_deep_6_3_16_4_No2",
    "bom_deep_6_4_40_15_No2",
    "bom_deep_6_5_10_5_No2",
    "bom_deep_6_5_30_10_No1",
    "bom_deep_9_5_10_5_No2",
    "bom_deep_9_3_16_4_No2",
    "bom_deep_9_5_30_15_No2",
    "bom_deep_9_5_10_5_No1",
    "bom_deep_6_5_30_10_No2",
    "bom_deep_9_3_16_4_No1",
    "bom_deep_9_5_30_15_No1",
    "bom_deep_6_3_16_4_No1",
    "bom_deep_6_4_40_15_No1",
    "bom_deep_6_5_10_5_No1",
    "bom_deep_6_5_30_15_No1",
    "bom_deep_6_5_20_10_No2",
    "bom_deep_9_4_40_15_No1",
    "bom_deep_10_5_20_5_No1",
    "bom_deep_8_3_20_5_No2",
    "bom_deep_8_5_30_15_No1",
    "bom_deep_10_5_10_5_No1",
    "bom_deep_7_4_16_4_No1",
    "bom_deep_10_3_15_5_No2",
    "bom_deep_7_3_10_5_No2",
    "bom_deep_8_5_10_5_No1",
    "bom_deep_10_5_30_15_No2",
    "bom_deep_7_3_15_5_No2",
    "bom_deep_7_5_30_15_No1",
    "bom_deep_8_3_16_4_No1",
    "bom_deep_10_3_10_5_No2",
    "bom_deep_7_5_10_5_No1",
    "bom_deep_8_4_40_15_No1"
  ]
}