{
  "agent": {
    "rew_mean": 0.0,
    "rew_std": 0.0,
    "rew_best": 0.0,
    "rew_best_count": 50,
    "rew_worst": 0.0,
    "tardiness_mean": 0.0,
    "tardiness_std": 0.0,
    "tardiness_max_mean": 0.0,
    "makespan_tests": [
      2158900,
      298442,
      3424600,
      4640700,
      1727760,
      1529800,
      88800,
      3730860,
      95056,
      784800,
      2032400,
      5114900,
      3207960,
      239824,
      116218,
      44454,
      1375000,
      673140,
      3009060,
      2330800,
      1312500,
      503600,
      2403600,
      30284280,
      1939200,
      2440300,
      1698864,
      159000,
      1961900,
      1626480,
      3847600,
      1152800,
      1288800,
      2918236,
      227418,
      9220288,
      82707,
      2053700,
      5005700,
      6108795,
      81250,
      77100,
      3462000,
      4782100,
      93180,
      1555700,
      699150,
      91200,
      2169700,
      249154
    ],
    "makespan_mean": 2522395.52,
    "rew_worst_quantile_border": 0.0,
    "rew_cvar": 0.0,
    "rew_perc_good_solutions": 1.0,
    "num_tests": 50,
    "running_time": [
      0.0814509391784668,
      3.0858960151672363,
      0.23744821548461914,
      4.054708957672119,
      0.0037581920623779297,
      0.06550884246826172,
      0.0020461082458496094,
      0.002173185348510742,
      0.002049684524536133,
      0.002714872360229492,
      0.04998183250427246,
      0.811053991317749,
      0.019631147384643555,
      1.533613920211792,
      0.005122184753417969,
      0.0034368038177490234,
      0.008293867111206055,
      0.13927221298217773,
      0.010725021362304688,
      3.4007480144500732,
      0.0030930042266845703,
      0.27098608016967773,
      0.633652925491333,
      0.10207533836364746,
      1.613058090209961,
      0.6423718929290771,
      0.1360797882080078,
      0.0001049041748046875,
      1.6788058280944824,
      0.004354953765869141,
      6.792924880981445,
      0.003324747085571289,
      0.008653879165649414,
      1.4827618598937988,
      1.2573728561401367,
      257.3856430053711,
      0.002610921859741211,
      0.04964804649353027,
      0.8497159481048584,
      0.41274213790893555,
      0.0027441978454589844,
      0.022867918014526367,
      0.23516511917114258,
      3.53360915184021,
      0.07443499565124512,
      0.0671529769897461,
      0.00445103645324707,
      0.001641988754272461,
      0.08002209663391113,
      2.424973964691162
    ]
  },
  "test-data-file-names": [
    "bom_deep_7_5_10_5_No2",
    "bom_deep_8_4_40_15_No2",
    "bom_deep_8_5_10_5_No2",
    "bom_deep_10_5_30_15_No1",
    "bom_deep_7_3_15_5_No1",
    "bom_deep_7_5_30_15_No2",
    "bom_deep_10_3_10_5_No1",
    "bom_deep_8_3_16_4_No2",
    "bom_deep_10_3_15_5_No1",
    "bom_deep_7_3_10_5_No1",
    "bom_deep_8_5_30_15_No2",
    "bom_deep_10_5_10_5_No2",
    "bom_deep_7_4_16_4_No2",
    "bom_deep_9_4_40_15_No2",
    "bom_deep_10_5_20_5_No2",
    "bom_deep_8_3_20_5_No1",
    "bom_deep_6_5_30_15_No2",
    "bom_deep_6_5_20_10_No1",
    "bom_deep_6_3_16_4_No2",
    "bom_deep_6_4_40_15_No2",
    "bom_deep_6_5_10_5_No2",
    "bom_deep_6_5_30_10_No1",
    "bom_deep_9_5_10_5_No2",
    "bom_deep_9_3_16_4_No2",
    "bom_deep_9_5_30_15_No2",
    "bom_deep_9_5_10_5_No1",
    "bom_deep_6_5_30_10_No2",
    "bom_deep_9_3_16_4_No1",
    "bom_deep_9_5_30_15_No1",
    "bom_deep_6_3_16_4_No1",
    "bom_deep_6_4_40_15_No1",
    "bom_deep_6_5_10_5_No1",
    "bom_deep_6_5_30_15_No1",
    "bom_deep_6_5_20_10_No2",
    "bom_deep_9_4_40_15_No1",
    "bom_deep_10_5_20_5_No1",
    "bom_deep_8_3_20_5_No2",
    "bom_deep_8_5_30_15_No1",
    "bom_deep_10_5_10_5_No1",
    "bom_deep_7_4_16_4_No1",
    "bom_deep_10_3_15_5_No2",
    "bom_deep_7_3_10_5_No2",
    "bom_deep_8_5_10_5_No1",
    "bom_deep_10_5_30_15_No2",
    "bom_deep_7_3_15_5_No2",
    "bom_deep_7_5_30_15_No1",
    "bom_deep_8_3_16_4_No1",
    "bom_deep_10_3_10_5_No2",
    "bom_deep_7_5_10_5_No1",
    "bom_deep_8_4_40_15_No1"
  ]
}