{
  "agent": {
    "rew_mean": 0.0,
    "rew_std": 0.0,
    "rew_best": 0.0,
    "rew_best_count": 50,
    "rew_worst": 0.0,
    "tardiness_mean": 0.0,
    "tardiness_std": 0.0,
    "tardiness_max_mean": 0.0,
    "makespan_tests": [
      1949200,
      264266,
      3284000,
      4640700,
      2134260,
      1529800,
      88800,
      3730860,
      95056,
      661560,
      2032400,
      5114700,
      3207960,
      239824,
      116218,
      44454,
      1375000,
      673140,
      3009060,
      2330800,
      1312500,
      424220,
      2231700,
      29967800,
      1939200,
      2314600,
      1698864,
      159000,
      1961900,
      1626480,
      3664000,
      1152800,
      1288800,
      3146104,
      189346,
      9208806,
      82611,
      2053700,
      4787900,
      6090885,
      81034,
      67140,
      3340500,
      4782100,
      88420,
      1555700,
      699150,
      91200,
      2016600,
      208274
    ],
    "makespan_mean": 2495067.84,
    "rew_worst_quantile_border": 0.0,
    "rew_cvar": 0.0,
    "rew_perc_good_solutions": 1.0,
    "num_tests": 50,
    "running_time": [
      0.032665252685546875,
      0.9382398128509521,
      0.08079099655151367,
      0.9335031509399414,
      0.0026590824127197266,
      0.027759075164794922,
      0.0015730857849121094,
      0.001435995101928711,
      0.0016908645629882812,
      0.0018329620361328125,
      0.023943185806274414,
      0.2610602378845215,
      0.010373830795288086,
      0.4925823211669922,
      0.003945827484130859,
      0.0026710033416748047,
      0.004411935806274414,
      0.044696807861328125,
      0.0052950382232666016,
      0.6983258724212646,
      0.0022139549255371094,
      0.09109091758728027,
      0.17802214622497559,
      0.05564403533935547,
      0.5298829078674316,
      0.17844009399414062,
      0.05380582809448242,
      0.00012803077697753906,
      0.5316243171691895,
      0.003014087677001953,
      1.284440040588379,
      0.002222299575805664,
      0.004453182220458984,
      0.3322787284851074,
      0.511605978012085,
      20.784451246261597,
      0.0016379356384277344,
      0.02423095703125,
      0.2596750259399414,
      0.153076171875,
      0.0015668869018554688,
      0.008243083953857422,
      0.07987689971923828,
      0.9265279769897461,
      0.024198055267333984,
      0.027759790420532227,
      0.002753019332885742,
      0.0015060901641845703,
      0.03259730339050293,
      0.787775993347168
    ]
  },
  "test-data-file-names": [
    "bom_deep_7_5_10_5_No2",
    "bom_deep_8_4_40_15_No2",
    "bom_deep_8_5_10_5_No2",
    "bom_deep_10_5_30_15_No1",
    "bom_deep_7_3_15_5_No1",
    "bom_deep_7_5_30_15_No2",
    "bom_deep_10_3_10_5_No1",
    "bom_deep_8_3_16_4_No2",
    "bom_deep_10_3_15_5_No1",
    "bom_deep_7_3_10_5_No1",
    "bom_deep_8_5_30_15_No2",
    "bom_deep_10_5_10_5_No2",
    "bom_deep_7_4_16_4_No2",
    "bom_deep_9_4_40_15_No2",
    "bom_deep_10_5_20_5_No2",
    "bom_deep_8_3_20_5_No1",
    "bom_deep_6_5_30_15_No2",
    "bom_deep_6_5_20_10_No1",
    "bom_deep_6_3_16_4_No2",
    "bom_deep_6_4_40_15_No2",
    "bom_deep_6_5_10_5_No2",
    "bom_deep_6_5_30_10_No1",
    "bom_deep_9_5_10_5_No2",
    "bom_deep_9_3_16_4_No2",
    "bom_deep_9_5_30_15_No2",
    "bom_deep_9_5_10_5_No1",
    "bom_deep_6_5_30_10_No2",
    "bom_deep_9_3_16_4_No1",
    "bom_deep_9_5_30_15_No1",
    "bom_deep_6_3_16_4_No1",
    "bom_deep_6_4_40_15_No1",
    "bom_deep_6_5_10_5_No1",
    "bom_deep_6_5_30_15_No1",
    "bom_deep_6_5_20_10_No2",
    "bom_deep_9_4_40_15_No1",
    "bom_deep_10_5_20_5_No1",
    "bom_deep_8_3_20_5_No2",
    "bom_deep_8_5_30_15_No1",
    "bom_deep_10_5_10_5_No1",
    "bom_deep_7_4_16_4_No1",
    "bom_deep_10_3_15_5_No2",
    "bom_deep_7_3_10_5_No2",
    "bom_deep_8_5_10_5_No1",
    "bom_deep_10_5_30_15_No2",
    "bom_deep_7_3_15_5_No2",
    "bom_deep_7_5_30_15_No1",
    "bom_deep_8_3_16_4_No1",
    "bom_deep_10_3_10_5_No2",
    "bom_deep_7_5_10_5_No1",
    "bom_deep_8_4_40_15_No1"
  ]
}