{
  "runs": [
    {
      "agent": {
        "rew_mean": 0.0,
        "rew_std": 0.0,
        "rew_best": 0.0,
        "rew_best_count": 50,
        "rew_worst": 0.0,
        "tardiness_mean": 0.0,
        "tardiness_std": 0.0,
        "tardiness_max_mean": 0.0,
        "makespan_tests": [
          1925500,
          253546,
          3253500,
          4640700,
          1727760,
          1544200,
          88800,
          3730860,
          95056,
          769560,
          2032400,
          5084300,
          3207960,
          232784,
          116218,
          44454,
          1375000,
          673140,
          3009060,
          2331000,
          1312500,
          424220,
          2190000,
          30284280,
          1950000,
          2269400,
          1698864,
          159000,
          1961900,
          1626480,
          4030200,
          1152800,
          1288800,
          2877204,
          182366,
          9208850,
          86307,
          2053700,
          4787900,
          6094935,
          82186,
          67260,
          3279600,
          4783000,
          86600,
          1555700,
          699150,
          91200,
          1888700,
          228366
        ],
        "makespan_mean": 2490745.32,
        "rew_worst_quantile_border": 0.0,
        "rew_cvar": 0.0,
        "rew_perc_good_solutions": 1.0,
        "num_tests": 50,
        "running_time": [
          0.034422874450683594,
          0.9569442272186279,
          0.08460712432861328,
          0.9711441993713379,
          0.002666950225830078,
          0.02885890007019043,
          0.0015811920166015625,
          0.0014350414276123047,
          0.0017137527465820312,
          0.0018618106842041016,
          0.024366140365600586,
          0.2668311595916748,
          0.010438919067382812,
          0.5006358623504639,
          0.004021883010864258,
          0.0027790069580078125,
          0.004498004913330078,
          0.04651999473571777,
          0.005373954772949219,
          0.7201800346374512,
          0.0022687911987304688,
          0.09427690505981445,
          0.18507790565490723,
          0.05544614791870117,
          0.546410083770752,
          0.18047404289245605,
          0.05429387092590332,
          0.0001380443572998047,
          0.5549051761627197,
          0.003036022186279297,
          1.3289399147033691,
          0.002286672592163086,
          0.004492044448852539,
          0.3496370315551758,
          0.5092542171478271,
          21.14176607131958,
          0.0017018318176269531,
          0.024573087692260742,
          0.2668309211730957,
          0.15207123756408691,
          0.0015878677368164062,
          0.008507966995239258,
          0.08348512649536133,
          0.966893196105957,
          0.025115013122558594,
          0.028734207153320312,
          0.0027801990509033203,
          0.0015299320220947266,
          0.0337221622467041,
          0.8272418975830078
        ]
      },
      "test-data-file-names": [
        "bom_deep_7_5_10_5_No2",
        "bom_deep_8_4_40_15_No2",
        "bom_deep_8_5_10_5_No2",
        "bom_deep_10_5_30_15_No1",
        "bom_deep_7_3_15_5_No1",
        "bom_deep_7_5_30_15_No2",
        "bom_deep_10_3_10_5_No1",
        "bom_deep_8_3_16_4_No2",
        "bom_deep_10_3_15_5_No1",
        "bom_deep_7_3_10_5_No1",
        "bom_deep_8_5_30_15_No2",
        "bom_deep_10_5_10_5_No2",
        "bom_deep_7_4_16_4_No2",
        "bom_deep_9_4_40_15_No2",
        "bom_deep_10_5_20_5_No2",
        "bom_deep_8_3_20_5_No1",
        "bom_deep_6_5_30_15_No2",
        "bom_deep_6_5_20_10_No1",
        "bom_deep_6_3_16_4_No2",
        "bom_deep_6_4_40_15_No2",
        "bom_deep_6_5_10_5_No2",
        "bom_deep_6_5_30_10_No1",
        "bom_deep_9_5_10_5_No2",
        "bom_deep_9_3_16_4_No2",
        "bom_deep_9_5_30_15_No2",
        "bom_deep_9_5_10_5_No1",
        "bom_deep_6_5_30_10_No2",
        "bom_deep_9_3_16_4_No1",
        "bom_deep_9_5_30_15_No1",
        "bom_deep_6_3_16_4_No1",
        "bom_deep_6_4_40_15_No1",
        "bom_deep_6_5_10_5_No1",
        "bom_deep_6_5_30_15_No1",
        "bom_deep_6_5_20_10_No2",
        "bom_deep_9_4_40_15_No1",
        "bom_deep_10_5_20_5_No1",
        "bom_deep_8_3_20_5_No2",
        "bom_deep_8_5_30_15_No1",
        "bom_deep_10_5_10_5_No1",
        "bom_deep_7_4_16_4_No1",
        "bom_deep_10_3_15_5_No2",
        "bom_deep_7_3_10_5_No2",
        "bom_deep_8_5_10_5_No1",
        "bom_deep_10_5_30_15_No2",
        "bom_deep_7_3_15_5_No2",
        "bom_deep_7_5_30_15_No1",
        "bom_deep_8_3_16_4_No1",
        "bom_deep_10_3_10_5_No2",
        "bom_deep_7_5_10_5_No1",
        "bom_deep_8_4_40_15_No1"
      ]
    },
    {
      "agent": {
        "rew_mean": 0.0,
        "rew_std": 0.0,
        "rew_best": 0.0,
        "rew_best_count": 50,
        "rew_worst": 0.0,
        "tardiness_mean": 0.0,
        "tardiness_std": 0.0,
        "tardiness_max_mean": 0.0,
        "makespan_tests": [
          1925500,
          253546,
          3253500,
          4640700,
          1727760,
          1544200,
          88800,
          3730860,
          95056,
          769560,
          2032400,
          5084300,
          3207960,
          232784,
          116218,
          44454,
          1375000,
          673140,
          3009060,
          2331000,
          1312500,
          424220,
          2190000,
          30284280,
          1950000,
          2269400,
          1698864,
          159000,
          1961900,
          1626480,
          4030200,
          1152800,
          1288800,
          2877204,
          182366,
          9208850,
          86307,
          2053700,
          4787900,
          6094935,
          82186,
          67260,
          3279600,
          4783000,
          86600,
          1555700,
          699150,
          91200,
          1888700,
          228366
        ],
        "makespan_mean": 2490745.32,
        "rew_worst_quantile_border": 0.0,
        "rew_cvar": 0.0,
        "rew_perc_good_solutions": 1.0,
        "num_tests": 50,
        "running_time": [
          0.03323006629943848,
          0.9525370597839355,
          0.08206415176391602,
          0.9654562473297119,
          0.0026769638061523438,
          0.028780221939086914,
          0.001592874526977539,
          0.0014421939849853516,
          0.0017170906066894531,
          0.0018649101257324219,
          0.02438187599182129,
          0.2679929733276367,
          0.01053309440612793,
          0.5075609683990479,
          0.003999948501586914,
          0.0027992725372314453,
          0.004485130310058594,
          0.0465390682220459,
          0.005427122116088867,
          0.7200989723205566,
          0.002290964126586914,
          0.09416913986206055,
          0.18266701698303223,
          0.05871272087097168,
          0.5492141246795654,
          0.18247771263122559,
          0.054979801177978516,
          0.0001270771026611328,
          0.5523958206176758,
          0.003057241439819336,
          1.320786952972412,
          0.002277851104736328,
          0.004495143890380859,
          0.34566307067871094,
          0.5142760276794434,
          20.976821660995483,
          0.0016930103302001953,
          0.024239301681518555,
          0.26518893241882324,
          0.15310096740722656,
          0.0016279220581054688,
          0.008502006530761719,
          0.0830230712890625,
          0.9627110958099365,
          0.02485823631286621,
          0.028416156768798828,
          0.0027539730072021484,
          0.0015249252319335938,
          0.03315877914428711,
          0.9442329406738281
        ]
      },