{
  "runs": [
    {
      "agent": {
        "rew_mean": 0.0,
        "rew_std": 0.0,
        "rew_best": 0.0,
        "rew_best_count": 50,
        "rew_worst": 0.0,
        "tardiness_mean": 0.0,
        "tardiness_std": 0.0,
        "tardiness_max_mean": 0.0,
        "makespan_tests": [
          1949200,
          264266,
          3284000,
          4640700,
          2134260,
          1529800,
          88800,
          3730860,
          95056,
          661560,
          2032400,
          5114700,
          3207960,
          239824,
          116218,
          44454,
          1375000,
          673140,
          3009060,
          2330800,
          1312500,
          424220,
          2231700,
          29967800,
          1939200,
          2314600,
          1698864,
          159000,
          1961900,
          1626480,
          3664000,
          1152800,
          1288800,
          3146104,
          189346,
          9208806,
          82611,
          2053700,
          4787900,
          6090885,
          81034,
          67140,
          3340500,
          4782100,
          88420,
          1555700,
          699150,
          91200,
          2016600,
          208274
        ],
        "makespan_mean": 2495067.84,
        "rew_worst_quantile_border": 0.0,
        "rew_cvar": 0.0,
        "rew_perc_good_solutions": 1.0,
        "num_tests": 50,
        "running_time": [
          0.03248786926269531,
          0.9135689735412598,
          0.08041691780090332,
          0.938054084777832,
          0.0026459693908691406,
          0.02796792984008789,
          0.0015633106231689453,
          0.0014379024505615234,
          0.001695871353149414,
          0.0018429756164550781,
          0.024061918258666992,
          0.2556779384613037,
          0.010271072387695312,
          0.49320292472839355,
          0.003957986831665039,
          0.0027010440826416016,
          0.004388093948364258,
          0.044851064682006836,
          0.005265951156616211,
          0.6954200267791748,
          0.0021898746490478516,
          0.09152507781982422,
          0.17652106285095215,
          0.05567002296447754,
          0.5246260166168213,
          0.17653393745422363,
          0.05441689491271973,
          0.00012612342834472656,
          0.5284409523010254,
          0.003034830093383789,
          1.2788548469543457,
          0.0021741390228271484,
          0.0043468475341796875,
          0.3289778232574463,
          0.4927487373352051,
          22.325446844100952,
          0.0016739368438720703,
          0.02444601058959961,
          0.26134395599365234,
          0.15389299392700195,
          0.001672983169555664,
          0.008486032485961914,
          0.07954978942871094,
          1.2272138595581055,
          0.026886940002441406,
          0.027784347534179688,
          0.0027191638946533203,
          0.0015151500701904297,
          0.03229808807373047,
          0.7924039363861084
        ]
      },
      "test-data-file-names": [
        "bom_deep_7_5_10_5_No2",
        "bom_deep_8_4_40_15_No2",
        "bom_deep_8_5_10_5_No2",
        "bom_deep_10_5_30_15_No1",
        "bom_deep_7_3_15_5_No1",
        "bom_deep_7_5_30_15_No2",
        "bom_deep_10_3_10_5_No1",
        "bom_deep_8_3_16_4_No2",
        "bom_deep_10_3_15_5_No1",
        "bom_deep_7_3_10_5_No1",
        "bom_deep_8_5_30_15_No2",
        "bom_deep_10_5_10_5_No2",
        "bom_deep_7_4_16_4_No2",
        "bom_deep_9_4_40_15_No2",
        "bom_deep_10_5_20_5_No2",
        "bom_deep_8_3_20_5_No1",
        "bom_deep_6_5_30_15_No2",
        "bom_deep_6_5_20_10_No1",
        "bom_deep_6_3_16_4_No2",
        "bom_deep_6_4_40_15_No2",
        "bom_deep_6_5_10_5_No2",
        "bom_deep_6_5_30_10_No1",
        "bom_deep_9_5_10_5_No2",
        "bom_deep_9_3_16_4_No2",
        "bom_deep_9_5_30_15_No2",
        "bom_deep_9_5_10_5_No1",
        "bom_deep_6_5_30_10_No2",
        "bom_deep_9_3_16_4_No1",
        "bom_deep_9_5_30_15_No1",
        "bom_deep_6_3_16_4_No1",
        "bom_deep_6_4_40_15_No1",
        "bom_deep_6_5_10_5_No1",
        "bom_deep_6_5_30_15_No1",
        "bom_deep_6_5_20_10_No2",
        "bom_deep_9_4_40_15_No1",
        "bom_deep_10_5_20_5_No1",
        "bom_deep_8_3_20_5_No2",
        "bom_deep_8_5_30_15_No1",
        "bom_deep_10_5_10_5_No1",
        "bom_deep_7_4_16_4_No1",
        "bom_deep_10_3_15_5_No2",
        "bom_deep_7_3_10_5_No2",
        "bom_deep_8_5_10_5_No1",
        "bom_deep_10_5_30_15_No2",
        "bom_deep_7_3_15_5_No2",
        "bom_deep_7_5_30_15_No1",
        "bom_deep_8_3_16_4_No1",
        "bom_deep_10_3_10_5_No2",
        "bom_deep_7_5_10_5_No1",
        "bom_deep_8_4_40_15_No1"
      ]
    },
    {
      "agent": {
        "rew_mean": 0.0,
        "rew_std": 0.0,
        "rew_best": 0.0,
        "rew_best_count": 50,
        "rew_worst": 0.0,
        "tardiness_mean": 0.0,
        "tardiness_std": 0.0,
        "tardiness_max_mean": 0.0,
        "makespan_tests": [
          1949200,
          264266,
          3284000,
          4640700,
          2134260,
          1529800,
          88800,
          3730860,
          95056,
          661560,
          2032400,
          5114700,
          3207960,
          239824,
          116218,
          44454,
          1375000,
          673140,
          3009060,
          2330800,
          1312500,
          424220,
          2231700,
          29967800,
          1939200,
          2314600,
          1698864,
          159000,
          1961900,
          1626480,
          3664000,
          1152800,
          1288800,
          3146104,
          189346,
          9208806,
          82611,
          2053700,
          4787900,
          6090885,
          81034,
          67140,
          3340500,
          4782100,
          88420,
          1555700,
          699150,
          91200,
          2016600,
          208274
        ],
        "makespan_mean": 2495067.84,
        "rew_worst_quantile_border": 0.0,
        "rew_cvar": 0.0,
        "rew_perc_good_solutions": 1.0,
        "num_tests": 50,
        "running_time": [
          0.03164219856262207,
          0.8992409706115723,
          0.07715201377868652,
          0.914820671081543,
          0.002580881118774414,
          0.027257919311523438,
          0.001566171646118164,
          0.0014178752899169922,
          0.0016660690307617188,
          0.001814126968383789,
          0.02384209632873535,
          0.2524070739746094,
          0.009907960891723633,
          0.48246097564697266,
          0.003901958465576172,
          0.002635955810546875,
          0.004393100738525391,
          0.04436898231506348,
          0.005120992660522461,
          0.6925888061523438,
          0.0022020339965820312,
          0.09233617782592773,
          0.17600393295288086,
          0.055351972579956055,
          0.5231249332427979,
          0.16850996017456055,
          0.05253100395202637,
          0.0001327991485595703,
          0.5268449783325195,
          0.003304004669189453,
          1.255174160003662,
          0.002145051956176758,
          0.004425048828125,
          0.32053184509277344,
          0.48781895637512207,
          22.48919916152954,
          0.0016748905181884766,
          0.02369403839111328,
          0.25246214866638184,
          0.1485121250152588,
          0.0016720294952392578,
          0.007999897003173828,
          0.07660412788391113,
          0.9252209663391113,
          0.023013830184936523,
          0.027003765106201172,
          0.0026679039001464844,
          0.0015380382537841797,
          0.03114008903503418,
          0.7768330574035645
        ]
      },