{
  "agent": {
    "rew_mean": 0.0,
    "rew_std": 0.0,
    "rew_best": 0.0,
    "rew_best_count": 50,
    "rew_worst": 0.0,
    "tardiness_mean": 0.0,
    "tardiness_std": 0.0,
    "tardiness_max_mean": 0.0,
    "makespan_tests": [
      1991400,
      252210,
      3351100,
      4640700,
      1727760,
      1537000,
      88800,
      3730860,
      95056,
      731940,
      2032400,
      5194600,
      3207960,
      233812,
      116218,
      44454,
      1375000,
      673140,
      3009060,
      2330800,
      1312500,
      424220,
      2259100,
      29967800,
      1948200,
      2358300,
      1698864,
      159000,
      1961900,
      1626480,
      3647600,
      1152800,
      1288800,
      2950040,
      185170,
      9213290,
      82611,
      2053700,
      5014700,
      6360525,
      81034,
      66620,
      3389600,
      4782100,
      89480,
      1555700,
      699150,
      91200,
      1999300,
      196514
    ],
    "makespan_mean": 2499611.36,
    "rew_worst_quantile_border": 0.0,
    "rew_cvar": 0.0,
    "rew_perc_good_solutions": 1.0,
    "num_tests": 50,
    "running_time": [
      0.035507917404174805,
      0.9978270530700684,
      0.08481907844543457,
      0.9815948009490967,
      0.0026149749755859375,
      0.028136014938354492,
      0.0014410018920898438,
      0.001371145248413086,
      0.0016088485717773438,
      0.0017669200897216797,
      0.023485183715820312,
      0.2789921760559082,
      0.01064920425415039,
      0.5038769245147705,
      0.0038080215454101562,
      0.002620220184326172,
      0.00406193733215332,
      0.04574418067932129,
      0.005299806594848633,
      0.7369511127471924,
      0.0021517276763916016,
      0.09552907943725586,
      0.18770503997802734,
      0.05864286422729492,
      0.564929723739624,
      0.20911002159118652,
      0.05558013916015625,
      0.00011324882507324219,
      1.150264024734497,
      0.004672050476074219,
      1.5980641841888428,
      0.0021708011627197266,
      0.004134178161621094,
      0.3509969711303711,
      0.5091221332550049,
      22.374897956848145,
      0.0015940666198730469,
      0.02359795570373535,
      0.27903294563293457,
      0.16447901725769043,
      0.0014870166778564453,
      0.00905609130859375,
      0.08492684364318848,
      0.9772720336914062,
      0.026620864868164062,
      0.02839183807373047,
      0.0027599334716796875,
      0.001432180404663086,
      0.03593802452087402,
      0.8318901062011719
    ]
  },
  "test-data-file-names": [
    "bom_deep_7_5_10_5_No2",
    "bom_deep_8_4_40_15_No2",
    "bom_deep_8_5_10_5_No2",
    "bom_deep_10_5_30_15_No1",
    "bom_deep_7_3_15_5_No1",
    "bom_deep_7_5_30_15_No2",
    "bom_deep_10_3_10_5_No1",
    "bom_deep_8_3_16_4_No2",
    "bom_deep_10_3_15_5_No1",
    "bom_deep_7_3_10_5_No1",
    "bom_deep_8_5_30_15_No2",
    "bom_deep_10_5_10_5_No2",
    "bom_deep_7_4_16_4_No2",
    "bom_deep_9_4_40_15_No2",
    "bom_deep_10_5_20_5_No2",
    "bom_deep_8_3_20_5_No1",
    "bom_deep_6_5_30_15_No2",
    "bom_deep_6_5_20_10_No1",
    "bom_deep_6_3_16_4_No2",
    "bom_deep_6_4_40_15_No2",
    "bom_deep_6_5_10_5_No2",
    "bom_deep_6_5_30_10_No1",
    "bom_deep_9_5_10_5_No2",
    "bom_deep_9_3_16_4_No2",
    "bom_deep_9_5_30_15_No2",
    "bom_deep_9_5_10_5_No1",
    "bom_deep_6_5_30_10_No2",
    "bom_deep_9_3_16_4_No1",
    "bom_deep_9_5_30_15_No1",
    "bom_deep_6_3_16_4_No1",
    "bom_deep_6_4_40_15_No1",
    "bom_deep_6_5_10_5_No1",
    "bom_deep_6_5_30_15_No1",
    "bom_deep_6_5_20_10_No2",
    "bom_deep_9_4_40_15_No1",
    "bom_deep_10_5_20_5_No1",
    "bom_deep_8_3_20_5_No2",
    "bom_deep_8_5_30_15_No1",
    "bom_deep_10_5_10_5_No1",
    "bom_deep_7_4_16_4_No1",
    "bom_deep_10_3_15_5_No2",
    "bom_deep_7_3_10_5_No2",
    "bom_deep_8_5_10_5_No1",
    "bom_deep_10_5_30_15_No2",
    "bom_deep_7_3_15_5_No2",
    "bom_deep_7_5_30_15_No1",
    "bom_deep_8_3_16_4_No1",
    "bom_deep_10_3_10_5_No2",
    "bom_deep_7_5_10_5_No1",
    "bom_deep_8_4_40_15_No1"
  ]
}