{
  "agent": {
    "rew_mean": 0.0,
    "rew_std": 0.0,
    "rew_best": 0.0,
    "rew_best_count": 50,
    "rew_worst": 0.0,
    "tardiness_mean": 0.0,
    "tardiness_std": 0.0,
    "tardiness_max_mean": 0.0,
    "makespan_tests": [
      1949200,
      264266,
      3284000,
      4640700,
      2134260,
      1529800,
      88800,
      3730860,
      95056,
      661560,
      2032400,
      5114700,
      3207960,
      239824,
      116218,
      44454,
      1375000,
      673140,
      3009060,
      2330800,
      1312500,
      424220,
      2231700,
      29967800,
      1939200,
      2314600,
      1698864,
      159000,
      1961900,
      1626480,
      3664000,
      1152800,
      1288800,
      3146104,
      189346,
      9208806,
      82611,
      2053700,
      4787900,
      6090885,
      81034,
      67140,
      3340500,
      4782100,
      88420,
      1555700,
      699150,
      91200,
      2016600,
      208274
    ],
    "makespan_mean": 2495067.84,
    "rew_worst_quantile_border": 0.0,
    "rew_cvar": 0.0,
    "rew_perc_good_solutions": 1.0,
    "num_tests": 50,
    "running_time": [
      0.043341875076293945,
      1.0606698989868164,
      0.09615778923034668,
      1.0562403202056885,
      0.003500223159790039,
      0.03390789031982422,
      0.0020160675048828125,
      0.0018329620361328125,
      0.002215147018432617,
      0.002480030059814453,
      0.028650999069213867,
      0.3164088726043701,
      0.016221284866333008,
      0.5522439479827881,
      0.004830121994018555,
      0.008570194244384766,
      0.005678892135620117,
      0.055349111557006836,
      0.0067901611328125,
      1.0033819675445557,
      0.006150960922241211,
      0.1979541778564453,
      0.5011320114135742,
      0.08291888236999512,
      0.7799770832061768,
      0.22372198104858398,
      0.07762908935546875,
      0.00017690658569335938,
      0.67942214012146,
      0.004157304763793945,
      1.8248581886291504,
      0.0029718875885009766,
      0.005904197692871094,
      0.521589994430542,
      0.548105001449585,
      24.165201902389526,
      0.0020956993103027344,
      0.027968168258666992,
      0.309647798538208,
      0.18787097930908203,
      0.0019659996032714844,
      0.011261940002441406,
      0.0970156192779541,
      1.041700839996338,
      0.03223705291748047,
      0.033149003982543945,
      0.0034821033477783203,
      0.0019462108612060547,
      0.04088020324707031,
      0.9573731422424316
    ]
  },
  "test-data-file-names": [
    "bom_deep_7_5_10_5_No2",
    "bom_deep_8_4_40_15_No2",
    "bom_deep_8_5_10_5_No2",
    "bom_deep_10_5_30_15_No1",
    "bom_deep_7_3_15_5_No1",
    "bom_deep_7_5_30_15_No2",
    "bom_deep_10_3_10_5_No1",
    "bom_deep_8_3_16_4_No2",
    "bom_deep_10_3_15_5_No1",
    "bom_deep_7_3_10_5_No1",
    "bom_deep_8_5_30_15_No2",
    "bom_deep_10_5_10_5_No2",
    "bom_deep_7_4_16_4_No2",
    "bom_deep_9_4_40_15_No2",
    "bom_deep_10_5_20_5_No2",
    "bom_deep_8_3_20_5_No1",
    "bom_deep_6_5_30_15_No2",
    "bom_deep_6_5_20_10_No1",
    "bom_deep_6_3_16_4_No2",
    "bom_deep_6_4_40_15_No2",
    "bom_deep_6_5_10_5_No2",
    "bom_deep_6_5_30_10_No1",
    "bom_deep_9_5_10_5_No2",
    "bom_deep_9_3_16_4_No2",
    "bom_deep_9_5_30_15_No2",
    "bom_deep_9_5_10_5_No1",
    "bom_deep_6_5_30_10_No2",
    "bom_deep_9_3_16_4_No1",
    "bom_deep_9_5_30_15_No1",
    "bom_deep_6_3_16_4_No1",
    "bom_deep_6_4_40_15_No1",
    "bom_deep_6_5_10_5_No1",
    "bom_deep_6_5_30_15_No1",
    "bom_deep_6_5_20_10_No2",
    "bom_deep_9_4_40_15_No1",
    "bom_deep_10_5_20_5_No1",
    "bom_deep_8_3_20_5_No2",
    "bom_deep_8_5_30_15_No1",
    "bom_deep_10_5_10_5_No1",
    "bom_deep_7_4_16_4_No1",
    "bom_deep_10_3_15_5_No2",
    "bom_deep_7_3_10_5_No2",
    "bom_deep_8_5_10_5_No1",
    "bom_deep_10_5_30_15_No2",
    "bom_deep_7_3_15_5_No2",
    "bom_deep_7_5_30_15_No1",
    "bom_deep_8_3_16_4_No1",
    "bom_deep_10_3_10_5_No2",
    "bom_deep_7_5_10_5_No1",
    "bom_deep_8_4_40_15_No1"
  ]
}