{
  "agent": {
    "rew_mean": 0.0,
    "rew_std": 0.0,
    "rew_best": 0.0,
    "rew_best_count": 50,
    "rew_worst": 0.0,
    "tardiness_mean": 0.0,
    "tardiness_std": 0.0,
    "tardiness_max_mean": 0.0,
    "makespan_tests": [
      2187700,
      410322,
      3506600,
      4662300,
      1727760,
      1540200,
      88800,
      3730860,
      96640,
      784800,
      2039600,
      6043800,
      3207960,
      343632,
      117346,
      45294,
      1375000,
      736920,
      3009060,
      4465000,
      1312500,
      503600,
      2578900,
      30322680,
      1946400,
      2549900,
      1699764,
      159000,
      2122000,
      1626480,
      4617600,
      1152800,
      1288800,
      3866268,
      471864,
      9927553,
      84225,
      2058300,
      5125900,
      6135615,
      81266,
      80520,
      3457800,
      4782100,
      108780,
      1562300,
      699150,
      91200,
      2356300,
      437034
    ],
    "makespan_mean": 2666523.86,
    "rew_worst_quantile_border": 0.0,
    "rew_cvar": 0.0,
    "rew_perc_good_solutions": 1.0,
    "num_tests": 50,
    "running_time": [
      0.08890199661254883,
      4.051147937774658,
      0.26851892471313477,
      4.228557825088501,
      0.00443577766418457,
      0.06711196899414062,
      0.0020003318786621094,
      0.0021309852600097656,
      0.0021359920501708984,
      0.0030088424682617188,
      0.04877805709838867,
      1.1759779453277588,
      0.020036697387695312,
      1.5665757656097412,
      0.004890918731689453,
      0.0032949447631835938,
      0.007640838623046875,
      0.13149809837341309,
      0.008855104446411133,
      3.5343689918518066,
      0.0033419132232666016,
      0.26188206672668457,
      0.6737678050994873,
      0.12250804901123047,
      1.7913529872894287,
      0.680246114730835,
      0.14638900756835938,
      0.00011324882507324219,
      1.8502061367034912,
      0.004576921463012695,
      7.589821815490723,
      0.003760814666748047,
      0.008174896240234375,
      1.6728730201721191,
      1.3313438892364502,
      284.66428112983704,
      0.0021529197692871094,
      0.049508094787597656,
      1.1070599555969238,
      0.46599912643432617,
      0.001960277557373047,
      0.022660017013549805,
      0.2606089115142822,
      4.03477668762207,
      0.07636499404907227,
      0.06635904312133789,
      0.0040400028228759766,
      0.0021390914916992188,
      0.08847904205322266,
      2.7262508869171143
    ]
  },
  "test-data-file-names": [
    "bom_deep_7_5_10_5_No2",
    "bom_deep_8_4_40_15_No2",
    "bom_deep_8_5_10_5_No2",
    "bom_deep_10_5_30_15_No1",
    "bom_deep_7_3_15_5_No1",
    "bom_deep_7_5_30_15_No2",
    "bom_deep_10_3_10_5_No1",
    "bom_deep_8_3_16_4_No2",
    "bom_deep_10_3_15_5_No1",
    "bom_deep_7_3_10_5_No1",
    "bom_deep_8_5_30_15_No2",
    "bom_deep_10_5_10_5_No2",
    "bom_deep_7_4_16_4_No2",
    "bom_deep_9_4_40_15_No2",
    "bom_deep_10_5_20_5_No2",
    "bom_deep_8_3_20_5_No1",
    "bom_deep_6_5_30_15_No2",
    "bom_deep_6_5_20_10_No1",
    "bom_deep_6_3_16_4_No2",
    "bom_deep_6_4_40_15_No2",
    "bom_deep_6_5_10_5_No2",
    "bom_deep_6_5_30_10_No1",
    "bom_deep_9_5_10_5_No2",
    "bom_deep_9_3_16_4_No2",
    "bom_deep_9_5_30_15_No2",
    "bom_deep_9_5_10_5_No1",
    "bom_deep_6_5_30_10_No2",
    "bom_deep_9_3_16_4_No1",
    "bom_deep_9_5_30_15_No1",
    "bom_deep_6_3_16_4_No1",
    "bom_deep_6_4_40_15_No1",
    "bom_deep_6_5_10_5_No1",
    "bom_deep_6_5_30_15_No1",
    "bom_deep_6_5_20_10_No2",
    "bom_deep_9_4_40_15_No1",
    "bom_deep_10_5_20_5_No1",
    "bom_deep_8_3_20_5_No2",
    "bom_deep_8_5_30_15_No1",
    "bom_deep_10_5_10_5_No1",
    "bom_deep_7_4_16_4_No1",
    "bom_deep_10_3_15_5_No2",
    "bom_deep_7_3_10_5_No2",
    "bom_deep_8_5_10_5_No1",
    "bom_deep_10_5_30_15_No2",
    "bom_deep_7_3_15_5_No2",
    "bom_deep_7_5_30_15_No1",
    "bom_deep_8_3_16_4_No1",
    "bom_deep_10_3_10_5_No2",
    "bom_deep_7_5_10_5_No1",
    "bom_deep_8_4_40_15_No1"
  ]
}