{
  "agent": {
    "rew_mean": 0.0,
    "rew_std": 0.0,
    "rew_best": 0.0,
    "rew_best_count": 50,
    "rew_worst": 0.0,
    "tardiness_mean": 0.0,
    "tardiness_std": 0.0,
    "tardiness_max_mean": 0.0,
    "makespan_tests": [
      2432400,
      346226,
      3514300,
      4848900,
      1964160,
      1544200,
      91480,
      3730860,
      97744,
      661560,
      2032400,
      5483200,
      3207960,
      267832,
      117346,
      46900,
      1407400,
      686040,
      2294460,
      2783000,
      1329300,
      424220,
      2428600,
      31820580,
      2090300,
      2533200,
      1742064,
      159000,
      2063900,
      1626480,
      4561800,
      1152800,
      1288800,
      3394920,
      264618,
      10242819,
      82707,
      2057300,
      5336800,
      6122655,
      83506,
      79180,
      3653400,
      4977100,
      111820,
      1555700,
      699150,
      91200,
      2226100,
      310962
    ],
    "makespan_mean": 2641386.98,
    "rew_worst_quantile_border": 0.0,
    "rew_cvar": 0.0,
    "rew_perc_good_solutions": 1.0,
    "num_tests": 50,
    "running_time": [
      0.1622321605682373,
      6.0643839836120605,
      0.40453600883483887,
      6.246175050735474,
      0.0067462921142578125,
      0.12906193733215332,
      0.003489971160888672,
      0.002927064895629883,
      0.003751039505004883,
      0.005636692047119141,
      0.0908958911895752,
      1.5547740459442139,
      0.035576820373535156,
      2.8844568729400635,
      0.00849604606628418,
      0.006158113479614258,
      0.014834880828857422,
      0.25940918922424316,
      0.016885995864868164,
      6.4369118213653564,
      0.005839109420776367,
      0.48651885986328125,
      0.9652941226959229,
      0.19424104690551758,
      3.3213162422180176,
      0.9509618282318115,
      0.25672292709350586,
      0.0001690387725830078,
      3.2513699531555176,
      0.00853729248046875,
      12.65477204322815,
      0.006226778030395508,
      0.01523900032043457,
      2.599034070968628,
      2.4713780879974365,
      320.60164880752563,
      0.003905773162841797,
      0.09264016151428223,
      1.5069901943206787,
      0.7032139301300049,
      0.0033049583435058594,
      0.04838299751281738,
      0.4152650833129883,
      6.431835889816284,
      0.1616067886352539,
      0.15984606742858887,
      0.006361722946166992,
      0.002840757369995117,
      0.17055606842041016,
      5.033448934555054
    ]
  },
  "test-data-file-names": [
    "bom_deep_7_5_10_5_No2",
    "bom_deep_8_4_40_15_No2",
    "bom_deep_8_5_10_5_No2",
    "bom_deep_10_5_30_15_No1",
    "bom_deep_7_3_15_5_No1",
    "bom_deep_7_5_30_15_No2",
    "bom_deep_10_3_10_5_No1",
    "bom_deep_8_3_16_4_No2",
    "bom_deep_10_3_15_5_No1",
    "bom_deep_7_3_10_5_No1",
    "bom_deep_8_5_30_15_No2",
    "bom_deep_10_5_10_5_No2",
    "bom_deep_7_4_16_4_No2",
    "bom_deep_9_4_40_15_No2",
    "bom_deep_10_5_20_5_No2",
    "bom_deep_8_3_20_5_No1",
    "bom_deep_6_5_30_15_No2",
    "bom_deep_6_5_20_10_No1",
    "bom_deep_6_3_16_4_No2",
    "bom_deep_6_4_40_15_No2",
    "bom_deep_6_5_10_5_No2",
    "bom_deep_6_5_30_10_No1",
    "bom_deep_9_5_10_5_No2",
    "bom_deep_9_3_16_4_No2",
    "bom_deep_9_5_30_15_No2",
    "bom_deep_9_5_10_5_No1",
    "bom_deep_6_5_30_10_No2",
    "bom_deep_9_3_16_4_No1",
    "bom_deep_9_5_30_15_No1",
    "bom_deep_6_3_16_4_No1",
    "bom_deep_6_4_40_15_No1",
    "bom_deep_6_5_10_5_No1",
    "bom_deep_6_5_30_15_No1",
    "bom_deep_6_5_20_10_No2",
    "bom_deep_9_4_40_15_No1",
    "bom_deep_10_5_20_5_No1",
    "bom_deep_8_3_20_5_No2",
    "bom_deep_8_5_30_15_No1",
    "bom_deep_10_5_10_5_No1",
    "bom_deep_7_4_16_4_No1",
    "bom_deep_10_3_15_5_No2",
    "bom_deep_7_3_10_5_No2",
    "bom_deep_8_5_10_5_No1",
    "bom_deep_10_5_30_15_No2",
    "bom_deep_7_3_15_5_No2",
    "bom_deep_7_5_30_15_No1",
    "bom_deep_8_3_16_4_No1",
    "bom_deep_10_3_10_5_No2",
    "bom_deep_7_5_10_5_No1",
    "bom_deep_8_4_40_15_No1"
  ]
}