{
  "agent": {
    "rew_mean": 0.0,
    "rew_std": 0.0,
    "rew_best": 0.0,
    "rew_best_count": 50,
    "rew_worst": 0.0,
    "tardiness_mean": 0.0,
    "tardiness_std": 0.0,
    "tardiness_max_mean": 0.0,
    "makespan_tests": [
      3171700,
      568530,
      5894100,
      6183100,
      1727760,
      1926500,
      125040,
      3730860,
      97760,
      784800,
      2044400,
      9266500,
      3207960,
      693800,
      133843,
      45666,
      1453300,
      740160,
      3009060,
      7206600,
      1583100,
      503600,
      3406700,
      31227180,
      3225700,
      3582900,
      1894440,
      159000,
      2857800,
      1626480,
      12502800,
      1200200,
      1288800,
      9556940,
      442498,
      13623398,
      103701,
      2063300,
      6784500,
      6135615,
      99850,
      119400,
      5190800,
      6474200,
      112640,
      1594000,
      699150,
      91200,
      3317800,
      509956
    ],
    "makespan_mean": 3479781.74,
    "rew_worst_quantile_border": 0.0,
    "rew_cvar": 0.0,
    "rew_perc_good_solutions": 1.0,
    "num_tests": 50,
    "running_time": [
      0.17319893836975098,
      6.7646400928497314,
      0.4611656665802002,
      6.76282811164856,
      0.009089946746826172,
      0.14115405082702637,
      0.003921985626220703,
      0.003860950469970703,
      0.0037970542907714844,
      0.006637096405029297,
      0.09199714660644531,
      1.8026790618896484,
      0.04130697250366211,
      2.9804956912994385,
      0.008378028869628906,
      0.005890846252441406,
      0.017351865768432617,
      0.28620219230651855,
      0.01947021484375,
      7.688742160797119,
      0.0063190460205078125,
      0.597315788269043,
      1.1461212635040283,
      0.24278879165649414,
      3.500885009765625,
      1.046212911605835,
      0.33344483375549316,
      0.000186920166015625,
      3.355825901031494,
      0.009774923324584961,
      14.954902172088623,
      0.007887840270996094,
      0.017087936401367188,
      2.8882110118865967,
      2.506941795349121,
      308.7682418823242,
      0.003981113433837891,
      0.08933210372924805,
      1.7408850193023682,
      0.8451361656188965,
      0.003679037094116211,
      0.05587911605834961,
      0.43694496154785156,
      6.928989887237549,
      0.1800079345703125,
      0.14063096046447754,
      0.008210897445678711,
      0.0035262107849121094,
      0.16846799850463867,
      4.9893481731414795
    ]
  },
  "test-data-file-names": [
    "bom_deep_7_5_10_5_No2",
    "bom_deep_8_4_40_15_No2",
    "bom_deep_8_5_10_5_No2",
    "bom_deep_10_5_30_15_No1",
    "bom_deep_7_3_15_5_No1",
    "bom_deep_7_5_30_15_No2",
    "bom_deep_10_3_10_5_No1",
    "bom_deep_8_3_16_4_No2",
    "bom_deep_10_3_15_5_No1",
    "bom_deep_7_3_10_5_No1",
    "bom_deep_8_5_30_15_No2",
    "bom_deep_10_5_10_5_No2",
    "bom_deep_7_4_16_4_No2",
    "bom_deep_9_4_40_15_No2",
    "bom_deep_10_5_20_5_No2",
    "bom_deep_8_3_20_5_No1",
    "bom_deep_6_5_30_15_No2",
    "bom_deep_6_5_20_10_No1",
    "bom_deep_6_3_16_4_No2",
    "bom_deep_6_4_40_15_No2",
    "bom_deep_6_5_10_5_No2",
    "bom_deep_6_5_30_10_No1",
    "bom_deep_9_5_10_5_No2",
    "bom_deep_9_3_16_4_No2",
    "bom_deep_9_5_30_15_No2",
    "bom_deep_9_5_10_5_No1",
    "bom_deep_6_5_30_10_No2",
    "bom_deep_9_3_16_4_No1",
    "bom_deep_9_5_30_15_No1",
    "bom_deep_6_3_16_4_No1",
    "bom_deep_6_4_40_15_No1",
    "bom_deep_6_5_10_5_No1",
    "bom_deep_6_5_30_15_No1",
    "bom_deep_6_5_20_10_No2",
    "bom_deep_9_4_40_15_No1",
    "bom_deep_10_5_20_5_No1",
    "bom_deep_8_3_20_5_No2",
    "bom_deep_8_5_30_15_No1",
    "bom_deep_10_5_10_5_No1",
    "bom_deep_7_4_16_4_No1",
    "bom_deep_10_3_15_5_No2",
    "bom_deep_7_3_10_5_No2",
    "bom_deep_8_5_10_5_No1",
    "bom_deep_10_5_30_15_No2",
    "bom_deep_7_3_15_5_No2",
    "bom_deep_7_5_30_15_No1",
    "bom_deep_8_3_16_4_No1",
    "bom_deep_10_3_10_5_No2",
    "bom_deep_7_5_10_5_No1",
    "bom_deep_8_4_40_15_No1"
  ]
}