{
  "runs": [
    {
      "agent": {
        "rew_mean": 0.0,
        "rew_std": 0.0,
        "rew_best": 0.0,
        "rew_best_count": 50,
        "rew_worst": 0.0,
        "tardiness_mean": 0.0,
        "tardiness_std": 0.0,
        "tardiness_max_mean": 0.0,
        "makespan_tests": [
          42160,
          14194,
          7974,
          15955,
          29736,
          7136,
          7896,
          8156,
          8515,
          7483,
          46067,
          7009,
          7307,
          6874,
          38949,
          8520,
          15530,
          8310,
          37695,
          8133,
          37416,
          14415,
          8514,
          8217,
          8445,
          30835,
          7949,
          46143,
          14816,
          8168,
          8259,
          8171,
          8444,
          8552,
          8788,
          6951,
          7231,
          7006,
          23219,
          23842,
          38748,
          8183,
          7417,
          9032,
          7762,
          8901,
          7128,
          22979,
          14007,
          7565
        ],
        "makespan_mean": 15214.04,
        "rew_worst_quantile_border": 0.0,
        "rew_cvar": 0.0,
        "rew_perc_good_solutions": 1.0,
        "num_tests": 50,
        "running_time": [
          18.170487642288208,
          0.9765288829803467,
          0.17867302894592285,
          0.8849132061004639,
          12.080811023712158,
          0.0778510570526123,
          0.15686702728271484,
          0.19290399551391602,
          0.36641788482666016,
          0.15190982818603516,
          39.338196992874146,
          0.0641789436340332,
          0.12101602554321289,
          0.051698923110961914,
          38.428297996520996,
          0.557898998260498,
          1.0344419479370117,
          0.3217620849609375,
          40.227771043777466,
          0.30034518241882324,
          22.198705911636353,
          0.3860950469970703,
          0.5772397518157959,
          0.5871620178222656,
          0.5222349166870117,
          12.890233755111694,
          0.3436908721923828,
          38.321704149246216,
          0.8104128837585449,
          0.33064913749694824,
          0.30147314071655273,
          0.34604907035827637,
          0.5544531345367432,
          0.6161601543426514,
          0.5261764526367188,
          0.051229238510131836,
          0.0931699275970459,
          0.06572699546813965,
          9.51465916633606,
          9.29037594795227,
          5.671654939651489,
          0.19543218612670898,
          0.16547203063964844,
          0.3649098873138428,
          0.1397380828857422,
          0.606273889541626,
          0.07904601097106934,
          5.365970134735107,
          0.3246030807495117,
          0.18325185775756836
        ]
      },
      "test-data-file-names": [
        "300_4_4_860",
        "100_4_6_225",
        "50_4_6_61",
        "100_4_4_216",
        "200_6_4_575",
        "50_2_6_21",
        "50_4_4_51",
        "50_4_8_72",
        "50_6_8_112",
        "50_4_2_42",
        "300_6_6_907",
        "50_2_4_11",
        "50_2_8_32",
        "50_2_2_1",
        "250_8_2_764",
        "50_8_4_131",
        "100_4_8_240",
        "50_6_4_91",
        "250_8_6_782",
        "50_6_2_82",
        "250_6_2_721",
        "100_2_6_187",
        "50_8_6_142",
        "50_8_6_141",
        "50_8_2_122",
        "200_6_8_595",
        "50_6_6_103",
        "300_6_4_897",
        "100_4_2_203",
        "50_6_4_92",
        "50_6_2_81",
        "50_6_6_102",
        "50_8_4_132",
        "50_8_8_154",
        "50_8_2_123",
        "50_2_2_2",
        "50_2_8_31",
        "50_2_4_12",
        "150_8_6_466",
        "150_8_2_444",
        "300_2_2_806",
        "50_4_8_71",
        "50_4_4_52",
        "50_6_8_111",
        "50_4_2_41",
        "50_8_8_153",
        "50_2_6_22",
        "150_6_4_416",
        "100_2_4_173",
        "50_4_6_62"
      ]
    },
    {
      "agent": {
        "rew_mean": 0.0,
        "rew_std": 0.0,
        "rew_best": 0.0,
        "rew_best_count": 50,
        "rew_worst": 0.0,
        "tardiness_mean": 0.0,
        "tardiness_std": 0.0,
        "tardiness_max_mean": 0.0,
        "makespan_tests": [
          42192,
          14106,
          7919,
          15874,
          29742,
          7084,
          7746,
          8122,
          8421,
          7410,
          46072,
          6981,
          7378,
          6828,
          38940,
          8476,
          15418,
          8178,
          37668,
          8110,
          37422,
          14326,
          8496,
          8222,
          8414,
          30797,
          7955,
          46126,
          14598,
          8176,
          8075,
          8218,
          8427,
          8491,
          8793,
          6827,
          7236,
          6942,
          23225,
          23847,
          38701,
          8176,
          7548,
          8895,
          7663,
          8901,
          7046,
          23008,
          13827,
          7564
        ],
        "makespan_mean": 15172.14,
        "rew_worst_quantile_border": 0.0,
        "rew_cvar": 0.0,
        "rew_perc_good_solutions": 1.0,
        "num_tests": 50,
        "running_time": [
          18.211888074874878,
          1.05855393409729,
          0.20900869369506836,
          0.9882349967956543,
          12.718469858169556,
          0.09404897689819336,
          0.18961000442504883,
          0.23194503784179688,
          0.4207601547241211,
          0.167158842086792,
          40.618117809295654,
          0.07610392570495605,
          0.11453390121459961,
          0.05756115913391113,
          40.276649951934814,
          0.6302680969238281,
          1.1739771366119385,
          0.3597540855407715,
          42.25051212310791,
          0.3437178134918213,
          23.855165004730225,
          0.45858120918273926,
          0.6666197776794434,
          0.6856338977813721,
          0.6231307983398438,
          14.036412239074707,
          0.41843390464782715,
          41.30991792678833,
          0.8941199779510498,
          0.3764622211456299,
          0.36593008041381836,
          0.39807581901550293,
          0.636094331741333,
          0.7191989421844482,
          0.6005549430847168,
          0.05958890914916992,
          0.1153872013092041,
          0.07764005661010742,
          10.601176738739014,
          10.827367067337036,
          6.275761127471924,
          0.23704099655151367,
          0.19201993942260742,
          0.42165088653564453,
          0.17185187339782715,
          0.7094838619232178,
          0.09458303451538086,
          5.848457336425781,
          0.37154388427734375,
          0.2137610912322998
        ]
      },
      "test-data-file-names": [
        "300_4_4_860",
        "100_4_6_225",
        "50_4_6_61",
        "100_4_4_216",
        "200_6_4_575",
        "50_2_6_21",
        "50_4_4_51",
        "50_4_8_72",
        "50_6_8_112",
        "50_4_2_42",
        "300_6_6_907",
        "50_2_4_11",
        "50_2_8_32",
        "50_2_2_1",
        "250_8_2_764",
        "50_8_4_131",
        "100_4_8_240",
        "50_6_4_91",
        "250_8_6_782",
        "50_6_2_82",
        "250_6_2_721",
        "100_2_6_187",
        "50_8_6_142",
        "50_8_6_141",
        "50_8_2_122",
        "200_6_8_595",
        "50_6_6_103",
        "300_6_4_897",
        "100_4_2_203",
        "50_6_4_92",
        "50_6_2_81",
        "50_6_6_102",
        "50_8_4_132",
        "50_8_8_154",
        "50_8_2_123",
        "50_2_2_2",
        "50_2_8_31",
        "50_2_4_12",
        "150_8_6_466",
        "150_8_2_444",
        "300_2_2_806",
        "50_4_8_71",
        "50_4_4_52",
        "50_6_8_111",
        "50_4_2_41",
        "50_8_8_153",
        "50_2_6_22",
        "150_6_4_416",
        "100_2_4_173",
        "50_4_6_62"
      ]
    },
    {
      "agent": {
        "rew_mean": 0.0,