{
  "agent": {
    "rew_mean": 0.0,
    "rew_std": 0.0,
    "rew_best": 0.0,
    "rew_best_count": 50,
    "rew_worst": 0.0,
    "tardiness_mean": 0.0,
    "tardiness_std": 0.0,
    "tardiness_max_mean": 0.0,
    "makespan_tests": [
      42160,
      14194,
      7974,
      15955,
      29736,
      7136,
      7896,
      8156,
      8515,
      7483,
      46067,
      7009,
      7307,
      6874,
      38949,
      8520,
      15530,
      8310,
      37695,
      8133,
      37416,
      14415,
      8514,
      8217,
      8445,
      30835,
      7949,
      46143,
      14816,
      8168,
      8259,
      8171,
      8444,
      8552,
      8788,
      6951,
      7231,
      7006,
      23219,
      23842,
      38748,
      8183,
      7417,
      9032,
      7762,
      8901,
      7128,
      22979,
      14007,
      7565
    ],
    "makespan_mean": 15214.04,
    "rew_worst_quantile_border": 0.0,
    "rew_cvar": 0.0,
    "rew_perc_good_solutions": 1.0,
    "num_tests": 50,
    "running_time": [
      18.248164176940918,
      0.9511587619781494,
      0.17623305320739746,
      0.878730058670044,
      12.04527997970581,
      0.07819008827209473,
      0.1587529182434082,
      0.19361281394958496,
      0.3604452610015869,
      0.14452815055847168,
      38.67592191696167,
      0.0638117790222168,
      0.09209108352661133,
      0.05008196830749512,
      39.81279802322388,
      0.5583131313323975,
      1.0265610218048096,
      0.32187390327453613,
      39.91529202461243,
      0.29905223846435547,
      22.480395078659058,
      0.5036830902099609,
      0.5869152545928955,
      0.5870997905731201,
      0.5284709930419922,
      13.390734910964966,
      0.34195518493652344,
      39.12065887451172,
      0.8110349178314209,
      0.33931994438171387,
      0.2948489189147949,
      0.34126996994018555,
      0.568248987197876,
      0.6224479675292969,
      0.5524687767028809,
      0.05135083198547363,
      0.093109130859375,
      0.06676077842712402,
      9.62953495979309,
      9.34433388710022,
      5.851325988769531,
      0.19849300384521484,
      0.16779589653015137,
      0.3631932735443115,
      0.20823192596435547,
      0.744879961013794,
      0.07912421226501465,
      5.840415000915527,
      0.325441837310791,
      0.18462586402893066
    ]
  },
  "test-data-file-names": [
    "300_4_4_860",
    "100_4_6_225",
    "50_4_6_61",
    "100_4_4_216",
    "200_6_4_575",
    "50_2_6_21",
    "50_4_4_51",
    "50_4_8_72",
    "50_6_8_112",
    "50_4_2_42",
    "300_6_6_907",
    "50_2_4_11",
    "50_2_8_32",
    "50_2_2_1",
    "250_8_2_764",
    "50_8_4_131",
    "100_4_8_240",
    "50_6_4_91",
    "250_8_6_782",
    "50_6_2_82",
    "250_6_2_721",
    "100_2_6_187",
    "50_8_6_142",
    "50_8_6_141",
    "50_8_2_122",
    "200_6_8_595",
    "50_6_6_103",
    "300_6_4_897",
    "100_4_2_203",
    "50_6_4_92",
    "50_6_2_81",
    "50_6_6_102",
    "50_8_4_132",
    "50_8_8_154",
    "50_8_2_123",
    "50_2_2_2",
    "50_2_8_31",
    "50_2_4_12",
    "150_8_6_466",
    "150_8_2_444",
    "300_2_2_806",
    "50_4_8_71",
    "50_4_4_52",
    "50_6_8_111",
    "50_4_2_41",
    "50_8_8_153",
    "50_2_6_22",
    "150_6_4_416",
    "100_2_4_173",
    "50_4_6_62"
  ]
}