{
  "agent": {
    "rew_mean": 0.0,
    "rew_std": 0.0,
    "rew_best": 0.0,
    "rew_best_count": 50,
    "rew_worst": 0.0,
    "tardiness_mean": 0.0,
    "tardiness_std": 0.0,
    "tardiness_max_mean": 0.0,
    "makespan_tests": [
      34951,
      11754,
      6851,
      13091,
      25569,
      5908,
      6824,
      6885,
      7430,
      6244,
      39577,
      5876,
      6554,
      5888,
      33035,
      7361,
      12742,
      7181,
      34155,
      7325,
      31228,
      12125,
      7421,
      7329,
      7288,
      26723,
      6651,
      39987,
      11876,
      7355,
      7098,
      7446,
      7312,
      7812,
      7897,
      6242,
      5922,
      6246,
      20316,
      21321,
      33933,
      6929,
      6301,
      8111,
      6778,
      8165,
      6268,
      19334,
      11772,
      6457
    ],
    "makespan_mean": 13096.88,
    "rew_worst_quantile_border": 0.0,
    "rew_cvar": 0.0,
    "rew_perc_good_solutions": 1.0,
    "num_tests": 50,
    "running_time": [
      20.04922914505005,
      1.04190993309021,
      0.1822831630706787,
      0.9407141208648682,
      12.920965909957886,
      0.07336020469665527,
      0.1726691722869873,
      0.18611574172973633,
      0.3857426643371582,
      0.15842413902282715,
      42.62768530845642,
      0.06621003150939941,
      0.07609319686889648,
      0.05550813674926758,
      40.66581678390503,
      0.6113889217376709,
      1.0528342723846436,
      0.3489253520965576,
      42.86378598213196,
      0.33144283294677734,
      23.792664051055908,
      0.3856079578399658,
      0.610457181930542,
      0.6151101589202881,
      0.5695888996124268,
      13.352971076965332,
      0.3667929172515869,
      41.721790075302124,
      0.9064908027648926,
      0.3465251922607422,
      0.3341550827026367,
      0.36380696296691895,
      0.5994341373443604,
      0.635918140411377,
      0.5679402351379395,
      0.05721783638000488,
      0.08289813995361328,
      0.0705881118774414,
      10.165188074111938,
      9.72033166885376,
      6.122948169708252,
      0.19515323638916016,
      0.16996526718139648,
      0.37308812141418457,
      0.16068601608276367,
      0.6491992473602295,
      0.07265090942382812,
      5.756786108016968,
      0.3425900936126709,
      0.17603087425231934
    ]
  },
  "test-data-file-names": [
    "300_4_4_860",
    "100_4_6_225",
    "50_4_6_61",
    "100_4_4_216",
    "200_6_4_575",
    "50_2_6_21",
    "50_4_4_51",
    "50_4_8_72",
    "50_6_8_112",
    "50_4_2_42",
    "300_6_6_907",
    "50_2_4_11",
    "50_2_8_32",
    "50_2_2_1",
    "250_8_2_764",
    "50_8_4_131",
    "100_4_8_240",
    "50_6_4_91",
    "250_8_6_782",
    "50_6_2_82",
    "250_6_2_721",
    "100_2_6_187",
    "50_8_6_142",
    "50_8_6_141",
    "50_8_2_122",
    "200_6_8_595",
    "50_6_6_103",
    "300_6_4_897",
    "100_4_2_203",
    "50_6_4_92",
    "50_6_2_81",
    "50_6_6_102",
    "50_8_4_132",
    "50_8_8_154",
    "50_8_2_123",
    "50_2_2_2",
    "50_2_8_31",
    "50_2_4_12",
    "150_8_6_466",
    "150_8_2_444",
    "300_2_2_806",
    "50_4_8_71",
    "50_4_4_52",
    "50_6_8_111",
    "50_4_2_41",
    "50_8_8_153",
    "50_2_6_22",
    "150_6_4_416",
    "100_2_4_173",
    "50_4_6_62"
  ]
}