{
  "agent": {
    "rew_mean": 0.0,
    "rew_std": 0.0,
    "rew_best": 0.0,
    "rew_best_count": 50,
    "rew_worst": 0.0,
    "tardiness_mean": 0.0,
    "tardiness_std": 0.0,
    "tardiness_max_mean": 0.0,
    "makespan_tests": [
      35034,
      11787,
      6851,
      13002,
      25569,
      5894,
      6800,
      6885,
      7430,
      6181,
      39577,
      5874,
      6510,
      5888,
      33035,
      7361,
      12741,
      7181,
      34155,
      7325,
      31228,
      12113,
      7421,
      7329,
      7288,
      26723,
      6681,
      39987,
      11869,
      7355,
      7098,
      7446,
      7312,
      7812,
      7897,
      6217,
      5958,
      6243,
      20316,
      21321,
      33782,
      6878,
      6351,
      8111,
      6731,
      8165,
      6263,
      19334,
      11738,
      6457
    ],
    "makespan_mean": 13090.08,
    "rew_worst_quantile_border": 0.0,
    "rew_cvar": 0.0,
    "rew_perc_good_solutions": 1.0,
    "num_tests": 50,
    "running_time": [
      25.29498791694641,
      1.7275099754333496,
      0.3463571071624756,
      1.5842177867889404,
      18.184939861297607,
      0.15503501892089844,
      0.33362722396850586,
      0.3613770008087158,
      0.6847381591796875,
      0.301023006439209,
      53.92860412597656,
      0.13840794563293457,
      0.16065502166748047,
      0.11263322830200195,
      54.02425289154053,
      1.1138508319854736,
      1.829793930053711,
      0.6470861434936523,
      704.3721222877502,
      0.6218078136444092,
      32.20107913017273,
      0.7276909351348877,
      1.1421730518341064,
      1.2487208843231201,
      1.0877649784088135,
      19.655592918395996,
      0.7061448097229004,
      53.77210593223572,
      1.507993221282959,
      0.6533589363098145,
      0.628058910369873,
      0.6687769889831543,
      1.1100268363952637,
      1.1913909912109375,
      1.0823590755462646,
      0.11112785339355469,
      0.1611320972442627,
      0.1389310359954834,
      15.810213804244995,
      14.689021110534668,
      8.409751892089844,
      0.36810994148254395,
      0.32553768157958984,
      0.7280077934265137,
      0.3211367130279541,
      1.2028717994689941,
      0.15985584259033203,
      8.964853048324585,
      0.6408812999725342,
      0.34349489212036133
    ]
  },
  "test-data-file-names": [
    "300_4_4_860",
    "100_4_6_225",
    "50_4_6_61",
    "100_4_4_216",
    "200_6_4_575",
    "50_2_6_21",
    "50_4_4_51",
    "50_4_8_72",
    "50_6_8_112",
    "50_4_2_42",
    "300_6_6_907",
    "50_2_4_11",
    "50_2_8_32",
    "50_2_2_1",
    "250_8_2_764",
    "50_8_4_131",
    "100_4_8_240",
    "50_6_4_91",
    "250_8_6_782",
    "50_6_2_82",
    "250_6_2_721",
    "100_2_6_187",
    "50_8_6_142",
    "50_8_6_141",
    "50_8_2_122",
    "200_6_8_595",
    "50_6_6_103",
    "300_6_4_897",
    "100_4_2_203",
    "50_6_4_92",
    "50_6_2_81",
    "50_6_6_102",
    "50_8_4_132",
    "50_8_8_154",
    "50_8_2_123",
    "50_2_2_2",
    "50_2_8_31",
    "50_2_4_12",
    "150_8_6_466",
    "150_8_2_444",
    "300_2_2_806",
    "50_4_8_71",
    "50_4_4_52",
    "50_6_8_111",
    "50_4_2_41",
    "50_8_8_153",
    "50_2_6_22",
    "150_6_4_416",
    "100_2_4_173",
    "50_4_6_62"
  ]
}