{
  "runs": [
    {
      "agent": {
        "rew_mean": 0.0,
        "rew_std": 0.0,
        "rew_best": 0.0,
        "rew_best_count": 50,
        "rew_worst": 0.0,
        "tardiness_mean": 0.0,
        "tardiness_std": 0.0,
        "tardiness_max_mean": 0.0,
        "makespan_tests": [
          34951,
          11754,
          6851,
          13091,
          25569,
          5908,
          6824,
          6885,
          7430,
          6244,
          39577,
          5876,
          6554,
          5888,
          33035,
          7361,
          12742,
          7181,
          34155,
          7325,
          31228,
          12125,
          7421,
          7329,
          7288,
          26723,
          6651,
          39987,
          11876,
          7355,
          7098,
          7446,
          7312,
          7812,
          7897,
          6242,
          5922,
          6246,
          20316,
          21321,
          33933,
          6929,
          6301,
          8111,
          6778,
          8165,
          6268,
          19334,
          11772,
          6457
        ],
        "makespan_mean": 13096.88,
        "rew_worst_quantile_border": 0.0,
        "rew_cvar": 0.0,
        "rew_perc_good_solutions": 1.0,
        "num_tests": 50,
        "running_time": [
          19.136401176452637,
          1.0237019062042236,
          0.17944812774658203,
          0.9341127872467041,
          13.120105981826782,
          0.07286214828491211,
          0.17364287376403809,
          0.1904442310333252,
          0.3784303665161133,
          0.16180992126464844,
          44.04376482963562,
          0.07875680923461914,
          0.07832598686218262,
          0.05659794807434082,
          41.83761811256409,
          0.6017589569091797,
          1.045064926147461,
          0.34989380836486816,
          41.58358287811279,
          0.3244130611419678,
          23.877099990844727,
          0.3778097629547119,
          0.6116180419921875,
          0.6297910213470459,
          0.6244020462036133,
          13.569355964660645,
          0.36658501625061035,
          40.944220781326294,
          0.8908500671386719,
          0.33992910385131836,
          0.3320040702819824,
          0.3557627201080322,
          0.5927739143371582,
          0.6361815929412842,
          0.5686311721801758,
          0.05586600303649902,
          0.07691287994384766,
          0.0655519962310791,
          10.073415994644165,
          9.786494970321655,
          6.1212379932403564,
          0.1905651092529297,
          0.16976213455200195,
          0.3758430480957031,
          0.1588742733001709,
          0.6238939762115479,
          0.07202291488647461,
          5.76134991645813,
          0.3387730121612549,
          0.17502212524414062
        ]
      },
      "test-data-file-names": [
        "300_4_4_860",
        "100_4_6_225",
        "50_4_6_61",
        "100_4_4_216",
        "200_6_4_575",
        "50_2_6_21",
        "50_4_4_51",
        "50_4_8_72",
        "50_6_8_112",
        "50_4_2_42",
        "300_6_6_907",
        "50_2_4_11",
        "50_2_8_32",
        "50_2_2_1",
        "250_8_2_764",
        "50_8_4_131",
        "100_4_8_240",
        "50_6_4_91",
        "250_8_6_782",
        "50_6_2_82",
        "250_6_2_721",
        "100_2_6_187",
        "50_8_6_142",
        "50_8_6_141",
        "50_8_2_122",
        "200_6_8_595",
        "50_6_6_103",
        "300_6_4_897",
        "100_4_2_203",
        "50_6_4_92",
        "50_6_2_81",
        "50_6_6_102",
        "50_8_4_132",
        "50_8_8_154",
        "50_8_2_123",
        "50_2_2_2",
        "50_2_8_31",
        "50_2_4_12",
        "150_8_6_466",
        "150_8_2_444",
        "300_2_2_806",
        "50_4_8_71",
        "50_4_4_52",
        "50_6_8_111",
        "50_4_2_41",
        "50_8_8_153",
        "50_2_6_22",
        "150_6_4_416",
        "100_2_4_173",
        "50_4_6_62"
      ]
    },
    {
      "agent": {
        "rew_mean": 0.0,
        "rew_std": 0.0,
        "rew_best": 0.0,
        "rew_best_count": 50,
        "rew_worst": 0.0,
        "tardiness_mean": 0.0,
        "tardiness_std": 0.0,
        "tardiness_max_mean": 0.0,
        "makespan_tests": [
          34951,
          11754,
          6851,
          13091,
          25569,
          5908,
          6824,
          6885,
          7430,
          6244,
          39577,
          5876,
          6554,
          5888,
          33035,
          7361,
          12742,
          7181,
          34155,
          7325,
          31228,
          12125,
          7421,
          7329,
          7288,
          26723,
          6651,
          39987,
          11876,
          7355,
          7098,
          7446,
          7312,
          7812,
          7897,
          6242,
          5922,
          6246,
          20316,
          21321,
          33933,
          6929,
          6301,
          8111,
          6778,
          8165,
          6268,
          19334,
          11772,
          6457
        ],
        "makespan_mean": 13096.88,
        "rew_worst_quantile_border": 0.0,
        "rew_cvar": 0.0,
        "rew_perc_good_solutions": 1.0,
        "num_tests": 50,
        "running_time": [
          18.815356969833374,
          0.9881350994110107,
          0.1803271770477295,
          0.9240009784698486,
          12.808428049087524,
          0.07258796691894531,
          0.16873764991760254,
          0.18795180320739746,
          0.3662548065185547,
          0.15923571586608887,
          42.101996183395386,
          0.11184310913085938,
          0.10761785507202148,
          0.07134270668029785,
          41.60093379020691,
          0.6608297824859619,
          1.108252763748169,
          0.35887932777404785,
          42.278116941452026,
          0.32264089584350586,
          23.493311882019043,
          0.3906521797180176,
          0.6189742088317871,
          0.6195440292358398,
          0.5863461494445801,
          13.524658918380737,
          0.3688931465148926,
          41.79181623458862,
          0.8889210224151611,
          0.34383511543273926,
          0.340731143951416,
          0.36862802505493164,
          0.7156789302825928,
          0.7000901699066162,
          0.5929222106933594,
          0.057102203369140625,
          0.14685297012329102,
          0.06726980209350586,
          10.36775803565979,
          10.126601934432983,
          7.053792953491211,
          0.28824305534362793,
          0.28165626525878906,
          0.3939061164855957,
          0.20015597343444824,
          0.7984580993652344,
          0.07231283187866211,
          6.330727815628052,
          0.38047289848327637,
          0.2510242462158203
        ]
      },
      "test-data-file-names": [
        "300_4_4_860",
        "100_4_6_225",
        "50_4_6_61",
        "100_4_4_216",
        "200_6_4_575",
        "50_2_6_21",
        "50_4_4_51",
        "50_4_8_72",
        "50_6_8_112",
        "50_4_2_42",
        "300_6_6_907",
        "50_2_4_11",
        "50_2_8_32",
        "50_2_2_1",
        "250_8_2_764",
        "50_8_4_131",
        "100_4_8_240",
        "50_6_4_91",
        "250_8_6_782",
        "50_6_2_82",
        "250_6_2_721",
        "100_2_6_187",
        "50_8_6_142",
        "50_8_6_141",
        "50_8_2_122",
        "200_6_8_595",
        "50_6_6_103",
        "300_6_4_897",
        "100_4_2_203",
        "50_6_4_92",
        "50_6_2_81",
        "50_6_6_102",
        "50_8_4_132",
        "50_8_8_154",
        "50_8_2_123",
        "50_2_2_2",
        "50_2_8_31",
        "50_2_4_12",
        "150_8_6_466",
        "150_8_2_444",
        "300_2_2_806",
        "50_4_8_71",
        "50_4_4_52",
        "50_6_8_111",
        "50_4_2_41",
        "50_8_8_153",
        "50_2_6_22",
        "150_6_4_416",
        "100_2_4_173",
        "50_4_6_62"
      ]
    },
    {
      "agent": {
        "rew_mean": 0.0,