{
  "agent": {
    "rew_mean": 0.0,
    "rew_std": 0.0,
    "rew_best": 0.0,
    "rew_best_count": 50,
    "rew_worst": 0.0,
    "tardiness_mean": 0.0,
    "tardiness_std": 0.0,
    "tardiness_max_mean": 0.0,
    "makespan_tests": [
      42192,
      14180,
      7922,
      15874,
      29742,
      7001,
      7751,
      8130,
      8509,
      7490,
      46072,
      6911,
      7378,
      6771,
      38940,
      8476,
      15418,
      8388,
      37668,
      8101,
      37423,
      14421,
      8499,
      8224,
      8387,
      30797,
      7955,
      46111,
      14594,
      8176,
      8266,
      8218,
      8428,
      8491,
      8795,
      6827,
      7165,
      6942,
      23225,
      23847,
      38701,
      8176,
      7423,
      8895,
      7667,
      8901,
      7046,
      23002,
      13827,
      7572
    ],
    "makespan_mean": 15178.3,
    "rew_worst_quantile_border": 0.0,
    "rew_cvar": 0.0,
    "rew_perc_good_solutions": 1.0,
    "num_tests": 50,
    "running_time": [
      25.23075008392334,
      1.929260015487671,
      0.40059399604797363,
      1.6655621528625488,
      18.04799723625183,
      0.20521283149719238,
      0.34917402267456055,
      0.45493030548095703,
      0.7580990791320801,
      0.2986938953399658,
      53.55357480049133,
      0.16135382652282715,
      0.2589380741119385,
      0.1114349365234375,
      51.98846888542175,
      1.0873541831970215,
      2.0589568614959717,
      0.6551189422607422,
      55.36259317398071,
      0.6061971187591553,
      30.209218740463257,
      0.8644428253173828,
      1.168159008026123,
      1.1779818534851074,
      1.0390141010284424,
      19.665125846862793,
      0.7203521728515625,
      51.57195496559143,
      1.4332799911499023,
      0.6572930812835693,
      0.5979077816009521,
      0.7246460914611816,
      1.09824800491333,
      1.2233240604400635,
      1.0315592288970947,
      0.1087491512298584,
      0.25435590744018555,
      0.15543127059936523,
      15.068947076797485,
      14.33145809173584,
      7.9952592849731445,
      0.46170496940612793,
      0.3649311065673828,
      0.7757151126861572,
      0.29929590225219727,
      1.226860761642456,
      0.20657896995544434,
      8.561572074890137,
      0.6955010890960693,
      0.4467489719390869
    ]
  },
  "test-data-file-names": [
    "300_4_4_860",
    "100_4_6_225",
    "50_4_6_61",
    "100_4_4_216",
    "200_6_4_575",
    "50_2_6_21",
    "50_4_4_51",
    "50_4_8_72",
    "50_6_8_112",
    "50_4_2_42",
    "300_6_6_907",
    "50_2_4_11",
    "50_2_8_32",
    "50_2_2_1",
    "250_8_2_764",
    "50_8_4_131",
    "100_4_8_240",
    "50_6_4_91",
    "250_8_6_782",
    "50_6_2_82",
    "250_6_2_721",
    "100_2_6_187",
    "50_8_6_142",
    "50_8_6_141",
    "50_8_2_122",
    "200_6_8_595",
    "50_6_6_103",
    "300_6_4_897",
    "100_4_2_203",
    "50_6_4_92",
    "50_6_2_81",
    "50_6_6_102",
    "50_8_4_132",
    "50_8_8_154",
    "50_8_2_123",
    "50_2_2_2",
    "50_2_8_31",
    "50_2_4_12",
    "150_8_6_466",
    "150_8_2_444",
    "300_2_2_806",
    "50_4_8_71",
    "50_4_4_52",
    "50_6_8_111",
    "50_4_2_41",
    "50_8_8_153",
    "50_2_6_22",
    "150_6_4_416",
    "100_2_4_173",
    "50_4_6_62"
  ]
}