{
  "agent": {
    "rew_mean": 0.0,
    "rew_std": 0.0,
    "rew_best": 0.0,
    "rew_best_count": 50,
    "rew_worst": 0.0,
    "tardiness_mean": 0.0,
    "tardiness_std": 0.0,
    "tardiness_max_mean": 0.0,
    "makespan_tests": [
      18380,
      566224,
      16280,
      119400,
      21670,
      27104,
      224400,
      53352,
      3603700,
      85900,
      14265,
      323460,
      688700,
      45400,
      190798,
      611300,
      4754480,
      5571300,
      601280,
      2270200,
      796800,
      1221750,
      86820,
      319020,
      850000,
      854400,
      855900,
      1081120,
      609600,
      744220,
      2392000,
      772600,
      56355,
      72872,
      604000,
      105004,
      494760,
      149140,
      498940,
      713500,
      257868,
      3554000,
      24600,
      17852,
      4488140,
      20472,
      118500,
      49544,
      15960,
      175300
    ],
    "makespan_mean": 836172.6,
    "rew_worst_quantile_border": 0.0,
    "rew_cvar": 0.0,
    "rew_perc_good_solutions": 1.0,
    "num_tests": 50,
    "running_time": [
      0.002572774887084961,
      0.14937186241149902,
      0.003098011016845703,
      0.003509998321533203,
      0.001711130142211914,
      0.0026907920837402344,
      0.0021750926971435547,
      0.004352092742919922,
      0.2518332004547119,
      0.013486146926879883,
      0.001689910888671875,
      0.07994723320007324,
      0.020728111267089844,
      0.011082887649536133,
      0.007605314254760742,
      0.014172077178955078,
      0.32225513458251953,
      0.06940078735351562,
      0.07084989547729492,
      0.7432057857513428,
      0.025637149810791016,
      0.0061070919036865234,
      0.02107691764831543,
      0.1248481273651123,
      0.17419075965881348,
      0.0408473014831543,
      0.04073500633239746,
      0.039420127868652344,
      0.13210701942443848,
      0.3729870319366455,
      0.7490317821502686,
      0.025470972061157227,
      0.004043102264404297,
      0.017261981964111328,
      0.014492034912109375,
      0.045246124267578125,
      0.14399123191833496,
      0.07331514358520508,
      0.015768051147460938,
      0.021194934844970703,
      0.012705087661743164,
      0.2641117572784424,
      0.0009038448333740234,
      0.0009920597076416016,
      1.2064030170440674,
      0.001247406005859375,
      0.003548860549926758,
      0.022823095321655273,
      0.002129793167114258,
      0.002315044403076172
    ]
  },
  "test-data-file-names": [
    "bom_wide_2_7_20_5_No1",
    "bom_wide_5_9_15_5_No1",
    "bom_wide_2_7_20_10_No1",
    "bom_wide_2_10_30_15_No2",
    "bom_wide_2_11_13_5_No2",
    "bom_wide_2_9_10_5_No1",
    "bom_wide_2_10_10_5_No2",
    "bom_wide_4_6_16_4_No1",
    "bom_wide_5_10_10_5_No1",
    "bom_wide_3_7_10_5_No1",
    "bom_wide_3_5_16_4_No1",
    "bom_wide_5_6_20_4_No2",
    "bom_wide_3_10_30_15_No2",
    "bom_wide_3_7_15_5_No1",
    "bom_wide_3_8_15_5_No2",
    "bom_wide_3_10_10_5_No2",
    "bom_wide_5_3_10_5_No1",
    "bom_wide_4_8_10_5_No2",
    "bom_wide_5_8_20_5_No2",
    "bom_wide_5_10_30_15_No2",
    "bom_wide_4_10_10_5_No1",
    "bom_wide_5_4_16_4_No2",
    "bom_wide_3_9_15_5_No1",
    "bom_wide_4_7_12_5_No1",
    "bom_wide_4_6_40_15_No1",
    "bom_wide_4_10_30_15_No2",
    "bom_wide_4_10_30_15_No1",
    "bom_wide_4_7_12_5_No2",
    "bom_wide_4_6_40_15_No2",
    "bom_wide_5_8_20_5_No1",
    "bom_wide_5_10_30_15_No1",
    "bom_wide_4_10_10_5_No2",
    "bom_wide_5_4_16_4_No1",
    "bom_wide_3_9_15_5_No2",
    "bom_wide_3_10_10_5_No1",
    "bom_wide_3_8_15_5_No1",
    "bom_wide_5_3_10_5_No2",
    "bom_wide_4_8_10_5_No1",
    "bom_wide_5_6_20_4_No1",
    "bom_wide_3_10_30_15_No1",
    "bom_wide_4_6_16_4_No2",
    "bom_wide_5_10_10_5_No2",
    "bom_wide_3_5_16_4_No2",
    "bom_wide_2_7_20_5_No2",
    "bom_wide_5_9_15_5_No2",
    "bom_wide_2_7_20_10_No2",
    "bom_wide_2_10_30_15_No1",
    "bom_wide_2_11_13_5_No1",
    "bom_wide_2_9_10_5_No2",
    "bom_wide_2_10_10_5_No1"
  ]
}