{
  "runs": [
    {
      "agent": {
        "rew_mean": 0.0,
        "rew_std": 0.0,
        "rew_best": 0.0,
        "rew_best_count": 50,
        "rew_worst": 0.0,
        "tardiness_mean": 0.0,
        "tardiness_std": 0.0,
        "tardiness_max_mean": 0.0,
        "makespan_tests": [
          21080,
          574868,
          15760,
          111600,
          30640,
          24792,
          219500,
          49800,
          3621500,
          83500,
          14265,
          323460,
          660700,
          44740,
          227441,
          689100,
          4739480,
          5765215,
          546260,
          2270200,
          796800,
          1221750,
          75884,
          311280,
          846400,
          834600,
          855900,
          1080025,
          524800,
          735400,
          2392000,
          887000,
          56355,
          66692,
          617200,
          100672,
          493760,
          148280,
          498940,
          669500,
          333764,
          3535000,
          24600,
          17480,
          4484960,
          25092,
          111300,
          44272,
          15114,
          177800
        ],
        "makespan_mean": 840330.42,
        "rew_worst_quantile_border": 0.0,
        "rew_cvar": 0.0,
        "rew_perc_good_solutions": 1.0,
        "num_tests": 50,
        "running_time": [
          0.0025408267974853516,
          0.14728498458862305,
          0.0029649734497070312,
          0.0033538341522216797,
          0.0017268657684326172,
          0.0026750564575195312,
          0.002122163772583008,
          0.004376888275146484,
          0.24810791015625,
          0.013659954071044922,
          0.001699209213256836,
          0.07527709007263184,
          0.020035266876220703,
          0.011284351348876953,
          0.00745701789855957,
          0.013948917388916016,
          0.3068671226501465,
          0.06546473503112793,
          0.06929993629455566,
          0.7224829196929932,
          0.025011301040649414,
          0.005740165710449219,
          0.020330190658569336,
          0.1264481544494629,
          0.16698813438415527,
          0.03948092460632324,
          0.041732072830200195,
          0.03966712951660156,
          0.127396821975708,
          0.3653597831726074,
          0.7098860740661621,
          0.024918794631958008,
          0.0037178993225097656,
          0.016275882720947266,
          0.013988018035888672,
          0.04435300827026367,
          0.1379561424255371,
          0.07242393493652344,
          0.015636920928955078,
          0.020433902740478516,
          0.012106895446777344,
          0.2458188533782959,
          0.0008828639984130859,
          0.0009770393371582031,
          1.1445648670196533,
          0.0012328624725341797,
          0.003345966339111328,
          0.02199411392211914,
          0.002052783966064453,
          0.002196788787841797
        ]
      },
      "test-data-file-names": [
        "bom_wide_2_7_20_5_No1",
        "bom_wide_5_9_15_5_No1",
        "bom_wide_2_7_20_10_No1",
        "bom_wide_2_10_30_15_No2",
        "bom_wide_2_11_13_5_No2",
        "bom_wide_2_9_10_5_No1",
        "bom_wide_2_10_10_5_No2",
        "bom_wide_4_6_16_4_No1",
        "bom_wide_5_10_10_5_No1",
        "bom_wide_3_7_10_5_No1",
        "bom_wide_3_5_16_4_No1",
        "bom_wide_5_6_20_4_No2",
        "bom_wide_3_10_30_15_No2",
        "bom_wide_3_7_15_5_No1",
        "bom_wide_3_8_15_5_No2",
        "bom_wide_3_10_10_5_No2",
        "bom_wide_5_3_10_5_No1",
        "bom_wide_4_8_10_5_No2",
        "bom_wide_5_8_20_5_No2",
        "bom_wide_5_10_30_15_No2",
        "bom_wide_4_10_10_5_No1",
        "bom_wide_5_4_16_4_No2",
        "bom_wide_3_9_15_5_No1",
        "bom_wide_4_7_12_5_No1",
        "bom_wide_4_6_40_15_No1",
        "bom_wide_4_10_30_15_No2",
        "bom_wide_4_10_30_15_No1",
        "bom_wide_4_7_12_5_No2",
        "bom_wide_4_6_40_15_No2",
        "bom_wide_5_8_20_5_No1",
        "bom_wide_5_10_30_15_No1",
        "bom_wide_4_10_10_5_No2",
        "bom_wide_5_4_16_4_No1",
        "bom_wide_3_9_15_5_No2",
        "bom_wide_3_10_10_5_No1",
        "bom_wide_3_8_15_5_No1",
        "bom_wide_5_3_10_5_No2",
        "bom_wide_4_8_10_5_No1",
        "bom_wide_5_6_20_4_No1",
        "bom_wide_3_10_30_15_No1",
        "bom_wide_4_6_16_4_No2",
        "bom_wide_5_10_10_5_No2",
        "bom_wide_3_5_16_4_No2",
        "bom_wide_2_7_20_5_No2",
        "bom_wide_5_9_15_5_No2",
        "bom_wide_2_7_20_10_No2",
        "bom_wide_2_10_30_15_No1",
        "bom_wide_2_11_13_5_No1",
        "bom_wide_2_9_10_5_No2",
        "bom_wide_2_10_10_5_No1"
      ]
    },
    {
      "agent": {
        "rew_mean": 0.0,
        "rew_std": 0.0,
        "rew_best": 0.0,
        "rew_best_count": 50,
        "rew_worst": 0.0,
        "tardiness_mean": 0.0,
        "tardiness_std": 0.0,
        "tardiness_max_mean": 0.0,
        "makespan_tests": [
          21080,
          574868,
          15760,
          111600,
          30640,
          24792,
          219500,
          49800,
          3621500,
          83500,
          14265,
          323460,
          660700,
          44740,
          227441,
          689100,
          4739480,
          5765215,
          546260,
          2270200,
          796800,
          1221750,
          75884,
          311280,
          846400,
          834600,
          855900,
          1080025,
          524800,
          735400,
          2392000,
          887000,
          56355,
          66692,
          617200,
          100672,
          493760,
          148280,
          498940,
          669500,
          333764,
          3535000,
          24600,
          17480,
          4484960,
          25092,
          111300,
          44272,
          15114,
          177800
        ],
        "makespan_mean": 840330.42,
        "rew_worst_quantile_border": 0.0,
        "rew_cvar": 0.0,
        "rew_perc_good_solutions": 1.0,
        "num_tests": 50,
        "running_time": [
          0.002531290054321289,
          0.149367094039917,
          0.002969026565551758,
          0.003371000289916992,
          0.0017118453979492188,
          0.0026590824127197266,
          0.0021119117736816406,
          0.004357099533081055,
          0.24333691596984863,
          0.013624906539916992,
          0.00167083740234375,
          0.07784914970397949,
          0.021347999572753906,
          0.011437177658081055,
          0.007678031921386719,
          0.014132022857666016,
          0.3089938163757324,
          0.0641930103302002,
          0.06769776344299316,
          0.703010082244873,
          0.024457931518554688,
          0.005616188049316406,
          0.019901752471923828,
          0.12769508361816406,
          0.16568589210510254,
          0.03927874565124512,
          0.039093017578125,
          0.037294864654541016,
          0.12512421607971191,
          0.37194108963012695,
          0.7092938423156738,
          0.02504897117614746,
          0.0037450790405273438,
          0.016393184661865234,
          0.01406097412109375,
          0.044223785400390625,
          0.1438438892364502,
          0.07232189178466797,
          0.015482902526855469,
          0.020350933074951172,
          0.012289047241210938,
          0.2526841163635254,
          0.0008728504180908203,
          0.0009610652923583984,
          1.1363022327423096,
          0.0012328624725341797,
          0.003406047821044922,
          0.021825790405273438,
          0.0020720958709716797,
          0.0021772384643554688
        ]
      },