{
  "agent": {
    "rew_mean": 0.0,
    "rew_std": 0.0,
    "rew_best": 0.0,
    "rew_best_count": 50,
    "rew_worst": 0.0,
    "tardiness_mean": 0.0,
    "tardiness_std": 0.0,
    "tardiness_max_mean": 0.0,
    "makespan_tests": [
      21120,
      662388,
      18200,
      112200,
      30640,
      31944,
      249700,
      51144,
      3868600,
      89640,
      14265,
      323460,
      686500,
      48480,
      227441,
      832400,
      5467800,
      5907650,
      619700,
      2316000,
      966100,
      1221750,
      90436,
      349440,
      913400,
      847400,
      872500,
      1283915,
      739200,
      761740,
      2477200,
      948600,
      56355,
      74004,
      745600,
      126888,
      597320,
      198980,
      498940,
      702300,
      344564,
      4043200,
      24600,
      17480,
      5366200,
      16992,
      111300,
      60884,
      22818,
      196900
    ],
    "makespan_mean": 925125.56,
    "rew_worst_quantile_border": 0.0,
    "rew_cvar": 0.0,
    "rew_perc_good_solutions": 1.0,
    "num_tests": 50,
    "running_time": [
      0.013959884643554688,
      0.8985426425933838,
      0.02170395851135254,
      0.02976703643798828,
      0.008069753646850586,
      0.016023874282836914,
      0.01070094108581543,
      0.018776893615722656,
      1.8477733135223389,
      0.0941629409790039,
      0.007027864456176758,
      0.5385549068450928,
      0.1747419834136963,
      0.06620097160339355,
      0.03985786437988281,
      0.08773493766784668,
      3.3251171112060547,
      0.426969051361084,
      0.3616199493408203,
      7.6397669315338135,
      0.12641501426696777,
      0.029938936233520508,
      0.12119102478027344,
      1.0000989437103271,
      1.819343090057373,
      0.3126950263977051,
      0.3165290355682373,
      0.3607180118560791,
      1.4563908576965332,
      2.505521297454834,
      7.66532301902771,
      0.1380329132080078,
      0.012280941009521484,
      0.10213422775268555,
      0.0922539234161377,
      0.26406407356262207,
      1.060227870941162,
      0.531440019607544,
      0.06120109558105469,
      0.18233513832092285,
      0.0468449592590332,
      1.8560049533843994,
      0.0033948421478271484,
      0.004732847213745117,
      9.988270998001099,
      0.008260250091552734,
      0.027154922485351562,
      0.15225791931152344,
      0.011917829513549805,
      0.012646198272705078
    ]
  },
  "test-data-file-names": [
    "bom_wide_2_7_20_5_No1",
    "bom_wide_5_9_15_5_No1",
    "bom_wide_2_7_20_10_No1",
    "bom_wide_2_10_30_15_No2",
    "bom_wide_2_11_13_5_No2",
    "bom_wide_2_9_10_5_No1",
    "bom_wide_2_10_10_5_No2",
    "bom_wide_4_6_16_4_No1",
    "bom_wide_5_10_10_5_No1",
    "bom_wide_3_7_10_5_No1",
    "bom_wide_3_5_16_4_No1",
    "bom_wide_5_6_20_4_No2",
    "bom_wide_3_10_30_15_No2",
    "bom_wide_3_7_15_5_No1",
    "bom_wide_3_8_15_5_No2",
    "bom_wide_3_10_10_5_No2",
    "bom_wide_5_3_10_5_No1",
    "bom_wide_4_8_10_5_No2",
    "bom_wide_5_8_20_5_No2",
    "bom_wide_5_10_30_15_No2",
    "bom_wide_4_10_10_5_No1",
    "bom_wide_5_4_16_4_No2",
    "bom_wide_3_9_15_5_No1",
    "bom_wide_4_7_12_5_No1",
    "bom_wide_4_6_40_15_No1",
    "bom_wide_4_10_30_15_No2",
    "bom_wide_4_10_30_15_No1",
    "bom_wide_4_7_12_5_No2",
    "bom_wide_4_6_40_15_No2",
    "bom_wide_5_8_20_5_No1",
    "bom_wide_5_10_30_15_No1",
    "bom_wide_4_10_10_5_No2",
    "bom_wide_5_4_16_4_No1",
    "bom_wide_3_9_15_5_No2",
    "bom_wide_3_10_10_5_No1",
    "bom_wide_3_8_15_5_No1",
    "bom_wide_5_3_10_5_No2",
    "bom_wide_4_8_10_5_No1",
    "bom_wide_5_6_20_4_No1",
    "bom_wide_3_10_30_15_No1",
    "bom_wide_4_6_16_4_No2",
    "bom_wide_5_10_10_5_No2",
    "bom_wide_3_5_16_4_No2",
    "bom_wide_2_7_20_5_No2",
    "bom_wide_5_9_15_5_No2",
    "bom_wide_2_7_20_10_No2",
    "bom_wide_2_10_30_15_No1",
    "bom_wide_2_11_13_5_No1",
    "bom_wide_2_9_10_5_No2",
    "bom_wide_2_10_10_5_No1"
  ]
}