{
  "runs": [
    {
      "agent": {
        "rew_mean": 0.0,
        "rew_std": 0.0,
        "rew_best": 0.0,
        "rew_best_count": 50,
        "rew_worst": 0.0,
        "tardiness_mean": 0.0,
        "tardiness_std": 0.0,
        "tardiness_max_mean": 0.0,
        "makespan_tests": [
          22640,
          618728,
          15760,
          111600,
          20340,
          29596,
          219500,
          49800,
          3622500,
          94060,
          14265,
          323460,
          660700,
          44520,
          190798,
          635300,
          4738700,
          6262885,
          818940,
          2270200,
          796800,
          1221750,
          73040,
          310520,
          846400,
          834600,
          855900,
          1079130,
          515800,
          729640,
          2392000,
          905800,
          56355,
          70592,
          636300,
          107780,
          492220,
          152460,
          498940,
          669500,
          268980,
          3548600,
          24600,
          17992,
          4527480,
          16992,
          112500,
          47312,
          15090,
          174600
        ],
        "makespan_mean": 855279.3,
        "rew_worst_quantile_border": 0.0,
        "rew_cvar": 0.0,
        "rew_perc_good_solutions": 1.0,
        "num_tests": 50,
        "running_time": [
          0.0020821094512939453,
          0.11596298217773438,
          0.0025281906127929688,
          0.0029697418212890625,
          0.0013880729675292969,
          0.002110004425048828,
          0.0016560554504394531,
          0.0035529136657714844,
          0.19153189659118652,
          0.010069608688354492,
          0.0013740062713623047,
          0.06136918067932129,
          0.01744389533996582,
          0.008779048919677734,
          0.0060312747955322266,
          0.010505914688110352,
          0.24574899673461914,
          0.052575111389160156,
          0.056086063385009766,
          0.6020069122314453,
          0.018815040588378906,
          0.005067110061645508,
          0.015561103820800781,
          0.0956869125366211,
          0.14507484436035156,
          0.03399777412414551,
          0.0344541072845459,
          0.0309751033782959,
          0.10745811462402344,
          0.2893948554992676,
          0.6023869514465332,
          0.018976926803588867,
          0.0031452178955078125,
          0.012979984283447266,
          0.010547876358032227,
          0.0330958366394043,
          0.10886383056640625,
          0.05344986915588379,
          0.012655258178710938,
          0.017719030380249023,
          0.009960174560546875,
          0.18873190879821777,
          0.0007748603820800781,
          0.0008268356323242188,
          0.8904068470001221,
          0.001096963882446289,
          0.0030050277709960938,
          0.016396045684814453,
          0.001680135726928711,
          0.0017490386962890625
        ]
      },
      "test-data-file-names": [
        "bom_wide_2_7_20_5_No1",
        "bom_wide_5_9_15_5_No1",
        "bom_wide_2_7_20_10_No1",
        "bom_wide_2_10_30_15_No2",
        "bom_wide_2_11_13_5_No2",
        "bom_wide_2_9_10_5_No1",
        "bom_wide_2_10_10_5_No2",
        "bom_wide_4_6_16_4_No1",
        "bom_wide_5_10_10_5_No1",
        "bom_wide_3_7_10_5_No1",
        "bom_wide_3_5_16_4_No1",
        "bom_wide_5_6_20_4_No2",
        "bom_wide_3_10_30_15_No2",
        "bom_wide_3_7_15_5_No1",
        "bom_wide_3_8_15_5_No2",
        "bom_wide_3_10_10_5_No2",
        "bom_wide_5_3_10_5_No1",
        "bom_wide_4_8_10_5_No2",
        "bom_wide_5_8_20_5_No2",
        "bom_wide_5_10_30_15_No2",
        "bom_wide_4_10_10_5_No1",
        "bom_wide_5_4_16_4_No2",
        "bom_wide_3_9_15_5_No1",
        "bom_wide_4_7_12_5_No1",
        "bom_wide_4_6_40_15_No1",
        "bom_wide_4_10_30_15_No2",
        "bom_wide_4_10_30_15_No1",
        "bom_wide_4_7_12_5_No2",
        "bom_wide_4_6_40_15_No2",
        "bom_wide_5_8_20_5_No1",
        "bom_wide_5_10_30_15_No1",
        "bom_wide_4_10_10_5_No2",
        "bom_wide_5_4_16_4_No1",
        "bom_wide_3_9_15_5_No2",
        "bom_wide_3_10_10_5_No1",
        "bom_wide_3_8_15_5_No1",
        "bom_wide_5_3_10_5_No2",
        "bom_wide_4_8_10_5_No1",
        "bom_wide_5_6_20_4_No1",
        "bom_wide_3_10_30_15_No1",
        "bom_wide_4_6_16_4_No2",
        "bom_wide_5_10_10_5_No2",
        "bom_wide_3_5_16_4_No2",
        "bom_wide_2_7_20_5_No2",
        "bom_wide_5_9_15_5_No2",
        "bom_wide_2_7_20_10_No2",
        "bom_wide_2_10_30_15_No1",
        "bom_wide_2_11_13_5_No1",
        "bom_wide_2_9_10_5_No2",
        "bom_wide_2_10_10_5_No1"
      ]
    },
    {
      "agent": {
        "rew_mean": 0.0,
        "rew_std": 0.0,
        "rew_best": 0.0,
        "rew_best_count": 50,
        "rew_worst": 0.0,
        "tardiness_mean": 0.0,
        "tardiness_std": 0.0,
        "tardiness_max_mean": 0.0,
        "makespan_tests": [
          22640,
          618728,
          15760,
          111600,
          20340,
          29596,
          219500,
          49800,
          3622500,
          94060,
          14265,
          323460,
          660700,
          44520,
          190798,
          635300,
          4738700,
          6262885,
          818940,
          2270200,
          796800,
          1221750,
          73040,
          310520,
          846400,
          834600,
          855900,
          1079130,
          515800,
          729640,
          2392000,
          905800,
          56355,
          70592,
          636300,
          107780,
          492220,
          152460,
          498940,
          669500,
          268980,
          3548600,
          24600,
          17992,
          4527480,
          16992,
          112500,
          47312,
          15090,
          174600
        ],
        "makespan_mean": 855279.3,
        "rew_worst_quantile_border": 0.0,
        "rew_cvar": 0.0,
        "rew_perc_good_solutions": 1.0,
        "num_tests": 50,
        "running_time": [
          0.0019989013671875,
          0.11042499542236328,
          0.0024619102478027344,
          0.0029239654541015625,
          0.00131988525390625,
          0.00202178955078125,
          0.0016140937805175781,
          0.003429889678955078,
          0.17999815940856934,
          0.00958395004272461,
          0.0013298988342285156,
          0.059506893157958984,
          0.016930818557739258,
          0.008481025695800781,
          0.0058438777923583984,
          0.009920835494995117,
          0.23377299308776855,
          0.05223393440246582,
          0.053929805755615234,
          0.5990378856658936,
          0.01808309555053711,
          0.004943132400512695,
          0.014676094055175781,
          0.08775115013122559,
          0.13619303703308105,
          0.03289389610290527,
          0.0329132080078125,
          0.02991795539855957,
          0.10258007049560547,
          0.2743563652038574,
          0.5897200107574463,
          0.017878055572509766,
          0.003056764602661133,
          0.012281179428100586,
          0.010016918182373047,
          0.0314640998840332,
          0.10403585433959961,
          0.052609920501708984,
          0.01244807243347168,
          0.01672983169555664,
          0.009319067001342773,
          0.17830872535705566,
          0.0007541179656982422,
          0.0007832050323486328,
          0.8395779132843018,
          0.0011582374572753906,
          0.0031709671020507812,
          0.015500068664550781,
          0.0015909671783447266,
          0.0016388893127441406
        ]
      },