{
  "agent": {
    "rew_mean": 0.0,
    "rew_std": 0.0,
    "rew_best": 0.0,
    "rew_best_count": 50,
    "rew_worst": 0.0,
    "tardiness_mean": 0.0,
    "tardiness_std": 0.0,
    "tardiness_max_mean": 0.0,
    "makespan_tests": [
      20560,
      540320,
      15660,
      112200,
      20340,
      26424,
      219500,
      49800,
      3569500,
      86340,
      14265,
      323460,
      660700,
      43360,
      192586,
      680400,
      4732940,
      5621445,
      551660,
      2270200,
      796800,
      1221750,
      70776,
      310220,
      846400,
      834600,
      855900,
      1081435,
      512400,
      727140,
      2392000,
      796900,
      56355,
      62896,
      615700,
      97896,
      491800,
      147020,
      498940,
      669500,
      241492,
      3507900,
      24600,
      17480,
      4483200,
      16992,
      112500,
      41916,
      16930,
      157800
    ],
    "makespan_mean": 829177.96,
    "rew_worst_quantile_border": 0.0,
    "rew_cvar": 0.0,
    "rew_perc_good_solutions": 1.0,
    "num_tests": 50,
    "running_time": [
      0.002151966094970703,
      0.11938977241516113,
      0.0027167797088623047,
      0.0031669139862060547,
      0.0014238357543945312,
      0.002196073532104492,
      0.0017330646514892578,
      0.0037152767181396484,
      0.19475984573364258,
      0.010478973388671875,
      0.001463174819946289,
      0.06325793266296387,
      0.018400907516479492,
      0.009050130844116211,
      0.006231069564819336,
      0.011033773422241211,
      0.2474687099456787,
      0.052902936935424805,
      0.05716204643249512,
      0.6436841487884521,
      0.019746065139770508,
      0.005090951919555664,
      0.01605987548828125,
      0.09935712814331055,
      0.14860916137695312,
      0.03548288345336914,
      0.03591299057006836,
      0.03195023536682129,
      0.11363077163696289,
      0.29935169219970703,
      0.6364941596984863,
      0.019731998443603516,
      0.0032110214233398438,
      0.013329744338989258,
      0.010994911193847656,
      0.0345461368560791,
      0.10869097709655762,
      0.05529499053955078,
      0.01293492317199707,
      0.018178224563598633,
      0.01008296012878418,
      0.1981508731842041,
      0.0008020401000976562,
      0.0008790493011474609,
      0.905019998550415,
      0.0011630058288574219,
      0.0031659603118896484,
      0.016942262649536133,
      0.0017349720001220703,
      0.0018160343170166016
    ]
  },
  "test-data-file-names": [
    "bom_wide_2_7_20_5_No1",
    "bom_wide_5_9_15_5_No1",
    "bom_wide_2_7_20_10_No1",
    "bom_wide_2_10_30_15_No2",
    "bom_wide_2_11_13_5_No2",
    "bom_wide_2_9_10_5_No1",
    "bom_wide_2_10_10_5_No2",
    "bom_wide_4_6_16_4_No1",
    "bom_wide_5_10_10_5_No1",
    "bom_wide_3_7_10_5_No1",
    "bom_wide_3_5_16_4_No1",
    "bom_wide_5_6_20_4_No2",
    "bom_wide_3_10_30_15_No2",
    "bom_wide_3_7_15_5_No1",
    "bom_wide_3_8_15_5_No2",
    "bom_wide_3_10_10_5_No2",
    "bom_wide_5_3_10_5_No1",
    "bom_wide_4_8_10_5_No2",
    "bom_wide_5_8_20_5_No2",
    "bom_wide_5_10_30_15_No2",
    "bom_wide_4_10_10_5_No1",
    "bom_wide_5_4_16_4_No2",
    "bom_wide_3_9_15_5_No1",
    "bom_wide_4_7_12_5_No1",
    "bom_wide_4_6_40_15_No1",
    "bom_wide_4_10_30_15_No2",
    "bom_wide_4_10_30_15_No1",
    "bom_wide_4_7_12_5_No2",
    "bom_wide_4_6_40_15_No2",
    "bom_wide_5_8_20_5_No1",
    "bom_wide_5_10_30_15_No1",
    "bom_wide_4_10_10_5_No2",
    "bom_wide_5_4_16_4_No1",
    "bom_wide_3_9_15_5_No2",
    "bom_wide_3_10_10_5_No1",
    "bom_wide_3_8_15_5_No1",
    "bom_wide_5_3_10_5_No2",
    "bom_wide_4_8_10_5_No1",
    "bom_wide_5_6_20_4_No1",
    "bom_wide_3_10_30_15_No1",
    "bom_wide_4_6_16_4_No2",
    "bom_wide_5_10_10_5_No2",
    "bom_wide_3_5_16_4_No2",
    "bom_wide_2_7_20_5_No2",
    "bom_wide_5_9_15_5_No2",
    "bom_wide_2_7_20_10_No2",
    "bom_wide_2_10_30_15_No1",
    "bom_wide_2_11_13_5_No1",
    "bom_wide_2_9_10_5_No2",
    "bom_wide_2_10_10_5_No1"
  ]
}