{
  "agent": {
    "rew_mean": 0.0,
    "rew_std": 0.0,
    "rew_best": 0.0,
    "rew_best_count": 50,
    "rew_worst": 0.0,
    "tardiness_mean": 0.0,
    "tardiness_std": 0.0,
    "tardiness_max_mean": 0.0,
    "makespan_tests": [
      22640,
      618728,
      15760,
      111600,
      20340,
      29596,
      219500,
      49800,
      3622500,
      94060,
      14265,
      323460,
      660700,
      44520,
      190798,
      635300,
      4738700,
      6262885,
      818940,
      2270200,
      796800,
      1221750,
      73040,
      310520,
      846400,
      834600,
      855900,
      1079130,
      515800,
      729640,
      2392000,
      905800,
      56355,
      70592,
      636300,
      107780,
      492220,
      152460,
      498940,
      669500,
      268980,
      3548600,
      24600,
      17992,
      4527480,
      16992,
      112500,
      47312,
      15090,
      174600
    ],
    "makespan_mean": 855279.3,
    "rew_worst_quantile_border": 0.0,
    "rew_cvar": 0.0,
    "rew_perc_good_solutions": 1.0,
    "num_tests": 50,
    "running_time": [
      0.002076864242553711,
      0.11588907241821289,
      0.002584695816040039,
      0.002984762191772461,
      0.0013720989227294922,
      0.0021049976348876953,
      0.0016741752624511719,
      0.0035283565521240234,
      0.1881420612335205,
      0.010075092315673828,
      0.001405954360961914,
      0.0624392032623291,
      0.017438888549804688,
      0.008791923522949219,
      0.006025791168212891,
      0.010565996170043945,
      0.24298882484436035,
      0.051129817962646484,
      0.05584430694580078,
      0.6038179397583008,
      0.019034147262573242,
      0.005090951919555664,
      0.015884876251220703,
      0.09546875953674316,
      0.14476728439331055,
      0.0339200496673584,
      0.03419375419616699,
      0.031180858612060547,
      0.10907173156738281,
      0.29187607765197754,
      0.6059572696685791,
      0.019022226333618164,
      0.0032129287719726562,
      0.013254165649414062,
      0.010612964630126953,
      0.0333256721496582,
      0.10724997520446777,
      0.05375814437866211,
      0.012762784957885742,
      0.017590045928955078,
      0.009978055953979492,
      0.18831324577331543,
      0.0007779598236083984,
      0.0008330345153808594,
      0.8848888874053955,
      0.0010979175567626953,
      0.0029859542846679688,
      0.01618504524230957,
      0.0016961097717285156,
      0.001752614974975586
    ]
  },
  "test-data-file-names": [
    "bom_wide_2_7_20_5_No1",
    "bom_wide_5_9_15_5_No1",
    "bom_wide_2_7_20_10_No1",
    "bom_wide_2_10_30_15_No2",
    "bom_wide_2_11_13_5_No2",
    "bom_wide_2_9_10_5_No1",
    "bom_wide_2_10_10_5_No2",
    "bom_wide_4_6_16_4_No1",
    "bom_wide_5_10_10_5_No1",
    "bom_wide_3_7_10_5_No1",
    "bom_wide_3_5_16_4_No1",
    "bom_wide_5_6_20_4_No2",
    "bom_wide_3_10_30_15_No2",
    "bom_wide_3_7_15_5_No1",
    "bom_wide_3_8_15_5_No2",
    "bom_wide_3_10_10_5_No2",
    "bom_wide_5_3_10_5_No1",
    "bom_wide_4_8_10_5_No2",
    "bom_wide_5_8_20_5_No2",
    "bom_wide_5_10_30_15_No2",
    "bom_wide_4_10_10_5_No1",
    "bom_wide_5_4_16_4_No2",
    "bom_wide_3_9_15_5_No1",
    "bom_wide_4_7_12_5_No1",
    "bom_wide_4_6_40_15_No1",
    "bom_wide_4_10_30_15_No2",
    "bom_wide_4_10_30_15_No1",
    "bom_wide_4_7_12_5_No2",
    "bom_wide_4_6_40_15_No2",
    "bom_wide_5_8_20_5_No1",
    "bom_wide_5_10_30_15_No1",
    "bom_wide_4_10_10_5_No2",
    "bom_wide_5_4_16_4_No1",
    "bom_wide_3_9_15_5_No2",
    "bom_wide_3_10_10_5_No1",
    "bom_wide_3_8_15_5_No1",
    "bom_wide_5_3_10_5_No2",
    "bom_wide_4_8_10_5_No1",
    "bom_wide_5_6_20_4_No1",
    "bom_wide_3_10_30_15_No1",
    "bom_wide_4_6_16_4_No2",
    "bom_wide_5_10_10_5_No2",
    "bom_wide_3_5_16_4_No2",
    "bom_wide_2_7_20_5_No2",
    "bom_wide_5_9_15_5_No2",
    "bom_wide_2_7_20_10_No2",
    "bom_wide_2_10_30_15_No1",
    "bom_wide_2_11_13_5_No1",
    "bom_wide_2_9_10_5_No2",
    "bom_wide_2_10_10_5_No1"
  ]
}