{
  "agent": {
    "rew_mean": 0.0,
    "rew_std": 0.0,
    "rew_best": 0.0,
    "rew_best_count": 50,
    "rew_worst": 0.0,
    "tardiness_mean": 0.0,
    "tardiness_std": 0.0,
    "tardiness_max_mean": 0.0,
    "makespan_tests": [
      21080,
      574868,
      15760,
      111600,
      30640,
      24792,
      219500,
      49800,
      3621500,
      83500,
      14265,
      323460,
      660700,
      44740,
      227441,
      689100,
      4739480,
      5765215,
      546260,
      2270200,
      796800,
      1221750,
      75884,
      311280,
      846400,
      834600,
      855900,
      1080025,
      524800,
      735400,
      2392000,
      887000,
      56355,
      66692,
      617200,
      100672,
      493760,
      148280,
      498940,
      669500,
      333764,
      3535000,
      24600,
      17480,
      4484960,
      25092,
      111300,
      44272,
      15114,
      177800
    ],
    "makespan_mean": 840330.42,
    "rew_worst_quantile_border": 0.0,
    "rew_cvar": 0.0,
    "rew_perc_good_solutions": 1.0,
    "num_tests": 50,
    "running_time": [
      0.004452943801879883,
      0.2535359859466553,
      0.005120754241943359,
      0.005342006683349609,
      0.003142833709716797,
      0.004900693893432617,
      0.003889799118041992,
      0.007340908050537109,
      0.4332268238067627,
      0.024831056594848633,
      0.0028600692749023438,
      0.12262511253356934,
      0.03102898597717285,
      0.019986867904663086,
      0.013136863708496094,
      0.025878190994262695,
      0.5425558090209961,
      0.11389803886413574,
      0.10911202430725098,
      1.060821771621704,
      0.0438997745513916,
      0.008878946304321289,
      0.036269187927246094,
      0.22366619110107422,
      0.25312304496765137,
      0.06184220314025879,
      0.06133008003234863,
      0.061904191970825195,
      0.18810009956359863,
      0.6191427707672119,
      1.059539794921875,
      0.04405093193054199,
      0.00598597526550293,
      0.02837085723876953,
      0.025755882263183594,
      0.07999396324157715,
      0.24034476280212402,
      0.12892580032348633,
      0.02462601661682129,
      0.03117203712463379,
      0.020686864852905273,
      0.4369227886199951,
      0.0014789104461669922,
      0.0016520023345947266,
      1.9172258377075195,
      0.0020182132720947266,
      0.005415916442871094,
      0.04112505912780762,
      0.0037240982055664062,
      0.0039920806884765625
    ]
  },
  "test-data-file-names": [
    "bom_wide_2_7_20_5_No1",
    "bom_wide_5_9_15_5_No1",
    "bom_wide_2_7_20_10_No1",
    "bom_wide_2_10_30_15_No2",
    "bom_wide_2_11_13_5_No2",
    "bom_wide_2_9_10_5_No1",
    "bom_wide_2_10_10_5_No2",
    "bom_wide_4_6_16_4_No1",
    "bom_wide_5_10_10_5_No1",
    "bom_wide_3_7_10_5_No1",
    "bom_wide_3_5_16_4_No1",
    "bom_wide_5_6_20_4_No2",
    "bom_wide_3_10_30_15_No2",
    "bom_wide_3_7_15_5_No1",
    "bom_wide_3_8_15_5_No2",
    "bom_wide_3_10_10_5_No2",
    "bom_wide_5_3_10_5_No1",
    "bom_wide_4_8_10_5_No2",
    "bom_wide_5_8_20_5_No2",
    "bom_wide_5_10_30_15_No2",
    "bom_wide_4_10_10_5_No1",
    "bom_wide_5_4_16_4_No2",
    "bom_wide_3_9_15_5_No1",
    "bom_wide_4_7_12_5_No1",
    "bom_wide_4_6_40_15_No1",
    "bom_wide_4_10_30_15_No2",
    "bom_wide_4_10_30_15_No1",
    "bom_wide_4_7_12_5_No2",
    "bom_wide_4_6_40_15_No2",
    "bom_wide_5_8_20_5_No1",
    "bom_wide_5_10_30_15_No1",
    "bom_wide_4_10_10_5_No2",
    "bom_wide_5_4_16_4_No1",
    "bom_wide_3_9_15_5_No2",
    "bom_wide_3_10_10_5_No1",
    "bom_wide_3_8_15_5_No1",
    "bom_wide_5_3_10_5_No2",
    "bom_wide_4_8_10_5_No1",
    "bom_wide_5_6_20_4_No1",
    "bom_wide_3_10_30_15_No1",
    "bom_wide_4_6_16_4_No2",
    "bom_wide_5_10_10_5_No2",
    "bom_wide_3_5_16_4_No2",
    "bom_wide_2_7_20_5_No2",
    "bom_wide_5_9_15_5_No2",
    "bom_wide_2_7_20_10_No2",
    "bom_wide_2_10_30_15_No1",
    "bom_wide_2_11_13_5_No1",
    "bom_wide_2_9_10_5_No2",
    "bom_wide_2_10_10_5_No1"
  ]
}