{
  "agent": {
    "rew_mean": 0.0,
    "rew_std": 0.0,
    "rew_best": 0.0,
    "rew_best_count": 50,
    "rew_worst": 0.0,
    "tardiness_mean": 0.0,
    "tardiness_std": 0.0,
    "tardiness_max_mean": 0.0,
    "makespan_tests": [
      22640,
      780380,
      20300,
      147800,
      30640,
      33648,
      263100,
      72176,
      5871200,
      102360,
      14265,
      323460,
      1080400,
      81420,
      277868,
      1019000,
      5441040,
      5844840,
      857180,
      5349300,
      1220800,
      1221750,
      154456,
      447820,
      2174600,
      1873700,
      872800,
      1475075,
      2715400,
      845280,
      4127600,
      1145900,
      56355,
      94436,
      982800,
      129432,
      582780,
      262780,
      498940,
      1127800,
      564028,
      5935900,
      28650,
      31796,
      6633840,
      21164,
      181100,
      60600,
      23840,
      204100
    ],
    "makespan_mean": 1266570.78,
    "rew_worst_quantile_border": 0.0,
    "rew_cvar": 0.0,
    "rew_perc_good_solutions": 1.0,
    "num_tests": 50,
    "running_time": [
      0.004904031753540039,
      0.40377283096313477,
      0.0067899227142333984,
      0.007886171340942383,
      0.002611875534057617,
      0.00537109375,
      0.0034897327423095703,
      0.007119178771972656,
      0.9930481910705566,
      0.03599286079406738,
      0.002725839614868164,
      0.21424484252929688,
      0.05984926223754883,
      0.02266716957092285,
      0.013204813003540039,
      0.0321657657623291,
      1.465191125869751,
      0.18129301071166992,
      0.14145517349243164,
      3.0712549686431885,
      0.05122804641723633,
      0.010767936706542969,
      0.04089498519897461,
      0.3894178867340088,
      0.5817689895629883,
      0.10422992706298828,
      0.10274600982666016,
      0.12893223762512207,
      0.42868566513061523,
      1.0803790092468262,
      3.0680010318756104,
      0.05235099792480469,
      0.004883289337158203,
      0.030991077423095703,
      0.03214001655578613,
      0.09329915046691895,
      0.4794478416442871,
      0.2047410011291504,
      0.02439570426940918,
      0.06114625930786133,
      0.01935601234436035,
      0.9311161041259766,
      0.001051187515258789,
      0.0012691020965576172,
      5.671463251113892,
      0.002321004867553711,
      0.007872819900512695,
      0.049978017807006836,
      0.0034029483795166016,
      0.003962039947509766
    ]
  },
  "test-data-file-names": [
    "bom_wide_2_7_20_5_No1",
    "bom_wide_5_9_15_5_No1",
    "bom_wide_2_7_20_10_No1",
    "bom_wide_2_10_30_15_No2",
    "bom_wide_2_11_13_5_No2",
    "bom_wide_2_9_10_5_No1",
    "bom_wide_2_10_10_5_No2",
    "bom_wide_4_6_16_4_No1",
    "bom_wide_5_10_10_5_No1",
    "bom_wide_3_7_10_5_No1",
    "bom_wide_3_5_16_4_No1",
    "bom_wide_5_6_20_4_No2",
    "bom_wide_3_10_30_15_No2",
    "bom_wide_3_7_15_5_No1",
    "bom_wide_3_8_15_5_No2",
    "bom_wide_3_10_10_5_No2",
    "bom_wide_5_3_10_5_No1",
    "bom_wide_4_8_10_5_No2",
    "bom_wide_5_8_20_5_No2",
    "bom_wide_5_10_30_15_No2",
    "bom_wide_4_10_10_5_No1",
    "bom_wide_5_4_16_4_No2",
    "bom_wide_3_9_15_5_No1",
    "bom_wide_4_7_12_5_No1",
    "bom_wide_4_6_40_15_No1",
    "bom_wide_4_10_30_15_No2",
    "bom_wide_4_10_30_15_No1",
    "bom_wide_4_7_12_5_No2",
    "bom_wide_4_6_40_15_No2",
    "bom_wide_5_8_20_5_No1",
    "bom_wide_5_10_30_15_No1",
    "bom_wide_4_10_10_5_No2",
    "bom_wide_5_4_16_4_No1",
    "bom_wide_3_9_15_5_No2",
    "bom_wide_3_10_10_5_No1",
    "bom_wide_3_8_15_5_No1",
    "bom_wide_5_3_10_5_No2",
    "bom_wide_4_8_10_5_No1",
    "bom_wide_5_6_20_4_No1",
    "bom_wide_3_10_30_15_No1",
    "bom_wide_4_6_16_4_No2",
    "bom_wide_5_10_10_5_No2",
    "bom_wide_3_5_16_4_No2",
    "bom_wide_2_7_20_5_No2",
    "bom_wide_5_9_15_5_No2",
    "bom_wide_2_7_20_10_No2",
    "bom_wide_2_10_30_15_No1",
    "bom_wide_2_11_13_5_No1",
    "bom_wide_2_9_10_5_No2",
    "bom_wide_2_10_10_5_No1"
  ]
}