{
  "agent": {
    "rew_mean": 0.0,
    "rew_std": 0.0,
    "rew_best": 0.0,
    "rew_best_count": 50,
    "rew_worst": 0.0,
    "tardiness_mean": 0.0,
    "tardiness_std": 0.0,
    "tardiness_max_mean": 0.0,
    "makespan_tests": [
      21220,
      618628,
      15760,
      111600,
      20340,
      28448,
      219500,
      49800,
      3641700,
      87440,
      14265,
      323460,
      660700,
      44000,
      190798,
      628900,
      4736940,
      6428785,
      818940,
      2270200,
      799500,
      1221750,
      73156,
      314020,
      846400,
      834600,
      855900,
      1171985,
      542200,
      735840,
      2392000,
      887000,
      56355,
      70592,
      604000,
      112780,
      498460,
      149000,
      498940,
      669500,
      268980,
      3547400,
      24600,
      18188,
      4522520,
      16992,
      111300,
      45852,
      14670,
      161400
    ],
    "makespan_mean": 859946.08,
    "rew_worst_quantile_border": 0.0,
    "rew_cvar": 0.0,
    "rew_perc_good_solutions": 1.0,
    "num_tests": 50,
    "running_time": [
      0.0031499862670898438,
      0.18654179573059082,
      0.0035400390625,
      0.0038509368896484375,
      0.002086162567138672,
      0.0034036636352539062,
      0.002711057662963867,
      0.0053441524505615234,
      0.3149137496948242,
      0.01728200912475586,
      0.0020079612731933594,
      0.09435009956359863,
      0.023578882217407227,
      0.014238834381103516,
      0.009469985961914062,
      0.017789840698242188,
      0.40233588218688965,
      0.08790707588195801,
      0.08561301231384277,
      0.8535051345825195,
      0.03282499313354492,
      0.006868839263916016,
      0.027280807495117188,
      0.16685986518859863,
      0.2740960121154785,
      0.050048828125,
      0.045411109924316406,
      0.04904913902282715,
      0.14872312545776367,
      0.46044397354125977,
      0.8343288898468018,
      0.03158879280090332,
      0.0043849945068359375,
      0.02109384536743164,
      0.017677783966064453,
      0.05711102485656738,
      0.17914271354675293,
      0.09963607788085938,
      0.019332170486450195,
      0.02558112144470215,
      0.016468048095703125,
      0.344494104385376,
      0.0010759830474853516,
      0.001178741455078125,
      1.4258389472961426,
      0.0013751983642578125,
      0.0038061141967773438,
      0.02749919891357422,
      0.0026009082794189453,
      0.0026972293853759766
    ]
  },
  "test-data-file-names": [
    "bom_wide_2_7_20_5_No1",
    "bom_wide_5_9_15_5_No1",
    "bom_wide_2_7_20_10_No1",
    "bom_wide_2_10_30_15_No2",
    "bom_wide_2_11_13_5_No2",
    "bom_wide_2_9_10_5_No1",
    "bom_wide_2_10_10_5_No2",
    "bom_wide_4_6_16_4_No1",
    "bom_wide_5_10_10_5_No1",
    "bom_wide_3_7_10_5_No1",
    "bom_wide_3_5_16_4_No1",
    "bom_wide_5_6_20_4_No2",
    "bom_wide_3_10_30_15_No2",
    "bom_wide_3_7_15_5_No1",
    "bom_wide_3_8_15_5_No2",
    "bom_wide_3_10_10_5_No2",
    "bom_wide_5_3_10_5_No1",
    "bom_wide_4_8_10_5_No2",
    "bom_wide_5_8_20_5_No2",
    "bom_wide_5_10_30_15_No2",
    "bom_wide_4_10_10_5_No1",
    "bom_wide_5_4_16_4_No2",
    "bom_wide_3_9_15_5_No1",
    "bom_wide_4_7_12_5_No1",
    "bom_wide_4_6_40_15_No1",
    "bom_wide_4_10_30_15_No2",
    "bom_wide_4_10_30_15_No1",
    "bom_wide_4_7_12_5_No2",
    "bom_wide_4_6_40_15_No2",
    "bom_wide_5_8_20_5_No1",
    "bom_wide_5_10_30_15_No1",
    "bom_wide_4_10_10_5_No2",
    "bom_wide_5_4_16_4_No1",
    "bom_wide_3_9_15_5_No2",
    "bom_wide_3_10_10_5_No1",
    "bom_wide_3_8_15_5_No1",
    "bom_wide_5_3_10_5_No2",
    "bom_wide_4_8_10_5_No1",
    "bom_wide_5_6_20_4_No1",
    "bom_wide_3_10_30_15_No1",
    "bom_wide_4_6_16_4_No2",
    "bom_wide_5_10_10_5_No2",
    "bom_wide_3_5_16_4_No2",
    "bom_wide_2_7_20_5_No2",
    "bom_wide_5_9_15_5_No2",
    "bom_wide_2_7_20_10_No2",
    "bom_wide_2_10_30_15_No1",
    "bom_wide_2_11_13_5_No1",
    "bom_wide_2_9_10_5_No2",
    "bom_wide_2_10_10_5_No1"
  ]
}