{
  "agent": {
    "rew_mean": 0.0,
    "rew_std": 0.0,
    "rew_best": 0.0,
    "rew_best_count": 50,
    "rew_worst": 0.0,
    "tardiness_mean": 0.0,
    "tardiness_std": 0.0,
    "tardiness_max_mean": 0.0,
    "makespan_tests": [
      21220,
      618628,
      15760,
      111600,
      20340,
      28448,
      224400,
      49800,
      3641700,
      87440,
      14265,
      323460,
      660700,
      44620,
      190798,
      628900,
      4736940,
      6428785,
      818940,
      2270200,
      799500,
      1221750,
      73156,
      314020,
      846400,
      834600,
      855900,
      1110280,
      542200,
      735840,
      2392000,
      887000,
      56355,
      70592,
      604000,
      112780,
      498460,
      148840,
      498940,
      669500,
      268980,
      3547400,
      24600,
      18188,
      4522520,
      16992,
      112500,
      45972,
      14670,
      161400
    ],
    "makespan_mean": 858845.58,
    "rew_worst_quantile_border": 0.0,
    "rew_cvar": 0.0,
    "rew_perc_good_solutions": 1.0,
    "num_tests": 50,
    "running_time": [
      0.0020830631256103516,
      0.1249837875366211,
      0.002489805221557617,
      0.0028128623962402344,
      0.0013759136199951172,
      0.002153158187866211,
      0.0016980171203613281,
      0.0036878585815429688,
      0.206437349319458,
      0.01096487045288086,
      0.0013701915740966797,
      0.06575798988342285,
      0.01727604866027832,
      0.009279966354370117,
      0.006205081939697266,
      0.011296987533569336,
      0.26209211349487305,
      0.055068016052246094,
      0.05856800079345703,
      0.6249902248382568,
      0.02016615867614746,
      0.004988193511962891,
      0.016476869583129883,
      0.10298013687133789,
      0.1466057300567627,
      0.03442811965942383,
      0.034189701080322266,
      0.03163886070251465,
      0.10922074317932129,
      0.3134422302246094,
      0.6421020030975342,
      0.020155906677246094,
      0.0031080245971679688,
      0.0136871337890625,
      0.011088848114013672,
      0.03598904609680176,
      0.11453914642333984,
      0.058373212814331055,
      0.013015985488891602,
      0.017364978790283203,
      0.010207176208496094,
      0.2055349349975586,
      0.0007388591766357422,
      0.000804901123046875,
      0.9525120258331299,
      0.001010894775390625,
      0.002820730209350586,
      0.0174562931060791,
      0.0016932487487792969,
      0.0017828941345214844
    ]
  },
  "test-data-file-names": [
    "bom_wide_2_7_20_5_No1",
    "bom_wide_5_9_15_5_No1",
    "bom_wide_2_7_20_10_No1",
    "bom_wide_2_10_30_15_No2",
    "bom_wide_2_11_13_5_No2",
    "bom_wide_2_9_10_5_No1",
    "bom_wide_2_10_10_5_No2",
    "bom_wide_4_6_16_4_No1",
    "bom_wide_5_10_10_5_No1",
    "bom_wide_3_7_10_5_No1",
    "bom_wide_3_5_16_4_No1",
    "bom_wide_5_6_20_4_No2",
    "bom_wide_3_10_30_15_No2",
    "bom_wide_3_7_15_5_No1",
    "bom_wide_3_8_15_5_No2",
    "bom_wide_3_10_10_5_No2",
    "bom_wide_5_3_10_5_No1",
    "bom_wide_4_8_10_5_No2",
    "bom_wide_5_8_20_5_No2",
    "bom_wide_5_10_30_15_No2",
    "bom_wide_4_10_10_5_No1",
    "bom_wide_5_4_16_4_No2",
    "bom_wide_3_9_15_5_No1",
    "bom_wide_4_7_12_5_No1",
    "bom_wide_4_6_40_15_No1",
    "bom_wide_4_10_30_15_No2",
    "bom_wide_4_10_30_15_No1",
    "bom_wide_4_7_12_5_No2",
    "bom_wide_4_6_40_15_No2",
    "bom_wide_5_8_20_5_No1",
    "bom_wide_5_10_30_15_No1",
    "bom_wide_4_10_10_5_No2",
    "bom_wide_5_4_16_4_No1",
    "bom_wide_3_9_15_5_No2",
    "bom_wide_3_10_10_5_No1",
    "bom_wide_3_8_15_5_No1",
    "bom_wide_5_3_10_5_No2",
    "bom_wide_4_8_10_5_No1",
    "bom_wide_5_6_20_4_No1",
    "bom_wide_3_10_30_15_No1",
    "bom_wide_4_6_16_4_No2",
    "bom_wide_5_10_10_5_No2",
    "bom_wide_3_5_16_4_No2",
    "bom_wide_2_7_20_5_No2",
    "bom_wide_5_9_15_5_No2",
    "bom_wide_2_7_20_10_No2",
    "bom_wide_2_10_30_15_No1",
    "bom_wide_2_11_13_5_No1",
    "bom_wide_2_9_10_5_No2",
    "bom_wide_2_10_10_5_No1"
  ]
}