{
  "runs": [
    {
      "agent": {
        "rew_mean": 0.0,
        "rew_std": 0.0,
        "rew_best": 0.0,
        "rew_best_count": 50,
        "rew_worst": 0.0,
        "tardiness_mean": 0.0,
        "tardiness_std": 0.0,
        "tardiness_max_mean": 0.0,
        "makespan_tests": [
          18380,
          566224,
          16280,
          119400,
          21670,
          27104,
          224400,
          53352,
          3603700,
          85900,
          14265,
          323460,
          688700,
          45400,
          190798,
          611300,
          4754480,
          5571300,
          601280,
          2270200,
          796800,
          1221750,
          86820,
          319020,
          850000,
          854400,
          855900,
          1081120,
          609600,
          744220,
          2392000,
          772600,
          56355,
          72872,
          604000,
          105004,
          494760,
          149140,
          498940,
          713500,
          257868,
          3554000,
          24600,
          17852,
          4488140,
          20472,
          118500,
          49544,
          15960,
          175300
        ],
        "makespan_mean": 836172.6,
        "rew_worst_quantile_border": 0.0,
        "rew_cvar": 0.0,
        "rew_perc_good_solutions": 1.0,
        "num_tests": 50,
        "running_time": [
          0.001909017562866211,
          0.11271810531616211,
          0.002402782440185547,
          0.002808094024658203,
          0.0012516975402832031,
          0.0019180774688720703,
          0.0015611648559570312,
          0.003342866897583008,
          0.18860602378845215,
          0.00977468490600586,
          0.0012791156768798828,
          0.06122589111328125,
          0.01697683334350586,
          0.008387088775634766,
          0.005755901336669922,
          0.010126113891601562,
          0.23411011695861816,
          0.04980111122131348,
          0.05448508262634277,
          0.6243119239807129,
          0.01883697509765625,
          0.004886150360107422,
          0.01495981216430664,
          0.09256219863891602,
          0.14230990409851074,
          0.03374600410461426,
          0.03445100784301758,
          0.029939889907836914,
          0.10819005966186523,
          0.2897982597351074,
          0.6201651096343994,
          0.018507003784179688,
          0.0029997825622558594,
          0.012439727783203125,
          0.010226011276245117,
          0.034064292907714844,
          0.1135711669921875,
          0.05656719207763672,
          0.012590885162353516,
          0.017404794692993164,
          0.00946187973022461,
          0.18844914436340332,
          0.0007150173187255859,
          0.0007202625274658203,
          0.8796381950378418,
          0.0009691715240478516,
          0.002892017364501953,
          0.015765905380249023,
          0.0015437602996826172,
          0.0016412734985351562
        ]
      },
      "test-data-file-names": [
        "bom_wide_2_7_20_5_No1",
        "bom_wide_5_9_15_5_No1",
        "bom_wide_2_7_20_10_No1",
        "bom_wide_2_10_30_15_No2",
        "bom_wide_2_11_13_5_No2",
        "bom_wide_2_9_10_5_No1",
        "bom_wide_2_10_10_5_No2",
        "bom_wide_4_6_16_4_No1",
        "bom_wide_5_10_10_5_No1",
        "bom_wide_3_7_10_5_No1",
        "bom_wide_3_5_16_4_No1",
        "bom_wide_5_6_20_4_No2",
        "bom_wide_3_10_30_15_No2",
        "bom_wide_3_7_15_5_No1",
        "bom_wide_3_8_15_5_No2",
        "bom_wide_3_10_10_5_No2",
        "bom_wide_5_3_10_5_No1",
        "bom_wide_4_8_10_5_No2",
        "bom_wide_5_8_20_5_No2",
        "bom_wide_5_10_30_15_No2",
        "bom_wide_4_10_10_5_No1",
        "bom_wide_5_4_16_4_No2",
        "bom_wide_3_9_15_5_No1",
        "bom_wide_4_7_12_5_No1",
        "bom_wide_4_6_40_15_No1",
        "bom_wide_4_10_30_15_No2",
        "bom_wide_4_10_30_15_No1",
        "bom_wide_4_7_12_5_No2",
        "bom_wide_4_6_40_15_No2",
        "bom_wide_5_8_20_5_No1",
        "bom_wide_5_10_30_15_No1",
        "bom_wide_4_10_10_5_No2",
        "bom_wide_5_4_16_4_No1",
        "bom_wide_3_9_15_5_No2",
        "bom_wide_3_10_10_5_No1",
        "bom_wide_3_8_15_5_No1",
        "bom_wide_5_3_10_5_No2",
        "bom_wide_4_8_10_5_No1",
        "bom_wide_5_6_20_4_No1",
        "bom_wide_3_10_30_15_No1",
        "bom_wide_4_6_16_4_No2",
        "bom_wide_5_10_10_5_No2",
        "bom_wide_3_5_16_4_No2",
        "bom_wide_2_7_20_5_No2",
        "bom_wide_5_9_15_5_No2",
        "bom_wide_2_7_20_10_No2",
        "bom_wide_2_10_30_15_No1",
        "bom_wide_2_11_13_5_No1",
        "bom_wide_2_9_10_5_No2",
        "bom_wide_2_10_10_5_No1"
      ]
    },
    {
      "agent": {
        "rew_mean": 0.0,
        "rew_std": 0.0,
        "rew_best": 0.0,
        "rew_best_count": 50,
        "rew_worst": 0.0,
        "tardiness_mean": 0.0,
        "tardiness_std": 0.0,
        "tardiness_max_mean": 0.0,
        "makespan_tests": [
          20540,
          569960,
          16400,
          119400,
          21120,
          27104,
          224400,
          53352,
          3603700,
          85900,
          14265,
          323460,
          688700,
          46260,
          190798,
          611300,
          4746480,
          5572935,
          601280,
          2270200,
          796800,
          1221750,
          86820,
          316020,
          850000,
          854400,
          855900,
          1080575,
          609600,
          742820,
          2392000,
          772600,
          56355,
          72872,
          604000,
          105004,
          495640,
          149580,
          498940,
          713500,
          257868,
          3554000,
          24600,
          17852,
          4490380,
          21012,
          118500,
          49544,
          15960,
          175300
        ],
        "makespan_mean": 836154.92,
        "rew_worst_quantile_border": 0.0,
        "rew_cvar": 0.0,
        "rew_perc_good_solutions": 1.0,
        "num_tests": 50,
        "running_time": [
          0.00191497802734375,
          0.11400294303894043,
          0.002429962158203125,
          0.002892017364501953,
          0.0012781620025634766,
          0.0019867420196533203,
          0.0015690326690673828,
          0.0035681724548339844,
          0.18985414505004883,
          0.009822845458984375,
          0.0013082027435302734,
          0.06152820587158203,
          0.017271041870117188,
          0.008504152297973633,
          0.005794048309326172,
          0.010490179061889648,
          0.23977088928222656,
          0.05093812942504883,
          0.05507993698120117,
          0.6357471942901611,
          0.018949031829833984,
          0.004832744598388672,
          0.015219926834106445,
          0.09474015235900879,
          0.14728403091430664,
          0.03503084182739258,
          0.03687787055969238,
          0.03065800666809082,
          0.11198902130126953,
          0.293715238571167,
          0.6298959255218506,
          0.018867015838623047,
          0.003031015396118164,
          0.012421846389770508,
          0.010380029678344727,
          0.03294706344604492,
          0.10841798782348633,
          0.054534912109375,
          0.012359857559204102,
          0.01726388931274414,
          0.009434938430786133,
          0.19521212577819824,
          0.0007061958312988281,
          0.0007281303405761719,
          0.8974668979644775,
          0.000990152359008789,
          0.002874135971069336,
          0.016026973724365234,
          0.0015652179718017578,
          0.001641988754272461
        ]
      },