{
  "agent": {
    "rew_mean": 0.0,
    "rew_std": 0.0,
    "rew_best": 0.0,
    "rew_best_count": 50,
    "rew_worst": 0.0,
    "tardiness_mean": 0.0,
    "tardiness_std": 0.0,
    "tardiness_max_mean": 0.0,
    "makespan_tests": [
      22640,
      618728,
      15760,
      111600,
      20340,
      29596,
      219500,
      49800,
      3622500,
      94060,
      14265,
      323460,
      660700,
      44520,
      190798,
      635300,
      4738700,
      6262885,
      818940,
      2270200,
      796800,
      1221750,
      73040,
      310520,
      846400,
      834600,
      855900,
      1079130,
      515800,
      729640,
      2392000,
      905800,
      56355,
      70592,
      636300,
      107780,
      492220,
      152460,
      498940,
      669500,
      268980,
      3548600,
      24600,
      17992,
      4527480,
      16992,
      112500,
      47312,
      15090,
      174600
    ],
    "makespan_mean": 855279.3,
    "rew_worst_quantile_border": 0.0,
    "rew_cvar": 0.0,
    "rew_perc_good_solutions": 1.0,
    "num_tests": 50,
    "running_time": [
      0.0028362274169921875,
      0.14806675910949707,
      0.0035469532012939453,
      0.004107952117919922,
      0.0019538402557373047,
      0.0029969215393066406,
      0.0023899078369140625,
      0.004669904708862305,
      0.24432897567749023,
      0.013822317123413086,
      0.0018968582153320312,
      0.08128166198730469,
      0.022936105728149414,
      0.011897802352905273,
      0.008301973342895508,
      0.014596223831176758,
      0.3169209957122803,
      0.06944489479064941,
      0.06978321075439453,
      0.7259793281555176,
      0.02556610107421875,
      0.006661176681518555,
      0.021200895309448242,
      0.12470293045043945,
      0.17290973663330078,
      0.04230499267578125,
      0.0423429012298584,
      0.04114365577697754,
      0.12917494773864746,
      0.36967921257019043,
      0.7081151008605957,
      0.025125980377197266,
      0.0041310787200927734,
      0.01748490333557129,
      0.01476907730102539,
      0.04361987113952637,
      0.13851380348205566,
      0.07146120071411133,
      0.016129732131958008,
      0.022208690643310547,
      0.013174057006835938,
      0.24440407752990723,
      0.0010559558868408203,
      0.0011441707611083984,
      1.1475379467010498,
      0.0015499591827392578,
      0.004050016403198242,
      0.022181034088134766,
      0.002421855926513672,
      0.0024802684783935547
    ]
  },
  "test-data-file-names": [
    "bom_wide_2_7_20_5_No1",
    "bom_wide_5_9_15_5_No1",
    "bom_wide_2_7_20_10_No1",
    "bom_wide_2_10_30_15_No2",
    "bom_wide_2_11_13_5_No2",
    "bom_wide_2_9_10_5_No1",
    "bom_wide_2_10_10_5_No2",
    "bom_wide_4_6_16_4_No1",
    "bom_wide_5_10_10_5_No1",
    "bom_wide_3_7_10_5_No1",
    "bom_wide_3_5_16_4_No1",
    "bom_wide_5_6_20_4_No2",
    "bom_wide_3_10_30_15_No2",
    "bom_wide_3_7_15_5_No1",
    "bom_wide_3_8_15_5_No2",
    "bom_wide_3_10_10_5_No2",
    "bom_wide_5_3_10_5_No1",
    "bom_wide_4_8_10_5_No2",
    "bom_wide_5_8_20_5_No2",
    "bom_wide_5_10_30_15_No2",
    "bom_wide_4_10_10_5_No1",
    "bom_wide_5_4_16_4_No2",
    "bom_wide_3_9_15_5_No1",
    "bom_wide_4_7_12_5_No1",
    "bom_wide_4_6_40_15_No1",
    "bom_wide_4_10_30_15_No2",
    "bom_wide_4_10_30_15_No1",
    "bom_wide_4_7_12_5_No2",
    "bom_wide_4_6_40_15_No2",
    "bom_wide_5_8_20_5_No1",
    "bom_wide_5_10_30_15_No1",
    "bom_wide_4_10_10_5_No2",
    "bom_wide_5_4_16_4_No1",
    "bom_wide_3_9_15_5_No2",
    "bom_wide_3_10_10_5_No1",
    "bom_wide_3_8_15_5_No1",
    "bom_wide_5_3_10_5_No2",
    "bom_wide_4_8_10_5_No1",
    "bom_wide_5_6_20_4_No1",
    "bom_wide_3_10_30_15_No1",
    "bom_wide_4_6_16_4_No2",
    "bom_wide_5_10_10_5_No2",
    "bom_wide_3_5_16_4_No2",
    "bom_wide_2_7_20_5_No2",
    "bom_wide_5_9_15_5_No2",
    "bom_wide_2_7_20_10_No2",
    "bom_wide_2_10_30_15_No1",
    "bom_wide_2_11_13_5_No1",
    "bom_wide_2_9_10_5_No2",
    "bom_wide_2_10_10_5_No1"
  ]
}