{
  "agent": {
    "rew_mean": 0.0,
    "rew_std": 0.0,
    "rew_best": 0.0,
    "rew_best_count": 50,
    "rew_worst": 0.0,
    "tardiness_mean": 0.0,
    "tardiness_std": 0.0,
    "tardiness_max_mean": 0.0,
    "makespan_tests": [
      22640,
      558540,
      15660,
      111600,
      30640,
      31124,
      219500,
      50912,
      3639000,
      95740,
      14265,
      323460,
      660700,
      48480,
      227441,
      760700,
      4756260,
      5796995,
      818940,
      2270200,
      796900,
      1221750,
      74780,
      335500,
      846400,
      834600,
      855900,
      1089610,
      546800,
      736620,
      2392000,
      926700,
      56355,
      73044,
      665000,
      104984,
      496260,
      153260,
      498940,
      669500,
      333764,
      3652300,
      24600,
      18340,
      4500640,
      16992,
      111300,
      55504,
      17851,
      167900
    ],
    "makespan_mean": 854537.82,
    "rew_worst_quantile_border": 0.0,
    "rew_cvar": 0.0,
    "rew_perc_good_solutions": 1.0,
    "num_tests": 50,
    "running_time": [
      0.019902944564819336,
      1.1153719425201416,
      0.03223609924316406,
      0.03809404373168945,
      0.010495901107788086,
      0.01891613006591797,
      0.014616012573242188,
      0.021626949310302734,
      2.1274361610412598,
      0.11392688751220703,
      0.00883793830871582,
      0.6603138446807861,
      0.26359081268310547,
      0.07972407341003418,
      0.05193972587585449,
      0.10064387321472168,
      3.311673641204834,
      0.5064792633056641,
      0.4157848358154297,
      10.395885944366455,
      0.1649460792541504,
      0.04358792304992676,
      0.1593780517578125,
      1.1993257999420166,
      2.2998170852661133,
      0.3905060291290283,
      0.415114164352417,
      0.4312460422515869,
      1.6704330444335938,
      2.971134901046753,
      9.38272213935852,
      0.1587228775024414,
      0.019332170486450195,
      0.12649106979370117,
      0.1080620288848877,
      0.3176841735839844,
      1.2667899131774902,
      0.698369026184082,
      0.08102083206176758,
      0.2637648582458496,
      0.06740713119506836,
      2.1408379077911377,
      0.003920793533325195,
      0.005444765090942383,
      12.148575067520142,
      0.010531187057495117,
      0.038290977478027344,
      0.17368817329406738,
      0.013964176177978516,
      0.016023635864257812
    ]
  },
  "test-data-file-names": [
    "bom_wide_2_7_20_5_No1",
    "bom_wide_5_9_15_5_No1",
    "bom_wide_2_7_20_10_No1",
    "bom_wide_2_10_30_15_No2",
    "bom_wide_2_11_13_5_No2",
    "bom_wide_2_9_10_5_No1",
    "bom_wide_2_10_10_5_No2",
    "bom_wide_4_6_16_4_No1",
    "bom_wide_5_10_10_5_No1",
    "bom_wide_3_7_10_5_No1",
    "bom_wide_3_5_16_4_No1",
    "bom_wide_5_6_20_4_No2",
    "bom_wide_3_10_30_15_No2",
    "bom_wide_3_7_15_5_No1",
    "bom_wide_3_8_15_5_No2",
    "bom_wide_3_10_10_5_No2",
    "bom_wide_5_3_10_5_No1",
    "bom_wide_4_8_10_5_No2",
    "bom_wide_5_8_20_5_No2",
    "bom_wide_5_10_30_15_No2",
    "bom_wide_4_10_10_5_No1",
    "bom_wide_5_4_16_4_No2",
    "bom_wide_3_9_15_5_No1",
    "bom_wide_4_7_12_5_No1",
    "bom_wide_4_6_40_15_No1",
    "bom_wide_4_10_30_15_No2",
    "bom_wide_4_10_30_15_No1",
    "bom_wide_4_7_12_5_No2",
    "bom_wide_4_6_40_15_No2",
    "bom_wide_5_8_20_5_No1",
    "bom_wide_5_10_30_15_No1",
    "bom_wide_4_10_10_5_No2",
    "bom_wide_5_4_16_4_No1",
    "bom_wide_3_9_15_5_No2",
    "bom_wide_3_10_10_5_No1",
    "bom_wide_3_8_15_5_No1",
    "bom_wide_5_3_10_5_No2",
    "bom_wide_4_8_10_5_No1",
    "bom_wide_5_6_20_4_No1",
    "bom_wide_3_10_30_15_No1",
    "bom_wide_4_6_16_4_No2",
    "bom_wide_5_10_10_5_No2",
    "bom_wide_3_5_16_4_No2",
    "bom_wide_2_7_20_5_No2",
    "bom_wide_5_9_15_5_No2",
    "bom_wide_2_7_20_10_No2",
    "bom_wide_2_10_30_15_No1",
    "bom_wide_2_11_13_5_No1",
    "bom_wide_2_9_10_5_No2",
    "bom_wide_2_10_10_5_No1"
  ]
}