{
  "agent": {
    "rew_mean": 0.0,
    "rew_std": 0.0,
    "rew_best": 0.0,
    "rew_best_count": 50,
    "rew_worst": 0.0,
    "tardiness_mean": 0.0,
    "tardiness_std": 0.0,
    "tardiness_max_mean": 0.0,
    "makespan_tests": [
      22640,
      690988,
      20300,
      111600,
      30640,
      26204,
      239500,
      54672,
      3716300,
      96220,
      14265,
      323460,
      660700,
      78260,
      227441,
      851000,
      4988580,
      5785575,
      831080,
      2309100,
      898100,
      1221750,
      81748,
      343720,
      1328800,
      834600,
      855900,
      1429315,
      1002400,
      822060,
      2392000,
      928300,
      56355,
      79856,
      740500,
      110496,
      623640,
      203720,
      498940,
      669500,
      333764,
      3772400,
      28650,
      18340,
      5749520,
      16992,
      111300,
      53648,
      19005,
      197000
    ],
    "makespan_mean": 930016.88,
    "rew_worst_quantile_border": 0.0,
    "rew_cvar": 0.0,
    "rew_perc_good_solutions": 1.0,
    "num_tests": 50,
    "running_time": [
      0.009777307510375977,
      0.6783227920532227,
      0.017605066299438477,
      0.021581649780273438,
      0.0060770511627197266,
      0.011967897415161133,
      0.008608818054199219,
      0.01470494270324707,
      1.4745910167694092,
      0.06610512733459473,
      0.004813194274902344,
      0.4004838466644287,
      0.13790011405944824,
      0.05214214324951172,
      0.03062295913696289,
      0.06062006950378418,
      2.947197914123535,
      0.464108943939209,
      0.28548097610473633,
      5.366239786148071,
      0.09063076972961426,
      0.0216977596282959,
      0.08353686332702637,
      0.7465097904205322,
      1.2454378604888916,
      0.23066973686218262,
      0.22063398361206055,
      0.24718594551086426,
      0.909459114074707,
      1.87674880027771,
      5.2724878787994385,
      0.10140681266784668,
      0.008939981460571289,
      0.06339812278747559,
      0.06119585037231445,
      0.18031001091003418,
      0.7843189239501953,
      0.3872981071472168,
      0.045723915100097656,
      0.13640117645263672,
      0.0368039608001709,
      1.4145679473876953,
      0.002202749252319336,
      0.0026879310607910156,
      8.515736103057861,
      0.005825042724609375,
      0.018941164016723633,
      0.10206198692321777,
      0.007462024688720703,
      0.008539915084838867
    ]
  },
  "test-data-file-names": [
    "bom_wide_2_7_20_5_No1",
    "bom_wide_5_9_15_5_No1",
    "bom_wide_2_7_20_10_No1",
    "bom_wide_2_10_30_15_No2",
    "bom_wide_2_11_13_5_No2",
    "bom_wide_2_9_10_5_No1",
    "bom_wide_2_10_10_5_No2",
    "bom_wide_4_6_16_4_No1",
    "bom_wide_5_10_10_5_No1",
    "bom_wide_3_7_10_5_No1",
    "bom_wide_3_5_16_4_No1",
    "bom_wide_5_6_20_4_No2",
    "bom_wide_3_10_30_15_No2",
    "bom_wide_3_7_15_5_No1",
    "bom_wide_3_8_15_5_No2",
    "bom_wide_3_10_10_5_No2",
    "bom_wide_5_3_10_5_No1",
    "bom_wide_4_8_10_5_No2",
    "bom_wide_5_8_20_5_No2",
    "bom_wide_5_10_30_15_No2",
    "bom_wide_4_10_10_5_No1",
    "bom_wide_5_4_16_4_No2",
    "bom_wide_3_9_15_5_No1",
    "bom_wide_4_7_12_5_No1",
    "bom_wide_4_6_40_15_No1",
    "bom_wide_4_10_30_15_No2",
    "bom_wide_4_10_30_15_No1",
    "bom_wide_4_7_12_5_No2",
    "bom_wide_4_6_40_15_No2",
    "bom_wide_5_8_20_5_No1",
    "bom_wide_5_10_30_15_No1",
    "bom_wide_4_10_10_5_No2",
    "bom_wide_5_4_16_4_No1",
    "bom_wide_3_9_15_5_No2",
    "bom_wide_3_10_10_5_No1",
    "bom_wide_3_8_15_5_No1",
    "bom_wide_5_3_10_5_No2",
    "bom_wide_4_8_10_5_No1",
    "bom_wide_5_6_20_4_No1",
    "bom_wide_3_10_30_15_No1",
    "bom_wide_4_6_16_4_No2",
    "bom_wide_5_10_10_5_No2",
    "bom_wide_3_5_16_4_No2",
    "bom_wide_2_7_20_5_No2",
    "bom_wide_5_9_15_5_No2",
    "bom_wide_2_7_20_10_No2",
    "bom_wide_2_10_30_15_No1",
    "bom_wide_2_11_13_5_No1",
    "bom_wide_2_9_10_5_No2",
    "bom_wide_2_10_10_5_No1"
  ]
}