{
  "runs": [
    {
      "agent": {
        "rew_mean": 0.0,
        "rew_std": 0.0,
        "rew_best": 0.0,
        "rew_best_count": 50,
        "rew_worst": 0.0,
        "tardiness_mean": 0.0,
        "tardiness_std": 0.0,
        "tardiness_max_mean": 0.0,
        "makespan_tests": [
          20920,
          553948,
          15660,
          112200,
          20340,
          26424,
          219500,
          49800,
          3589000,
          84320,
          14265,
          323460,
          660700,
          42320,
          190798,
          689100,
          4736440,
          5940000,
          515480,
          2270200,
          796800,
          1221750,
          74676,
          314880,
          846400,
          834600,
          855900,
          1080660,
          516200,
          727920,
          2392000,
          772600,
          56355,
          65360,
          608800,
          100380,
          498100,
          147940,
          498940,
          669500,
          241492,
          3530300,
          24600,
          17480,
          4485860,
          16992,
          112500,
          41724,
          16660,
          177800
        ],
        "makespan_mean": 836400.88,
        "rew_worst_quantile_border": 0.0,
        "rew_cvar": 0.0,
        "rew_perc_good_solutions": 1.0,
        "num_tests": 50,
        "running_time": [
          0.0023920536041259766,
          0.14329910278320312,
          0.002868175506591797,
          0.0032279491424560547,
          0.0015990734100341797,
          0.002519845962524414,
          0.0019690990447998047,
          0.004080295562744141,
          0.24101710319519043,
          0.012511968612670898,
          0.0015439987182617188,
          0.0726468563079834,
          0.019052982330322266,
          0.01070713996887207,
          0.00733184814453125,
          0.013016939163208008,
          0.2978248596191406,
          0.06307077407836914,
          0.06492781639099121,
          0.6774070262908936,
          0.023256778717041016,
          0.005557060241699219,
          0.018969058990478516,
          0.11868715286254883,
          0.16062307357788086,
          0.03786110877990723,
          0.03807997703552246,
          0.03552389144897461,
          0.12145280838012695,
          0.3517138957977295,
          0.6876299381256104,
          0.02435612678527832,
          0.003582000732421875,
          0.015606880187988281,
          0.013108015060424805,
          0.044902801513671875,
          0.13684678077697754,
          0.06892013549804688,
          0.015382051467895508,
          0.0200960636138916,
          0.012190818786621094,
          0.4098341464996338,
          0.002559185028076172,
          0.0031549930572509766,
          1.6573560237884521,
          0.0011348724365234375,
          0.0032677650451660156,
          0.02125382423400879,
          0.0020720958709716797,
          0.002089977264404297
        ]
      },
      "test-data-file-names": [
        "bom_wide_2_7_20_5_No1",
        "bom_wide_5_9_15_5_No1",
        "bom_wide_2_7_20_10_No1",
        "bom_wide_2_10_30_15_No2",
        "bom_wide_2_11_13_5_No2",
        "bom_wide_2_9_10_5_No1",
        "bom_wide_2_10_10_5_No2",
        "bom_wide_4_6_16_4_No1",
        "bom_wide_5_10_10_5_No1",
        "bom_wide_3_7_10_5_No1",
        "bom_wide_3_5_16_4_No1",
        "bom_wide_5_6_20_4_No2",
        "bom_wide_3_10_30_15_No2",
        "bom_wide_3_7_15_5_No1",
        "bom_wide_3_8_15_5_No2",
        "bom_wide_3_10_10_5_No2",
        "bom_wide_5_3_10_5_No1",
        "bom_wide_4_8_10_5_No2",
        "bom_wide_5_8_20_5_No2",
        "bom_wide_5_10_30_15_No2",
        "bom_wide_4_10_10_5_No1",
        "bom_wide_5_4_16_4_No2",
        "bom_wide_3_9_15_5_No1",
        "bom_wide_4_7_12_5_No1",
        "bom_wide_4_6_40_15_No1",
        "bom_wide_4_10_30_15_No2",
        "bom_wide_4_10_30_15_No1",
        "bom_wide_4_7_12_5_No2",
        "bom_wide_4_6_40_15_No2",
        "bom_wide_5_8_20_5_No1",
        "bom_wide_5_10_30_15_No1",
        "bom_wide_4_10_10_5_No2",
        "bom_wide_5_4_16_4_No1",
        "bom_wide_3_9_15_5_No2",
        "bom_wide_3_10_10_5_No1",
        "bom_wide_3_8_15_5_No1",
        "bom_wide_5_3_10_5_No2",
        "bom_wide_4_8_10_5_No1",
        "bom_wide_5_6_20_4_No1",
        "bom_wide_3_10_30_15_No1",
        "bom_wide_4_6_16_4_No2",
        "bom_wide_5_10_10_5_No2",
        "bom_wide_3_5_16_4_No2",
        "bom_wide_2_7_20_5_No2",
        "bom_wide_5_9_15_5_No2",
        "bom_wide_2_7_20_10_No2",
        "bom_wide_2_10_30_15_No1",
        "bom_wide_2_11_13_5_No1",
        "bom_wide_2_9_10_5_No2",
        "bom_wide_2_10_10_5_No1"
      ]
    },
    {
      "agent": {
        "rew_mean": 0.0,
        "rew_std": 0.0,
        "rew_best": 0.0,
        "rew_best_count": 50,
        "rew_worst": 0.0,
        "tardiness_mean": 0.0,
        "tardiness_std": 0.0,
        "tardiness_max_mean": 0.0,
        "makespan_tests": [
          20920,
          553948,
          15660,
          112200,
          20340,
          26424,
          219500,
          49800,
          3589000,
          84320,
          14265,
          323460,
          660700,
          42320,
          190798,
          689100,
          4736440,
          5940000,
          515480,
          2270200,
          796800,
          1221750,
          74676,
          314880,
          846400,
          834600,
          855900,
          1080660,
          516200,
          727920,
          2392000,
          772600,
          56355,
          65360,
          608800,
          100380,
          498100,
          147940,
          498940,
          669500,
          241492,
          3530300,
          24600,
          17480,
          4485860,
          16992,
          112500,
          41724,
          16660,
          177800
        ],
        "makespan_mean": 836400.88,
        "rew_worst_quantile_border": 0.0,
        "rew_cvar": 0.0,
        "rew_perc_good_solutions": 1.0,
        "num_tests": 50,
        "running_time": [
          0.0023479461669921875,
          0.14326024055480957,
          0.002849102020263672,
          0.0031921863555908203,
          0.0016031265258789062,
          0.002524852752685547,
          0.001990795135498047,
          0.0040700435638427734,
          0.23715496063232422,
          0.012423276901245117,
          0.0015769004821777344,
          0.07243013381958008,
          0.019196748733520508,
          0.010483980178833008,
          0.00714421272277832,
          0.012934207916259766,
          0.3005518913269043,
          0.06407308578491211,
          0.06642389297485352,
          0.7040278911590576,
          0.023846864700317383,
          0.005651950836181641,
          0.019602060317993164,
          0.12375998497009277,
          0.17096686363220215,
          0.03872323036193848,
          0.03908586502075195,
          0.03762984275817871,
          0.1273820400238037,
          0.3663921356201172,
          0.7197780609130859,
          0.02350616455078125,
          0.003671884536743164,
          0.015631914138793945,
          0.013270854949951172,
          0.04222917556762695,
          0.13649988174438477,
          0.07053995132446289,
          0.015661954879760742,
          0.020195960998535156,
          0.011672735214233398,
          0.24005889892578125,
          0.0008389949798583984,
          0.0009570121765136719,
          1.0966699123382568,
          0.001132965087890625,
          0.0031931400299072266,
          0.020380735397338867,
          0.0019299983978271484,
          0.0020051002502441406
        ]
      },