{
  "agent": {
    "rew_mean": 0.0,
    "rew_std": 0.0,
    "rew_best": 0.0,
    "rew_best_count": 50,
    "rew_worst": 0.0,
    "tardiness_mean": 0.0,
    "tardiness_std": 0.0,
    "tardiness_max_mean": 0.0,
    "makespan_tests": [
      22640,
      607028,
      18860,
      121300,
      30290,
      31800,
      219500,
      49984,
      3653900,
      95080,
      14265,
      323460,
      660700,
      64260,
      227441,
      719800,
      5088880,
      6101710,
      818940,
      2270200,
      796800,
      1221750,
      81364,
      349740,
      887800,
      834600,
      855900,
      1127050,
      598600,
      771420,
      2392000,
      944800,
      56355,
      71552,
      692000,
      122836,
      516460,
      153760,
      498940,
      669500,
      333764,
      3648600,
      24600,
      18340,
      4745720,
      19636,
      123800,
      62508,
      21024,
      231200
    ],
    "makespan_mean": 880249.14,
    "rew_worst_quantile_border": 0.0,
    "rew_cvar": 0.0,
    "rew_perc_good_solutions": 1.0,
    "num_tests": 50,
    "running_time": [
      0.022031784057617188,
      0.8273298740386963,
      0.02012491226196289,
      0.026960134506225586,
      0.007270336151123047,
      0.01568603515625,
      0.010828018188476562,
      0.017055034637451172,
      1.7599458694458008,
      0.07766389846801758,
      0.00665593147277832,
      0.5171232223510742,
      0.18147993087768555,
      0.0611271858215332,
      0.03843092918395996,
      0.07743406295776367,
      2.654374837875366,
      0.3896341323852539,
      0.31479907035827637,
      7.236341953277588,
      0.12958574295043945,
      0.02899909019470215,
      0.11348819732666016,
      0.8702239990234375,
      1.7086451053619385,
      0.288388729095459,
      0.28174734115600586,
      0.34193992614746094,
      1.260638952255249,
      2.2624340057373047,
      7.050502061843872,
      0.12864398956298828,
      0.011926889419555664,
      0.09028983116149902,
      0.08344697952270508,
      0.24629974365234375,
      0.9585490226745605,
      0.5151379108428955,
      0.05835700035095215,
      0.17042803764343262,
      0.04779815673828125,
      1.7349369525909424,
      0.0031549930572509766,
      0.004303693771362305,
      10.898050785064697,
      0.008756160736083984,
      0.0260469913482666,
      0.14479780197143555,
      0.011333942413330078,
      0.011487960815429688
    ]
  },
  "test-data-file-names": [
    "bom_wide_2_7_20_5_No1",
    "bom_wide_5_9_15_5_No1",
    "bom_wide_2_7_20_10_No1",
    "bom_wide_2_10_30_15_No2",
    "bom_wide_2_11_13_5_No2",
    "bom_wide_2_9_10_5_No1",
    "bom_wide_2_10_10_5_No2",
    "bom_wide_4_6_16_4_No1",
    "bom_wide_5_10_10_5_No1",
    "bom_wide_3_7_10_5_No1",
    "bom_wide_3_5_16_4_No1",
    "bom_wide_5_6_20_4_No2",
    "bom_wide_3_10_30_15_No2",
    "bom_wide_3_7_15_5_No1",
    "bom_wide_3_8_15_5_No2",
    "bom_wide_3_10_10_5_No2",
    "bom_wide_5_3_10_5_No1",
    "bom_wide_4_8_10_5_No2",
    "bom_wide_5_8_20_5_No2",
    "bom_wide_5_10_30_15_No2",
    "bom_wide_4_10_10_5_No1",
    "bom_wide_5_4_16_4_No2",
    "bom_wide_3_9_15_5_No1",
    "bom_wide_4_7_12_5_No1",
    "bom_wide_4_6_40_15_No1",
    "bom_wide_4_10_30_15_No2",
    "bom_wide_4_10_30_15_No1",
    "bom_wide_4_7_12_5_No2",
    "bom_wide_4_6_40_15_No2",
    "bom_wide_5_8_20_5_No1",
    "bom_wide_5_10_30_15_No1",
    "bom_wide_4_10_10_5_No2",
    "bom_wide_5_4_16_4_No1",
    "bom_wide_3_9_15_5_No2",
    "bom_wide_3_10_10_5_No1",
    "bom_wide_3_8_15_5_No1",
    "bom_wide_5_3_10_5_No2",
    "bom_wide_4_8_10_5_No1",
    "bom_wide_5_6_20_4_No1",
    "bom_wide_3_10_30_15_No1",
    "bom_wide_4_6_16_4_No2",
    "bom_wide_5_10_10_5_No2",
    "bom_wide_3_5_16_4_No2",
    "bom_wide_2_7_20_5_No2",
    "bom_wide_5_9_15_5_No2",
    "bom_wide_2_7_20_10_No2",
    "bom_wide_2_10_30_15_No1",
    "bom_wide_2_11_13_5_No1",
    "bom_wide_2_9_10_5_No2",
    "bom_wide_2_10_10_5_No1"
  ]
}