{
  "runs": [
    {
      "agent": {
        "rew_mean": 0.0,
        "rew_std": 0.0,
        "rew_best": 0.0,
        "rew_best_count": 50,
        "rew_worst": 0.0,
        "tardiness_mean": 0.0,
        "tardiness_std": 0.0,
        "tardiness_max_mean": 0.0,
        "makespan_tests": [
          20560,
          540320,
          15660,
          112200,
          20340,
          26424,
          219500,
          49800,
          3569500,
          86340,
          14265,
          323460,
          660700,
          43360,
          192586,
          680400,
          4732940,
          5621445,
          551660,
          2270200,
          796800,
          1221750,
          70776,
          310220,
          846400,
          834600,
          855900,
          1081435,
          512400,
          727140,
          2392000,
          796900,
          56355,
          62896,
          615700,
          97896,
          491800,
          147020,
          498940,
          669500,
          241492,
          3507900,
          24600,
          17480,
          4483200,
          16992,
          112500,
          41916,
          16930,
          157800
        ],
        "makespan_mean": 829177.96,
        "rew_worst_quantile_border": 0.0,
        "rew_cvar": 0.0,
        "rew_perc_good_solutions": 1.0,
        "num_tests": 50,
        "running_time": [
          0.0021109580993652344,
          0.12029218673706055,
          0.002736806869506836,
          0.00323486328125,
          0.0014522075653076172,
          0.0022330284118652344,
          0.0017437934875488281,
          0.003721952438354492,
          0.2082047462463379,
          0.010947942733764648,
          0.0014181137084960938,
          0.06254220008850098,
          0.018645048141479492,
          0.009350061416625977,
          0.006242036819458008,
          0.011104106903076172,
          0.25035691261291504,
          0.05370903015136719,
          0.056319236755371094,
          0.6445770263671875,
          0.01949000358581543,
          0.0050089359283447266,
          0.015720844268798828,
          0.09714198112487793,
          0.14793920516967773,
          0.03570914268493652,
          0.03523993492126465,
          0.030994176864624023,
          0.11030006408691406,
          0.30071020126342773,
          0.6323590278625488,
          0.020693063735961914,
          0.0033240318298339844,
          0.01397705078125,
          0.011158943176269531,
          0.03546500205993652,
          0.11074090003967285,
          0.057496070861816406,
          0.012959957122802734,
          0.018431901931762695,
          0.010273933410644531,
          0.2015380859375,
          0.0007879734039306641,
          0.0008540153503417969,
          0.9090690612792969,
          0.0011477470397949219,
          0.003201007843017578,
          0.0172579288482666,
          0.0017518997192382812,
          0.001834869384765625
        ]
      },
      "test-data-file-names": [
        "bom_wide_2_7_20_5_No1",
        "bom_wide_5_9_15_5_No1",
        "bom_wide_2_7_20_10_No1",
        "bom_wide_2_10_30_15_No2",
        "bom_wide_2_11_13_5_No2",
        "bom_wide_2_9_10_5_No1",
        "bom_wide_2_10_10_5_No2",
        "bom_wide_4_6_16_4_No1",
        "bom_wide_5_10_10_5_No1",
        "bom_wide_3_7_10_5_No1",
        "bom_wide_3_5_16_4_No1",
        "bom_wide_5_6_20_4_No2",
        "bom_wide_3_10_30_15_No2",
        "bom_wide_3_7_15_5_No1",
        "bom_wide_3_8_15_5_No2",
        "bom_wide_3_10_10_5_No2",
        "bom_wide_5_3_10_5_No1",
        "bom_wide_4_8_10_5_No2",
        "bom_wide_5_8_20_5_No2",
        "bom_wide_5_10_30_15_No2",
        "bom_wide_4_10_10_5_No1",
        "bom_wide_5_4_16_4_No2",
        "bom_wide_3_9_15_5_No1",
        "bom_wide_4_7_12_5_No1",
        "bom_wide_4_6_40_15_No1",
        "bom_wide_4_10_30_15_No2",
        "bom_wide_4_10_30_15_No1",
        "bom_wide_4_7_12_5_No2",
        "bom_wide_4_6_40_15_No2",
        "bom_wide_5_8_20_5_No1",
        "bom_wide_5_10_30_15_No1",
        "bom_wide_4_10_10_5_No2",
        "bom_wide_5_4_16_4_No1",
        "bom_wide_3_9_15_5_No2",
        "bom_wide_3_10_10_5_No1",
        "bom_wide_3_8_15_5_No1",
        "bom_wide_5_3_10_5_No2",
        "bom_wide_4_8_10_5_No1",
        "bom_wide_5_6_20_4_No1",
        "bom_wide_3_10_30_15_No1",
        "bom_wide_4_6_16_4_No2",
        "bom_wide_5_10_10_5_No2",
        "bom_wide_3_5_16_4_No2",
        "bom_wide_2_7_20_5_No2",
        "bom_wide_5_9_15_5_No2",
        "bom_wide_2_7_20_10_No2",
        "bom_wide_2_10_30_15_No1",
        "bom_wide_2_11_13_5_No1",
        "bom_wide_2_9_10_5_No2",
        "bom_wide_2_10_10_5_No1"
      ]
    },
    {
      "agent": {
        "rew_mean": 0.0,
        "rew_std": 0.0,
        "rew_best": 0.0,
        "rew_best_count": 50,
        "rew_worst": 0.0,
        "tardiness_mean": 0.0,
        "tardiness_std": 0.0,
        "tardiness_max_mean": 0.0,
        "makespan_tests": [
          20560,
          540320,
          15660,
          112200,
          20340,
          26424,
          219500,
          49800,
          3569500,
          86340,
          14265,
          323460,
          660700,
          43360,
          192586,
          680400,
          4732940,
          5621445,
          551660,
          2270200,
          796800,
          1221750,
          70776,
          310220,
          846400,
          834600,
          855900,
          1081435,
          512400,
          727140,
          2392000,
          796900,
          56355,
          62896,
          615700,
          97896,
          491800,
          147020,
          498940,
          669500,
          241492,
          3507900,
          24600,
          17480,
          4483200,
          16992,
          112500,
          41916,
          16930,
          157800
        ],
        "makespan_mean": 829177.96,
        "rew_worst_quantile_border": 0.0,
        "rew_cvar": 0.0,
        "rew_perc_good_solutions": 1.0,
        "num_tests": 50,
        "running_time": [
          0.002125978469848633,
          0.11724185943603516,
          0.0026929378509521484,
          0.0031309127807617188,
          0.0014209747314453125,
          0.0021822452545166016,
          0.0017180442810058594,
          0.0036530494689941406,
          0.19692111015319824,
          0.01073598861694336,
          0.0014371871948242188,
          0.0644381046295166,
          0.01918482780456543,
          0.009510993957519531,
          0.0063741207122802734,
          0.011229991912841797,
          0.25032615661621094,
          0.05665111541748047,
          0.060517072677612305,
          0.6327869892120361,
          0.0204617977142334,
          0.005070924758911133,
          0.015858173370361328,
          0.09736514091491699,
          0.1493520736694336,
          0.03767800331115723,
          0.03677177429199219,
          0.03165912628173828,
          0.11766624450683594,
          0.3015427589416504,
          0.6345489025115967,
          0.01964116096496582,
          0.0031731128692626953,
          0.012964963912963867,
          0.010902881622314453,
          0.03403615951538086,
          0.10829615592956543,
          0.05654096603393555,
          0.012848854064941406,
          0.018988847732543945,
          0.010358095169067383,
          0.19539093971252441,
          0.0007920265197753906,
          0.0008628368377685547,
          0.9093990325927734,
          0.0011591911315917969,
          0.0032241344451904297,
          0.017406225204467773,
          0.0017731189727783203,
          0.0018439292907714844
        ]
      },