{
  "agent": {
    "rew_mean": 0.0,
    "rew_std": 0.0,
    "rew_best": 0.0,
    "rew_best_count": 50,
    "rew_worst": 0.0,
    "tardiness_mean": 0.0,
    "tardiness_std": 0.0,
    "tardiness_max_mean": 0.0,
    "makespan_tests": [
      26820,
      606940,
      18600,
      111600,
      21680,
      30948,
      243700,
      51144,
      3862500,
      91340,
      15705,
      323460,
      689300,
      49020,
      215796,
      703900,
      5341340,
      6052645,
      633520,
      2347000,
      863000,
      1221750,
      84744,
      366300,
      980500,
      850500,
      875700,
      1224825,
      679800,
      763280,
      2462700,
      834200,
      56355,
      76320,
      763000,
      121208,
      566660,
      189140,
      498940,
      702300,
      303028,
      3788000,
      24600,
      18816,
      5334680,
      20112,
      111300,
      59328,
      18528,
      188900
    ],
    "makespan_mean": 909709.44,
    "rew_worst_quantile_border": 0.0,
    "rew_cvar": 0.0,
    "rew_perc_good_solutions": 1.0,
    "num_tests": 50,
    "running_time": [
      0.009463071823120117,
      0.7935478687286377,
      0.017541885375976562,
      0.01969289779663086,
      0.006730794906616211,
      0.011558055877685547,
      0.008592844009399414,
      0.014184951782226562,
      1.6474790573120117,
      0.07314419746398926,
      0.005384922027587891,
      0.4355809688568115,
      0.13501906394958496,
      0.049626827239990234,
      0.031485795974731445,
      0.06444883346557617,
      2.398926019668579,
      0.32859325408935547,
      0.27019214630126953,
      5.915210962295532,
      0.10111594200134277,
      0.02460169792175293,
      0.09762096405029297,
      0.7824440002441406,
      1.329498052597046,
      0.2377469539642334,
      0.371737003326416,
      0.5491781234741211,
      1.1166110038757324,
      1.9847378730773926,
      5.883893966674805,
      0.10196828842163086,
      0.009778261184692383,
      0.0751638412475586,
      0.0646820068359375,
      0.2042398452758789,
      0.8368380069732666,
      0.4261348247528076,
      0.046859025955200195,
      0.13083291053771973,
      0.04093527793884277,
      1.5649681091308594,
      0.0027294158935546875,
      0.0029566287994384766,
      8.472702026367188,
      0.006139039993286133,
      0.0198211669921875,
      0.11028385162353516,
      0.010426759719848633,
      0.00860595703125
    ]
  },
  "test-data-file-names": [
    "bom_wide_2_7_20_5_No1",
    "bom_wide_5_9_15_5_No1",
    "bom_wide_2_7_20_10_No1",
    "bom_wide_2_10_30_15_No2",
    "bom_wide_2_11_13_5_No2",
    "bom_wide_2_9_10_5_No1",
    "bom_wide_2_10_10_5_No2",
    "bom_wide_4_6_16_4_No1",
    "bom_wide_5_10_10_5_No1",
    "bom_wide_3_7_10_5_No1",
    "bom_wide_3_5_16_4_No1",
    "bom_wide_5_6_20_4_No2",
    "bom_wide_3_10_30_15_No2",
    "bom_wide_3_7_15_5_No1",
    "bom_wide_3_8_15_5_No2",
    "bom_wide_3_10_10_5_No2",
    "bom_wide_5_3_10_5_No1",
    "bom_wide_4_8_10_5_No2",
    "bom_wide_5_8_20_5_No2",
    "bom_wide_5_10_30_15_No2",
    "bom_wide_4_10_10_5_No1",
    "bom_wide_5_4_16_4_No2",
    "bom_wide_3_9_15_5_No1",
    "bom_wide_4_7_12_5_No1",
    "bom_wide_4_6_40_15_No1",
    "bom_wide_4_10_30_15_No2",
    "bom_wide_4_10_30_15_No1",
    "bom_wide_4_7_12_5_No2",
    "bom_wide_4_6_40_15_No2",
    "bom_wide_5_8_20_5_No1",
    "bom_wide_5_10_30_15_No1",
    "bom_wide_4_10_10_5_No2",
    "bom_wide_5_4_16_4_No1",
    "bom_wide_3_9_15_5_No2",
    "bom_wide_3_10_10_5_No1",
    "bom_wide_3_8_15_5_No1",
    "bom_wide_5_3_10_5_No2",
    "bom_wide_4_8_10_5_No1",
    "bom_wide_5_6_20_4_No1",
    "bom_wide_3_10_30_15_No1",
    "bom_wide_4_6_16_4_No2",
    "bom_wide_5_10_10_5_No2",
    "bom_wide_3_5_16_4_No2",
    "bom_wide_2_7_20_5_No2",
    "bom_wide_5_9_15_5_No2",
    "bom_wide_2_7_20_10_No2",
    "bom_wide_2_10_30_15_No1",
    "bom_wide_2_11_13_5_No1",
    "bom_wide_2_9_10_5_No2",
    "bom_wide_2_10_10_5_No1"
  ]
}