{
  "agent": {
    "rew_mean": 0.0,
    "rew_std": 0.0,
    "rew_best": 0.0,
    "rew_best_count": 50,
    "rew_worst": 0.0,
    "tardiness_mean": 0.0,
    "tardiness_std": 0.0,
    "tardiness_max_mean": 0.0,
    "makespan_tests": [
      22640,
      689148,
      20300,
      148200,
      30640,
      32760,
      263100,
      72176,
      5375200,
      102220,
      14265,
      325580,
      1080400,
      73960,
      277868,
      976300,
      5530240,
      5858295,
      833240,
      5507700,
      1217900,
      1221750,
      154456,
      461080,
      2165000,
      1808200,
      895400,
      1480580,
      2623800,
      831280,
      4336400,
      1163500,
      56355,
      95396,
      969300,
      127464,
      648320,
      246660,
      498940,
      1062200,
      564028,
      5166100,
      28650,
      31796,
      6516140,
      21164,
      181100,
      60600,
      23840,
      259900
    ],
    "makespan_mean": 1243030.62,
    "rew_worst_quantile_border": 0.0,
    "rew_cvar": 0.0,
    "rew_perc_good_solutions": 1.0,
    "num_tests": 50,
    "running_time": [
      0.013519763946533203,
      0.8699619770050049,
      0.020196914672851562,
      0.0247039794921875,
      0.006889820098876953,
      0.01363515853881836,
      0.009509801864624023,
      0.015495061874389648,
      1.6938183307647705,
      0.0841219425201416,
      0.005907773971557617,
      0.5055637359619141,
      0.17873477935791016,
      0.05697989463806152,
      0.034308671951293945,
      0.08200192451477051,
      2.619556188583374,
      0.3920907974243164,
      0.31961703300476074,
      7.470174074172974,
      0.12559795379638672,
      0.029164791107177734,
      0.10183191299438477,
      0.8563511371612549,
      1.587325096130371,
      0.29426097869873047,
      0.2834901809692383,
      0.31993699073791504,
      1.1803607940673828,
      2.2667500972747803,
      7.197037220001221,
      0.13144803047180176,
      0.012141704559326172,
      0.08247494697570801,
      0.07976722717285156,
      0.2258009910583496,
      0.9534831047058105,
      0.4812510013580322,
      0.05807185173034668,
      0.18381214141845703,
      0.04764294624328613,
      1.6974208354949951,
      0.0026521682739257812,
      0.003453969955444336,
      9.517884969711304,
      0.007136106491088867,
      0.024474143981933594,
      0.12934088706970215,
      0.009922981262207031,
      0.011058807373046875
    ]
  },
  "test-data-file-names": [
    "bom_wide_2_7_20_5_No1",
    "bom_wide_5_9_15_5_No1",
    "bom_wide_2_7_20_10_No1",
    "bom_wide_2_10_30_15_No2",
    "bom_wide_2_11_13_5_No2",
    "bom_wide_2_9_10_5_No1",
    "bom_wide_2_10_10_5_No2",
    "bom_wide_4_6_16_4_No1",
    "bom_wide_5_10_10_5_No1",
    "bom_wide_3_7_10_5_No1",
    "bom_wide_3_5_16_4_No1",
    "bom_wide_5_6_20_4_No2",
    "bom_wide_3_10_30_15_No2",
    "bom_wide_3_7_15_5_No1",
    "bom_wide_3_8_15_5_No2",
    "bom_wide_3_10_10_5_No2",
    "bom_wide_5_3_10_5_No1",
    "bom_wide_4_8_10_5_No2",
    "bom_wide_5_8_20_5_No2",
    "bom_wide_5_10_30_15_No2",
    "bom_wide_4_10_10_5_No1",
    "bom_wide_5_4_16_4_No2",
    "bom_wide_3_9_15_5_No1",
    "bom_wide_4_7_12_5_No1",
    "bom_wide_4_6_40_15_No1",
    "bom_wide_4_10_30_15_No2",
    "bom_wide_4_10_30_15_No1",
    "bom_wide_4_7_12_5_No2",
    "bom_wide_4_6_40_15_No2",
    "bom_wide_5_8_20_5_No1",
    "bom_wide_5_10_30_15_No1",
    "bom_wide_4_10_10_5_No2",
    "bom_wide_5_4_16_4_No1",
    "bom_wide_3_9_15_5_No2",
    "bom_wide_3_10_10_5_No1",
    "bom_wide_3_8_15_5_No1",
    "bom_wide_5_3_10_5_No2",
    "bom_wide_4_8_10_5_No1",
    "bom_wide_5_6_20_4_No1",
    "bom_wide_3_10_30_15_No1",
    "bom_wide_4_6_16_4_No2",
    "bom_wide_5_10_10_5_No2",
    "bom_wide_3_5_16_4_No2",
    "bom_wide_2_7_20_5_No2",
    "bom_wide_5_9_15_5_No2",
    "bom_wide_2_7_20_10_No2",
    "bom_wide_2_10_30_15_No1",
    "bom_wide_2_11_13_5_No1",
    "bom_wide_2_9_10_5_No2",
    "bom_wide_2_10_10_5_No1"
  ]
}