{
  "agent": {
    "rew_mean": 0.0,
    "rew_std": 0.0,
    "rew_best": 0.0,
    "rew_best_count": 50,
    "rew_worst": 0.0,
    "tardiness_mean": 0.0,
    "tardiness_std": 0.0,
    "tardiness_max_mean": 0.0,
    "makespan_tests": [
      20920,
      553948,
      15660,
      112200,
      20340,
      26424,
      219500,
      49800,
      3589000,
      84320,
      14265,
      323460,
      660700,
      42320,
      190798,
      689100,
      4736440,
      5940000,
      515480,
      2270200,
      796800,
      1221750,
      74676,
      314880,
      846400,
      834600,
      855900,
      1080660,
      516200,
      727920,
      2392000,
      772600,
      56355,
      65360,
      608800,
      100380,
      498100,
      147940,
      498940,
      669500,
      241492,
      3530300,
      24600,
      17480,
      4485860,
      16992,
      112500,
      41724,
      16660,
      177800
    ],
    "makespan_mean": 836400.88,
    "rew_worst_quantile_border": 0.0,
    "rew_cvar": 0.0,
    "rew_perc_good_solutions": 1.0,
    "num_tests": 50,
    "running_time": [
      0.0038378238677978516,
      0.23476886749267578,
      0.004456758499145508,
      0.0048220157623291016,
      0.002761363983154297,
      0.0043337345123291016,
      0.0034508705139160156,
      0.006441354751586914,
      0.4035990238189697,
      0.022194862365722656,
      0.002471923828125,
      0.11609601974487305,
      0.02867412567138672,
      0.01822686195373535,
      0.012104988098144531,
      0.02360081672668457,
      0.5191099643707275,
      0.1095128059387207,
      0.10263395309448242,
      0.9886999130249023,
      0.0405430793762207,
      0.008530855178833008,
      0.033432722091674805,
      0.20297694206237793,
      0.23851680755615234,
      0.06125307083129883,
      0.05645322799682617,
      0.05828499794006348,
      0.17624282836914062,
      0.5692009925842285,
      0.9876821041107178,
      0.03896594047546387,
      0.0053708553314208984,
      0.026144981384277344,
      0.022964954376220703,
      0.07140302658081055,
      0.22092676162719727,
      0.11639404296875,
      0.02248668670654297,
      0.02819037437438965,
      0.018925189971923828,
      0.3905489444732666,
      0.0012440681457519531,
      0.0014138221740722656,
      2.3187367916107178,
      0.0022699832916259766,
      0.005605936050415039,
      0.045004844665527344,
      0.003712177276611328,
      0.00481104850769043
    ]
  },
  "test-data-file-names": [
    "bom_wide_2_7_20_5_No1",
    "bom_wide_5_9_15_5_No1",
    "bom_wide_2_7_20_10_No1",
    "bom_wide_2_10_30_15_No2",
    "bom_wide_2_11_13_5_No2",
    "bom_wide_2_9_10_5_No1",
    "bom_wide_2_10_10_5_No2",
    "bom_wide_4_6_16_4_No1",
    "bom_wide_5_10_10_5_No1",
    "bom_wide_3_7_10_5_No1",
    "bom_wide_3_5_16_4_No1",
    "bom_wide_5_6_20_4_No2",
    "bom_wide_3_10_30_15_No2",
    "bom_wide_3_7_15_5_No1",
    "bom_wide_3_8_15_5_No2",
    "bom_wide_3_10_10_5_No2",
    "bom_wide_5_3_10_5_No1",
    "bom_wide_4_8_10_5_No2",
    "bom_wide_5_8_20_5_No2",
    "bom_wide_5_10_30_15_No2",
    "bom_wide_4_10_10_5_No1",
    "bom_wide_5_4_16_4_No2",
    "bom_wide_3_9_15_5_No1",
    "bom_wide_4_7_12_5_No1",
    "bom_wide_4_6_40_15_No1",
    "bom_wide_4_10_30_15_No2",
    "bom_wide_4_10_30_15_No1",
    "bom_wide_4_7_12_5_No2",
    "bom_wide_4_6_40_15_No2",
    "bom_wide_5_8_20_5_No1",
    "bom_wide_5_10_30_15_No1",
    "bom_wide_4_10_10_5_No2",
    "bom_wide_5_4_16_4_No1",
    "bom_wide_3_9_15_5_No2",
    "bom_wide_3_10_10_5_No1",
    "bom_wide_3_8_15_5_No1",
    "bom_wide_5_3_10_5_No2",
    "bom_wide_4_8_10_5_No1",
    "bom_wide_5_6_20_4_No1",
    "bom_wide_3_10_30_15_No1",
    "bom_wide_4_6_16_4_No2",
    "bom_wide_5_10_10_5_No2",
    "bom_wide_3_5_16_4_No2",
    "bom_wide_2_7_20_5_No2",
    "bom_wide_5_9_15_5_No2",
    "bom_wide_2_7_20_10_No2",
    "bom_wide_2_10_30_15_No1",
    "bom_wide_2_11_13_5_No1",
    "bom_wide_2_9_10_5_No2",
    "bom_wide_2_10_10_5_No1"
  ]
}