{
  "agent": {
    "rew_mean": 0.0,
    "rew_std": 0.0,
    "rew_best": 0.0,
    "rew_best_count": 50,
    "rew_worst": 0.0,
    "tardiness_mean": 0.0,
    "tardiness_std": 0.0,
    "tardiness_max_mean": 0.0,
    "makespan_tests": [
      18380,
      566224,
      16280,
      119400,
      21670,
      27104,
      224400,
      53352,
      3603700,
      85900,
      14265,
      323460,
      688700,
      45400,
      190798,
      611300,
      4754480,
      5571300,
      601280,
      2270200,
      796800,
      1221750,
      86820,
      319020,
      850000,
      854400,
      855900,
      1081120,
      609600,
      744220,
      2392000,
      772600,
      56355,
      72872,
      604000,
      105004,
      494760,
      149140,
      498940,
      713500,
      257868,
      3554000,
      24600,
      17852,
      4488140,
      20472,
      118500,
      49544,
      15960,
      175300
    ],
    "makespan_mean": 836172.6,
    "rew_worst_quantile_border": 0.0,
    "rew_cvar": 0.0,
    "rew_perc_good_solutions": 1.0,
    "num_tests": 50,
    "running_time": [
      0.0018990039825439453,
      0.11317229270935059,
      0.0024080276489257812,
      0.002830028533935547,
      0.0012400150299072266,
      0.001911163330078125,
      0.0015368461608886719,
      0.0033457279205322266,
      0.18443083763122559,
      0.009614944458007812,
      0.0012810230255126953,
      0.060704946517944336,
      0.01696014404296875,
      0.008228063583374023,
      0.005645036697387695,
      0.009978771209716797,
      0.23686695098876953,
      0.049688100814819336,
      0.05489301681518555,
      0.6291472911834717,
      0.01813983917236328,
      0.004750251770019531,
      0.014869928359985352,
      0.09209084510803223,
      0.14376425743103027,
      0.0337371826171875,
      0.033879995346069336,
      0.029312849044799805,
      0.10875821113586426,
      0.2832369804382324,
      0.6341989040374756,
      0.018883943557739258,
      0.0030291080474853516,
      0.012212991714477539,
      0.010141849517822266,
      0.03184628486633301,
      0.10594725608825684,
      0.05272102355957031,
      0.011990785598754883,
      0.016795873641967773,
      0.009317874908447266,
      0.18433594703674316,
      0.0006947517395019531,
      0.0007081031799316406,
      0.865976095199585,
      0.0009577274322509766,
      0.002807140350341797,
      0.015756845474243164,
      0.0015149116516113281,
      0.0016460418701171875
    ]
  },
  "test-data-file-names": [
    "bom_wide_2_7_20_5_No1",
    "bom_wide_5_9_15_5_No1",
    "bom_wide_2_7_20_10_No1",
    "bom_wide_2_10_30_15_No2",
    "bom_wide_2_11_13_5_No2",
    "bom_wide_2_9_10_5_No1",
    "bom_wide_2_10_10_5_No2",
    "bom_wide_4_6_16_4_No1",
    "bom_wide_5_10_10_5_No1",
    "bom_wide_3_7_10_5_No1",
    "bom_wide_3_5_16_4_No1",
    "bom_wide_5_6_20_4_No2",
    "bom_wide_3_10_30_15_No2",
    "bom_wide_3_7_15_5_No1",
    "bom_wide_3_8_15_5_No2",
    "bom_wide_3_10_10_5_No2",
    "bom_wide_5_3_10_5_No1",
    "bom_wide_4_8_10_5_No2",
    "bom_wide_5_8_20_5_No2",
    "bom_wide_5_10_30_15_No2",
    "bom_wide_4_10_10_5_No1",
    "bom_wide_5_4_16_4_No2",
    "bom_wide_3_9_15_5_No1",
    "bom_wide_4_7_12_5_No1",
    "bom_wide_4_6_40_15_No1",
    "bom_wide_4_10_30_15_No2",
    "bom_wide_4_10_30_15_No1",
    "bom_wide_4_7_12_5_No2",
    "bom_wide_4_6_40_15_No2",
    "bom_wide_5_8_20_5_No1",
    "bom_wide_5_10_30_15_No1",
    "bom_wide_4_10_10_5_No2",
    "bom_wide_5_4_16_4_No1",
    "bom_wide_3_9_15_5_No2",
    "bom_wide_3_10_10_5_No1",
    "bom_wide_3_8_15_5_No1",
    "bom_wide_5_3_10_5_No2",
    "bom_wide_4_8_10_5_No1",
    "bom_wide_5_6_20_4_No1",
    "bom_wide_3_10_30_15_No1",
    "bom_wide_4_6_16_4_No2",
    "bom_wide_5_10_10_5_No2",
    "bom_wide_3_5_16_4_No2",
    "bom_wide_2_7_20_5_No2",
    "bom_wide_5_9_15_5_No2",
    "bom_wide_2_7_20_10_No2",
    "bom_wide_2_10_30_15_No1",
    "bom_wide_2_11_13_5_No1",
    "bom_wide_2_9_10_5_No2",
    "bom_wide_2_10_10_5_No1"
  ]
}