{
  "agent": {
    "rew_mean": 0.0,
    "rew_std": 0.0,
    "rew_best": 0.0,
    "rew_best_count": 50,
    "rew_worst": 0.0,
    "tardiness_mean": 0.0,
    "tardiness_std": 0.0,
    "tardiness_max_mean": 0.0,
    "makespan_tests": [
      20920,
      553948,
      15660,
      112200,
      20340,
      26424,
      219500,
      49800,
      3589000,
      84320,
      14265,
      323460,
      660700,
      42320,
      190798,
      689100,
      4736440,
      5940000,
      515480,
      2270200,
      796800,
      1221750,
      74676,
      314880,
      846400,
      834600,
      855900,
      1080660,
      516200,
      727920,
      2392000,
      772600,
      56355,
      65360,
      608800,
      100380,
      498100,
      147940,
      498940,
      669500,
      241492,
      3530300,
      24600,
      17480,
      4485860,
      16992,
      112500,
      41724,
      16660,
      177800
    ],
    "makespan_mean": 836400.88,
    "rew_worst_quantile_border": 0.0,
    "rew_cvar": 0.0,
    "rew_perc_good_solutions": 1.0,
    "num_tests": 50,
    "running_time": [
      0.0024192333221435547,
      0.14550113677978516,
      0.002913951873779297,
      0.0033681392669677734,
      0.0018100738525390625,
      0.0025260448455810547,
      0.0020699501037597656,
      0.004446983337402344,
      0.2430589199066162,
      0.012434244155883789,
      0.001544952392578125,
      0.07194209098815918,
      0.018685340881347656,
      0.010421037673950195,
      0.007093906402587891,
      0.012817144393920898,
      0.28997135162353516,
      0.061923980712890625,
      0.06384706497192383,
      0.7077481746673584,
      0.024319887161254883,
      0.005765199661254883,
      0.02942204475402832,
      0.16251707077026367,
      0.17301106452941895,
      0.03881716728210449,
      0.0455167293548584,
      0.04090690612792969,
      0.15620183944702148,
      0.5288329124450684,
      0.7554020881652832,
      0.02314901351928711,
      0.0034329891204833984,
      0.0158388614654541,
      0.013061046600341797,
      0.04077911376953125,
      0.127777099609375,
      0.06678509712219238,
      0.014302968978881836,
      0.01871776580810547,
      0.01124119758605957,
      0.2313239574432373,
      0.0008337497711181641,
      0.0009069442749023438,
      1.0741767883300781,
      0.0011219978332519531,
      0.0031850337982177734,
      0.020465850830078125,
      0.0019409656524658203,
      0.0019960403442382812
    ]
  },
  "test-data-file-names": [
    "bom_wide_2_7_20_5_No1",
    "bom_wide_5_9_15_5_No1",
    "bom_wide_2_7_20_10_No1",
    "bom_wide_2_10_30_15_No2",
    "bom_wide_2_11_13_5_No2",
    "bom_wide_2_9_10_5_No1",
    "bom_wide_2_10_10_5_No2",
    "bom_wide_4_6_16_4_No1",
    "bom_wide_5_10_10_5_No1",
    "bom_wide_3_7_10_5_No1",
    "bom_wide_3_5_16_4_No1",
    "bom_wide_5_6_20_4_No2",
    "bom_wide_3_10_30_15_No2",
    "bom_wide_3_7_15_5_No1",
    "bom_wide_3_8_15_5_No2",
    "bom_wide_3_10_10_5_No2",
    "bom_wide_5_3_10_5_No1",
    "bom_wide_4_8_10_5_No2",
    "bom_wide_5_8_20_5_No2",
    "bom_wide_5_10_30_15_No2",
    "bom_wide_4_10_10_5_No1",
    "bom_wide_5_4_16_4_No2",
    "bom_wide_3_9_15_5_No1",
    "bom_wide_4_7_12_5_No1",
    "bom_wide_4_6_40_15_No1",
    "bom_wide_4_10_30_15_No2",
    "bom_wide_4_10_30_15_No1",
    "bom_wide_4_7_12_5_No2",
    "bom_wide_4_6_40_15_No2",
    "bom_wide_5_8_20_5_No1",
    "bom_wide_5_10_30_15_No1",
    "bom_wide_4_10_10_5_No2",
    "bom_wide_5_4_16_4_No1",
    "bom_wide_3_9_15_5_No2",
    "bom_wide_3_10_10_5_No1",
    "bom_wide_3_8_15_5_No1",
    "bom_wide_5_3_10_5_No2",
    "bom_wide_4_8_10_5_No1",
    "bom_wide_5_6_20_4_No1",
    "bom_wide_3_10_30_15_No1",
    "bom_wide_4_6_16_4_No2",
    "bom_wide_5_10_10_5_No2",
    "bom_wide_3_5_16_4_No2",
    "bom_wide_2_7_20_5_No2",
    "bom_wide_5_9_15_5_No2",
    "bom_wide_2_7_20_10_No2",
    "bom_wide_2_10_30_15_No1",
    "bom_wide_2_11_13_5_No1",
    "bom_wide_2_9_10_5_No2",
    "bom_wide_2_10_10_5_No1"
  ]
}