{
  "agent": {
    "rew_mean": 0.0,
    "rew_std": 0.0,
    "rew_best": 0.0,
    "rew_best_count": 50,
    "rew_worst": 0.0,
    "tardiness_mean": 0.0,
    "tardiness_std": 0.0,
    "tardiness_max_mean": 0.0,
    "makespan_tests": [
      22640,
      564608,
      15660,
      111600,
      30640,
      31124,
      219500,
      50912,
      3657100,
      95740,
      14265,
      323460,
      660700,
      48480,
      227441,
      760700,
      4752180,
      5796995,
      818940,
      2270200,
      796900,
      1221750,
      74780,
      324100,
      846400,
      834600,
      855900,
      1088115,
      546800,
      736180,
      2392000,
      926700,
      56355,
      73044,
      665000,
      108996,
      499240,
      152140,
      498940,
      669500,
      333764,
      3620900,
      24600,
      18340,
      4498560,
      16992,
      111300,
      55504,
      19850,
      167900
    ],
    "makespan_mean": 854160.7,
    "rew_worst_quantile_border": 0.0,
    "rew_cvar": 0.0,
    "rew_perc_good_solutions": 1.0,
    "num_tests": 50,
    "running_time": [
      0.004623889923095703,
      0.3873920440673828,
      0.006686210632324219,
      0.007933855056762695,
      0.00255584716796875,
      0.004613161087036133,
      0.0035109519958496094,
      0.00612187385559082,
      0.8788752555847168,
      0.03116607666015625,
      0.002341032028198242,
      0.19611120223999023,
      0.0589299201965332,
      0.02115464210510254,
      0.01351618766784668,
      0.026893138885498047,
      1.4010040760040283,
      0.17027997970581055,
      0.13393712043762207,
      3.0240440368652344,
      0.04815196990966797,
      0.010888099670410156,
      0.041295766830444336,
      0.4202570915222168,
      0.5967559814453125,
      0.09946799278259277,
      0.10561418533325195,
      0.1275780200958252,
      0.4216151237487793,
      1.1168212890625,
      3.0426790714263916,
      0.047775983810424805,
      0.005254030227661133,
      0.032900094985961914,
      0.029462099075317383,
      0.09321093559265137,
      0.4791989326477051,
      0.2228090763092041,
      0.024231910705566406,
      0.05867886543273926,
      0.019481897354125977,
      0.867171049118042,
      0.0010569095611572266,
      0.00131988525390625,
      5.661850214004517,
      0.002195119857788086,
      0.007875919342041016,
      0.046643972396850586,
      0.0033309459686279297,
      0.0038390159606933594
    ]
  },
  "test-data-file-names": [
    "bom_wide_2_7_20_5_No1",
    "bom_wide_5_9_15_5_No1",
    "bom_wide_2_7_20_10_No1",
    "bom_wide_2_10_30_15_No2",
    "bom_wide_2_11_13_5_No2",
    "bom_wide_2_9_10_5_No1",
    "bom_wide_2_10_10_5_No2",
    "bom_wide_4_6_16_4_No1",
    "bom_wide_5_10_10_5_No1",
    "bom_wide_3_7_10_5_No1",
    "bom_wide_3_5_16_4_No1",
    "bom_wide_5_6_20_4_No2",
    "bom_wide_3_10_30_15_No2",
    "bom_wide_3_7_15_5_No1",
    "bom_wide_3_8_15_5_No2",
    "bom_wide_3_10_10_5_No2",
    "bom_wide_5_3_10_5_No1",
    "bom_wide_4_8_10_5_No2",
    "bom_wide_5_8_20_5_No2",
    "bom_wide_5_10_30_15_No2",
    "bom_wide_4_10_10_5_No1",
    "bom_wide_5_4_16_4_No2",
    "bom_wide_3_9_15_5_No1",
    "bom_wide_4_7_12_5_No1",
    "bom_wide_4_6_40_15_No1",
    "bom_wide_4_10_30_15_No2",
    "bom_wide_4_10_30_15_No1",
    "bom_wide_4_7_12_5_No2",
    "bom_wide_4_6_40_15_No2",
    "bom_wide_5_8_20_5_No1",
    "bom_wide_5_10_30_15_No1",
    "bom_wide_4_10_10_5_No2",
    "bom_wide_5_4_16_4_No1",
    "bom_wide_3_9_15_5_No2",
    "bom_wide_3_10_10_5_No1",
    "bom_wide_3_8_15_5_No1",
    "bom_wide_5_3_10_5_No2",
    "bom_wide_4_8_10_5_No1",
    "bom_wide_5_6_20_4_No1",
    "bom_wide_3_10_30_15_No1",
    "bom_wide_4_6_16_4_No2",
    "bom_wide_5_10_10_5_No2",
    "bom_wide_3_5_16_4_No2",
    "bom_wide_2_7_20_5_No2",
    "bom_wide_5_9_15_5_No2",
    "bom_wide_2_7_20_10_No2",
    "bom_wide_2_10_30_15_No1",
    "bom_wide_2_11_13_5_No1",
    "bom_wide_2_9_10_5_No2",
    "bom_wide_2_10_10_5_No1"
  ]
}