{
  "runs": [
    {
      "agent": {
        "rew_mean": 0.0,
        "rew_std": 0.0,
        "rew_best": 0.0,
        "rew_best_count": 50,
        "rew_worst": 0.0,
        "tardiness_mean": 0.0,
        "tardiness_std": 0.0,
        "tardiness_max_mean": 0.0,
        "makespan_tests": [
          21220,
          618628,
          15760,
          111600,
          20340,
          28448,
          224400,
          49800,
          3641700,
          87440,
          14265,
          323460,
          660700,
          44620,
          190798,
          628900,
          4736940,
          6428785,
          818940,
          2270200,
          799500,
          1221750,
          73156,
          314020,
          846400,
          834600,
          855900,
          1110280,
          542200,
          735840,
          2392000,
          887000,
          56355,
          70592,
          604000,
          112780,
          498460,
          148840,
          498940,
          669500,
          268980,
          3547400,
          24600,
          18188,
          4522520,
          16992,
          112500,
          45972,
          14670,
          161400
        ],
        "makespan_mean": 858845.58,
        "rew_worst_quantile_border": 0.0,
        "rew_cvar": 0.0,
        "rew_perc_good_solutions": 1.0,
        "num_tests": 50,
        "running_time": [
          0.002135038375854492,
          0.12702083587646484,
          0.0025069713592529297,
          0.0028607845306396484,
          0.0013952255249023438,
          0.0021820068359375,
          0.0017390251159667969,
          0.0037522315979003906,
          0.20951104164123535,
          0.011188983917236328,
          0.0013818740844726562,
          0.06650900840759277,
          0.017366647720336914,
          0.009480953216552734,
          0.006392002105712891,
          0.011413097381591797,
          0.2619669437408447,
          0.056114912033081055,
          0.06253695487976074,
          0.6616761684417725,
          0.022949934005737305,
          0.0052530765533447266,
          0.018853187561035156,
          0.11414289474487305,
          0.17949509620666504,
          0.0456850528717041,
          0.04494285583496094,
          0.04456496238708496,
          0.14392590522766113,
          0.44086503982543945,
          0.6642229557037354,
          0.02056407928466797,
          0.003200054168701172,
          0.013997793197631836,
          0.011411905288696289,
          0.03718090057373047,
          0.11844897270202637,
          0.06000518798828125,
          0.014158010482788086,
          0.01872992515563965,
          0.011355876922607422,
          0.2118699550628662,
          0.0007491111755371094,
          0.0008230209350585938,
          0.9760921001434326,
          0.0010230541229248047,
          0.0028557777404785156,
          0.01747608184814453,
          0.0016949176788330078,
          0.0017778873443603516
        ]
      },
      "test-data-file-names": [
        "bom_wide_2_7_20_5_No1",
        "bom_wide_5_9_15_5_No1",
        "bom_wide_2_7_20_10_No1",
        "bom_wide_2_10_30_15_No2",
        "bom_wide_2_11_13_5_No2",
        "bom_wide_2_9_10_5_No1",
        "bom_wide_2_10_10_5_No2",
        "bom_wide_4_6_16_4_No1",
        "bom_wide_5_10_10_5_No1",
        "bom_wide_3_7_10_5_No1",
        "bom_wide_3_5_16_4_No1",
        "bom_wide_5_6_20_4_No2",
        "bom_wide_3_10_30_15_No2",
        "bom_wide_3_7_15_5_No1",
        "bom_wide_3_8_15_5_No2",
        "bom_wide_3_10_10_5_No2",
        "bom_wide_5_3_10_5_No1",
        "bom_wide_4_8_10_5_No2",
        "bom_wide_5_8_20_5_No2",
        "bom_wide_5_10_30_15_No2",
        "bom_wide_4_10_10_5_No1",
        "bom_wide_5_4_16_4_No2",
        "bom_wide_3_9_15_5_No1",
        "bom_wide_4_7_12_5_No1",
        "bom_wide_4_6_40_15_No1",
        "bom_wide_4_10_30_15_No2",
        "bom_wide_4_10_30_15_No1",
        "bom_wide_4_7_12_5_No2",
        "bom_wide_4_6_40_15_No2",
        "bom_wide_5_8_20_5_No1",
        "bom_wide_5_10_30_15_No1",
        "bom_wide_4_10_10_5_No2",
        "bom_wide_5_4_16_4_No1",
        "bom_wide_3_9_15_5_No2",
        "bom_wide_3_10_10_5_No1",
        "bom_wide_3_8_15_5_No1",
        "bom_wide_5_3_10_5_No2",
        "bom_wide_4_8_10_5_No1",
        "bom_wide_5_6_20_4_No1",
        "bom_wide_3_10_30_15_No1",
        "bom_wide_4_6_16_4_No2",
        "bom_wide_5_10_10_5_No2",
        "bom_wide_3_5_16_4_No2",
        "bom_wide_2_7_20_5_No2",
        "bom_wide_5_9_15_5_No2",
        "bom_wide_2_7_20_10_No2",
        "bom_wide_2_10_30_15_No1",
        "bom_wide_2_11_13_5_No1",
        "bom_wide_2_9_10_5_No2",
        "bom_wide_2_10_10_5_No1"
      ]
    },
    {
      "agent": {
        "rew_mean": 0.0,
        "rew_std": 0.0,
        "rew_best": 0.0,
        "rew_best_count": 50,
        "rew_worst": 0.0,
        "tardiness_mean": 0.0,
        "tardiness_std": 0.0,
        "tardiness_max_mean": 0.0,
        "makespan_tests": [
          21220,
          618628,
          15760,
          111600,
          20340,
          28448,
          224400,
          49800,
          3648500,
          87440,
          14265,
          323460,
          660700,
          44620,
          190798,
          628900,
          4742880,
          6428785,
          818940,
          2270200,
          799500,
          1221750,
          73156,
          313200,
          846400,
          834600,
          855900,
          1110280,
          519000,
          735560,
          2392000,
          887000,
          56355,
          70592,
          604000,
          112780,
          498460,
          148720,
          498940,
          669500,
          268980,
          3549200,
          24600,
          18188,
          4517640,
          16992,
          112500,
          45972,
          14670,
          161400
        ],
        "makespan_mean": 858550.38,
        "rew_worst_quantile_border": 0.0,
        "rew_cvar": 0.0,
        "rew_perc_good_solutions": 1.0,
        "num_tests": 50,
        "running_time": [
          0.002173185348510742,
          0.1292572021484375,
          0.002557992935180664,
          0.0028841495513916016,
          0.0014309883117675781,
          0.0022399425506591797,
          0.0017919540405273438,
          0.0038149356842041016,
          0.21856093406677246,
          0.011395931243896484,
          0.0014259815216064453,
          0.06720185279846191,
          0.017652034759521484,
          0.00956416130065918,
          0.006448030471801758,
          0.011632204055786133,
          0.2734870910644531,
          0.05797600746154785,
          0.0609431266784668,
          0.6447868347167969,
          0.02157282829284668,
          0.005179166793823242,
          0.0185849666595459,
          0.11481595039367676,
          0.15062379837036133,
          0.03548598289489746,
          0.03551888465881348,
          0.03291678428649902,
          0.11307597160339355,
          0.32520008087158203,
          0.6540777683258057,
          0.021250247955322266,
          0.0032193660736083984,
          0.014235973358154297,
          0.011627912521362305,
          0.03795886039733887,
          0.12070894241333008,
          0.062371015548706055,
          0.013830900192260742,
          0.017956256866455078,
          0.010846853256225586,
          0.21575212478637695,
          0.0007641315460205078,
          0.0008342266082763672,
          1.0059828758239746,
          0.0010349750518798828,
          0.002894163131713867,
          0.01824021339416504,
          0.0017788410186767578,
          0.0018439292907714844
        ]
      },