{
  "agent": {
    "rew_mean": 0.0,
    "rew_std": 0.0,
    "rew_best": 0.0,
    "rew_best_count": 50,
    "rew_worst": 0.0,
    "tardiness_mean": 0.0,
    "tardiness_std": 0.0,
    "tardiness_max_mean": 0.0,
    "makespan_tests": [
      26820,
      624308,
      18600,
      111600,
      21680,
      30948,
      243700,
      51832,
      3852100,
      91340,
      15705,
      323460,
      689300,
      49020,
      215796,
      703900,
      5303060,
      6384875,
      633520,
      2338900,
      863000,
      1221750,
      84744,
      366300,
      981100,
      850500,
      875700,
      1224825,
      651400,
      779260,
      2462700,
      834200,
      56355,
      71596,
      758600,
      121208,
      565940,
      189140,
      498940,
      702300,
      303028,
      3766800,
      24600,
      18816,
      5382020,
      20112,
      111300,
      59328,
      18528,
      188900
    ],
    "makespan_mean": 915669.08,
    "rew_worst_quantile_border": 0.0,
    "rew_cvar": 0.0,
    "rew_perc_good_solutions": 1.0,
    "num_tests": 50,
    "running_time": [
      0.004554033279418945,
      0.5278918743133545,
      0.009057998657226562,
      0.024461030960083008,
      0.0057637691497802734,
      0.006878852844238281,
      0.0076999664306640625,
      0.008046865463256836,
      1.245434284210205,
      0.03543996810913086,
      0.0026128292083740234,
      0.2314002513885498,
      0.05918598175048828,
      0.024898052215576172,
      0.015331029891967773,
      0.03348493576049805,
      1.5444920063018799,
      0.18871712684631348,
      0.14127802848815918,
      3.3651750087738037,
      0.05577397346496582,
      0.012295246124267578,
      0.049806833267211914,
      0.46469879150390625,
      0.6731328964233398,
      0.11056685447692871,
      0.11296486854553223,
      0.14199018478393555,
      0.4851701259613037,
      1.1730141639709473,
      3.315500020980835,
      0.05382513999938965,
      0.005008220672607422,
      0.0368349552154541,
      0.03283095359802246,
      0.11117172241210938,
      0.5179400444030762,
      0.24680495262145996,
      0.025017738342285156,
      0.05876302719116211,
      0.020926952362060547,
      0.9955570697784424,
      0.001310110092163086,
      0.0014390945434570312,
      5.912338972091675,
      0.002712726593017578,
      0.008848190307617188,
      0.05887317657470703,
      0.00494384765625,
      0.004563808441162109
    ]
  },
  "test-data-file-names": [
    "bom_wide_2_7_20_5_No1",
    "bom_wide_5_9_15_5_No1",
    "bom_wide_2_7_20_10_No1",
    "bom_wide_2_10_30_15_No2",
    "bom_wide_2_11_13_5_No2",
    "bom_wide_2_9_10_5_No1",
    "bom_wide_2_10_10_5_No2",
    "bom_wide_4_6_16_4_No1",
    "bom_wide_5_10_10_5_No1",
    "bom_wide_3_7_10_5_No1",
    "bom_wide_3_5_16_4_No1",
    "bom_wide_5_6_20_4_No2",
    "bom_wide_3_10_30_15_No2",
    "bom_wide_3_7_15_5_No1",
    "bom_wide_3_8_15_5_No2",
    "bom_wide_3_10_10_5_No2",
    "bom_wide_5_3_10_5_No1",
    "bom_wide_4_8_10_5_No2",
    "bom_wide_5_8_20_5_No2",
    "bom_wide_5_10_30_15_No2",
    "bom_wide_4_10_10_5_No1",
    "bom_wide_5_4_16_4_No2",
    "bom_wide_3_9_15_5_No1",
    "bom_wide_4_7_12_5_No1",
    "bom_wide_4_6_40_15_No1",
    "bom_wide_4_10_30_15_No2",
    "bom_wide_4_10_30_15_No1",
    "bom_wide_4_7_12_5_No2",
    "bom_wide_4_6_40_15_No2",
    "bom_wide_5_8_20_5_No1",
    "bom_wide_5_10_30_15_No1",
    "bom_wide_4_10_10_5_No2",
    "bom_wide_5_4_16_4_No1",
    "bom_wide_3_9_15_5_No2",
    "bom_wide_3_10_10_5_No1",
    "bom_wide_3_8_15_5_No1",
    "bom_wide_5_3_10_5_No2",
    "bom_wide_4_8_10_5_No1",
    "bom_wide_5_6_20_4_No1",
    "bom_wide_3_10_30_15_No1",
    "bom_wide_4_6_16_4_No2",
    "bom_wide_5_10_10_5_No2",
    "bom_wide_3_5_16_4_No2",
    "bom_wide_2_7_20_5_No2",
    "bom_wide_5_9_15_5_No2",
    "bom_wide_2_7_20_10_No2",
    "bom_wide_2_10_30_15_No1",
    "bom_wide_2_11_13_5_No1",
    "bom_wide_2_9_10_5_No2",
    "bom_wide_2_10_10_5_No1"
  ]
}