{
  "agent": {
    "rew_mean": 0.0,
    "rew_std": 0.0,
    "rew_best": 0.0,
    "rew_best_count": 50,
    "rew_worst": 0.0,
    "tardiness_mean": 0.0,
    "tardiness_std": 0.0,
    "tardiness_max_mean": 0.0,
    "makespan_tests": [
      22640,
      635288,
      18860,
      121300,
      30290,
      31800,
      219500,
      49984,
      3630200,
      95640,
      14265,
      323460,
      660700,
      55320,
      227441,
      699200,
      5073340,
      6101710,
      818940,
      2270200,
      796800,
      1221750,
      77848,
      346860,
      887800,
      834600,
      855900,
      1127050,
      598000,
      760640,
      2392000,
      944800,
      56355,
      71552,
      692000,
      122836,
      516460,
      155780,
      498940,
      669500,
      333764,
      3684800,
      24600,
      18340,
      4746600,
      19636,
      123800,
      62508,
      21024,
      231200
    ],
    "makespan_mean": 879876.42,
    "rew_worst_quantile_border": 0.0,
    "rew_cvar": 0.0,
    "rew_perc_good_solutions": 1.0,
    "num_tests": 50,
    "running_time": [
      0.006052970886230469,
      0.4256291389465332,
      0.007827043533325195,
      0.010169029235839844,
      0.0030279159545898438,
      0.006613969802856445,
      0.004466056823730469,
      0.007760047912597656,
      1.2591297626495361,
      0.07862305641174316,
      0.011805057525634766,
      0.5659401416778564,
      0.14397788047790527,
      0.0558011531829834,
      0.022349119186401367,
      0.04545116424560547,
      1.6482090950012207,
      0.19669198989868164,
      0.1511521339416504,
      3.531892776489258,
      0.060235023498535156,
      0.01236724853515625,
      0.05033111572265625,
      0.43896913528442383,
      0.7241840362548828,
      0.11893677711486816,
      0.11566996574401855,
      0.15554118156433105,
      0.5248630046844482,
      1.1788291931152344,
      3.3790199756622314,
      0.05966377258300781,
      0.005727052688598633,
      0.04089498519897461,
      0.03706765174865723,
      0.1158747673034668,
      0.5076370239257812,
      0.25164222717285156,
      0.027373790740966797,
      0.06509900093078613,
      0.021325111389160156,
      0.9477980136871338,
      0.0013780593872070312,
      0.0017719268798828125,
      5.851111888885498,
      0.003152132034301758,
      0.009603023529052734,
      0.06247901916503906,
      0.00453495979309082,
      0.004700183868408203
    ]
  },
  "test-data-file-names": [
    "bom_wide_2_7_20_5_No1",
    "bom_wide_5_9_15_5_No1",
    "bom_wide_2_7_20_10_No1",
    "bom_wide_2_10_30_15_No2",
    "bom_wide_2_11_13_5_No2",
    "bom_wide_2_9_10_5_No1",
    "bom_wide_2_10_10_5_No2",
    "bom_wide_4_6_16_4_No1",
    "bom_wide_5_10_10_5_No1",
    "bom_wide_3_7_10_5_No1",
    "bom_wide_3_5_16_4_No1",
    "bom_wide_5_6_20_4_No2",
    "bom_wide_3_10_30_15_No2",
    "bom_wide_3_7_15_5_No1",
    "bom_wide_3_8_15_5_No2",
    "bom_wide_3_10_10_5_No2",
    "bom_wide_5_3_10_5_No1",
    "bom_wide_4_8_10_5_No2",
    "bom_wide_5_8_20_5_No2",
    "bom_wide_5_10_30_15_No2",
    "bom_wide_4_10_10_5_No1",
    "bom_wide_5_4_16_4_No2",
    "bom_wide_3_9_15_5_No1",
    "bom_wide_4_7_12_5_No1",
    "bom_wide_4_6_40_15_No1",
    "bom_wide_4_10_30_15_No2",
    "bom_wide_4_10_30_15_No1",
    "bom_wide_4_7_12_5_No2",
    "bom_wide_4_6_40_15_No2",
    "bom_wide_5_8_20_5_No1",
    "bom_wide_5_10_30_15_No1",
    "bom_wide_4_10_10_5_No2",
    "bom_wide_5_4_16_4_No1",
    "bom_wide_3_9_15_5_No2",
    "bom_wide_3_10_10_5_No1",
    "bom_wide_3_8_15_5_No1",
    "bom_wide_5_3_10_5_No2",
    "bom_wide_4_8_10_5_No1",
    "bom_wide_5_6_20_4_No1",
    "bom_wide_3_10_30_15_No1",
    "bom_wide_4_6_16_4_No2",
    "bom_wide_5_10_10_5_No2",
    "bom_wide_3_5_16_4_No2",
    "bom_wide_2_7_20_5_No2",
    "bom_wide_5_9_15_5_No2",
    "bom_wide_2_7_20_10_No2",
    "bom_wide_2_10_30_15_No1",
    "bom_wide_2_11_13_5_No1",
    "bom_wide_2_9_10_5_No2",
    "bom_wide_2_10_10_5_No1"
  ]
}