{
  "agent": {
    "rew_mean": 0.0,
    "rew_std": 0.0,
    "rew_best": 0.0,
    "rew_best_count": 50,
    "rew_worst": 0.0,
    "tardiness_mean": 0.0,
    "tardiness_std": 0.0,
    "tardiness_max_mean": 0.0,
    "makespan_tests": [
      21080,
      574868,
      15760,
      111600,
      30640,
      24792,
      219500,
      49800,
      3621500,
      83500,
      14265,
      323460,
      660700,
      44740,
      227441,
      689100,
      4739480,
      5765215,
      546260,
      2270200,
      796800,
      1221750,
      75884,
      311280,
      846400,
      834600,
      855900,
      1080025,
      524800,
      735400,
      2392000,
      887000,
      56355,
      66692,
      617200,
      100672,
      493760,
      148280,
      498940,
      669500,
      333764,
      3535000,
      24600,
      17480,
      4484960,
      25092,
      111300,
      44272,
      15114,
      177800
    ],
    "makespan_mean": 840330.42,
    "rew_worst_quantile_border": 0.0,
    "rew_cvar": 0.0,
    "rew_perc_good_solutions": 1.0,
    "num_tests": 50,
    "running_time": [
      0.0025467872619628906,
      0.14589190483093262,
      0.002961874008178711,
      0.00335693359375,
      0.0017049312591552734,
      0.0026569366455078125,
      0.0020761489868164062,
      0.004357099533081055,
      0.24306917190551758,
      0.013524770736694336,
      0.0016639232635498047,
      0.07571196556091309,
      0.0198819637298584,
      0.01140904426574707,
      0.00741887092590332,
      0.01393270492553711,
      0.303102970123291,
      0.06409382820129395,
      0.06687307357788086,
      0.699876070022583,
      0.024028301239013672,
      0.00569605827331543,
      0.019995927810668945,
      0.12437796592712402,
      0.1658940315246582,
      0.039025306701660156,
      0.038858890533447266,
      0.036464691162109375,
      0.12317895889282227,
      0.35904598236083984,
      0.6989030838012695,
      0.02416396141052246,
      0.003628969192504883,
      0.015978097915649414,
      0.013778209686279297,
      0.04386305809020996,
      0.13477087020874023,
      0.07011890411376953,
      0.015266180038452148,
      0.020086050033569336,
      0.012069225311279297,
      0.24279499053955078,
      0.0008749961853027344,
      0.0009658336639404297,
      1.1015870571136475,
      0.0012240409851074219,
      0.003325939178466797,
      0.02161717414855957,
      0.0020265579223632812,
      0.0021619796752929688
    ]
  },
  "test-data-file-names": [
    "bom_wide_2_7_20_5_No1",
    "bom_wide_5_9_15_5_No1",
    "bom_wide_2_7_20_10_No1",
    "bom_wide_2_10_30_15_No2",
    "bom_wide_2_11_13_5_No2",
    "bom_wide_2_9_10_5_No1",
    "bom_wide_2_10_10_5_No2",
    "bom_wide_4_6_16_4_No1",
    "bom_wide_5_10_10_5_No1",
    "bom_wide_3_7_10_5_No1",
    "bom_wide_3_5_16_4_No1",
    "bom_wide_5_6_20_4_No2",
    "bom_wide_3_10_30_15_No2",
    "bom_wide_3_7_15_5_No1",
    "bom_wide_3_8_15_5_No2",
    "bom_wide_3_10_10_5_No2",
    "bom_wide_5_3_10_5_No1",
    "bom_wide_4_8_10_5_No2",
    "bom_wide_5_8_20_5_No2",
    "bom_wide_5_10_30_15_No2",
    "bom_wide_4_10_10_5_No1",
    "bom_wide_5_4_16_4_No2",
    "bom_wide_3_9_15_5_No1",
    "bom_wide_4_7_12_5_No1",
    "bom_wide_4_6_40_15_No1",
    "bom_wide_4_10_30_15_No2",
    "bom_wide_4_10_30_15_No1",
    "bom_wide_4_7_12_5_No2",
    "bom_wide_4_6_40_15_No2",
    "bom_wide_5_8_20_5_No1",
    "bom_wide_5_10_30_15_No1",
    "bom_wide_4_10_10_5_No2",
    "bom_wide_5_4_16_4_No1",
    "bom_wide_3_9_15_5_No2",
    "bom_wide_3_10_10_5_No1",
    "bom_wide_3_8_15_5_No1",
    "bom_wide_5_3_10_5_No2",
    "bom_wide_4_8_10_5_No1",
    "bom_wide_5_6_20_4_No1",
    "bom_wide_3_10_30_15_No1",
    "bom_wide_4_6_16_4_No2",
    "bom_wide_5_10_10_5_No2",
    "bom_wide_3_5_16_4_No2",
    "bom_wide_2_7_20_5_No2",
    "bom_wide_5_9_15_5_No2",
    "bom_wide_2_7_20_10_No2",
    "bom_wide_2_10_30_15_No1",
    "bom_wide_2_11_13_5_No1",
    "bom_wide_2_9_10_5_No2",
    "bom_wide_2_10_10_5_No1"
  ]
}