{
  "agent": {
    "rew_mean": 0.0,
    "rew_std": 0.0,
    "rew_best": 0.0,
    "rew_best_count": 50,
    "rew_worst": 0.0,
    "tardiness_mean": 0.0,
    "tardiness_std": 0.0,
    "tardiness_max_mean": 0.0,
    "makespan_tests": [
      21120,
      662388,
      18200,
      112200,
      30640,
      31944,
      249700,
      51144,
      3868600,
      89640,
      14265,
      323460,
      686500,
      48480,
      227441,
      832400,
      5467800,
      5907650,
      619700,
      2316000,
      966100,
      1221750,
      90436,
      349440,
      913400,
      847400,
      872500,
      1283915,
      739200,
      761740,
      2477200,
      948600,
      56355,
      74004,
      745600,
      126888,
      597320,
      198980,
      498940,
      702300,
      344564,
      4043200,
      24600,
      17480,
      5366200,
      16992,
      111300,
      60884,
      22818,
      196900
    ],
    "makespan_mean": 925125.56,
    "rew_worst_quantile_border": 0.0,
    "rew_cvar": 0.0,
    "rew_perc_good_solutions": 1.0,
    "num_tests": 50,
    "running_time": [
      0.006515026092529297,
      0.4986989498138428,
      0.009801149368286133,
      0.012436866760253906,
      0.003506898880004883,
      0.007134914398193359,
      0.004756927490234375,
      0.00875711441040039,
      1.0994937419891357,
      0.04712200164794922,
      0.003476858139038086,
      0.27576112747192383,
      0.07923388481140137,
      0.0315399169921875,
      0.019537925720214844,
      0.04377603530883789,
      1.711766004562378,
      0.23082304000854492,
      0.18665599822998047,
      4.270380973815918,
      0.1174919605255127,
      0.027804851531982422,
      0.08567094802856445,
      0.8622589111328125,
      1.0854408740997314,
      0.15012311935424805,
      0.14743924140930176,
      0.18674588203430176,
      0.6602778434753418,
      1.4482147693634033,
      4.096894979476929,
      0.07008004188537598,
      0.006240129470825195,
      0.04852914810180664,
      0.04389595985412598,
      0.13440275192260742,
      0.609260082244873,
      0.34642624855041504,
      0.03173398971557617,
      0.08141708374023438,
      0.024426937103271484,
      1.1348612308502197,
      0.0016818046569824219,
      0.002190113067626953,
      6.502146005630493,
      0.0036427974700927734,
      0.011841058731079102,
      0.07193326950073242,
      0.0053980350494384766,
      0.005765676498413086
    ]
  },
  "test-data-file-names": [
    "bom_wide_2_7_20_5_No1",
    "bom_wide_5_9_15_5_No1",
    "bom_wide_2_7_20_10_No1",
    "bom_wide_2_10_30_15_No2",
    "bom_wide_2_11_13_5_No2",
    "bom_wide_2_9_10_5_No1",
    "bom_wide_2_10_10_5_No2",
    "bom_wide_4_6_16_4_No1",
    "bom_wide_5_10_10_5_No1",
    "bom_wide_3_7_10_5_No1",
    "bom_wide_3_5_16_4_No1",
    "bom_wide_5_6_20_4_No2",
    "bom_wide_3_10_30_15_No2",
    "bom_wide_3_7_15_5_No1",
    "bom_wide_3_8_15_5_No2",
    "bom_wide_3_10_10_5_No2",
    "bom_wide_5_3_10_5_No1",
    "bom_wide_4_8_10_5_No2",
    "bom_wide_5_8_20_5_No2",
    "bom_wide_5_10_30_15_No2",
    "bom_wide_4_10_10_5_No1",
    "bom_wide_5_4_16_4_No2",
    "bom_wide_3_9_15_5_No1",
    "bom_wide_4_7_12_5_No1",
    "bom_wide_4_6_40_15_No1",
    "bom_wide_4_10_30_15_No2",
    "bom_wide_4_10_30_15_No1",
    "bom_wide_4_7_12_5_No2",
    "bom_wide_4_6_40_15_No2",
    "bom_wide_5_8_20_5_No1",
    "bom_wide_5_10_30_15_No1",
    "bom_wide_4_10_10_5_No2",
    "bom_wide_5_4_16_4_No1",
    "bom_wide_3_9_15_5_No2",
    "bom_wide_3_10_10_5_No1",
    "bom_wide_3_8_15_5_No1",
    "bom_wide_5_3_10_5_No2",
    "bom_wide_4_8_10_5_No1",
    "bom_wide_5_6_20_4_No1",
    "bom_wide_3_10_30_15_No1",
    "bom_wide_4_6_16_4_No2",
    "bom_wide_5_10_10_5_No2",
    "bom_wide_3_5_16_4_No2",
    "bom_wide_2_7_20_5_No2",
    "bom_wide_5_9_15_5_No2",
    "bom_wide_2_7_20_10_No2",
    "bom_wide_2_10_30_15_No1",
    "bom_wide_2_11_13_5_No1",
    "bom_wide_2_9_10_5_No2",
    "bom_wide_2_10_10_5_No1"
  ]
}