{
  "agent": {
    "rew_mean": 0.0,
    "rew_std": 0.0,
    "rew_best": 0.0,
    "rew_best_count": 50,
    "rew_worst": 0.0,
    "tardiness_mean": 0.0,
    "tardiness_std": 0.0,
    "tardiness_max_mean": 0.0,
    "makespan_tests": [
      22640,
      698328,
      20300,
      111600,
      30640,
      26204,
      239500,
      54672,
      3784500,
      96220,
      14265,
      323460,
      660700,
      78260,
      227441,
      851000,
      4910340,
      5785575,
      831080,
      2331000,
      894300,
      1221750,
      81748,
      351260,
      1293600,
      834600,
      855900,
      1429315,
      993600,
      825780,
      2392000,
      928300,
      56355,
      79856,
      761200,
      110496,
      628160,
      203720,
      498940,
      669500,
      333764,
      3768500,
      28650,
      18340,
      5570120,
      16992,
      111300,
      53648,
      19005,
      197000
    ],
    "makespan_mean": 926508.48,
    "rew_worst_quantile_border": 0.0,
    "rew_cvar": 0.0,
    "rew_perc_good_solutions": 1.0,
    "num_tests": 50,
    "running_time": [
      0.004741191864013672,
      0.4186561107635498,
      0.006742954254150391,
      0.008486270904541016,
      0.002480030059814453,
      0.005117177963256836,
      0.003551959991455078,
      0.006707906723022461,
      1.017204999923706,
      0.033956050872802734,
      0.002386808395385742,
      0.210906982421875,
      0.06182384490966797,
      0.023717164993286133,
      0.015941858291625977,
      0.032708168029785156,
      1.491960048675537,
      0.189591646194458,
      0.14310812950134277,
      3.139075994491577,
      0.05940103530883789,
      0.012048959732055664,
      0.055433034896850586,
      0.8458700180053711,
      0.7418961524963379,
      0.11426997184753418,
      0.10842204093933105,
      0.13852810859680176,
      0.4608612060546875,
      1.1598222255706787,
      3.2824440002441406,
      0.05317354202270508,
      0.004833221435546875,
      0.03575897216796875,
      0.03324007987976074,
      0.11172890663146973,
      0.5391099452972412,
      0.24673199653625488,
      0.02881789207458496,
      0.0669090747833252,
      0.020857810974121094,
      0.9968421459197998,
      0.0013632774353027344,
      0.0014929771423339844,
      6.045252799987793,
      0.002507925033569336,
      0.008235931396484375,
      0.0521240234375,
      0.0034799575805664062,
      0.004107952117919922
    ]
  },
  "test-data-file-names": [
    "bom_wide_2_7_20_5_No1",
    "bom_wide_5_9_15_5_No1",
    "bom_wide_2_7_20_10_No1",
    "bom_wide_2_10_30_15_No2",
    "bom_wide_2_11_13_5_No2",
    "bom_wide_2_9_10_5_No1",
    "bom_wide_2_10_10_5_No2",
    "bom_wide_4_6_16_4_No1",
    "bom_wide_5_10_10_5_No1",
    "bom_wide_3_7_10_5_No1",
    "bom_wide_3_5_16_4_No1",
    "bom_wide_5_6_20_4_No2",
    "bom_wide_3_10_30_15_No2",
    "bom_wide_3_7_15_5_No1",
    "bom_wide_3_8_15_5_No2",
    "bom_wide_3_10_10_5_No2",
    "bom_wide_5_3_10_5_No1",
    "bom_wide_4_8_10_5_No2",
    "bom_wide_5_8_20_5_No2",
    "bom_wide_5_10_30_15_No2",
    "bom_wide_4_10_10_5_No1",
    "bom_wide_5_4_16_4_No2",
    "bom_wide_3_9_15_5_No1",
    "bom_wide_4_7_12_5_No1",
    "bom_wide_4_6_40_15_No1",
    "bom_wide_4_10_30_15_No2",
    "bom_wide_4_10_30_15_No1",
    "bom_wide_4_7_12_5_No2",
    "bom_wide_4_6_40_15_No2",
    "bom_wide_5_8_20_5_No1",
    "bom_wide_5_10_30_15_No1",
    "bom_wide_4_10_10_5_No2",
    "bom_wide_5_4_16_4_No1",
    "bom_wide_3_9_15_5_No2",
    "bom_wide_3_10_10_5_No1",
    "bom_wide_3_8_15_5_No1",
    "bom_wide_5_3_10_5_No2",
    "bom_wide_4_8_10_5_No1",
    "bom_wide_5_6_20_4_No1",
    "bom_wide_3_10_30_15_No1",
    "bom_wide_4_6_16_4_No2",
    "bom_wide_5_10_10_5_No2",
    "bom_wide_3_5_16_4_No2",
    "bom_wide_2_7_20_5_No2",
    "bom_wide_5_9_15_5_No2",
    "bom_wide_2_7_20_10_No2",
    "bom_wide_2_10_30_15_No1",
    "bom_wide_2_11_13_5_No1",
    "bom_wide_2_9_10_5_No2",
    "bom_wide_2_10_10_5_No1"
  ]
}