{
  "agent": {
    "rew_mean": 0.0,
    "rew_std": 0.0,
    "rew_best": 0.0,
    "rew_best_count": 50,
    "rew_worst": 0.0,
    "tardiness_mean": 0.0,
    "tardiness_std": 0.0,
    "tardiness_max_mean": 0.0,
    "makespan_tests": [
      20560,
      540320,
      15660,
      112200,
      20340,
      26424,
      219500,
      49800,
      3569500,
      86340,
      14265,
      323460,
      660700,
      43360,
      192586,
      680400,
      4732940,
      5621445,
      551660,
      2270200,
      796800,
      1221750,
      70776,
      310220,
      846400,
      834600,
      855900,
      1081435,
      512400,
      727140,
      2392000,
      796900,
      56355,
      62896,
      615700,
      97896,
      491800,
      147020,
      498940,
      669500,
      241492,
      3507900,
      24600,
      17480,
      4483200,
      16992,
      112500,
      41916,
      16930,
      157800
    ],
    "makespan_mean": 829177.96,
    "rew_worst_quantile_border": 0.0,
    "rew_cvar": 0.0,
    "rew_perc_good_solutions": 1.0,
    "num_tests": 50,
    "running_time": [
      0.00325775146484375,
      0.1735060214996338,
      0.0040628910064697266,
      0.004642009735107422,
      0.002246856689453125,
      0.003493070602416992,
      0.002845287322998047,
      0.005380868911743164,
      0.29703330993652344,
      0.016965866088867188,
      0.002357959747314453,
      0.09051871299743652,
      0.02598285675048828,
      0.014204978942871094,
      0.009936809539794922,
      0.017392873764038086,
      0.3640921115875244,
      0.07782697677612305,
      0.0772552490234375,
      0.7851161956787109,
      0.028703927993774414,
      0.007044076919555664,
      0.0233461856842041,
      0.1419839859008789,
      0.19108986854553223,
      0.04567313194274902,
      0.04574704170227051,
      0.04384803771972656,
      0.14339375495910645,
      0.4116630554199219,
      0.8090929985046387,
      0.02916717529296875,
      0.004539966583251953,
      0.01934528350830078,
      0.017261028289794922,
      0.05059075355529785,
      0.15651392936706543,
      0.08194518089294434,
      0.017470359802246094,
      0.02437615394592285,
      0.014303922653198242,
      0.2782721519470215,
      0.0011730194091796875,
      0.0013020038604736328,
      1.2820990085601807,
      0.0017418861389160156,
      0.004837989807128906,
      0.0272519588470459,
      0.002732992172241211,
      0.002837657928466797
    ]
  },
  "test-data-file-names": [
    "bom_wide_2_7_20_5_No1",
    "bom_wide_5_9_15_5_No1",
    "bom_wide_2_7_20_10_No1",
    "bom_wide_2_10_30_15_No2",
    "bom_wide_2_11_13_5_No2",
    "bom_wide_2_9_10_5_No1",
    "bom_wide_2_10_10_5_No2",
    "bom_wide_4_6_16_4_No1",
    "bom_wide_5_10_10_5_No1",
    "bom_wide_3_7_10_5_No1",
    "bom_wide_3_5_16_4_No1",
    "bom_wide_5_6_20_4_No2",
    "bom_wide_3_10_30_15_No2",
    "bom_wide_3_7_15_5_No1",
    "bom_wide_3_8_15_5_No2",
    "bom_wide_3_10_10_5_No2",
    "bom_wide_5_3_10_5_No1",
    "bom_wide_4_8_10_5_No2",
    "bom_wide_5_8_20_5_No2",
    "bom_wide_5_10_30_15_No2",
    "bom_wide_4_10_10_5_No1",
    "bom_wide_5_4_16_4_No2",
    "bom_wide_3_9_15_5_No1",
    "bom_wide_4_7_12_5_No1",
    "bom_wide_4_6_40_15_No1",
    "bom_wide_4_10_30_15_No2",
    "bom_wide_4_10_30_15_No1",
    "bom_wide_4_7_12_5_No2",
    "bom_wide_4_6_40_15_No2",
    "bom_wide_5_8_20_5_No1",
    "bom_wide_5_10_30_15_No1",
    "bom_wide_4_10_10_5_No2",
    "bom_wide_5_4_16_4_No1",
    "bom_wide_3_9_15_5_No2",
    "bom_wide_3_10_10_5_No1",
    "bom_wide_3_8_15_5_No1",
    "bom_wide_5_3_10_5_No2",
    "bom_wide_4_8_10_5_No1",
    "bom_wide_5_6_20_4_No1",
    "bom_wide_3_10_30_15_No1",
    "bom_wide_4_6_16_4_No2",
    "bom_wide_5_10_10_5_No2",
    "bom_wide_3_5_16_4_No2",
    "bom_wide_2_7_20_5_No2",
    "bom_wide_5_9_15_5_No2",
    "bom_wide_2_7_20_10_No2",
    "bom_wide_2_10_30_15_No1",
    "bom_wide_2_11_13_5_No1",
    "bom_wide_2_9_10_5_No2",
    "bom_wide_2_10_10_5_No1"
  ]
}