{
  "agent": {
    "rew_mean": 0.0,
    "rew_std": 0.0,
    "rew_best": 0.0,
    "rew_best_count": 50,
    "rew_worst": 0.0,
    "tardiness_mean": 0.0,
    "tardiness_std": 0.0,
    "tardiness_max_mean": 0.0,
    "makespan_tests": [
      22640,
      601028,
      15860,
      111600,
      20690,
      30756,
      219500,
      50912,
      3770500,
      97780,
      14265,
      323460,
      660700,
      48960,
      215921,
      798500,
      5438340,
      5847445,
      614120,
      2272400,
      839900,
      1221750,
      90808,
      338720,
      913600,
      834600,
      855900,
      1316405,
      680200,
      779160,
      2392000,
      826700,
      56355,
      74904,
      771300,
      125984,
      554200,
      191320,
      591400,
      669500,
      333764,
      3771000,
      28650,
      17900,
      5330020,
      19288,
      111300,
      57564,
      17678,
      177800
    ],
    "makespan_mean": 903300.94,
    "rew_worst_quantile_border": 0.0,
    "rew_cvar": 0.0,
    "rew_perc_good_solutions": 1.0,
    "num_tests": 50,
    "running_time": [
      0.016072750091552734,
      1.0590150356292725,
      0.025977134704589844,
      0.03222084045410156,
      0.010181903839111328,
      0.02060103416442871,
      0.014039993286132812,
      0.020655155181884766,
      2.0917770862579346,
      0.11713004112243652,
      0.008675098419189453,
      0.6352090835571289,
      0.2312180995941162,
      0.07692122459411621,
      0.04666900634765625,
      0.09467601776123047,
      3.314246892929077,
      0.503648042678833,
      0.38216590881347656,
      9.06314992904663,
      0.16000723838806152,
      0.036775827407836914,
      0.14992403984069824,
      1.1739122867584229,
      2.229671001434326,
      0.37074899673461914,
      0.36244988441467285,
      0.43602824211120605,
      1.6488440036773682,
      2.774590015411377,
      9.028218030929565,
      0.16035199165344238,
      0.01498103141784668,
      0.11563611030578613,
      0.10122489929199219,
      0.3029623031616211,
      1.1950767040252686,
      0.631943941116333,
      0.06927204132080078,
      0.2190091609954834,
      0.05828499794006348,
      2.0710530281066895,
      0.0038881301879882812,
      0.005724906921386719,
      11.147701978683472,
      0.010528087615966797,
      0.03160715103149414,
      0.1822500228881836,
      0.014904022216796875,
      0.015778779983520508
    ]
  },
  "test-data-file-names": [
    "bom_wide_2_7_20_5_No1",
    "bom_wide_5_9_15_5_No1",
    "bom_wide_2_7_20_10_No1",
    "bom_wide_2_10_30_15_No2",
    "bom_wide_2_11_13_5_No2",
    "bom_wide_2_9_10_5_No1",
    "bom_wide_2_10_10_5_No2",
    "bom_wide_4_6_16_4_No1",
    "bom_wide_5_10_10_5_No1",
    "bom_wide_3_7_10_5_No1",
    "bom_wide_3_5_16_4_No1",
    "bom_wide_5_6_20_4_No2",
    "bom_wide_3_10_30_15_No2",
    "bom_wide_3_7_15_5_No1",
    "bom_wide_3_8_15_5_No2",
    "bom_wide_3_10_10_5_No2",
    "bom_wide_5_3_10_5_No1",
    "bom_wide_4_8_10_5_No2",
    "bom_wide_5_8_20_5_No2",
    "bom_wide_5_10_30_15_No2",
    "bom_wide_4_10_10_5_No1",
    "bom_wide_5_4_16_4_No2",
    "bom_wide_3_9_15_5_No1",
    "bom_wide_4_7_12_5_No1",
    "bom_wide_4_6_40_15_No1",
    "bom_wide_4_10_30_15_No2",
    "bom_wide_4_10_30_15_No1",
    "bom_wide_4_7_12_5_No2",
    "bom_wide_4_6_40_15_No2",
    "bom_wide_5_8_20_5_No1",
    "bom_wide_5_10_30_15_No1",
    "bom_wide_4_10_10_5_No2",
    "bom_wide_5_4_16_4_No1",
    "bom_wide_3_9_15_5_No2",
    "bom_wide_3_10_10_5_No1",
    "bom_wide_3_8_15_5_No1",
    "bom_wide_5_3_10_5_No2",
    "bom_wide_4_8_10_5_No1",
    "bom_wide_5_6_20_4_No1",
    "bom_wide_3_10_30_15_No1",
    "bom_wide_4_6_16_4_No2",
    "bom_wide_5_10_10_5_No2",
    "bom_wide_3_5_16_4_No2",
    "bom_wide_2_7_20_5_No2",
    "bom_wide_5_9_15_5_No2",
    "bom_wide_2_7_20_10_No2",
    "bom_wide_2_10_30_15_No1",
    "bom_wide_2_11_13_5_No1",
    "bom_wide_2_9_10_5_No2",
    "bom_wide_2_10_10_5_No1"
  ]
}