{
  "agent": {
    "rew_mean": 0.0,
    "rew_std": 0.0,
    "rew_best": 0.0,
    "rew_best_count": 50,
    "rew_worst": 0.0,
    "tardiness_mean": 0.0,
    "tardiness_std": 0.0,
    "tardiness_max_mean": 0.0,
    "makespan_tests": [
      22640,
      601028,
      15860,
      111600,
      20690,
      30756,
      219500,
      50912,
      3783700,
      97780,
      14265,
      323460,
      660700,
      48960,
      215921,
      798500,
      5438340,
      5847445,
      614120,
      2272400,
      839900,
      1221750,
      90808,
      338720,
      913600,
      834600,
      855900,
      1316405,
      680200,
      779160,
      2392000,
      826700,
      56355,
      74904,
      771300,
      125984,
      554200,
      191320,
      591400,
      669500,
      333764,
      3719200,
      28650,
      17900,
      5330020,
      19288,
      111300,
      57564,
      17678,
      177800
    ],
    "makespan_mean": 902528.94,
    "rew_worst_quantile_border": 0.0,
    "rew_cvar": 0.0,
    "rew_perc_good_solutions": 1.0,
    "num_tests": 50,
    "running_time": [
      0.005632162094116211,
      0.47058677673339844,
      0.008697986602783203,
      0.01050424575805664,
      0.003551006317138672,
      0.007256031036376953,
      0.004881143569946289,
      0.007895946502685547,
      1.0433342456817627,
      0.043227195739746094,
      0.003299713134765625,
      0.24335002899169922,
      0.07366418838500977,
      0.02820301055908203,
      0.016582012176513672,
      0.03505587577819824,
      1.6022450923919678,
      0.21173501014709473,
      0.1588728427886963,
      4.839598178863525,
      0.06102705001831055,
      0.013041019439697266,
      0.05517077445983887,
      0.5454020500183105,
      0.7711770534515381,
      0.13017797470092773,
      0.12465500831604004,
      0.17638587951660156,
      0.5687329769134521,
      1.3340990543365479,
      3.7039568424224854,
      0.06296396255493164,
      0.005896806716918945,
      0.04260826110839844,
      0.03801417350769043,
      0.1184687614440918,
      0.5550291538238525,
      0.27761411666870117,
      0.02754497528076172,
      0.07020306587219238,
      0.022214174270629883,
      1.0474019050598145,
      0.0014531612396240234,
      0.0019822120666503906,
      6.057182312011719,
      0.0032541751861572266,
      0.009765863418579102,
      0.06768393516540527,
      0.005075931549072266,
      0.0054721832275390625
    ]
  },
  "test-data-file-names": [
    "bom_wide_2_7_20_5_No1",
    "bom_wide_5_9_15_5_No1",
    "bom_wide_2_7_20_10_No1",
    "bom_wide_2_10_30_15_No2",
    "bom_wide_2_11_13_5_No2",
    "bom_wide_2_9_10_5_No1",
    "bom_wide_2_10_10_5_No2",
    "bom_wide_4_6_16_4_No1",
    "bom_wide_5_10_10_5_No1",
    "bom_wide_3_7_10_5_No1",
    "bom_wide_3_5_16_4_No1",
    "bom_wide_5_6_20_4_No2",
    "bom_wide_3_10_30_15_No2",
    "bom_wide_3_7_15_5_No1",
    "bom_wide_3_8_15_5_No2",
    "bom_wide_3_10_10_5_No2",
    "bom_wide_5_3_10_5_No1",
    "bom_wide_4_8_10_5_No2",
    "bom_wide_5_8_20_5_No2",
    "bom_wide_5_10_30_15_No2",
    "bom_wide_4_10_10_5_No1",
    "bom_wide_5_4_16_4_No2",
    "bom_wide_3_9_15_5_No1",
    "bom_wide_4_7_12_5_No1",
    "bom_wide_4_6_40_15_No1",
    "bom_wide_4_10_30_15_No2",
    "bom_wide_4_10_30_15_No1",
    "bom_wide_4_7_12_5_No2",
    "bom_wide_4_6_40_15_No2",
    "bom_wide_5_8_20_5_No1",
    "bom_wide_5_10_30_15_No1",
    "bom_wide_4_10_10_5_No2",
    "bom_wide_5_4_16_4_No1",
    "bom_wide_3_9_15_5_No2",
    "bom_wide_3_10_10_5_No1",
    "bom_wide_3_8_15_5_No1",
    "bom_wide_5_3_10_5_No2",
    "bom_wide_4_8_10_5_No1",
    "bom_wide_5_6_20_4_No1",
    "bom_wide_3_10_30_15_No1",
    "bom_wide_4_6_16_4_No2",
    "bom_wide_5_10_10_5_No2",
    "bom_wide_3_5_16_4_No2",
    "bom_wide_2_7_20_5_No2",
    "bom_wide_5_9_15_5_No2",
    "bom_wide_2_7_20_10_No2",
    "bom_wide_2_10_30_15_No1",
    "bom_wide_2_11_13_5_No1",
    "bom_wide_2_9_10_5_No2",
    "bom_wide_2_10_10_5_No1"
  ]
}