{
  "agent": {
    "rew_mean": 0.0,
    "rew_std": 0.0,
    "rew_best": 0.0,
    "rew_best_count": 50,
    "rew_worst": 0.0,
    "tardiness_mean": 0.0,
    "tardiness_std": 0.0,
    "tardiness_max_mean": 0.0,
    "makespan_tests": [
      22640,
      546528,
      15660,
      111600,
      30640,
      27768,
      219500,
      49984,
      3647200,
      90380,
      14265,
      323460,
      660700,
      48480,
      227441,
      767400,
      4769780,
      5796995,
      818940,
      2270200,
      888900,
      1221750,
      76096,
      331960,
      846400,
      834600,
      855900,
      1091010,
      593800,
      733800,
      2392000,
      926700,
      56355,
      70248,
      665000,
      111284,
      498840,
      151320,
      498940,
      669500,
      333764,
      3551900,
      24600,
      18560,
      4493460,
      16992,
      111300,
      53944,
      19430,
      197000
    ],
    "makespan_mean": 855898.28,
    "rew_worst_quantile_border": 0.0,
    "rew_cvar": 0.0,
    "rew_perc_good_solutions": 1.0,
    "num_tests": 50,
    "running_time": [
      0.020782947540283203,
      1.1587498188018799,
      0.03308296203613281,
      0.040498971939086914,
      0.010639190673828125,
      0.02150106430053711,
      0.015216827392578125,
      0.023699045181274414,
      2.2270190715789795,
      0.1198420524597168,
      0.009519815444946289,
      0.6905608177185059,
      0.26533079147338867,
      0.08335113525390625,
      0.05276298522949219,
      0.11419916152954102,
      3.7971889972686768,
      0.5413057804107666,
      0.4297001361846924,
      9.948885917663574,
      0.16260385513305664,
      0.04146003723144531,
      0.16314101219177246,
      1.2718579769134521,
      2.430999994277954,
      0.41325998306274414,
      0.43145227432250977,
      0.4548201560974121,
      1.727977991104126,
      3.1202502250671387,
      9.80759572982788,
      0.16646385192871094,
      0.018727779388427734,
      0.12493395805358887,
      0.10624217987060547,
      0.32857513427734375,
      1.3177447319030762,
      0.6762797832489014,
      0.08054208755493164,
      0.2592010498046875,
      0.06749892234802246,
      2.217177152633667,
      0.004266023635864258,
      0.0059430599212646484,
      12.179680109024048,
      0.011858940124511719,
      0.04094386100769043,
      0.18641304969787598,
      0.014615058898925781,
      0.016197919845581055
    ]
  },
  "test-data-file-names": [
    "bom_wide_2_7_20_5_No1",
    "bom_wide_5_9_15_5_No1",
    "bom_wide_2_7_20_10_No1",
    "bom_wide_2_10_30_15_No2",
    "bom_wide_2_11_13_5_No2",
    "bom_wide_2_9_10_5_No1",
    "bom_wide_2_10_10_5_No2",
    "bom_wide_4_6_16_4_No1",
    "bom_wide_5_10_10_5_No1",
    "bom_wide_3_7_10_5_No1",
    "bom_wide_3_5_16_4_No1",
    "bom_wide_5_6_20_4_No2",
    "bom_wide_3_10_30_15_No2",
    "bom_wide_3_7_15_5_No1",
    "bom_wide_3_8_15_5_No2",
    "bom_wide_3_10_10_5_No2",
    "bom_wide_5_3_10_5_No1",
    "bom_wide_4_8_10_5_No2",
    "bom_wide_5_8_20_5_No2",
    "bom_wide_5_10_30_15_No2",
    "bom_wide_4_10_10_5_No1",
    "bom_wide_5_4_16_4_No2",
    "bom_wide_3_9_15_5_No1",
    "bom_wide_4_7_12_5_No1",
    "bom_wide_4_6_40_15_No1",
    "bom_wide_4_10_30_15_No2",
    "bom_wide_4_10_30_15_No1",
    "bom_wide_4_7_12_5_No2",
    "bom_wide_4_6_40_15_No2",
    "bom_wide_5_8_20_5_No1",
    "bom_wide_5_10_30_15_No1",
    "bom_wide_4_10_10_5_No2",
    "bom_wide_5_4_16_4_No1",
    "bom_wide_3_9_15_5_No2",
    "bom_wide_3_10_10_5_No1",
    "bom_wide_3_8_15_5_No1",
    "bom_wide_5_3_10_5_No2",
    "bom_wide_4_8_10_5_No1",
    "bom_wide_5_6_20_4_No1",
    "bom_wide_3_10_30_15_No1",
    "bom_wide_4_6_16_4_No2",
    "bom_wide_5_10_10_5_No2",
    "bom_wide_3_5_16_4_No2",
    "bom_wide_2_7_20_5_No2",
    "bom_wide_5_9_15_5_No2",
    "bom_wide_2_7_20_10_No2",
    "bom_wide_2_10_30_15_No1",
    "bom_wide_2_11_13_5_No1",
    "bom_wide_2_9_10_5_No2",
    "bom_wide_2_10_10_5_No1"
  ]
}