{
  "agent": {
    "rew_mean": 0.0,
    "rew_std": 0.0,
    "rew_best": 0.0,
    "rew_best_count": 50,
    "rew_worst": 0.0,
    "tardiness_mean": 0.0,
    "tardiness_std": 0.0,
    "tardiness_max_mean": 0.0,
    "makespan_tests": [
      22640,
      546528,
      15660,
      111600,
      30640,
      27768,
      219500,
      49984,
      3647200,
      90380,
      14265,
      323460,
      660700,
      48480,
      227441,
      767400,
      4769780,
      5796995,
      818940,
      2270200,
      888900,
      1221750,
      76096,
      331960,
      846400,
      834600,
      855900,
      1091010,
      593800,
      733800,
      2392000,
      926700,
      56355,
      70248,
      665000,
      111284,
      498840,
      151320,
      498940,
      669500,
      333764,
      3551900,
      24600,
      18560,
      4493460,
      16992,
      111300,
      53944,
      19430,
      197000
    ],
    "makespan_mean": 855898.28,
    "rew_worst_quantile_border": 0.0,
    "rew_cvar": 0.0,
    "rew_perc_good_solutions": 1.0,
    "num_tests": 50,
    "running_time": [
      0.007777214050292969,
      0.5467569828033447,
      0.011989116668701172,
      0.014457225799560547,
      0.004101991653442383,
      0.008224964141845703,
      0.005846977233886719,
      0.009862899780273438,
      1.1451687812805176,
      0.04804491996765137,
      0.003726959228515625,
      0.2913811206817627,
      0.09755086898803711,
      0.03297305107116699,
      0.020720243453979492,
      0.04141402244567871,
      1.753937005996704,
      0.2287449836730957,
      0.18372726440429688,
      4.297638177871704,
      0.06856107711791992,
      0.016257047653198242,
      0.06272411346435547,
      0.5653820037841797,
      0.9233732223510742,
      0.1544327735900879,
      0.16080999374389648,
      0.18882393836975098,
      0.6526401042938232,
      1.452247142791748,
      4.255970001220703,
      0.07070326805114746,
      0.007831811904907227,
      0.0495452880859375,
      0.042263031005859375,
      0.13561701774597168,
      0.7108700275421143,
      0.621082067489624,
      0.04442286491394043,
      0.10610008239746094,
      0.02978825569152832,
      1.1859328746795654,
      0.0019299983978271484,
      0.0031321048736572266,
      7.030004978179932,
      0.004276275634765625,
      0.016492128372192383,
      0.08027124404907227,
      0.0057830810546875,
      0.006253957748413086
    ]
  },
  "test-data-file-names": [
    "bom_wide_2_7_20_5_No1",
    "bom_wide_5_9_15_5_No1",
    "bom_wide_2_7_20_10_No1",
    "bom_wide_2_10_30_15_No2",
    "bom_wide_2_11_13_5_No2",
    "bom_wide_2_9_10_5_No1",
    "bom_wide_2_10_10_5_No2",
    "bom_wide_4_6_16_4_No1",
    "bom_wide_5_10_10_5_No1",
    "bom_wide_3_7_10_5_No1",
    "bom_wide_3_5_16_4_No1",
    "bom_wide_5_6_20_4_No2",
    "bom_wide_3_10_30_15_No2",
    "bom_wide_3_7_15_5_No1",
    "bom_wide_3_8_15_5_No2",
    "bom_wide_3_10_10_5_No2",
    "bom_wide_5_3_10_5_No1",
    "bom_wide_4_8_10_5_No2",
    "bom_wide_5_8_20_5_No2",
    "bom_wide_5_10_30_15_No2",
    "bom_wide_4_10_10_5_No1",
    "bom_wide_5_4_16_4_No2",
    "bom_wide_3_9_15_5_No1",
    "bom_wide_4_7_12_5_No1",
    "bom_wide_4_6_40_15_No1",
    "bom_wide_4_10_30_15_No2",
    "bom_wide_4_10_30_15_No1",
    "bom_wide_4_7_12_5_No2",
    "bom_wide_4_6_40_15_No2",
    "bom_wide_5_8_20_5_No1",
    "bom_wide_5_10_30_15_No1",
    "bom_wide_4_10_10_5_No2",
    "bom_wide_5_4_16_4_No1",
    "bom_wide_3_9_15_5_No2",
    "bom_wide_3_10_10_5_No1",
    "bom_wide_3_8_15_5_No1",
    "bom_wide_5_3_10_5_No2",
    "bom_wide_4_8_10_5_No1",
    "bom_wide_5_6_20_4_No1",
    "bom_wide_3_10_30_15_No1",
    "bom_wide_4_6_16_4_No2",
    "bom_wide_5_10_10_5_No2",
    "bom_wide_3_5_16_4_No2",
    "bom_wide_2_7_20_5_No2",
    "bom_wide_5_9_15_5_No2",
    "bom_wide_2_7_20_10_No2",
    "bom_wide_2_10_30_15_No1",
    "bom_wide_2_11_13_5_No1",
    "bom_wide_2_9_10_5_No2",
    "bom_wide_2_10_10_5_No1"
  ]
}