{
  "runs": [
    {
      "agent": {
        "rew_mean": 0.0,
        "rew_std": 0.0,
        "rew_best": 0.0,
        "rew_best_count": 40,
        "rew_worst": 0.0,
        "tardiness_mean": 0.0,
        "tardiness_std": 0.0,
        "tardiness_max_mean": 0.0,
        "makespan_tests": [
          980,
          1088,
          1103,
          1134,
          664,
          665,
          511,
          587,
          1566,
          1155,
          574,
          521,
          989,
          1048,
          973,
          809,
          890,
          1117,
          1093,
          900,
          756,
          1739,
          1558,
          943,
          956,
          832,
          815,
          846,
          858,
          1099,
          857,
          821,
          898,
          1161,
          1066,
          717,
          646,
          1607,
          1591,
          632
        ],
        "makespan_mean": 969.125,
        "rew_worst_quantile_border": 0.0,
        "rew_cvar": 0.0,
        "rew_perc_good_solutions": 1.0,
        "num_tests": 40,
        "running_time": [
          0.006951808929443359,
          0.0068111419677734375,
          0.030484914779663086,
          0.03153586387634277,
          0.008099079132080078,
          0.008476972579956055,
          0.0018188953399658203,
          0.0017561912536621094,
          0.06573009490966797,
          0.03050684928894043,
          0.001863241195678711,
          0.00186920166015625,
          0.04588627815246582,
          0.04574322700500488,
          0.045623779296875,
          0.003952741622924805,
          0.004308938980102539,
          0.0068018436431884766,
          0.006658792495727539,
          0.018118858337402344,
          0.008121013641357422,
          0.06588006019592285,
          0.06734609603881836,
          0.043625831604003906,
          0.04672098159790039,
          0.0037288665771484375,
          0.004086971282958984,
          0.017150163650512695,
          0.01738905906677246,
          0.007133007049560547,
          0.0038177967071533203,
          0.01742100715637207,
          0.018129825592041016,
          0.030628681182861328,
          0.029786109924316406,
          0.008384943008422852,
          0.008322954177856445,
          0.06518793106079102,
          0.06409597396850586,
          0.002135038375854492
        ]
      },
      "test-data-file-names": [
        "la12.fjs",
        "la13.fjs",
        "la26.fjs",
        "la27.fjs",
        "la18.fjs",
        "la19.fjs",
        "la05.fjs",
        "la04.fjs",
        "la31.fjs",
        "la30.fjs",
        "la02.fjs",
        "la03.fjs",
        "la36.fjs",
        "la37.fjs",
        "la40.fjs",
        "la08.fjs",
        "la09.fjs",
        "la15.fjs",
        "la14.fjs",
        "la21.fjs",
        "la20.fjs",
        "la32.fjs",
        "la33.fjs",
        "la38.fjs",
        "la39.fjs",
        "la06.fjs",
        "la07.fjs",
        "la25.fjs",
        "la24.fjs",
        "la11.fjs",
        "la10.fjs",
        "la22.fjs",
        "la23.fjs",
        "la28.fjs",
        "la29.fjs",
        "la16.fjs",
        "la17.fjs",
        "la35.fjs",
        "la34.fjs",
        "la01.fjs"
      ]
    },
    {
      "agent": {
        "rew_mean": 0.0,
        "rew_std": 0.0,
        "rew_best": 0.0,
        "rew_best_count": 40,
        "rew_worst": 0.0,
        "tardiness_mean": 0.0,
        "tardiness_std": 0.0,
        "tardiness_max_mean": 0.0,
        "makespan_tests": [
          964,
          1059,
          1090,
          1114,
          663,
          623,
          481,
          551,
          1557,
          1116,
          569,
          504,
          948,
          986,
          955,
          781,
          891,
          1111,
          1102,
          846,
          756,
          1695,
          1536,
          943,
          922,
          837,
          818,
          823,
          819,
          1122,
          841,
          797,
          860,
          1120,
          1045,
          717,
          646,
          1581,
          1572,
          607
        ],
        "makespan_mean": 949.2,
        "rew_worst_quantile_border": 0.0,
        "rew_cvar": 0.0,
        "rew_perc_good_solutions": 1.0,
        "num_tests": 40,
        "running_time": [
          0.00636601448059082,
          0.006534099578857422,
          0.029668807983398438,
          0.0295259952545166,
          0.008161067962646484,
          0.008024930953979492,
          0.0018551349639892578,
          0.0017011165618896484,
          0.0663139820098877,
          0.029774904251098633,
          0.0018107891082763672,
          0.0017747879028320312,
          0.043890953063964844,
          0.044402122497558594,
          0.04209733009338379,
          0.0036840438842773438,
          0.00385284423828125,
          0.0066640377044677734,
          0.0062408447265625,
          0.016619205474853516,
          0.007882118225097656,
          0.061676979064941406,
          0.06160688400268555,
          0.04453015327453613,
          0.04514813423156738,
          0.003690958023071289,
          0.0037932395935058594,
          0.017179012298583984,
          0.01695990562438965,
          0.006402730941772461,
          0.003743886947631836,
          0.016277074813842773,
          0.01633477210998535,
          0.028976917266845703,
          0.0286867618560791,
          0.00767207145690918,
          0.007704973220825195,
          0.062471866607666016,
          0.0627739429473877,
          0.0018932819366455078
        ]
      },
      "test-data-file-names": [
        "la12.fjs",
        "la13.fjs",
        "la26.fjs",
        "la27.fjs",
        "la18.fjs",
        "la19.fjs",
        "la05.fjs",
        "la04.fjs",
        "la31.fjs",
        "la30.fjs",
        "la02.fjs",
        "la03.fjs",
        "la36.fjs",
        "la37.fjs",
        "la40.fjs",
        "la08.fjs",
        "la09.fjs",
        "la15.fjs",
        "la14.fjs",
        "la21.fjs",
        "la20.fjs",
        "la32.fjs",
        "la33.fjs",
        "la38.fjs",
        "la39.fjs",
        "la06.fjs",
        "la07.fjs",
        "la25.fjs",
        "la24.fjs",
        "la11.fjs",
        "la10.fjs",
        "la22.fjs",
        "la23.fjs",
        "la28.fjs",
        "la29.fjs",
        "la16.fjs",
        "la17.fjs",
        "la35.fjs",
        "la34.fjs",
        "la01.fjs"
      ]
    },
    {
      "agent": {
        "rew_mean": 0.0,
        "rew_std": 0.0,
        "rew_best": 0.0,
        "rew_best_count": 40,
        "rew_worst": 0.0,
        "tardiness_mean": 0.0,
        "tardiness_std": 0.0,
        "tardiness_max_mean": 0.0,
        "makespan_tests": [
          964,
          1059,
          1082,
          1121,
          663,
          640,
          504,
          575,
          1554,
          1115,
          569,
          502,
          950,
          989,
          955,
          800,
          891,
          1101,
          1109,
          870,
          756,
          1693,
          1543,
          943,
          922,
          861,
          811,
          819,
          837,
          1114,
          823,
          789,
          882,
          1132,
          1031,
          717,
          646,
          1578,
          1570,
          607
        ],
        "makespan_mean": 952.175,
        "rew_worst_quantile_border": 0.0,
        "rew_cvar": 0.0,
        "rew_perc_good_solutions": 1.0,
        "num_tests": 40,