{
  "agent": {
    "rew_mean": 0.0,
    "rew_std": 0.0,
    "rew_best": 0.0,
    "rew_best_count": 40,
    "rew_worst": 0.0,
    "tardiness_mean": 0.0,
    "tardiness_std": 0.0,
    "tardiness_max_mean": 0.0,
    "makespan_tests": [
      955,
      1059,
      1104,
      1156,
      663,
      655,
      495,
      627,
      1564,
      1131,
      587,
      524,
      974,
      1005,
      955,
      816,
      873,
      1125,
      1128,
      890,
      770,
      1758,
      1585,
      963,
      964,
      868,
      813,
      874,
      836,
      1160,
      839,
      813,
      916,
      1142,
      1068,
      723,
      683,
      1595,
      1599,
      610
    ],
    "makespan_mean": 971.625,
    "rew_worst_quantile_border": 0.0,
    "rew_cvar": 0.0,
    "rew_perc_good_solutions": 1.0,
    "num_tests": 40,
    "running_time": [
      0.015635251998901367,
      0.01548004150390625,
      0.04825711250305176,
      0.048265933990478516,
      0.01318669319152832,
      0.013316869735717773,
      0.004153728485107422,
      0.004066944122314453,
      0.10379791259765625,
      0.04686903953552246,
      0.004152059555053711,
      0.0041179656982421875,
      0.06051301956176758,
      0.06044411659240723,
      0.05955195426940918,
      0.008874893188476562,
      0.00888204574584961,
      0.015292882919311523,
      0.014935970306396484,
      0.027467012405395508,
      0.012937068939208984,
      0.10230684280395508,
      0.10205698013305664,
      0.060256004333496094,
      0.060015201568603516,
      0.008696794509887695,
      0.008764982223510742,
      0.02727818489074707,
      0.027353763580322266,
      0.015142202377319336,
      0.008862972259521484,
      0.02719736099243164,
      0.02685999870300293,
      0.04615306854248047,
      0.046585798263549805,
      0.012858152389526367,
      0.012953996658325195,
      0.10294699668884277,
      0.10170388221740723,
      0.004203081130981445
    ]
  },
  "test-data-file-names": [
    "la12.fjs",
    "la13.fjs",
    "la26.fjs",
    "la27.fjs",
    "la18.fjs",
    "la19.fjs",
    "la05.fjs",
    "la04.fjs",
    "la31.fjs",
    "la30.fjs",
    "la02.fjs",
    "la03.fjs",
    "la36.fjs",
    "la37.fjs",
    "la40.fjs",
    "la08.fjs",
    "la09.fjs",
    "la15.fjs",
    "la14.fjs",
    "la21.fjs",
    "la20.fjs",
    "la32.fjs",
    "la33.fjs",
    "la38.fjs",
    "la39.fjs",
    "la06.fjs",
    "la07.fjs",
    "la25.fjs",
    "la24.fjs",
    "la11.fjs",
    "la10.fjs",
    "la22.fjs",
    "la23.fjs",
    "la28.fjs",
    "la29.fjs",
    "la16.fjs",
    "la17.fjs",
    "la35.fjs",
    "la34.fjs",
    "la01.fjs"
  ]
}