{
  "agent": {
    "rew_mean": 0.0,
    "rew_std": 0.0,
    "rew_best": 0.0,
    "rew_best_count": 40,
    "rew_worst": 0.0,
    "tardiness_mean": 0.0,
    "tardiness_std": 0.0,
    "tardiness_max_mean": 0.0,
    "makespan_tests": [
      980,
      1088,
      1103,
      1134,
      664,
      665,
      511,
      587,
      1566,
      1155,
      574,
      521,
      989,
      1048,
      973,
      809,
      890,
      1117,
      1093,
      900,
      756,
      1739,
      1558,
      943,
      956,
      832,
      815,
      846,
      858,
      1099,
      857,
      821,
      898,
      1161,
      1066,
      717,
      646,
      1607,
      1591,
      632
    ],
    "makespan_mean": 969.125,
    "rew_worst_quantile_border": 0.0,
    "rew_cvar": 0.0,
    "rew_perc_good_solutions": 1.0,
    "num_tests": 40,
    "running_time": [
      0.006200075149536133,
      0.0062601566314697266,
      0.028006315231323242,
      0.02762889862060547,
      0.0076580047607421875,
      0.007688999176025391,
      0.0017330646514892578,
      0.0016913414001464844,
      0.06076502799987793,
      0.02794504165649414,
      0.0018298625946044922,
      0.0017900466918945312,
      0.042572975158691406,
      0.04279494285583496,
      0.04255938529968262,
      0.003916025161743164,
      0.0037331581115722656,
      0.006448268890380859,
      0.006264925003051758,
      0.016556978225708008,
      0.007824897766113281,
      0.0599977970123291,
      0.06035017967224121,
      0.04211592674255371,
      0.042740821838378906,
      0.0037102699279785156,
      0.0037441253662109375,
      0.016746044158935547,
      0.016656160354614258,
      0.006246805191040039,
      0.003782033920288086,
      0.016154766082763672,
      0.01616811752319336,
      0.02761697769165039,
      0.02749800682067871,
      0.007662057876586914,
      0.007769107818603516,
      0.061203956604003906,
      0.06183218955993652,
      0.0018732547760009766
    ]
  },
  "test-data-file-names": [
    "la12.fjs",
    "la13.fjs",
    "la26.fjs",
    "la27.fjs",
    "la18.fjs",
    "la19.fjs",
    "la05.fjs",
    "la04.fjs",
    "la31.fjs",
    "la30.fjs",
    "la02.fjs",
    "la03.fjs",
    "la36.fjs",
    "la37.fjs",
    "la40.fjs",
    "la08.fjs",
    "la09.fjs",
    "la15.fjs",
    "la14.fjs",
    "la21.fjs",
    "la20.fjs",
    "la32.fjs",
    "la33.fjs",
    "la38.fjs",
    "la39.fjs",
    "la06.fjs",
    "la07.fjs",
    "la25.fjs",
    "la24.fjs",
    "la11.fjs",
    "la10.fjs",
    "la22.fjs",
    "la23.fjs",
    "la28.fjs",
    "la29.fjs",
    "la16.fjs",
    "la17.fjs",
    "la35.fjs",
    "la34.fjs",
    "la01.fjs"
  ]
}