{
  "agent": {
    "rew_mean": 0.0,
    "rew_std": 0.0,
    "rew_best": 0.0,
    "rew_best_count": 40,
    "rew_worst": 0.0,
    "tardiness_mean": 0.0,
    "tardiness_std": 0.0,
    "tardiness_max_mean": 0.0,
    "makespan_tests": [
      955,
      1050,
      1080,
      1107,
      663,
      637,
      489,
      566,
      1538,
      1129,
      554,
      515,
      950,
      998,
      955,
      832,
      877,
      1098,
      1104,
      854,
      756,
      1687,
      1514,
      943,
      922,
      835,
      781,
      803,
      817,
      1104,
      835,
      804,
      878,
      1098,
      1034,
      717,
      646,
      1567,
      1554,
      621
    ],
    "makespan_mean": 946.675,
    "rew_worst_quantile_border": 0.0,
    "rew_cvar": 0.0,
    "rew_perc_good_solutions": 1.0,
    "num_tests": 40,
    "running_time": [
      0.006652116775512695,
      0.00677490234375,
      0.02915477752685547,
      0.02845287322998047,
      0.007891178131103516,
      0.007927179336547852,
      0.0018298625946044922,
      0.0018198490142822266,
      0.06265616416931152,
      0.029935121536254883,
      0.001981973648071289,
      0.0019218921661376953,
      0.048071861267089844,
      0.04995393753051758,
      0.04448390007019043,
      0.0039670467376708984,
      0.0039250850677490234,
      0.0067517757415771484,
      0.006548166275024414,
      0.01690196990966797,
      0.008083820343017578,
      0.061389923095703125,
      0.06147003173828125,
      0.05897808074951172,
      0.07670807838439941,
      0.0063092708587646484,
      0.005464792251586914,
      0.022597074508666992,
      0.033297061920166016,
      0.00941014289855957,
      0.004902839660644531,
      0.023116111755371094,
      0.027249813079833984,
      0.048542022705078125,
      0.03742694854736328,
      0.011777639389038086,
      0.015235185623168945,
      0.07564592361450195,
      0.07601380348205566,
      0.0023391246795654297
    ]
  },
  "test-data-file-names": [
    "la12.fjs",
    "la13.fjs",
    "la26.fjs",
    "la27.fjs",
    "la18.fjs",
    "la19.fjs",
    "la05.fjs",
    "la04.fjs",
    "la31.fjs",
    "la30.fjs",
    "la02.fjs",
    "la03.fjs",
    "la36.fjs",
    "la37.fjs",
    "la40.fjs",
    "la08.fjs",
    "la09.fjs",
    "la15.fjs",
    "la14.fjs",
    "la21.fjs",
    "la20.fjs",
    "la32.fjs",
    "la33.fjs",
    "la38.fjs",
    "la39.fjs",
    "la06.fjs",
    "la07.fjs",
    "la25.fjs",
    "la24.fjs",
    "la11.fjs",
    "la10.fjs",
    "la22.fjs",
    "la23.fjs",
    "la28.fjs",
    "la29.fjs",
    "la16.fjs",
    "la17.fjs",
    "la35.fjs",
    "la34.fjs",
    "la01.fjs"
  ]
}