{
  "agent": {
    "rew_mean": 0.0,
    "rew_std": 0.0,
    "rew_best": 0.0,
    "rew_best_count": 40,
    "rew_worst": 0.0,
    "tardiness_mean": 0.0,
    "tardiness_std": 0.0,
    "tardiness_max_mean": 0.0,
    "makespan_tests": [
      975,
      1103,
      1309,
      1191,
      713,
      758,
      506,
      615,
      1583,
      1188,
      662,
      595,
      1082,
      1093,
      1078,
      854,
      903,
      1160,
      1122,
      927,
      756,
      1793,
      1577,
      975,
      1071,
      853,
      846,
      892,
      947,
      1119,
      866,
      913,
      922,
      1229,
      1086,
      804,
      673,
      1653,
      1674,
      718
    ],
    "makespan_mean": 1019.6,
    "rew_worst_quantile_border": 0.0,
    "rew_cvar": 0.0,
    "rew_perc_good_solutions": 1.0,
    "num_tests": 40,
    "running_time": [
      0.005903720855712891,
      0.006031036376953125,
      0.02703714370727539,
      0.0270540714263916,
      0.0075299739837646484,
      0.007529020309448242,
      0.001657724380493164,
      0.001626729965209961,
      0.0589900016784668,
      0.02701115608215332,
      0.0017790794372558594,
      0.0017099380493164062,
      0.04166722297668457,
      0.04168295860290527,
      0.04110431671142578,
      0.003513813018798828,
      0.003484964370727539,
      0.005960226058959961,
      0.005816936492919922,
      0.01613306999206543,
      0.00768589973449707,
      0.05774378776550293,
      0.0592348575592041,
      0.04162001609802246,
      0.0423579216003418,
      0.0034248828887939453,
      0.0035369396209716797,
      0.015881776809692383,
      0.01584482192993164,
      0.005909919738769531,
      0.003551959991455078,
      0.015461921691894531,
      0.015658140182495117,
      0.026645898818969727,
      0.02661299705505371,
      0.0076901912689208984,
      0.007848978042602539,
      0.058804988861083984,
      0.05769801139831543,
      0.0018050670623779297
    ]
  },
  "test-data-file-names": [
    "la12.fjs",
    "la13.fjs",
    "la26.fjs",
    "la27.fjs",
    "la18.fjs",
    "la19.fjs",
    "la05.fjs",
    "la04.fjs",
    "la31.fjs",
    "la30.fjs",
    "la02.fjs",
    "la03.fjs",
    "la36.fjs",
    "la37.fjs",
    "la40.fjs",
    "la08.fjs",
    "la09.fjs",
    "la15.fjs",
    "la14.fjs",
    "la21.fjs",
    "la20.fjs",
    "la32.fjs",
    "la33.fjs",
    "la38.fjs",
    "la39.fjs",
    "la06.fjs",
    "la07.fjs",
    "la25.fjs",
    "la24.fjs",
    "la11.fjs",
    "la10.fjs",
    "la22.fjs",
    "la23.fjs",
    "la28.fjs",
    "la29.fjs",
    "la16.fjs",
    "la17.fjs",
    "la35.fjs",
    "la34.fjs",
    "la01.fjs"
  ]
}