{
  "agent": {
    "rew_mean": 0.0,
    "rew_std": 0.0,
    "rew_best": 0.0,
    "rew_best_count": 40,
    "rew_worst": 0.0,
    "tardiness_mean": 0.0,
    "tardiness_std": 0.0,
    "tardiness_max_mean": 0.0,
    "makespan_tests": [
      968,
      1046,
      1079,
      1115,
      663,
      649,
      519,
      561,
      1534,
      1110,
      661,
      513,
      948,
      986,
      955,
      787,
      882,
      1097,
      1086,
      847,
      756,
      1697,
      1522,
      943,
      922,
      843,
      799,
      808,
      835,
      1104,
      870,
      818,
      860,
      1102,
      1053,
      717,
      646,
      1571,
      1559,
      646
    ],
    "makespan_mean": 951.925,
    "rew_worst_quantile_border": 0.0,
    "rew_cvar": 0.0,
    "rew_perc_good_solutions": 1.0,
    "num_tests": 40,
    "running_time": [
      0.010427236557006836,
      0.010245800018310547,
      0.03592705726623535,
      0.035665035247802734,
      0.009859085083007812,
      0.009776830673217773,
      0.002675771713256836,
      0.0027577877044677734,
      0.07791495323181152,
      0.03609108924865723,
      0.002851724624633789,
      0.0027921199798583984,
      0.050338029861450195,
      0.05047488212585449,
      0.04968094825744629,
      0.00603485107421875,
      0.005880117416381836,
      0.010003328323364258,
      0.009804010391235352,
      0.02128887176513672,
      0.009923934936523438,
      0.07731890678405762,
      0.07793092727661133,
      0.049416303634643555,
      0.049843788146972656,
      0.005753993988037109,
      0.005767822265625,
      0.020982027053833008,
      0.021044015884399414,
      0.010038137435913086,
      0.005921602249145508,
      0.020882129669189453,
      0.020829200744628906,
      0.03580284118652344,
      0.03540396690368652,
      0.009953975677490234,
      0.009933233261108398,
      0.07872200012207031,
      0.0785517692565918,
      0.0028679370880126953
    ]
  },
  "test-data-file-names": [
    "la12.fjs",
    "la13.fjs",
    "la26.fjs",
    "la27.fjs",
    "la18.fjs",
    "la19.fjs",
    "la05.fjs",
    "la04.fjs",
    "la31.fjs",
    "la30.fjs",
    "la02.fjs",
    "la03.fjs",
    "la36.fjs",
    "la37.fjs",
    "la40.fjs",
    "la08.fjs",
    "la09.fjs",
    "la15.fjs",
    "la14.fjs",
    "la21.fjs",
    "la20.fjs",
    "la32.fjs",
    "la33.fjs",
    "la38.fjs",
    "la39.fjs",
    "la06.fjs",
    "la07.fjs",
    "la25.fjs",
    "la24.fjs",
    "la11.fjs",
    "la10.fjs",
    "la22.fjs",
    "la23.fjs",
    "la28.fjs",
    "la29.fjs",
    "la16.fjs",
    "la17.fjs",
    "la35.fjs",
    "la34.fjs",
    "la01.fjs"
  ]
}