{
  "agent": {
    "rew_mean": 0.0,
    "rew_std": 0.0,
    "rew_best": 0.0,
    "rew_best_count": 40,
    "rew_worst": 0.0,
    "tardiness_mean": 0.0,
    "tardiness_std": 0.0,
    "tardiness_max_mean": 0.0,
    "makespan_tests": [
      1005,
      1116,
      1252,
      1226,
      680,
      798,
      587,
      675,
      1667,
      1212,
      596,
      569,
      1213,
      1287,
      1202,
      808,
      943,
      1168,
      1105,
      989,
      756,
      1807,
      1614,
      1132,
      1250,
      872,
      808,
      1074,
      941,
      1104,
      898,
      926,
      952,
      1209,
      1239,
      824,
      670,
      1730,
      1740,
      624
    ],
    "makespan_mean": 1056.7,
    "rew_worst_quantile_border": 0.0,
    "rew_cvar": 0.0,
    "rew_perc_good_solutions": 1.0,
    "num_tests": 40,
    "running_time": [
      0.007465839385986328,
      0.007390022277832031,
      0.03127098083496094,
      0.030545949935913086,
      0.008641958236694336,
      0.00884389877319336,
      0.0022199153900146484,
      0.0021049976348876953,
      0.06772685050964355,
      0.03137803077697754,
      0.002123117446899414,
      0.0020380020141601562,
      0.04740095138549805,
      0.04668998718261719,
      0.04651904106140137,
      0.004617929458618164,
      0.004454851150512695,
      0.00745701789855957,
      0.007405281066894531,
      0.018194913864135742,
      0.008816003799438477,
      0.06587624549865723,
      0.06609916687011719,
      0.044619083404541016,
      0.04449605941772461,
      0.004148960113525391,
      0.004170894622802734,
      0.017622709274291992,
      0.017601966857910156,
      0.007028341293334961,
      0.0043182373046875,
      0.017464876174926758,
      0.017213106155395508,
      0.029871225357055664,
      0.029326677322387695,
      0.008208990097045898,
      0.008260250091552734,
      0.0639040470123291,
      0.06459188461303711,
      0.002089977264404297
    ]
  },
  "test-data-file-names": [
    "la12.fjs",
    "la13.fjs",
    "la26.fjs",
    "la27.fjs",
    "la18.fjs",
    "la19.fjs",
    "la05.fjs",
    "la04.fjs",
    "la31.fjs",
    "la30.fjs",
    "la02.fjs",
    "la03.fjs",
    "la36.fjs",
    "la37.fjs",
    "la40.fjs",
    "la08.fjs",
    "la09.fjs",
    "la15.fjs",
    "la14.fjs",
    "la21.fjs",
    "la20.fjs",
    "la32.fjs",
    "la33.fjs",
    "la38.fjs",
    "la39.fjs",
    "la06.fjs",
    "la07.fjs",
    "la25.fjs",
    "la24.fjs",
    "la11.fjs",
    "la10.fjs",
    "la22.fjs",
    "la23.fjs",
    "la28.fjs",
    "la29.fjs",
    "la16.fjs",
    "la17.fjs",
    "la35.fjs",
    "la34.fjs",
    "la01.fjs"
  ]
}