{
  "agent": {
    "rew_mean": 0.0,
    "rew_std": 0.0,
    "rew_best": 0.0,
    "rew_best_count": 40,
    "rew_worst": 0.0,
    "tardiness_mean": 0.0,
    "tardiness_std": 0.0,
    "tardiness_max_mean": 0.0,
    "makespan_tests": [
      967,
      1087,
      1102,
      1145,
      663,
      651,
      516,
      573,
      1568,
      1127,
      587,
      524,
      971,
      991,
      972,
      812,
      891,
      1130,
      1127,
      859,
      756,
      1766,
      1581,
      943,
      951,
      868,
      813,
      873,
      891,
      1129,
      853,
      802,
      897,
      1115,
      1092,
      731,
      682,
      1586,
      1604,
      610
    ],
    "makespan_mean": 970.15,
    "rew_worst_quantile_border": 0.0,
    "rew_cvar": 0.0,
    "rew_perc_good_solutions": 1.0,
    "num_tests": 40,
    "running_time": [
      0.006963968276977539,
      0.007138967514038086,
      0.029635190963745117,
      0.029661178588867188,
      0.008015871047973633,
      0.008029937744140625,
      0.0018930435180664062,
      0.001851797103881836,
      0.06351470947265625,
      0.028776884078979492,
      0.0019328594207763672,
      0.0018889904022216797,
      0.0427248477935791,
      0.04330277442932129,
      0.042894840240478516,
      0.004027128219604492,
      0.004019021987915039,
      0.006864070892333984,
      0.006845235824584961,
      0.016912221908569336,
      0.007982969284057617,
      0.06220817565917969,
      0.06217503547668457,
      0.042984962463378906,
      0.042968034744262695,
      0.0039539337158203125,
      0.003918886184692383,
      0.016839981079101562,
      0.016652822494506836,
      0.006791830062866211,
      0.004026889801025391,
      0.016456127166748047,
      0.016468048095703125,
      0.028701305389404297,
      0.027964353561401367,
      0.008090019226074219,
      0.007858991622924805,
      0.0627901554107666,
      0.06262087821960449,
      0.0019788742065429688
    ]
  },
  "test-data-file-names": [
    "la12.fjs",
    "la13.fjs",
    "la26.fjs",
    "la27.fjs",
    "la18.fjs",
    "la19.fjs",
    "la05.fjs",
    "la04.fjs",
    "la31.fjs",
    "la30.fjs",
    "la02.fjs",
    "la03.fjs",
    "la36.fjs",
    "la37.fjs",
    "la40.fjs",
    "la08.fjs",
    "la09.fjs",
    "la15.fjs",
    "la14.fjs",
    "la21.fjs",
    "la20.fjs",
    "la32.fjs",
    "la33.fjs",
    "la38.fjs",
    "la39.fjs",
    "la06.fjs",
    "la07.fjs",
    "la25.fjs",
    "la24.fjs",
    "la11.fjs",
    "la10.fjs",
    "la22.fjs",
    "la23.fjs",
    "la28.fjs",
    "la29.fjs",
    "la16.fjs",
    "la17.fjs",
    "la35.fjs",
    "la34.fjs",
    "la01.fjs"
  ]
}