{
  "agent": {
    "rew_mean": 0.0,
    "rew_std": 0.0,
    "rew_best": 0.0,
    "rew_best_count": 40,
    "rew_worst": 0.0,
    "tardiness_mean": 0.0,
    "tardiness_std": 0.0,
    "tardiness_max_mean": 0.0,
    "makespan_tests": [
      1005,
      1116,
      1151,
      1268,
      771,
      702,
      615,
      675,
      1565,
      1221,
      596,
      569,
      1135,
      1135,
      1060,
      849,
      930,
      1168,
      1129,
      993,
      814,
      1781,
      1593,
      1109,
      1017,
      872,
      808,
      1055,
      875,
      1097,
      889,
      875,
      983,
      1250,
      1085,
      784,
      717,
      1715,
      1635,
      624
    ],
    "makespan_mean": 1030.775,
    "rew_worst_quantile_border": 0.0,
    "rew_cvar": 0.0,
    "rew_perc_good_solutions": 1.0,
    "num_tests": 40,
    "running_time": [
      0.014788150787353516,
      0.015553951263427734,
      0.048731088638305664,
      0.047928810119628906,
      0.013946771621704102,
      0.013965129852294922,
      0.004164934158325195,
      0.004042863845825195,
      0.10463309288024902,
      0.048388004302978516,
      0.004241943359375,
      0.004322052001953125,
      0.06395792961120605,
      0.06375384330749512,
      0.06324195861816406,
      0.008971929550170898,
      0.008912324905395508,
      0.015179872512817383,
      0.015107870101928711,
      0.028692960739135742,
      0.013932943344116211,
      0.10478782653808594,
      0.10460305213928223,
      0.062245845794677734,
      0.06268906593322754,
      0.008675813674926758,
      0.008954763412475586,
      0.02822089195251465,
      0.02886199951171875,
      0.015092849731445312,
      0.009208917617797852,
      0.028301000595092773,
      0.028298377990722656,
      0.047554969787597656,
      0.0474400520324707,
      0.013637781143188477,
      0.014161109924316406,
      0.10278797149658203,
      0.1044468879699707,
      0.004733085632324219
    ]
  },
  "test-data-file-names": [
    "la12.fjs",
    "la13.fjs",
    "la26.fjs",
    "la27.fjs",
    "la18.fjs",
    "la19.fjs",
    "la05.fjs",
    "la04.fjs",
    "la31.fjs",
    "la30.fjs",
    "la02.fjs",
    "la03.fjs",
    "la36.fjs",
    "la37.fjs",
    "la40.fjs",
    "la08.fjs",
    "la09.fjs",
    "la15.fjs",
    "la14.fjs",
    "la21.fjs",
    "la20.fjs",
    "la32.fjs",
    "la33.fjs",
    "la38.fjs",
    "la39.fjs",
    "la06.fjs",
    "la07.fjs",
    "la25.fjs",
    "la24.fjs",
    "la11.fjs",
    "la10.fjs",
    "la22.fjs",
    "la23.fjs",
    "la28.fjs",
    "la29.fjs",
    "la16.fjs",
    "la17.fjs",
    "la35.fjs",
    "la34.fjs",
    "la01.fjs"
  ]
}