{
  "agent": {
    "rew_mean": 0.0,
    "rew_std": 0.0,
    "rew_best": 0.0,
    "rew_best_count": 40,
    "rew_worst": 0.0,
    "tardiness_mean": 0.0,
    "tardiness_std": 0.0,
    "tardiness_max_mean": 0.0,
    "makespan_tests": [
      977,
      1080,
      1145,
      1189,
      663,
      653,
      515,
      594,
      1604,
      1151,
      580,
      518,
      1007,
      1049,
      956,
      787,
      879,
      1118,
      1104,
      896,
      756,
      1760,
      1588,
      978,
      953,
      837,
      828,
      849,
      857,
      1121,
      854,
      853,
      924,
      1188,
      1079,
      717,
      646,
      1645,
      1626,
      610
    ],
    "makespan_mean": 978.35,
    "rew_worst_quantile_border": 0.0,
    "rew_cvar": 0.0,
    "rew_perc_good_solutions": 1.0,
    "num_tests": 40,
    "running_time": [
      0.014778852462768555,
      0.015223026275634766,
      0.04809284210205078,
      0.04839205741882324,
      0.014503240585327148,
      0.014206886291503906,
      0.004193782806396484,
      0.004152059555053711,
      0.10291624069213867,
      0.04891705513000488,
      0.00441288948059082,
      0.0043599605560302734,
      0.06461501121520996,
      0.0639798641204834,
      0.06473779678344727,
      0.008762836456298828,
      0.00874018669128418,
      0.014815092086791992,
      0.014497041702270508,
      0.028959035873413086,
      0.014435768127441406,
      0.10205602645874023,
      0.10239601135253906,
      0.06386184692382812,
      0.06336712837219238,
      0.008591651916503906,
      0.008727073669433594,
      0.02887415885925293,
      0.029237031936645508,
      0.014673948287963867,
      0.008765935897827148,
      0.028661251068115234,
      0.028645038604736328,
      0.04805588722229004,
      0.047410011291503906,
      0.014188051223754883,
      0.014481782913208008,
      0.10303568840026855,
      0.10293984413146973,
      0.004491090774536133
    ]
  },
  "test-data-file-names": [
    "la12.fjs",
    "la13.fjs",
    "la26.fjs",
    "la27.fjs",
    "la18.fjs",
    "la19.fjs",
    "la05.fjs",
    "la04.fjs",
    "la31.fjs",
    "la30.fjs",
    "la02.fjs",
    "la03.fjs",
    "la36.fjs",
    "la37.fjs",
    "la40.fjs",
    "la08.fjs",
    "la09.fjs",
    "la15.fjs",
    "la14.fjs",
    "la21.fjs",
    "la20.fjs",
    "la32.fjs",
    "la33.fjs",
    "la38.fjs",
    "la39.fjs",
    "la06.fjs",
    "la07.fjs",
    "la25.fjs",
    "la24.fjs",
    "la11.fjs",
    "la10.fjs",
    "la22.fjs",
    "la23.fjs",
    "la28.fjs",
    "la29.fjs",
    "la16.fjs",
    "la17.fjs",
    "la35.fjs",
    "la34.fjs",
    "la01.fjs"
  ]
}