{
  "runs": [
    {
      "agent": {
        "rew_mean": 0.0,
        "rew_std": 0.0,
        "rew_best": 0.0,
        "rew_best_count": 40,
        "rew_worst": 0.0,
        "tardiness_mean": 0.0,
        "tardiness_std": 0.0,
        "tardiness_max_mean": 0.0,
        "makespan_tests": [
          975,
          1103,
          1309,
          1191,
          713,
          758,
          506,
          615,
          1583,
          1188,
          662,
          595,
          1082,
          1093,
          1078,
          854,
          903,
          1160,
          1122,
          927,
          756,
          1793,
          1577,
          975,
          1071,
          853,
          846,
          892,
          947,
          1119,
          866,
          913,
          922,
          1229,
          1086,
          804,
          673,
          1653,
          1674,
          718
        ],
        "makespan_mean": 1019.6,
        "rew_worst_quantile_border": 0.0,
        "rew_cvar": 0.0,
        "rew_perc_good_solutions": 1.0,
        "num_tests": 40,
        "running_time": [
          0.008291959762573242,
          0.0078051090240478516,
          0.035143136978149414,
          0.030493736267089844,
          0.008872270584106445,
          0.009283065795898438,
          0.0016977787017822266,
          0.00167083740234375,
          0.0704958438873291,
          0.035176992416381836,
          0.0019519329071044922,
          0.0018532276153564453,
          0.05066704750061035,
          0.04993104934692383,
          0.04944205284118652,
          0.004951953887939453,
          0.003901958465576172,
          0.007229804992675781,
          0.006564140319824219,
          0.026341915130615234,
          0.00963735580444336,
          0.06782913208007812,
          0.07173299789428711,
          0.049672842025756836,
          0.05036306381225586,
          0.0038080215454101562,
          0.005741119384765625,
          0.019006013870239258,
          0.019228219985961914,
          0.00667881965637207,
          0.004004001617431641,
          0.021867990493774414,
          0.020082712173461914,
          0.03472113609313965,
          0.04964303970336914,
          0.018211841583251953,
          0.016562223434448242,
          0.06449079513549805,
          0.0714559555053711,
          0.0022280216217041016
        ]
      },
      "test-data-file-names": [
        "la12.fjs",
        "la13.fjs",
        "la26.fjs",
        "la27.fjs",
        "la18.fjs",
        "la19.fjs",
        "la05.fjs",
        "la04.fjs",
        "la31.fjs",
        "la30.fjs",
        "la02.fjs",
        "la03.fjs",
        "la36.fjs",
        "la37.fjs",
        "la40.fjs",
        "la08.fjs",
        "la09.fjs",
        "la15.fjs",
        "la14.fjs",
        "la21.fjs",
        "la20.fjs",
        "la32.fjs",
        "la33.fjs",
        "la38.fjs",
        "la39.fjs",
        "la06.fjs",
        "la07.fjs",
        "la25.fjs",
        "la24.fjs",
        "la11.fjs",
        "la10.fjs",
        "la22.fjs",
        "la23.fjs",
        "la28.fjs",
        "la29.fjs",
        "la16.fjs",
        "la17.fjs",
        "la35.fjs",
        "la34.fjs",
        "la01.fjs"
      ]
    },
    {
      "agent": {
        "rew_mean": 0.0,
        "rew_std": 0.0,
        "rew_best": 0.0,
        "rew_best_count": 40,
        "rew_worst": 0.0,
        "tardiness_mean": 0.0,
        "tardiness_std": 0.0,
        "tardiness_max_mean": 0.0,
        "makespan_tests": [
          975,
          1123,
          1250,
          1222,
          715,
          753,
          506,
          703,
          1619,
          1206,
          622,
          595,
          1075,
          1115,
          1084,
          851,
          933,
          1160,
          1122,
          947,
          825,
          1753,
          1606,
          1026,
          1086,
          853,
          865,
          893,
          947,
          1158,
          886,
          877,
          926,
          1183,
          1104,
          814,
          673,
          1670,
          1652,
          702
        ],
        "makespan_mean": 1026.875,
        "rew_worst_quantile_border": 0.0,
        "rew_cvar": 0.0,
        "rew_perc_good_solutions": 1.0,
        "num_tests": 40,
        "running_time": [
          0.007880926132202148,
          0.0062520503997802734,
          0.03285503387451172,
          0.03058481216430664,
          0.008579254150390625,
          0.008844852447509766,
          0.0016460418701171875,
          0.001641988754272461,
          0.06888604164123535,
          0.029837846755981445,
          0.0019137859344482422,
          0.0017230510711669922,
          0.045670270919799805,
          0.046003103256225586,
          0.04507017135620117,
          0.003770112991333008,
          0.003651857376098633,
          0.006634950637817383,
          0.006062984466552734,
          0.017126083374023438,
          0.008414983749389648,
          0.0639338493347168,
          0.06148576736450195,
          0.04530596733093262,
          0.04550600051879883,
          0.0037691593170166016,
          0.0034759044647216797,
          0.01828908920288086,
          0.018538713455200195,
          0.006600856781005859,
          0.003660917282104492,
          0.017741918563842773,
          0.017767906188964844,
          0.030171871185302734,
          0.027564048767089844,
          0.007908105850219727,
          0.008054971694946289,
          0.06366491317749023,
          0.06410884857177734,
          0.0017979145050048828
        ]
      },
      "test-data-file-names": [
        "la12.fjs",
        "la13.fjs",
        "la26.fjs",
        "la27.fjs",
        "la18.fjs",
        "la19.fjs",
        "la05.fjs",
        "la04.fjs",
        "la31.fjs",
        "la30.fjs",
        "la02.fjs",
        "la03.fjs",
        "la36.fjs",
        "la37.fjs",
        "la40.fjs",
        "la08.fjs",
        "la09.fjs",
        "la15.fjs",
        "la14.fjs",
        "la21.fjs",
        "la20.fjs",
        "la32.fjs",
        "la33.fjs",
        "la38.fjs",
        "la39.fjs",
        "la06.fjs",
        "la07.fjs",
        "la25.fjs",
        "la24.fjs",
        "la11.fjs",
        "la10.fjs",
        "la22.fjs",
        "la23.fjs",
        "la28.fjs",
        "la29.fjs",
        "la16.fjs",
        "la17.fjs",
        "la35.fjs",
        "la34.fjs",
        "la01.fjs"
      ]
    },
    {
      "agent": {
        "rew_mean": 0.0,
        "rew_std": 0.0,
        "rew_best": 0.0,
        "rew_best_count": 40,
        "rew_worst": 0.0,
        "tardiness_mean": 0.0,
        "tardiness_std": 0.0,
        "tardiness_max_mean": 0.0,
        "makespan_tests": [
          982,
          1056,
          1123,
          1179,
          663,
          675,
          494,
          872,
          1573,
          1186,
          598,
          523,
          997,
          1055,
          1033,
          810,
          887,
          1132,
          1090,
          913,
          756,
          1763,
          1589,
          964,
          1018,
          847,
          810,
          911,
          871,
          1102,
          840,
          847,
          906,
          1142,
          1102,
          768,
          646,
          1628,
          1625,
          650
        ],
        "makespan_mean": 990.65,
        "rew_worst_quantile_border": 0.0,
        "rew_cvar": 0.0,
        "rew_perc_good_solutions": 1.0,
        "num_tests": 40,