{
  "agent": {
    "rew_mean": 0.0,
    "rew_std": 0.0,
    "rew_best": 0.0,
    "rew_best_count": 40,
    "rew_worst": 0.0,
    "tardiness_mean": 0.0,
    "tardiness_std": 0.0,
    "tardiness_max_mean": 0.0,
    "makespan_tests": [
      988,
      1123,
      1235,
      1253,
      715,
      733,
      533,
      606,
      1595,
      1213,
      666,
      588,
      1064,
      1117,
      1048,
      881,
      933,
      1158,
      1139,
      929,
      825,
      1828,
      1603,
      1007,
      1074,
      868,
      846,
      944,
      948,
      1152,
      875,
      858,
      924,
      1235,
      1122,
      826,
      673,
      1679,
      1621,
      758
    ],
    "makespan_mean": 1029.575,
    "rew_worst_quantile_border": 0.0,
    "rew_cvar": 0.0,
    "rew_perc_good_solutions": 1.0,
    "num_tests": 40,
    "running_time": [
      0.010392189025878906,
      0.010524988174438477,
      0.03869223594665527,
      0.03892803192138672,
      0.01143503189086914,
      0.011420011520385742,
      0.003072023391723633,
      0.0030159950256347656,
      0.08294486999511719,
      0.039901018142700195,
      0.0032761096954345703,
      0.0031740665435791016,
      0.05555582046508789,
      0.055808067321777344,
      0.05543780326843262,
      0.006453037261962891,
      0.006489992141723633,
      0.010794878005981445,
      0.010866165161132812,
      0.02468729019165039,
      0.011444807052612305,
      0.08339309692382812,
      0.08324790000915527,
      0.05268406867980957,
      0.05347895622253418,
      0.006470203399658203,
      0.006186008453369141,
      0.023115873336791992,
      0.022931814193725586,
      0.010726213455200195,
      0.00621795654296875,
      0.022521018981933594,
      0.0223538875579834,
      0.03774619102478027,
      0.03716611862182617,
      0.011182069778442383,
      0.011407136917114258,
      0.08291506767272949,
      0.08111095428466797,
      0.003144979476928711
    ]
  },
  "test-data-file-names": [
    "la12.fjs",
    "la13.fjs",
    "la26.fjs",
    "la27.fjs",
    "la18.fjs",
    "la19.fjs",
    "la05.fjs",
    "la04.fjs",
    "la31.fjs",
    "la30.fjs",
    "la02.fjs",
    "la03.fjs",
    "la36.fjs",
    "la37.fjs",
    "la40.fjs",
    "la08.fjs",
    "la09.fjs",
    "la15.fjs",
    "la14.fjs",
    "la21.fjs",
    "la20.fjs",
    "la32.fjs",
    "la33.fjs",
    "la38.fjs",
    "la39.fjs",
    "la06.fjs",
    "la07.fjs",
    "la25.fjs",
    "la24.fjs",
    "la11.fjs",
    "la10.fjs",
    "la22.fjs",
    "la23.fjs",
    "la28.fjs",
    "la29.fjs",
    "la16.fjs",
    "la17.fjs",
    "la35.fjs",
    "la34.fjs",
    "la01.fjs"
  ]
}