{
  "runs": [
    {
      "agent": {
        "rew_mean": 0.0,
        "rew_std": 0.0,
        "rew_best": 0.0,
        "rew_best_count": 40,
        "rew_worst": 0.0,
        "tardiness_mean": 0.0,
        "tardiness_std": 0.0,
        "tardiness_max_mean": 0.0,
        "makespan_tests": [
          974,
          1068,
          1123,
          1160,
          663,
          720,
          527,
          585,
          1579,
          1172,
          634,
          553,
          1026,
          1111,
          1022,
          818,
          918,
          1133,
          1135,
          911,
          756,
          1718,
          1576,
          964,
          1038,
          867,
          825,
          885,
          873,
          1135,
          849,
          857,
          933,
          1168,
          1086,
          735,
          646,
          1622,
          1584,
          621
        ],
        "makespan_mean": 989.25,
        "rew_worst_quantile_border": 0.0,
        "rew_cvar": 0.0,
        "rew_perc_good_solutions": 1.0,
        "num_tests": 40,
        "running_time": [
          0.006269931793212891,
          0.005811929702758789,
          0.02902817726135254,
          0.0294191837310791,
          0.0081939697265625,
          0.007951021194458008,
          0.0017390251159667969,
          0.0016796588897705078,
          0.06335091590881348,
          0.0299990177154541,
          0.0017008781433105469,
          0.0016579627990722656,
          0.04624605178833008,
          0.046643972396850586,
          0.04373788833618164,
          0.003698110580444336,
          0.003596067428588867,
          0.006557941436767578,
          0.005861043930053711,
          0.017258882522583008,
          0.007874011993408203,
          0.06392908096313477,
          0.06379103660583496,
          0.043701171875,
          0.045233964920043945,
          0.0036089420318603516,
          0.003671884536743164,
          0.01653575897216797,
          0.016643047332763672,
          0.006167888641357422,
          0.0034618377685546875,
          0.01588726043701172,
          0.01601696014404297,
          0.02801203727722168,
          0.027460098266601562,
          0.007627010345458984,
          0.00781702995300293,
          0.061975955963134766,
          0.06163620948791504,
          0.0018291473388671875
        ]
      },
      "test-data-file-names": [
        "la12.fjs",
        "la13.fjs",
        "la26.fjs",
        "la27.fjs",
        "la18.fjs",
        "la19.fjs",
        "la05.fjs",
        "la04.fjs",
        "la31.fjs",
        "la30.fjs",
        "la02.fjs",
        "la03.fjs",
        "la36.fjs",
        "la37.fjs",
        "la40.fjs",
        "la08.fjs",
        "la09.fjs",
        "la15.fjs",
        "la14.fjs",
        "la21.fjs",
        "la20.fjs",
        "la32.fjs",
        "la33.fjs",
        "la38.fjs",
        "la39.fjs",
        "la06.fjs",
        "la07.fjs",
        "la25.fjs",
        "la24.fjs",
        "la11.fjs",
        "la10.fjs",
        "la22.fjs",
        "la23.fjs",
        "la28.fjs",
        "la29.fjs",
        "la16.fjs",
        "la17.fjs",
        "la35.fjs",
        "la34.fjs",
        "la01.fjs"
      ]
    },
    {
      "agent": {
        "rew_mean": 0.0,
        "rew_std": 0.0,
        "rew_best": 0.0,
        "rew_best_count": 40,
        "rew_worst": 0.0,
        "tardiness_mean": 0.0,
        "tardiness_std": 0.0,
        "tardiness_max_mean": 0.0,
        "makespan_tests": [
          962,
          1046,
          1063,
          1104,
          663,
          648,
          519,
          586,
          1551,
          1094,
          550,
          513,
          948,
          986,
          955,
          787,
          888,
          1102,
          1086,
          851,
          756,
          1683,
          1529,
          943,
          922,
          807,
          787,
          795,
          827,
          1116,
          846,
          786,
          852,
          1095,
          1028,
          717,
          646,
          1567,
          1584,
          599
        ],
        "makespan_mean": 944.675,
        "rew_worst_quantile_border": 0.0,
        "rew_cvar": 0.0,
        "rew_perc_good_solutions": 1.0,
        "num_tests": 40,
        "running_time": [
          0.006938934326171875,
          0.006749868392944336,
          0.0307619571685791,
          0.029721736907958984,
          0.00767827033996582,
          0.0075190067291259766,
          0.001714944839477539,
          0.0016932487487792969,
          0.0638730525970459,
          0.0292818546295166,
          0.0017828941345214844,
          0.001744985580444336,
          0.04486393928527832,
          0.04494476318359375,
          0.04410290718078613,
          0.003990888595581055,
          0.0037670135498046875,
          0.006654977798461914,
          0.006371021270751953,
          0.017169952392578125,
          0.008318901062011719,
          0.06393194198608398,
          0.06403088569641113,
          0.04441428184509277,
          0.044656991958618164,
          0.003874063491821289,
          0.003818035125732422,
          0.01805400848388672,
          0.01696610450744629,
          0.006509065628051758,
          0.003873109817504883,
          0.017575979232788086,
          0.017560243606567383,
          0.027863025665283203,
          0.028254032135009766,
          0.008009910583496094,
          0.007772922515869141,
          0.06471681594848633,
          0.06708693504333496,
          0.0020799636840820312
        ]
      },
      "test-data-file-names": [
        "la12.fjs",
        "la13.fjs",
        "la26.fjs",
        "la27.fjs",
        "la18.fjs",
        "la19.fjs",
        "la05.fjs",
        "la04.fjs",
        "la31.fjs",
        "la30.fjs",
        "la02.fjs",
        "la03.fjs",
        "la36.fjs",
        "la37.fjs",
        "la40.fjs",
        "la08.fjs",
        "la09.fjs",
        "la15.fjs",
        "la14.fjs",
        "la21.fjs",
        "la20.fjs",
        "la32.fjs",
        "la33.fjs",
        "la38.fjs",
        "la39.fjs",
        "la06.fjs",
        "la07.fjs",
        "la25.fjs",
        "la24.fjs",
        "la11.fjs",
        "la10.fjs",
        "la22.fjs",
        "la23.fjs",
        "la28.fjs",
        "la29.fjs",
        "la16.fjs",
        "la17.fjs",
        "la35.fjs",
        "la34.fjs",
        "la01.fjs"
      ]
    },
    {
      "agent": {
        "rew_mean": 0.0,
        "rew_std": 0.0,
        "rew_best": 0.0,
        "rew_best_count": 40,
        "rew_worst": 0.0,
        "tardiness_mean": 0.0,
        "tardiness_std": 0.0,
        "tardiness_max_mean": 0.0,
        "makespan_tests": [
          978,
          1091,
          1124,
          1193,
          663,
          735,
          511,
          585,
          1560,
          1142,
          619,
          545,
          1061,
          1141,
          1041,
          818,
          903,
          1117,
          1133,
          897,
          783,
          1749,
          1574,
          1081,
          1175,
          861,
          825,
          867,
          880,
          1135,
          849,
          834,
          890,
          1136,
          1083,
          752,
          673,
          1602,
          1584,
          626
        ],
        "makespan_mean": 995.4,
        "rew_worst_quantile_border": 0.0,
        "rew_cvar": 0.0,
        "rew_perc_good_solutions": 1.0,
        "num_tests": 40,