{
  "agent": {
    "rew_mean": 0.0,
    "rew_std": 0.0,
    "rew_best": 0.0,
    "rew_best_count": 40,
    "rew_worst": 0.0,
    "tardiness_mean": 0.0,
    "tardiness_std": 0.0,
    "tardiness_max_mean": 0.0,
    "makespan_tests": [
      961,
      1086,
      1114,
      1140,
      670,
      648,
      510,
      652,
      1579,
      1119,
      617,
      547,
      949,
      1000,
      956,
      825,
      888,
      1123,
      1147,
      865,
      756,
      1729,
      1571,
      944,
      925,
      861,
      840,
      839,
      839,
      1126,
      870,
      824,
      899,
      1154,
      1064,
      723,
      646,
      1588,
      1576,
      616
    ],
    "makespan_mean": 969.65,
    "rew_worst_quantile_border": 0.0,
    "rew_cvar": 0.0,
    "rew_perc_good_solutions": 1.0,
    "num_tests": 40,
    "running_time": [
      0.01026606559753418,
      0.011571168899536133,
      0.03685188293457031,
      0.03858304023742676,
      0.010510921478271484,
      0.00969696044921875,
      0.0026688575744628906,
      0.002585887908935547,
      0.07930803298950195,
      0.035143136978149414,
      0.0027348995208740234,
      0.002671957015991211,
      0.05716514587402344,
      0.05611395835876465,
      0.053854942321777344,
      0.0065119266510009766,
      0.005854129791259766,
      0.01130986213684082,
      0.010785102844238281,
      0.02258586883544922,
      0.010128021240234375,
      0.08111906051635742,
      0.08042216300964355,
      0.05079483985900879,
      0.050981760025024414,
      0.005815982818603516,
      0.0056798458099365234,
      0.021107196807861328,
      0.021216869354248047,
      0.010046958923339844,
      0.005852937698364258,
      0.020328998565673828,
      0.020442962646484375,
      0.03502202033996582,
      0.03466486930847168,
      0.009542226791381836,
      0.009603023529052734,
      0.08015990257263184,
      0.08093595504760742,
      0.0031270980834960938
    ]
  },
  "test-data-file-names": [
    "la12.fjs",
    "la13.fjs",
    "la26.fjs",
    "la27.fjs",
    "la18.fjs",
    "la19.fjs",
    "la05.fjs",
    "la04.fjs",
    "la31.fjs",
    "la30.fjs",
    "la02.fjs",
    "la03.fjs",
    "la36.fjs",
    "la37.fjs",
    "la40.fjs",
    "la08.fjs",
    "la09.fjs",
    "la15.fjs",
    "la14.fjs",
    "la21.fjs",
    "la20.fjs",
    "la32.fjs",
    "la33.fjs",
    "la38.fjs",
    "la39.fjs",
    "la06.fjs",
    "la07.fjs",
    "la25.fjs",
    "la24.fjs",
    "la11.fjs",
    "la10.fjs",
    "la22.fjs",
    "la23.fjs",
    "la28.fjs",
    "la29.fjs",
    "la16.fjs",
    "la17.fjs",
    "la35.fjs",
    "la34.fjs",
    "la01.fjs"
  ]
}