{
  "runs": [
    {
      "agent": {
        "rew_mean": 0.0,
        "rew_std": 0.0,
        "rew_best": 0.0,
        "rew_best_count": 40,
        "rew_worst": 0.0,
        "tardiness_mean": 0.0,
        "tardiness_std": 0.0,
        "tardiness_max_mean": 0.0,
        "makespan_tests": [
          1003,
          1069,
          1129,
          1157,
          717,
          859,
          503,
          612,
          1557,
          1156,
          555,
          526,
          1088,
          1124,
          1058,
          830,
          914,
          1137,
          1106,
          916,
          756,
          1750,
          1568,
          1067,
          1098,
          812,
          826,
          867,
          855,
          1104,
          853,
          832,
          930,
          1129,
          1102,
          717,
          646,
          1611,
          1575,
          601
        ],
        "makespan_mean": 992.875,
        "rew_worst_quantile_border": 0.0,
        "rew_cvar": 0.0,
        "rew_perc_good_solutions": 1.0,
        "num_tests": 40,
        "running_time": [
          0.007750749588012695,
          0.007702827453613281,
          0.033052921295166016,
          0.03457903861999512,
          0.008939981460571289,
          0.009001970291137695,
          0.002309083938598633,
          0.0021021366119384766,
          0.07356691360473633,
          0.033750057220458984,
          0.0022041797637939453,
          0.002151966094970703,
          0.047148942947387695,
          0.047299861907958984,
          0.04791617393493652,
          0.004976749420166016,
          0.004831075668334961,
          0.008464813232421875,
          0.008273839950561523,
          0.020128965377807617,
          0.00925588607788086,
          0.07361388206481934,
          0.07470512390136719,
          0.049538612365722656,
          0.04938006401062012,
          0.0047760009765625,
          0.004867076873779297,
          0.020982027053833008,
          0.020552873611450195,
          0.00828099250793457,
          0.00471806526184082,
          0.019368886947631836,
          0.019669055938720703,
          0.03397083282470703,
          0.03273606300354004,
          0.009329080581665039,
          0.009333133697509766,
          0.07334208488464355,
          0.07259416580200195,
          0.0022821426391601562
        ]
      },
      "test-data-file-names": [
        "la12.fjs",
        "la13.fjs",
        "la26.fjs",
        "la27.fjs",
        "la18.fjs",
        "la19.fjs",
        "la05.fjs",
        "la04.fjs",
        "la31.fjs",
        "la30.fjs",
        "la02.fjs",
        "la03.fjs",
        "la36.fjs",
        "la37.fjs",
        "la40.fjs",
        "la08.fjs",
        "la09.fjs",
        "la15.fjs",
        "la14.fjs",
        "la21.fjs",
        "la20.fjs",
        "la32.fjs",
        "la33.fjs",
        "la38.fjs",
        "la39.fjs",
        "la06.fjs",
        "la07.fjs",
        "la25.fjs",
        "la24.fjs",
        "la11.fjs",
        "la10.fjs",
        "la22.fjs",
        "la23.fjs",
        "la28.fjs",
        "la29.fjs",
        "la16.fjs",
        "la17.fjs",
        "la35.fjs",
        "la34.fjs",
        "la01.fjs"
      ]
    },
    {
      "agent": {
        "rew_mean": 0.0,
        "rew_std": 0.0,
        "rew_best": 0.0,
        "rew_best_count": 40,
        "rew_worst": 0.0,
        "tardiness_mean": 0.0,
        "tardiness_std": 0.0,
        "tardiness_max_mean": 0.0,
        "makespan_tests": [
          957,
          1054,
          1095,
          1117,
          680,
          699,
          500,
          633,
          1539,
          1128,
          618,
          523,
          1032,
          1131,
          1037,
          800,
          861,
          1111,
          1101,
          882,
          756,
          1726,
          1522,
          1094,
          1010,
          833,
          798,
          868,
          823,
          1096,
          846,
          800,
          891,
          1134,
          1067,
          728,
          646,
          1580,
          1557,
          604
        ],
        "makespan_mean": 971.925,
        "rew_worst_quantile_border": 0.0,
        "rew_cvar": 0.0,
        "rew_perc_good_solutions": 1.0,
        "num_tests": 40,
        "running_time": [
          0.007568836212158203,
          0.007714986801147461,
          0.03307485580444336,
          0.03199911117553711,
          0.009087085723876953,
          0.009090900421142578,
          0.002233743667602539,
          0.002068042755126953,
          0.0687859058380127,
          0.031213998794555664,
          0.002048015594482422,
          0.002033233642578125,
          0.047837018966674805,
          0.049143075942993164,
          0.04460787773132324,
          0.004311084747314453,
          0.004416704177856445,
          0.007274150848388672,
          0.006988048553466797,
          0.017535924911499023,
          0.00847315788269043,
          0.06528806686401367,
          0.0661928653717041,
          0.04706883430480957,
          0.04717278480529785,
          0.004481077194213867,
          0.0043659210205078125,
          0.01812005043029785,
          0.01803278923034668,
          0.007158041000366211,
          0.0042269229888916016,
          0.017396926879882812,
          0.017899036407470703,
          0.030808210372924805,
          0.030148744583129883,
          0.00857090950012207,
          0.008659839630126953,
          0.06718778610229492,
          0.06758499145507812,
          0.0022430419921875
        ]
      },
      "test-data-file-names": [
        "la12.fjs",
        "la13.fjs",
        "la26.fjs",
        "la27.fjs",
        "la18.fjs",
        "la19.fjs",
        "la05.fjs",
        "la04.fjs",
        "la31.fjs",
        "la30.fjs",
        "la02.fjs",
        "la03.fjs",
        "la36.fjs",
        "la37.fjs",
        "la40.fjs",
        "la08.fjs",
        "la09.fjs",
        "la15.fjs",
        "la14.fjs",
        "la21.fjs",
        "la20.fjs",
        "la32.fjs",
        "la33.fjs",
        "la38.fjs",
        "la39.fjs",
        "la06.fjs",
        "la07.fjs",
        "la25.fjs",
        "la24.fjs",
        "la11.fjs",
        "la10.fjs",
        "la22.fjs",
        "la23.fjs",
        "la28.fjs",
        "la29.fjs",
        "la16.fjs",
        "la17.fjs",
        "la35.fjs",
        "la34.fjs",
        "la01.fjs"
      ]
    },
    {
      "agent": {
        "rew_mean": 0.0,
        "rew_std": 0.0,
        "rew_best": 0.0,
        "rew_best_count": 40,
        "rew_worst": 0.0,
        "tardiness_mean": 0.0,
        "tardiness_std": 0.0,
        "tardiness_max_mean": 0.0,
        "makespan_tests": [
          957,
          1054,
          1095,
          1137,
          663,
          710,
          500,
          633,
          1538,
          1112,
          618,
          523,
          1010,
          1119,
          1028,
          800,
          861,
          1111,
          1101,
          921,
          756,
          1689,
          1542,
          1103,
          1005,
          833,
          798,
          842,
          811,
          1096,
          846,
          804,
          897,
          1160,
          1079,
          717,
          646,
          1581,
          1556,
          604
        ],
        "makespan_mean": 971.4,
        "rew_worst_quantile_border": 0.0,
        "rew_cvar": 0.0,
        "rew_perc_good_solutions": 1.0,
        "num_tests": 40,