{
  "agent": {
    "rew_mean": 0.0,
    "rew_std": 0.0,
    "rew_best": 0.0,
    "rew_best_count": 40,
    "rew_worst": 0.0,
    "tardiness_mean": 0.0,
    "tardiness_std": 0.0,
    "tardiness_max_mean": 0.0,
    "makespan_tests": [
      968,
      1081,
      1139,
      1217,
      677,
      734,
      545,
      566,
      1578,
      1182,
      618,
      541,
      997,
      1069,
      1008,
      838,
      957,
      1125,
      1097,
      926,
      756,
      1777,
      1603,
      1000,
      982,
      882,
      841,
      891,
      886,
      1104,
      867,
      860,
      912,
      1160,
      1120,
      717,
      646,
      1653,
      1663,
      655
    ],
    "makespan_mean": 995.95,
    "rew_worst_quantile_border": 0.0,
    "rew_cvar": 0.0,
    "rew_perc_good_solutions": 1.0,
    "num_tests": 40,
    "running_time": [
      0.015424966812133789,
      0.015423059463500977,
      0.048104047775268555,
      0.04824686050415039,
      0.013186931610107422,
      0.01312398910522461,
      0.004029989242553711,
      0.004029989242553711,
      0.10477399826049805,
      0.04850411415100098,
      0.004240274429321289,
      0.0041501522064208984,
      0.062368154525756836,
      0.061575889587402344,
      0.06209421157836914,
      0.009084939956665039,
      0.009110212326049805,
      0.015121936798095703,
      0.01503896713256836,
      0.028174638748168945,
      0.013473987579345703,
      0.10448408126831055,
      0.10582304000854492,
      0.062181711196899414,
      0.06151080131530762,
      0.008711814880371094,
      0.008782148361206055,
      0.0279388427734375,
      0.02852797508239746,
      0.015345096588134766,
      0.008846044540405273,
      0.027601957321166992,
      0.02772688865661621,
      0.04736900329589844,
      0.047193050384521484,
      0.01325678825378418,
      0.013340950012207031,
      0.10571694374084473,
      0.10561609268188477,
      0.004290103912353516
    ]
  },
  "test-data-file-names": [
    "la12.fjs",
    "la13.fjs",
    "la26.fjs",
    "la27.fjs",
    "la18.fjs",
    "la19.fjs",
    "la05.fjs",
    "la04.fjs",
    "la31.fjs",
    "la30.fjs",
    "la02.fjs",
    "la03.fjs",
    "la36.fjs",
    "la37.fjs",
    "la40.fjs",
    "la08.fjs",
    "la09.fjs",
    "la15.fjs",
    "la14.fjs",
    "la21.fjs",
    "la20.fjs",
    "la32.fjs",
    "la33.fjs",
    "la38.fjs",
    "la39.fjs",
    "la06.fjs",
    "la07.fjs",
    "la25.fjs",
    "la24.fjs",
    "la11.fjs",
    "la10.fjs",
    "la22.fjs",
    "la23.fjs",
    "la28.fjs",
    "la29.fjs",
    "la16.fjs",
    "la17.fjs",
    "la35.fjs",
    "la34.fjs",
    "la01.fjs"
  ]
}