{
  "agent": {
    "rew_mean": 0.0,
    "rew_std": 0.0,
    "rew_best": 0.0,
    "rew_best_count": 40,
    "rew_worst": 0.0,
    "tardiness_mean": 0.0,
    "tardiness_std": 0.0,
    "tardiness_max_mean": 0.0,
    "makespan_tests": [
      962,
      1062,
      1100,
      1141,
      663,
      646,
      504,
      573,
      1564,
      1134,
      570,
      509,
      950,
      987,
      955,
      809,
      883,
      1111,
      1088,
      874,
      756,
      1703,
      1545,
      943,
      922,
      844,
      793,
      826,
      833,
      1122,
      829,
      793,
      865,
      1121,
      1037,
      717,
      646,
      1582,
      1577,
      627
    ],
    "makespan_mean": 954.15,
    "rew_worst_quantile_border": 0.0,
    "rew_cvar": 0.0,
    "rew_perc_good_solutions": 1.0,
    "num_tests": 40,
    "running_time": [
      0.013783931732177734,
      0.014096975326538086,
      0.04527783393859863,
      0.044586896896362305,
      0.012490987777709961,
      0.01244497299194336,
      0.0037817955017089844,
      0.003629922866821289,
      0.0974421501159668,
      0.04528307914733887,
      0.003936052322387695,
      0.00386810302734375,
      0.05939984321594238,
      0.059281110763549805,
      0.05901503562927246,
      0.008151769638061523,
      0.008240222930908203,
      0.01407313346862793,
      0.013858795166015625,
      0.026669025421142578,
      0.012800216674804688,
      0.0966041088104248,
      0.09761714935302734,
      0.060339927673339844,
      0.060658931732177734,
      0.008012771606445312,
      0.00819706916809082,
      0.027100801467895508,
      0.026536941528320312,
      0.013883829116821289,
      0.007796049118041992,
      0.02601909637451172,
      0.0262300968170166,
      0.04489016532897949,
      0.04467296600341797,
      0.012740135192871094,
      0.012763023376464844,
      0.09745907783508301,
      0.09733796119689941,
      0.00392913818359375
    ]
  },
  "test-data-file-names": [
    "la12.fjs",
    "la13.fjs",
    "la26.fjs",
    "la27.fjs",
    "la18.fjs",
    "la19.fjs",
    "la05.fjs",
    "la04.fjs",
    "la31.fjs",
    "la30.fjs",
    "la02.fjs",
    "la03.fjs",
    "la36.fjs",
    "la37.fjs",
    "la40.fjs",
    "la08.fjs",
    "la09.fjs",
    "la15.fjs",
    "la14.fjs",
    "la21.fjs",
    "la20.fjs",
    "la32.fjs",
    "la33.fjs",
    "la38.fjs",
    "la39.fjs",
    "la06.fjs",
    "la07.fjs",
    "la25.fjs",
    "la24.fjs",
    "la11.fjs",
    "la10.fjs",
    "la22.fjs",
    "la23.fjs",
    "la28.fjs",
    "la29.fjs",
    "la16.fjs",
    "la17.fjs",
    "la35.fjs",
    "la34.fjs",
    "la01.fjs"
  ]
}