{
  "agent": {
    "rew_mean": 0.0,
    "rew_std": 0.0,
    "rew_best": 0.0,
    "rew_best_count": 40,
    "rew_worst": 0.0,
    "tardiness_mean": 0.0,
    "tardiness_std": 0.0,
    "tardiness_max_mean": 0.0,
    "makespan_tests": [
      974,
      1068,
      1123,
      1160,
      663,
      720,
      527,
      585,
      1579,
      1172,
      634,
      553,
      1026,
      1111,
      1022,
      818,
      918,
      1133,
      1135,
      911,
      756,
      1718,
      1576,
      964,
      1038,
      867,
      825,
      885,
      873,
      1135,
      849,
      857,
      933,
      1168,
      1086,
      735,
      646,
      1622,
      1584,
      621
    ],
    "makespan_mean": 989.25,
    "rew_worst_quantile_border": 0.0,
    "rew_cvar": 0.0,
    "rew_perc_good_solutions": 1.0,
    "num_tests": 40,
    "running_time": [
      0.005816221237182617,
      0.005729198455810547,
      0.02581930160522461,
      0.025810956954956055,
      0.007100105285644531,
      0.007088184356689453,
      0.0015459060668945312,
      0.0015201568603515625,
      0.06022000312805176,
      0.02623605728149414,
      0.0016529560089111328,
      0.0015850067138671875,
      0.0406641960144043,
      0.04029488563537598,
      0.04031682014465332,
      0.0033080577850341797,
      0.003286123275756836,
      0.005670785903930664,
      0.0054950714111328125,
      0.015391111373901367,
      0.0074520111083984375,
      0.05732107162475586,
      0.05700516700744629,
      0.04053688049316406,
      0.040711164474487305,
      0.0032281875610351562,
      0.003323078155517578,
      0.015357255935668945,
      0.015403985977172852,
      0.0055921077728271484,
      0.0033528804779052734,
      0.014931917190551758,
      0.01513218879699707,
      0.025922060012817383,
      0.025391101837158203,
      0.007179975509643555,
      0.007197141647338867,
      0.05696988105773926,
      0.058526039123535156,
      0.0019428730010986328
    ]
  },
  "test-data-file-names": [
    "la12.fjs",
    "la13.fjs",
    "la26.fjs",
    "la27.fjs",
    "la18.fjs",
    "la19.fjs",
    "la05.fjs",
    "la04.fjs",
    "la31.fjs",
    "la30.fjs",
    "la02.fjs",
    "la03.fjs",
    "la36.fjs",
    "la37.fjs",
    "la40.fjs",
    "la08.fjs",
    "la09.fjs",
    "la15.fjs",
    "la14.fjs",
    "la21.fjs",
    "la20.fjs",
    "la32.fjs",
    "la33.fjs",
    "la38.fjs",
    "la39.fjs",
    "la06.fjs",
    "la07.fjs",
    "la25.fjs",
    "la24.fjs",
    "la11.fjs",
    "la10.fjs",
    "la22.fjs",
    "la23.fjs",
    "la28.fjs",
    "la29.fjs",
    "la16.fjs",
    "la17.fjs",
    "la35.fjs",
    "la34.fjs",
    "la01.fjs"
  ]
}