{
  "agent": {
    "rew_mean": 0.0,
    "rew_std": 0.0,
    "rew_best": 0.0,
    "rew_best_count": 40,
    "rew_worst": 0.0,
    "tardiness_mean": 0.0,
    "tardiness_std": 0.0,
    "tardiness_max_mean": 0.0,
    "makespan_tests": [
      986,
      1095,
      1114,
      1173,
      680,
      727,
      529,
      576,
      1586,
      1168,
      619,
      534,
      958,
      1071,
      991,
      819,
      912,
      1120,
      1099,
      926,
      756,
      1748,
      1603,
      958,
      942,
      865,
      813,
      862,
      879,
      1107,
      857,
      862,
      907,
      1145,
      1101,
      717,
      646,
      1610,
      1616,
      655
    ],
    "makespan_mean": 983.3,
    "rew_worst_quantile_border": 0.0,
    "rew_cvar": 0.0,
    "rew_perc_good_solutions": 1.0,
    "num_tests": 40,
    "running_time": [
      0.0077478885650634766,
      0.007565021514892578,
      0.030881881713867188,
      0.030089139938354492,
      0.008215904235839844,
      0.008209943771362305,
      0.0020301342010498047,
      0.001970052719116211,
      0.06585311889648438,
      0.030147790908813477,
      0.0021491050720214844,
      0.0020999908447265625,
      0.04417014122009277,
      0.04455900192260742,
      0.04403519630432129,
      0.0043909549713134766,
      0.004405021667480469,
      0.007528781890869141,
      0.007412910461425781,
      0.01786494255065918,
      0.00848388671875,
      0.06659102439880371,
      0.06656694412231445,
      0.045218706130981445,
      0.04472994804382324,
      0.0042760372161865234,
      0.00432896614074707,
      0.017467021942138672,
      0.017788171768188477,
      0.007528066635131836,
      0.004375934600830078,
      0.01743602752685547,
      0.017448902130126953,
      0.030077219009399414,
      0.029729127883911133,
      0.008410215377807617,
      0.008475065231323242,
      0.06710505485534668,
      0.06961679458618164,
      0.002178192138671875
    ]
  },
  "test-data-file-names": [
    "la12.fjs",
    "la13.fjs",
    "la26.fjs",
    "la27.fjs",
    "la18.fjs",
    "la19.fjs",
    "la05.fjs",
    "la04.fjs",
    "la31.fjs",
    "la30.fjs",
    "la02.fjs",
    "la03.fjs",
    "la36.fjs",
    "la37.fjs",
    "la40.fjs",
    "la08.fjs",
    "la09.fjs",
    "la15.fjs",
    "la14.fjs",
    "la21.fjs",
    "la20.fjs",
    "la32.fjs",
    "la33.fjs",
    "la38.fjs",
    "la39.fjs",
    "la06.fjs",
    "la07.fjs",
    "la25.fjs",
    "la24.fjs",
    "la11.fjs",
    "la10.fjs",
    "la22.fjs",
    "la23.fjs",
    "la28.fjs",
    "la29.fjs",
    "la16.fjs",
    "la17.fjs",
    "la35.fjs",
    "la34.fjs",
    "la01.fjs"
  ]
}