{
  "agent": {
    "rew_mean": 0.0,
    "rew_std": 0.0,
    "rew_best": 0.0,
    "rew_best_count": 40,
    "rew_worst": 0.0,
    "tardiness_mean": 0.0,
    "tardiness_std": 0.0,
    "tardiness_max_mean": 0.0,
    "makespan_tests": [
      1003,
      1069,
      1129,
      1157,
      717,
      859,
      503,
      612,
      1557,
      1156,
      555,
      526,
      1088,
      1124,
      1058,
      830,
      914,
      1137,
      1106,
      916,
      756,
      1750,
      1568,
      1067,
      1098,
      812,
      826,
      867,
      855,
      1104,
      853,
      832,
      930,
      1129,
      1102,
      717,
      646,
      1611,
      1575,
      601
    ],
    "makespan_mean": 992.875,
    "rew_worst_quantile_border": 0.0,
    "rew_cvar": 0.0,
    "rew_perc_good_solutions": 1.0,
    "num_tests": 40,
    "running_time": [
      0.008363008499145508,
      0.007745981216430664,
      0.03249025344848633,
      0.032172203063964844,
      0.00874185562133789,
      0.008584976196289062,
      0.0020737648010253906,
      0.0020360946655273438,
      0.0702199935913086,
      0.03224587440490723,
      0.0022127628326416016,
      0.002135038375854492,
      0.047174930572509766,
      0.046525001525878906,
      0.045542001724243164,
      0.004476070404052734,
      0.004515171051025391,
      0.00780797004699707,
      0.007578849792480469,
      0.018105030059814453,
      0.008463144302368164,
      0.06619501113891602,
      0.0658411979675293,
      0.044034719467163086,
      0.044930219650268555,
      0.004585981369018555,
      0.004379987716674805,
      0.018129348754882812,
      0.01868891716003418,
      0.007669925689697266,
      0.0044400691986083984,
      0.01863384246826172,
      0.0183718204498291,
      0.03146100044250488,
      0.030775070190429688,
      0.008487939834594727,
      0.008615255355834961,
      0.068115234375,
      0.06759905815124512,
      0.0022809505462646484
    ]
  },
  "test-data-file-names": [
    "la12.fjs",
    "la13.fjs",
    "la26.fjs",
    "la27.fjs",
    "la18.fjs",
    "la19.fjs",
    "la05.fjs",
    "la04.fjs",
    "la31.fjs",
    "la30.fjs",
    "la02.fjs",
    "la03.fjs",
    "la36.fjs",
    "la37.fjs",
    "la40.fjs",
    "la08.fjs",
    "la09.fjs",
    "la15.fjs",
    "la14.fjs",
    "la21.fjs",
    "la20.fjs",
    "la32.fjs",
    "la33.fjs",
    "la38.fjs",
    "la39.fjs",
    "la06.fjs",
    "la07.fjs",
    "la25.fjs",
    "la24.fjs",
    "la11.fjs",
    "la10.fjs",
    "la22.fjs",
    "la23.fjs",
    "la28.fjs",
    "la29.fjs",
    "la16.fjs",
    "la17.fjs",
    "la35.fjs",
    "la34.fjs",
    "la01.fjs"
  ]
}