{
  "runs": [
    {
      "agent": {
        "rew_mean": 0.0,
        "rew_std": 0.0,
        "rew_best": 0.0,
        "rew_best_count": 40,
        "rew_worst": 0.0,
        "tardiness_mean": 0.0,
        "tardiness_std": 0.0,
        "tardiness_max_mean": 0.0,
        "makespan_tests": [
          980,
          1082,
          1106,
          1162,
          692,
          662,
          579,
          552,
          1567,
          1150,
          637,
          500,
          1024,
          1042,
          977,
          816,
          905,
          1190,
          1127,
          921,
          756,
          1773,
          1604,
          975,
          984,
          956,
          811,
          884,
          914,
          1148,
          831,
          849,
          965,
          1145,
          1106,
          717,
          646,
          1630,
          1632,
          646
        ],
        "makespan_mean": 991.075,
        "rew_worst_quantile_border": 0.0,
        "rew_cvar": 0.0,
        "rew_perc_good_solutions": 1.0,
        "num_tests": 40,
        "running_time": [
          0.007336139678955078,
          0.0073451995849609375,
          0.030777931213378906,
          0.029580116271972656,
          0.008162975311279297,
          0.008319854736328125,
          0.0018491744995117188,
          0.00185394287109375,
          0.06695175170898438,
          0.0306699275970459,
          0.002043008804321289,
          0.0020079612731933594,
          0.04834294319152832,
          0.04757118225097656,
          0.04641008377075195,
          0.003961086273193359,
          0.004315853118896484,
          0.007081270217895508,
          0.0068280696868896484,
          0.018245697021484375,
          0.008790969848632812,
          0.06823492050170898,
          0.06775712966918945,
          0.045114755630493164,
          0.04501795768737793,
          0.003792285919189453,
          0.0038022994995117188,
          0.01681685447692871,
          0.017191171646118164,
          0.006732940673828125,
          0.003965854644775391,
          0.01747894287109375,
          0.018027067184448242,
          0.030457019805908203,
          0.031488895416259766,
          0.008814811706542969,
          0.008642911911010742,
          0.06729912757873535,
          0.06668424606323242,
          0.002294778823852539
        ]
      },
      "test-data-file-names": [
        "la12.fjs",
        "la13.fjs",
        "la26.fjs",
        "la27.fjs",
        "la18.fjs",
        "la19.fjs",
        "la05.fjs",
        "la04.fjs",
        "la31.fjs",
        "la30.fjs",
        "la02.fjs",
        "la03.fjs",
        "la36.fjs",
        "la37.fjs",
        "la40.fjs",
        "la08.fjs",
        "la09.fjs",
        "la15.fjs",
        "la14.fjs",
        "la21.fjs",
        "la20.fjs",
        "la32.fjs",
        "la33.fjs",
        "la38.fjs",
        "la39.fjs",
        "la06.fjs",
        "la07.fjs",
        "la25.fjs",
        "la24.fjs",
        "la11.fjs",
        "la10.fjs",
        "la22.fjs",
        "la23.fjs",
        "la28.fjs",
        "la29.fjs",
        "la16.fjs",
        "la17.fjs",
        "la35.fjs",
        "la34.fjs",
        "la01.fjs"
      ]
    },
    {
      "agent": {
        "rew_mean": 0.0,
        "rew_std": 0.0,
        "rew_best": 0.0,
        "rew_best_count": 40,
        "rew_worst": 0.0,
        "tardiness_mean": 0.0,
        "tardiness_std": 0.0,
        "tardiness_max_mean": 0.0,
        "makespan_tests": [
          980,
          1082,
          1106,
          1162,
          692,
          662,
          579,
          552,
          1567,
          1150,
          637,
          500,
          1024,
          1019,
          977,
          816,
          905,
          1190,
          1127,
          921,
          756,
          1773,
          1604,
          975,
          984,
          956,
          811,
          884,
          914,
          1148,
          831,
          849,
          965,
          1145,
          1097,
          717,
          646,
          1630,
          1632,
          646
        ],
        "makespan_mean": 990.275,
        "rew_worst_quantile_border": 0.0,
        "rew_cvar": 0.0,
        "rew_perc_good_solutions": 1.0,
        "num_tests": 40,
        "running_time": [
          0.006834745407104492,
          0.007157802581787109,
          0.03039383888244629,
          0.030181884765625,
          0.007971048355102539,
          0.007995843887329102,
          0.0018467903137207031,
          0.001837015151977539,
          0.0647280216217041,
          0.0308840274810791,
          0.002008199691772461,
          0.0021359920501708984,
          0.04818296432495117,
          0.04764437675476074,
          0.04761385917663574,
          0.003965139389038086,
          0.004411935806274414,
          0.006642818450927734,
          0.006455898284912109,
          0.017978906631469727,
          0.008517980575561523,
          0.06737709045410156,
          0.0670928955078125,
          0.04655885696411133,
          0.04588890075683594,
          0.004065036773681641,
          0.004244089126586914,
          0.017474889755249023,
          0.017578125,
          0.006718158721923828,
          0.003957986831665039,
          0.01820993423461914,
          0.016614198684692383,
          0.028767824172973633,
          0.029400110244750977,
          0.00859522819519043,
          0.008142709732055664,
          0.06452012062072754,
          0.06435894966125488,
          0.0022602081298828125
        ]
      },
      "test-data-file-names": [
        "la12.fjs",
        "la13.fjs",
        "la26.fjs",
        "la27.fjs",
        "la18.fjs",
        "la19.fjs",
        "la05.fjs",
        "la04.fjs",
        "la31.fjs",
        "la30.fjs",
        "la02.fjs",
        "la03.fjs",
        "la36.fjs",
        "la37.fjs",
        "la40.fjs",
        "la08.fjs",
        "la09.fjs",
        "la15.fjs",
        "la14.fjs",
        "la21.fjs",
        "la20.fjs",
        "la32.fjs",
        "la33.fjs",
        "la38.fjs",
        "la39.fjs",
        "la06.fjs",
        "la07.fjs",
        "la25.fjs",
        "la24.fjs",
        "la11.fjs",
        "la10.fjs",
        "la22.fjs",
        "la23.fjs",
        "la28.fjs",
        "la29.fjs",
        "la16.fjs",
        "la17.fjs",
        "la35.fjs",
        "la34.fjs",
        "la01.fjs"
      ]
    },
    {
      "agent": {
        "rew_mean": 0.0,
        "rew_std": 0.0,
        "rew_best": 0.0,
        "rew_best_count": 40,
        "rew_worst": 0.0,
        "tardiness_mean": 0.0,
        "tardiness_std": 0.0,
        "tardiness_max_mean": 0.0,
        "makespan_tests": [
          980,
          1082,
          1106,
          1162,
          692,
          662,
          579,
          552,
          1567,
          1150,
          637,
          500,
          1024,
          1019,
          977,
          816,
          905,
          1190,
          1127,
          921,
          756,
          1773,
          1604,
          975,
          984,
          956,
          811,
          884,
          914,
          1148,
          831,
          849,
          965,
          1145,
          1097,
          717,
          646,
          1630,
          1632,
          646
        ],
        "makespan_mean": 990.275,
        "rew_worst_quantile_border": 0.0,
        "rew_cvar": 0.0,
        "rew_perc_good_solutions": 1.0,
        "num_tests": 40,