{
  "agent": {
    "rew_mean": 0.0,
    "rew_std": 0.0,
    "rew_best": 0.0,
    "rew_best_count": 40,
    "rew_worst": 0.0,
    "tardiness_mean": 0.0,
    "tardiness_std": 0.0,
    "tardiness_max_mean": 0.0,
    "makespan_tests": [
      958,
      1081,
      1120,
      1126,
      670,
      675,
      510,
      652,
      1579,
      1119,
      617,
      547,
      949,
      1000,
      956,
      825,
      888,
      1123,
      1147,
      865,
      756,
      1697,
      1557,
      944,
      925,
      861,
      840,
      828,
      839,
      1126,
      870,
      824,
      899,
      1154,
      1059,
      723,
      646,
      1594,
      1587,
      616
    ],
    "makespan_mean": 968.8,
    "rew_worst_quantile_border": 0.0,
    "rew_cvar": 0.0,
    "rew_perc_good_solutions": 1.0,
    "num_tests": 40,
    "running_time": [
      0.029385805130004883,
      0.029133081436157227,
      0.07662510871887207,
      0.07737588882446289,
      0.021106243133544922,
      0.020676136016845703,
      0.007695674896240234,
      0.007452964782714844,
      0.16895604133605957,
      0.07676291465759277,
      0.007763385772705078,
      0.007763862609863281,
      0.085906982421875,
      0.08569812774658203,
      0.08601927757263184,
      0.01658010482788086,
      0.016401290893554688,
      0.028872966766357422,
      0.028756141662597656,
      0.04435896873474121,
      0.020640134811401367,
      0.16643595695495605,
      0.16685795783996582,
      0.08507299423217773,
      0.08530998229980469,
      0.016324996948242188,
      0.01654195785522461,
      0.04358506202697754,
      0.04420781135559082,
      0.028506755828857422,
      0.016427993774414062,
      0.04351305961608887,
      0.043762922286987305,
      0.0758211612701416,
      0.07553267478942871,
      0.02046513557434082,
      0.020577192306518555,
      0.16816306114196777,
      0.16959786415100098,
      0.007815837860107422
    ]
  },
  "test-data-file-names": [
    "la12.fjs",
    "la13.fjs",
    "la26.fjs",
    "la27.fjs",
    "la18.fjs",
    "la19.fjs",
    "la05.fjs",
    "la04.fjs",
    "la31.fjs",
    "la30.fjs",
    "la02.fjs",
    "la03.fjs",
    "la36.fjs",
    "la37.fjs",
    "la40.fjs",
    "la08.fjs",
    "la09.fjs",
    "la15.fjs",
    "la14.fjs",
    "la21.fjs",
    "la20.fjs",
    "la32.fjs",
    "la33.fjs",
    "la38.fjs",
    "la39.fjs",
    "la06.fjs",
    "la07.fjs",
    "la25.fjs",
    "la24.fjs",
    "la11.fjs",
    "la10.fjs",
    "la22.fjs",
    "la23.fjs",
    "la28.fjs",
    "la29.fjs",
    "la16.fjs",
    "la17.fjs",
    "la35.fjs",
    "la34.fjs",
    "la01.fjs"
  ]
}