{
  "agent": {
    "rew_mean": 0.0,
    "rew_std": 0.0,
    "rew_best": 0.0,
    "rew_best_count": 40,
    "rew_worst": 0.0,
    "tardiness_mean": 0.0,
    "tardiness_std": 0.0,
    "tardiness_max_mean": 0.0,
    "makespan_tests": [
      977,
      1071,
      1097,
      1153,
      677,
      775,
      481,
      556,
      1544,
      1111,
      565,
      548,
      1003,
      1143,
      1036,
      812,
      861,
      1101,
      1101,
      893,
      756,
      1707,
      1542,
      1086,
      1012,
      837,
      783,
      856,
      869,
      1164,
      849,
      819,
      902,
      1131,
      1057,
      748,
      666,
      1585,
      1552,
      604
    ],
    "makespan_mean": 975.75,
    "rew_worst_quantile_border": 0.0,
    "rew_cvar": 0.0,
    "rew_perc_good_solutions": 1.0,
    "num_tests": 40,
    "running_time": [
      0.01707911491394043,
      0.016621112823486328,
      0.05148887634277344,
      0.050904035568237305,
      0.015001058578491211,
      0.014735937118530273,
      0.004594087600708008,
      0.004647016525268555,
      0.11009502410888672,
      0.05142402648925781,
      0.0047969818115234375,
      0.004740238189697266,
      0.06769919395446777,
      0.06713700294494629,
      0.06625604629516602,
      0.009892940521240234,
      0.009716033935546875,
      0.01661396026611328,
      0.01646590232849121,
      0.03079080581665039,
      0.01511383056640625,
      0.11042904853820801,
      0.11272978782653809,
      0.06542015075683594,
      0.06628823280334473,
      0.00966501235961914,
      0.009730100631713867,
      0.030918121337890625,
      0.03048396110534668,
      0.016483068466186523,
      0.009837865829467773,
      0.03067803382873535,
      0.03014087677001953,
      0.05096602439880371,
      0.05066704750061035,
      0.014818906784057617,
      0.015093088150024414,
      0.11114287376403809,
      0.10984301567077637,
      0.004873037338256836
    ]
  },
  "test-data-file-names": [
    "la12.fjs",
    "la13.fjs",
    "la26.fjs",
    "la27.fjs",
    "la18.fjs",
    "la19.fjs",
    "la05.fjs",
    "la04.fjs",
    "la31.fjs",
    "la30.fjs",
    "la02.fjs",
    "la03.fjs",
    "la36.fjs",
    "la37.fjs",
    "la40.fjs",
    "la08.fjs",
    "la09.fjs",
    "la15.fjs",
    "la14.fjs",
    "la21.fjs",
    "la20.fjs",
    "la32.fjs",
    "la33.fjs",
    "la38.fjs",
    "la39.fjs",
    "la06.fjs",
    "la07.fjs",
    "la25.fjs",
    "la24.fjs",
    "la11.fjs",
    "la10.fjs",
    "la22.fjs",
    "la23.fjs",
    "la28.fjs",
    "la29.fjs",
    "la16.fjs",
    "la17.fjs",
    "la35.fjs",
    "la34.fjs",
    "la01.fjs"
  ]
}