{
  "runs": [
    {
      "agent": {
        "rew_mean": 0.0,
        "rew_std": 0.0,
        "rew_best": 0.0,
        "rew_best_count": 40,
        "rew_worst": 0.0,
        "tardiness_mean": 0.0,
        "tardiness_std": 0.0,
        "tardiness_max_mean": 0.0,
        "makespan_tests": [
          967,
          1087,
          1102,
          1145,
          663,
          651,
          516,
          573,
          1568,
          1127,
          587,
          524,
          971,
          991,
          972,
          812,
          891,
          1130,
          1127,
          859,
          756,
          1766,
          1581,
          943,
          951,
          868,
          813,
          873,
          891,
          1129,
          853,
          802,
          897,
          1115,
          1092,
          731,
          682,
          1586,
          1604,
          610
        ],
        "makespan_mean": 970.15,
        "rew_worst_quantile_border": 0.0,
        "rew_cvar": 0.0,
        "rew_perc_good_solutions": 1.0,
        "num_tests": 40,
        "running_time": [
          0.007349967956542969,
          0.007323026657104492,
          0.03126406669616699,
          0.03158688545227051,
          0.008873939514160156,
          0.008967161178588867,
          0.002193927764892578,
          0.0021669864654541016,
          0.06604909896850586,
          0.029862165451049805,
          0.0019800662994384766,
          0.0019490718841552734,
          0.044808149337768555,
          0.044492244720458984,
          0.04405999183654785,
          0.0041582584381103516,
          0.004129171371459961,
          0.007091999053955078,
          0.006936788558959961,
          0.017503976821899414,
          0.008261919021606445,
          0.06389880180358887,
          0.06391787528991699,
          0.04460501670837402,
          0.04426431655883789,
          0.003994941711425781,
          0.0040130615234375,
          0.017345190048217773,
          0.017266035079956055,
          0.007048130035400391,
          0.004163026809692383,
          0.017094850540161133,
          0.017771005630493164,
          0.03038501739501953,
          0.0305020809173584,
          0.008927106857299805,
          0.008470773696899414,
          0.0696859359741211,
          0.06804895401000977,
          0.002038717269897461
        ]
      },
      "test-data-file-names": [
        "la12.fjs",
        "la13.fjs",
        "la26.fjs",
        "la27.fjs",
        "la18.fjs",
        "la19.fjs",
        "la05.fjs",
        "la04.fjs",
        "la31.fjs",
        "la30.fjs",
        "la02.fjs",
        "la03.fjs",
        "la36.fjs",
        "la37.fjs",
        "la40.fjs",
        "la08.fjs",
        "la09.fjs",
        "la15.fjs",
        "la14.fjs",
        "la21.fjs",
        "la20.fjs",
        "la32.fjs",
        "la33.fjs",
        "la38.fjs",
        "la39.fjs",
        "la06.fjs",
        "la07.fjs",
        "la25.fjs",
        "la24.fjs",
        "la11.fjs",
        "la10.fjs",
        "la22.fjs",
        "la23.fjs",
        "la28.fjs",
        "la29.fjs",
        "la16.fjs",
        "la17.fjs",
        "la35.fjs",
        "la34.fjs",
        "la01.fjs"
      ]
    },
    {
      "agent": {
        "rew_mean": 0.0,
        "rew_std": 0.0,
        "rew_best": 0.0,
        "rew_best_count": 40,
        "rew_worst": 0.0,
        "tardiness_mean": 0.0,
        "tardiness_std": 0.0,
        "tardiness_max_mean": 0.0,
        "makespan_tests": [
          953,
          1070,
          1114,
          1146,
          663,
          657,
          495,
          627,
          1558,
          1135,
          584,
          524,
          959,
          1007,
          955,
          801,
          890,
          1109,
          1141,
          890,
          770,
          1711,
          1568,
          963,
          964,
          866,
          813,
          874,
          829,
          1116,
          839,
          820,
          921,
          1145,
          1062,
          723,
          683,
          1605,
          1587,
          634
        ],
        "makespan_mean": 969.275,
        "rew_worst_quantile_border": 0.0,
        "rew_cvar": 0.0,
        "rew_perc_good_solutions": 1.0,
        "num_tests": 40,
        "running_time": [
          0.0071620941162109375,
          0.007369279861450195,
          0.03125715255737305,
          0.029659032821655273,
          0.008147001266479492,
          0.008114099502563477,
          0.0019228458404541016,
          0.0019118785858154297,
          0.0673060417175293,
          0.030457258224487305,
          0.002081155776977539,
          0.0019669532775878906,
          0.045829057693481445,
          0.04542088508605957,
          0.04563093185424805,
          0.0042340755462646484,
          0.00419306755065918,
          0.007263898849487305,
          0.00706791877746582,
          0.01779317855834961,
          0.008245229721069336,
          0.06570196151733398,
          0.06650495529174805,
          0.04637885093688965,
          0.046720027923583984,
          0.0043680667877197266,
          0.004148960113525391,
          0.01902294158935547,
          0.018188953399658203,
          0.007070779800415039,
          0.004263877868652344,
          0.01773214340209961,
          0.017948150634765625,
          0.03183913230895996,
          0.03045797348022461,
          0.008260250091552734,
          0.008281946182250977,
          0.06977510452270508,
          0.06716203689575195,
          0.002084016799926758
        ]
      },
      "test-data-file-names": [
        "la12.fjs",
        "la13.fjs",
        "la26.fjs",
        "la27.fjs",
        "la18.fjs",
        "la19.fjs",
        "la05.fjs",
        "la04.fjs",
        "la31.fjs",
        "la30.fjs",
        "la02.fjs",
        "la03.fjs",
        "la36.fjs",
        "la37.fjs",
        "la40.fjs",
        "la08.fjs",
        "la09.fjs",
        "la15.fjs",
        "la14.fjs",
        "la21.fjs",
        "la20.fjs",
        "la32.fjs",
        "la33.fjs",
        "la38.fjs",
        "la39.fjs",
        "la06.fjs",
        "la07.fjs",
        "la25.fjs",
        "la24.fjs",
        "la11.fjs",
        "la10.fjs",
        "la22.fjs",
        "la23.fjs",
        "la28.fjs",
        "la29.fjs",
        "la16.fjs",
        "la17.fjs",
        "la35.fjs",
        "la34.fjs",
        "la01.fjs"
      ]
    },
    {
      "agent": {
        "rew_mean": 0.0,
        "rew_std": 0.0,
        "rew_best": 0.0,
        "rew_best_count": 40,
        "rew_worst": 0.0,
        "tardiness_mean": 0.0,
        "tardiness_std": 0.0,
        "tardiness_max_mean": 0.0,
        "makespan_tests": [
          969,
          1059,
          1104,
          1156,
          663,
          655,
          495,
          638,
          1564,
          1131,
          587,
          524,
          974,
          1005,
          955,
          816,
          873,
          1125,
          1128,
          890,
          770,
          1758,
          1572,
          963,
          934,
          868,
          813,
          874,
          836,
          1160,
          839,
          813,
          909,
          1142,
          1068,
          723,
          683,
          1589,
          1589,
          610
        ],
        "makespan_mean": 970.6,
        "rew_worst_quantile_border": 0.0,
        "rew_cvar": 0.0,
        "rew_perc_good_solutions": 1.0,
        "num_tests": 40,