{
  "runs": [
    {
      "agent": {
        "rew_mean": 0.0,
        "rew_std": 0.0,
        "rew_best": 0.0,
        "rew_best_count": 40,
        "rew_worst": 0.0,
        "tardiness_mean": 0.0,
        "tardiness_std": 0.0,
        "tardiness_max_mean": 0.0,
        "makespan_tests": [
          1005,
          1116,
          1252,
          1226,
          680,
          798,
          587,
          675,
          1667,
          1212,
          596,
          569,
          1213,
          1287,
          1202,
          808,
          943,
          1168,
          1105,
          989,
          756,
          1807,
          1614,
          1132,
          1250,
          872,
          808,
          1074,
          941,
          1104,
          898,
          926,
          952,
          1209,
          1239,
          824,
          670,
          1730,
          1740,
          624
        ],
        "makespan_mean": 1056.7,
        "rew_worst_quantile_border": 0.0,
        "rew_cvar": 0.0,
        "rew_perc_good_solutions": 1.0,
        "num_tests": 40,
        "running_time": [
          0.007491111755371094,
          0.0075168609619140625,
          0.03346514701843262,
          0.0328519344329834,
          0.009433984756469727,
          0.009367942810058594,
          0.002048969268798828,
          0.0020520687103271484,
          0.06982707977294922,
          0.03274106979370117,
          0.0023581981658935547,
          0.002106904983520508,
          0.048130035400390625,
          0.04777073860168457,
          0.047460079193115234,
          0.004483938217163086,
          0.004565000534057617,
          0.007792949676513672,
          0.0073223114013671875,
          0.019469261169433594,
          0.00905919075012207,
          0.06829595565795898,
          0.06880903244018555,
          0.04755210876464844,
          0.05001497268676758,
          0.004227876663208008,
          0.004637002944946289,
          0.019109249114990234,
          0.01957392692565918,
          0.008067131042480469,
          0.0047647953033447266,
          0.019366741180419922,
          0.025295019149780273,
          0.03275704383850098,
          0.03247499465942383,
          0.009135007858276367,
          0.009254932403564453,
          0.07106685638427734,
          0.06907010078430176,
          0.0022859573364257812
        ]
      },
      "test-data-file-names": [
        "la12.fjs",
        "la13.fjs",
        "la26.fjs",
        "la27.fjs",
        "la18.fjs",
        "la19.fjs",
        "la05.fjs",
        "la04.fjs",
        "la31.fjs",
        "la30.fjs",
        "la02.fjs",
        "la03.fjs",
        "la36.fjs",
        "la37.fjs",
        "la40.fjs",
        "la08.fjs",
        "la09.fjs",
        "la15.fjs",
        "la14.fjs",
        "la21.fjs",
        "la20.fjs",
        "la32.fjs",
        "la33.fjs",
        "la38.fjs",
        "la39.fjs",
        "la06.fjs",
        "la07.fjs",
        "la25.fjs",
        "la24.fjs",
        "la11.fjs",
        "la10.fjs",
        "la22.fjs",
        "la23.fjs",
        "la28.fjs",
        "la29.fjs",
        "la16.fjs",
        "la17.fjs",
        "la35.fjs",
        "la34.fjs",
        "la01.fjs"
      ]
    },
    {
      "agent": {
        "rew_mean": 0.0,
        "rew_std": 0.0,
        "rew_best": 0.0,
        "rew_best_count": 40,
        "rew_worst": 0.0,
        "tardiness_mean": 0.0,
        "tardiness_std": 0.0,
        "tardiness_max_mean": 0.0,
        "makespan_tests": [
          1005,
          1116,
          1164,
          1215,
          680,
          767,
          615,
          675,
          1598,
          1237,
          596,
          569,
          1124,
          1080,
          1028,
          826,
          924,
          1209,
          1148,
          1002,
          814,
          1750,
          1697,
          1056,
          1004,
          872,
          804,
          984,
          869,
          1104,
          864,
          845,
          951,
          1263,
          1131,
          787,
          717,
          1608,
          1623,
          737
        ],
        "makespan_mean": 1026.45,
        "rew_worst_quantile_border": 0.0,
        "rew_cvar": 0.0,
        "rew_perc_good_solutions": 1.0,
        "num_tests": 40,
        "running_time": [
          0.006953239440917969,
          0.0070879459381103516,
          0.03071904182434082,
          0.030576229095458984,
          0.008558034896850586,
          0.009078025817871094,
          0.0019168853759765625,
          0.002028942108154297,
          0.07260799407958984,
          0.03307604789733887,
          0.0020418167114257812,
          0.0023729801177978516,
          0.05054593086242676,
          0.04752993583679199,
          0.0478520393371582,
          0.0045011043548583984,
          0.004176139831542969,
          0.007588863372802734,
          0.007220029830932617,
          0.017982006072998047,
          0.008522987365722656,
          0.06624698638916016,
          0.06638908386230469,
          0.04742097854614258,
          0.046967267990112305,
          0.004208803176879883,
          0.00438690185546875,
          0.018603086471557617,
          0.0182802677154541,
          0.007410764694213867,
          0.004597902297973633,
          0.01887202262878418,
          0.01865386962890625,
          0.0315241813659668,
          0.031896114349365234,
          0.008874177932739258,
          0.008623838424682617,
          0.06643795967102051,
          0.06665611267089844,
          0.0022220611572265625
        ]
      },
      "test-data-file-names": [
        "la12.fjs",
        "la13.fjs",
        "la26.fjs",
        "la27.fjs",
        "la18.fjs",
        "la19.fjs",
        "la05.fjs",
        "la04.fjs",
        "la31.fjs",
        "la30.fjs",
        "la02.fjs",
        "la03.fjs",
        "la36.fjs",
        "la37.fjs",
        "la40.fjs",
        "la08.fjs",
        "la09.fjs",
        "la15.fjs",
        "la14.fjs",
        "la21.fjs",
        "la20.fjs",
        "la32.fjs",
        "la33.fjs",
        "la38.fjs",
        "la39.fjs",
        "la06.fjs",
        "la07.fjs",
        "la25.fjs",
        "la24.fjs",
        "la11.fjs",
        "la10.fjs",
        "la22.fjs",
        "la23.fjs",
        "la28.fjs",
        "la29.fjs",
        "la16.fjs",
        "la17.fjs",
        "la35.fjs",
        "la34.fjs",
        "la01.fjs"
      ]
    },
    {
      "agent": {
        "rew_mean": 0.0,
        "rew_std": 0.0,
        "rew_best": 0.0,
        "rew_best_count": 40,
        "rew_worst": 0.0,
        "tardiness_mean": 0.0,
        "tardiness_std": 0.0,
        "tardiness_max_mean": 0.0,
        "makespan_tests": [
          1005,
          1104,
          1257,
          1275,
          733,
          930,
          588,
          658,
          1708,
          1253,
          638,
          569,
          1170,
          1309,
          1187,
          842,
          930,
          1168,
          1118,
          1028,
          813,
          1771,
          1669,
          1259,
          1146,
          872,
          788,
          1093,
          939,
          1097,
          898,
          1011,
          1023,
          1193,
          1244,
          778,
          690,
          1730,
          1722,
          624
        ],
        "makespan_mean": 1070.75,
        "rew_worst_quantile_border": 0.0,
        "rew_cvar": 0.0,
        "rew_perc_good_solutions": 1.0,
        "num_tests": 40,