{
  "runs": [
    {
      "agent": {
        "rew_mean": 0.0,
        "rew_std": 0.0,
        "rew_best": 0.0,
        "rew_best_count": 40,
        "rew_worst": 0.0,
        "tardiness_mean": 0.0,
        "tardiness_std": 0.0,
        "tardiness_max_mean": 0.0,
        "makespan_tests": [
          955,
          1050,
          1080,
          1107,
          663,
          637,
          489,
          566,
          1538,
          1129,
          554,
          515,
          950,
          998,
          955,
          832,
          877,
          1098,
          1104,
          854,
          756,
          1687,
          1514,
          943,
          922,
          835,
          781,
          803,
          817,
          1104,
          835,
          804,
          878,
          1098,
          1034,
          717,
          646,
          1567,
          1554,
          621
        ],
        "makespan_mean": 946.675,
        "rew_worst_quantile_border": 0.0,
        "rew_cvar": 0.0,
        "rew_perc_good_solutions": 1.0,
        "num_tests": 40,
        "running_time": [
          0.007275104522705078,
          0.0077669620513916016,
          0.033548831939697266,
          0.03228592872619629,
          0.008922100067138672,
          0.009050846099853516,
          0.0020821094512939453,
          0.0020220279693603516,
          0.07044410705566406,
          0.03255295753479004,
          0.002190828323364258,
          0.002126932144165039,
          0.047940969467163086,
          0.04685783386230469,
          0.04667782783508301,
          0.004119157791137695,
          0.00419306755065918,
          0.0075130462646484375,
          0.007103919982910156,
          0.01862311363220215,
          0.008942127227783203,
          0.06822681427001953,
          0.06800413131713867,
          0.04773902893066406,
          0.0474240779876709,
          0.004225969314575195,
          0.00432586669921875,
          0.018706798553466797,
          0.018153905868530273,
          0.006972074508666992,
          0.004039764404296875,
          0.016805171966552734,
          0.017155170440673828,
          0.03049492835998535,
          0.029640913009643555,
          0.008435964584350586,
          0.00860595703125,
          0.06699109077453613,
          0.06858992576599121,
          0.0022237300872802734
        ]
      },
      "test-data-file-names": [
        "la12.fjs",
        "la13.fjs",
        "la26.fjs",
        "la27.fjs",
        "la18.fjs",
        "la19.fjs",
        "la05.fjs",
        "la04.fjs",
        "la31.fjs",
        "la30.fjs",
        "la02.fjs",
        "la03.fjs",
        "la36.fjs",
        "la37.fjs",
        "la40.fjs",
        "la08.fjs",
        "la09.fjs",
        "la15.fjs",
        "la14.fjs",
        "la21.fjs",
        "la20.fjs",
        "la32.fjs",
        "la33.fjs",
        "la38.fjs",
        "la39.fjs",
        "la06.fjs",
        "la07.fjs",
        "la25.fjs",
        "la24.fjs",
        "la11.fjs",
        "la10.fjs",
        "la22.fjs",
        "la23.fjs",
        "la28.fjs",
        "la29.fjs",
        "la16.fjs",
        "la17.fjs",
        "la35.fjs",
        "la34.fjs",
        "la01.fjs"
      ]
    },
    {
      "agent": {
        "rew_mean": 0.0,
        "rew_std": 0.0,
        "rew_best": 0.0,
        "rew_best_count": 40,
        "rew_worst": 0.0,
        "tardiness_mean": 0.0,
        "tardiness_std": 0.0,
        "tardiness_max_mean": 0.0,
        "makespan_tests": [
          977,
          1080,
          1114,
          1189,
          663,
          653,
          515,
          594,
          1612,
          1132,
          580,
          518,
          1007,
          1054,
          980,
          787,
          879,
          1118,
          1102,
          890,
          756,
          1778,
          1620,
          978,
          962,
          837,
          828,
          845,
          857,
          1121,
          836,
          860,
          901,
          1168,
          1089,
          717,
          646,
          1645,
          1655,
          610
        ],
        "makespan_mean": 978.825,
        "rew_worst_quantile_border": 0.0,
        "rew_cvar": 0.0,
        "rew_perc_good_solutions": 1.0,
        "num_tests": 40,
        "running_time": [
          0.007566928863525391,
          0.007444858551025391,
          0.03320908546447754,
          0.03256392478942871,
          0.009336233139038086,
          0.008753776550292969,
          0.001950979232788086,
          0.0019381046295166016,
          0.06974220275878906,
          0.03313803672790527,
          0.002131938934326172,
          0.0022749900817871094,
          0.04979395866394043,
          0.050071001052856445,
          0.049146175384521484,
          0.004715919494628906,
          0.004444122314453125,
          0.008207082748413086,
          0.007584095001220703,
          0.018867969512939453,
          0.008939027786254883,
          0.0668337345123291,
          0.06769514083862305,
          0.046279191970825195,
          0.04631495475769043,
          0.0041599273681640625,
          0.004296064376831055,
          0.01828312873840332,
          0.018973112106323242,
          0.007652759552001953,
          0.004436016082763672,
          0.01862788200378418,
          0.01855015754699707,
          0.032276153564453125,
          0.03132200241088867,
          0.008653879165649414,
          0.008759021759033203,
          0.0691080093383789,
          0.0682828426361084,
          0.002146005630493164
        ]
      },
      "test-data-file-names": [
        "la12.fjs",
        "la13.fjs",
        "la26.fjs",
        "la27.fjs",
        "la18.fjs",
        "la19.fjs",
        "la05.fjs",
        "la04.fjs",
        "la31.fjs",
        "la30.fjs",
        "la02.fjs",
        "la03.fjs",
        "la36.fjs",
        "la37.fjs",
        "la40.fjs",
        "la08.fjs",
        "la09.fjs",
        "la15.fjs",
        "la14.fjs",
        "la21.fjs",
        "la20.fjs",
        "la32.fjs",
        "la33.fjs",
        "la38.fjs",
        "la39.fjs",
        "la06.fjs",
        "la07.fjs",
        "la25.fjs",
        "la24.fjs",
        "la11.fjs",
        "la10.fjs",
        "la22.fjs",
        "la23.fjs",
        "la28.fjs",
        "la29.fjs",
        "la16.fjs",
        "la17.fjs",
        "la35.fjs",
        "la34.fjs",
        "la01.fjs"
      ]
    },
    {
      "agent": {
        "rew_mean": 0.0,
        "rew_std": 0.0,
        "rew_best": 0.0,
        "rew_best_count": 40,
        "rew_worst": 0.0,
        "tardiness_mean": 0.0,
        "tardiness_std": 0.0,
        "tardiness_max_mean": 0.0,
        "makespan_tests": [
          981,
          1080,
          1151,
          1187,
          663,
          654,
          501,
          583,
          1599,
          1157,
          570,
          504,
          1017,
          1029,
          963,
          783,
          879,
          1120,
          1127,
          895,
          756,
          1750,
          1611,
          978,
          949,
          840,
          809,
          846,
          849,
          1113,
          844,
          840,
          890,
          1164,
          1096,
          717,
          646,
          1628,
          1621,
          610
        ],
        "makespan_mean": 975.0,
        "rew_worst_quantile_border": 0.0,
        "rew_cvar": 0.0,
        "rew_perc_good_solutions": 1.0,
        "num_tests": 40,