{
  "agent": {
    "rew_mean": 0.0,
    "rew_std": 0.0,
    "rew_best": 0.0,
    "rew_best_count": 40,
    "rew_worst": 0.0,
    "tardiness_mean": 0.0,
    "tardiness_std": 0.0,
    "tardiness_max_mean": 0.0,
    "makespan_tests": [
      980,
      1082,
      1106,
      1162,
      692,
      662,
      579,
      552,
      1567,
      1150,
      637,
      500,
      1024,
      1042,
      977,
      816,
      905,
      1190,
      1127,
      921,
      756,
      1773,
      1604,
      975,
      984,
      956,
      811,
      884,
      914,
      1148,
      831,
      849,
      965,
      1145,
      1106,
      717,
      646,
      1630,
      1632,
      646
    ],
    "makespan_mean": 991.075,
    "rew_worst_quantile_border": 0.0,
    "rew_cvar": 0.0,
    "rew_perc_good_solutions": 1.0,
    "num_tests": 40,
    "running_time": [
      0.006685018539428711,
      0.006473064422607422,
      0.028742074966430664,
      0.028444766998291016,
      0.00789499282836914,
      0.007851123809814453,
      0.0017752647399902344,
      0.0017631053924560547,
      0.062410831451416016,
      0.02884697914123535,
      0.001961946487426758,
      0.0019428730010986328,
      0.04423093795776367,
      0.04530000686645508,
      0.04398393630981445,
      0.003895998001098633,
      0.003972053527832031,
      0.006854057312011719,
      0.006594181060791016,
      0.017510175704956055,
      0.008252143859863281,
      0.061183929443359375,
      0.06078004837036133,
      0.04188895225524902,
      0.04200005531311035,
      0.003696918487548828,
      0.0037050247192382812,
      0.016280174255371094,
      0.016382932662963867,
      0.006499052047729492,
      0.004188060760498047,
      0.017403125762939453,
      0.016881942749023438,
      0.029941320419311523,
      0.029635906219482422,
      0.008308887481689453,
      0.008303165435791016,
      0.06400012969970703,
      0.06306600570678711,
      0.0019409656524658203
    ]
  },
  "test-data-file-names": [
    "la12.fjs",
    "la13.fjs",
    "la26.fjs",
    "la27.fjs",
    "la18.fjs",
    "la19.fjs",
    "la05.fjs",
    "la04.fjs",
    "la31.fjs",
    "la30.fjs",
    "la02.fjs",
    "la03.fjs",
    "la36.fjs",
    "la37.fjs",
    "la40.fjs",
    "la08.fjs",
    "la09.fjs",
    "la15.fjs",
    "la14.fjs",
    "la21.fjs",
    "la20.fjs",
    "la32.fjs",
    "la33.fjs",
    "la38.fjs",
    "la39.fjs",
    "la06.fjs",
    "la07.fjs",
    "la25.fjs",
    "la24.fjs",
    "la11.fjs",
    "la10.fjs",
    "la22.fjs",
    "la23.fjs",
    "la28.fjs",
    "la29.fjs",
    "la16.fjs",
    "la17.fjs",
    "la35.fjs",
    "la34.fjs",
    "la01.fjs"
  ]
}