{
  "runs": [
    {
      "agent": {
        "rew_mean": 0.0,
        "rew_std": 0.0,
        "rew_best": 0.0,
        "rew_best_count": 40,
        "rew_worst": 0.0,
        "tardiness_mean": 0.0,
        "tardiness_std": 0.0,
        "tardiness_max_mean": 0.0,
        "makespan_tests": [
          986,
          1095,
          1114,
          1173,
          680,
          727,
          529,
          576,
          1586,
          1168,
          619,
          534,
          958,
          1071,
          991,
          819,
          912,
          1120,
          1099,
          926,
          756,
          1748,
          1603,
          958,
          942,
          865,
          813,
          862,
          879,
          1107,
          857,
          862,
          907,
          1145,
          1101,
          717,
          646,
          1610,
          1616,
          655
        ],
        "makespan_mean": 983.3,
        "rew_worst_quantile_border": 0.0,
        "rew_cvar": 0.0,
        "rew_perc_good_solutions": 1.0,
        "num_tests": 40,
        "running_time": [
          0.008336067199707031,
          0.00845479965209961,
          0.03424501419067383,
          0.033944129943847656,
          0.00929713249206543,
          0.009189128875732422,
          0.002165079116821289,
          0.0020189285278320312,
          0.07342219352722168,
          0.03536200523376465,
          0.0022339820861816406,
          0.0025839805603027344,
          0.05034589767456055,
          0.048789024353027344,
          0.04736900329589844,
          0.004955768585205078,
          0.004551887512207031,
          0.008098125457763672,
          0.007897138595581055,
          0.019930124282836914,
          0.009146928787231445,
          0.07157301902770996,
          0.070098876953125,
          0.04788398742675781,
          0.04994797706604004,
          0.0044667720794677734,
          0.0048618316650390625,
          0.01896381378173828,
          0.019648075103759766,
          0.008564949035644531,
          0.004856109619140625,
          0.019013166427612305,
          0.01900792121887207,
          0.03304290771484375,
          0.031289100646972656,
          0.00890207290649414,
          0.009033918380737305,
          0.07267403602600098,
          0.0729970932006836,
          0.0022821426391601562
        ]
      },
      "test-data-file-names": [
        "la12.fjs",
        "la13.fjs",
        "la26.fjs",
        "la27.fjs",
        "la18.fjs",
        "la19.fjs",
        "la05.fjs",
        "la04.fjs",
        "la31.fjs",
        "la30.fjs",
        "la02.fjs",
        "la03.fjs",
        "la36.fjs",
        "la37.fjs",
        "la40.fjs",
        "la08.fjs",
        "la09.fjs",
        "la15.fjs",
        "la14.fjs",
        "la21.fjs",
        "la20.fjs",
        "la32.fjs",
        "la33.fjs",
        "la38.fjs",
        "la39.fjs",
        "la06.fjs",
        "la07.fjs",
        "la25.fjs",
        "la24.fjs",
        "la11.fjs",
        "la10.fjs",
        "la22.fjs",
        "la23.fjs",
        "la28.fjs",
        "la29.fjs",
        "la16.fjs",
        "la17.fjs",
        "la35.fjs",
        "la34.fjs",
        "la01.fjs"
      ]
    },
    {
      "agent": {
        "rew_mean": 0.0,
        "rew_std": 0.0,
        "rew_best": 0.0,
        "rew_best_count": 40,
        "rew_worst": 0.0,
        "tardiness_mean": 0.0,
        "tardiness_std": 0.0,
        "tardiness_max_mean": 0.0,
        "makespan_tests": [
          1050,
          1122,
          1148,
          1224,
          733,
          728,
          563,
          566,
          1611,
          1214,
          591,
          539,
          1037,
          1065,
          1045,
          861,
          972,
          1201,
          1132,
          940,
          756,
          1795,
          1631,
          1040,
          1010,
          954,
          848,
          914,
          935,
          1155,
          857,
          902,
          943,
          1254,
          1165,
          717,
          650,
          1670,
          1669,
          645
        ],
        "makespan_mean": 1021.3,
        "rew_worst_quantile_border": 0.0,
        "rew_cvar": 0.0,
        "rew_perc_good_solutions": 1.0,
        "num_tests": 40,
        "running_time": [
          0.00687098503112793,
          0.007287025451660156,
          0.02991509437561035,
          0.03166699409484863,
          0.00890803337097168,
          0.009156942367553711,
          0.0018680095672607422,
          0.0019080638885498047,
          0.06992840766906738,
          0.03222084045410156,
          0.0020961761474609375,
          0.0019540786743164062,
          0.04890799522399902,
          0.047975778579711914,
          0.0480649471282959,
          0.0044019222259521484,
          0.004477739334106445,
          0.007451295852661133,
          0.007877826690673828,
          0.01914811134338379,
          0.00933384895324707,
          0.06614112854003906,
          0.06784391403198242,
          0.04561805725097656,
          0.046765804290771484,
          0.004194021224975586,
          0.0041239261627197266,
          0.017753124237060547,
          0.017578840255737305,
          0.00693511962890625,
          0.004105091094970703,
          0.01739501953125,
          0.01761794090270996,
          0.03006911277770996,
          0.030008792877197266,
          0.008188962936401367,
          0.008222818374633789,
          0.06821894645690918,
          0.06757307052612305,
          0.0020029544830322266
        ]
      },
      "test-data-file-names": [
        "la12.fjs",
        "la13.fjs",
        "la26.fjs",
        "la27.fjs",
        "la18.fjs",
        "la19.fjs",
        "la05.fjs",
        "la04.fjs",
        "la31.fjs",
        "la30.fjs",
        "la02.fjs",
        "la03.fjs",
        "la36.fjs",
        "la37.fjs",
        "la40.fjs",
        "la08.fjs",
        "la09.fjs",
        "la15.fjs",
        "la14.fjs",
        "la21.fjs",
        "la20.fjs",
        "la32.fjs",
        "la33.fjs",
        "la38.fjs",
        "la39.fjs",
        "la06.fjs",
        "la07.fjs",
        "la25.fjs",
        "la24.fjs",
        "la11.fjs",
        "la10.fjs",
        "la22.fjs",
        "la23.fjs",
        "la28.fjs",
        "la29.fjs",
        "la16.fjs",
        "la17.fjs",
        "la35.fjs",
        "la34.fjs",
        "la01.fjs"
      ]
    },
    {
      "agent": {
        "rew_mean": 0.0,
        "rew_std": 0.0,
        "rew_best": 0.0,
        "rew_best_count": 40,
        "rew_worst": 0.0,
        "tardiness_mean": 0.0,
        "tardiness_std": 0.0,
        "tardiness_max_mean": 0.0,
        "makespan_tests": [
          1050,
          1122,
          1148,
          1224,
          733,
          728,
          563,
          566,
          1611,
          1214,
          591,
          539,
          1037,
          1065,
          1045,
          861,
          972,
          1201,
          1132,
          940,
          756,
          1795,
          1631,
          1040,
          1010,
          954,
          848,
          914,
          935,
          1155,
          857,
          902,
          943,
          1254,
          1165,
          717,
          650,
          1670,
          1669,
          645
        ],
        "makespan_mean": 1021.3,
        "rew_worst_quantile_border": 0.0,
        "rew_cvar": 0.0,
        "rew_perc_good_solutions": 1.0,
        "num_tests": 40,