{
  "runs": [
    {
      "agent": {
        "rew_mean": 0.0,
        "rew_std": 0.0,
        "rew_best": 0.0,
        "rew_best_count": 40,
        "rew_worst": 0.0,
        "tardiness_mean": 0.0,
        "tardiness_std": 0.0,
        "tardiness_max_mean": 0.0,
        "makespan_tests": [
          961,
          1086,
          1114,
          1140,
          670,
          648,
          510,
          652,
          1579,
          1119,
          617,
          547,
          949,
          1000,
          956,
          825,
          888,
          1123,
          1147,
          865,
          756,
          1729,
          1571,
          944,
          925,
          861,
          840,
          839,
          839,
          1126,
          870,
          824,
          899,
          1154,
          1064,
          723,
          646,
          1588,
          1576,
          616
        ],
        "makespan_mean": 969.65,
        "rew_worst_quantile_border": 0.0,
        "rew_cvar": 0.0,
        "rew_perc_good_solutions": 1.0,
        "num_tests": 40,
        "running_time": [
          0.010587930679321289,
          0.010036230087280273,
          0.037232160568237305,
          0.03725385665893555,
          0.010225057601928711,
          0.009991168975830078,
          0.0026950836181640625,
          0.002646207809448242,
          0.08182978630065918,
          0.03733396530151367,
          0.002777099609375,
          0.002791881561279297,
          0.05237317085266113,
          0.05388021469116211,
          0.05005288124084473,
          0.005800008773803711,
          0.0058481693267822266,
          0.010087966918945312,
          0.009958028793334961,
          0.022005081176757812,
          0.010025978088378906,
          0.08212924003601074,
          0.07985591888427734,
          0.05162477493286133,
          0.051835060119628906,
          0.006035327911376953,
          0.005693912506103516,
          0.02150893211364746,
          0.020986080169677734,
          0.009885787963867188,
          0.006024360656738281,
          0.02074718475341797,
          0.021701812744140625,
          0.03653383255004883,
          0.03667926788330078,
          0.00975179672241211,
          0.010236263275146484,
          0.08175277709960938,
          0.08401989936828613,
          0.002942800521850586
        ]
      },
      "test-data-file-names": [
        "la12.fjs",
        "la13.fjs",
        "la26.fjs",
        "la27.fjs",
        "la18.fjs",
        "la19.fjs",
        "la05.fjs",
        "la04.fjs",
        "la31.fjs",
        "la30.fjs",
        "la02.fjs",
        "la03.fjs",
        "la36.fjs",
        "la37.fjs",
        "la40.fjs",
        "la08.fjs",
        "la09.fjs",
        "la15.fjs",
        "la14.fjs",
        "la21.fjs",
        "la20.fjs",
        "la32.fjs",
        "la33.fjs",
        "la38.fjs",
        "la39.fjs",
        "la06.fjs",
        "la07.fjs",
        "la25.fjs",
        "la24.fjs",
        "la11.fjs",
        "la10.fjs",
        "la22.fjs",
        "la23.fjs",
        "la28.fjs",
        "la29.fjs",
        "la16.fjs",
        "la17.fjs",
        "la35.fjs",
        "la34.fjs",
        "la01.fjs"
      ]
    },
    {
      "agent": {
        "rew_mean": 0.0,
        "rew_std": 0.0,
        "rew_best": 0.0,
        "rew_best_count": 40,
        "rew_worst": 0.0,
        "tardiness_mean": 0.0,
        "tardiness_std": 0.0,
        "tardiness_max_mean": 0.0,
        "makespan_tests": [
          961,
          1086,
          1115,
          1136,
          672,
          667,
          510,
          579,
          1579,
          1115,
          580,
          547,
          953,
          1000,
          960,
          825,
          888,
          1123,
          1147,
          891,
          756,
          1747,
          1557,
          943,
          950,
          861,
          791,
          843,
          841,
          1135,
          870,
          824,
          895,
          1129,
          1059,
          743,
          646,
          1599,
          1587,
          616
        ],
        "makespan_mean": 968.15,
        "rew_worst_quantile_border": 0.0,
        "rew_cvar": 0.0,
        "rew_perc_good_solutions": 1.0,
        "num_tests": 40,
        "running_time": [
          0.010854244232177734,
          0.010652780532836914,
          0.03710794448852539,
          0.039031028747558594,
          0.010848045349121094,
          0.01074075698852539,
          0.002763986587524414,
          0.0028600692749023438,
          0.08762502670288086,
          0.039130210876464844,
          0.003101825714111328,
          0.0029010772705078125,
          0.05420112609863281,
          0.054084062576293945,
          0.05413508415222168,
          0.006345987319946289,
          0.006102085113525391,
          0.011129140853881836,
          0.010596036911010742,
          0.022433042526245117,
          0.010064840316772461,
          0.08193302154541016,
          0.08176922798156738,
          0.05312824249267578,
          0.05337405204772949,
          0.006271839141845703,
          0.006167888641357422,
          0.02148890495300293,
          0.021351099014282227,
          0.010792970657348633,
          0.0063359737396240234,
          0.02207016944885254,
          0.02218794822692871,
          0.03739809989929199,
          0.03921008110046387,
          0.010393142700195312,
          0.010266780853271484,
          0.08632421493530273,
          0.0865180492401123,
          0.0030150413513183594
        ]
      },
      "test-data-file-names": [
        "la12.fjs",
        "la13.fjs",
        "la26.fjs",
        "la27.fjs",
        "la18.fjs",
        "la19.fjs",
        "la05.fjs",
        "la04.fjs",
        "la31.fjs",
        "la30.fjs",
        "la02.fjs",
        "la03.fjs",
        "la36.fjs",
        "la37.fjs",
        "la40.fjs",
        "la08.fjs",
        "la09.fjs",
        "la15.fjs",
        "la14.fjs",
        "la21.fjs",
        "la20.fjs",
        "la32.fjs",
        "la33.fjs",
        "la38.fjs",
        "la39.fjs",
        "la06.fjs",
        "la07.fjs",
        "la25.fjs",
        "la24.fjs",
        "la11.fjs",
        "la10.fjs",
        "la22.fjs",
        "la23.fjs",
        "la28.fjs",
        "la29.fjs",
        "la16.fjs",
        "la17.fjs",
        "la35.fjs",
        "la34.fjs",
        "la01.fjs"
      ]
    },
    {
      "agent": {
        "rew_mean": 0.0,
        "rew_std": 0.0,
        "rew_best": 0.0,
        "rew_best_count": 40,
        "rew_worst": 0.0,
        "tardiness_mean": 0.0,
        "tardiness_std": 0.0,
        "tardiness_max_mean": 0.0,
        "makespan_tests": [
          958,
          1081,
          1120,
          1126,
          670,
          675,
          510,
          583,
          1579,
          1128,
          617,
          547,
          956,
          1009,
          955,
          825,
          888,
          1123,
          1147,
          874,
          756,
          1747,
          1557,
          944,
          976,
          861,
          840,
          843,
          839,
          1126,
          870,
          824,
          940,
          1142,
          1059,
          723,
          646,
          1591,
          1594,
          616
        ],
        "makespan_mean": 971.625,
        "rew_worst_quantile_border": 0.0,
        "rew_cvar": 0.0,
        "rew_perc_good_solutions": 1.0,
        "num_tests": 40,