{
  "agent": {
    "rew_mean": 0.0,
    "rew_std": 0.0,
    "rew_best": 0.0,
    "rew_best_count": 40,
    "rew_worst": 0.0,
    "tardiness_mean": 0.0,
    "tardiness_std": 0.0,
    "tardiness_max_mean": 0.0,
    "makespan_tests": [
      980,
      1082,
      1110,
      1154,
      735,
      720,
      579,
      552,
      1569,
      1155,
      637,
      518,
      984,
      1001,
      955,
      846,
      905,
      1190,
      1193,
      898,
      756,
      1754,
      1568,
      943,
      944,
      899,
      819,
      869,
      858,
      1124,
      847,
      836,
      959,
      1144,
      1097,
      717,
      646,
      1623,
      1617,
      649
    ],
    "makespan_mean": 985.8,
    "rew_worst_quantile_border": 0.0,
    "rew_cvar": 0.0,
    "rew_perc_good_solutions": 1.0,
    "num_tests": 40,
    "running_time": [
      0.012431859970092773,
      0.013091087341308594,
      0.04460430145263672,
      0.044035911560058594,
      0.01289510726928711,
      0.012735128402709961,
      0.0036699771881103516,
      0.0036568641662597656,
      0.09460926055908203,
      0.0446469783782959,
      0.0038368701934814453,
      0.0038230419158935547,
      0.06013917922973633,
      0.059884071350097656,
      0.05934286117553711,
      0.007632255554199219,
      0.007616996765136719,
      0.012780189514160156,
      0.012703895568847656,
      0.026826858520507812,
      0.013046026229858398,
      0.09268712997436523,
      0.09284615516662598,
      0.0592041015625,
      0.05920696258544922,
      0.0074732303619384766,
      0.007539987564086914,
      0.026474952697753906,
      0.02645111083984375,
      0.012821674346923828,
      0.007382869720458984,
      0.02556610107421875,
      0.025914907455444336,
      0.04404497146606445,
      0.042546987533569336,
      0.012835025787353516,
      0.012968063354492188,
      0.09529900550842285,
      0.0924069881439209,
      0.0037369728088378906
    ]
  },
  "test-data-file-names": [
    "la12.fjs",
    "la13.fjs",
    "la26.fjs",
    "la27.fjs",
    "la18.fjs",
    "la19.fjs",
    "la05.fjs",
    "la04.fjs",
    "la31.fjs",
    "la30.fjs",
    "la02.fjs",
    "la03.fjs",
    "la36.fjs",
    "la37.fjs",
    "la40.fjs",
    "la08.fjs",
    "la09.fjs",
    "la15.fjs",
    "la14.fjs",
    "la21.fjs",
    "la20.fjs",
    "la32.fjs",
    "la33.fjs",
    "la38.fjs",
    "la39.fjs",
    "la06.fjs",
    "la07.fjs",
    "la25.fjs",
    "la24.fjs",
    "la11.fjs",
    "la10.fjs",
    "la22.fjs",
    "la23.fjs",
    "la28.fjs",
    "la29.fjs",
    "la16.fjs",
    "la17.fjs",
    "la35.fjs",
    "la34.fjs",
    "la01.fjs"
  ]
}