{
  "agent": {
    "rew_mean": 0.0,
    "rew_std": 0.0,
    "rew_best": 0.0,
    "rew_best_count": 50,
    "rew_worst": 0.0,
    "tardiness_mean": 0.0,
    "tardiness_std": 0.0,
    "tardiness_max_mean": 0.0,
    "makespan_tests": [
      1902000,
      250702,
      3246000,
      4640700,
      2782260,
      1537000,
      88800,
      3730860,
      95056,
      661560,
      2032400,
      5116500,
      3207960,
      231368,
      116218,
      44454,
      1375000,
      673140,
      3009060,
      2330800,
      1312500,
      424220,
      2223100,
      29967800,
      1948200,
      2286300,
      1698864,
      159000,
      1961900,
      1626480,
      3606200,
      1152800,
      1288800,
      2877348,
      182024,
      9204757,
      82611,
      2053700,
      4865300,
      6091020,
      81250,
      68220,
      3283500,
      4782100,
      86260,
      1555700,
      699150,
      91200,
      1916100,
      191446
    ],
    "makespan_mean": 2496793.76,
    "rew_worst_quantile_border": 0.0,
    "rew_cvar": 0.0,
    "rew_perc_good_solutions": 1.0,
    "num_tests": 50,
    "running_time": [
      0.03157210350036621,
      0.9821310043334961,
      0.12520098686218262,
      1.286952018737793,
      0.002459287643432617,
      0.027921199798583984,
      0.001477956771850586,
      0.0015358924865722656,
      0.0017788410186767578,
      0.001857757568359375,
      0.023469924926757812,
      0.2551867961883545,
      0.009768247604370117,
      0.5392923355102539,
      0.0037469863891601562,
      0.0026121139526367188,
      0.004158973693847656,
      0.04375004768371582,
      0.005033969879150391,
      0.7092647552490234,
      0.001989126205444336,
      0.08823180198669434,
      0.1817469596862793,
      0.06040072441101074,
      0.7044558525085449,
      0.19591927528381348,
      0.05647110939025879,
      0.0001270771026611328,
      0.5676090717315674,
      0.0028748512268066406,
      1.3887150287628174,
      0.001997709274291992,
      0.0040378570556640625,
      0.3247103691101074,
      0.5224208831787109,
      22.51412010192871,
      0.0015079975128173828,
      0.022675037384033203,
      0.2516758441925049,
      0.14377617835998535,
      0.0014481544494628906,
      0.0074770450592041016,
      0.07683897018432617,
      1.2590022087097168,
      0.024780988693237305,
      0.03037738800048828,
      0.003184080123901367,
      0.0018918514251708984,
      0.034149885177612305,
      0.9111011028289795
    ]
  },
  "test-data-file-names": [
    "bom_deep_7_5_10_5_No2",
    "bom_deep_8_4_40_15_No2",
    "bom_deep_8_5_10_5_No2",
    "bom_deep_10_5_30_15_No1",
    "bom_deep_7_3_15_5_No1",
    "bom_deep_7_5_30_15_No2",
    "bom_deep_10_3_10_5_No1",
    "bom_deep_8_3_16_4_No2",
    "bom_deep_10_3_15_5_No1",
    "bom_deep_7_3_10_5_No1",
    "bom_deep_8_5_30_15_No2",
    "bom_deep_10_5_10_5_No2",
    "bom_deep_7_4_16_4_No2",
    "bom_deep_9_4_40_15_No2",
    "bom_deep_10_5_20_5_No2",
    "bom_deep_8_3_20_5_No1",
    "bom_deep_6_5_30_15_No2",
    "bom_deep_6_5_20_10_No1",
    "bom_deep_6_3_16_4_No2",
    "bom_deep_6_4_40_15_No2",
    "bom_deep_6_5_10_5_No2",
    "bom_deep_6_5_30_10_No1",
    "bom_deep_9_5_10_5_No2",
    "bom_deep_9_3_16_4_No2",
    "bom_deep_9_5_30_15_No2",
    "bom_deep_9_5_10_5_No1",
    "bom_deep_6_5_30_10_No2",
    "bom_deep_9_3_16_4_No1",
    "bom_deep_9_5_30_15_No1",
    "bom_deep_6_3_16_4_No1",
    "bom_deep_6_4_40_15_No1",
    "bom_deep_6_5_10_5_No1",
    "bom_deep_6_5_30_15_No1",
    "bom_deep_6_5_20_10_No2",
    "bom_deep_9_4_40_15_No1",
    "bom_deep_10_5_20_5_No1",
    "bom_deep_8_3_20_5_No2",
    "bom_deep_8_5_30_15_No1",
    "bom_deep_10_5_10_5_No1",
    "bom_deep_7_4_16_4_No1",
    "bom_deep_10_3_15_5_No2",
    "bom_deep_7_3_10_5_No2",
    "bom_deep_8_5_10_5_No1",
    "bom_deep_10_5_30_15_No2",
    "bom_deep_7_3_15_5_No2",
    "bom_deep_7_5_30_15_No1",
    "bom_deep_8_3_16_4_No1",
    "bom_deep_10_3_10_5_No2",
    "bom_deep_7_5_10_5_No1",
    "bom_deep_8_4_40_15_No1"
  ]
}