{
  "agent": {
    "rew_mean": 0.0,
    "rew_std": 0.0,
    "rew_best": 0.0,
    "rew_best_count": 50,
    "rew_worst": 0.0,
    "tardiness_mean": 0.0,
    "tardiness_std": 0.0,
    "tardiness_max_mean": 0.0,
    "makespan_tests": [
      1886200,
      248138,
      3254400,
      4640700,
      1727760,
      1529800,
      88800,
      3730860,
      95056,
      661560,
      2032400,
      5084300,
      3207960,
      239824,
      116218,
      44454,
      1375000,
      673140,
      3009060,
      2330800,
      1312500,
      424220,
      2181100,
      30648600,
      1939200,
      2266500,
      1698864,
      159000,
      1961900,
      1626480,
      3605800,
      1152800,
      1288800,
      2876908,
      180870,
      9206783,
      82611,
      2053700,
      4787900,
      6090885,
      81034,
      67260,
      3299900,
      4782100,
      86380,
      1555700,
      699150,
      92840,
      1881600,
      189708
    ],
    "makespan_mean": 2485150.46,
    "rew_worst_quantile_border": 0.0,
    "rew_cvar": 0.0,
    "rew_perc_good_solutions": 1.0,
    "num_tests": 50,
    "running_time": [
      0.07990908622741699,
      1.5584919452667236,
      0.1733088493347168,
      1.6429450511932373,
      0.005644798278808594,
      0.0517120361328125,
      0.0032067298889160156,
      0.0028760433197021484,
      0.003528118133544922,
      0.004157304763793945,
      0.04112505912780762,
      0.5718820095062256,
      0.022505998611450195,
      0.777167797088623,
      0.00711512565612793,
      0.005367755889892578,
      0.008383035659790039,
      0.08943891525268555,
      0.01110219955444336,
      1.3981480598449707,
      0.005124092102050781,
      0.17941689491271973,
      0.3858938217163086,
      0.17107319831848145,
      0.9048418998718262,
      0.39386796951293945,
      0.14146780967712402,
      0.0002830028533935547,
      0.9431428909301758,
      0.007132291793823242,
      2.5144660472869873,
      0.005051851272583008,
      0.008622884750366211,
      0.768388032913208,
      0.7800390720367432,
      45.07267212867737,
      0.003387928009033203,
      0.040621280670166016,
      0.587209939956665,
      0.34683799743652344,
      0.00315093994140625,
      0.023250818252563477,
      0.17542195320129395,
      1.5499517917633057,
      0.0660390853881836,
      0.05070781707763672,
      0.011916875839233398,
      0.003198862075805664,
      0.07859492301940918,
      1.3583338260650635
    ]
  },
  "test-data-file-names": [
    "bom_deep_7_5_10_5_No2",
    "bom_deep_8_4_40_15_No2",
    "bom_deep_8_5_10_5_No2",
    "bom_deep_10_5_30_15_No1",
    "bom_deep_7_3_15_5_No1",
    "bom_deep_7_5_30_15_No2",
    "bom_deep_10_3_10_5_No1",
    "bom_deep_8_3_16_4_No2",
    "bom_deep_10_3_15_5_No1",
    "bom_deep_7_3_10_5_No1",
    "bom_deep_8_5_30_15_No2",
    "bom_deep_10_5_10_5_No2",
    "bom_deep_7_4_16_4_No2",
    "bom_deep_9_4_40_15_No2",
    "bom_deep_10_5_20_5_No2",
    "bom_deep_8_3_20_5_No1",
    "bom_deep_6_5_30_15_No2",
    "bom_deep_6_5_20_10_No1",
    "bom_deep_6_3_16_4_No2",
    "bom_deep_6_4_40_15_No2",
    "bom_deep_6_5_10_5_No2",
    "bom_deep_6_5_30_10_No1",
    "bom_deep_9_5_10_5_No2",
    "bom_deep_9_3_16_4_No2",
    "bom_deep_9_5_30_15_No2",
    "bom_deep_9_5_10_5_No1",
    "bom_deep_6_5_30_10_No2",
    "bom_deep_9_3_16_4_No1",
    "bom_deep_9_5_30_15_No1",
    "bom_deep_6_3_16_4_No1",
    "bom_deep_6_4_40_15_No1",
    "bom_deep_6_5_10_5_No1",
    "bom_deep_6_5_30_15_No1",
    "bom_deep_6_5_20_10_No2",
    "bom_deep_9_4_40_15_No1",
    "bom_deep_10_5_20_5_No1",
    "bom_deep_8_3_20_5_No2",
    "bom_deep_8_5_30_15_No1",
    "bom_deep_10_5_10_5_No1",
    "bom_deep_7_4_16_4_No1",
    "bom_deep_10_3_15_5_No2",
    "bom_deep_7_3_10_5_No2",
    "bom_deep_8_5_10_5_No1",
    "bom_deep_10_5_30_15_No2",
    "bom_deep_7_3_15_5_No2",
    "bom_deep_7_5_30_15_No1",
    "bom_deep_8_3_16_4_No1",
    "bom_deep_10_3_10_5_No2",
    "bom_deep_7_5_10_5_No1",
    "bom_deep_8_4_40_15_No1"
  ]
}