{
  "agent": {
    "rew_mean": 0.0,
    "rew_std": 0.0,
    "rew_best": 0.0,
    "rew_best_count": 50,
    "rew_worst": 0.0,
    "tardiness_mean": 0.0,
    "tardiness_std": 0.0,
    "tardiness_max_mean": 0.0,
    "makespan_tests": [
      1915000,
      242202,
      3269800,
      4640700,
      1727760,
      1529800,
      88800,
      3730860,
      95056,
      734820,
      2032400,
      5084300,
      3207960,
      233812,
      116650,
      44454,
      1375000,
      673140,
      2294460,
      2330800,
      1312500,
      424220,
      2261400,
      32385780,
      1939200,
      2327700,
      1698864,
      159000,
      1961900,
      1626480,
      3635400,
      1152800,
      1288800,
      2873064,
      179638,
      9186887,
      82611,
      2053700,
      4787900,
      6090885,
      81034,
      71340,
      3324100,
      4782100,
      90560,
      1555700,
      699150,
      91200,
      2011300,
      187066
    ],
    "makespan_mean": 2513801.06,
    "rew_worst_quantile_border": 0.0,
    "rew_cvar": 0.0,
    "rew_perc_good_solutions": 1.0,
    "num_tests": 50,
    "running_time": [
      0.07243585586547852,
      1.5047528743743896,
      0.2223348617553711,
      1.4764618873596191,
      0.005819797515869141,
      0.05244588851928711,
      0.0032181739807128906,
      0.002593994140625,
      0.003036022186279297,
      0.003816843032836914,
      0.0385739803314209,
      0.5348758697509766,
      0.020014047622680664,
      0.7523641586303711,
      0.0074880123138427734,
      0.005021810531616211,
      0.0080413818359375,
      0.08530402183532715,
      0.010695934295654297,
      1.328624963760376,
      0.004547119140625,
      0.17041611671447754,
      0.36623215675354004,
      0.10316181182861328,
      0.8348281383514404,
      0.37296509742736816,
      0.09542179107666016,
      0.0002410411834716797,
      0.8527748584747314,
      0.0062770843505859375,
      2.435556173324585,
      0.0045778751373291016,
      0.00791311264038086,
      0.6450021266937256,
      0.8183169364929199,
      42.03952693939209,
      0.0031998157501220703,
      0.03985285758972168,
      0.5561549663543701,
      0.3068411350250244,
      0.0028159618377685547,
      0.02195286750793457,
      0.16626286506652832,
      1.5943291187286377,
      0.06396603584289551,
      0.04604387283325195,
      0.005154132843017578,
      0.0027251243591308594,
      0.07179427146911621,
      1.4754040241241455
    ]
  },
  "test-data-file-names": [
    "bom_deep_7_5_10_5_No2",
    "bom_deep_8_4_40_15_No2",
    "bom_deep_8_5_10_5_No2",
    "bom_deep_10_5_30_15_No1",
    "bom_deep_7_3_15_5_No1",
    "bom_deep_7_5_30_15_No2",
    "bom_deep_10_3_10_5_No1",
    "bom_deep_8_3_16_4_No2",
    "bom_deep_10_3_15_5_No1",
    "bom_deep_7_3_10_5_No1",
    "bom_deep_8_5_30_15_No2",
    "bom_deep_10_5_10_5_No2",
    "bom_deep_7_4_16_4_No2",
    "bom_deep_9_4_40_15_No2",
    "bom_deep_10_5_20_5_No2",
    "bom_deep_8_3_20_5_No1",
    "bom_deep_6_5_30_15_No2",
    "bom_deep_6_5_20_10_No1",
    "bom_deep_6_3_16_4_No2",
    "bom_deep_6_4_40_15_No2",
    "bom_deep_6_5_10_5_No2",
    "bom_deep_6_5_30_10_No1",
    "bom_deep_9_5_10_5_No2",
    "bom_deep_9_3_16_4_No2",
    "bom_deep_9_5_30_15_No2",
    "bom_deep_9_5_10_5_No1",
    "bom_deep_6_5_30_10_No2",
    "bom_deep_9_3_16_4_No1",
    "bom_deep_9_5_30_15_No1",
    "bom_deep_6_3_16_4_No1",
    "bom_deep_6_4_40_15_No1",
    "bom_deep_6_5_10_5_No1",
    "bom_deep_6_5_30_15_No1",
    "bom_deep_6_5_20_10_No2",
    "bom_deep_9_4_40_15_No1",
    "bom_deep_10_5_20_5_No1",
    "bom_deep_8_3_20_5_No2",
    "bom_deep_8_5_30_15_No1",
    "bom_deep_10_5_10_5_No1",
    "bom_deep_7_4_16_4_No1",
    "bom_deep_10_3_15_5_No2",
    "bom_deep_7_3_10_5_No2",
    "bom_deep_8_5_10_5_No1",
    "bom_deep_10_5_30_15_No2",
    "bom_deep_7_3_15_5_No2",
    "bom_deep_7_5_30_15_No1",
    "bom_deep_8_3_16_4_No1",
    "bom_deep_10_3_10_5_No2",
    "bom_deep_7_5_10_5_No1",
    "bom_deep_8_4_40_15_No1"
  ]
}