{
  "agent": {
    "rew_mean": 0.0,
    "rew_std": 0.0,
    "rew_best": 0.0,
    "rew_best_count": 50,
    "rew_worst": 0.0,
    "tardiness_mean": 0.0,
    "tardiness_std": 0.0,
    "tardiness_max_mean": 0.0,
    "makespan_tests": [
      1915000,
      242202,
      3269800,
      4640700,
      1727760,
      1529800,
      88800,
      3730860,
      95056,
      734820,
      2032400,
      5084300,
      3207960,
      233812,
      116650,
      44454,
      1375000,
      673140,
      2294460,
      2330800,
      1312500,
      424220,
      2261400,
      32385780,
      1939200,
      2342000,
      1698864,
      159000,
      1961900,
      1626480,
      3655400,
      1152800,
      1288800,
      2873064,
      179638,
      9187895,
      82611,
      2053700,
      4787900,
      6090885,
      81034,
      71340,
      3324100,
      4782100,
      90560,
      1555700,
      699150,
      91200,
      2011300,
      190730
    ],
    "makespan_mean": 2514580.5,
    "rew_worst_quantile_border": 0.0,
    "rew_cvar": 0.0,
    "rew_perc_good_solutions": 1.0,
    "num_tests": 50,
    "running_time": [
      0.20839190483093262,
      1.7740309238433838,
      0.12503385543823242,
      1.4310698509216309,
      0.007172107696533203,
      0.035429954528808594,
      0.0022270679473876953,
      0.0017521381378173828,
      0.0018680095672607422,
      0.0037152767181396484,
      0.03189206123352051,
      0.3304100036621094,
      0.012559175491333008,
      0.6797711849212646,
      0.004663944244384766,
      0.0029718875885009766,
      0.005192756652832031,
      0.05267810821533203,
      0.0063359737396240234,
      1.0373690128326416,
      0.0034058094024658203,
      0.11170411109924316,
      0.25226926803588867,
      0.07075715065002441,
      0.7834961414337158,
      0.25408291816711426,
      0.1629199981689453,
      0.0009949207305908203,
      0.7586960792541504,
      0.004147052764892578,
      1.9641919136047363,
      0.002610921859741211,
      0.005282878875732422,
      0.5487449169158936,
      0.6234078407287598,
      35.74407505989075,
      0.0019249916076660156,
      0.02697587013244629,
      0.33663511276245117,
      0.21347498893737793,
      0.0017848014831542969,
      0.010769128799438477,
      0.10210204124450684,
      1.1169328689575195,
      0.03822588920593262,
      0.032759904861450195,
      0.003162860870361328,
      0.0016939640045166016,
      0.04324984550476074,
      0.9512031078338623
    ]
  },
  "test-data-file-names": [
    "bom_deep_7_5_10_5_No2",
    "bom_deep_8_4_40_15_No2",
    "bom_deep_8_5_10_5_No2",
    "bom_deep_10_5_30_15_No1",
    "bom_deep_7_3_15_5_No1",
    "bom_deep_7_5_30_15_No2",
    "bom_deep_10_3_10_5_No1",
    "bom_deep_8_3_16_4_No2",
    "bom_deep_10_3_15_5_No1",
    "bom_deep_7_3_10_5_No1",
    "bom_deep_8_5_30_15_No2",
    "bom_deep_10_5_10_5_No2",
    "bom_deep_7_4_16_4_No2",
    "bom_deep_9_4_40_15_No2",
    "bom_deep_10_5_20_5_No2",
    "bom_deep_8_3_20_5_No1",
    "bom_deep_6_5_30_15_No2",
    "bom_deep_6_5_20_10_No1",
    "bom_deep_6_3_16_4_No2",
    "bom_deep_6_4_40_15_No2",
    "bom_deep_6_5_10_5_No2",
    "bom_deep_6_5_30_10_No1",
    "bom_deep_9_5_10_5_No2",
    "bom_deep_9_3_16_4_No2",
    "bom_deep_9_5_30_15_No2",
    "bom_deep_9_5_10_5_No1",
    "bom_deep_6_5_30_10_No2",
    "bom_deep_9_3_16_4_No1",
    "bom_deep_9_5_30_15_No1",
    "bom_deep_6_3_16_4_No1",
    "bom_deep_6_4_40_15_No1",
    "bom_deep_6_5_10_5_No1",
    "bom_deep_6_5_30_15_No1",
    "bom_deep_6_5_20_10_No2",
    "bom_deep_9_4_40_15_No1",
    "bom_deep_10_5_20_5_No1",
    "bom_deep_8_3_20_5_No2",
    "bom_deep_8_5_30_15_No1",
    "bom_deep_10_5_10_5_No1",
    "bom_deep_7_4_16_4_No1",
    "bom_deep_10_3_15_5_No2",
    "bom_deep_7_3_10_5_No2",
    "bom_deep_8_5_10_5_No1",
    "bom_deep_10_5_30_15_No2",
    "bom_deep_7_3_15_5_No2",
    "bom_deep_7_5_30_15_No1",
    "bom_deep_8_3_16_4_No1",
    "bom_deep_10_3_10_5_No2",
    "bom_deep_7_5_10_5_No1",
    "bom_deep_8_4_40_15_No1"
  ]
}