{
  "agent": {
    "rew_mean": 0.0,
    "rew_std": 0.0,
    "rew_best": 0.0,
    "rew_best_count": 50,
    "rew_worst": 0.0,
    "tardiness_mean": 0.0,
    "tardiness_std": 0.0,
    "tardiness_max_mean": 0.0,
    "makespan_tests": [
      1877700,
      252238,
      3262300,
      4640700,
      1727760,
      1537000,
      88800,
      3730860,
      95056,
      661560,
      2032400,
      5084300,
      3207960,
      221862,
      116218,
      44454,
      1375000,
      673140,
      3009060,
      2340400,
      1312500,
      424220,
      2185700,
      30284280,
      1939200,
      2259300,
      1698864,
      159000,
      1961900,
      1626480,
      3615600,
      1152800,
      1288800,
      2880416,
      183802,
      9202676,
      82611,
      2053700,
      4787900,
      6094935,
      81250,
      66840,
      3293200,
      4782100,
      86180,
      1555700,
      699150,
      91200,
      1895800,
      193430
    ],
    "makespan_mean": 2478366.04,
    "rew_worst_quantile_border": 0.0,
    "rew_cvar": 0.0,
    "rew_perc_good_solutions": 1.0,
    "num_tests": 50,
    "running_time": [
      0.06089496612548828,
      1.2799289226531982,
      0.13051605224609375,
      1.7009449005126953,
      0.003734111785888672,
      0.0413508415222168,
      0.002209186553955078,
      0.002070903778076172,
      0.0022590160369873047,
      0.002885103225708008,
      0.03388619422912598,
      0.8198461532592773,
      0.02260613441467285,
      0.6524789333343506,
      0.004892826080322266,
      0.003731966018676758,
      0.0054090023040771484,
      0.06601214408874512,
      0.007750272750854492,
      1.0768721103668213,
      0.0033080577850341797,
      0.1416621208190918,
      0.3012540340423584,
      0.0831611156463623,
      0.7048461437225342,
      0.29494404792785645,
      0.08023405075073242,
      0.00013899803161621094,
      0.7113959789276123,
      0.0050280094146728516,
      1.9396989345550537,
      0.003227710723876953,
      0.005254030227661133,
      0.530303955078125,
      0.6418280601501465,
      35.36816906929016,
      0.0021140575408935547,
      0.029227018356323242,
      0.4091329574584961,
      0.24743390083312988,
      0.0019378662109375,
      0.014800786972045898,
      0.1268291473388672,
      1.2292962074279785,
      0.04392099380493164,
      0.03587937355041504,
      0.0038709640502929688,
      0.0018982887268066406,
      0.05562591552734375,
      1.055372953414917
    ]
  },
  "test-data-file-names": [
    "bom_deep_7_5_10_5_No2",
    "bom_deep_8_4_40_15_No2",
    "bom_deep_8_5_10_5_No2",
    "bom_deep_10_5_30_15_No1",
    "bom_deep_7_3_15_5_No1",
    "bom_deep_7_5_30_15_No2",
    "bom_deep_10_3_10_5_No1",
    "bom_deep_8_3_16_4_No2",
    "bom_deep_10_3_15_5_No1",
    "bom_deep_7_3_10_5_No1",
    "bom_deep_8_5_30_15_No2",
    "bom_deep_10_5_10_5_No2",
    "bom_deep_7_4_16_4_No2",
    "bom_deep_9_4_40_15_No2",
    "bom_deep_10_5_20_5_No2",
    "bom_deep_8_3_20_5_No1",
    "bom_deep_6_5_30_15_No2",
    "bom_deep_6_5_20_10_No1",
    "bom_deep_6_3_16_4_No2",
    "bom_deep_6_4_40_15_No2",
    "bom_deep_6_5_10_5_No2",
    "bom_deep_6_5_30_10_No1",
    "bom_deep_9_5_10_5_No2",
    "bom_deep_9_3_16_4_No2",
    "bom_deep_9_5_30_15_No2",
    "bom_deep_9_5_10_5_No1",
    "bom_deep_6_5_30_10_No2",
    "bom_deep_9_3_16_4_No1",
    "bom_deep_9_5_30_15_No1",
    "bom_deep_6_3_16_4_No1",
    "bom_deep_6_4_40_15_No1",
    "bom_deep_6_5_10_5_No1",
    "bom_deep_6_5_30_15_No1",
    "bom_deep_6_5_20_10_No2",
    "bom_deep_9_4_40_15_No1",
    "bom_deep_10_5_20_5_No1",
    "bom_deep_8_3_20_5_No2",
    "bom_deep_8_5_30_15_No1",
    "bom_deep_10_5_10_5_No1",
    "bom_deep_7_4_16_4_No1",
    "bom_deep_10_3_15_5_No2",
    "bom_deep_7_3_10_5_No2",
    "bom_deep_8_5_10_5_No1",
    "bom_deep_10_5_30_15_No2",
    "bom_deep_7_3_15_5_No2",
    "bom_deep_7_5_30_15_No1",
    "bom_deep_8_3_16_4_No1",
    "bom_deep_10_3_10_5_No2",
    "bom_deep_7_5_10_5_No1",
    "bom_deep_8_4_40_15_No1"
  ]
}