{
  "agent": {
    "rew_mean": 0.0,
    "rew_std": 0.0,
    "rew_best": 0.0,
    "rew_best_count": 50,
    "rew_worst": 0.0,
    "tardiness_mean": 0.0,
    "tardiness_std": 0.0,
    "tardiness_max_mean": 0.0,
    "makespan_tests": [
      1917300,
      255018,
      3261000,
      4640700,
      1727760,
      1529800,
      88800,
      3730860,
      95056,
      734820,
      2032400,
      5084300,
      3207960,
      231368,
      116650,
      44454,
      1375000,
      673140,
      3009060,
      2330800,
      1312500,
      424220,
      2207700,
      30648600,
      1939200,
      2288300,
      1698864,
      159000,
      1961900,
      1626480,
      3615600,
      1152800,
      1288800,
      2876096,
      185302,
      9221720,
      82611,
      2053700,
      4787900,
      6090885,
      81250,
      67240,
      3304600,
      4782100,
      87340,
      1555700,
      699150,
      91200,
      1871500,
      206598
    ],
    "makespan_mean": 2489102.04,
    "rew_worst_quantile_border": 0.0,
    "rew_cvar": 0.0,
    "rew_perc_good_solutions": 1.0,
    "num_tests": 50,
    "running_time": [
      0.09601998329162598,
      1.5539577007293701,
      0.16623187065124512,
      1.5448310375213623,
      0.00507807731628418,
      0.047094106674194336,
      0.0026831626892089844,
      0.0025010108947753906,
      0.0027971267700195312,
      0.003635883331298828,
      0.036154747009277344,
      0.5447349548339844,
      0.021184921264648438,
      0.7477450370788574,
      0.006474971771240234,
      0.004768848419189453,
      0.007112026214599609,
      0.0867459774017334,
      0.01036691665649414,
      1.2869939804077148,
      0.0044040679931640625,
      0.1710801124572754,
      0.37255096435546875,
      0.10951495170593262,
      0.9046649932861328,
      0.3702390193939209,
      0.09744405746459961,
      0.00020694732666015625,
      0.8562400341033936,
      0.00616908073425293,
      2.432774782180786,
      0.004379987716674805,
      0.007126808166503906,
      0.7129001617431641,
      0.7402529716491699,
      41.89777398109436,
      0.0029311180114746094,
      0.03561687469482422,
      0.5605638027191162,
      0.33284711837768555,
      0.0026650428771972656,
      0.021745920181274414,
      0.16472792625427246,
      1.4960839748382568,
      0.062201738357543945,
      0.04567408561706543,
      0.005018711090087891,
      0.0025811195373535156,
      0.07323527336120605,
      1.2684922218322754
    ]
  },
  "test-data-file-names": [
    "bom_deep_7_5_10_5_No2",
    "bom_deep_8_4_40_15_No2",
    "bom_deep_8_5_10_5_No2",
    "bom_deep_10_5_30_15_No1",
    "bom_deep_7_3_15_5_No1",
    "bom_deep_7_5_30_15_No2",
    "bom_deep_10_3_10_5_No1",
    "bom_deep_8_3_16_4_No2",
    "bom_deep_10_3_15_5_No1",
    "bom_deep_7_3_10_5_No1",
    "bom_deep_8_5_30_15_No2",
    "bom_deep_10_5_10_5_No2",
    "bom_deep_7_4_16_4_No2",
    "bom_deep_9_4_40_15_No2",
    "bom_deep_10_5_20_5_No2",
    "bom_deep_8_3_20_5_No1",
    "bom_deep_6_5_30_15_No2",
    "bom_deep_6_5_20_10_No1",
    "bom_deep_6_3_16_4_No2",
    "bom_deep_6_4_40_15_No2",
    "bom_deep_6_5_10_5_No2",
    "bom_deep_6_5_30_10_No1",
    "bom_deep_9_5_10_5_No2",
    "bom_deep_9_3_16_4_No2",
    "bom_deep_9_5_30_15_No2",
    "bom_deep_9_5_10_5_No1",
    "bom_deep_6_5_30_10_No2",
    "bom_deep_9_3_16_4_No1",
    "bom_deep_9_5_30_15_No1",
    "bom_deep_6_3_16_4_No1",
    "bom_deep_6_4_40_15_No1",
    "bom_deep_6_5_10_5_No1",
    "bom_deep_6_5_30_15_No1",
    "bom_deep_6_5_20_10_No2",
    "bom_deep_9_4_40_15_No1",
    "bom_deep_10_5_20_5_No1",
    "bom_deep_8_3_20_5_No2",
    "bom_deep_8_5_30_15_No1",
    "bom_deep_10_5_10_5_No1",
    "bom_deep_7_4_16_4_No1",
    "bom_deep_10_3_15_5_No2",
    "bom_deep_7_3_10_5_No2",
    "bom_deep_8_5_10_5_No1",
    "bom_deep_10_5_30_15_No2",
    "bom_deep_7_3_15_5_No2",
    "bom_deep_7_5_30_15_No1",
    "bom_deep_8_3_16_4_No1",
    "bom_deep_10_3_10_5_No2",
    "bom_deep_7_5_10_5_No1",
    "bom_deep_8_4_40_15_No1"
  ]
}