{
  "agent": {
    "rew_mean": 0.0,
    "rew_std": 0.0,
    "rew_best": 0.0,
    "rew_best_count": 50,
    "rew_worst": 0.0,
    "tardiness_mean": 0.0,
    "tardiness_std": 0.0,
    "tardiness_max_mean": 0.0,
    "makespan_tests": [
      1886200,
      248162,
      3254400,
      4640700,
      1727760,
      1529800,
      88800,
      3730860,
      95056,
      661560,
      2032400,
      5084300,
      3207960,
      239824,
      116218,
      44454,
      1375000,
      673140,
      3009060,
      2330800,
      1312500,
      424220,
      2181100,
      30648600,
      1939200,
      2266500,
      1698864,
      159000,
      1961900,
      1626480,
      3605800,
      1152800,
      1288800,
      2876908,
      182110,
      9203796,
      82611,
      2053700,
      4787900,
      6090885,
      81034,
      67260,
      3299900,
      4782100,
      86380,
      1555700,
      699150,
      92840,
      1881600,
      190670
    ],
    "makespan_mean": 2485135.24,
    "rew_worst_quantile_border": 0.0,
    "rew_cvar": 0.0,
    "rew_perc_good_solutions": 1.0,
    "num_tests": 50,
    "running_time": [
      0.0377352237701416,
      1.0164847373962402,
      0.08983302116394043,
      0.9967961311340332,
      0.0027549266815185547,
      0.029138803482055664,
      0.0015952587127685547,
      0.0014607906341552734,
      0.0017209053039550781,
      0.0019021034240722656,
      0.024721860885620117,
      0.28453922271728516,
      0.010994911193847656,
      0.5320608615875244,
      0.004264354705810547,
      0.003114938735961914,
      0.0045359134674072266,
      0.049008846282958984,
      0.005651235580444336,
      0.7672350406646729,
      0.0023872852325439453,
      0.09893107414245605,
      0.1929311752319336,
      0.05905413627624512,
      0.5646650791168213,
      0.1936938762664795,
      0.05785799026489258,
      0.0001270771026611328,
      0.5634551048278809,
      0.0031909942626953125,
      1.412747859954834,
      0.002351999282836914,
      0.004563808441162109,
      0.36361002922058105,
      0.5122120380401611,
      25.242701768875122,
      0.0017440319061279297,
      0.02479410171508789,
      0.2908008098602295,
      0.1671769618988037,
      0.0016319751739501953,
      0.009330987930297852,
      0.08999395370483398,
      1.508565902709961,
      0.08490180969238281,
      0.05634903907775879,
      0.003139019012451172,
      0.0020999908447265625,
      0.06452298164367676,
      1.0025978088378906
    ]
  },
  "test-data-file-names": [
    "bom_deep_7_5_10_5_No2",
    "bom_deep_8_4_40_15_No2",
    "bom_deep_8_5_10_5_No2",
    "bom_deep_10_5_30_15_No1",
    "bom_deep_7_3_15_5_No1",
    "bom_deep_7_5_30_15_No2",
    "bom_deep_10_3_10_5_No1",
    "bom_deep_8_3_16_4_No2",
    "bom_deep_10_3_15_5_No1",
    "bom_deep_7_3_10_5_No1",
    "bom_deep_8_5_30_15_No2",
    "bom_deep_10_5_10_5_No2",
    "bom_deep_7_4_16_4_No2",
    "bom_deep_9_4_40_15_No2",
    "bom_deep_10_5_20_5_No2",
    "bom_deep_8_3_20_5_No1",
    "bom_deep_6_5_30_15_No2",
    "bom_deep_6_5_20_10_No1",
    "bom_deep_6_3_16_4_No2",
    "bom_deep_6_4_40_15_No2",
    "bom_deep_6_5_10_5_No2",
    "bom_deep_6_5_30_10_No1",
    "bom_deep_9_5_10_5_No2",
    "bom_deep_9_3_16_4_No2",
    "bom_deep_9_5_30_15_No2",
    "bom_deep_9_5_10_5_No1",
    "bom_deep_6_5_30_10_No2",
    "bom_deep_9_3_16_4_No1",
    "bom_deep_9_5_30_15_No1",
    "bom_deep_6_3_16_4_No1",
    "bom_deep_6_4_40_15_No1",
    "bom_deep_6_5_10_5_No1",
    "bom_deep_6_5_30_15_No1",
    "bom_deep_6_5_20_10_No2",
    "bom_deep_9_4_40_15_No1",
    "bom_deep_10_5_20_5_No1",
    "bom_deep_8_3_20_5_No2",
    "bom_deep_8_5_30_15_No1",
    "bom_deep_10_5_10_5_No1",
    "bom_deep_7_4_16_4_No1",
    "bom_deep_10_3_15_5_No2",
    "bom_deep_7_3_10_5_No2",
    "bom_deep_8_5_10_5_No1",
    "bom_deep_10_5_30_15_No2",
    "bom_deep_7_3_15_5_No2",
    "bom_deep_7_5_30_15_No1",
    "bom_deep_8_3_16_4_No1",
    "bom_deep_10_3_10_5_No2",
    "bom_deep_7_5_10_5_No1",
    "bom_deep_8_4_40_15_No1"
  ]
}