{
  "agent": {
    "rew_mean": 0.0,
    "rew_std": 0.0,
    "rew_best": 0.0,
    "rew_best_count": 50,
    "rew_worst": 0.0,
    "tardiness_mean": 0.0,
    "tardiness_std": 0.0,
    "tardiness_max_mean": 0.0,
    "makespan_tests": [
      1946500,
      249938,
      3327400,
      4800000,
      2782260,
      1552000,
      88800,
      3730860,
      98576,
      661560,
      2069200,
      5091500,
      3207960,
      219676,
      116965,
      44486,
      1382900,
      673140,
      3009060,
      2350400,
      1316400,
      424220,
      2238500,
      29967800,
      1969800,
      2280700,
      1701768,
      159000,
      1977500,
      1626480,
      3669400,
      1201400,
      1311000,
      2914440,
      177050,
      9184197,
      82731,
      2072900,
      4881500,
      6360525,
      81050,
      67720,
      3355100,
      4892800,
      88880,
      1573700,
      699150,
      91200,
      1960300,
      190298
    ],
    "makespan_mean": 2518413.8,
    "rew_worst_quantile_border": 0.0,
    "rew_cvar": 0.0,
    "rew_perc_good_solutions": 1.0,
    "num_tests": 50,
    "running_time": [
      0.04549884796142578,
      1.1212189197540283,
      0.10201025009155273,
      1.075659990310669,
      0.0031011104583740234,
      0.0312650203704834,
      0.0016770362854003906,
      0.0015728473663330078,
      0.001795053482055664,
      0.002131223678588867,
      0.025822877883911133,
      0.3350710868835449,
      0.012907028198242188,
      0.562371015548706,
      0.0043718814849853516,
      0.003129720687866211,
      0.004695892333984375,
      0.05532979965209961,
      0.006611824035644531,
      0.8629193305969238,
      0.0026121139526367188,
      0.11026501655578613,
      0.2346358299255371,
      0.0708920955657959,
      0.6129138469696045,
      0.22652578353881836,
      0.06527304649353027,
      0.000125885009765625,
      0.6232092380523682,
      0.0037908554077148438,
      1.6324491500854492,
      0.003381967544555664,
      0.004728078842163086,
      0.5530581474304199,
      0.7227718830108643,
      27.94454312324524,
      0.0018110275268554688,
      0.025331974029541016,
      0.3522219657897949,
      0.2067117691040039,
      0.0016798973083496094,
      0.011852025985717773,
      0.10262298583984375,
      1.089332103729248,
      0.03426694869995117,
      0.03069019317626953,
      0.003134012222290039,
      0.0016121864318847656,
      0.0424959659576416,
      0.9242823123931885
    ]
  },
  "test-data-file-names": [
    "bom_deep_7_5_10_5_No2",
    "bom_deep_8_4_40_15_No2",
    "bom_deep_8_5_10_5_No2",
    "bom_deep_10_5_30_15_No1",
    "bom_deep_7_3_15_5_No1",
    "bom_deep_7_5_30_15_No2",
    "bom_deep_10_3_10_5_No1",
    "bom_deep_8_3_16_4_No2",
    "bom_deep_10_3_15_5_No1",
    "bom_deep_7_3_10_5_No1",
    "bom_deep_8_5_30_15_No2",
    "bom_deep_10_5_10_5_No2",
    "bom_deep_7_4_16_4_No2",
    "bom_deep_9_4_40_15_No2",
    "bom_deep_10_5_20_5_No2",
    "bom_deep_8_3_20_5_No1",
    "bom_deep_6_5_30_15_No2",
    "bom_deep_6_5_20_10_No1",
    "bom_deep_6_3_16_4_No2",
    "bom_deep_6_4_40_15_No2",
    "bom_deep_6_5_10_5_No2",
    "bom_deep_6_5_30_10_No1",
    "bom_deep_9_5_10_5_No2",
    "bom_deep_9_3_16_4_No2",
    "bom_deep_9_5_30_15_No2",
    "bom_deep_9_5_10_5_No1",
    "bom_deep_6_5_30_10_No2",
    "bom_deep_9_3_16_4_No1",
    "bom_deep_9_5_30_15_No1",
    "bom_deep_6_3_16_4_No1",
    "bom_deep_6_4_40_15_No1",
    "bom_deep_6_5_10_5_No1",
    "bom_deep_6_5_30_15_No1",
    "bom_deep_6_5_20_10_No2",
    "bom_deep_9_4_40_15_No1",
    "bom_deep_10_5_20_5_No1",
    "bom_deep_8_3_20_5_No2",
    "bom_deep_8_5_30_15_No1",
    "bom_deep_10_5_10_5_No1",
    "bom_deep_7_4_16_4_No1",
    "bom_deep_10_3_15_5_No2",
    "bom_deep_7_3_10_5_No2",
    "bom_deep_8_5_10_5_No1",
    "bom_deep_10_5_30_15_No2",
    "bom_deep_7_3_15_5_No2",
    "bom_deep_7_5_30_15_No1",
    "bom_deep_8_3_16_4_No1",
    "bom_deep_10_3_10_5_No2",
    "bom_deep_7_5_10_5_No1",
    "bom_deep_8_4_40_15_No1"
  ]
}