{
  "agent": {
    "rew_mean": 0.0,
    "rew_std": 0.0,
    "rew_best": 0.0,
    "rew_best_count": 50,
    "rew_worst": 0.0,
    "tardiness_mean": 0.0,
    "tardiness_std": 0.0,
    "tardiness_max_mean": 0.0,
    "makespan_tests": [
      1877700,
      252238,
      3262300,
      4640700,
      1727760,
      1537000,
      88800,
      3730860,
      95056,
      661560,
      2032400,
      5084300,
      3207960,
      221862,
      116218,
      44454,
      1375000,
      673140,
      3009060,
      2340400,
      1312500,
      424220,
      2185700,
      30284280,
      1939200,
      2259300,
      1698864,
      159000,
      1961900,
      1626480,
      3615600,
      1152800,
      1288800,
      2880416,
      183802,
      9202676,
      82611,
      2053700,
      4787900,
      6094935,
      81250,
      66840,
      3293200,
      4782100,
      86180,
      1555700,
      699150,
      91200,
      1895800,
      193430
    ],
    "makespan_mean": 2478366.04,
    "rew_worst_quantile_border": 0.0,
    "rew_cvar": 0.0,
    "rew_perc_good_solutions": 1.0,
    "num_tests": 50,
    "running_time": [
      0.164902925491333,
      2.713416337966919,
      0.3522629737854004,
      2.836246967315674,
      0.00947713851928711,
      0.08416104316711426,
      0.004522085189819336,
      0.004444122314453125,
      0.004606008529663086,
      0.007153034210205078,
      0.057383060455322266,
      1.188270092010498,
      0.04414224624633789,
      1.2263538837432861,
      0.010516881942749023,
      0.008479833602905273,
      0.011452913284301758,
      0.1690959930419922,
      0.02084207534790039,
      2.584977149963379,
      0.008444070816040039,
      0.3415360450744629,
      0.810776948928833,
      0.2210681438446045,
      1.5594489574432373,
      0.7848639488220215,
      0.21329808235168457,
      0.00029587745666503906,
      1.5731000900268555,
      0.013471126556396484,
      4.729012966156006,
      0.008775949478149414,
      0.011152982711791992,
      1.5661969184875488,
      1.236210823059082,
      89.97802090644836,
      0.004750251770019531,
      0.05533409118652344,
      1.1437828540802002,
      0.7232511043548584,
      0.004228115081787109,
      0.04735898971557617,
      0.3504152297973633,
      2.603721857070923,
      0.14583301544189453,
      0.07871294021606445,
      0.010164976119995117,
      0.004500865936279297,
      0.17032885551452637,
      2.23899507522583
    ]
  },
  "test-data-file-names": [
    "bom_deep_7_5_10_5_No2",
    "bom_deep_8_4_40_15_No2",
    "bom_deep_8_5_10_5_No2",
    "bom_deep_10_5_30_15_No1",
    "bom_deep_7_3_15_5_No1",
    "bom_deep_7_5_30_15_No2",
    "bom_deep_10_3_10_5_No1",
    "bom_deep_8_3_16_4_No2",
    "bom_deep_10_3_15_5_No1",
    "bom_deep_7_3_10_5_No1",
    "bom_deep_8_5_30_15_No2",
    "bom_deep_10_5_10_5_No2",
    "bom_deep_7_4_16_4_No2",
    "bom_deep_9_4_40_15_No2",
    "bom_deep_10_5_20_5_No2",
    "bom_deep_8_3_20_5_No1",
    "bom_deep_6_5_30_15_No2",
    "bom_deep_6_5_20_10_No1",
    "bom_deep_6_3_16_4_No2",
    "bom_deep_6_4_40_15_No2",
    "bom_deep_6_5_10_5_No2",
    "bom_deep_6_5_30_10_No1",
    "bom_deep_9_5_10_5_No2",
    "bom_deep_9_3_16_4_No2",
    "bom_deep_9_5_30_15_No2",
    "bom_deep_9_5_10_5_No1",
    "bom_deep_6_5_30_10_No2",
    "bom_deep_9_3_16_4_No1",
    "bom_deep_9_5_30_15_No1",
    "bom_deep_6_3_16_4_No1",
    "bom_deep_6_4_40_15_No1",
    "bom_deep_6_5_10_5_No1",
    "bom_deep_6_5_30_15_No1",
    "bom_deep_6_5_20_10_No2",
    "bom_deep_9_4_40_15_No1",
    "bom_deep_10_5_20_5_No1",
    "bom_deep_8_3_20_5_No2",
    "bom_deep_8_5_30_15_No1",
    "bom_deep_10_5_10_5_No1",
    "bom_deep_7_4_16_4_No1",
    "bom_deep_10_3_15_5_No2",
    "bom_deep_7_3_10_5_No2",
    "bom_deep_8_5_10_5_No1",
    "bom_deep_10_5_30_15_No2",
    "bom_deep_7_3_15_5_No2",
    "bom_deep_7_5_30_15_No1",
    "bom_deep_8_3_16_4_No1",
    "bom_deep_10_3_10_5_No2",
    "bom_deep_7_5_10_5_No1",
    "bom_deep_8_4_40_15_No1"
  ]
}