{
  "agent": {
    "rew_mean": 0.0,
    "rew_std": 0.0,
    "rew_best": 0.0,
    "rew_best_count": 50,
    "rew_worst": 0.0,
    "tardiness_mean": 0.0,
    "tardiness_std": 0.0,
    "tardiness_max_mean": 0.0,
    "makespan_tests": [
      2118300,
      253526,
      3276500,
      4640700,
      1727760,
      1537000,
      88800,
      3730860,
      95056,
      757560,
      2032400,
      5084300,
      3207960,
      220932,
      116218,
      44454,
      1375000,
      673140,
      3009060,
      2330800,
      1312500,
      424220,
      2206900,
      30648600,
      1939200,
      2285100,
      1698864,
      159000,
      1961900,
      1626480,
      3684600,
      1152800,
      1288800,
      2875820,
      188930,
      9210734,
      82611,
      2053700,
      4787900,
      6096240,
      81250,
      69340,
      3301500,
      4782100,
      86380,
      1555700,
      699150,
      91200,
      2022700,
      197766
    ],
    "makespan_mean": 2497846.22,
    "rew_worst_quantile_border": 0.0,
    "rew_cvar": 0.0,
    "rew_perc_good_solutions": 1.0,
    "num_tests": 50,
    "running_time": [
      0.03951907157897949,
      1.0161499977111816,
      0.09379982948303223,
      1.1598780155181885,
      0.003081083297729492,
      0.03963494300842285,
      0.002780914306640625,
      0.0020949840545654297,
      0.002130270004272461,
      0.002128124237060547,
      0.033478736877441406,
      0.38260984420776367,
      0.012614965438842773,
      0.6006159782409668,
      0.0043032169342041016,
      0.003091096878051758,
      0.0047092437744140625,
      0.05174589157104492,
      0.006050825119018555,
      0.7934398651123047,
      0.002476930618286133,
      0.10332798957824707,
      0.20797300338745117,
      0.06380677223205566,
      0.5908758640289307,
      0.2140648365020752,
      0.0638890266418457,
      0.0001327991485595703,
      0.5836429595947266,
      0.0036077499389648438,
      1.483652114868164,
      0.002474069595336914,
      0.004652976989746094,
      0.3833019733428955,
      0.5313467979431152,
      25.597445249557495,
      0.0018329620361328125,
      0.025936126708984375,
      0.3095240592956543,
      0.18191218376159668,
      0.0017347335815429688,
      0.010385990142822266,
      0.09487509727478027,
      1.041043996810913,
      0.0302431583404541,
      0.030392885208129883,
      0.003017902374267578,
      0.0015838146209716797,
      0.03883481025695801,
      0.9563100337982178
    ]
  },
  "test-data-file-names": [
    "bom_deep_7_5_10_5_No2",
    "bom_deep_8_4_40_15_No2",
    "bom_deep_8_5_10_5_No2",
    "bom_deep_10_5_30_15_No1",
    "bom_deep_7_3_15_5_No1",
    "bom_deep_7_5_30_15_No2",
    "bom_deep_10_3_10_5_No1",
    "bom_deep_8_3_16_4_No2",
    "bom_deep_10_3_15_5_No1",
    "bom_deep_7_3_10_5_No1",
    "bom_deep_8_5_30_15_No2",
    "bom_deep_10_5_10_5_No2",
    "bom_deep_7_4_16_4_No2",
    "bom_deep_9_4_40_15_No2",
    "bom_deep_10_5_20_5_No2",
    "bom_deep_8_3_20_5_No1",
    "bom_deep_6_5_30_15_No2",
    "bom_deep_6_5_20_10_No1",
    "bom_deep_6_3_16_4_No2",
    "bom_deep_6_4_40_15_No2",
    "bom_deep_6_5_10_5_No2",
    "bom_deep_6_5_30_10_No1",
    "bom_deep_9_5_10_5_No2",
    "bom_deep_9_3_16_4_No2",
    "bom_deep_9_5_30_15_No2",
    "bom_deep_9_5_10_5_No1",
    "bom_deep_6_5_30_10_No2",
    "bom_deep_9_3_16_4_No1",
    "bom_deep_9_5_30_15_No1",
    "bom_deep_6_3_16_4_No1",
    "bom_deep_6_4_40_15_No1",
    "bom_deep_6_5_10_5_No1",
    "bom_deep_6_5_30_15_No1",
    "bom_deep_6_5_20_10_No2",
    "bom_deep_9_4_40_15_No1",
    "bom_deep_10_5_20_5_No1",
    "bom_deep_8_3_20_5_No2",
    "bom_deep_8_5_30_15_No1",
    "bom_deep_10_5_10_5_No1",
    "bom_deep_7_4_16_4_No1",
    "bom_deep_10_3_15_5_No2",
    "bom_deep_7_3_10_5_No2",
    "bom_deep_8_5_10_5_No1",
    "bom_deep_10_5_30_15_No2",
    "bom_deep_7_3_15_5_No2",
    "bom_deep_7_5_30_15_No1",
    "bom_deep_8_3_16_4_No1",
    "bom_deep_10_3_10_5_No2",
    "bom_deep_7_5_10_5_No1",
    "bom_deep_8_4_40_15_No1"
  ]
}