{
  "agent": {
    "rew_mean": 0.0,
    "rew_std": 0.0,
    "rew_best": 0.0,
    "rew_best_count": 50,
    "rew_worst": 0.0,
    "tardiness_mean": 0.0,
    "tardiness_std": 0.0,
    "tardiness_max_mean": 0.0,
    "makespan_tests": [
      1949800,
      253718,
      3330100,
      4640700,
      1727760,
      1529800,
      88800,
      3730860,
      95056,
      661560,
      2032400,
      5084300,
      3207960,
      233812,
      116650,
      44454,
      1375000,
      673140,
      3009060,
      2330800,
      1312500,
      461480,
      2220700,
      30284280,
      1939200,
      2299800,
      1698864,
      159000,
      1961900,
      1626480,
      3640000,
      1152800,
      1288800,
      2886384,
      182366,
      9201818,
      82611,
      2053700,
      4787900,
      6090885,
      81034,
      66860,
      3359800,
      4782100,
      88920,
      1555700,
      699150,
      91200,
      1951600,
      192426
    ],
    "makespan_mean": 2486319.76,
    "rew_worst_quantile_border": 0.0,
    "rew_cvar": 0.0,
    "rew_perc_good_solutions": 1.0,
    "num_tests": 50,
    "running_time": [
      0.03411602973937988,
      0.9202518463134766,
      0.08024024963378906,
      0.9321351051330566,
      0.0025691986083984375,
      0.027640819549560547,
      0.0015079975128173828,
      0.0013828277587890625,
      0.001628875732421875,
      0.0017921924591064453,
      0.024064064025878906,
      0.25861120223999023,
      0.009938955307006836,
      0.4859929084777832,
      0.004108905792236328,
      0.002741098403930664,
      0.004567146301269531,
      0.046315908432006836,
      0.005300998687744141,
      0.7142171859741211,
      0.002177000045776367,
      0.09211969375610352,
      0.1764979362487793,
      0.05473589897155762,
      0.5284500122070312,
      0.17543816566467285,
      0.05221676826477051,
      0.00011897087097167969,
      0.5240411758422852,
      0.002969026565551758,
      1.2966430187225342,
      0.002126932144165039,
      0.004366159439086914,
      0.35727715492248535,
      0.5511119365692139,
      23.550141096115112,
      0.0016701221466064453,
      0.023880958557128906,
      0.2602386474609375,
      0.14908599853515625,
      0.0015707015991210938,
      0.008213043212890625,
      0.0803980827331543,
      0.9413387775421143,
      0.025409936904907227,
      0.028309106826782227,
      0.002920866012573242,
      0.001529693603515625,
      0.03367805480957031,
      0.8949401378631592
    ]
  },
  "test-data-file-names": [
    "bom_deep_7_5_10_5_No2",
    "bom_deep_8_4_40_15_No2",
    "bom_deep_8_5_10_5_No2",
    "bom_deep_10_5_30_15_No1",
    "bom_deep_7_3_15_5_No1",
    "bom_deep_7_5_30_15_No2",
    "bom_deep_10_3_10_5_No1",
    "bom_deep_8_3_16_4_No2",
    "bom_deep_10_3_15_5_No1",
    "bom_deep_7_3_10_5_No1",
    "bom_deep_8_5_30_15_No2",
    "bom_deep_10_5_10_5_No2",
    "bom_deep_7_4_16_4_No2",
    "bom_deep_9_4_40_15_No2",
    "bom_deep_10_5_20_5_No2",
    "bom_deep_8_3_20_5_No1",
    "bom_deep_6_5_30_15_No2",
    "bom_deep_6_5_20_10_No1",
    "bom_deep_6_3_16_4_No2",
    "bom_deep_6_4_40_15_No2",
    "bom_deep_6_5_10_5_No2",
    "bom_deep_6_5_30_10_No1",
    "bom_deep_9_5_10_5_No2",
    "bom_deep_9_3_16_4_No2",
    "bom_deep_9_5_30_15_No2",
    "bom_deep_9_5_10_5_No1",
    "bom_deep_6_5_30_10_No2",
    "bom_deep_9_3_16_4_No1",
    "bom_deep_9_5_30_15_No1",
    "bom_deep_6_3_16_4_No1",
    "bom_deep_6_4_40_15_No1",
    "bom_deep_6_5_10_5_No1",
    "bom_deep_6_5_30_15_No1",
    "bom_deep_6_5_20_10_No2",
    "bom_deep_9_4_40_15_No1",
    "bom_deep_10_5_20_5_No1",
    "bom_deep_8_3_20_5_No2",
    "bom_deep_8_5_30_15_No1",
    "bom_deep_10_5_10_5_No1",
    "bom_deep_7_4_16_4_No1",
    "bom_deep_10_3_15_5_No2",
    "bom_deep_7_3_10_5_No2",
    "bom_deep_8_5_10_5_No1",
    "bom_deep_10_5_30_15_No2",
    "bom_deep_7_3_15_5_No2",
    "bom_deep_7_5_30_15_No1",
    "bom_deep_8_3_16_4_No1",
    "bom_deep_10_3_10_5_No2",
    "bom_deep_7_5_10_5_No1",
    "bom_deep_8_4_40_15_No1"
  ]
}