{
  "agent": {
    "rew_mean": 0.0,
    "rew_std": 0.0,
    "rew_best": 0.0,
    "rew_best_count": 50,
    "rew_worst": 0.0,
    "tardiness_mean": 0.0,
    "tardiness_std": 0.0,
    "tardiness_max_mean": 0.0,
    "makespan_tests": [
      1910700,
      244934,
      3261000,
      4656900,
      2126160,
      1537000,
      88800,
      3730860,
      95056,
      661560,
      2032400,
      5114900,
      3207960,
      218620,
      116218,
      44454,
      1375000,
      673140,
      2294460,
      2399800,
      1312500,
      424220,
      2178700,
      32385780,
      1939200,
      2264600,
      1698864,
      159000,
      1961900,
      1626480,
      3659600,
      1379600,
      1288800,
      2878684,
      177422,
      9190221,
      89619,
      2064500,
      4856300,
      6096240,
      81250,
      66840,
      3293100,
      4832500,
      88640,
      1571900,
      699150,
      91200,
      1957600,
      184786
    ],
    "makespan_mean": 2525782.36,
    "rew_worst_quantile_border": 0.0,
    "rew_cvar": 0.0,
    "rew_perc_good_solutions": 1.0,
    "num_tests": 50,
    "running_time": [
      0.08351898193359375,
      1.6288797855377197,
      0.18249201774597168,
      1.5698680877685547,
      0.005504131317138672,
      0.04661297798156738,
      0.0026302337646484375,
      0.0024077892303466797,
      0.0027740001678466797,
      0.003749847412109375,
      0.036911964416503906,
      0.6201400756835938,
      0.024103879928588867,
      0.9277842044830322,
      0.0073201656341552734,
      0.005641937255859375,
      0.008242130279541016,
      0.1009359359741211,
      0.012527704238891602,
      1.4847228527069092,
      0.00481104850769043,
      0.18520426750183105,
      0.4095149040222168,
      0.11594605445861816,
      0.8905642032623291,
      0.4176661968231201,
      0.10318803787231445,
      0.00019502639770507812,
      0.8917067050933838,
      0.006623983383178711,
      2.6238582134246826,
      0.00445866584777832,
      0.0069468021392822266,
      0.7559859752655029,
      0.7828691005706787,
      48.393609046936035,
      0.0028176307678222656,
      0.0360720157623291,
      0.5998127460479736,
      0.36702799797058105,
      0.002607107162475586,
      0.024155855178833008,
      0.18094086647033691,
      1.5488739013671875,
      0.07133913040161133,
      0.04638314247131348,
      0.00529789924621582,
      0.0024971961975097656,
      0.08219385147094727,
      1.3508121967315674
    ]
  },
  "test-data-file-names": [
    "bom_deep_7_5_10_5_No2",
    "bom_deep_8_4_40_15_No2",
    "bom_deep_8_5_10_5_No2",
    "bom_deep_10_5_30_15_No1",
    "bom_deep_7_3_15_5_No1",
    "bom_deep_7_5_30_15_No2",
    "bom_deep_10_3_10_5_No1",
    "bom_deep_8_3_16_4_No2",
    "bom_deep_10_3_15_5_No1",
    "bom_deep_7_3_10_5_No1",
    "bom_deep_8_5_30_15_No2",
    "bom_deep_10_5_10_5_No2",
    "bom_deep_7_4_16_4_No2",
    "bom_deep_9_4_40_15_No2",
    "bom_deep_10_5_20_5_No2",
    "bom_deep_8_3_20_5_No1",
    "bom_deep_6_5_30_15_No2",
    "bom_deep_6_5_20_10_No1",
    "bom_deep_6_3_16_4_No2",
    "bom_deep_6_4_40_15_No2",
    "bom_deep_6_5_10_5_No2",
    "bom_deep_6_5_30_10_No1",
    "bom_deep_9_5_10_5_No2",
    "bom_deep_9_3_16_4_No2",
    "bom_deep_9_5_30_15_No2",
    "bom_deep_9_5_10_5_No1",
    "bom_deep_6_5_30_10_No2",
    "bom_deep_9_3_16_4_No1",
    "bom_deep_9_5_30_15_No1",
    "bom_deep_6_3_16_4_No1",
    "bom_deep_6_4_40_15_No1",
    "bom_deep_6_5_10_5_No1",
    "bom_deep_6_5_30_15_No1",
    "bom_deep_6_5_20_10_No2",
    "bom_deep_9_4_40_15_No1",
    "bom_deep_10_5_20_5_No1",
    "bom_deep_8_3_20_5_No2",
    "bom_deep_8_5_30_15_No1",
    "bom_deep_10_5_10_5_No1",
    "bom_deep_7_4_16_4_No1",
    "bom_deep_10_3_15_5_No2",
    "bom_deep_7_3_10_5_No2",
    "bom_deep_8_5_10_5_No1",
    "bom_deep_10_5_30_15_No2",
    "bom_deep_7_3_15_5_No2",
    "bom_deep_7_5_30_15_No1",
    "bom_deep_8_3_16_4_No1",
    "bom_deep_10_3_10_5_No2",
    "bom_deep_7_5_10_5_No1",
    "bom_deep_8_4_40_15_No1"
  ]
}