{
  "agent": {
    "rew_mean": 0.0,
    "rew_std": 0.0,
    "rew_best": 0.0,
    "rew_best_count": 50,
    "rew_worst": 0.0,
    "tardiness_mean": 0.0,
    "tardiness_std": 0.0,
    "tardiness_max_mean": 0.0,
    "makespan_tests": [
      2093400,
      254090,
      3282500,
      4640700,
      1727760,
      1537000,
      88800,
      3730860,
      95056,
      661560,
      2032400,
      5094600,
      3207960,
      218620,
      116218,
      44454,
      1375000,
      673140,
      3009060,
      2340400,
      1312500,
      424220,
      2206900,
      29967800,
      1945500,
      2290500,
      1698864,
      159000,
      1961900,
      1626480,
      3681800,
      1152800,
      1288800,
      2883980,
      177726,
      9210372,
      82611,
      2053700,
      4787900,
      6091020,
      81250,
      71200,
      3302600,
      4782100,
      93820,
      1555700,
      699150,
      91200,
      2076300,
      193930
    ],
    "makespan_mean": 2483504.02,
    "rew_worst_quantile_border": 0.0,
    "rew_cvar": 0.0,
    "rew_perc_good_solutions": 1.0,
    "num_tests": 50,
    "running_time": [
      0.05736398696899414,
      1.3073759078979492,
      0.13464808464050293,
      1.3799118995666504,
      0.0038890838623046875,
      0.03823089599609375,
      0.002006053924560547,
      0.0018711090087890625,
      0.002104043960571289,
      0.0026640892028808594,
      0.029539108276367188,
      0.45415425300598145,
      0.017266035079956055,
      0.654304027557373,
      0.005176067352294922,
      0.0040149688720703125,
      0.005724906921386719,
      0.07110476493835449,
      0.008590936660766602,
      1.0963661670684814,
      0.0034241676330566406,
      0.14464402198791504,
      0.311053991317749,
      0.08986401557922363,
      0.7346770763397217,
      0.29628491401672363,
      0.07848596572875977,
      0.00015115737915039062,
      0.7372989654541016,
      0.004887819290161133,
      2.103870391845703,
      0.0033159255981445312,
      0.0059757232666015625,
      0.5490868091583252,
      0.6556699275970459,
      36.406944036483765,
      0.0021698474884033203,
      0.029644012451171875,
      0.43126678466796875,
      0.26471710205078125,
      0.0020189285278320312,
      0.016118764877319336,
      0.13843464851379395,
      1.2711801528930664,
      0.04698801040649414,
      0.03913426399230957,
      0.0038251876831054688,
      0.0021598339080810547,
      0.061025142669677734,
      1.1260569095611572
    ]
  },
  "test-data-file-names": [
    "bom_deep_7_5_10_5_No2",
    "bom_deep_8_4_40_15_No2",
    "bom_deep_8_5_10_5_No2",
    "bom_deep_10_5_30_15_No1",
    "bom_deep_7_3_15_5_No1",
    "bom_deep_7_5_30_15_No2",
    "bom_deep_10_3_10_5_No1",
    "bom_deep_8_3_16_4_No2",
    "bom_deep_10_3_15_5_No1",
    "bom_deep_7_3_10_5_No1",
    "bom_deep_8_5_30_15_No2",
    "bom_deep_10_5_10_5_No2",
    "bom_deep_7_4_16_4_No2",
    "bom_deep_9_4_40_15_No2",
    "bom_deep_10_5_20_5_No2",
    "bom_deep_8_3_20_5_No1",
    "bom_deep_6_5_30_15_No2",
    "bom_deep_6_5_20_10_No1",
    "bom_deep_6_3_16_4_No2",
    "bom_deep_6_4_40_15_No2",
    "bom_deep_6_5_10_5_No2",
    "bom_deep_6_5_30_10_No1",
    "bom_deep_9_5_10_5_No2",
    "bom_deep_9_3_16_4_No2",
    "bom_deep_9_5_30_15_No2",
    "bom_deep_9_5_10_5_No1",
    "bom_deep_6_5_30_10_No2",
    "bom_deep_9_3_16_4_No1",
    "bom_deep_9_5_30_15_No1",
    "bom_deep_6_3_16_4_No1",
    "bom_deep_6_4_40_15_No1",
    "bom_deep_6_5_10_5_No1",
    "bom_deep_6_5_30_15_No1",
    "bom_deep_6_5_20_10_No2",
    "bom_deep_9_4_40_15_No1",
    "bom_deep_10_5_20_5_No1",
    "bom_deep_8_3_20_5_No2",
    "bom_deep_8_5_30_15_No1",
    "bom_deep_10_5_10_5_No1",
    "bom_deep_7_4_16_4_No1",
    "bom_deep_10_3_15_5_No2",
    "bom_deep_7_3_10_5_No2",
    "bom_deep_8_5_10_5_No1",
    "bom_deep_10_5_30_15_No2",
    "bom_deep_7_3_15_5_No2",
    "bom_deep_7_5_30_15_No1",
    "bom_deep_8_3_16_4_No1",
    "bom_deep_10_3_10_5_No2",
    "bom_deep_7_5_10_5_No1",
    "bom_deep_8_4_40_15_No1"
  ]
}