{
  "agent": {
    "rew_mean": 0.0,
    "rew_std": 0.0,
    "rew_best": 0.0,
    "rew_best_count": 50,
    "rew_worst": 0.0,
    "tardiness_mean": 0.0,
    "tardiness_std": 0.0,
    "tardiness_max_mean": 0.0,
    "makespan_tests": [
      1896900,
      259162,
      3271800,
      4656900,
      1727760,
      1537000,
      88800,
      3730860,
      95056,
      734820,
      2032400,
      5084300,
      3207960,
      231368,
      116650,
      44454,
      1375000,
      673140,
      3009060,
      2330800,
      1312500,
      424220,
      2202200,
      30648600,
      1939200,
      2290600,
      1698864,
      159000,
      1961900,
      1626480,
      3645200,
      1152800,
      1288800,
      2880720,
      186760,
      9225143,
      82611,
      2053700,
      4787900,
      6090885,
      81250,
      68460,
      3315400,
      4782100,
      87580,
      1555700,
      699150,
      91200,
      1900800,
      207730
    ],
    "makespan_mean": 2491032.86,
    "rew_worst_quantile_border": 0.0,
    "rew_cvar": 0.0,
    "rew_perc_good_solutions": 1.0,
    "num_tests": 50,
    "running_time": [
      0.03517508506774902,
      0.9685602188110352,
      0.08438611030578613,
      0.9805688858032227,
      0.002643108367919922,
      0.029135942459106445,
      0.0015189647674560547,
      0.0014100074768066406,
      0.0016570091247558594,
      0.0018351078033447266,
      0.024081707000732422,
      0.2705090045928955,
      0.010504961013793945,
      0.50872802734375,
      0.003965854644775391,
      0.002726316452026367,
      0.004338979721069336,
      0.04686784744262695,
      0.005335092544555664,
      0.7382152080535889,
      0.0022063255310058594,
      0.09546613693237305,
      0.18616127967834473,
      0.05763816833496094,
      0.5558199882507324,
      0.1866161823272705,
      0.05531811714172363,
      0.00011801719665527344,
      0.5549676418304443,
      0.0030426979064941406,
      1.351651668548584,
      0.002215147018432617,
      0.004360198974609375,
      0.34228014945983887,
      0.5081930160522461,
      24.787790060043335,
      0.0016868114471435547,
      0.024219989776611328,
      0.27077698707580566,
      0.1562519073486328,
      0.0015611648559570312,
      0.008735895156860352,
      0.08312129974365234,
      0.9770359992980957,
      0.02527904510498047,
      0.028572797775268555,
      0.0027191638946533203,
      0.0014801025390625,
      0.0340573787689209,
      0.8372499942779541
    ]
  },
  "test-data-file-names": [
    "bom_deep_7_5_10_5_No2",
    "bom_deep_8_4_40_15_No2",
    "bom_deep_8_5_10_5_No2",
    "bom_deep_10_5_30_15_No1",
    "bom_deep_7_3_15_5_No1",
    "bom_deep_7_5_30_15_No2",
    "bom_deep_10_3_10_5_No1",
    "bom_deep_8_3_16_4_No2",
    "bom_deep_10_3_15_5_No1",
    "bom_deep_7_3_10_5_No1",
    "bom_deep_8_5_30_15_No2",
    "bom_deep_10_5_10_5_No2",
    "bom_deep_7_4_16_4_No2",
    "bom_deep_9_4_40_15_No2",
    "bom_deep_10_5_20_5_No2",
    "bom_deep_8_3_20_5_No1",
    "bom_deep_6_5_30_15_No2",
    "bom_deep_6_5_20_10_No1",
    "bom_deep_6_3_16_4_No2",
    "bom_deep_6_4_40_15_No2",
    "bom_deep_6_5_10_5_No2",
    "bom_deep_6_5_30_10_No1",
    "bom_deep_9_5_10_5_No2",
    "bom_deep_9_3_16_4_No2",
    "bom_deep_9_5_30_15_No2",
    "bom_deep_9_5_10_5_No1",
    "bom_deep_6_5_30_10_No2",
    "bom_deep_9_3_16_4_No1",
    "bom_deep_9_5_30_15_No1",
    "bom_deep_6_3_16_4_No1",
    "bom_deep_6_4_40_15_No1",
    "bom_deep_6_5_10_5_No1",
    "bom_deep_6_5_30_15_No1",
    "bom_deep_6_5_20_10_No2",
    "bom_deep_9_4_40_15_No1",
    "bom_deep_10_5_20_5_No1",
    "bom_deep_8_3_20_5_No2",
    "bom_deep_8_5_30_15_No1",
    "bom_deep_10_5_10_5_No1",
    "bom_deep_7_4_16_4_No1",
    "bom_deep_10_3_15_5_No2",
    "bom_deep_7_3_10_5_No2",
    "bom_deep_8_5_10_5_No1",
    "bom_deep_10_5_30_15_No2",
    "bom_deep_7_3_15_5_No2",
    "bom_deep_7_5_30_15_No1",
    "bom_deep_8_3_16_4_No1",
    "bom_deep_10_3_10_5_No2",
    "bom_deep_7_5_10_5_No1",
    "bom_deep_8_4_40_15_No1"
  ]
}