{
  "agent": {
    "rew_mean": 0.0,
    "rew_std": 0.0,
    "rew_best": 0.0,
    "rew_best_count": 50,
    "rew_worst": 0.0,
    "tardiness_mean": 0.0,
    "tardiness_std": 0.0,
    "tardiness_max_mean": 0.0,
    "makespan_tests": [
      1910700,
      244934,
      3261000,
      4656900,
      2126160,
      1537000,
      88800,
      3730860,
      95056,
      661560,
      2032400,
      5114900,
      3207960,
      218620,
      116218,
      44454,
      1375000,
      673140,
      2294460,
      2399800,
      1312500,
      424220,
      2178700,
      32385780,
      1939200,
      2264600,
      1698864,
      159000,
      1961900,
      1626480,
      3659600,
      1379600,
      1288800,
      2878684,
      177422,
      9190221,
      89619,
      2064500,
      4856300,
      6096240,
      81250,
      66840,
      3293100,
      4832500,
      88640,
      1571900,
      699150,
      91200,
      1957600,
      184786
    ],
    "makespan_mean": 2525782.36,
    "rew_worst_quantile_border": 0.0,
    "rew_cvar": 0.0,
    "rew_perc_good_solutions": 1.0,
    "num_tests": 50,
    "running_time": [
      0.03928089141845703,
      1.0204401016235352,
      0.09077787399291992,
      0.9905819892883301,
      0.0028281211853027344,
      0.028862953186035156,
      0.0015451908111572266,
      0.0014257431030273438,
      0.0016689300537109375,
      0.0019001960754394531,
      0.024337053298950195,
      0.2963221073150635,
      0.011414051055908203,
      0.5248022079467773,
      0.004004001617431641,
      0.0028340816497802734,
      0.004287004470825195,
      0.048660993576049805,
      0.005735158920288086,
      0.786750316619873,
      0.002321958541870117,
      0.09974193572998047,
      0.202286958694458,
      0.06262779235839844,
      0.5607659816741943,
      0.1999349594116211,
      0.057543039321899414,
      0.00011801719665527344,
      0.5596849918365479,
      0.0033330917358398438,
      1.4109258651733398,
      0.00226593017578125,
      0.0042650699615478516,
      0.3712940216064453,
      0.5160980224609375,
      23.28265619277954,
      0.0017821788787841797,
      0.024528980255126953,
      0.2983369827270508,
      0.17223596572875977,
      0.0020308494567871094,
      0.010249137878417969,
      0.13036417961120605,
      1.0053532123565674,
      0.029060840606689453,
      0.028869152069091797,
      0.002858877182006836,
      0.0014960765838623047,
      0.03816699981689453,
      0.8514621257781982
    ]
  },
  "test-data-file-names": [
    "bom_deep_7_5_10_5_No2",
    "bom_deep_8_4_40_15_No2",
    "bom_deep_8_5_10_5_No2",
    "bom_deep_10_5_30_15_No1",
    "bom_deep_7_3_15_5_No1",
    "bom_deep_7_5_30_15_No2",
    "bom_deep_10_3_10_5_No1",
    "bom_deep_8_3_16_4_No2",
    "bom_deep_10_3_15_5_No1",
    "bom_deep_7_3_10_5_No1",
    "bom_deep_8_5_30_15_No2",
    "bom_deep_10_5_10_5_No2",
    "bom_deep_7_4_16_4_No2",
    "bom_deep_9_4_40_15_No2",
    "bom_deep_10_5_20_5_No2",
    "bom_deep_8_3_20_5_No1",
    "bom_deep_6_5_30_15_No2",
    "bom_deep_6_5_20_10_No1",
    "bom_deep_6_3_16_4_No2",
    "bom_deep_6_4_40_15_No2",
    "bom_deep_6_5_10_5_No2",
    "bom_deep_6_5_30_10_No1",
    "bom_deep_9_5_10_5_No2",
    "bom_deep_9_3_16_4_No2",
    "bom_deep_9_5_30_15_No2",
    "bom_deep_9_5_10_5_No1",
    "bom_deep_6_5_30_10_No2",
    "bom_deep_9_3_16_4_No1",
    "bom_deep_9_5_30_15_No1",
    "bom_deep_6_3_16_4_No1",
    "bom_deep_6_4_40_15_No1",
    "bom_deep_6_5_10_5_No1",
    "bom_deep_6_5_30_15_No1",
    "bom_deep_6_5_20_10_No2",
    "bom_deep_9_4_40_15_No1",
    "bom_deep_10_5_20_5_No1",
    "bom_deep_8_3_20_5_No2",
    "bom_deep_8_5_30_15_No1",
    "bom_deep_10_5_10_5_No1",
    "bom_deep_7_4_16_4_No1",
    "bom_deep_10_3_15_5_No2",
    "bom_deep_7_3_10_5_No2",
    "bom_deep_8_5_10_5_No1",
    "bom_deep_10_5_30_15_No2",
    "bom_deep_7_3_15_5_No2",
    "bom_deep_7_5_30_15_No1",
    "bom_deep_8_3_16_4_No1",
    "bom_deep_10_3_10_5_No2",
    "bom_deep_7_5_10_5_No1",
    "bom_deep_8_4_40_15_No1"
  ]
}