{
  "agent": {
    "rew_mean": 0.0,
    "rew_std": 0.0,
    "rew_best": 0.0,
    "rew_best_count": 50,
    "rew_worst": 0.0,
    "tardiness_mean": 0.0,
    "tardiness_std": 0.0,
    "tardiness_max_mean": 0.0,
    "makespan_tests": [
      1983400,
      245222,
      3287300,
      4660500,
      2782260,
      1561600,
      88800,
      3730860,
      98576,
      661560,
      2069200,
      5091500,
      3207960,
      218710,
      116650,
      44486,
      1383300,
      673140,
      3009060,
      2348200,
      1313100,
      424220,
      2204800,
      29967800,
      1968600,
      2280700,
      1698888,
      159000,
      1974500,
      1626480,
      3657400,
      1181600,
      1310400,
      2886432,
      177834,
      9184596,
      82731,
      2072900,
      4881500,
      6360525,
      81050,
      67720,
      3367800,
      4825300,
      88880,
      1573700,
      699150,
      91200,
      2113000,
      190334
    ],
    "makespan_mean": 2515488.48,
    "rew_worst_quantile_border": 0.0,
    "rew_cvar": 0.0,
    "rew_perc_good_solutions": 1.0,
    "num_tests": 50,
    "running_time": [
      0.09302902221679688,
      1.7174170017242432,
      0.19407010078430176,
      1.6923801898956299,
      0.005710124969482422,
      0.052229881286621094,
      0.0028238296508789062,
      0.0027239322662353516,
      0.0029592514038085938,
      0.004275798797607422,
      0.03961896896362305,
      0.6560277938842773,
      0.02494502067565918,
      0.8248770236968994,
      0.00688481330871582,
      0.005239009857177734,
      0.0073680877685546875,
      0.09893107414245605,
      0.012161970138549805,
      1.5312838554382324,
      0.004965066909790039,
      0.1993579864501953,
      0.44553089141845703,
      0.12689805030822754,
      1.0128288269042969,
      0.44782590866088867,
      0.11092185974121094,
      0.00019884109497070312,
      0.989464282989502,
      0.0075833797454833984,
      2.83975887298584,
      0.004888057708740234,
      0.0074198246002197266,
      0.827772855758667,
      0.8339989185333252,
      50.36088800430298,
      0.0030829906463623047,
      0.03870797157287598,
      0.6676239967346191,
      0.4092578887939453,
      0.0027968883514404297,
      0.028312206268310547,
      0.2025589942932129,
      1.812391996383667,
      0.08604288101196289,
      0.05082392692565918,
      0.00577998161315918,
      0.0027031898498535156,
      0.09222722053527832,
      1.4522030353546143
    ]
  },
  "test-data-file-names": [
    "bom_deep_7_5_10_5_No2",
    "bom_deep_8_4_40_15_No2",
    "bom_deep_8_5_10_5_No2",
    "bom_deep_10_5_30_15_No1",
    "bom_deep_7_3_15_5_No1",
    "bom_deep_7_5_30_15_No2",
    "bom_deep_10_3_10_5_No1",
    "bom_deep_8_3_16_4_No2",
    "bom_deep_10_3_15_5_No1",
    "bom_deep_7_3_10_5_No1",
    "bom_deep_8_5_30_15_No2",
    "bom_deep_10_5_10_5_No2",
    "bom_deep_7_4_16_4_No2",
    "bom_deep_9_4_40_15_No2",
    "bom_deep_10_5_20_5_No2",
    "bom_deep_8_3_20_5_No1",
    "bom_deep_6_5_30_15_No2",
    "bom_deep_6_5_20_10_No1",
    "bom_deep_6_3_16_4_No2",
    "bom_deep_6_4_40_15_No2",
    "bom_deep_6_5_10_5_No2",
    "bom_deep_6_5_30_10_No1",
    "bom_deep_9_5_10_5_No2",
    "bom_deep_9_3_16_4_No2",
    "bom_deep_9_5_30_15_No2",
    "bom_deep_9_5_10_5_No1",
    "bom_deep_6_5_30_10_No2",
    "bom_deep_9_3_16_4_No1",
    "bom_deep_9_5_30_15_No1",
    "bom_deep_6_3_16_4_No1",
    "bom_deep_6_4_40_15_No1",
    "bom_deep_6_5_10_5_No1",
    "bom_deep_6_5_30_15_No1",
    "bom_deep_6_5_20_10_No2",
    "bom_deep_9_4_40_15_No1",
    "bom_deep_10_5_20_5_No1",
    "bom_deep_8_3_20_5_No2",
    "bom_deep_8_5_30_15_No1",
    "bom_deep_10_5_10_5_No1",
    "bom_deep_7_4_16_4_No1",
    "bom_deep_10_3_15_5_No2",
    "bom_deep_7_3_10_5_No2",
    "bom_deep_8_5_10_5_No1",
    "bom_deep_10_5_30_15_No2",
    "bom_deep_7_3_15_5_No2",
    "bom_deep_7_5_30_15_No1",
    "bom_deep_8_3_16_4_No1",
    "bom_deep_10_3_10_5_No2",
    "bom_deep_7_5_10_5_No1",
    "bom_deep_8_4_40_15_No1"
  ]
}