{
  "agent": {
    "rew_mean": 0.0,
    "rew_std": 0.0,
    "rew_best": 0.0,
    "rew_best_count": 50,
    "rew_worst": 0.0,
    "tardiness_mean": 0.0,
    "tardiness_std": 0.0,
    "tardiness_max_mean": 0.0,
    "makespan_tests": [
      1897400,
      251542,
      3257300,
      4640700,
      1727760,
      1529800,
      88800,
      3730860,
      95056,
      661560,
      2032400,
      5084300,
      3207960,
      231368,
      116218,
      44454,
      1375000,
      673140,
      2294460,
      2330800,
      1312500,
      424220,
      2187800,
      30284280,
      1939200,
      2263200,
      1698864,
      159000,
      1961900,
      1626480,
      3631000,
      1152800,
      1288800,
      2873584,
      179986,
      9204761,
      82611,
      2053700,
      4787900,
      6094935,
      81250,
      68220,
      3288400,
      4782100,
      86420,
      1555700,
      699150,
      91200,
      1886300,
      189768
    ],
    "makespan_mean": 2464138.14,
    "rew_worst_quantile_border": 0.0,
    "rew_cvar": 0.0,
    "rew_perc_good_solutions": 1.0,
    "num_tests": 50,
    "running_time": [
      0.041446685791015625,
      1.057953119277954,
      0.09744381904602051,
      1.0562729835510254,
      0.0029540061950683594,
      0.031102895736694336,
      0.0016779899597167969,
      0.0015499591827392578,
      0.001809835433959961,
      0.0020780563354492188,
      0.02572321891784668,
      0.31595587730407715,
      0.012347221374511719,
      0.5584759712219238,
      0.004199028015136719,
      0.003013134002685547,
      0.004644870758056641,
      0.05240130424499512,
      0.006103038787841797,
      0.8320682048797607,
      0.002565145492553711,
      0.10883903503417969,
      0.21415400505065918,
      0.0644991397857666,
      0.6012461185455322,
      0.21790623664855957,
      0.06245994567871094,
      0.00012803077697753906,
      0.602766752243042,
      0.003523111343383789,
      1.5401890277862549,
      0.00257110595703125,
      0.01076197624206543,
      0.5323851108551025,
      0.8430173397064209,
      32.69690704345703,
      0.001990795135498047,
      0.028582096099853516,
      0.34584999084472656,
      0.20887494087219238,
      0.001783132553100586,
      0.011575698852539062,
      0.10608792304992676,
      1.2079730033874512,
      0.03577780723571777,
      0.03603005409240723,
      0.003300905227661133,
      0.0017549991607666016,
      0.044859886169433594,
      1.0869808197021484
    ]
  },
  "test-data-file-names": [
    "bom_deep_7_5_10_5_No2",
    "bom_deep_8_4_40_15_No2",
    "bom_deep_8_5_10_5_No2",
    "bom_deep_10_5_30_15_No1",
    "bom_deep_7_3_15_5_No1",
    "bom_deep_7_5_30_15_No2",
    "bom_deep_10_3_10_5_No1",
    "bom_deep_8_3_16_4_No2",
    "bom_deep_10_3_15_5_No1",
    "bom_deep_7_3_10_5_No1",
    "bom_deep_8_5_30_15_No2",
    "bom_deep_10_5_10_5_No2",
    "bom_deep_7_4_16_4_No2",
    "bom_deep_9_4_40_15_No2",
    "bom_deep_10_5_20_5_No2",
    "bom_deep_8_3_20_5_No1",
    "bom_deep_6_5_30_15_No2",
    "bom_deep_6_5_20_10_No1",
    "bom_deep_6_3_16_4_No2",
    "bom_deep_6_4_40_15_No2",
    "bom_deep_6_5_10_5_No2",
    "bom_deep_6_5_30_10_No1",
    "bom_deep_9_5_10_5_No2",
    "bom_deep_9_3_16_4_No2",
    "bom_deep_9_5_30_15_No2",
    "bom_deep_9_5_10_5_No1",
    "bom_deep_6_5_30_10_No2",
    "bom_deep_9_3_16_4_No1",
    "bom_deep_9_5_30_15_No1",
    "bom_deep_6_3_16_4_No1",
    "bom_deep_6_4_40_15_No1",
    "bom_deep_6_5_10_5_No1",
    "bom_deep_6_5_30_15_No1",
    "bom_deep_6_5_20_10_No2",
    "bom_deep_9_4_40_15_No1",
    "bom_deep_10_5_20_5_No1",
    "bom_deep_8_3_20_5_No2",
    "bom_deep_8_5_30_15_No1",
    "bom_deep_10_5_10_5_No1",
    "bom_deep_7_4_16_4_No1",
    "bom_deep_10_3_15_5_No2",
    "bom_deep_7_3_10_5_No2",
    "bom_deep_8_5_10_5_No1",
    "bom_deep_10_5_30_15_No2",
    "bom_deep_7_3_15_5_No2",
    "bom_deep_7_5_30_15_No1",
    "bom_deep_8_3_16_4_No1",
    "bom_deep_10_3_10_5_No2",
    "bom_deep_7_5_10_5_No1",
    "bom_deep_8_4_40_15_No1"
  ]
}