{
  "agent": {
    "rew_mean": 0.0,
    "rew_std": 0.0,
    "rew_best": 0.0,
    "rew_best_count": 50,
    "rew_worst": 0.0,
    "tardiness_mean": 0.0,
    "tardiness_std": 0.0,
    "tardiness_max_mean": 0.0,
    "makespan_tests": [
      1907400,
      250798,
      3253900,
      4640700,
      1727760,
      1537000,
      88800,
      3730860,
      95056,
      661560,
      2032400,
      5099700,
      3207960,
      231368,
      116218,
      44454,
      1375000,
      673140,
      2294460,
      2340400,
      1312500,
      424220,
      2186600,
      30648600,
      1939200,
      2272300,
      1698864,
      159000,
      1961900,
      1626480,
      3617400,
      1152800,
      1288800,
      2874476,
      181330,
      9205419,
      82611,
      2053700,
      4787900,
      6094935,
      81250,
      68220,
      3304600,
      4782100,
      86240,
      1555700,
      699150,
      91200,
      1910700,
      188348
    ],
    "makespan_mean": 2472909.54,
    "rew_worst_quantile_border": 0.0,
    "rew_cvar": 0.0,
    "rew_perc_good_solutions": 1.0,
    "num_tests": 50,
    "running_time": [
      0.08602380752563477,
      1.6757378578186035,
      0.19164681434631348,
      1.6270158290863037,
      0.0059490203857421875,
      0.05112600326538086,
      0.003196239471435547,
      0.0029349327087402344,
      0.003286123275756836,
      0.004279136657714844,
      0.0400843620300293,
      0.6021618843078613,
      0.024280071258544922,
      0.810370922088623,
      0.007384061813354492,
      0.005709171295166016,
      0.008707761764526367,
      0.09792113304138184,
      0.012283086776733398,
      1.4288430213928223,
      0.005342006683349609,
      0.19411206245422363,
      0.4197421073913574,
      0.12118911743164062,
      0.928502082824707,
      0.4285142421722412,
      0.10940694808959961,
      0.00027108192443847656,
      0.9182839393615723,
      0.007172107696533203,
      2.6625919342041016,
      0.0053179264068603516,
      0.008687019348144531,
      0.7848548889160156,
      0.8182220458984375,
      46.4796302318573,
      0.003353118896484375,
      0.039999961853027344,
      0.6150679588317871,
      0.4666931629180908,
      0.0031790733337402344,
      0.025531768798828125,
      0.19643616676330566,
      1.628197193145752,
      0.07376527786254883,
      0.05269503593444824,
      0.00598597526550293,
      0.0031423568725585938,
      0.08649897575378418,
      1.397446870803833
    ]
  },
  "test-data-file-names": [
    "bom_deep_7_5_10_5_No2",
    "bom_deep_8_4_40_15_No2",
    "bom_deep_8_5_10_5_No2",
    "bom_deep_10_5_30_15_No1",
    "bom_deep_7_3_15_5_No1",
    "bom_deep_7_5_30_15_No2",
    "bom_deep_10_3_10_5_No1",
    "bom_deep_8_3_16_4_No2",
    "bom_deep_10_3_15_5_No1",
    "bom_deep_7_3_10_5_No1",
    "bom_deep_8_5_30_15_No2",
    "bom_deep_10_5_10_5_No2",
    "bom_deep_7_4_16_4_No2",
    "bom_deep_9_4_40_15_No2",
    "bom_deep_10_5_20_5_No2",
    "bom_deep_8_3_20_5_No1",
    "bom_deep_6_5_30_15_No2",
    "bom_deep_6_5_20_10_No1",
    "bom_deep_6_3_16_4_No2",
    "bom_deep_6_4_40_15_No2",
    "bom_deep_6_5_10_5_No2",
    "bom_deep_6_5_30_10_No1",
    "bom_deep_9_5_10_5_No2",
    "bom_deep_9_3_16_4_No2",
    "bom_deep_9_5_30_15_No2",
    "bom_deep_9_5_10_5_No1",
    "bom_deep_6_5_30_10_No2",
    "bom_deep_9_3_16_4_No1",
    "bom_deep_9_5_30_15_No1",
    "bom_deep_6_3_16_4_No1",
    "bom_deep_6_4_40_15_No1",
    "bom_deep_6_5_10_5_No1",
    "bom_deep_6_5_30_15_No1",
    "bom_deep_6_5_20_10_No2",
    "bom_deep_9_4_40_15_No1",
    "bom_deep_10_5_20_5_No1",
    "bom_deep_8_3_20_5_No2",
    "bom_deep_8_5_30_15_No1",
    "bom_deep_10_5_10_5_No1",
    "bom_deep_7_4_16_4_No1",
    "bom_deep_10_3_15_5_No2",
    "bom_deep_7_3_10_5_No2",
    "bom_deep_8_5_10_5_No1",
    "bom_deep_10_5_30_15_No2",
    "bom_deep_7_3_15_5_No2",
    "bom_deep_7_5_30_15_No1",
    "bom_deep_8_3_16_4_No1",
    "bom_deep_10_3_10_5_No2",
    "bom_deep_7_5_10_5_No1",
    "bom_deep_8_4_40_15_No1"
  ]
}