{
  "agent": {
    "rew_mean": 0.0,
    "rew_std": 0.0,
    "rew_best": 0.0,
    "rew_best_count": 50,
    "rew_worst": 0.0,
    "tardiness_mean": 0.0,
    "tardiness_std": 0.0,
    "tardiness_max_mean": 0.0,
    "makespan_tests": [
      1949800,
      254250,
      3330900,
      4640700,
      1727760,
      1529800,
      88800,
      3730860,
      95056,
      661560,
      2032400,
      5084300,
      3207960,
      233812,
      116650,
      44454,
      1375000,
      686160,
      3009060,
      2330800,
      1312500,
      424220,
      2220700,
      41317800,
      1939200,
      2299800,
      1698864,
      159000,
      1961900,
      1626480,
      3658000,
      1152800,
      1288800,
      2886384,
      182366,
      9201818,
      82611,
      2053700,
      4787900,
      6090885,
      81034,
      66860,
      3359800,
      4782100,
      87740,
      1555700,
      699150,
      91200,
      1951600,
      192426
    ],
    "makespan_mean": 2706868.4,
    "rew_worst_quantile_border": 0.0,
    "rew_cvar": 0.0,
    "rew_perc_good_solutions": 1.0,
    "num_tests": 50,
    "running_time": [
      0.06636977195739746,
      1.3672399520874023,
      0.1371598243713379,
      1.3509058952331543,
      0.004644155502319336,
      0.04124617576599121,
      0.002469778060913086,
      0.0022308826446533203,
      0.0028879642486572266,
      0.003117799758911133,
      0.03589510917663574,
      0.5106251239776611,
      0.018471240997314453,
      0.6816689968109131,
      0.005663871765136719,
      0.004170894622802734,
      0.00668787956237793,
      0.14131903648376465,
      0.008934974670410156,
      1.0459671020507812,
      0.004165172576904297,
      0.1510910987854004,
      0.29579782485961914,
      0.08661293983459473,
      0.7612142562866211,
      0.30165982246398926,
      0.0799400806427002,
      0.00021076202392578125,
      0.7379920482635498,
      0.005087852478027344,
      1.9603068828582764,
      0.003760099411010742,
      0.006884098052978516,
      0.538200855255127,
      0.7191469669342041,
      35.64056611061096,
      0.0028531551361083984,
      0.03843879699707031,
      0.45027709007263184,
      0.2599449157714844,
      0.0024290084838867188,
      0.017695903778076172,
      0.13121509552001953,
      1.4261109828948975,
      0.04958701133728027,
      0.041481971740722656,
      0.004678010940551758,
      0.0023758411407470703,
      0.06003117561340332,
      1.1024127006530762
    ]
  },
  "test-data-file-names": [
    "bom_deep_7_5_10_5_No2",
    "bom_deep_8_4_40_15_No2",
    "bom_deep_8_5_10_5_No2",
    "bom_deep_10_5_30_15_No1",
    "bom_deep_7_3_15_5_No1",
    "bom_deep_7_5_30_15_No2",
    "bom_deep_10_3_10_5_No1",
    "bom_deep_8_3_16_4_No2",
    "bom_deep_10_3_15_5_No1",
    "bom_deep_7_3_10_5_No1",
    "bom_deep_8_5_30_15_No2",
    "bom_deep_10_5_10_5_No2",
    "bom_deep_7_4_16_4_No2",
    "bom_deep_9_4_40_15_No2",
    "bom_deep_10_5_20_5_No2",
    "bom_deep_8_3_20_5_No1",
    "bom_deep_6_5_30_15_No2",
    "bom_deep_6_5_20_10_No1",
    "bom_deep_6_3_16_4_No2",
    "bom_deep_6_4_40_15_No2",
    "bom_deep_6_5_10_5_No2",
    "bom_deep_6_5_30_10_No1",
    "bom_deep_9_5_10_5_No2",
    "bom_deep_9_3_16_4_No2",
    "bom_deep_9_5_30_15_No2",
    "bom_deep_9_5_10_5_No1",
    "bom_deep_6_5_30_10_No2",
    "bom_deep_9_3_16_4_No1",
    "bom_deep_9_5_30_15_No1",
    "bom_deep_6_3_16_4_No1",
    "bom_deep_6_4_40_15_No1",
    "bom_deep_6_5_10_5_No1",
    "bom_deep_6_5_30_15_No1",
    "bom_deep_6_5_20_10_No2",
    "bom_deep_9_4_40_15_No1",
    "bom_deep_10_5_20_5_No1",
    "bom_deep_8_3_20_5_No2",
    "bom_deep_8_5_30_15_No1",
    "bom_deep_10_5_10_5_No1",
    "bom_deep_7_4_16_4_No1",
    "bom_deep_10_3_15_5_No2",
    "bom_deep_7_3_10_5_No2",
    "bom_deep_8_5_10_5_No1",
    "bom_deep_10_5_30_15_No2",
    "bom_deep_7_3_15_5_No2",
    "bom_deep_7_5_30_15_No1",
    "bom_deep_8_3_16_4_No1",
    "bom_deep_10_3_10_5_No2",
    "bom_deep_7_5_10_5_No1",
    "bom_deep_8_4_40_15_No1"
  ]
}