{
  "agent": {
    "rew_mean": 0.0,
    "rew_std": 0.0,
    "rew_best": 0.0,
    "rew_best_count": 50,
    "rew_worst": 0.0,
    "tardiness_mean": 0.0,
    "tardiness_std": 0.0,
    "tardiness_max_mean": 0.0,
    "makespan_tests": [
      1994500,
      253686,
      3276500,
      4640700,
      1727760,
      1537000,
      88800,
      3730860,
      95056,
      757560,
      2032400,
      5084300,
      3207960,
      231368,
      116218,
      44454,
      1375000,
      673140,
      3009060,
      2330800,
      1312500,
      424220,
      2206900,
      30648600,
      1939200,
      2288200,
      1698864,
      159000,
      1961900,
      1626480,
      3686400,
      1152800,
      1288800,
      2878052,
      190186,
      9206753,
      82611,
      2053700,
      4787900,
      6096240,
      81250,
      68020,
      3307800,
      4782100,
      86380,
      1555700,
      699150,
      91200,
      2018100,
      194598
    ],
    "makespan_mean": 2495614.52,
    "rew_worst_quantile_border": 0.0,
    "rew_cvar": 0.0,
    "rew_perc_good_solutions": 1.0,
    "num_tests": 50,
    "running_time": [
      0.08282589912414551,
      1.6718547344207764,
      0.18535089492797852,
      1.7958719730377197,
      0.005778789520263672,
      0.05235791206359863,
      0.0033788681030273438,
      0.0028612613677978516,
      0.003164052963256836,
      0.004093170166015625,
      0.03926491737365723,
      0.6054232120513916,
      0.02457427978515625,
      0.8520822525024414,
      0.007454872131347656,
      0.005928754806518555,
      0.008765220642089844,
      0.10372519493103027,
      0.012514114379882812,
      1.579003095626831,
      0.005010128021240234,
      0.19393205642700195,
      0.4467940330505371,
      0.12576889991760254,
      0.9770548343658447,
      0.4451720714569092,
      0.1099698543548584,
      0.00025081634521484375,
      0.982450008392334,
      0.006916046142578125,
      2.7308168411254883,
      0.004972219467163086,
      0.007993221282958984,
      0.7815878391265869,
      0.8080949783325195,
      50.13340902328491,
      0.003515958786010742,
      0.04170107841491699,
      0.6769199371337891,
      0.37013912200927734,
      0.003008604049682617,
      0.025574922561645508,
      0.19452214241027832,
      1.6756269931793213,
      0.0800931453704834,
      0.052468061447143555,
      0.006494998931884766,
      0.0028569698333740234,
      0.08751797676086426,
      1.4559850692749023
    ]
  },
  "test-data-file-names": [
    "bom_deep_7_5_10_5_No2",
    "bom_deep_8_4_40_15_No2",
    "bom_deep_8_5_10_5_No2",
    "bom_deep_10_5_30_15_No1",
    "bom_deep_7_3_15_5_No1",
    "bom_deep_7_5_30_15_No2",
    "bom_deep_10_3_10_5_No1",
    "bom_deep_8_3_16_4_No2",
    "bom_deep_10_3_15_5_No1",
    "bom_deep_7_3_10_5_No1",
    "bom_deep_8_5_30_15_No2",
    "bom_deep_10_5_10_5_No2",
    "bom_deep_7_4_16_4_No2",
    "bom_deep_9_4_40_15_No2",
    "bom_deep_10_5_20_5_No2",
    "bom_deep_8_3_20_5_No1",
    "bom_deep_6_5_30_15_No2",
    "bom_deep_6_5_20_10_No1",
    "bom_deep_6_3_16_4_No2",
    "bom_deep_6_4_40_15_No2",
    "bom_deep_6_5_10_5_No2",
    "bom_deep_6_5_30_10_No1",
    "bom_deep_9_5_10_5_No2",
    "bom_deep_9_3_16_4_No2",
    "bom_deep_9_5_30_15_No2",
    "bom_deep_9_5_10_5_No1",
    "bom_deep_6_5_30_10_No2",
    "bom_deep_9_3_16_4_No1",
    "bom_deep_9_5_30_15_No1",
    "bom_deep_6_3_16_4_No1",
    "bom_deep_6_4_40_15_No1",
    "bom_deep_6_5_10_5_No1",
    "bom_deep_6_5_30_15_No1",
    "bom_deep_6_5_20_10_No2",
    "bom_deep_9_4_40_15_No1",
    "bom_deep_10_5_20_5_No1",
    "bom_deep_8_3_20_5_No2",
    "bom_deep_8_5_30_15_No1",
    "bom_deep_10_5_10_5_No1",
    "bom_deep_7_4_16_4_No1",
    "bom_deep_10_3_15_5_No2",
    "bom_deep_7_3_10_5_No2",
    "bom_deep_8_5_10_5_No1",
    "bom_deep_10_5_30_15_No2",
    "bom_deep_7_3_15_5_No2",
    "bom_deep_7_5_30_15_No1",
    "bom_deep_8_3_16_4_No1",
    "bom_deep_10_3_10_5_No2",
    "bom_deep_7_5_10_5_No1",
    "bom_deep_8_4_40_15_No1"
  ]
}