Algorithm,Bom,Nodes,AttemptNr,Status,Time,Makespan,Iterations
SAL-Ei-LM,bom_tubes_p10_ao11_am18_1,11,1,SATISFIED,1.1522,38711.0,10677.88
SAL-Ei-LM,bom_tubes_p10_ao11_am18_1,11,2,SATISFIED,1.167,39241.0,10622.22
SAL-Ei-LM,bom_tubes_p10_ao11_am18_1,11,3,SATISFIED,1.1287,38142.0,10592.94
SAL-Ei-LM,bom_tubes_p10_ao11_am18_1,11,4,SATISFIED,1.1753,39662.0,10502.53
SAL-Ei-LM,bom_tubes_p10_ao11_am18_1,11,5,SATISFIED,1.176,40220.0,10659.84
SAL-Ei-LM,bom_tubes_p10_ao11_am18_1,11,6,SATISFIED,1.1617,37493.0,10853.5
SAL-Ei-LM,bom_tubes_p10_ao11_am18_1,11,7,SATISFIED,1.1595,39953.0,10860.91
SAL-Ei-LM,bom_tubes_p10_ao11_am18_1,11,8,SATISFIED,1.1584,40062.0,11012.34
SAL-Ei-LM,bom_tubes_p10_ao11_am18_1,11,9,SATISFIED,1.1703,39144.0,10592.47
SAL-Ei-LM,bom_tubes_p10_ao11_am18_1,11,10,SATISFIED,1.1686,40653.0,10614.53
SAL-Ei-LM,bom_tubes_p10_ao11_am18_1_m10_ao11_am8_1,11,1,SATISFIED,1.1783,115111.0,8658.66
SAL-Ei-LM,bom_tubes_p10_ao11_am18_1_m10_ao11_am8_1,11,2,SATISFIED,1.1675,115135.0,9134.0
SAL-Ei-LM,bom_tubes_p10_ao11_am18_1_m10_ao11_am8_1,11,3,SATISFIED,1.1627,115106.0,9462.16
SAL-Ei-LM,bom_tubes_p10_ao11_am18_1_m10_ao11_am8_1,11,4,SATISFIED,1.1539,115105.0,9576.47
SAL-Ei-LM,bom_tubes_p10_ao11_am18_1_m10_ao11_am8_1,11,5,SATISFIED,1.1544,115182.0,9393.84
SAL-Ei-LM,bom_tubes_p10_ao11_am18_1_m10_ao11_am8_1,11,6,SATISFIED,1.1592,115175.0,9472.59
SAL-Ei-LM,bom_tubes_p10_ao11_am18_1_m10_ao11_am8_1,11,7,SATISFIED,1.1657,115167.0,9390.84
SAL-Ei-LM,bom_tubes_p10_ao11_am18_1_m10_ao11_am8_1,11,8,SATISFIED,1.159,115186.0,9230.81
SAL-Ei-LM,bom_tubes_p10_ao11_am18_1_m10_ao11_am8_1,11,9,SATISFIED,1.2234,115151.0,9371.97
SAL-Ei-LM,bom_tubes_p10_ao11_am18_1_m10_ao11_am8_1,11,10,SATISFIED,1.1598,115058.0,8845.88
SAL-Ei-LM,bom_tubes_p10_ao11_am18_1_m10_ao11_am8_3,11,1,SATISFIED,1.1657,34959.0,9856.06
SAL-Ei-LM,bom_tubes_p10_ao11_am18_1_m10_ao11_am8_3,11,2,SATISFIED,1.1549,34933.0,10371.12
SAL-Ei-LM,bom_tubes_p10_ao11_am18_1_m10_ao11_am8_3,11,3,SATISFIED,1.1623,34946.0,11012.25
SAL-Ei-LM,bom_tubes_p10_ao11_am18_1_m10_ao11_am8_3,11,4,SATISFIED,1.1578,34933.0,11005.66
SAL-Ei-LM,bom_tubes_p10_ao11_am18_1_m10_ao11_am8_3,11,5,SATISFIED,1.157,34933.0,11264.56
SAL-Ei-LM,bom_tubes_p10_ao11_am18_1_m10_ao11_am8_3,11,6,SATISFIED,1.1618,34946.0,11181.0
SAL-Ei-LM,bom_tubes_p10_ao11_am18_1_m10_ao11_am8_3,11,7,SATISFIED,1.1602,34933.0,11444.38
SAL-Ei-LM,bom_tubes_p10_ao11_am18_1_m10_ao11_am8_3,11,8,SATISFIED,1.1541,34933.0,11407.12
SAL-Ei-LM,bom_tubes_p10_ao11_am18_1_m10_ao11_am8_3,11,9,SATISFIED,1.1604,34933.0,11286.81
SAL-Ei-LM,bom_tubes_p10_ao11_am18_1_m10_ao11_am8_3,11,10,SATISFIED,1.1623,34933.0,11056.91
SAL-Ei-LM,bom_tubes_p10_ao11_am18_1_m10_ao11_am9_4,11,1,SATISFIED,1.1644,22366.0,8809.66
SAL-Ei-LM,bom_tubes_p10_ao11_am18_1_m10_ao11_am9_4,11,2,SATISFIED,1.1699,22366.0,8846.78
SAL-Ei-LM,bom_tubes_p10_ao11_am18_1_m10_ao11_am9_4,11,3,SATISFIED,1.1886,22366.0,8316.09
SAL-Ei-LM,bom_tubes_p10_ao11_am18_1_m10_ao11_am9_4,11,4,SATISFIED,1.1305,22366.0,8349.38
SAL-Ei-LM,bom_tubes_p10_ao11_am18_1_m10_ao11_am9_4,11,5,SATISFIED,1.1563,22393.0,8647.75
SAL-Ei-LM,bom_tubes_p10_ao11_am18_1_m10_ao11_am9_4,11,6,SATISFIED,1.1521,22368.0,8511.41
SAL-Ei-LM,bom_tubes_p10_ao11_am18_1_m10_ao11_am9_4,11,7,SATISFIED,1.2066,22366.0,8489.09
SAL-Ei-LM,bom_tubes_p10_ao11_am18_1_m10_ao11_am9_4,11,8,SATISFIED,1.2082,22366.0,8476.19
SAL-Ei-LM,bom_tubes_p10_ao11_am18_1_m10_ao11_am9_4,11,9,SATISFIED,1.1781,22368.0,8753.53
SAL-Ei-LM,bom_tubes_p10_ao11_am18_1_m10_ao11_am9_4,11,10,SATISFIED,1.1843,22366.0,8777.84
SAL-Ei-LM,bom_tubes_p10_ao11_am18_1_m10_ao11_am10_2,11,1,SATISFIED,1.1791,122731.0,10922.81
SAL-Ei-LM,bom_tubes_p10_ao11_am18_1_m10_ao11_am10_2,11,2,SATISFIED,1.1726,122731.0,11233.41
SAL-Ei-LM,bom_tubes_p10_ao11_am18_1_m10_ao11_am10_2,11,3,SATISFIED,1.196,122731.0,11341.25
SAL-Ei-LM,bom_tubes_p10_ao11_am18_1_m10_ao11_am10_2,11,4,SATISFIED,1.1905,122731.0,11011.78
SAL-Ei-LM,bom_tubes_p10_ao11_am18_1_m10_ao11_am10_2,11,5,SATISFIED,1.1829,122731.0,10639.06
SAL-Ei-LM,bom_tubes_p10_ao11_am18_1_m10_ao11_am10_2,11,6,SATISFIED,1.1819,122731.0,10817.53
SAL-Ei-LM,bom_tubes_p10_ao11_am18_1_m10_ao11_am10_2,11,7,SATISFIED,1.2912,122731.0,10473.81
SAL-Ei-LM,bom_tubes_p10_ao11_am18_1_m10_ao11_am10_2,11,8,SATISFIED,1.1756,122731.0,9713.75
SAL-Ei-LM,bom_tubes_p10_ao11_am18_1_m10_ao11_am10_2,11,9,SATISFIED,1.1559,122731.0,10600.91
SAL-Ei-LM,bom_tubes_p10_ao11_am18_1_m10_ao11_am10_2,11,10,SATISFIED,1.1599,122731.0,11066.72
SAL-Ei-LM,bom_tubes_p10_ao11_am18_1_m10_ao11_am10_5,11,1,SATISFIED,1.1602,23903.0,9285.75
SAL-Ei-LM,bom_tubes_p10_ao11_am18_1_m10_ao11_am10_5,11,2,SATISFIED,1.166,24053.0,9081.47
SAL-Ei-LM,bom_tubes_p10_ao11_am18_1_m10_ao11_am10_5,11,3,SATISFIED,1.1598,24000.0,8806.84
SAL-Ei-LM,bom_tubes_p10_ao11_am18_1_m10_ao11_am10_5,11,4,SATISFIED,1.1618,24057.0,8652.56
SAL-Ei-LM,bom_tubes_p10_ao11_am18_1_m10_ao11_am10_5,11,5,SATISFIED,1.1635,23895.0,8873.94
SAL-Ei-LM,bom_tubes_p10_ao11_am18_1_m10_ao11_am10_5,11,6,SATISFIED,1.1633,24131.0,9149.44
SAL-Ei-LM,bom_tubes_p10_ao11_am18_1_m10_ao11_am10_5,11,7,SATISFIED,1.1586,24075.0,9075.06
SAL-Ei-LM,bom_tubes_p10_ao11_am18_1_m10_ao11_am10_5,11,8,SATISFIED,1.1615,24111.0,8326.31
SAL-Ei-LM,bom_tubes_p10_ao11_am18_1_m10_ao11_am10_5,11,9,SATISFIED,1.1606,24057.0,8075.28
SAL-Ei-LM,bom_tubes_p10_ao11_am18_1_m10_ao11_am10_5,11,10,SATISFIED,1.1624,23969.0,8636.31
SAL-Ei-LM,bom_tubes_p10_ao11_am18_1_m25_ao11_am19_2,11,1,SATISFIED,1.1634,16754.0,6958.34
SAL-Ei-LM,bom_tubes_p10_ao11_am18_1_m25_ao11_am19_2,11,2,SATISFIED,1.1665,16655.0,6795.72
SAL-Ei-LM,bom_tubes_p10_ao11_am18_1_m25_ao11_am19_2,11,3,SATISFIED,1.1529,16874.0,6947.44
SAL-Ei-LM,bom_tubes_p10_ao11_am18_1_m25_ao11_am19_2,11,4,SATISFIED,1.1649,16864.0,7531.72
SAL-Ei-LM,bom_tubes_p10_ao11_am18_1_m25_ao11_am19_2,11,5,SATISFIED,1.1663,16758.0,7814.5
SAL-Ei-LM,bom_tubes_p10_ao11_am18_1_m25_ao11_am19_2,11,6,SATISFIED,1.1541,16891.0,7792.41
SAL-Ei-LM,bom_tubes_p10_ao11_am18_1_m25_ao11_am19_2,11,7,SATISFIED,1.2145,16725.0,7908.06
SAL-Ei-LM,bom_tubes_p10_ao11_am18_1_m25_ao11_am19_2,11,8,SATISFIED,1.1582,16766.0,7503.19
SAL-Ei-LM,bom_tubes_p10_ao11_am18_1_m25_ao11_am19_2,11,9,SATISFIED,1.1652,16726.0,7732.75
SAL-Ei-LM,bom_tubes_p10_ao11_am18_1_m25_ao11_am19_2,11,10,SATISFIED,1.167,16870.0,7801.97
SAL-Ei-LM,bom_tubes_p10_ao11_am18_1_m25_ao11_am21_3,11,1,SATISFIED,1.16,54688.0,7644.03
SAL-Ei-LM,bom_tubes_p10_ao11_am18_1_m25_ao11_am21_3,11,2,SATISFIED,1.1603,52220.0,7698.09
SAL-Ei-LM,bom_tubes_p10_ao11_am18_1_m25_ao11_am21_3,11,3,SATISFIED,1.175,54576.0,8094.69
SAL-Ei-LM,bom_tubes_p10_ao11_am18_1_m25_ao11_am21_3,11,4,SATISFIED,1.1789,51368.0,8023.12
SAL-Ei-LM,bom_tubes_p10_ao11_am18_1_m25_ao11_am21_3,11,5,SATISFIED,1.1665,53585.0,7690.84
SAL-Ei-LM,bom_tubes_p10_ao11_am18_1_m25_ao11_am21_3,11,6,SATISFIED,1.1574,53774.0,7556.34
SAL-Ei-LM,bom_tubes_p10_ao11_am18_1_m25_ao11_am21_3,11,7,SATISFIED,1.1642,55897.0,7451.84
SAL-Ei-LM,bom_tubes_p10_ao11_am18_1_m25_ao11_am21_3,11,8,SATISFIED,1.1605,53562.0,7257.41
SAL-Ei-LM,bom_tubes_p10_ao11_am18_1_m25_ao11_am21_3,11,9,SATISFIED,1.1587,54890.0,7274.56
SAL-Ei-LM,bom_tubes_p10_ao11_am18_1_m25_ao11_am21_3,11,10,SATISFIED,1.1586,55500.0,7293.91
SAL-Ei-LM,bom_tubes_p10_ao11_am18_1_m25_ao11_am21_5,11,1,SATISFIED,1.1638,30906.0,7438.47
SAL-Ei-LM,bom_tubes_p10_ao11_am18_1_m25_ao11_am21_5,11,2,SATISFIED,1.166,31080.0,7418.66
SAL-Ei-LM,bom_tubes_p10_ao11_am18_1_m25_ao11_am21_5,11,3,SATISFIED,1.274,30939.0,7531.75
SAL-Ei-LM,bom_tubes_p10_ao11_am18_1_m25_ao11_am21_5,11,4,SATISFIED,1.1643,30915.0,6623.0
SAL-Ei-LM,bom_tubes_p10_ao11_am18_1_m25_ao11_am21_5,11,5,SATISFIED,1.1605,31046.0,7179.25
SAL-Ei-LM,bom_tubes_p10_ao11_am18_1_m25_ao11_am21_5,11,6,SATISFIED,1.154,31523.0,7575.81
SAL-Ei-LM,bom_tubes_p10_ao11_am18_1_m25_ao11_am21_5,11,7,SATISFIED,1.1568,30811.0,7542.75
SAL-Ei-LM,bom_tubes_p10_ao11_am18_1_m25_ao11_am21_5,11,8,SATISFIED,1.1486,30988.0,7503.97
SAL-Ei-LM,bom_tubes_p10_ao11_am18_1_m25_ao11_am21_5,11,9,SATISFIED,1.1549,31580.0,7381.06
SAL-Ei-LM,bom_tubes_p10_ao11_am18_1_m25_ao11_am21_5,11,10,SATISFIED,1.1604,31530.0,7329.0
SAL-Ei-LM,bom_tubes_p10_ao11_am18_1_m25_ao11_am22_1,11,1,SATISFIED,1.1596,50087.0,7556.44
SAL-Ei-LM,bom_tubes_p10_ao11_am18_1_m25_ao11_am22_1,11,2,SATISFIED,1.1479,50173.0,7828.25
SAL-Ei-LM,bom_tubes_p10_ao11_am18_1_m25_ao11_am22_1,11,3,SATISFIED,1.1557,50330.0,7809.31
SAL-Ei-LM,bom_tubes_p10_ao11_am18_1_m25_ao11_am22_1,11,4,SATISFIED,1.1556,51149.0,7967.81
SAL-Ei-LM,bom_tubes_p10_ao11_am18_1_m25_ao11_am22_1,11,5,SATISFIED,1.1585,50197.0,7950.84
SAL-Ei-LM,bom_tubes_p10_ao11_am18_1_m25_ao11_am22_1,11,6,SATISFIED,1.158,50496.0,7930.56
SAL-Ei-LM,bom_tubes_p10_ao11_am18_1_m25_ao11_am22_1,11,7,SATISFIED,1.1541,50602.0,7942.97
SAL-Ei-LM,bom_tubes_p10_ao11_am18_1_m25_ao11_am22_1,11,8,SATISFIED,1.1561,50327.0,7746.16
SAL-Ei-LM,bom_tubes_p10_ao11_am18_1_m25_ao11_am22_1,11,9,SATISFIED,1.155,50485.0,7992.47
SAL-Ei-LM,bom_tubes_p10_ao11_am18_1_m25_ao11_am22_1,11,10,SATISFIED,1.2122,50364.0,8145.41
SAL-Ei-LM,bom_tubes_p10_ao11_am18_1_m25_ao11_am22_4,11,1,SATISFIED,1.1506,13780.0,7583.06
SAL-Ei-LM,bom_tubes_p10_ao11_am18_1_m25_ao11_am22_4,11,2,SATISFIED,1.1625,15172.0,7690.72
SAL-Ei-LM,bom_tubes_p10_ao11_am18_1_m25_ao11_am22_4,11,3,SATISFIED,1.1642,15029.0,7748.94
SAL-Ei-LM,bom_tubes_p10_ao11_am18_1_m25_ao11_am22_4,11,4,SATISFIED,1.1605,13647.0,7507.12
SAL-Ei-LM,bom_tubes_p10_ao11_am18_1_m25_ao11_am22_4,11,5,SATISFIED,1.1468,13916.0,7393.81
SAL-Ei-LM,bom_tubes_p10_ao11_am18_1_m25_ao11_am22_4,11,6,SATISFIED,1.1576,15080.0,7614.69
SAL-Ei-LM,bom_tubes_p10_ao11_am18_1_m25_ao11_am22_4,11,7,SATISFIED,1.1596,15102.0,7858.5
SAL-Ei-LM,bom_tubes_p10_ao11_am18_1_m25_ao11_am22_4,11,8,SATISFIED,1.1586,13849.0,7709.0
SAL-Ei-LM,bom_tubes_p10_ao11_am18_1_m25_ao11_am22_4,11,9,SATISFIED,1.1611,14196.0,7858.06
SAL-Ei-LM,bom_tubes_p10_ao11_am18_1_m25_ao11_am22_4,11,10,SATISFIED,1.1622,13549.0,7806.03
SAL-Ei-LM,bom_tubes_p10_ao11_am18_2,11,1,SATISFIED,1.1603,48291.0,11798.34
SAL-Ei-LM,bom_tubes_p10_ao11_am18_2,11,2,SATISFIED,1.1615,48251.0,11535.25
SAL-Ei-LM,bom_tubes_p10_ao11_am18_2,11,3,SATISFIED,1.1555,48051.0,11110.16
SAL-Ei-LM,bom_tubes_p10_ao11_am18_2,11,4,SATISFIED,1.1643,48211.0,10759.66
SAL-Ei-LM,bom_tubes_p10_ao11_am18_2,11,5,SATISFIED,1.1683,48251.0,10714.03
SAL-Ei-LM,bom_tubes_p10_ao11_am18_2,11,6,SATISFIED,1.1979,48611.0,10715.44
SAL-Ei-LM,bom_tubes_p10_ao11_am18_2,11,7,SATISFIED,1.2363,48411.0,10695.41
SAL-Ei-LM,bom_tubes_p10_ao11_am18_2,11,8,SATISFIED,1.1639,48251.0,10314.53
SAL-Ei-LM,bom_tubes_p10_ao11_am18_2,11,9,SATISFIED,1.1644,48411.0,10501.75
SAL-Ei-LM,bom_tubes_p10_ao11_am18_2,11,10,SATISFIED,1.1611,48371.0,10513.66
SAL-Ei-LM,bom_tubes_p10_ao11_am18_2_m10_ao11_am8_2,11,1,SATISFIED,1.1688,47090.0,10445.53
SAL-Ei-LM,bom_tubes_p10_ao11_am18_2_m10_ao11_am8_2,11,2,SATISFIED,1.1674,47090.0,10801.19
SAL-Ei-LM,bom_tubes_p10_ao11_am18_2_m10_ao11_am8_2,11,3,SATISFIED,1.1298,47090.0,10462.97
SAL-Ei-LM,bom_tubes_p10_ao11_am18_2_m10_ao11_am8_2,11,4,SATISFIED,1.1627,47090.0,10824.56
SAL-Ei-LM,bom_tubes_p10_ao11_am18_2_m10_ao11_am8_2,11,5,SATISFIED,1.1737,47090.0,10780.09
SAL-Ei-LM,bom_tubes_p10_ao11_am18_2_m10_ao11_am8_2,11,6,SATISFIED,1.1706,47090.0,11083.19
SAL-Ei-LM,bom_tubes_p10_ao11_am18_2_m10_ao11_am8_2,11,7,SATISFIED,1.1637,47090.0,11199.19
SAL-Ei-LM,bom_tubes_p10_ao11_am18_2_m10_ao11_am8_2,11,8,SATISFIED,1.1634,47090.0,11158.72
SAL-Ei-LM,bom_tubes_p10_ao11_am18_2_m10_ao11_am8_2,11,9,SATISFIED,1.1628,47090.0,11003.84
SAL-Ei-LM,bom_tubes_p10_ao11_am18_2_m10_ao11_am8_2,11,10,SATISFIED,1.1671,47090.0,10921.56
SAL-Ei-LM,bom_tubes_p10_ao11_am18_2_m10_ao11_am9_1,11,1,SATISFIED,1.1574,45805.0,9296.69
SAL-Ei-LM,bom_tubes_p10_ao11_am18_2_m10_ao11_am9_1,11,2,SATISFIED,1.1636,45879.0,9116.34
SAL-Ei-LM,bom_tubes_p10_ao11_am18_2_m10_ao11_am9_1,11,3,SATISFIED,1.1724,45920.0,9152.94
SAL-Ei-LM,bom_tubes_p10_ao11_am18_2_m10_ao11_am9_1,11,4,SATISFIED,1.1711,45879.0,9407.09
SAL-Ei-LM,bom_tubes_p10_ao11_am18_2_m10_ao11_am9_1,11,5,SATISFIED,1.1654,45936.0,9378.25
SAL-Ei-LM,bom_tubes_p10_ao11_am18_2_m10_ao11_am9_1,11,6,SATISFIED,1.1674,45879.0,9690.78
SAL-Ei-LM,bom_tubes_p10_ao11_am18_2_m10_ao11_am9_1,11,7,SATISFIED,1.1787,45892.0,9710.72
SAL-Ei-LM,bom_tubes_p10_ao11_am18_2_m10_ao11_am9_1,11,8,SATISFIED,1.261,45860.0,10116.06
SAL-Ei-LM,bom_tubes_p10_ao11_am18_2_m10_ao11_am9_1,11,9,SATISFIED,1.1724,45937.0,9256.41
SAL-Ei-LM,bom_tubes_p10_ao11_am18_2_m10_ao11_am9_1,11,10,SATISFIED,1.2305,45948.0,9563.97
SAL-Ei-LM,bom_tubes_p10_ao11_am18_2_m10_ao11_am9_3,11,1,SATISFIED,1.2036,19809.0,10909.41
SAL-Ei-LM,bom_tubes_p10_ao11_am18_2_m10_ao11_am9_3,11,2,SATISFIED,1.1914,19751.0,10883.38
SAL-Ei-LM,bom_tubes_p10_ao11_am18_2_m10_ao11_am9_3,11,3,SATISFIED,1.2022,19858.0,10989.56
SAL-Ei-LM,bom_tubes_p10_ao11_am18_2_m10_ao11_am9_3,11,4,SATISFIED,1.213,19740.0,11150.62
SAL-Ei-LM,bom_tubes_p10_ao11_am18_2_m10_ao11_am9_3,11,5,SATISFIED,1.2055,19735.0,11188.72
SAL-Ei-LM,bom_tubes_p10_ao11_am18_2_m10_ao11_am9_3,11,6,SATISFIED,1.2011,19752.0,10986.16
SAL-Ei-LM,bom_tubes_p10_ao11_am18_2_m10_ao11_am9_3,11,7,SATISFIED,1.2191,19767.0,10582.28
SAL-Ei-LM,bom_tubes_p10_ao11_am18_2_m10_ao11_am9_3,11,8,SATISFIED,1.2262,19806.0,10448.69
SAL-Ei-LM,bom_tubes_p10_ao11_am18_2_m10_ao11_am9_3,11,9,SATISFIED,1.206,19850.0,10913.16
SAL-Ei-LM,bom_tubes_p10_ao11_am18_2_m10_ao11_am9_3,11,10,SATISFIED,1.213,19764.0,11172.28
SAL-Ei-LM,bom_tubes_p10_ao11_am18_2_m10_ao11_am10_4,11,1,SATISFIED,1.2096,16485.0,8582.16
SAL-Ei-LM,bom_tubes_p10_ao11_am18_2_m10_ao11_am10_4,11,2,SATISFIED,1.1969,16476.0,8769.56
SAL-Ei-LM,bom_tubes_p10_ao11_am18_2_m10_ao11_am10_4,11,3,SATISFIED,1.1987,16459.0,8757.06
SAL-Ei-LM,bom_tubes_p10_ao11_am18_2_m10_ao11_am10_4,11,4,SATISFIED,1.1975,16454.0,8560.25
SAL-Ei-LM,bom_tubes_p10_ao11_am18_2_m10_ao11_am10_4,11,5,SATISFIED,1.1993,16408.0,8429.19
SAL-Ei-LM,bom_tubes_p10_ao11_am18_2_m10_ao11_am10_4,11,6,SATISFIED,1.1606,16428.0,8709.81
SAL-Ei-LM,bom_tubes_p10_ao11_am18_2_m10_ao11_am10_4,11,7,SATISFIED,1.1482,16454.0,8777.38
SAL-Ei-LM,bom_tubes_p10_ao11_am18_2_m10_ao11_am10_4,11,8,SATISFIED,1.1792,16477.0,8660.09
SAL-Ei-LM,bom_tubes_p10_ao11_am18_2_m10_ao11_am10_4,11,9,SATISFIED,1.1833,16531.0,8442.84
SAL-Ei-LM,bom_tubes_p10_ao11_am18_2_m10_ao11_am10_4,11,10,SATISFIED,1.156,16466.0,8417.34
SAL-Ei-LM,bom_tubes_p10_ao11_am18_2_m10_ao11_am10_5,11,1,SATISFIED,1.1768,33919.0,8784.34
SAL-Ei-LM,bom_tubes_p10_ao11_am18_2_m10_ao11_am10_5,11,2,SATISFIED,1.1475,33849.0,8670.28
SAL-Ei-LM,bom_tubes_p10_ao11_am18_2_m10_ao11_am10_5,11,3,SATISFIED,1.1573,33875.0,8700.94
SAL-Ei-LM,bom_tubes_p10_ao11_am18_2_m10_ao11_am10_5,11,4,SATISFIED,1.1581,33779.0,9182.97
SAL-Ei-LM,bom_tubes_p10_ao11_am18_2_m10_ao11_am10_5,11,5,SATISFIED,1.1538,33791.0,9361.88
SAL-Ei-LM,bom_tubes_p10_ao11_am18_2_m10_ao11_am10_5,11,6,SATISFIED,1.1494,33959.0,9157.78
SAL-Ei-LM,bom_tubes_p10_ao11_am18_2_m10_ao11_am10_5,11,7,SATISFIED,1.1555,33899.0,9048.75
SAL-Ei-LM,bom_tubes_p10_ao11_am18_2_m10_ao11_am10_5,11,8,SATISFIED,1.1566,33739.0,9375.91
SAL-Ei-LM,bom_tubes_p10_ao11_am18_2_m10_ao11_am10_5,11,9,SATISFIED,1.1577,33999.0,9291.38
SAL-Ei-LM,bom_tubes_p10_ao11_am18_2_m10_ao11_am10_5,11,10,SATISFIED,1.1567,33925.0,9281.69
SAL-Ei-LM,bom_tubes_p10_ao11_am18_2_m25_ao11_am17_2,11,1,SATISFIED,1.1573,36555.0,7535.19
SAL-Ei-LM,bom_tubes_p10_ao11_am18_2_m25_ao11_am17_2,11,2,SATISFIED,1.1636,36900.0,6984.09
SAL-Ei-LM,bom_tubes_p10_ao11_am18_2_m25_ao11_am17_2,11,3,SATISFIED,1.1702,36559.0,6834.66
SAL-Ei-LM,bom_tubes_p10_ao11_am18_2_m25_ao11_am17_2,11,4,SATISFIED,1.1727,38373.0,7139.44
SAL-Ei-LM,bom_tubes_p10_ao11_am18_2_m25_ao11_am17_2,11,5,SATISFIED,1.1777,36295.0,7502.0
SAL-Ei-LM,bom_tubes_p10_ao11_am18_2_m25_ao11_am17_2,11,6,SATISFIED,1.1719,36679.0,7346.88
SAL-Ei-LM,bom_tubes_p10_ao11_am18_2_m25_ao11_am17_2,11,7,SATISFIED,1.172,35576.0,7196.94
SAL-Ei-LM,bom_tubes_p10_ao11_am18_2_m25_ao11_am17_2,11,8,SATISFIED,1.1671,36327.0,7121.59
SAL-Ei-LM,bom_tubes_p10_ao11_am18_2_m25_ao11_am17_2,11,9,SATISFIED,1.1637,35703.0,7319.56
SAL-Ei-LM,bom_tubes_p10_ao11_am18_2_m25_ao11_am17_2,11,10,SATISFIED,1.1763,36268.0,7408.91
SAL-Ei-LM,bom_tubes_p10_ao11_am18_2_m25_ao11_am21_1,11,1,SATISFIED,1.1638,17799.0,7122.47
SAL-Ei-LM,bom_tubes_p10_ao11_am18_2_m25_ao11_am21_1,11,2,SATISFIED,1.1642,17938.0,7013.06
SAL-Ei-LM,bom_tubes_p10_ao11_am18_2_m25_ao11_am21_1,11,3,SATISFIED,1.1697,17685.0,6906.34
SAL-Ei-LM,bom_tubes_p10_ao11_am18_2_m25_ao11_am21_1,11,4,SATISFIED,1.1775,17972.0,7067.75
SAL-Ei-LM,bom_tubes_p10_ao11_am18_2_m25_ao11_am21_1,11,5,SATISFIED,1.2735,17831.0,6974.97
SAL-Ei-LM,bom_tubes_p10_ao11_am18_2_m25_ao11_am21_1,11,6,SATISFIED,1.1637,17951.0,6479.34
SAL-Ei-LM,bom_tubes_p10_ao11_am18_2_m25_ao11_am21_1,11,7,SATISFIED,1.1645,17649.0,7045.75
SAL-Ei-LM,bom_tubes_p10_ao11_am18_2_m25_ao11_am21_1,11,8,SATISFIED,1.1645,17460.0,7161.0
SAL-Ei-LM,bom_tubes_p10_ao11_am18_2_m25_ao11_am21_1,11,9,SATISFIED,1.1671,17447.0,7303.5
SAL-Ei-LM,bom_tubes_p10_ao11_am18_2_m25_ao11_am21_1,11,10,SATISFIED,1.1684,17465.0,7522.69
SAL-Ei-LM,bom_tubes_p10_ao11_am18_2_m25_ao11_am21_3,11,1,SATISFIED,1.164,49467.0,7779.28
SAL-Ei-LM,bom_tubes_p10_ao11_am18_2_m25_ao11_am21_3,11,2,SATISFIED,1.185,50483.0,7649.03
SAL-Ei-LM,bom_tubes_p10_ao11_am18_2_m25_ao11_am21_3,11,3,SATISFIED,1.1679,49860.0,7070.78
SAL-Ei-LM,bom_tubes_p10_ao11_am18_2_m25_ao11_am21_3,11,4,SATISFIED,1.1839,49207.0,7019.97
SAL-Ei-LM,bom_tubes_p10_ao11_am18_2_m25_ao11_am21_3,11,5,SATISFIED,1.1617,50263.0,7082.22
SAL-Ei-LM,bom_tubes_p10_ao11_am18_2_m25_ao11_am21_3,11,6,SATISFIED,1.1756,49307.0,7433.09
SAL-Ei-LM,bom_tubes_p10_ao11_am18_2_m25_ao11_am21_3,11,7,SATISFIED,1.1725,49679.0,7306.75
SAL-Ei-LM,bom_tubes_p10_ao11_am18_2_m25_ao11_am21_3,11,8,SATISFIED,1.1703,49052.0,7341.94
SAL-Ei-LM,bom_tubes_p10_ao11_am18_2_m25_ao11_am21_3,11,9,SATISFIED,1.1547,50539.0,7262.03
SAL-Ei-LM,bom_tubes_p10_ao11_am18_2_m25_ao11_am21_3,11,10,SATISFIED,1.1632,50215.0,7463.38
SAL-Ei-LM,bom_tubes_p10_ao11_am18_2_m25_ao11_am23_4,11,1,SATISFIED,1.1586,34807.0,7141.41
SAL-Ei-LM,bom_tubes_p10_ao11_am18_2_m25_ao11_am23_4,11,2,SATISFIED,1.1591,34755.0,7235.44
SAL-Ei-LM,bom_tubes_p10_ao11_am18_2_m25_ao11_am23_4,11,3,SATISFIED,1.2267,34819.0,7264.47
SAL-Ei-LM,bom_tubes_p10_ao11_am18_2_m25_ao11_am23_4,11,4,SATISFIED,1.1472,35557.0,6911.56
SAL-Ei-LM,bom_tubes_p10_ao11_am18_2_m25_ao11_am23_4,11,5,SATISFIED,1.1457,34397.0,7198.88
SAL-Ei-LM,bom_tubes_p10_ao11_am18_2_m25_ao11_am23_4,11,6,SATISFIED,1.1506,34961.0,7294.25
SAL-Ei-LM,bom_tubes_p10_ao11_am18_2_m25_ao11_am23_4,11,7,SATISFIED,1.1635,34271.0,7498.84
SAL-Ei-LM,bom_tubes_p10_ao11_am18_2_m25_ao11_am23_4,11,8,SATISFIED,1.1547,34983.0,7514.91
SAL-Ei-LM,bom_tubes_p10_ao11_am18_2_m25_ao11_am23_4,11,9,SATISFIED,1.1582,34857.0,7544.56
SAL-Ei-LM,bom_tubes_p10_ao11_am18_2_m25_ao11_am23_4,11,10,SATISFIED,1.1638,35395.0,7622.78
SAL-Ei-LM,bom_tubes_p10_ao11_am18_2_m25_ao11_am24_5,11,1,SATISFIED,1.1595,13952.0,7630.22
SAL-Ei-LM,bom_tubes_p10_ao11_am18_2_m25_ao11_am24_5,11,2,SATISFIED,1.1539,14103.0,7770.12
SAL-Ei-LM,bom_tubes_p10_ao11_am18_2_m25_ao11_am24_5,11,3,SATISFIED,1.1541,13894.0,7968.47
SAL-Ei-LM,bom_tubes_p10_ao11_am18_2_m25_ao11_am24_5,11,4,SATISFIED,1.1403,13596.0,7906.22
SAL-Ei-LM,bom_tubes_p10_ao11_am18_2_m25_ao11_am24_5,11,5,SATISFIED,1.1513,13925.0,7763.28
SAL-Ei-LM,bom_tubes_p10_ao11_am18_2_m25_ao11_am24_5,11,6,SATISFIED,1.1636,14067.0,7821.19
SAL-Ei-LM,bom_tubes_p10_ao11_am18_2_m25_ao11_am24_5,11,7,SATISFIED,1.1612,13925.0,8086.5
SAL-Ei-LM,bom_tubes_p10_ao11_am18_2_m25_ao11_am24_5,11,8,SATISFIED,1.163,13730.0,8200.09
SAL-Ei-LM,bom_tubes_p10_ao11_am18_2_m25_ao11_am24_5,11,9,SATISFIED,1.206,13915.0,7755.28
SAL-Ei-LM,bom_tubes_p10_ao11_am18_2_m25_ao11_am24_5,11,10,SATISFIED,1.1522,14030.0,7559.97
SAL-Ei-LM,bom_tubes_p10_ao11_am18_3,11,1,SATISFIED,1.1706,31080.0,11264.31
SAL-Ei-LM,bom_tubes_p10_ao11_am18_3,11,2,SATISFIED,1.1591,31104.0,11114.06
SAL-Ei-LM,bom_tubes_p10_ao11_am18_3,11,3,SATISFIED,1.1615,31188.0,10791.75
SAL-Ei-LM,bom_tubes_p10_ao11_am18_3,11,4,SATISFIED,1.1541,31280.0,10972.66
SAL-Ei-LM,bom_tubes_p10_ao11_am18_3,11,5,SATISFIED,1.1475,31220.0,11351.66
SAL-Ei-LM,bom_tubes_p10_ao11_am18_3,11,6,SATISFIED,1.107,31804.0,11776.91
SAL-Ei-LM,bom_tubes_p10_ao11_am18_3,11,7,SATISFIED,1.0919,31208.0,11337.84
SAL-Ei-LM,bom_tubes_p10_ao11_am18_3,11,8,SATISFIED,1.1533,31326.0,11375.22
SAL-Ei-LM,bom_tubes_p10_ao11_am18_3,11,9,SATISFIED,1.1586,30844.0,11143.91
SAL-Ei-LM,bom_tubes_p10_ao11_am18_3,11,10,SATISFIED,1.1634,31208.0,11194.94
SAL-Ei-LM,bom_tubes_p10_ao11_am18_3_m10_ao11_am8_3,11,1,SATISFIED,1.1509,38127.0,10460.97
SAL-Ei-LM,bom_tubes_p10_ao11_am18_3_m10_ao11_am8_3,11,2,SATISFIED,1.1571,38056.0,10744.56
SAL-Ei-LM,bom_tubes_p10_ao11_am18_3_m10_ao11_am8_3,11,3,SATISFIED,1.156,38095.0,10889.0
SAL-Ei-LM,bom_tubes_p10_ao11_am18_3_m10_ao11_am8_3,11,4,SATISFIED,1.1589,38206.0,11027.69
SAL-Ei-LM,bom_tubes_p10_ao11_am18_3_m10_ao11_am8_3,11,5,SATISFIED,1.1539,38413.0,10660.34
SAL-Ei-LM,bom_tubes_p10_ao11_am18_3_m10_ao11_am8_3,11,6,SATISFIED,1.1588,38079.0,10928.91
SAL-Ei-LM,bom_tubes_p10_ao11_am18_3_m10_ao11_am8_3,11,7,SATISFIED,1.1635,37997.0,11024.16
SAL-Ei-LM,bom_tubes_p10_ao11_am18_3_m10_ao11_am8_3,11,8,SATISFIED,1.1554,38271.0,10924.53
SAL-Ei-LM,bom_tubes_p10_ao11_am18_3_m10_ao11_am8_3,11,9,SATISFIED,1.1486,37893.0,10950.44
SAL-Ei-LM,bom_tubes_p10_ao11_am18_3_m10_ao11_am8_3,11,10,SATISFIED,1.1589,38012.0,10735.62
SAL-Ei-LM,bom_tubes_p10_ao11_am18_3_m10_ao11_am9_1,11,1,SATISFIED,1.161,44068.0,10036.81
SAL-Ei-LM,bom_tubes_p10_ao11_am18_3_m10_ao11_am9_1,11,2,SATISFIED,1.2546,44664.0,10145.97
SAL-Ei-LM,bom_tubes_p10_ao11_am18_3_m10_ao11_am9_1,11,3,SATISFIED,1.1717,44647.0,9464.84
SAL-Ei-LM,bom_tubes_p10_ao11_am18_3_m10_ao11_am9_1,11,4,SATISFIED,1.1695,44162.0,9582.38
SAL-Ei-LM,bom_tubes_p10_ao11_am18_3_m10_ao11_am9_1,11,5,SATISFIED,1.1677,44208.0,10064.56
SAL-Ei-LM,bom_tubes_p10_ao11_am18_3_m10_ao11_am9_1,11,6,SATISFIED,1.1652,44115.0,10212.84
SAL-Ei-LM,bom_tubes_p10_ao11_am18_3_m10_ao11_am9_1,11,7,SATISFIED,1.1678,44137.0,10015.25
SAL-Ei-LM,bom_tubes_p10_ao11_am18_3_m10_ao11_am9_1,11,8,SATISFIED,1.1576,43941.0,9742.78
SAL-Ei-LM,bom_tubes_p10_ao11_am18_3_m10_ao11_am9_1,11,9,SATISFIED,1.1581,43638.0,9431.22
SAL-Ei-LM,bom_tubes_p10_ao11_am18_3_m10_ao11_am9_1,11,10,SATISFIED,1.1598,44043.0,9493.22
SAL-Ei-LM,bom_tubes_p10_ao11_am18_3_m10_ao11_am9_2,11,1,SATISFIED,1.164,207146.0,10775.31
SAL-Ei-LM,bom_tubes_p10_ao11_am18_3_m10_ao11_am9_2,11,2,SATISFIED,1.16,207146.0,10964.34
SAL-Ei-LM,bom_tubes_p10_ao11_am18_3_m10_ao11_am9_2,11,3,SATISFIED,1.1612,207146.0,11394.91
SAL-Ei-LM,bom_tubes_p10_ao11_am18_3_m10_ao11_am9_2,11,4,SATISFIED,1.1618,207146.0,11647.41
SAL-Ei-LM,bom_tubes_p10_ao11_am18_3_m10_ao11_am9_2,11,5,SATISFIED,1.1625,207146.0,11480.16
SAL-Ei-LM,bom_tubes_p10_ao11_am18_3_m10_ao11_am9_2,11,6,SATISFIED,1.1611,207146.0,11438.94
SAL-Ei-LM,bom_tubes_p10_ao11_am18_3_m10_ao11_am9_2,11,7,SATISFIED,1.1618,207146.0,11053.47
SAL-Ei-LM,bom_tubes_p10_ao11_am18_3_m10_ao11_am9_2,11,8,SATISFIED,1.1674,207146.0,11266.69
SAL-Ei-LM,bom_tubes_p10_ao11_am18_3_m10_ao11_am9_2,11,9,SATISFIED,1.1584,207146.0,11208.12
SAL-Ei-LM,bom_tubes_p10_ao11_am18_3_m10_ao11_am9_2,11,10,SATISFIED,1.1544,207146.0,11214.41
SAL-Ei-LM,bom_tubes_p10_ao11_am18_3_m10_ao11_am9_4,11,1,SATISFIED,1.166,121151.0,9107.69
SAL-Ei-LM,bom_tubes_p10_ao11_am18_3_m10_ao11_am9_4,11,2,SATISFIED,1.1769,121092.0,8806.25
SAL-Ei-LM,bom_tubes_p10_ao11_am18_3_m10_ao11_am9_4,11,3,SATISFIED,1.1587,121157.0,9157.69
SAL-Ei-LM,bom_tubes_p10_ao11_am18_3_m10_ao11_am9_4,11,4,SATISFIED,1.1035,121199.0,9628.88
SAL-Ei-LM,bom_tubes_p10_ao11_am18_3_m10_ao11_am9_4,11,5,SATISFIED,1.1628,121212.0,9475.59
SAL-Ei-LM,bom_tubes_p10_ao11_am18_3_m10_ao11_am9_4,11,6,SATISFIED,1.1579,121043.0,8984.28
SAL-Ei-LM,bom_tubes_p10_ao11_am18_3_m10_ao11_am9_4,11,7,SATISFIED,1.1541,121142.0,8776.25
SAL-Ei-LM,bom_tubes_p10_ao11_am18_3_m10_ao11_am9_4,11,8,SATISFIED,1.165,121229.0,8608.16
SAL-Ei-LM,bom_tubes_p10_ao11_am18_3_m10_ao11_am9_4,11,9,SATISFIED,1.1621,121082.0,8925.12
SAL-Ei-LM,bom_tubes_p10_ao11_am18_3_m10_ao11_am9_4,11,10,SATISFIED,1.16,121043.0,9367.44
SAL-Ei-LM,bom_tubes_p10_ao11_am18_3_m10_ao11_am10_5,11,1,SATISFIED,1.0996,24642.0,9334.59
SAL-Ei-LM,bom_tubes_p10_ao11_am18_3_m10_ao11_am10_5,11,2,SATISFIED,1.1022,24598.0,9371.91
SAL-Ei-LM,bom_tubes_p10_ao11_am18_3_m10_ao11_am10_5,11,3,SATISFIED,1.0992,24587.0,9652.91
SAL-Ei-LM,bom_tubes_p10_ao11_am18_3_m10_ao11_am10_5,11,4,SATISFIED,1.0989,24549.0,9805.81
SAL-Ei-LM,bom_tubes_p10_ao11_am18_3_m10_ao11_am10_5,11,5,SATISFIED,1.0968,24624.0,10053.59
SAL-Ei-LM,bom_tubes_p10_ao11_am18_3_m10_ao11_am10_5,11,6,SATISFIED,1.101,24602.0,9672.19
SAL-Ei-LM,bom_tubes_p10_ao11_am18_3_m10_ao11_am10_5,11,7,SATISFIED,1.0943,24564.0,9566.0
SAL-Ei-LM,bom_tubes_p10_ao11_am18_3_m10_ao11_am10_5,11,8,SATISFIED,1.0973,24661.0,9504.69
SAL-Ei-LM,bom_tubes_p10_ao11_am18_3_m10_ao11_am10_5,11,9,SATISFIED,1.1009,24552.0,9134.84
SAL-Ei-LM,bom_tubes_p10_ao11_am18_3_m10_ao11_am10_5,11,10,SATISFIED,1.1659,24631.0,9278.0
SAL-Ei-LM,bom_tubes_p10_ao11_am18_3_m25_ao11_am19_2,11,1,SATISFIED,1.1613,35736.0,7320.28
SAL-Ei-LM,bom_tubes_p10_ao11_am18_3_m25_ao11_am19_2,11,2,SATISFIED,1.1583,35847.0,7119.19
SAL-Ei-LM,bom_tubes_p10_ao11_am18_3_m25_ao11_am19_2,11,3,SATISFIED,1.1648,36053.0,7141.25
SAL-Ei-LM,bom_tubes_p10_ao11_am18_3_m25_ao11_am19_2,11,4,SATISFIED,1.1603,36181.0,7441.41
SAL-Ei-LM,bom_tubes_p10_ao11_am18_3_m25_ao11_am19_2,11,5,SATISFIED,1.1518,36719.0,7746.66
SAL-Ei-LM,bom_tubes_p10_ao11_am18_3_m25_ao11_am19_2,11,6,SATISFIED,1.1565,35639.0,7951.12
SAL-Ei-LM,bom_tubes_p10_ao11_am18_3_m25_ao11_am19_2,11,7,SATISFIED,1.1589,36084.0,7760.72
SAL-Ei-LM,bom_tubes_p10_ao11_am18_3_m25_ao11_am19_2,11,8,SATISFIED,1.156,35646.0,7724.59
SAL-Ei-LM,bom_tubes_p10_ao11_am18_3_m25_ao11_am19_2,11,9,SATISFIED,1.155,35739.0,7681.12
SAL-Ei-LM,bom_tubes_p10_ao11_am18_3_m25_ao11_am19_2,11,10,SATISFIED,1.1321,35627.0,7703.91
SAL-Ei-LM,bom_tubes_p10_ao11_am18_3_m25_ao11_am21_1,11,1,SATISFIED,1.1581,17854.0,7586.19
SAL-Ei-LM,bom_tubes_p10_ao11_am18_3_m25_ao11_am21_1,11,2,SATISFIED,1.2709,17511.0,7469.03
SAL-Ei-LM,bom_tubes_p10_ao11_am18_3_m25_ao11_am21_1,11,3,SATISFIED,1.1652,17886.0,6909.72
SAL-Ei-LM,bom_tubes_p10_ao11_am18_3_m25_ao11_am21_1,11,4,SATISFIED,1.1637,17919.0,7392.5
SAL-Ei-LM,bom_tubes_p10_ao11_am18_3_m25_ao11_am21_1,11,5,SATISFIED,1.1668,17894.0,7476.06
SAL-Ei-LM,bom_tubes_p10_ao11_am18_3_m25_ao11_am21_1,11,6,SATISFIED,1.1637,17802.0,7436.16
SAL-Ei-LM,bom_tubes_p10_ao11_am18_3_m25_ao11_am21_1,11,7,SATISFIED,1.1579,17957.0,7536.28
SAL-Ei-LM,bom_tubes_p10_ao11_am18_3_m25_ao11_am21_1,11,8,SATISFIED,1.1599,17459.0,7629.28
SAL-Ei-LM,bom_tubes_p10_ao11_am18_3_m25_ao11_am21_1,11,9,SATISFIED,1.1506,17937.0,7461.91
SAL-Ei-LM,bom_tubes_p10_ao11_am18_3_m25_ao11_am21_1,11,10,SATISFIED,1.1365,17775.0,7463.19
SAL-Ei-LM,bom_tubes_p10_ao11_am18_3_m25_ao11_am21_3,11,1,SATISFIED,1.1629,58914.0,7515.09
SAL-Ei-LM,bom_tubes_p10_ao11_am18_3_m25_ao11_am21_3,11,2,SATISFIED,1.1629,58161.0,7729.75
SAL-Ei-LM,bom_tubes_p10_ao11_am18_3_m25_ao11_am21_3,11,3,SATISFIED,1.1732,58403.0,7452.81
SAL-Ei-LM,bom_tubes_p10_ao11_am18_3_m25_ao11_am21_3,11,4,SATISFIED,1.1592,58877.0,7742.25
SAL-Ei-LM,bom_tubes_p10_ao11_am18_3_m25_ao11_am21_3,11,5,SATISFIED,1.1488,58391.0,7485.81
SAL-Ei-LM,bom_tubes_p10_ao11_am18_3_m25_ao11_am21_3,11,6,SATISFIED,1.1621,57719.0,7790.25
SAL-Ei-LM,bom_tubes_p10_ao11_am18_3_m25_ao11_am21_3,11,7,SATISFIED,1.1904,58828.0,7857.44
SAL-Ei-LM,bom_tubes_p10_ao11_am18_3_m25_ao11_am21_3,11,8,SATISFIED,1.2018,58786.0,7570.94
SAL-Ei-LM,bom_tubes_p10_ao11_am18_3_m25_ao11_am21_3,11,9,SATISFIED,1.1937,58353.0,7255.09
SAL-Ei-LM,bom_tubes_p10_ao11_am18_3_m25_ao11_am21_3,11,10,SATISFIED,1.1997,59050.0,7382.75
SAL-Ei-LM,bom_tubes_p10_ao11_am18_3_m25_ao11_am23_4,11,1,SATISFIED,1.1798,43533.0,7408.84
SAL-Ei-LM,bom_tubes_p10_ao11_am18_3_m25_ao11_am23_4,11,2,SATISFIED,1.2092,43540.0,7563.19
SAL-Ei-LM,bom_tubes_p10_ao11_am18_3_m25_ao11_am23_4,11,3,SATISFIED,1.1734,43919.0,7140.31
SAL-Ei-LM,bom_tubes_p10_ao11_am18_3_m25_ao11_am23_4,11,4,SATISFIED,1.1557,44906.0,7216.47
SAL-Ei-LM,bom_tubes_p10_ao11_am18_3_m25_ao11_am23_4,11,5,SATISFIED,1.1593,43978.0,7314.78
SAL-Ei-LM,bom_tubes_p10_ao11_am18_3_m25_ao11_am23_4,11,6,SATISFIED,1.1262,44669.0,7742.31
SAL-Ei-LM,bom_tubes_p10_ao11_am18_3_m25_ao11_am23_4,11,7,SATISFIED,1.1551,42390.0,7815.19
SAL-Ei-LM,bom_tubes_p10_ao11_am18_3_m25_ao11_am23_4,11,8,SATISFIED,1.1562,43798.0,7610.12
SAL-Ei-LM,bom_tubes_p10_ao11_am18_3_m25_ao11_am23_4,11,9,SATISFIED,1.1702,44602.0,7644.16
SAL-Ei-LM,bom_tubes_p10_ao11_am18_3_m25_ao11_am23_4,11,10,SATISFIED,1.1554,43392.0,7595.59
SAL-Ei-LM,bom_tubes_p10_ao11_am18_3_m25_ao11_am24_5,11,1,SATISFIED,1.1495,14274.0,7272.38
SAL-Ei-LM,bom_tubes_p10_ao11_am18_3_m25_ao11_am24_5,11,2,SATISFIED,1.1508,14276.0,7466.38
SAL-Ei-LM,bom_tubes_p10_ao11_am18_3_m25_ao11_am24_5,11,3,SATISFIED,1.151,14055.0,7126.94
SAL-Ei-LM,bom_tubes_p10_ao11_am18_3_m25_ao11_am24_5,11,4,SATISFIED,1.1618,14331.0,6973.72
SAL-Ei-LM,bom_tubes_p10_ao11_am18_3_m25_ao11_am24_5,11,5,SATISFIED,1.1599,13893.0,7180.88
SAL-Ei-LM,bom_tubes_p10_ao11_am18_3_m25_ao11_am24_5,11,6,SATISFIED,1.1558,14119.0,7170.31
SAL-Ei-LM,bom_tubes_p10_ao11_am18_3_m25_ao11_am24_5,11,7,SATISFIED,1.2265,14114.0,7244.78
SAL-Ei-LM,bom_tubes_p10_ao11_am18_3_m25_ao11_am24_5,11,8,SATISFIED,1.1503,14210.0,7144.53
SAL-Ei-LM,bom_tubes_p10_ao11_am18_3_m25_ao11_am24_5,11,9,SATISFIED,1.1591,14319.0,6848.59
SAL-Ei-LM,bom_tubes_p10_ao11_am18_3_m25_ao11_am24_5,11,10,SATISFIED,1.1555,14286.0,6953.75
SAL-Ei-LM,bom_tubes_p10_ao11_am18_4,11,1,SATISFIED,1.1626,21624.0,10928.44
SAL-Ei-LM,bom_tubes_p10_ao11_am18_4,11,2,SATISFIED,1.1561,21632.0,11099.28
SAL-Ei-LM,bom_tubes_p10_ao11_am18_4,11,3,SATISFIED,1.1666,21700.0,10998.84
SAL-Ei-LM,bom_tubes_p10_ao11_am18_4,11,4,SATISFIED,1.1739,21660.0,10897.56
SAL-Ei-LM,bom_tubes_p10_ao11_am18_4,11,5,SATISFIED,1.1886,21500.0,10729.94
SAL-Ei-LM,bom_tubes_p10_ao11_am18_4,11,6,SATISFIED,1.1634,21784.0,10964.31
SAL-Ei-LM,bom_tubes_p10_ao11_am18_4,11,7,SATISFIED,1.1629,21620.0,11462.12
SAL-Ei-LM,bom_tubes_p10_ao11_am18_4,11,8,SATISFIED,1.1669,21604.0,10592.25
SAL-Ei-LM,bom_tubes_p10_ao11_am18_4,11,9,SATISFIED,1.1771,21620.0,9791.66
SAL-Ei-LM,bom_tubes_p10_ao11_am18_4,11,10,SATISFIED,1.1569,21480.0,9740.66
SAL-Ei-LM,bom_tubes_p10_ao11_am18_4_m10_ao11_am8_3,11,1,SATISFIED,1.155,49303.0,10122.62
SAL-Ei-LM,bom_tubes_p10_ao11_am18_4_m10_ao11_am8_3,11,2,SATISFIED,1.1733,49281.0,10410.0
SAL-Ei-LM,bom_tubes_p10_ao11_am18_4_m10_ao11_am8_3,11,3,SATISFIED,1.1591,49271.0,10446.0
SAL-Ei-LM,bom_tubes_p10_ao11_am18_4_m10_ao11_am8_3,11,4,SATISFIED,1.1574,49271.0,10037.75
SAL-Ei-LM,bom_tubes_p10_ao11_am18_4_m10_ao11_am8_3,11,5,SATISFIED,1.1731,49312.0,9989.34
SAL-Ei-LM,bom_tubes_p10_ao11_am18_4_m10_ao11_am8_3,11,6,SATISFIED,1.1767,49281.0,10488.66
SAL-Ei-LM,bom_tubes_p10_ao11_am18_4_m10_ao11_am8_3,11,7,SATISFIED,1.1781,49271.0,10818.03
SAL-Ei-LM,bom_tubes_p10_ao11_am18_4_m10_ao11_am8_3,11,8,SATISFIED,1.2154,49281.0,11207.69
SAL-Ei-LM,bom_tubes_p10_ao11_am18_4_m10_ao11_am8_3,11,9,SATISFIED,1.157,49287.0,10955.16
SAL-Ei-LM,bom_tubes_p10_ao11_am18_4_m10_ao11_am8_3,11,10,SATISFIED,1.1682,49467.0,10693.62
SAL-Ei-LM,bom_tubes_p10_ao11_am18_4_m10_ao11_am9_1,11,1,SATISFIED,1.1625,40951.0,9352.19
SAL-Ei-LM,bom_tubes_p10_ao11_am18_4_m10_ao11_am9_1,11,2,SATISFIED,1.168,40979.0,9026.59
SAL-Ei-LM,bom_tubes_p10_ao11_am18_4_m10_ao11_am9_1,11,3,SATISFIED,1.1678,41087.0,9199.84
SAL-Ei-LM,bom_tubes_p10_ao11_am18_4_m10_ao11_am9_1,11,4,SATISFIED,1.161,40924.0,9868.28
SAL-Ei-LM,bom_tubes_p10_ao11_am18_4_m10_ao11_am9_1,11,5,SATISFIED,1.1661,40883.0,10054.88
SAL-Ei-LM,bom_tubes_p10_ao11_am18_4_m10_ao11_am9_1,11,6,SATISFIED,1.1604,40967.0,10288.72
SAL-Ei-LM,bom_tubes_p10_ao11_am18_4_m10_ao11_am9_1,11,7,SATISFIED,1.1583,40760.0,10274.91
SAL-Ei-LM,bom_tubes_p10_ao11_am18_4_m10_ao11_am9_1,11,8,SATISFIED,1.1583,40793.0,10051.03
SAL-Ei-LM,bom_tubes_p10_ao11_am18_4_m10_ao11_am9_1,11,9,SATISFIED,1.1615,40792.0,9907.75
SAL-Ei-LM,bom_tubes_p10_ao11_am18_4_m10_ao11_am9_1,11,10,SATISFIED,1.1676,40925.0,9397.16
SAL-Ei-LM,bom_tubes_p10_ao11_am18_4_m10_ao11_am9_2,11,1,SATISFIED,1.1578,37376.0,11747.38
SAL-Ei-LM,bom_tubes_p10_ao11_am18_4_m10_ao11_am9_2,11,2,SATISFIED,1.158,37376.0,12197.5
SAL-Ei-LM,bom_tubes_p10_ao11_am18_4_m10_ao11_am9_2,11,3,SATISFIED,1.1605,37376.0,12619.41
SAL-Ei-LM,bom_tubes_p10_ao11_am18_4_m10_ao11_am9_2,11,4,SATISFIED,1.1644,37376.0,12225.22
SAL-Ei-LM,bom_tubes_p10_ao11_am18_4_m10_ao11_am9_2,11,5,SATISFIED,1.1613,37376.0,12238.5
SAL-Ei-LM,bom_tubes_p10_ao11_am18_4_m10_ao11_am9_2,11,6,SATISFIED,1.1622,37376.0,12528.38
SAL-Ei-LM,bom_tubes_p10_ao11_am18_4_m10_ao11_am9_2,11,7,SATISFIED,1.1613,37376.0,12763.88
SAL-Ei-LM,bom_tubes_p10_ao11_am18_4_m10_ao11_am9_2,11,8,SATISFIED,1.1546,37376.0,13142.81
SAL-Ei-LM,bom_tubes_p10_ao11_am18_4_m10_ao11_am9_2,11,9,SATISFIED,1.1622,37376.0,13133.09
SAL-Ei-LM,bom_tubes_p10_ao11_am18_4_m10_ao11_am9_2,11,10,SATISFIED,1.1537,37376.0,12697.69
SAL-Ei-LM,bom_tubes_p10_ao11_am18_4_m10_ao11_am10_4,11,1,SATISFIED,1.1682,16667.0,8715.97
SAL-Ei-LM,bom_tubes_p10_ao11_am18_4_m10_ao11_am10_4,11,2,SATISFIED,1.1729,16689.0,8717.84
SAL-Ei-LM,bom_tubes_p10_ao11_am18_4_m10_ao11_am10_4,11,3,SATISFIED,1.1664,16595.0,8811.56
SAL-Ei-LM,bom_tubes_p10_ao11_am18_4_m10_ao11_am10_4,11,4,SATISFIED,1.1664,16511.0,8693.03
SAL-Ei-LM,bom_tubes_p10_ao11_am18_4_m10_ao11_am10_4,11,5,SATISFIED,1.1644,16348.0,8808.0
SAL-Ei-LM,bom_tubes_p10_ao11_am18_4_m10_ao11_am10_4,11,6,SATISFIED,1.1388,16288.0,8337.94
SAL-Ei-LM,bom_tubes_p10_ao11_am18_4_m10_ao11_am10_4,11,7,SATISFIED,1.1539,16511.0,8599.66
SAL-Ei-LM,bom_tubes_p10_ao11_am18_4_m10_ao11_am10_4,11,8,SATISFIED,1.168,16665.0,8606.19
SAL-Ei-LM,bom_tubes_p10_ao11_am18_4_m10_ao11_am10_4,11,9,SATISFIED,1.1634,16277.0,8827.16
SAL-Ei-LM,bom_tubes_p10_ao11_am18_4_m10_ao11_am10_4,11,10,SATISFIED,1.1809,16604.0,8967.62
SAL-Ei-LM,bom_tubes_p10_ao11_am18_4_m10_ao11_am10_5,11,1,SATISFIED,1.1808,31686.0,9083.09
SAL-Ei-LM,bom_tubes_p10_ao11_am18_4_m10_ao11_am10_5,11,2,SATISFIED,1.1923,31659.0,8907.94
SAL-Ei-LM,bom_tubes_p10_ao11_am18_4_m10_ao11_am10_5,11,3,SATISFIED,1.1605,31839.0,8977.66
SAL-Ei-LM,bom_tubes_p10_ao11_am18_4_m10_ao11_am10_5,11,4,SATISFIED,1.1557,31658.0,9032.59
SAL-Ei-LM,bom_tubes_p10_ao11_am18_4_m10_ao11_am10_5,11,5,SATISFIED,1.1585,31659.0,9026.47
SAL-Ei-LM,bom_tubes_p10_ao11_am18_4_m10_ao11_am10_5,11,6,SATISFIED,1.2297,31803.0,9058.81
SAL-Ei-LM,bom_tubes_p10_ao11_am18_4_m10_ao11_am10_5,11,7,SATISFIED,1.1568,32159.0,8293.56
SAL-Ei-LM,bom_tubes_p10_ao11_am18_4_m10_ao11_am10_5,11,8,SATISFIED,1.1444,31659.0,8699.0
SAL-Ei-LM,bom_tubes_p10_ao11_am18_4_m10_ao11_am10_5,11,9,SATISFIED,1.156,31759.0,8391.72
SAL-Ei-LM,bom_tubes_p10_ao11_am18_4_m10_ao11_am10_5,11,10,SATISFIED,1.1616,31739.0,8781.56
SAL-Ei-LM,bom_tubes_p10_ao11_am18_4_m25_ao11_am19_2,11,1,SATISFIED,1.1611,34152.0,7460.78
SAL-Ei-LM,bom_tubes_p10_ao11_am18_4_m25_ao11_am19_2,11,2,SATISFIED,1.1608,34647.0,7798.75
SAL-Ei-LM,bom_tubes_p10_ao11_am18_4_m25_ao11_am19_2,11,3,SATISFIED,1.1616,34296.0,7833.56
SAL-Ei-LM,bom_tubes_p10_ao11_am18_4_m25_ao11_am19_2,11,4,SATISFIED,1.1644,34312.0,7685.19
SAL-Ei-LM,bom_tubes_p10_ao11_am18_4_m25_ao11_am19_2,11,5,SATISFIED,1.1626,34347.0,7709.34
SAL-Ei-LM,bom_tubes_p10_ao11_am18_4_m25_ao11_am19_2,11,6,SATISFIED,1.1631,34376.0,7726.28
SAL-Ei-LM,bom_tubes_p10_ao11_am18_4_m25_ao11_am19_2,11,7,SATISFIED,1.1619,34216.0,7998.5
SAL-Ei-LM,bom_tubes_p10_ao11_am18_4_m25_ao11_am19_2,11,8,SATISFIED,1.1577,34246.0,7843.09
SAL-Ei-LM,bom_tubes_p10_ao11_am18_4_m25_ao11_am19_2,11,9,SATISFIED,1.1578,34184.0,7674.38
SAL-Ei-LM,bom_tubes_p10_ao11_am18_4_m25_ao11_am19_2,11,10,SATISFIED,1.1605,34199.0,7641.72
SAL-Ei-LM,bom_tubes_p10_ao11_am18_4_m25_ao11_am20_4,11,1,SATISFIED,1.1545,35270.0,7483.56
SAL-Ei-LM,bom_tubes_p10_ao11_am18_4_m25_ao11_am20_4,11,2,SATISFIED,1.1593,34418.0,7608.0
SAL-Ei-LM,bom_tubes_p10_ao11_am18_4_m25_ao11_am20_4,11,3,SATISFIED,1.2629,34678.0,7579.12
SAL-Ei-LM,bom_tubes_p10_ao11_am18_4_m25_ao11_am20_4,11,4,SATISFIED,1.1577,35444.0,7070.34
SAL-Ei-LM,bom_tubes_p10_ao11_am18_4_m25_ao11_am20_4,11,5,SATISFIED,1.1623,34156.0,7434.62
SAL-Ei-LM,bom_tubes_p10_ao11_am18_4_m25_ao11_am20_4,11,6,SATISFIED,1.1583,34883.0,7643.97
SAL-Ei-LM,bom_tubes_p10_ao11_am18_4_m25_ao11_am20_4,11,7,SATISFIED,1.1601,35741.0,7645.06
SAL-Ei-LM,bom_tubes_p10_ao11_am18_4_m25_ao11_am20_4,11,8,SATISFIED,1.1539,34137.0,7870.59
SAL-Ei-LM,bom_tubes_p10_ao11_am18_4_m25_ao11_am20_4,11,9,SATISFIED,1.1595,34652.0,7918.72
SAL-Ei-LM,bom_tubes_p10_ao11_am18_4_m25_ao11_am20_4,11,10,SATISFIED,1.1582,34883.0,7741.44
SAL-Ei-LM,bom_tubes_p10_ao11_am18_4_m25_ao11_am21_5,11,1,SATISFIED,1.1579,15025.0,7401.84
SAL-Ei-LM,bom_tubes_p10_ao11_am18_4_m25_ao11_am21_5,11,2,SATISFIED,1.1611,14688.0,7426.5
SAL-Ei-LM,bom_tubes_p10_ao11_am18_4_m25_ao11_am21_5,11,3,SATISFIED,1.1637,15175.0,7400.09
SAL-Ei-LM,bom_tubes_p10_ao11_am18_4_m25_ao11_am21_5,11,4,SATISFIED,1.1658,14756.0,7518.94
SAL-Ei-LM,bom_tubes_p10_ao11_am18_4_m25_ao11_am21_5,11,5,SATISFIED,1.1248,14985.0,7800.81
SAL-Ei-LM,bom_tubes_p10_ao11_am18_4_m25_ao11_am21_5,11,6,SATISFIED,1.1836,14844.0,7857.94
SAL-Ei-LM,bom_tubes_p10_ao11_am18_4_m25_ao11_am21_5,11,7,SATISFIED,1.1572,14711.0,7599.56
SAL-Ei-LM,bom_tubes_p10_ao11_am18_4_m25_ao11_am21_5,11,8,SATISFIED,1.1601,15008.0,7307.78
SAL-Ei-LM,bom_tubes_p10_ao11_am18_4_m25_ao11_am21_5,11,9,SATISFIED,1.144,14802.0,7367.91
SAL-Ei-LM,bom_tubes_p10_ao11_am18_4_m25_ao11_am21_5,11,10,SATISFIED,1.237,15162.0,7376.38
SAL-Ei-LM,bom_tubes_p10_ao11_am18_4_m25_ao11_am22_1,11,1,SATISFIED,1.1759,15786.0,6980.16
SAL-Ei-LM,bom_tubes_p10_ao11_am18_4_m25_ao11_am22_1,11,2,SATISFIED,1.1938,15911.0,7081.94
SAL-Ei-LM,bom_tubes_p10_ao11_am18_4_m25_ao11_am22_1,11,3,SATISFIED,1.2047,15668.0,6800.75
SAL-Ei-LM,bom_tubes_p10_ao11_am18_4_m25_ao11_am22_1,11,4,SATISFIED,1.1833,15554.0,6809.22
SAL-Ei-LM,bom_tubes_p10_ao11_am18_4_m25_ao11_am22_1,11,5,SATISFIED,1.1774,15512.0,7023.0
SAL-Ei-LM,bom_tubes_p10_ao11_am18_4_m25_ao11_am22_1,11,6,SATISFIED,1.157,15388.0,7015.91
SAL-Ei-LM,bom_tubes_p10_ao11_am18_4_m25_ao11_am22_1,11,7,SATISFIED,1.1635,15552.0,7329.66
SAL-Ei-LM,bom_tubes_p10_ao11_am18_4_m25_ao11_am22_1,11,8,SATISFIED,1.1571,15750.0,7473.12
SAL-Ei-LM,bom_tubes_p10_ao11_am18_4_m25_ao11_am22_1,11,9,SATISFIED,1.1769,15725.0,7173.59
SAL-Ei-LM,bom_tubes_p10_ao11_am18_4_m25_ao11_am22_1,11,10,SATISFIED,1.1693,15602.0,6917.44
SAL-Ei-LM,bom_tubes_p10_ao11_am18_4_m25_ao11_am22_3,11,1,SATISFIED,1.1694,28696.0,7005.12
SAL-Ei-LM,bom_tubes_p10_ao11_am18_4_m25_ao11_am22_3,11,2,SATISFIED,1.1696,28672.0,7363.22
SAL-Ei-LM,bom_tubes_p10_ao11_am18_4_m25_ao11_am22_3,11,3,SATISFIED,1.164,27677.0,7780.5
SAL-Ei-LM,bom_tubes_p10_ao11_am18_4_m25_ao11_am22_3,11,4,SATISFIED,1.1772,28932.0,7905.69
SAL-Ei-LM,bom_tubes_p10_ao11_am18_4_m25_ao11_am22_3,11,5,SATISFIED,1.1701,29012.0,7643.94
SAL-Ei-LM,bom_tubes_p10_ao11_am18_4_m25_ao11_am22_3,11,6,SATISFIED,1.2718,29064.0,7536.22
SAL-Ei-LM,bom_tubes_p10_ao11_am18_4_m25_ao11_am22_3,11,7,SATISFIED,1.1701,29012.0,6790.19
SAL-Ei-LM,bom_tubes_p10_ao11_am18_4_m25_ao11_am22_3,11,8,SATISFIED,1.1714,28740.0,7226.94
SAL-Ei-LM,bom_tubes_p10_ao11_am18_4_m25_ao11_am22_3,11,9,SATISFIED,1.1649,28724.0,7271.66
SAL-Ei-LM,bom_tubes_p10_ao11_am18_4_m25_ao11_am22_3,11,10,SATISFIED,1.155,28449.0,7260.66
SAL-Ei-LM,bom_tubes_p10_ao11_am18_5,11,1,SATISFIED,1.1613,13932.0,10681.59
SAL-Ei-LM,bom_tubes_p10_ao11_am18_5,11,2,SATISFIED,1.1543,13964.0,9888.12
SAL-Ei-LM,bom_tubes_p10_ao11_am18_5,11,3,SATISFIED,1.165,13964.0,10233.25
SAL-Ei-LM,bom_tubes_p10_ao11_am18_5,11,4,SATISFIED,1.1584,13932.0,10594.88
SAL-Ei-LM,bom_tubes_p10_ao11_am18_5,11,5,SATISFIED,1.1597,13912.0,10924.97
SAL-Ei-LM,bom_tubes_p10_ao11_am18_5,11,6,SATISFIED,1.1437,13932.0,9900.16
SAL-Ei-LM,bom_tubes_p10_ao11_am18_5,11,7,SATISFIED,1.163,13976.0,9752.06
SAL-Ei-LM,bom_tubes_p10_ao11_am18_5,11,8,SATISFIED,1.1667,13972.0,9975.53
SAL-Ei-LM,bom_tubes_p10_ao11_am18_5,11,9,SATISFIED,1.1606,13956.0,10788.59
SAL-Ei-LM,bom_tubes_p10_ao11_am18_5,11,10,SATISFIED,1.1575,13964.0,10916.56
SAL-Ei-LM,bom_tubes_p10_ao11_am18_5_m10_ao11_am9_1,11,1,SATISFIED,1.1711,35765.0,9644.41
SAL-Ei-LM,bom_tubes_p10_ao11_am18_5_m10_ao11_am9_1,11,2,SATISFIED,1.1865,35876.0,9545.06
SAL-Ei-LM,bom_tubes_p10_ao11_am18_5_m10_ao11_am9_1,11,3,SATISFIED,1.1753,35775.0,9514.81
SAL-Ei-LM,bom_tubes_p10_ao11_am18_5_m10_ao11_am9_1,11,4,SATISFIED,1.159,35783.0,9438.44
SAL-Ei-LM,bom_tubes_p10_ao11_am18_5_m10_ao11_am9_1,11,5,SATISFIED,1.1749,35743.0,9588.78
SAL-Ei-LM,bom_tubes_p10_ao11_am18_5_m10_ao11_am9_1,11,6,SATISFIED,1.1735,35861.0,9656.09
SAL-Ei-LM,bom_tubes_p10_ao11_am18_5_m10_ao11_am9_1,11,7,SATISFIED,1.2725,35688.0,9952.5
SAL-Ei-LM,bom_tubes_p10_ao11_am18_5_m10_ao11_am9_1,11,8,SATISFIED,1.1653,35754.0,9320.66
SAL-Ei-LM,bom_tubes_p10_ao11_am18_5_m10_ao11_am9_1,11,9,SATISFIED,1.165,35829.0,10237.72
SAL-Ei-LM,bom_tubes_p10_ao11_am18_5_m10_ao11_am9_1,11,10,SATISFIED,1.1741,35823.0,10406.94
SAL-Ei-LM,bom_tubes_p10_ao11_am18_5_m10_ao11_am9_2,11,1,SATISFIED,1.1752,19573.0,12273.66
SAL-Ei-LM,bom_tubes_p10_ao11_am18_5_m10_ao11_am9_2,11,2,SATISFIED,1.1632,19496.0,12036.56
SAL-Ei-LM,bom_tubes_p10_ao11_am18_5_m10_ao11_am9_2,11,3,SATISFIED,1.1658,19608.0,12121.88
SAL-Ei-LM,bom_tubes_p10_ao11_am18_5_m10_ao11_am9_2,11,4,SATISFIED,1.1648,19309.0,11975.03
SAL-Ei-LM,bom_tubes_p10_ao11_am18_5_m10_ao11_am9_2,11,5,SATISFIED,1.1712,19387.0,11783.91
SAL-Ei-LM,bom_tubes_p10_ao11_am18_5_m10_ao11_am9_2,11,6,SATISFIED,1.1762,19225.0,11550.28
SAL-Ei-LM,bom_tubes_p10_ao11_am18_5_m10_ao11_am9_2,11,7,SATISFIED,1.1773,19271.0,11067.41
SAL-Ei-LM,bom_tubes_p10_ao11_am18_5_m10_ao11_am9_2,11,8,SATISFIED,1.1728,19314.0,11112.28
SAL-Ei-LM,bom_tubes_p10_ao11_am18_5_m10_ao11_am9_2,11,9,SATISFIED,1.1717,19608.0,10905.66
SAL-Ei-LM,bom_tubes_p10_ao11_am18_5_m10_ao11_am9_2,11,10,SATISFIED,1.1787,19503.0,11079.34
SAL-Ei-LM,bom_tubes_p10_ao11_am18_5_m10_ao11_am10_3,11,1,SATISFIED,1.1788,14252.0,10591.12
SAL-Ei-LM,bom_tubes_p10_ao11_am18_5_m10_ao11_am10_3,11,2,SATISFIED,1.1728,14233.0,10980.69
SAL-Ei-LM,bom_tubes_p10_ao11_am18_5_m10_ao11_am10_3,11,3,SATISFIED,1.1844,14234.0,11296.53
SAL-Ei-LM,bom_tubes_p10_ao11_am18_5_m10_ao11_am10_3,11,4,SATISFIED,1.1821,14294.0,11196.44
SAL-Ei-LM,bom_tubes_p10_ao11_am18_5_m10_ao11_am10_3,11,5,SATISFIED,1.1635,14234.0,11380.41
SAL-Ei-LM,bom_tubes_p10_ao11_am18_5_m10_ao11_am10_3,11,6,SATISFIED,1.1773,14235.0,11044.66
SAL-Ei-LM,bom_tubes_p10_ao11_am18_5_m10_ao11_am10_3,11,7,SATISFIED,1.1777,14291.0,11285.03
SAL-Ei-LM,bom_tubes_p10_ao11_am18_5_m10_ao11_am10_3,11,8,SATISFIED,1.1742,14335.0,11048.0
SAL-Ei-LM,bom_tubes_p10_ao11_am18_5_m10_ao11_am10_3,11,9,SATISFIED,1.3011,14261.0,11150.75
SAL-Ei-LM,bom_tubes_p10_ao11_am18_5_m10_ao11_am10_3,11,10,SATISFIED,1.1788,14190.0,9581.5
SAL-Ei-LM,bom_tubes_p10_ao11_am18_5_m10_ao11_am10_4,11,1,SATISFIED,1.1818,16415.0,8190.09
SAL-Ei-LM,bom_tubes_p10_ao11_am18_5_m10_ao11_am10_4,11,2,SATISFIED,1.1675,16487.0,8476.53
SAL-Ei-LM,bom_tubes_p10_ao11_am18_5_m10_ao11_am10_4,11,3,SATISFIED,1.1672,16432.0,8626.22
SAL-Ei-LM,bom_tubes_p10_ao11_am18_5_m10_ao11_am10_4,11,4,SATISFIED,1.1753,16408.0,8742.84
SAL-Ei-LM,bom_tubes_p10_ao11_am18_5_m10_ao11_am10_4,11,5,SATISFIED,1.1569,16427.0,8806.59
SAL-Ei-LM,bom_tubes_p10_ao11_am18_5_m10_ao11_am10_4,11,6,SATISFIED,1.1626,16437.0,8693.19
SAL-Ei-LM,bom_tubes_p10_ao11_am18_5_m10_ao11_am10_4,11,7,SATISFIED,1.1684,16439.0,8287.47
SAL-Ei-LM,bom_tubes_p10_ao11_am18_5_m10_ao11_am10_4,11,8,SATISFIED,1.169,16438.0,8392.59
SAL-Ei-LM,bom_tubes_p10_ao11_am18_5_m10_ao11_am10_4,11,9,SATISFIED,1.1698,16512.0,8744.94
SAL-Ei-LM,bom_tubes_p10_ao11_am18_5_m10_ao11_am10_4,11,10,SATISFIED,1.1637,16454.0,8930.59
SAL-Ei-LM,bom_tubes_p10_ao11_am18_5_m10_ao11_am10_5,11,1,SATISFIED,1.1685,12842.0,8849.72
SAL-Ei-LM,bom_tubes_p10_ao11_am18_5_m10_ao11_am10_5,11,2,SATISFIED,1.1686,12790.0,8623.81
SAL-Ei-LM,bom_tubes_p10_ao11_am18_5_m10_ao11_am10_5,11,3,SATISFIED,1.1693,12820.0,8649.12
SAL-Ei-LM,bom_tubes_p10_ao11_am18_5_m10_ao11_am10_5,11,4,SATISFIED,1.1586,12847.0,8855.09
SAL-Ei-LM,bom_tubes_p10_ao11_am18_5_m10_ao11_am10_5,11,5,SATISFIED,1.1702,12842.0,9012.16
SAL-Ei-LM,bom_tubes_p10_ao11_am18_5_m10_ao11_am10_5,11,6,SATISFIED,1.1584,12837.0,8831.72
SAL-Ei-LM,bom_tubes_p10_ao11_am18_5_m10_ao11_am10_5,11,7,SATISFIED,1.1717,12851.0,8427.5
SAL-Ei-LM,bom_tubes_p10_ao11_am18_5_m10_ao11_am10_5,11,8,SATISFIED,1.1805,12888.0,7851.12
SAL-Ei-LM,bom_tubes_p10_ao11_am18_5_m10_ao11_am10_5,11,9,SATISFIED,1.1377,12839.0,8002.16
SAL-Ei-LM,bom_tubes_p10_ao11_am18_5_m10_ao11_am10_5,11,10,SATISFIED,1.1685,12852.0,8372.38
SAL-Ei-LM,bom_tubes_p10_ao11_am18_5_m25_ao11_am19_2,11,1,SATISFIED,1.2458,30084.0,7705.16
SAL-Ei-LM,bom_tubes_p10_ao11_am18_5_m25_ao11_am19_2,11,2,SATISFIED,1.1632,30192.0,7448.97
SAL-Ei-LM,bom_tubes_p10_ao11_am18_5_m25_ao11_am19_2,11,3,SATISFIED,1.1718,30376.0,7748.34
SAL-Ei-LM,bom_tubes_p10_ao11_am18_5_m25_ao11_am19_2,11,4,SATISFIED,1.1718,30122.0,7829.59
SAL-Ei-LM,bom_tubes_p10_ao11_am18_5_m25_ao11_am19_2,11,5,SATISFIED,1.1804,30113.0,7615.22
SAL-Ei-LM,bom_tubes_p10_ao11_am18_5_m25_ao11_am19_2,11,6,SATISFIED,1.1673,30150.0,7748.59
SAL-Ei-LM,bom_tubes_p10_ao11_am18_5_m25_ao11_am19_2,11,7,SATISFIED,1.178,29752.0,7869.78
SAL-Ei-LM,bom_tubes_p10_ao11_am18_5_m25_ao11_am19_2,11,8,SATISFIED,1.1868,29453.0,8007.06
SAL-Ei-LM,bom_tubes_p10_ao11_am18_5_m25_ao11_am19_2,11,9,SATISFIED,1.1864,29610.0,7880.75
SAL-Ei-LM,bom_tubes_p10_ao11_am18_5_m25_ao11_am19_2,11,10,SATISFIED,1.1874,30056.0,7564.28
SAL-Ei-LM,bom_tubes_p10_ao11_am18_5_m25_ao11_am19_5,11,1,SATISFIED,1.1766,14167.0,7420.5
SAL-Ei-LM,bom_tubes_p10_ao11_am18_5_m25_ao11_am19_5,11,2,SATISFIED,1.1746,14229.0,7705.34
SAL-Ei-LM,bom_tubes_p10_ao11_am18_5_m25_ao11_am19_5,11,3,SATISFIED,1.1794,14125.0,7566.81
SAL-Ei-LM,bom_tubes_p10_ao11_am18_5_m25_ao11_am19_5,11,4,SATISFIED,1.17,14411.0,7616.16
SAL-Ei-LM,bom_tubes_p10_ao11_am18_5_m25_ao11_am19_5,11,5,SATISFIED,1.1824,14362.0,7710.97
SAL-Ei-LM,bom_tubes_p10_ao11_am18_5_m25_ao11_am19_5,11,6,SATISFIED,1.1786,14558.0,7521.62
SAL-Ei-LM,bom_tubes_p10_ao11_am18_5_m25_ao11_am19_5,11,7,SATISFIED,1.1825,14156.0,7551.66
SAL-Ei-LM,bom_tubes_p10_ao11_am18_5_m25_ao11_am19_5,11,8,SATISFIED,1.2418,14339.0,7420.03
SAL-Ei-LM,bom_tubes_p10_ao11_am18_5_m25_ao11_am19_5,11,9,SATISFIED,1.1592,14442.0,7009.75
SAL-Ei-LM,bom_tubes_p10_ao11_am18_5_m25_ao11_am19_5,11,10,SATISFIED,1.1714,14381.0,7305.41
SAL-Ei-LM,bom_tubes_p10_ao11_am18_5_m25_ao11_am22_1,11,1,SATISFIED,1.1801,17794.0,7466.56
SAL-Ei-LM,bom_tubes_p10_ao11_am18_5_m25_ao11_am22_1,11,2,SATISFIED,1.1799,18141.0,7402.5
SAL-Ei-LM,bom_tubes_p10_ao11_am18_5_m25_ao11_am22_1,11,3,SATISFIED,1.1697,17824.0,7380.62
SAL-Ei-LM,bom_tubes_p10_ao11_am18_5_m25_ao11_am22_1,11,4,SATISFIED,1.1727,17827.0,7542.66
SAL-Ei-LM,bom_tubes_p10_ao11_am18_5_m25_ao11_am22_1,11,5,SATISFIED,1.1872,17789.0,7703.88
SAL-Ei-LM,bom_tubes_p10_ao11_am18_5_m25_ao11_am22_1,11,6,SATISFIED,1.1789,17727.0,7650.72
SAL-Ei-LM,bom_tubes_p10_ao11_am18_5_m25_ao11_am22_1,11,7,SATISFIED,1.1652,17373.0,7799.28
SAL-Ei-LM,bom_tubes_p10_ao11_am18_5_m25_ao11_am22_1,11,8,SATISFIED,1.1721,17583.0,7912.34
SAL-Ei-LM,bom_tubes_p10_ao11_am18_5_m25_ao11_am22_1,11,9,SATISFIED,1.1673,17594.0,7864.78
SAL-Ei-LM,bom_tubes_p10_ao11_am18_5_m25_ao11_am22_1,11,10,SATISFIED,1.1645,17701.0,7637.44
SAL-Ei-LM,bom_tubes_p10_ao11_am18_5_m25_ao11_am22_4,11,1,SATISFIED,1.1631,32473.0,7484.47
SAL-Ei-LM,bom_tubes_p10_ao11_am18_5_m25_ao11_am22_4,11,2,SATISFIED,1.174,32080.0,7622.31
SAL-Ei-LM,bom_tubes_p10_ao11_am18_5_m25_ao11_am22_4,11,3,SATISFIED,1.1762,32115.0,7758.06
SAL-Ei-LM,bom_tubes_p10_ao11_am18_5_m25_ao11_am22_4,11,4,SATISFIED,1.1787,32753.0,7735.91
SAL-Ei-LM,bom_tubes_p10_ao11_am18_5_m25_ao11_am22_4,11,5,SATISFIED,1.1794,32425.0,7780.0
SAL-Ei-LM,bom_tubes_p10_ao11_am18_5_m25_ao11_am22_4,11,6,SATISFIED,1.2,32875.0,7816.75
SAL-Ei-LM,bom_tubes_p10_ao11_am18_5_m25_ao11_am22_4,11,7,SATISFIED,1.1754,32023.0,7452.78
SAL-Ei-LM,bom_tubes_p10_ao11_am18_5_m25_ao11_am22_4,11,8,SATISFIED,1.1889,32095.0,7639.06
SAL-Ei-LM,bom_tubes_p10_ao11_am18_5_m25_ao11_am22_4,11,9,SATISFIED,1.2013,32621.0,7261.19
SAL-Ei-LM,bom_tubes_p10_ao11_am18_5_m25_ao11_am22_4,11,10,SATISFIED,1.185,32563.0,7382.5
SAL-Ei-LM,bom_tubes_p10_ao11_am18_5_m25_ao11_am23_3,11,1,SATISFIED,1.2015,18364.0,7593.94
SAL-Ei-LM,bom_tubes_p10_ao11_am18_5_m25_ao11_am23_3,11,2,SATISFIED,1.1832,18448.0,7638.88
SAL-Ei-LM,bom_tubes_p10_ao11_am18_5_m25_ao11_am23_3,11,3,SATISFIED,1.1562,18332.0,7649.56
SAL-Ei-LM,bom_tubes_p10_ao11_am18_5_m25_ao11_am23_3,11,4,SATISFIED,1.151,18412.0,7616.75
SAL-Ei-LM,bom_tubes_p10_ao11_am18_5_m25_ao11_am23_3,11,5,SATISFIED,1.1634,18534.0,7715.88
SAL-Ei-LM,bom_tubes_p10_ao11_am18_5_m25_ao11_am23_3,11,6,SATISFIED,1.1683,18372.0,7091.75
SAL-Ei-LM,bom_tubes_p10_ao11_am18_5_m25_ao11_am23_3,11,7,SATISFIED,1.1511,18334.0,6839.22
SAL-Ei-LM,bom_tubes_p10_ao11_am18_5_m25_ao11_am23_3,11,8,SATISFIED,1.1362,18414.0,7022.31
SAL-Ei-LM,bom_tubes_p10_ao11_am18_5_m25_ao11_am23_3,11,9,SATISFIED,1.1539,18528.0,7645.16
SAL-Ei-LM,bom_tubes_p10_ao11_am18_5_m25_ao11_am23_3,11,10,SATISFIED,1.1491,18408.0,7396.56
SAL-Ei-LM,bom_tubes_p20_ao12_am18_1,12,1,SATISFIED,1.1646,40070.0,10468.78
SAL-Ei-LM,bom_tubes_p20_ao12_am18_1,12,2,SATISFIED,1.2136,40803.0,10309.12
SAL-Ei-LM,bom_tubes_p20_ao12_am18_1,12,3,SATISFIED,1.1614,39439.0,10063.66
SAL-Ei-LM,bom_tubes_p20_ao12_am18_1,12,4,SATISFIED,1.1628,39140.0,10818.62
SAL-Ei-LM,bom_tubes_p20_ao12_am18_1,12,5,SATISFIED,1.1615,40406.0,11279.84
SAL-Ei-LM,bom_tubes_p20_ao12_am18_1,12,6,SATISFIED,1.1663,39583.0,10533.0
SAL-Ei-LM,bom_tubes_p20_ao12_am18_1,12,7,SATISFIED,1.1652,38472.0,10136.25
SAL-Ei-LM,bom_tubes_p20_ao12_am18_1,12,8,SATISFIED,1.1642,36907.0,10336.28
SAL-Ei-LM,bom_tubes_p20_ao12_am18_1,12,9,SATISFIED,1.1653,40193.0,10434.47
SAL-Ei-LM,bom_tubes_p20_ao12_am18_1,12,10,SATISFIED,1.1623,40667.0,10829.84
SAL-Ei-LM,bom_tubes_p20_ao12_am18_1_m13_ao12_am11_3,12,1,SATISFIED,1.1577,45061.0,11332.97
SAL-Ei-LM,bom_tubes_p20_ao12_am18_1_m13_ao12_am11_3,12,2,SATISFIED,1.1589,45061.0,11408.09
SAL-Ei-LM,bom_tubes_p20_ao12_am18_1_m13_ao12_am11_3,12,3,SATISFIED,1.1618,45081.0,11185.94
SAL-Ei-LM,bom_tubes_p20_ao12_am18_1_m13_ao12_am11_3,12,4,SATISFIED,1.1615,45061.0,10887.25
SAL-Ei-LM,bom_tubes_p20_ao12_am18_1_m13_ao12_am11_3,12,5,SATISFIED,1.1568,45061.0,10826.94
SAL-Ei-LM,bom_tubes_p20_ao12_am18_1_m13_ao12_am11_3,12,6,SATISFIED,1.1606,45061.0,10863.56
SAL-Ei-LM,bom_tubes_p20_ao12_am18_1_m13_ao12_am11_3,12,7,SATISFIED,1.1601,45061.0,10676.66
SAL-Ei-LM,bom_tubes_p20_ao12_am18_1_m13_ao12_am11_3,12,8,SATISFIED,1.1624,45061.0,10892.66
SAL-Ei-LM,bom_tubes_p20_ao12_am18_1_m13_ao12_am11_3,12,9,SATISFIED,1.1649,45061.0,10696.31
SAL-Ei-LM,bom_tubes_p20_ao12_am18_1_m13_ao12_am11_3,12,10,SATISFIED,1.174,45061.0,10512.06
SAL-Ei-LM,bom_tubes_p20_ao12_am18_1_m13_ao12_am11_5,12,1,SATISFIED,1.2288,142898.0,8131.38
SAL-Ei-LM,bom_tubes_p20_ao12_am18_1_m13_ao12_am11_5,12,2,SATISFIED,1.1587,142834.0,8130.81
SAL-Ei-LM,bom_tubes_p20_ao12_am18_1_m13_ao12_am11_5,12,3,SATISFIED,1.1709,142898.0,8445.44
SAL-Ei-LM,bom_tubes_p20_ao12_am18_1_m13_ao12_am11_5,12,4,SATISFIED,1.1739,142825.0,8617.59
SAL-Ei-LM,bom_tubes_p20_ao12_am18_1_m13_ao12_am11_5,12,5,SATISFIED,1.1711,142914.0,8663.75
SAL-Ei-LM,bom_tubes_p20_ao12_am18_1_m13_ao12_am11_5,12,6,SATISFIED,1.1664,142868.0,8600.91
SAL-Ei-LM,bom_tubes_p20_ao12_am18_1_m13_ao12_am11_5,12,7,SATISFIED,1.1178,142918.0,8656.28
SAL-Ei-LM,bom_tubes_p20_ao12_am18_1_m13_ao12_am11_5,12,8,SATISFIED,1.165,142925.0,8847.12
SAL-Ei-LM,bom_tubes_p20_ao12_am18_1_m13_ao12_am11_5,12,9,SATISFIED,1.163,142914.0,8904.44
SAL-Ei-LM,bom_tubes_p20_ao12_am18_1_m13_ao12_am11_5,12,10,SATISFIED,1.1618,143078.0,8807.31
SAL-Ei-LM,bom_tubes_p20_ao12_am18_1_m13_ao12_am12_1,12,1,SATISFIED,1.1601,66747.0,10435.09
SAL-Ei-LM,bom_tubes_p20_ao12_am18_1_m13_ao12_am12_1,12,2,SATISFIED,1.1644,66747.0,9247.06
SAL-Ei-LM,bom_tubes_p20_ao12_am18_1_m13_ao12_am12_1,12,3,SATISFIED,1.1597,66743.0,8865.56
SAL-Ei-LM,bom_tubes_p20_ao12_am18_1_m13_ao12_am12_1,12,4,SATISFIED,1.1644,66751.0,9395.59
SAL-Ei-LM,bom_tubes_p20_ao12_am18_1_m13_ao12_am12_1,12,5,SATISFIED,1.168,66743.0,10142.0
SAL-Ei-LM,bom_tubes_p20_ao12_am18_1_m13_ao12_am12_1,12,6,SATISFIED,1.1669,66763.0,10440.88
SAL-Ei-LM,bom_tubes_p20_ao12_am18_1_m13_ao12_am12_1,12,7,SATISFIED,1.1714,66755.0,10280.62
SAL-Ei-LM,bom_tubes_p20_ao12_am18_1_m13_ao12_am12_1,12,8,SATISFIED,1.1665,66747.0,10333.31
SAL-Ei-LM,bom_tubes_p20_ao12_am18_1_m13_ao12_am12_1,12,9,SATISFIED,1.1602,66767.0,10533.72
SAL-Ei-LM,bom_tubes_p20_ao12_am18_1_m13_ao12_am12_1,12,10,SATISFIED,1.1681,66735.0,10492.19
SAL-Ei-LM,bom_tubes_p20_ao12_am18_1_m13_ao12_am13_2,12,1,SATISFIED,1.2885,35853.0,9463.66
SAL-Ei-LM,bom_tubes_p20_ao12_am18_1_m13_ao12_am13_2,12,2,SATISFIED,1.1659,36205.0,8336.47
SAL-Ei-LM,bom_tubes_p20_ao12_am18_1_m13_ao12_am13_2,12,3,SATISFIED,1.1775,36654.0,9221.16
SAL-Ei-LM,bom_tubes_p20_ao12_am18_1_m13_ao12_am13_2,12,4,SATISFIED,1.1638,36692.0,9552.62
SAL-Ei-LM,bom_tubes_p20_ao12_am18_1_m13_ao12_am13_2,12,5,SATISFIED,1.1797,35003.0,9513.09
SAL-Ei-LM,bom_tubes_p20_ao12_am18_1_m13_ao12_am13_2,12,6,SATISFIED,1.178,35294.0,9091.81
SAL-Ei-LM,bom_tubes_p20_ao12_am18_1_m13_ao12_am13_2,12,7,SATISFIED,1.169,36274.0,9157.75
SAL-Ei-LM,bom_tubes_p20_ao12_am18_1_m13_ao12_am13_2,12,8,SATISFIED,1.1597,35071.0,9535.47
SAL-Ei-LM,bom_tubes_p20_ao12_am18_1_m13_ao12_am13_2,12,9,SATISFIED,1.1597,35843.0,9761.44
SAL-Ei-LM,bom_tubes_p20_ao12_am18_1_m13_ao12_am13_2,12,10,SATISFIED,1.1629,36275.0,9790.0
SAL-Ei-LM,bom_tubes_p20_ao12_am18_1_m13_ao12_am13_4,12,1,SATISFIED,1.1646,49206.0,8260.75
SAL-Ei-LM,bom_tubes_p20_ao12_am18_1_m13_ao12_am13_4,12,2,SATISFIED,1.1578,49181.0,8353.31
SAL-Ei-LM,bom_tubes_p20_ao12_am18_1_m13_ao12_am13_4,12,3,SATISFIED,1.1639,49238.0,8402.0
SAL-Ei-LM,bom_tubes_p20_ao12_am18_1_m13_ao12_am13_4,12,4,SATISFIED,1.1609,49118.0,8286.59
SAL-Ei-LM,bom_tubes_p20_ao12_am18_1_m13_ao12_am13_4,12,5,SATISFIED,1.1651,49164.0,8250.22
SAL-Ei-LM,bom_tubes_p20_ao12_am18_1_m13_ao12_am13_4,12,6,SATISFIED,1.1644,49123.0,8288.78
SAL-Ei-LM,bom_tubes_p20_ao12_am18_1_m13_ao12_am13_4,12,7,SATISFIED,1.1632,49096.0,8190.84
SAL-Ei-LM,bom_tubes_p20_ao12_am18_1_m13_ao12_am13_4,12,8,SATISFIED,1.1626,49176.0,8439.44
SAL-Ei-LM,bom_tubes_p20_ao12_am18_1_m13_ao12_am13_4,12,9,SATISFIED,1.1603,49158.0,8042.25
SAL-Ei-LM,bom_tubes_p20_ao12_am18_1_m13_ao12_am13_4,12,10,SATISFIED,1.2647,49199.0,8213.34
SAL-Ei-LM,bom_tubes_p20_ao12_am18_1_m30_ao12_am19_2,12,1,SATISFIED,1.1601,9632.0,7015.94
SAL-Ei-LM,bom_tubes_p20_ao12_am18_1_m30_ao12_am19_2,12,2,SATISFIED,1.1666,9540.0,7547.16
SAL-Ei-LM,bom_tubes_p20_ao12_am18_1_m30_ao12_am19_2,12,3,SATISFIED,1.1579,9660.0,7482.03
SAL-Ei-LM,bom_tubes_p20_ao12_am18_1_m30_ao12_am19_2,12,4,SATISFIED,1.1563,9580.0,7485.78
SAL-Ei-LM,bom_tubes_p20_ao12_am18_1_m30_ao12_am19_2,12,5,SATISFIED,1.1586,9620.0,7685.34
SAL-Ei-LM,bom_tubes_p20_ao12_am18_1_m30_ao12_am19_2,12,6,SATISFIED,1.1705,9660.0,7757.09
SAL-Ei-LM,bom_tubes_p20_ao12_am18_1_m30_ao12_am19_2,12,7,SATISFIED,1.1853,9600.0,7867.66
SAL-Ei-LM,bom_tubes_p20_ao12_am18_1_m30_ao12_am19_2,12,8,SATISFIED,1.1752,9546.0,7819.59
SAL-Ei-LM,bom_tubes_p20_ao12_am18_1_m30_ao12_am19_2,12,9,SATISFIED,1.1754,9560.0,7598.72
SAL-Ei-LM,bom_tubes_p20_ao12_am18_1_m30_ao12_am19_2,12,10,SATISFIED,1.1013,9560.0,6021.59
SAL-Ei-LM,bom_tubes_p20_ao12_am18_1_m30_ao12_am19_5,12,1,SATISFIED,1.1703,55738.0,5883.38
SAL-Ei-LM,bom_tubes_p20_ao12_am18_1_m30_ao12_am19_5,12,2,SATISFIED,1.1603,53281.0,6253.97
SAL-Ei-LM,bom_tubes_p20_ao12_am18_1_m30_ao12_am19_5,12,3,SATISFIED,1.1522,56705.0,6829.06
SAL-Ei-LM,bom_tubes_p20_ao12_am18_1_m30_ao12_am19_5,12,4,SATISFIED,1.1658,55899.0,7244.75
SAL-Ei-LM,bom_tubes_p20_ao12_am18_1_m30_ao12_am19_5,12,5,SATISFIED,1.1711,56954.0,7570.22
SAL-Ei-LM,bom_tubes_p20_ao12_am18_1_m30_ao12_am19_5,12,6,SATISFIED,1.1756,53857.0,7505.69
SAL-Ei-LM,bom_tubes_p20_ao12_am18_1_m30_ao12_am19_5,12,7,SATISFIED,1.1682,56073.0,7658.5
SAL-Ei-LM,bom_tubes_p20_ao12_am18_1_m30_ao12_am19_5,12,8,SATISFIED,1.3053,54207.0,7497.84
SAL-Ei-LM,bom_tubes_p20_ao12_am18_1_m30_ao12_am19_5,12,9,SATISFIED,1.1665,52000.0,6375.0
SAL-Ei-LM,bom_tubes_p20_ao12_am18_1_m30_ao12_am19_5,12,10,SATISFIED,1.1861,55991.0,7154.41
SAL-Ei-LM,bom_tubes_p20_ao12_am18_1_m30_ao12_am20_3,12,1,SATISFIED,1.1712,47935.0,7530.0
SAL-Ei-LM,bom_tubes_p20_ao12_am18_1_m30_ao12_am20_3,12,2,SATISFIED,1.1769,46985.0,7637.88
SAL-Ei-LM,bom_tubes_p20_ao12_am18_1_m30_ao12_am20_3,12,3,SATISFIED,1.144,46445.0,7252.12
SAL-Ei-LM,bom_tubes_p20_ao12_am18_1_m30_ao12_am20_3,12,4,SATISFIED,1.1735,47556.0,7406.59
SAL-Ei-LM,bom_tubes_p20_ao12_am18_1_m30_ao12_am20_3,12,5,SATISFIED,1.1707,47749.0,7419.75
SAL-Ei-LM,bom_tubes_p20_ao12_am18_1_m30_ao12_am20_3,12,6,SATISFIED,1.1613,46988.0,7591.25
SAL-Ei-LM,bom_tubes_p20_ao12_am18_1_m30_ao12_am20_3,12,7,SATISFIED,1.1596,47377.0,7900.19
SAL-Ei-LM,bom_tubes_p20_ao12_am18_1_m30_ao12_am20_3,12,8,SATISFIED,1.1602,46717.0,8038.88
SAL-Ei-LM,bom_tubes_p20_ao12_am18_1_m30_ao12_am20_3,12,9,SATISFIED,1.1642,47563.0,8194.88
SAL-Ei-LM,bom_tubes_p20_ao12_am18_1_m30_ao12_am20_3,12,10,SATISFIED,1.1553,46865.0,8153.88
SAL-Ei-LM,bom_tubes_p20_ao12_am18_1_m30_ao12_am22_1,12,1,SATISFIED,1.1495,53917.0,8019.19
SAL-Ei-LM,bom_tubes_p20_ao12_am18_1_m30_ao12_am22_1,12,2,SATISFIED,1.1587,54424.0,7416.16
SAL-Ei-LM,bom_tubes_p20_ao12_am18_1_m30_ao12_am22_1,12,3,SATISFIED,1.1542,53552.0,7477.16
SAL-Ei-LM,bom_tubes_p20_ao12_am18_1_m30_ao12_am22_1,12,4,SATISFIED,1.1043,53654.0,7453.44
SAL-Ei-LM,bom_tubes_p20_ao12_am18_1_m30_ao12_am22_1,12,5,SATISFIED,1.1648,53586.0,6880.91
SAL-Ei-LM,bom_tubes_p20_ao12_am18_1_m30_ao12_am22_1,12,6,SATISFIED,1.1446,53862.0,6823.19
SAL-Ei-LM,bom_tubes_p20_ao12_am18_1_m30_ao12_am22_1,12,7,SATISFIED,1.1645,53810.0,7000.09
SAL-Ei-LM,bom_tubes_p20_ao12_am18_1_m30_ao12_am22_1,12,8,SATISFIED,1.1623,54432.0,7383.22
SAL-Ei-LM,bom_tubes_p20_ao12_am18_1_m30_ao12_am22_1,12,9,SATISFIED,1.1777,53726.0,7486.28
SAL-Ei-LM,bom_tubes_p20_ao12_am18_1_m30_ao12_am22_1,12,10,SATISFIED,1.1555,54221.0,7322.66
SAL-Ei-LM,bom_tubes_p20_ao12_am18_1_m30_ao12_am23_4,12,1,SATISFIED,1.1507,24952.0,7507.59
SAL-Ei-LM,bom_tubes_p20_ao12_am18_1_m30_ao12_am23_4,12,2,SATISFIED,1.1562,24109.0,7567.66
SAL-Ei-LM,bom_tubes_p20_ao12_am18_1_m30_ao12_am23_4,12,3,SATISFIED,1.1545,25048.0,7847.25
SAL-Ei-LM,bom_tubes_p20_ao12_am18_1_m30_ao12_am23_4,12,4,SATISFIED,1.1626,23599.0,7482.72
SAL-Ei-LM,bom_tubes_p20_ao12_am18_1_m30_ao12_am23_4,12,5,SATISFIED,1.1552,24144.0,7470.75
SAL-Ei-LM,bom_tubes_p20_ao12_am18_1_m30_ao12_am23_4,12,6,SATISFIED,1.1544,25312.0,7500.69
SAL-Ei-LM,bom_tubes_p20_ao12_am18_1_m30_ao12_am23_4,12,7,SATISFIED,1.1567,24305.0,7819.25
SAL-Ei-LM,bom_tubes_p20_ao12_am18_1_m30_ao12_am23_4,12,8,SATISFIED,1.1578,25321.0,7984.03
SAL-Ei-LM,bom_tubes_p20_ao12_am18_1_m30_ao12_am23_4,12,9,SATISFIED,1.1521,24528.0,7762.97
SAL-Ei-LM,bom_tubes_p20_ao12_am18_1_m30_ao12_am23_4,12,10,SATISFIED,1.2311,25400.0,7663.53
SAL-Ei-LM,bom_tubes_p20_ao12_am18_2,12,1,SATISFIED,1.1578,106918.0,9979.69
SAL-Ei-LM,bom_tubes_p20_ao12_am18_2,12,2,SATISFIED,1.1636,106778.0,10469.31
SAL-Ei-LM,bom_tubes_p20_ao12_am18_2,12,3,SATISFIED,1.1686,106518.0,10517.09
SAL-Ei-LM,bom_tubes_p20_ao12_am18_2,12,4,SATISFIED,1.2294,106534.0,9622.12
SAL-Ei-LM,bom_tubes_p20_ao12_am18_2,12,5,SATISFIED,1.1774,106690.0,9714.97
SAL-Ei-LM,bom_tubes_p20_ao12_am18_2,12,6,SATISFIED,1.1766,106546.0,9957.31
SAL-Ei-LM,bom_tubes_p20_ao12_am18_2,12,7,SATISFIED,1.1464,106670.0,10309.44
SAL-Ei-LM,bom_tubes_p20_ao12_am18_2,12,8,SATISFIED,1.1076,106554.0,10595.66
SAL-Ei-LM,bom_tubes_p20_ao12_am18_2,12,9,SATISFIED,1.0968,106910.0,9427.16
SAL-Ei-LM,bom_tubes_p20_ao12_am18_2,12,10,SATISFIED,1.1638,106694.0,9374.53
SAL-Ei-LM,bom_tubes_p20_ao12_am18_2_m13_ao12_am12_2,12,1,SATISFIED,1.1539,186268.0,8922.09
SAL-Ei-LM,bom_tubes_p20_ao12_am18_2_m13_ao12_am12_2,12,2,SATISFIED,1.1578,186293.0,9228.34
SAL-Ei-LM,bom_tubes_p20_ao12_am18_2_m13_ao12_am12_2,12,3,SATISFIED,1.1458,186301.0,9665.06
SAL-Ei-LM,bom_tubes_p20_ao12_am18_2_m13_ao12_am12_2,12,4,SATISFIED,1.1648,186243.0,9413.06
SAL-Ei-LM,bom_tubes_p20_ao12_am18_2_m13_ao12_am12_2,12,5,SATISFIED,1.1594,186265.0,9664.94
SAL-Ei-LM,bom_tubes_p20_ao12_am18_2_m13_ao12_am12_2,12,6,SATISFIED,1.1642,186357.0,9379.38
SAL-Ei-LM,bom_tubes_p20_ao12_am18_2_m13_ao12_am12_2,12,7,SATISFIED,1.1643,186309.0,9601.22
SAL-Ei-LM,bom_tubes_p20_ao12_am18_2_m13_ao12_am12_2,12,8,SATISFIED,1.1573,186360.0,9920.19
SAL-Ei-LM,bom_tubes_p20_ao12_am18_2_m13_ao12_am12_2,12,9,SATISFIED,1.2843,186298.0,10223.81
SAL-Ei-LM,bom_tubes_p20_ao12_am18_2_m13_ao12_am12_2,12,10,SATISFIED,1.1538,186295.0,9085.09
SAL-Ei-LM,bom_tubes_p20_ao12_am18_2_m13_ao12_am12_3,12,1,SATISFIED,1.1272,237276.0,8014.09
SAL-Ei-LM,bom_tubes_p20_ao12_am18_2_m13_ao12_am12_3,12,2,SATISFIED,1.1876,237379.0,8100.44
SAL-Ei-LM,bom_tubes_p20_ao12_am18_2_m13_ao12_am12_3,12,3,SATISFIED,1.1653,237327.0,8556.34
SAL-Ei-LM,bom_tubes_p20_ao12_am18_2_m13_ao12_am12_3,12,4,SATISFIED,1.1878,237365.0,9568.56
SAL-Ei-LM,bom_tubes_p20_ao12_am18_2_m13_ao12_am12_3,12,5,SATISFIED,1.1823,237373.0,10234.06
SAL-Ei-LM,bom_tubes_p20_ao12_am18_2_m13_ao12_am12_3,12,6,SATISFIED,1.1695,237108.0,10597.72
SAL-Ei-LM,bom_tubes_p20_ao12_am18_2_m13_ao12_am12_3,12,7,SATISFIED,1.1524,237104.0,10680.66
SAL-Ei-LM,bom_tubes_p20_ao12_am18_2_m13_ao12_am12_3,12,8,SATISFIED,1.1932,237190.0,10605.81
SAL-Ei-LM,bom_tubes_p20_ao12_am18_2_m13_ao12_am12_3,12,9,SATISFIED,1.1064,237319.0,10906.44
SAL-Ei-LM,bom_tubes_p20_ao12_am18_2_m13_ao12_am12_3,12,10,SATISFIED,1.1673,237313.0,11122.91
SAL-Ei-LM,bom_tubes_p20_ao12_am18_2_m13_ao12_am13_1,12,1,SATISFIED,1.1695,457819.0,9190.94
SAL-Ei-LM,bom_tubes_p20_ao12_am18_2_m13_ao12_am13_1,12,2,SATISFIED,1.1784,457905.0,9032.5
SAL-Ei-LM,bom_tubes_p20_ao12_am18_2_m13_ao12_am13_1,12,3,SATISFIED,1.1867,458069.0,9016.75
SAL-Ei-LM,bom_tubes_p20_ao12_am18_2_m13_ao12_am13_1,12,4,SATISFIED,1.1949,457923.0,8771.41
SAL-Ei-LM,bom_tubes_p20_ao12_am18_2_m13_ao12_am13_1,12,5,SATISFIED,1.1359,457863.0,8843.62
SAL-Ei-LM,bom_tubes_p20_ao12_am18_2_m13_ao12_am13_1,12,6,SATISFIED,1.1582,457827.0,8775.03
SAL-Ei-LM,bom_tubes_p20_ao12_am18_2_m13_ao12_am13_1,12,7,SATISFIED,1.1767,457888.0,8788.09
SAL-Ei-LM,bom_tubes_p20_ao12_am18_2_m13_ao12_am13_1,12,8,SATISFIED,1.3008,458127.0,9325.75
SAL-Ei-LM,bom_tubes_p20_ao12_am18_2_m13_ao12_am13_1,12,9,SATISFIED,1.1659,458072.0,8018.12
SAL-Ei-LM,bom_tubes_p20_ao12_am18_2_m13_ao12_am13_1,12,10,SATISFIED,1.1927,457960.0,8987.66
SAL-Ei-LM,bom_tubes_p20_ao12_am18_2_m13_ao12_am13_4,12,1,SATISFIED,1.188,797362.0,9242.53
SAL-Ei-LM,bom_tubes_p20_ao12_am18_2_m13_ao12_am13_4,12,2,SATISFIED,1.1936,797563.0,9298.75
SAL-Ei-LM,bom_tubes_p20_ao12_am18_2_m13_ao12_am13_4,12,3,SATISFIED,1.1581,797703.0,9487.94
SAL-Ei-LM,bom_tubes_p20_ao12_am18_2_m13_ao12_am13_4,12,4,SATISFIED,1.1564,797820.0,9171.34
SAL-Ei-LM,bom_tubes_p20_ao12_am18_2_m13_ao12_am13_4,12,5,SATISFIED,1.153,797767.0,8935.47
SAL-Ei-LM,bom_tubes_p20_ao12_am18_2_m13_ao12_am13_4,12,6,SATISFIED,1.1647,797755.0,8948.69
SAL-Ei-LM,bom_tubes_p20_ao12_am18_2_m13_ao12_am13_4,12,7,SATISFIED,1.166,797265.0,8845.03
SAL-Ei-LM,bom_tubes_p20_ao12_am18_2_m13_ao12_am13_4,12,8,SATISFIED,1.1637,797600.0,8883.12
SAL-Ei-LM,bom_tubes_p20_ao12_am18_2_m13_ao12_am13_4,12,9,SATISFIED,1.1703,797511.0,8442.22
SAL-Ei-LM,bom_tubes_p20_ao12_am18_2_m13_ao12_am13_4,12,10,SATISFIED,1.1677,797465.0,8587.84
SAL-Ei-LM,bom_tubes_p20_ao12_am18_2_m13_ao12_am13_5,12,1,SATISFIED,1.1635,248074.0,7975.34
SAL-Ei-LM,bom_tubes_p20_ao12_am18_2_m13_ao12_am13_5,12,2,SATISFIED,1.1632,247730.0,8628.31
SAL-Ei-LM,bom_tubes_p20_ao12_am18_2_m13_ao12_am13_5,12,3,SATISFIED,1.1682,248006.0,8622.06
SAL-Ei-LM,bom_tubes_p20_ao12_am18_2_m13_ao12_am13_5,12,4,SATISFIED,1.1661,249281.0,8388.41
SAL-Ei-LM,bom_tubes_p20_ao12_am18_2_m13_ao12_am13_5,12,5,SATISFIED,1.1641,251520.0,8411.97
SAL-Ei-LM,bom_tubes_p20_ao12_am18_2_m13_ao12_am13_5,12,6,SATISFIED,1.1617,247757.0,8367.28
SAL-Ei-LM,bom_tubes_p20_ao12_am18_2_m13_ao12_am13_5,12,7,SATISFIED,1.2903,249885.0,8362.44
SAL-Ei-LM,bom_tubes_p20_ao12_am18_2_m13_ao12_am13_5,12,8,SATISFIED,1.1616,247256.0,7630.69
SAL-Ei-LM,bom_tubes_p20_ao12_am18_2_m13_ao12_am13_5,12,9,SATISFIED,1.1662,251391.0,8349.72
SAL-Ei-LM,bom_tubes_p20_ao12_am18_2_m13_ao12_am13_5,12,10,SATISFIED,1.169,248302.0,8480.12
SAL-Ei-LM,bom_tubes_p20_ao12_am18_2_m30_ao12_am19_3,12,1,SATISFIED,1.1628,55188.0,7978.12
SAL-Ei-LM,bom_tubes_p20_ao12_am18_2_m30_ao12_am19_3,12,2,SATISFIED,1.167,54903.0,8175.72
SAL-Ei-LM,bom_tubes_p20_ao12_am18_2_m30_ao12_am19_3,12,3,SATISFIED,1.1652,54954.0,8080.0
SAL-Ei-LM,bom_tubes_p20_ao12_am18_2_m30_ao12_am19_3,12,4,SATISFIED,1.1608,54932.0,8105.53
SAL-Ei-LM,bom_tubes_p20_ao12_am18_2_m30_ao12_am19_3,12,5,SATISFIED,1.172,54833.0,7749.62
SAL-Ei-LM,bom_tubes_p20_ao12_am18_2_m30_ao12_am19_3,12,6,SATISFIED,1.1681,54964.0,7655.25
SAL-Ei-LM,bom_tubes_p20_ao12_am18_2_m30_ao12_am19_3,12,7,SATISFIED,1.1656,54784.0,7730.09
SAL-Ei-LM,bom_tubes_p20_ao12_am18_2_m30_ao12_am19_3,12,8,SATISFIED,1.1142,54418.0,6767.78
SAL-Ei-LM,bom_tubes_p20_ao12_am18_2_m30_ao12_am19_3,12,9,SATISFIED,1.1801,54880.0,6806.59
SAL-Ei-LM,bom_tubes_p20_ao12_am18_2_m30_ao12_am19_3,12,10,SATISFIED,1.1769,54560.0,6851.94
SAL-Ei-LM,bom_tubes_p20_ao12_am18_2_m30_ao12_am19_4,12,1,SATISFIED,1.1777,197934.0,7074.16
SAL-Ei-LM,bom_tubes_p20_ao12_am18_2_m30_ao12_am19_4,12,2,SATISFIED,1.1877,198540.0,7160.47
SAL-Ei-LM,bom_tubes_p20_ao12_am18_2_m30_ao12_am19_4,12,3,SATISFIED,1.1819,197866.0,7077.12
SAL-Ei-LM,bom_tubes_p20_ao12_am18_2_m30_ao12_am19_4,12,4,SATISFIED,1.2812,196880.0,7356.59
SAL-Ei-LM,bom_tubes_p20_ao12_am18_2_m30_ao12_am19_4,12,5,SATISFIED,1.1715,198226.0,6454.38
SAL-Ei-LM,bom_tubes_p20_ao12_am18_2_m30_ao12_am19_4,12,6,SATISFIED,1.144,197248.0,7197.91
SAL-Ei-LM,bom_tubes_p20_ao12_am18_2_m30_ao12_am19_4,12,7,SATISFIED,1.1796,199886.0,7366.91
SAL-Ei-LM,bom_tubes_p20_ao12_am18_2_m30_ao12_am19_4,12,8,SATISFIED,1.188,198406.0,7548.84
SAL-Ei-LM,bom_tubes_p20_ao12_am18_2_m30_ao12_am19_4,12,9,SATISFIED,1.1146,195893.0,7460.81
SAL-Ei-LM,bom_tubes_p20_ao12_am18_2_m30_ao12_am19_4,12,10,SATISFIED,1.1993,203832.0,7420.53
SAL-Ei-LM,bom_tubes_p20_ao12_am18_2_m30_ao12_am20_1,12,1,SATISFIED,1.1921,169144.0,6764.34
SAL-Ei-LM,bom_tubes_p20_ao12_am18_2_m30_ao12_am20_1,12,2,SATISFIED,1.1935,169789.0,6877.25
SAL-Ei-LM,bom_tubes_p20_ao12_am18_2_m30_ao12_am20_1,12,3,SATISFIED,1.1997,169227.0,6815.5
SAL-Ei-LM,bom_tubes_p20_ao12_am18_2_m30_ao12_am20_1,12,4,SATISFIED,1.2072,167670.0,6863.0
SAL-Ei-LM,bom_tubes_p20_ao12_am18_2_m30_ao12_am20_1,12,5,SATISFIED,1.1912,169163.0,6735.31
SAL-Ei-LM,bom_tubes_p20_ao12_am18_2_m30_ao12_am20_1,12,6,SATISFIED,1.1962,172330.0,7073.38
SAL-Ei-LM,bom_tubes_p20_ao12_am18_2_m30_ao12_am20_1,12,7,SATISFIED,1.199,170235.0,7242.84
SAL-Ei-LM,bom_tubes_p20_ao12_am18_2_m30_ao12_am20_1,12,8,SATISFIED,1.1908,170562.0,7559.72
SAL-Ei-LM,bom_tubes_p20_ao12_am18_2_m30_ao12_am20_1,12,9,SATISFIED,1.1913,171951.0,7572.0
SAL-Ei-LM,bom_tubes_p20_ao12_am18_2_m30_ao12_am20_1,12,10,SATISFIED,1.1806,169409.0,7741.25
SAL-Ei-LM,bom_tubes_p20_ao12_am18_2_m30_ao12_am21_2,12,1,SATISFIED,1.2253,43450.0,7763.28
SAL-Ei-LM,bom_tubes_p20_ao12_am18_2_m30_ao12_am21_2,12,2,SATISFIED,1.1681,43563.0,6891.25
SAL-Ei-LM,bom_tubes_p20_ao12_am18_2_m30_ao12_am21_2,12,3,SATISFIED,1.1699,43495.0,7101.75
SAL-Ei-LM,bom_tubes_p20_ao12_am18_2_m30_ao12_am21_2,12,4,SATISFIED,1.1743,43558.0,6982.19
SAL-Ei-LM,bom_tubes_p20_ao12_am18_2_m30_ao12_am21_2,12,5,SATISFIED,1.1744,43619.0,7178.44
SAL-Ei-LM,bom_tubes_p20_ao12_am18_2_m30_ao12_am21_2,12,6,SATISFIED,1.1753,43783.0,7172.12
SAL-Ei-LM,bom_tubes_p20_ao12_am18_2_m30_ao12_am21_2,12,7,SATISFIED,1.1776,43615.0,7454.59
SAL-Ei-LM,bom_tubes_p20_ao12_am18_2_m30_ao12_am21_2,12,8,SATISFIED,1.1726,43635.0,7590.28
SAL-Ei-LM,bom_tubes_p20_ao12_am18_2_m30_ao12_am21_2,12,9,SATISFIED,1.1789,43699.0,7735.28
SAL-Ei-LM,bom_tubes_p20_ao12_am18_2_m30_ao12_am21_2,12,10,SATISFIED,1.1764,43775.0,7379.41
SAL-Ei-LM,bom_tubes_p20_ao12_am18_2_m30_ao12_am21_5,12,1,SATISFIED,1.1658,59499.0,7288.94
SAL-Ei-LM,bom_tubes_p20_ao12_am18_2_m30_ao12_am21_5,12,2,SATISFIED,1.1695,59484.0,7481.97
SAL-Ei-LM,bom_tubes_p20_ao12_am18_2_m30_ao12_am21_5,12,3,SATISFIED,1.1657,60392.0,7653.59
SAL-Ei-LM,bom_tubes_p20_ao12_am18_2_m30_ao12_am21_5,12,4,SATISFIED,1.1802,60081.0,7562.78
SAL-Ei-LM,bom_tubes_p20_ao12_am18_2_m30_ao12_am21_5,12,5,SATISFIED,1.1716,59693.0,7615.16
SAL-Ei-LM,bom_tubes_p20_ao12_am18_2_m30_ao12_am21_5,12,6,SATISFIED,1.1692,59845.0,7794.31
SAL-Ei-LM,bom_tubes_p20_ao12_am18_2_m30_ao12_am21_5,12,7,SATISFIED,1.2638,59364.0,7621.88
SAL-Ei-LM,bom_tubes_p20_ao12_am18_2_m30_ao12_am21_5,12,8,SATISFIED,1.1563,59509.0,7109.19
SAL-Ei-LM,bom_tubes_p20_ao12_am18_2_m30_ao12_am21_5,12,9,SATISFIED,1.1522,59721.0,7805.06
SAL-Ei-LM,bom_tubes_p20_ao12_am18_2_m30_ao12_am21_5,12,10,SATISFIED,1.1588,59546.0,7699.06
SAL-Ei-LM,bom_tubes_p20_ao12_am18_3,12,1,SATISFIED,1.1648,29688.0,11442.19
SAL-Ei-LM,bom_tubes_p20_ao12_am18_3,12,2,SATISFIED,1.1634,29412.0,11201.03
SAL-Ei-LM,bom_tubes_p20_ao12_am18_3,12,3,SATISFIED,1.1715,29400.0,10644.78
SAL-Ei-LM,bom_tubes_p20_ao12_am18_3,12,4,SATISFIED,1.1711,29436.0,11161.78
SAL-Ei-LM,bom_tubes_p20_ao12_am18_3,12,5,SATISFIED,1.1703,29448.0,11175.84
SAL-Ei-LM,bom_tubes_p20_ao12_am18_3,12,6,SATISFIED,1.1671,29568.0,11329.16
SAL-Ei-LM,bom_tubes_p20_ao12_am18_3,12,7,SATISFIED,1.1719,29400.0,11172.28
SAL-Ei-LM,bom_tubes_p20_ao12_am18_3,12,8,SATISFIED,1.1665,29508.0,11691.44
SAL-Ei-LM,bom_tubes_p20_ao12_am18_3,12,9,SATISFIED,1.1653,30388.0,11451.69
SAL-Ei-LM,bom_tubes_p20_ao12_am18_3,12,10,SATISFIED,1.1622,30392.0,11458.75
SAL-Ei-LM,bom_tubes_p20_ao12_am18_3_m13_ao12_am11_3,12,1,SATISFIED,1.1626,13783.0,11852.84
SAL-Ei-LM,bom_tubes_p20_ao12_am18_3_m13_ao12_am11_3,12,2,SATISFIED,1.1638,13783.0,11888.28
SAL-Ei-LM,bom_tubes_p20_ao12_am18_3_m13_ao12_am11_3,12,3,SATISFIED,1.1604,13783.0,12065.0
SAL-Ei-LM,bom_tubes_p20_ao12_am18_3_m13_ao12_am11_3,12,4,SATISFIED,1.1632,13796.0,11914.06
SAL-Ei-LM,bom_tubes_p20_ao12_am18_3_m13_ao12_am11_3,12,5,SATISFIED,1.1693,13822.0,11761.78
SAL-Ei-LM,bom_tubes_p20_ao12_am18_3_m13_ao12_am11_3,12,6,SATISFIED,1.1651,13809.0,10762.12
SAL-Ei-LM,bom_tubes_p20_ao12_am18_3_m13_ao12_am11_3,12,7,SATISFIED,1.1605,13809.0,10408.84
SAL-Ei-LM,bom_tubes_p20_ao12_am18_3_m13_ao12_am11_3,12,8,SATISFIED,1.1708,13796.0,10742.66
SAL-Ei-LM,bom_tubes_p20_ao12_am18_3_m13_ao12_am11_3,12,9,SATISFIED,1.2022,13783.0,11273.72
SAL-Ei-LM,bom_tubes_p20_ao12_am18_3_m13_ao12_am11_3,12,10,SATISFIED,1.1497,13796.0,11557.41
SAL-Ei-LM,bom_tubes_p20_ao12_am18_3_m13_ao12_am12_1,12,1,SATISFIED,1.1623,31114.0,10106.0
SAL-Ei-LM,bom_tubes_p20_ao12_am18_3_m13_ao12_am12_1,12,2,SATISFIED,1.1682,31094.0,10162.78
SAL-Ei-LM,bom_tubes_p20_ao12_am18_3_m13_ao12_am12_1,12,3,SATISFIED,1.1611,31134.0,10213.47
SAL-Ei-LM,bom_tubes_p20_ao12_am18_3_m13_ao12_am12_1,12,4,SATISFIED,1.1616,31114.0,10258.91
SAL-Ei-LM,bom_tubes_p20_ao12_am18_3_m13_ao12_am12_1,12,5,SATISFIED,1.1641,31122.0,9574.38
SAL-Ei-LM,bom_tubes_p20_ao12_am18_3_m13_ao12_am12_1,12,6,SATISFIED,1.1631,31154.0,8818.03
SAL-Ei-LM,bom_tubes_p20_ao12_am18_3_m13_ao12_am12_1,12,7,SATISFIED,1.1551,31214.0,8723.09
SAL-Ei-LM,bom_tubes_p20_ao12_am18_3_m13_ao12_am12_1,12,8,SATISFIED,1.1675,31134.0,8442.25
SAL-Ei-LM,bom_tubes_p20_ao12_am18_3_m13_ao12_am12_1,12,9,SATISFIED,1.1646,31074.0,8846.84
SAL-Ei-LM,bom_tubes_p20_ao12_am18_3_m13_ao12_am12_1,12,10,SATISFIED,1.1662,31242.0,9025.5
SAL-Ei-LM,bom_tubes_p20_ao12_am18_3_m13_ao12_am12_2,12,1,SATISFIED,1.16,47704.0,10352.38
SAL-Ei-LM,bom_tubes_p20_ao12_am18_3_m13_ao12_am12_2,12,2,SATISFIED,1.166,47664.0,10228.41
SAL-Ei-LM,bom_tubes_p20_ao12_am18_3_m13_ao12_am12_2,12,3,SATISFIED,1.1682,47694.0,10188.88
SAL-Ei-LM,bom_tubes_p20_ao12_am18_3_m13_ao12_am12_2,12,4,SATISFIED,1.1653,47692.0,10836.66
SAL-Ei-LM,bom_tubes_p20_ao12_am18_3_m13_ao12_am12_2,12,5,SATISFIED,1.1664,47711.0,10661.81
SAL-Ei-LM,bom_tubes_p20_ao12_am18_3_m13_ao12_am12_2,12,6,SATISFIED,1.1657,47678.0,10620.34
SAL-Ei-LM,bom_tubes_p20_ao12_am18_3_m13_ao12_am12_2,12,7,SATISFIED,1.1741,47688.0,10931.72
SAL-Ei-LM,bom_tubes_p20_ao12_am18_3_m13_ao12_am12_2,12,8,SATISFIED,1.2212,47700.0,11221.28
SAL-Ei-LM,bom_tubes_p20_ao12_am18_3_m13_ao12_am12_2,12,9,SATISFIED,1.1632,47712.0,9868.62
SAL-Ei-LM,bom_tubes_p20_ao12_am18_3_m13_ao12_am12_2,12,10,SATISFIED,1.1678,47690.0,10100.06
SAL-Ei-LM,bom_tubes_p20_ao12_am18_3_m13_ao12_am13_4,12,1,SATISFIED,1.1555,15628.0,7740.59
SAL-Ei-LM,bom_tubes_p20_ao12_am18_3_m13_ao12_am13_4,12,2,SATISFIED,1.1599,15807.0,7866.75
SAL-Ei-LM,bom_tubes_p20_ao12_am18_3_m13_ao12_am13_4,12,3,SATISFIED,1.167,15731.0,7950.16
SAL-Ei-LM,bom_tubes_p20_ao12_am18_3_m13_ao12_am13_4,12,4,SATISFIED,1.144,15788.0,7663.97
SAL-Ei-LM,bom_tubes_p20_ao12_am18_3_m13_ao12_am13_4,12,5,SATISFIED,1.1855,15695.0,7692.66
SAL-Ei-LM,bom_tubes_p20_ao12_am18_3_m13_ao12_am13_4,12,6,SATISFIED,1.1789,15790.0,7546.19
SAL-Ei-LM,bom_tubes_p20_ao12_am18_3_m13_ao12_am13_4,12,7,SATISFIED,1.191,15765.0,7761.06
SAL-Ei-LM,bom_tubes_p20_ao12_am18_3_m13_ao12_am13_4,12,8,SATISFIED,1.1818,15747.0,7962.34
SAL-Ei-LM,bom_tubes_p20_ao12_am18_3_m13_ao12_am13_4,12,9,SATISFIED,1.1786,15655.0,8118.69
SAL-Ei-LM,bom_tubes_p20_ao12_am18_3_m13_ao12_am13_4,12,10,SATISFIED,1.1716,15599.0,8109.78
SAL-Ei-LM,bom_tubes_p20_ao12_am18_3_m13_ao12_am13_5,12,1,SATISFIED,1.1939,27968.0,8874.41
SAL-Ei-LM,bom_tubes_p20_ao12_am18_3_m13_ao12_am13_5,12,2,SATISFIED,1.1811,27774.0,8789.91
SAL-Ei-LM,bom_tubes_p20_ao12_am18_3_m13_ao12_am13_5,12,3,SATISFIED,1.1942,27715.0,8899.75
SAL-Ei-LM,bom_tubes_p20_ao12_am18_3_m13_ao12_am13_5,12,4,SATISFIED,1.1834,28156.0,8639.97
SAL-Ei-LM,bom_tubes_p20_ao12_am18_3_m13_ao12_am13_5,12,5,SATISFIED,1.1801,27985.0,8913.38
SAL-Ei-LM,bom_tubes_p20_ao12_am18_3_m13_ao12_am13_5,12,6,SATISFIED,1.1818,27820.0,8872.75
SAL-Ei-LM,bom_tubes_p20_ao12_am18_3_m13_ao12_am13_5,12,7,SATISFIED,1.2662,27814.0,9077.22
SAL-Ei-LM,bom_tubes_p20_ao12_am18_3_m13_ao12_am13_5,12,8,SATISFIED,1.1658,27612.0,8373.28
SAL-Ei-LM,bom_tubes_p20_ao12_am18_3_m13_ao12_am13_5,12,9,SATISFIED,1.182,28043.0,8849.19
SAL-Ei-LM,bom_tubes_p20_ao12_am18_3_m13_ao12_am13_5,12,10,SATISFIED,1.1465,27889.0,8800.38
SAL-Ei-LM,bom_tubes_p20_ao12_am18_3_m30_ao12_am20_1,12,1,SATISFIED,1.179,21251.0,7823.91
SAL-Ei-LM,bom_tubes_p20_ao12_am18_3_m30_ao12_am20_1,12,2,SATISFIED,1.1785,21085.0,8002.41
SAL-Ei-LM,bom_tubes_p20_ao12_am18_3_m30_ao12_am20_1,12,3,SATISFIED,1.1801,21049.0,7914.56
SAL-Ei-LM,bom_tubes_p20_ao12_am18_3_m30_ao12_am20_1,12,4,SATISFIED,1.1107,21097.0,7946.84
SAL-Ei-LM,bom_tubes_p20_ao12_am18_3_m30_ao12_am20_1,12,5,SATISFIED,1.1726,21249.0,8017.41
SAL-Ei-LM,bom_tubes_p20_ao12_am18_3_m30_ao12_am20_1,12,6,SATISFIED,1.1874,21365.0,7600.88
SAL-Ei-LM,bom_tubes_p20_ao12_am18_3_m30_ao12_am20_1,12,7,SATISFIED,1.1809,21081.0,7715.47
SAL-Ei-LM,bom_tubes_p20_ao12_am18_3_m30_ao12_am20_1,12,8,SATISFIED,1.1617,20477.0,7850.53
SAL-Ei-LM,bom_tubes_p20_ao12_am18_3_m30_ao12_am20_1,12,9,SATISFIED,1.1735,21010.0,7663.19
SAL-Ei-LM,bom_tubes_p20_ao12_am18_3_m30_ao12_am20_1,12,10,SATISFIED,1.1281,21176.0,6243.91
SAL-Ei-LM,bom_tubes_p20_ao12_am18_3_m30_ao12_am20_3,12,1,SATISFIED,1.1256,24309.0,6244.34
SAL-Ei-LM,bom_tubes_p20_ao12_am18_3_m30_ao12_am20_3,12,2,SATISFIED,1.1787,23973.0,6326.34
SAL-Ei-LM,bom_tubes_p20_ao12_am18_3_m30_ao12_am20_3,12,3,SATISFIED,1.1723,24680.0,7249.31
SAL-Ei-LM,bom_tubes_p20_ao12_am18_3_m30_ao12_am20_3,12,4,SATISFIED,1.1747,24939.0,6178.59
SAL-Ei-LM,bom_tubes_p20_ao12_am18_3_m30_ao12_am20_3,12,5,SATISFIED,1.1663,24894.0,6144.22
SAL-Ei-LM,bom_tubes_p20_ao12_am18_3_m30_ao12_am20_3,12,6,SATISFIED,1.1773,24368.0,6347.88
SAL-Ei-LM,bom_tubes_p20_ao12_am18_3_m30_ao12_am20_3,12,7,SATISFIED,1.1645,24736.0,7001.72
SAL-Ei-LM,bom_tubes_p20_ao12_am18_3_m30_ao12_am20_3,12,8,SATISFIED,1.1559,24391.0,7541.28
SAL-Ei-LM,bom_tubes_p20_ao12_am18_3_m30_ao12_am20_3,12,9,SATISFIED,1.1648,24200.0,7526.31
SAL-Ei-LM,bom_tubes_p20_ao12_am18_3_m30_ao12_am20_3,12,10,SATISFIED,1.1625,24872.0,7673.03
SAL-Ei-LM,bom_tubes_p20_ao12_am18_3_m30_ao12_am21_2,12,1,SATISFIED,1.1579,19841.0,7240.09
SAL-Ei-LM,bom_tubes_p20_ao12_am18_3_m30_ao12_am21_2,12,2,SATISFIED,1.1452,19553.0,7374.94
SAL-Ei-LM,bom_tubes_p20_ao12_am18_3_m30_ao12_am21_2,12,3,SATISFIED,1.0912,19917.0,7590.72
SAL-Ei-LM,bom_tubes_p20_ao12_am18_3_m30_ao12_am21_2,12,4,SATISFIED,1.0987,19937.0,7592.25
SAL-Ei-LM,bom_tubes_p20_ao12_am18_3_m30_ao12_am21_2,12,5,SATISFIED,1.157,20013.0,7744.41
SAL-Ei-LM,bom_tubes_p20_ao12_am18_3_m30_ao12_am21_2,12,6,SATISFIED,1.1535,19653.0,7841.78
SAL-Ei-LM,bom_tubes_p20_ao12_am18_3_m30_ao12_am21_2,12,7,SATISFIED,1.1598,20309.0,7626.31
SAL-Ei-LM,bom_tubes_p20_ao12_am18_3_m30_ao12_am21_2,12,8,SATISFIED,1.1657,20120.0,7463.56
SAL-Ei-LM,bom_tubes_p20_ao12_am18_3_m30_ao12_am21_2,12,9,SATISFIED,1.1597,19999.0,7597.34
SAL-Ei-LM,bom_tubes_p20_ao12_am18_3_m30_ao12_am21_2,12,10,SATISFIED,1.2645,19821.0,7348.12
SAL-Ei-LM,bom_tubes_p20_ao12_am18_3_m30_ao12_am21_5,12,1,SATISFIED,1.1671,8558.0,6513.91
SAL-Ei-LM,bom_tubes_p20_ao12_am18_3_m30_ao12_am21_5,12,2,SATISFIED,1.168,8598.0,7131.88
SAL-Ei-LM,bom_tubes_p20_ao12_am18_3_m30_ao12_am21_5,12,3,SATISFIED,1.1618,8558.0,7261.5
SAL-Ei-LM,bom_tubes_p20_ao12_am18_3_m30_ao12_am21_5,12,4,SATISFIED,1.1718,8578.0,7639.88
SAL-Ei-LM,bom_tubes_p20_ao12_am18_3_m30_ao12_am21_5,12,5,SATISFIED,1.1537,8598.0,7646.62
SAL-Ei-LM,bom_tubes_p20_ao12_am18_3_m30_ao12_am21_5,12,6,SATISFIED,1.1561,8578.0,7522.78
SAL-Ei-LM,bom_tubes_p20_ao12_am18_3_m30_ao12_am21_5,12,7,SATISFIED,1.1632,8558.0,7334.59
SAL-Ei-LM,bom_tubes_p20_ao12_am18_3_m30_ao12_am21_5,12,8,SATISFIED,1.1591,8518.0,7627.56
SAL-Ei-LM,bom_tubes_p20_ao12_am18_3_m30_ao12_am21_5,12,9,SATISFIED,1.1524,8618.0,7460.16
SAL-Ei-LM,bom_tubes_p20_ao12_am18_3_m30_ao12_am21_5,12,10,SATISFIED,1.1527,8598.0,7681.97
SAL-Ei-LM,bom_tubes_p20_ao12_am18_3_m30_ao12_am22_4,12,1,SATISFIED,1.1536,14866.0,7752.12
SAL-Ei-LM,bom_tubes_p20_ao12_am18_3_m30_ao12_am22_4,12,2,SATISFIED,1.1748,14414.0,7787.41
SAL-Ei-LM,bom_tubes_p20_ao12_am18_3_m30_ao12_am22_4,12,3,SATISFIED,1.1778,14271.0,7506.91
SAL-Ei-LM,bom_tubes_p20_ao12_am18_3_m30_ao12_am22_4,12,4,SATISFIED,1.1702,14218.0,7442.5
SAL-Ei-LM,bom_tubes_p20_ao12_am18_3_m30_ao12_am22_4,12,5,SATISFIED,1.1677,14495.0,7543.0
SAL-Ei-LM,bom_tubes_p20_ao12_am18_3_m30_ao12_am22_4,12,6,SATISFIED,1.1676,14388.0,7363.19
SAL-Ei-LM,bom_tubes_p20_ao12_am18_3_m30_ao12_am22_4,12,7,SATISFIED,1.2161,14576.0,7644.19
SAL-Ei-LM,bom_tubes_p20_ao12_am18_3_m30_ao12_am22_4,12,8,SATISFIED,1.1565,14610.0,7649.16
SAL-Ei-LM,bom_tubes_p20_ao12_am18_3_m30_ao12_am22_4,12,9,SATISFIED,1.1818,14163.0,7409.72
SAL-Ei-LM,bom_tubes_p20_ao12_am18_3_m30_ao12_am22_4,12,10,SATISFIED,1.1824,14550.0,7294.41
SAL-Ei-LM,bom_tubes_p20_ao12_am18_4,12,1,SATISFIED,1.1809,910028.0,10738.0
SAL-Ei-LM,bom_tubes_p20_ao12_am18_4,12,2,SATISFIED,1.1672,910224.0,11075.34
SAL-Ei-LM,bom_tubes_p20_ao12_am18_4,12,3,SATISFIED,1.163,909944.0,10903.19
SAL-Ei-LM,bom_tubes_p20_ao12_am18_4,12,4,SATISFIED,1.1699,909784.0,10945.16
SAL-Ei-LM,bom_tubes_p20_ao12_am18_4,12,5,SATISFIED,1.1774,910144.0,11029.03
SAL-Ei-LM,bom_tubes_p20_ao12_am18_4,12,6,SATISFIED,1.1701,909956.0,11350.75
SAL-Ei-LM,bom_tubes_p20_ao12_am18_4,12,7,SATISFIED,1.1063,910052.0,11583.09
SAL-Ei-LM,bom_tubes_p20_ao12_am18_4,12,8,SATISFIED,1.1646,910096.0,11622.59
SAL-Ei-LM,bom_tubes_p20_ao12_am18_4,12,9,SATISFIED,1.192,910024.0,10940.62
SAL-Ei-LM,bom_tubes_p20_ao12_am18_4,12,10,SATISFIED,1.1756,909952.0,10878.59
SAL-Ei-LM,bom_tubes_p20_ao12_am18_4_m13_ao12_am11_5,12,1,SATISFIED,1.178,243330.0,8981.16
SAL-Ei-LM,bom_tubes_p20_ao12_am18_4_m13_ao12_am11_5,12,2,SATISFIED,1.1913,243757.0,9001.25
SAL-Ei-LM,bom_tubes_p20_ao12_am18_4_m13_ao12_am11_5,12,3,SATISFIED,1.1746,241546.0,8666.19
SAL-Ei-LM,bom_tubes_p20_ao12_am18_4_m13_ao12_am11_5,12,4,SATISFIED,1.2985,242300.0,8528.12
SAL-Ei-LM,bom_tubes_p20_ao12_am18_4_m13_ao12_am11_5,12,5,SATISFIED,1.167,242245.0,7623.22
SAL-Ei-LM,bom_tubes_p20_ao12_am18_4_m13_ao12_am11_5,12,6,SATISFIED,1.1724,244540.0,8508.72
SAL-Ei-LM,bom_tubes_p20_ao12_am18_4_m13_ao12_am11_5,12,7,SATISFIED,1.1876,240631.0,8851.5
SAL-Ei-LM,bom_tubes_p20_ao12_am18_4_m13_ao12_am11_5,12,8,SATISFIED,1.1826,241351.0,9138.41
SAL-Ei-LM,bom_tubes_p20_ao12_am18_4_m13_ao12_am11_5,12,9,SATISFIED,1.1858,241910.0,9190.81
SAL-Ei-LM,bom_tubes_p20_ao12_am18_4_m13_ao12_am11_5,12,10,SATISFIED,1.176,249940.0,9283.69
SAL-Ei-LM,bom_tubes_p20_ao12_am18_4_m13_ao12_am12_2,12,1,SATISFIED,1.1767,33953.0,8952.97
SAL-Ei-LM,bom_tubes_p20_ao12_am18_4_m13_ao12_am12_2,12,2,SATISFIED,1.1784,34049.0,8806.22
SAL-Ei-LM,bom_tubes_p20_ao12_am18_4_m13_ao12_am12_2,12,3,SATISFIED,1.174,33994.0,8549.19
SAL-Ei-LM,bom_tubes_p20_ao12_am18_4_m13_ao12_am12_2,12,4,SATISFIED,1.1393,34306.0,8661.5
SAL-Ei-LM,bom_tubes_p20_ao12_am18_4_m13_ao12_am12_2,12,5,SATISFIED,1.1868,34174.0,8666.78
SAL-Ei-LM,bom_tubes_p20_ao12_am18_4_m13_ao12_am12_2,12,6,SATISFIED,1.1366,34010.0,8465.31
SAL-Ei-LM,bom_tubes_p20_ao12_am18_4_m13_ao12_am12_2,12,7,SATISFIED,1.1667,33658.0,8713.22
SAL-Ei-LM,bom_tubes_p20_ao12_am18_4_m13_ao12_am12_2,12,8,SATISFIED,1.1681,33949.0,8820.16
SAL-Ei-LM,bom_tubes_p20_ao12_am18_4_m13_ao12_am12_2,12,9,SATISFIED,1.1694,34186.0,9027.22
SAL-Ei-LM,bom_tubes_p20_ao12_am18_4_m13_ao12_am12_2,12,10,SATISFIED,1.1638,33694.0,8957.22
SAL-Ei-LM,bom_tubes_p20_ao12_am18_4_m13_ao12_am12_3,12,1,SATISFIED,1.1684,333599.0,9613.12
SAL-Ei-LM,bom_tubes_p20_ao12_am18_4_m13_ao12_am12_3,12,2,SATISFIED,1.1643,331768.0,9938.16
SAL-Ei-LM,bom_tubes_p20_ao12_am18_4_m13_ao12_am12_3,12,3,SATISFIED,1.1648,337173.0,10022.06
SAL-Ei-LM,bom_tubes_p20_ao12_am18_4_m13_ao12_am12_3,12,4,SATISFIED,1.2263,331121.0,10209.91
SAL-Ei-LM,bom_tubes_p20_ao12_am18_4_m13_ao12_am12_3,12,5,SATISFIED,1.1557,335435.0,9645.0
SAL-Ei-LM,bom_tubes_p20_ao12_am18_4_m13_ao12_am12_3,12,6,SATISFIED,1.1693,333572.0,9760.41
SAL-Ei-LM,bom_tubes_p20_ao12_am18_4_m13_ao12_am12_3,12,7,SATISFIED,1.1508,339264.0,10063.19
SAL-Ei-LM,bom_tubes_p20_ao12_am18_4_m13_ao12_am12_3,12,8,SATISFIED,1.1602,335269.0,10175.97
SAL-Ei-LM,bom_tubes_p20_ao12_am18_4_m13_ao12_am12_3,12,9,SATISFIED,1.1549,332986.0,9994.31
SAL-Ei-LM,bom_tubes_p20_ao12_am18_4_m13_ao12_am12_3,12,10,SATISFIED,1.1637,335825.0,9623.25
SAL-Ei-LM,bom_tubes_p20_ao12_am18_4_m13_ao12_am13_1,12,1,SATISFIED,1.1637,747820.0,9961.44
SAL-Ei-LM,bom_tubes_p20_ao12_am18_4_m13_ao12_am13_1,12,2,SATISFIED,1.1665,747660.0,9953.94
SAL-Ei-LM,bom_tubes_p20_ao12_am18_4_m13_ao12_am13_1,12,3,SATISFIED,1.1603,747660.0,9967.81
SAL-Ei-LM,bom_tubes_p20_ao12_am18_4_m13_ao12_am13_1,12,4,SATISFIED,1.1306,747700.0,10014.44
SAL-Ei-LM,bom_tubes_p20_ao12_am18_4_m13_ao12_am13_1,12,5,SATISFIED,1.1617,747740.0,9951.47
SAL-Ei-LM,bom_tubes_p20_ao12_am18_4_m13_ao12_am13_1,12,6,SATISFIED,1.158,747672.0,10101.69
SAL-Ei-LM,bom_tubes_p20_ao12_am18_4_m13_ao12_am13_1,12,7,SATISFIED,1.1619,747860.0,10541.0
SAL-Ei-LM,bom_tubes_p20_ao12_am18_4_m13_ao12_am13_1,12,8,SATISFIED,1.1566,747660.0,10689.41
SAL-Ei-LM,bom_tubes_p20_ao12_am18_4_m13_ao12_am13_1,12,9,SATISFIED,1.1607,747692.0,10870.69
SAL-Ei-LM,bom_tubes_p20_ao12_am18_4_m13_ao12_am13_1,12,10,SATISFIED,1.16,747700.0,10709.25
SAL-Ei-LM,bom_tubes_p20_ao12_am18_4_m13_ao12_am13_4,12,1,SATISFIED,1.1596,553711.0,10334.88
SAL-Ei-LM,bom_tubes_p20_ao12_am18_4_m13_ao12_am13_4,12,2,SATISFIED,1.1583,553411.0,10479.34
SAL-Ei-LM,bom_tubes_p20_ao12_am18_4_m13_ao12_am13_4,12,3,SATISFIED,1.2211,553371.0,10592.53
SAL-Ei-LM,bom_tubes_p20_ao12_am18_4_m13_ao12_am13_4,12,4,SATISFIED,1.1474,553611.0,9642.19
SAL-Ei-LM,bom_tubes_p20_ao12_am18_4_m13_ao12_am13_4,12,5,SATISFIED,1.1585,553691.0,9782.16
SAL-Ei-LM,bom_tubes_p20_ao12_am18_4_m13_ao12_am13_4,12,6,SATISFIED,1.1571,553651.0,9938.88
SAL-Ei-LM,bom_tubes_p20_ao12_am18_4_m13_ao12_am13_4,12,7,SATISFIED,1.1576,553791.0,10074.5
SAL-Ei-LM,bom_tubes_p20_ao12_am18_4_m13_ao12_am13_4,12,8,SATISFIED,1.1617,553811.0,10063.5
SAL-Ei-LM,bom_tubes_p20_ao12_am18_4_m13_ao12_am13_4,12,9,SATISFIED,1.1633,553531.0,9839.69
SAL-Ei-LM,bom_tubes_p20_ao12_am18_4_m13_ao12_am13_4,12,10,SATISFIED,1.1672,553551.0,9971.84
SAL-Ei-LM,bom_tubes_p20_ao12_am18_4_m30_ao12_am20_2,12,1,SATISFIED,1.1621,64683.0,7931.59
SAL-Ei-LM,bom_tubes_p20_ao12_am18_4_m30_ao12_am20_2,12,2,SATISFIED,1.152,65765.0,7886.19
SAL-Ei-LM,bom_tubes_p20_ao12_am18_4_m30_ao12_am20_2,12,3,SATISFIED,1.1627,64954.0,8045.59
SAL-Ei-LM,bom_tubes_p20_ao12_am18_4_m30_ao12_am20_2,12,4,SATISFIED,1.1668,66316.0,8046.16
SAL-Ei-LM,bom_tubes_p20_ao12_am18_4_m30_ao12_am20_2,12,5,SATISFIED,1.1658,68852.0,8072.44
SAL-Ei-LM,bom_tubes_p20_ao12_am18_4_m30_ao12_am20_2,12,6,SATISFIED,1.1704,64787.0,8005.53
SAL-Ei-LM,bom_tubes_p20_ao12_am18_4_m30_ao12_am20_2,12,7,SATISFIED,1.1638,63590.0,7842.31
SAL-Ei-LM,bom_tubes_p20_ao12_am18_4_m30_ao12_am20_2,12,8,SATISFIED,1.1308,64486.0,7562.56
SAL-Ei-LM,bom_tubes_p20_ao12_am18_4_m30_ao12_am20_2,12,9,SATISFIED,1.1731,63948.0,7307.81
SAL-Ei-LM,bom_tubes_p20_ao12_am18_4_m30_ao12_am20_2,12,10,SATISFIED,1.1948,65205.0,7391.78
SAL-Ei-LM,bom_tubes_p20_ao12_am18_4_m30_ao12_am20_3,12,1,SATISFIED,1.1746,536961.0,6455.0
SAL-Ei-LM,bom_tubes_p20_ao12_am18_4_m30_ao12_am20_3,12,2,SATISFIED,1.1758,535659.0,7619.84
SAL-Ei-LM,bom_tubes_p20_ao12_am18_4_m30_ao12_am20_3,12,3,SATISFIED,1.1792,533349.0,7955.41
SAL-Ei-LM,bom_tubes_p20_ao12_am18_4_m30_ao12_am20_3,12,4,SATISFIED,1.174,536447.0,8198.41
SAL-Ei-LM,bom_tubes_p20_ao12_am18_4_m30_ao12_am20_3,12,5,SATISFIED,1.1632,536733.0,7861.19
SAL-Ei-LM,bom_tubes_p20_ao12_am18_4_m30_ao12_am20_3,12,6,SATISFIED,1.1649,532719.0,7643.47
SAL-Ei-LM,bom_tubes_p20_ao12_am18_4_m30_ao12_am20_3,12,7,SATISFIED,1.1644,537217.0,7681.0
SAL-Ei-LM,bom_tubes_p20_ao12_am18_4_m30_ao12_am20_3,12,8,SATISFIED,1.1625,535732.0,7554.47
SAL-Ei-LM,bom_tubes_p20_ao12_am18_4_m30_ao12_am20_3,12,9,SATISFIED,1.157,539005.0,7516.12
SAL-Ei-LM,bom_tubes_p20_ao12_am18_4_m30_ao12_am20_3,12,10,SATISFIED,1.1761,538495.0,7636.84
SAL-Ei-LM,bom_tubes_p20_ao12_am18_4_m30_ao12_am21_5,12,1,SATISFIED,1.1527,241279.0,7535.06
SAL-Ei-LM,bom_tubes_p20_ao12_am18_4_m30_ao12_am21_5,12,2,SATISFIED,1.1478,236667.0,7547.25
SAL-Ei-LM,bom_tubes_p20_ao12_am18_4_m30_ao12_am21_5,12,3,SATISFIED,1.1565,243290.0,7452.94
SAL-Ei-LM,bom_tubes_p20_ao12_am18_4_m30_ao12_am21_5,12,4,SATISFIED,1.1531,243720.0,7634.62
SAL-Ei-LM,bom_tubes_p20_ao12_am18_4_m30_ao12_am21_5,12,5,SATISFIED,1.1509,235728.0,7469.5
SAL-Ei-LM,bom_tubes_p20_ao12_am18_4_m30_ao12_am21_5,12,6,SATISFIED,1.1611,240726.0,7192.75
SAL-Ei-LM,bom_tubes_p20_ao12_am18_4_m30_ao12_am21_5,12,7,SATISFIED,1.211,237462.0,7280.09
SAL-Ei-LM,bom_tubes_p20_ao12_am18_4_m30_ao12_am21_5,12,8,SATISFIED,1.1463,243549.0,7065.0
SAL-Ei-LM,bom_tubes_p20_ao12_am18_4_m30_ao12_am21_5,12,9,SATISFIED,1.1543,238513.0,7537.53
SAL-Ei-LM,bom_tubes_p20_ao12_am18_4_m30_ao12_am21_5,12,10,SATISFIED,1.1547,240669.0,7638.22
SAL-Ei-LM,bom_tubes_p20_ao12_am18_4_m30_ao12_am22_1,12,1,SATISFIED,1.1489,46080.0,7428.19
SAL-Ei-LM,bom_tubes_p20_ao12_am18_4_m30_ao12_am22_1,12,2,SATISFIED,1.1665,46431.0,7724.06
SAL-Ei-LM,bom_tubes_p20_ao12_am18_4_m30_ao12_am22_1,12,3,SATISFIED,1.1602,46299.0,7475.03
SAL-Ei-LM,bom_tubes_p20_ao12_am18_4_m30_ao12_am22_1,12,4,SATISFIED,1.1602,46452.0,7150.09
SAL-Ei-LM,bom_tubes_p20_ao12_am18_4_m30_ao12_am22_1,12,5,SATISFIED,1.1619,46220.0,7085.84
SAL-Ei-LM,bom_tubes_p20_ao12_am18_4_m30_ao12_am22_1,12,6,SATISFIED,1.1659,46302.0,7003.53
SAL-Ei-LM,bom_tubes_p20_ao12_am18_4_m30_ao12_am22_1,12,7,SATISFIED,1.178,46429.0,7183.91
SAL-Ei-LM,bom_tubes_p20_ao12_am18_4_m30_ao12_am22_1,12,8,SATISFIED,1.1569,46154.0,7410.78
SAL-Ei-LM,bom_tubes_p20_ao12_am18_4_m30_ao12_am22_1,12,9,SATISFIED,1.1662,46461.0,7657.81
SAL-Ei-LM,bom_tubes_p20_ao12_am18_4_m30_ao12_am22_1,12,10,SATISFIED,1.1657,46500.0,7597.22
SAL-Ei-LM,bom_tubes_p20_ao12_am18_4_m30_ao12_am23_4,12,1,SATISFIED,1.1232,119655.0,7441.59
SAL-Ei-LM,bom_tubes_p20_ao12_am18_4_m30_ao12_am23_4,12,2,SATISFIED,1.1505,119807.0,7477.62
SAL-Ei-LM,bom_tubes_p20_ao12_am18_4_m30_ao12_am23_4,12,3,SATISFIED,1.2388,120159.0,7203.84
SAL-Ei-LM,bom_tubes_p20_ao12_am18_4_m30_ao12_am23_4,12,4,SATISFIED,1.1581,119479.0,6989.19
SAL-Ei-LM,bom_tubes_p20_ao12_am18_4_m30_ao12_am23_4,12,5,SATISFIED,1.1712,120039.0,7610.72
SAL-Ei-LM,bom_tubes_p20_ao12_am18_4_m30_ao12_am23_4,12,6,SATISFIED,1.1616,119847.0,7485.0
SAL-Ei-LM,bom_tubes_p20_ao12_am18_4_m30_ao12_am23_4,12,7,SATISFIED,1.1599,119480.0,7536.62
SAL-Ei-LM,bom_tubes_p20_ao12_am18_4_m30_ao12_am23_4,12,8,SATISFIED,1.173,119766.0,7421.44
SAL-Ei-LM,bom_tubes_p20_ao12_am18_4_m30_ao12_am23_4,12,9,SATISFIED,1.1705,119832.0,7431.75
SAL-Ei-LM,bom_tubes_p20_ao12_am18_4_m30_ao12_am23_4,12,10,SATISFIED,1.162,119971.0,7372.0
SAL-Ei-LM,bom_tubes_p20_ao12_am18_5,12,1,SATISFIED,1.1723,30264.0,10201.59
SAL-Ei-LM,bom_tubes_p20_ao12_am18_5,12,2,SATISFIED,1.1761,30504.0,9963.88
SAL-Ei-LM,bom_tubes_p20_ao12_am18_5,12,3,SATISFIED,1.1696,30440.0,10249.91
SAL-Ei-LM,bom_tubes_p20_ao12_am18_5,12,4,SATISFIED,1.1732,30348.0,10825.06
SAL-Ei-LM,bom_tubes_p20_ao12_am18_5,12,5,SATISFIED,1.1637,30644.0,11256.53
SAL-Ei-LM,bom_tubes_p20_ao12_am18_5,12,6,SATISFIED,1.1739,30380.0,10960.62
SAL-Ei-LM,bom_tubes_p20_ao12_am18_5,12,7,SATISFIED,1.127,30388.0,8324.75
SAL-Ei-LM,bom_tubes_p20_ao12_am18_5,12,8,SATISFIED,1.1425,30564.0,8136.44
SAL-Ei-LM,bom_tubes_p20_ao12_am18_5,12,9,SATISFIED,1.1228,30268.0,9062.47
SAL-Ei-LM,bom_tubes_p20_ao12_am18_5,12,10,SATISFIED,1.2985,30732.0,10240.84
SAL-Ei-LM,bom_tubes_p20_ao12_am18_5_m13_ao12_am11_3,12,1,SATISFIED,1.1761,13400.0,8028.59
SAL-Ei-LM,bom_tubes_p20_ao12_am18_5_m13_ao12_am11_3,12,2,SATISFIED,1.1797,13440.0,9243.69
SAL-Ei-LM,bom_tubes_p20_ao12_am18_5_m13_ao12_am11_3,12,3,SATISFIED,1.1998,13500.0,9582.16
SAL-Ei-LM,bom_tubes_p20_ao12_am18_5_m13_ao12_am11_3,12,4,SATISFIED,1.185,13400.0,9651.41
SAL-Ei-LM,bom_tubes_p20_ao12_am18_5_m13_ao12_am11_3,12,5,SATISFIED,1.1822,13540.0,9776.78
SAL-Ei-LM,bom_tubes_p20_ao12_am18_5_m13_ao12_am11_3,12,6,SATISFIED,1.1588,13440.0,9734.94
SAL-Ei-LM,bom_tubes_p20_ao12_am18_5_m13_ao12_am11_3,12,7,SATISFIED,1.1423,13440.0,9803.41
SAL-Ei-LM,bom_tubes_p20_ao12_am18_5_m13_ao12_am11_3,12,8,SATISFIED,1.1138,13460.0,9653.41
SAL-Ei-LM,bom_tubes_p20_ao12_am18_5_m13_ao12_am11_3,12,9,SATISFIED,1.211,13440.0,9501.03
SAL-Ei-LM,bom_tubes_p20_ao12_am18_5_m13_ao12_am11_3,12,10,SATISFIED,1.1902,13440.0,9563.69
SAL-Ei-LM,bom_tubes_p20_ao12_am18_5_m13_ao12_am11_5,12,1,SATISFIED,1.1791,39284.0,9580.19
SAL-Ei-LM,bom_tubes_p20_ao12_am18_5_m13_ao12_am11_5,12,2,SATISFIED,1.1815,39510.0,9361.25
SAL-Ei-LM,bom_tubes_p20_ao12_am18_5_m13_ao12_am11_5,12,3,SATISFIED,1.1992,39198.0,9442.75
SAL-Ei-LM,bom_tubes_p20_ao12_am18_5_m13_ao12_am11_5,12,4,SATISFIED,1.1891,39390.0,9267.06
SAL-Ei-LM,bom_tubes_p20_ao12_am18_5_m13_ao12_am11_5,12,5,SATISFIED,1.2,39190.0,9316.69
SAL-Ei-LM,bom_tubes_p20_ao12_am18_5_m13_ao12_am11_5,12,6,SATISFIED,1.1816,39244.0,8930.25
SAL-Ei-LM,bom_tubes_p20_ao12_am18_5_m13_ao12_am11_5,12,7,SATISFIED,1.1891,39265.0,8884.38
SAL-Ei-LM,bom_tubes_p20_ao12_am18_5_m13_ao12_am11_5,12,8,SATISFIED,1.185,39236.0,9091.75
SAL-Ei-LM,bom_tubes_p20_ao12_am18_5_m13_ao12_am11_5,12,9,SATISFIED,1.1794,39318.0,9480.62
SAL-Ei-LM,bom_tubes_p20_ao12_am18_5_m13_ao12_am11_5,12,10,SATISFIED,1.1815,39276.0,9255.12
SAL-Ei-LM,bom_tubes_p20_ao12_am18_5_m13_ao12_am12_1,12,1,SATISFIED,1.1843,32168.0,9792.03
SAL-Ei-LM,bom_tubes_p20_ao12_am18_5_m13_ao12_am12_1,12,2,SATISFIED,1.1764,32168.0,10041.78
SAL-Ei-LM,bom_tubes_p20_ao12_am18_5_m13_ao12_am12_1,12,3,SATISFIED,1.1694,32168.0,10485.62
SAL-Ei-LM,bom_tubes_p20_ao12_am18_5_m13_ao12_am12_1,12,4,SATISFIED,1.1669,32188.0,10556.91
SAL-Ei-LM,bom_tubes_p20_ao12_am18_5_m13_ao12_am12_1,12,5,SATISFIED,1.2477,32208.0,10084.09
SAL-Ei-LM,bom_tubes_p20_ao12_am18_5_m13_ao12_am12_1,12,6,SATISFIED,1.1704,32148.0,9381.41
SAL-Ei-LM,bom_tubes_p20_ao12_am18_5_m13_ao12_am12_1,12,7,SATISFIED,1.1775,32208.0,10006.5
SAL-Ei-LM,bom_tubes_p20_ao12_am18_5_m13_ao12_am12_1,12,8,SATISFIED,1.1761,32188.0,10188.22
SAL-Ei-LM,bom_tubes_p20_ao12_am18_5_m13_ao12_am12_1,12,9,SATISFIED,1.171,32168.0,10340.22
SAL-Ei-LM,bom_tubes_p20_ao12_am18_5_m13_ao12_am12_1,12,10,SATISFIED,1.1648,32208.0,10347.41
SAL-Ei-LM,bom_tubes_p20_ao12_am18_5_m13_ao12_am12_2,12,1,SATISFIED,1.1662,33182.0,11541.59
SAL-Ei-LM,bom_tubes_p20_ao12_am18_5_m13_ao12_am12_2,12,2,SATISFIED,1.1676,33162.0,11510.47
SAL-Ei-LM,bom_tubes_p20_ao12_am18_5_m13_ao12_am12_2,12,3,SATISFIED,1.1639,33154.0,11753.06
SAL-Ei-LM,bom_tubes_p20_ao12_am18_5_m13_ao12_am12_2,12,4,SATISFIED,1.1627,33164.0,11349.0
SAL-Ei-LM,bom_tubes_p20_ao12_am18_5_m13_ao12_am12_2,12,5,SATISFIED,1.1656,33115.0,11305.31
SAL-Ei-LM,bom_tubes_p20_ao12_am18_5_m13_ao12_am12_2,12,6,SATISFIED,1.1661,33140.0,11525.44
SAL-Ei-LM,bom_tubes_p20_ao12_am18_5_m13_ao12_am12_2,12,7,SATISFIED,1.1641,33162.0,11601.91
SAL-Ei-LM,bom_tubes_p20_ao12_am18_5_m13_ao12_am12_2,12,8,SATISFIED,1.1725,33162.0,11753.44
SAL-Ei-LM,bom_tubes_p20_ao12_am18_5_m13_ao12_am12_2,12,9,SATISFIED,1.2049,33162.0,11758.62
SAL-Ei-LM,bom_tubes_p20_ao12_am18_5_m13_ao12_am12_2,12,10,SATISFIED,1.1341,33146.0,11771.03
SAL-Ei-LM,bom_tubes_p20_ao12_am18_5_m13_ao12_am13_4,12,1,SATISFIED,1.1786,41553.0,9353.88
SAL-Ei-LM,bom_tubes_p20_ao12_am18_5_m13_ao12_am13_4,12,2,SATISFIED,1.185,41601.0,9102.09
SAL-Ei-LM,bom_tubes_p20_ao12_am18_5_m13_ao12_am13_4,12,3,SATISFIED,1.174,41525.0,9329.78
SAL-Ei-LM,bom_tubes_p20_ao12_am18_5_m13_ao12_am13_4,12,4,SATISFIED,1.1756,41506.0,9133.06
SAL-Ei-LM,bom_tubes_p20_ao12_am18_5_m13_ao12_am13_4,12,5,SATISFIED,1.1818,41530.0,9553.09
SAL-Ei-LM,bom_tubes_p20_ao12_am18_5_m13_ao12_am13_4,12,6,SATISFIED,1.2934,41506.0,9680.38
SAL-Ei-LM,bom_tubes_p20_ao12_am18_5_m13_ao12_am13_4,12,7,SATISFIED,1.1857,41530.0,8292.53
SAL-Ei-LM,bom_tubes_p20_ao12_am18_5_m13_ao12_am13_4,12,8,SATISFIED,1.2066,41530.0,8937.97
SAL-Ei-LM,bom_tubes_p20_ao12_am18_5_m13_ao12_am13_4,12,9,SATISFIED,1.1987,41590.0,8934.53
SAL-Ei-LM,bom_tubes_p20_ao12_am18_5_m13_ao12_am13_4,12,10,SATISFIED,1.1999,41640.0,8494.28
SAL-Ei-LM,bom_tubes_p20_ao12_am18_5_m30_ao12_am19_4,12,1,SATISFIED,1.1948,13915.0,7194.41
SAL-Ei-LM,bom_tubes_p20_ao12_am18_5_m30_ao12_am19_4,12,2,SATISFIED,1.2,14126.0,7399.06
SAL-Ei-LM,bom_tubes_p20_ao12_am18_5_m30_ao12_am19_4,12,3,SATISFIED,1.1961,14091.0,7502.84
SAL-Ei-LM,bom_tubes_p20_ao12_am18_5_m30_ao12_am19_4,12,4,SATISFIED,1.2015,14075.0,7445.88
SAL-Ei-LM,bom_tubes_p20_ao12_am18_5_m30_ao12_am19_4,12,5,SATISFIED,1.1962,13994.0,7432.03
SAL-Ei-LM,bom_tubes_p20_ao12_am18_5_m30_ao12_am19_4,12,6,SATISFIED,1.1811,13943.0,7146.53
SAL-Ei-LM,bom_tubes_p20_ao12_am18_5_m30_ao12_am19_4,12,7,SATISFIED,1.1947,13822.0,7314.09
SAL-Ei-LM,bom_tubes_p20_ao12_am18_5_m30_ao12_am19_4,12,8,SATISFIED,1.1975,14500.0,7195.56
SAL-Ei-LM,bom_tubes_p20_ao12_am18_5_m30_ao12_am19_4,12,9,SATISFIED,1.1747,13805.0,7366.81
SAL-Ei-LM,bom_tubes_p20_ao12_am18_5_m30_ao12_am19_4,12,10,SATISFIED,1.1843,14310.0,7584.59
SAL-Ei-LM,bom_tubes_p20_ao12_am18_5_m30_ao12_am20_1,12,1,SATISFIED,1.1909,21208.0,7445.44
SAL-Ei-LM,bom_tubes_p20_ao12_am18_5_m30_ao12_am20_1,12,2,SATISFIED,1.1771,21306.0,7670.69
SAL-Ei-LM,bom_tubes_p20_ao12_am18_5_m30_ao12_am20_1,12,3,SATISFIED,1.2835,21252.0,7756.22
SAL-Ei-LM,bom_tubes_p20_ao12_am18_5_m30_ao12_am20_1,12,4,SATISFIED,1.1817,21350.0,6852.19
SAL-Ei-LM,bom_tubes_p20_ao12_am18_5_m30_ao12_am20_1,12,5,SATISFIED,1.1836,21116.0,7452.31
SAL-Ei-LM,bom_tubes_p20_ao12_am18_5_m30_ao12_am20_1,12,6,SATISFIED,1.171,20951.0,7844.34
SAL-Ei-LM,bom_tubes_p20_ao12_am18_5_m30_ao12_am20_1,12,7,SATISFIED,1.1771,21101.0,7882.56
SAL-Ei-LM,bom_tubes_p20_ao12_am18_5_m30_ao12_am20_1,12,8,SATISFIED,1.1772,21193.0,7688.75
SAL-Ei-LM,bom_tubes_p20_ao12_am18_5_m30_ao12_am20_1,12,9,SATISFIED,1.1709,21195.0,7808.41
SAL-Ei-LM,bom_tubes_p20_ao12_am18_5_m30_ao12_am20_1,12,10,SATISFIED,1.1852,21093.0,7635.97
SAL-Ei-LM,bom_tubes_p20_ao12_am18_5_m30_ao12_am20_2,12,1,SATISFIED,1.1959,31161.0,7489.59
SAL-Ei-LM,bom_tubes_p20_ao12_am18_5_m30_ao12_am20_2,12,2,SATISFIED,1.1583,30776.0,7562.53
SAL-Ei-LM,bom_tubes_p20_ao12_am18_5_m30_ao12_am20_2,12,3,SATISFIED,1.1584,31105.0,7604.5
SAL-Ei-LM,bom_tubes_p20_ao12_am18_5_m30_ao12_am20_2,12,4,SATISFIED,1.1587,30812.0,7703.47
SAL-Ei-LM,bom_tubes_p20_ao12_am18_5_m30_ao12_am20_2,12,5,SATISFIED,1.1469,30482.0,7553.0
SAL-Ei-LM,bom_tubes_p20_ao12_am18_5_m30_ao12_am20_2,12,6,SATISFIED,1.1825,30815.0,7542.09
SAL-Ei-LM,bom_tubes_p20_ao12_am18_5_m30_ao12_am20_2,12,7,SATISFIED,1.1905,31140.0,7616.78
SAL-Ei-LM,bom_tubes_p20_ao12_am18_5_m30_ao12_am20_2,12,8,SATISFIED,1.2137,31707.0,7834.09
SAL-Ei-LM,bom_tubes_p20_ao12_am18_5_m30_ao12_am20_2,12,9,SATISFIED,1.206,30704.0,7599.69
SAL-Ei-LM,bom_tubes_p20_ao12_am18_5_m30_ao12_am20_2,12,10,SATISFIED,1.2871,31209.0,7269.0
SAL-Ei-LM,bom_tubes_p20_ao12_am18_5_m30_ao12_am21_3,12,1,SATISFIED,1.1555,11842.0,6485.44
SAL-Ei-LM,bom_tubes_p20_ao12_am18_5_m30_ao12_am21_3,12,2,SATISFIED,1.1707,11844.0,7382.62
SAL-Ei-LM,bom_tubes_p20_ao12_am18_5_m30_ao12_am21_3,12,3,SATISFIED,1.205,11844.0,7476.41
SAL-Ei-LM,bom_tubes_p20_ao12_am18_5_m30_ao12_am21_3,12,4,SATISFIED,1.1695,11788.0,7663.53
SAL-Ei-LM,bom_tubes_p20_ao12_am18_5_m30_ao12_am21_3,12,5,SATISFIED,1.1624,11860.0,7454.59
SAL-Ei-LM,bom_tubes_p20_ao12_am18_5_m30_ao12_am21_3,12,6,SATISFIED,1.172,11806.0,7569.0
SAL-Ei-LM,bom_tubes_p20_ao12_am18_5_m30_ao12_am21_3,12,7,SATISFIED,1.1784,11830.0,7792.19
SAL-Ei-LM,bom_tubes_p20_ao12_am18_5_m30_ao12_am21_3,12,8,SATISFIED,1.1807,11852.0,8011.91
SAL-Ei-LM,bom_tubes_p20_ao12_am18_5_m30_ao12_am21_3,12,9,SATISFIED,1.1677,11804.0,7741.19
SAL-Ei-LM,bom_tubes_p20_ao12_am18_5_m30_ao12_am21_3,12,10,SATISFIED,1.1695,11802.0,7606.25
SAL-Ei-LM,bom_tubes_p20_ao12_am18_5_m30_ao12_am21_5,12,1,SATISFIED,1.1716,21842.0,7511.66
SAL-Ei-LM,bom_tubes_p20_ao12_am18_5_m30_ao12_am21_5,12,2,SATISFIED,1.1807,22119.0,7509.88
SAL-Ei-LM,bom_tubes_p20_ao12_am18_5_m30_ao12_am21_5,12,3,SATISFIED,1.169,21803.0,7608.56
SAL-Ei-LM,bom_tubes_p20_ao12_am18_5_m30_ao12_am21_5,12,4,SATISFIED,1.1716,21877.0,7896.78
SAL-Ei-LM,bom_tubes_p20_ao12_am18_5_m30_ao12_am21_5,12,5,SATISFIED,1.1701,21935.0,8082.84
SAL-Ei-LM,bom_tubes_p20_ao12_am18_5_m30_ao12_am21_5,12,6,SATISFIED,1.2692,21865.0,7769.12
SAL-Ei-LM,bom_tubes_p20_ao12_am18_5_m30_ao12_am21_5,12,7,SATISFIED,1.1534,22062.0,7074.12
SAL-Ei-LM,bom_tubes_p20_ao12_am18_5_m30_ao12_am21_5,12,8,SATISFIED,1.177,21799.0,7575.06
SAL-Ei-LM,bom_tubes_p20_ao12_am18_5_m30_ao12_am21_5,12,9,SATISFIED,1.173,21885.0,7747.25
SAL-Ei-LM,bom_tubes_p20_ao12_am18_5_m30_ao12_am21_5,12,10,SATISFIED,1.0966,21994.0,7969.75
SAL-Ei-LM,bom_tubes_p30_ao13_am18_1,13,1,SATISFIED,1.1992,38349.0,10410.81
SAL-Ei-LM,bom_tubes_p30_ao13_am18_1,13,2,SATISFIED,1.1803,40031.0,10155.75
SAL-Ei-LM,bom_tubes_p30_ao13_am18_1,13,3,SATISFIED,1.1831,40785.0,10047.84
SAL-Ei-LM,bom_tubes_p30_ao13_am18_1,13,4,SATISFIED,1.207,40081.0,9953.28
SAL-Ei-LM,bom_tubes_p30_ao13_am18_1,13,5,SATISFIED,1.2143,40271.0,10171.34
SAL-Ei-LM,bom_tubes_p30_ao13_am18_1,13,6,SATISFIED,1.2219,37630.0,9939.78
SAL-Ei-LM,bom_tubes_p30_ao13_am18_1,13,7,SATISFIED,1.2098,40496.0,9874.09
SAL-Ei-LM,bom_tubes_p30_ao13_am18_1,13,8,SATISFIED,1.1817,40085.0,9955.53
SAL-Ei-LM,bom_tubes_p30_ao13_am18_1,13,9,SATISFIED,1.173,39007.0,10290.19
SAL-Ei-LM,bom_tubes_p30_ao13_am18_1,13,10,SATISFIED,1.1705,40698.0,10192.09
SAL-Ei-LM,bom_tubes_p30_ao13_am18_1_m10_ao13_am8_5,13,1,SATISFIED,1.1771,84742.0,9992.94
SAL-Ei-LM,bom_tubes_p30_ao13_am18_1_m10_ao13_am8_5,13,2,SATISFIED,1.1629,84522.0,10214.09
SAL-Ei-LM,bom_tubes_p30_ao13_am18_1_m10_ao13_am8_5,13,3,SATISFIED,1.2256,84322.0,10328.41
SAL-Ei-LM,bom_tubes_p30_ao13_am18_1_m10_ao13_am8_5,13,4,SATISFIED,1.1714,84462.0,9978.0
SAL-Ei-LM,bom_tubes_p30_ao13_am18_1_m10_ao13_am8_5,13,5,SATISFIED,1.1695,84382.0,10521.03
SAL-Ei-LM,bom_tubes_p30_ao13_am18_1_m10_ao13_am8_5,13,6,SATISFIED,1.1745,84302.0,10770.09
SAL-Ei-LM,bom_tubes_p30_ao13_am18_1_m10_ao13_am8_5,13,7,SATISFIED,1.1752,84222.0,10953.16
SAL-Ei-LM,bom_tubes_p30_ao13_am18_1_m10_ao13_am8_5,13,8,SATISFIED,1.1642,83902.0,10902.88
SAL-Ei-LM,bom_tubes_p30_ao13_am18_1_m10_ao13_am8_5,13,9,SATISFIED,1.1642,84302.0,10774.41
SAL-Ei-LM,bom_tubes_p30_ao13_am18_1_m10_ao13_am8_5,13,10,SATISFIED,1.174,84282.0,10833.16
SAL-Ei-LM,bom_tubes_p30_ao13_am18_1_m10_ao13_am10_1,13,1,SATISFIED,1.1681,115106.0,10204.16
SAL-Ei-LM,bom_tubes_p30_ao13_am18_1_m10_ao13_am10_1,13,2,SATISFIED,1.1626,115106.0,10158.09
SAL-Ei-LM,bom_tubes_p30_ao13_am18_1_m10_ao13_am10_1,13,3,SATISFIED,1.1715,115128.0,10367.03
SAL-Ei-LM,bom_tubes_p30_ao13_am18_1_m10_ao13_am10_1,13,4,SATISFIED,1.1646,115274.0,10083.5
SAL-Ei-LM,bom_tubes_p30_ao13_am18_1_m10_ao13_am10_1,13,5,SATISFIED,1.1714,115108.0,10038.81
SAL-Ei-LM,bom_tubes_p30_ao13_am18_1_m10_ao13_am10_1,13,6,SATISFIED,1.1686,115105.0,9966.69
SAL-Ei-LM,bom_tubes_p30_ao13_am18_1_m10_ao13_am10_1,13,7,SATISFIED,1.1618,115162.0,9643.31
SAL-Ei-LM,bom_tubes_p30_ao13_am18_1_m10_ao13_am10_1,13,8,SATISFIED,1.1847,115084.0,9104.09
SAL-Ei-LM,bom_tubes_p30_ao13_am18_1_m10_ao13_am10_1,13,9,SATISFIED,1.1835,115035.0,9349.75
SAL-Ei-LM,bom_tubes_p30_ao13_am18_1_m10_ao13_am10_1,13,10,SATISFIED,1.1795,115055.0,9854.31
SAL-Ei-LM,bom_tubes_p30_ao13_am18_1_m10_ao13_am10_2,13,1,SATISFIED,1.1696,25432.0,9329.0
SAL-Ei-LM,bom_tubes_p30_ao13_am18_1_m10_ao13_am10_2,13,2,SATISFIED,1.1712,25514.0,9144.81
SAL-Ei-LM,bom_tubes_p30_ao13_am18_1_m10_ao13_am10_2,13,3,SATISFIED,1.175,25341.0,9231.66
SAL-Ei-LM,bom_tubes_p30_ao13_am18_1_m10_ao13_am10_2,13,4,SATISFIED,1.176,25434.0,9345.62
SAL-Ei-LM,bom_tubes_p30_ao13_am18_1_m10_ao13_am10_2,13,5,SATISFIED,1.1934,25369.0,9170.34
SAL-Ei-LM,bom_tubes_p30_ao13_am18_1_m10_ao13_am10_2,13,6,SATISFIED,1.173,25325.0,9201.47
SAL-Ei-LM,bom_tubes_p30_ao13_am18_1_m10_ao13_am10_2,13,7,SATISFIED,1.2383,25217.0,9234.78
SAL-Ei-LM,bom_tubes_p30_ao13_am18_1_m10_ao13_am10_2,13,8,SATISFIED,1.1579,25214.0,8905.25
SAL-Ei-LM,bom_tubes_p30_ao13_am18_1_m10_ao13_am10_2,13,9,SATISFIED,1.1694,25288.0,9379.47
SAL-Ei-LM,bom_tubes_p30_ao13_am18_1_m10_ao13_am10_2,13,10,SATISFIED,1.1595,25181.0,9432.22
SAL-Ei-LM,bom_tubes_p30_ao13_am18_1_m10_ao13_am10_3,13,1,SATISFIED,1.163,61520.0,9417.53
SAL-Ei-LM,bom_tubes_p30_ao13_am18_1_m10_ao13_am10_3,13,2,SATISFIED,1.1592,61600.0,9080.53
SAL-Ei-LM,bom_tubes_p30_ao13_am18_1_m10_ao13_am10_3,13,3,SATISFIED,1.1617,61520.0,8863.44
SAL-Ei-LM,bom_tubes_p30_ao13_am18_1_m10_ao13_am10_3,13,4,SATISFIED,1.1682,61600.0,8939.88
SAL-Ei-LM,bom_tubes_p30_ao13_am18_1_m10_ao13_am10_3,13,5,SATISFIED,1.162,61720.0,9023.69
SAL-Ei-LM,bom_tubes_p30_ao13_am18_1_m10_ao13_am10_3,13,6,SATISFIED,1.1673,61520.0,8900.38
SAL-Ei-LM,bom_tubes_p30_ao13_am18_1_m10_ao13_am10_3,13,7,SATISFIED,1.1657,61560.0,9048.59
SAL-Ei-LM,bom_tubes_p30_ao13_am18_1_m10_ao13_am10_3,13,8,SATISFIED,1.1687,61520.0,9094.38
SAL-Ei-LM,bom_tubes_p30_ao13_am18_1_m10_ao13_am10_3,13,9,SATISFIED,1.173,61520.0,9166.91
SAL-Ei-LM,bom_tubes_p30_ao13_am18_1_m10_ao13_am10_3,13,10,SATISFIED,1.1698,61880.0,9307.94
SAL-Ei-LM,bom_tubes_p30_ao13_am18_1_m10_ao13_am10_4,13,1,SATISFIED,1.1703,20732.0,9723.44
SAL-Ei-LM,bom_tubes_p30_ao13_am18_1_m10_ao13_am10_4,13,2,SATISFIED,1.1664,20815.0,9675.06
SAL-Ei-LM,bom_tubes_p30_ao13_am18_1_m10_ao13_am10_4,13,3,SATISFIED,1.1731,20893.0,9623.25
SAL-Ei-LM,bom_tubes_p30_ao13_am18_1_m10_ao13_am10_4,13,4,SATISFIED,1.1738,20837.0,9577.66
SAL-Ei-LM,bom_tubes_p30_ao13_am18_1_m10_ao13_am10_4,13,5,SATISFIED,1.1708,20846.0,9422.5
SAL-Ei-LM,bom_tubes_p30_ao13_am18_1_m10_ao13_am10_4,13,6,SATISFIED,1.1929,21225.0,9139.38
SAL-Ei-LM,bom_tubes_p30_ao13_am18_1_m10_ao13_am10_4,13,7,SATISFIED,1.179,21013.0,9280.16
SAL-Ei-LM,bom_tubes_p30_ao13_am18_1_m10_ao13_am10_4,13,8,SATISFIED,1.1836,21024.0,9471.16
SAL-Ei-LM,bom_tubes_p30_ao13_am18_1_m10_ao13_am10_4,13,9,SATISFIED,1.1816,21280.0,9532.75
SAL-Ei-LM,bom_tubes_p30_ao13_am18_1_m10_ao13_am10_4,13,10,SATISFIED,1.1733,20846.0,9672.94
SAL-Ei-LM,bom_tubes_p30_ao13_am18_1_m30_ao13_am16_2,13,1,SATISFIED,1.1048,86646.0,7665.0
SAL-Ei-LM,bom_tubes_p30_ao13_am18_1_m30_ao13_am16_2,13,2,SATISFIED,1.1404,86274.0,7523.88
SAL-Ei-LM,bom_tubes_p30_ao13_am18_1_m30_ao13_am16_2,13,3,SATISFIED,1.1744,86771.0,8178.53
SAL-Ei-LM,bom_tubes_p30_ao13_am18_1_m30_ao13_am16_2,13,4,SATISFIED,1.1984,87577.0,9586.94
SAL-Ei-LM,bom_tubes_p30_ao13_am18_1_m30_ao13_am16_2,13,5,SATISFIED,1.1695,87234.0,9196.94
SAL-Ei-LM,bom_tubes_p30_ao13_am18_1_m30_ao13_am16_2,13,6,SATISFIED,1.1626,86451.0,9472.47
SAL-Ei-LM,bom_tubes_p30_ao13_am18_1_m30_ao13_am16_2,13,7,SATISFIED,1.12,86583.0,9745.47
SAL-Ei-LM,bom_tubes_p30_ao13_am18_1_m30_ao13_am16_2,13,8,SATISFIED,1.099,86941.0,9715.56
SAL-Ei-LM,bom_tubes_p30_ao13_am18_1_m30_ao13_am16_2,13,9,SATISFIED,1.1001,86916.0,9072.97
SAL-Ei-LM,bom_tubes_p30_ao13_am18_1_m30_ao13_am16_2,13,10,SATISFIED,1.1097,86596.0,9061.97
SAL-Ei-LM,bom_tubes_p30_ao13_am18_1_m30_ao13_am18_1,13,1,SATISFIED,1.0954,48621.0,9408.59
SAL-Ei-LM,bom_tubes_p30_ao13_am18_1_m30_ao13_am18_1,13,2,SATISFIED,1.1045,48929.0,9655.03
SAL-Ei-LM,bom_tubes_p30_ao13_am18_1_m30_ao13_am18_1,13,3,SATISFIED,1.0998,48461.0,9573.75
SAL-Ei-LM,bom_tubes_p30_ao13_am18_1_m30_ao13_am18_1,13,4,SATISFIED,1.1023,46950.0,9574.59
SAL-Ei-LM,bom_tubes_p30_ao13_am18_1_m30_ao13_am18_1,13,5,SATISFIED,1.1607,45793.0,9577.16
SAL-Ei-LM,bom_tubes_p30_ao13_am18_1_m30_ao13_am18_1,13,6,SATISFIED,1.1729,46857.0,9279.69
SAL-Ei-LM,bom_tubes_p30_ao13_am18_1_m30_ao13_am18_1,13,7,SATISFIED,1.1648,48929.0,9286.53
SAL-Ei-LM,bom_tubes_p30_ao13_am18_1_m30_ao13_am18_1,13,8,SATISFIED,1.1724,48929.0,9213.91
SAL-Ei-LM,bom_tubes_p30_ao13_am18_1_m30_ao13_am18_1,13,9,SATISFIED,1.1693,48929.0,9085.06
SAL-Ei-LM,bom_tubes_p30_ao13_am18_1_m30_ao13_am18_1,13,10,SATISFIED,1.1674,48758.0,9195.41
SAL-Ei-LM,bom_tubes_p30_ao13_am18_1_m30_ao13_am18_4,13,1,SATISFIED,1.2569,28371.0,8812.06
SAL-Ei-LM,bom_tubes_p30_ao13_am18_1_m30_ao13_am18_4,13,2,SATISFIED,1.162,28719.0,8505.94
SAL-Ei-LM,bom_tubes_p30_ao13_am18_1_m30_ao13_am18_4,13,3,SATISFIED,1.1712,27660.0,9069.0
SAL-Ei-LM,bom_tubes_p30_ao13_am18_1_m30_ao13_am18_4,13,4,SATISFIED,1.1725,28263.0,9175.47
SAL-Ei-LM,bom_tubes_p30_ao13_am18_1_m30_ao13_am18_4,13,5,SATISFIED,1.1635,26904.0,8731.69
SAL-Ei-LM,bom_tubes_p30_ao13_am18_1_m30_ao13_am18_4,13,6,SATISFIED,1.1625,28690.0,8815.5
SAL-Ei-LM,bom_tubes_p30_ao13_am18_1_m30_ao13_am18_4,13,7,SATISFIED,1.1834,28836.0,9022.84
SAL-Ei-LM,bom_tubes_p30_ao13_am18_1_m30_ao13_am18_4,13,8,SATISFIED,1.1786,27936.0,9030.25
SAL-Ei-LM,bom_tubes_p30_ao13_am18_1_m30_ao13_am18_4,13,9,SATISFIED,1.18,28362.0,9032.72
SAL-Ei-LM,bom_tubes_p30_ao13_am18_1_m30_ao13_am18_4,13,10,SATISFIED,1.174,28690.0,9263.91
SAL-Ei-LM,bom_tubes_p30_ao13_am18_1_m30_ao13_am19_3,13,1,SATISFIED,1.118,10496.0,8734.41
SAL-Ei-LM,bom_tubes_p30_ao13_am18_1_m30_ao13_am19_3,13,2,SATISFIED,1.1682,10476.0,8663.09
SAL-Ei-LM,bom_tubes_p30_ao13_am18_1_m30_ao13_am19_3,13,3,SATISFIED,1.1613,10476.0,8611.53
SAL-Ei-LM,bom_tubes_p30_ao13_am18_1_m30_ao13_am19_3,13,4,SATISFIED,1.1639,10476.0,8737.94
SAL-Ei-LM,bom_tubes_p30_ao13_am18_1_m30_ao13_am19_3,13,5,SATISFIED,1.1661,10496.0,8842.84
SAL-Ei-LM,bom_tubes_p30_ao13_am18_1_m30_ao13_am19_3,13,6,SATISFIED,1.1567,10536.0,8646.66
SAL-Ei-LM,bom_tubes_p30_ao13_am18_1_m30_ao13_am19_3,13,7,SATISFIED,1.153,10476.0,8690.38
SAL-Ei-LM,bom_tubes_p30_ao13_am18_1_m30_ao13_am19_3,13,8,SATISFIED,1.2097,10536.0,8566.38
SAL-Ei-LM,bom_tubes_p30_ao13_am18_1_m30_ao13_am19_3,13,9,SATISFIED,1.1617,10496.0,8413.81
SAL-Ei-LM,bom_tubes_p30_ao13_am18_1_m30_ao13_am19_3,13,10,SATISFIED,1.1626,10476.0,8790.34
SAL-Ei-LM,bom_tubes_p30_ao13_am18_1_m30_ao13_am20_5,13,1,SATISFIED,1.1757,49727.0,8855.72
SAL-Ei-LM,bom_tubes_p30_ao13_am18_1_m30_ao13_am20_5,13,2,SATISFIED,1.159,50063.0,8791.78
SAL-Ei-LM,bom_tubes_p30_ao13_am18_1_m30_ao13_am20_5,13,3,SATISFIED,1.1498,49755.0,8870.25
SAL-Ei-LM,bom_tubes_p30_ao13_am18_1_m30_ao13_am20_5,13,4,SATISFIED,1.1541,49691.0,8947.97
SAL-Ei-LM,bom_tubes_p30_ao13_am18_1_m30_ao13_am20_5,13,5,SATISFIED,1.159,49987.0,9018.66
SAL-Ei-LM,bom_tubes_p30_ao13_am18_1_m30_ao13_am20_5,13,6,SATISFIED,1.1712,49897.0,9155.53
SAL-Ei-LM,bom_tubes_p30_ao13_am18_1_m30_ao13_am20_5,13,7,SATISFIED,1.1644,49727.0,8865.53
SAL-Ei-LM,bom_tubes_p30_ao13_am18_1_m30_ao13_am20_5,13,8,SATISFIED,1.1537,49747.0,8472.16
SAL-Ei-LM,bom_tubes_p30_ao13_am18_1_m30_ao13_am20_5,13,9,SATISFIED,1.1704,49827.0,8486.81
SAL-Ei-LM,bom_tubes_p30_ao13_am18_1_m30_ao13_am20_5,13,10,SATISFIED,1.1666,49719.0,8348.59
SAL-Ei-LM,bom_tubes_p30_ao13_am18_2,13,1,SATISFIED,1.167,16400.0,10179.81
SAL-Ei-LM,bom_tubes_p30_ao13_am18_2,13,2,SATISFIED,1.1869,16300.0,9975.59
SAL-Ei-LM,bom_tubes_p30_ao13_am18_2,13,3,SATISFIED,1.1693,16364.0,10043.62
SAL-Ei-LM,bom_tubes_p30_ao13_am18_2,13,4,SATISFIED,1.2614,16300.0,10185.81
SAL-Ei-LM,bom_tubes_p30_ao13_am18_2,13,5,SATISFIED,1.1623,16292.0,9750.56
SAL-Ei-LM,bom_tubes_p30_ao13_am18_2,13,6,SATISFIED,1.1654,16192.0,10560.34
SAL-Ei-LM,bom_tubes_p30_ao13_am18_2,13,7,SATISFIED,1.1707,16352.0,10811.53
SAL-Ei-LM,bom_tubes_p30_ao13_am18_2,13,8,SATISFIED,1.1626,16284.0,11021.03
SAL-Ei-LM,bom_tubes_p30_ao13_am18_2,13,9,SATISFIED,1.1662,16296.0,10757.53
SAL-Ei-LM,bom_tubes_p30_ao13_am18_2,13,10,SATISFIED,1.1668,16332.0,10824.25
SAL-Ei-LM,bom_tubes_p30_ao13_am18_2_m10_ao13_am9_1,13,1,SATISFIED,1.168,35932.0,10316.03
SAL-Ei-LM,bom_tubes_p30_ao13_am18_2_m10_ao13_am9_1,13,2,SATISFIED,1.162,35981.0,10609.0
SAL-Ei-LM,bom_tubes_p30_ao13_am18_2_m10_ao13_am9_1,13,3,SATISFIED,1.1633,35932.0,10707.53
SAL-Ei-LM,bom_tubes_p30_ao13_am18_2_m10_ao13_am9_1,13,4,SATISFIED,1.1643,35946.0,10642.66
SAL-Ei-LM,bom_tubes_p30_ao13_am18_2_m10_ao13_am9_1,13,5,SATISFIED,1.1612,35974.0,10605.59
SAL-Ei-LM,bom_tubes_p30_ao13_am18_2_m10_ao13_am9_1,13,6,SATISFIED,1.1573,36122.0,10520.28
SAL-Ei-LM,bom_tubes_p30_ao13_am18_2_m10_ao13_am9_1,13,7,SATISFIED,1.1546,35948.0,10629.69
SAL-Ei-LM,bom_tubes_p30_ao13_am18_2_m10_ao13_am9_1,13,8,SATISFIED,1.1604,35981.0,10569.31
SAL-Ei-LM,bom_tubes_p30_ao13_am18_2_m10_ao13_am9_1,13,9,SATISFIED,1.1601,35948.0,10203.53
SAL-Ei-LM,bom_tubes_p30_ao13_am18_2_m10_ao13_am9_1,13,10,SATISFIED,1.1482,35948.0,10378.59
SAL-Ei-LM,bom_tubes_p30_ao13_am18_2_m10_ao13_am10_2,13,1,SATISFIED,1.1599,36058.0,11494.91
SAL-Ei-LM,bom_tubes_p30_ao13_am18_2_m10_ao13_am10_2,13,2,SATISFIED,1.1659,36058.0,11492.16
SAL-Ei-LM,bom_tubes_p30_ao13_am18_2_m10_ao13_am10_2,13,3,SATISFIED,1.1669,36058.0,11395.97
SAL-Ei-LM,bom_tubes_p30_ao13_am18_2_m10_ao13_am10_2,13,4,SATISFIED,1.2602,36058.0,11649.88
SAL-Ei-LM,bom_tubes_p30_ao13_am18_2_m10_ao13_am10_2,13,5,SATISFIED,1.1088,36058.0,11392.72
SAL-Ei-LM,bom_tubes_p30_ao13_am18_2_m10_ao13_am10_2,13,6,SATISFIED,1.1672,36058.0,11553.0
SAL-Ei-LM,bom_tubes_p30_ao13_am18_2_m10_ao13_am10_2,13,7,SATISFIED,1.171,36058.0,11741.19
SAL-Ei-LM,bom_tubes_p30_ao13_am18_2_m10_ao13_am10_2,13,8,SATISFIED,1.1709,36058.0,11810.5
SAL-Ei-LM,bom_tubes_p30_ao13_am18_2_m10_ao13_am10_2,13,9,SATISFIED,1.1775,36058.0,11631.72
SAL-Ei-LM,bom_tubes_p30_ao13_am18_2_m10_ao13_am10_2,13,10,SATISFIED,1.1704,36058.0,11444.66
SAL-Ei-LM,bom_tubes_p30_ao13_am18_2_m10_ao13_am10_3,13,1,SATISFIED,1.1634,10063.0,9653.84
SAL-Ei-LM,bom_tubes_p30_ao13_am18_2_m10_ao13_am10_3,13,2,SATISFIED,1.172,10106.0,9772.03
SAL-Ei-LM,bom_tubes_p30_ao13_am18_2_m10_ao13_am10_3,13,3,SATISFIED,1.1658,10090.0,9997.69
SAL-Ei-LM,bom_tubes_p30_ao13_am18_2_m10_ao13_am10_3,13,4,SATISFIED,1.1685,10094.0,10048.31
SAL-Ei-LM,bom_tubes_p30_ao13_am18_2_m10_ao13_am10_3,13,5,SATISFIED,1.1672,10120.0,9699.53
SAL-Ei-LM,bom_tubes_p30_ao13_am18_2_m10_ao13_am10_3,13,6,SATISFIED,1.1683,10086.0,9765.53
SAL-Ei-LM,bom_tubes_p30_ao13_am18_2_m10_ao13_am10_3,13,7,SATISFIED,1.1723,10103.0,9956.91
SAL-Ei-LM,bom_tubes_p30_ao13_am18_2_m10_ao13_am10_3,13,8,SATISFIED,1.164,10135.0,9987.47
SAL-Ei-LM,bom_tubes_p30_ao13_am18_2_m10_ao13_am10_3,13,9,SATISFIED,1.1614,10111.0,10071.25
SAL-Ei-LM,bom_tubes_p30_ao13_am18_2_m10_ao13_am10_3,13,10,SATISFIED,1.1627,10050.0,10005.41
SAL-Ei-LM,bom_tubes_p30_ao13_am18_2_m10_ao13_am10_4,13,1,SATISFIED,1.1718,22843.0,9086.06
SAL-Ei-LM,bom_tubes_p30_ao13_am18_2_m10_ao13_am10_4,13,2,SATISFIED,1.1685,23063.0,8729.06
SAL-Ei-LM,bom_tubes_p30_ao13_am18_2_m10_ao13_am10_4,13,3,SATISFIED,1.1598,22713.0,8812.78
SAL-Ei-LM,bom_tubes_p30_ao13_am18_2_m10_ao13_am10_4,13,4,SATISFIED,1.1649,22993.0,9323.22
SAL-Ei-LM,bom_tubes_p30_ao13_am18_2_m10_ao13_am10_4,13,5,SATISFIED,1.1665,23052.0,9652.09
SAL-Ei-LM,bom_tubes_p30_ao13_am18_2_m10_ao13_am10_4,13,6,SATISFIED,1.1707,22612.0,9532.75
SAL-Ei-LM,bom_tubes_p30_ao13_am18_2_m10_ao13_am10_4,13,7,SATISFIED,1.1698,22893.0,9387.5
SAL-Ei-LM,bom_tubes_p30_ao13_am18_2_m10_ao13_am10_4,13,8,SATISFIED,1.1659,22623.0,9396.66
SAL-Ei-LM,bom_tubes_p30_ao13_am18_2_m10_ao13_am10_4,13,9,SATISFIED,1.1703,22908.0,9462.22
SAL-Ei-LM,bom_tubes_p30_ao13_am18_2_m10_ao13_am10_4,13,10,SATISFIED,1.169,22858.0,9733.47
SAL-Ei-LM,bom_tubes_p30_ao13_am18_2_m10_ao13_am10_5,13,1,SATISFIED,1.1631,47134.0,11119.88
SAL-Ei-LM,bom_tubes_p30_ao13_am18_2_m10_ao13_am10_5,13,2,SATISFIED,1.1635,47134.0,11103.06
SAL-Ei-LM,bom_tubes_p30_ao13_am18_2_m10_ao13_am10_5,13,3,SATISFIED,1.1555,47134.0,11327.12
SAL-Ei-LM,bom_tubes_p30_ao13_am18_2_m10_ao13_am10_5,13,4,SATISFIED,1.1698,47134.0,10882.78
SAL-Ei-LM,bom_tubes_p30_ao13_am18_2_m10_ao13_am10_5,13,5,SATISFIED,1.1738,47134.0,11094.91
SAL-Ei-LM,bom_tubes_p30_ao13_am18_2_m10_ao13_am10_5,13,6,SATISFIED,1.2349,47134.0,11145.72
SAL-Ei-LM,bom_tubes_p30_ao13_am18_2_m10_ao13_am10_5,13,7,SATISFIED,1.1625,47134.0,10647.66
SAL-Ei-LM,bom_tubes_p30_ao13_am18_2_m10_ao13_am10_5,13,8,SATISFIED,1.1688,47134.0,11109.56
SAL-Ei-LM,bom_tubes_p30_ao13_am18_2_m10_ao13_am10_5,13,9,SATISFIED,1.168,47134.0,10612.84
SAL-Ei-LM,bom_tubes_p30_ao13_am18_2_m10_ao13_am10_5,13,10,SATISFIED,1.169,47134.0,10747.91
SAL-Ei-LM,bom_tubes_p30_ao13_am18_2_m30_ao13_am15_1,13,1,SATISFIED,1.1758,26073.0,9673.5
SAL-Ei-LM,bom_tubes_p30_ao13_am18_2_m30_ao13_am15_1,13,2,SATISFIED,1.168,25977.0,9968.66
SAL-Ei-LM,bom_tubes_p30_ao13_am18_2_m30_ao13_am15_1,13,3,SATISFIED,1.1745,26061.0,9780.34
SAL-Ei-LM,bom_tubes_p30_ao13_am18_2_m30_ao13_am15_1,13,4,SATISFIED,1.1659,25990.0,9529.66
SAL-Ei-LM,bom_tubes_p30_ao13_am18_2_m30_ao13_am15_1,13,5,SATISFIED,1.1681,26025.0,9406.78
SAL-Ei-LM,bom_tubes_p30_ao13_am18_2_m30_ao13_am15_1,13,6,SATISFIED,1.1674,26121.0,9667.44
SAL-Ei-LM,bom_tubes_p30_ao13_am18_2_m30_ao13_am15_1,13,7,SATISFIED,1.1796,26073.0,9864.19
SAL-Ei-LM,bom_tubes_p30_ao13_am18_2_m30_ao13_am15_1,13,8,SATISFIED,1.1696,25953.0,9777.72
SAL-Ei-LM,bom_tubes_p30_ao13_am18_2_m30_ao13_am15_1,13,9,SATISFIED,1.1799,26013.0,9664.25
SAL-Ei-LM,bom_tubes_p30_ao13_am18_2_m30_ao13_am15_1,13,10,SATISFIED,1.1691,25965.0,10127.34
SAL-Ei-LM,bom_tubes_p30_ao13_am18_2_m30_ao13_am19_5,13,1,SATISFIED,1.1635,41723.0,9621.81
SAL-Ei-LM,bom_tubes_p30_ao13_am18_2_m30_ao13_am19_5,13,2,SATISFIED,1.1705,42004.0,9411.5
SAL-Ei-LM,bom_tubes_p30_ao13_am18_2_m30_ao13_am19_5,13,3,SATISFIED,1.1685,41853.0,9173.03
SAL-Ei-LM,bom_tubes_p30_ao13_am18_2_m30_ao13_am19_5,13,4,SATISFIED,1.2828,41993.0,9243.34
SAL-Ei-LM,bom_tubes_p30_ao13_am18_2_m30_ao13_am19_5,13,5,SATISFIED,1.1647,41916.0,8483.94
SAL-Ei-LM,bom_tubes_p30_ao13_am18_2_m30_ao13_am19_5,13,6,SATISFIED,1.1682,41843.0,9176.16
SAL-Ei-LM,bom_tubes_p30_ao13_am18_2_m30_ao13_am19_5,13,7,SATISFIED,1.1756,41900.0,9376.59
SAL-Ei-LM,bom_tubes_p30_ao13_am18_2_m30_ao13_am19_5,13,8,SATISFIED,1.1757,41764.0,9196.88
SAL-Ei-LM,bom_tubes_p30_ao13_am18_2_m30_ao13_am19_5,13,9,SATISFIED,1.1949,41812.0,9253.44
SAL-Ei-LM,bom_tubes_p30_ao13_am18_2_m30_ao13_am19_5,13,10,SATISFIED,1.1723,41723.0,9263.94
SAL-Ei-LM,bom_tubes_p30_ao13_am18_2_m30_ao13_am20_2,13,1,SATISFIED,1.1752,26336.0,8672.5
SAL-Ei-LM,bom_tubes_p30_ao13_am18_2_m30_ao13_am20_2,13,2,SATISFIED,1.1637,26956.0,9009.59
SAL-Ei-LM,bom_tubes_p30_ao13_am18_2_m30_ao13_am20_2,13,3,SATISFIED,1.1843,26476.0,9298.75
SAL-Ei-LM,bom_tubes_p30_ao13_am18_2_m30_ao13_am20_2,13,4,SATISFIED,1.1679,26536.0,8708.25
SAL-Ei-LM,bom_tubes_p30_ao13_am18_2_m30_ao13_am20_2,13,5,SATISFIED,1.1687,27016.0,8713.81
SAL-Ei-LM,bom_tubes_p30_ao13_am18_2_m30_ao13_am20_2,13,6,SATISFIED,1.1766,26956.0,8768.66
SAL-Ei-LM,bom_tubes_p30_ao13_am18_2_m30_ao13_am20_2,13,7,SATISFIED,1.1698,26716.0,9141.44
SAL-Ei-LM,bom_tubes_p30_ao13_am18_2_m30_ao13_am20_2,13,8,SATISFIED,1.1698,26316.0,8966.94
SAL-Ei-LM,bom_tubes_p30_ao13_am18_2_m30_ao13_am20_2,13,9,SATISFIED,1.1643,26376.0,8833.53
SAL-Ei-LM,bom_tubes_p30_ao13_am18_2_m30_ao13_am20_2,13,10,SATISFIED,1.171,26796.0,9225.97
SAL-Ei-LM,bom_tubes_p30_ao13_am18_2_m30_ao13_am22_3,13,1,SATISFIED,1.2299,31326.0,8325.62
SAL-Ei-LM,bom_tubes_p30_ao13_am18_2_m30_ao13_am22_3,13,2,SATISFIED,1.1099,31252.0,7821.72
SAL-Ei-LM,bom_tubes_p30_ao13_am18_2_m30_ao13_am22_3,13,3,SATISFIED,1.172,32164.0,8088.5
SAL-Ei-LM,bom_tubes_p30_ao13_am18_2_m30_ao13_am22_3,13,4,SATISFIED,1.1755,31560.0,7976.22
SAL-Ei-LM,bom_tubes_p30_ao13_am18_2_m30_ao13_am22_3,13,5,SATISFIED,1.1745,31924.0,8060.69
SAL-Ei-LM,bom_tubes_p30_ao13_am18_2_m30_ao13_am22_3,13,6,SATISFIED,1.164,31895.0,8226.62
SAL-Ei-LM,bom_tubes_p30_ao13_am18_2_m30_ao13_am22_3,13,7,SATISFIED,1.1618,31413.0,8448.56
SAL-Ei-LM,bom_tubes_p30_ao13_am18_2_m30_ao13_am22_3,13,8,SATISFIED,1.0903,31684.0,8365.09
SAL-Ei-LM,bom_tubes_p30_ao13_am18_2_m30_ao13_am22_3,13,9,SATISFIED,1.0923,31516.0,8438.94
SAL-Ei-LM,bom_tubes_p30_ao13_am18_2_m30_ao13_am22_3,13,10,SATISFIED,1.1568,31380.0,8508.94
SAL-Ei-LM,bom_tubes_p30_ao13_am18_2_m30_ao13_am22_4,13,1,SATISFIED,1.1576,22875.0,9221.5
SAL-Ei-LM,bom_tubes_p30_ao13_am18_2_m30_ao13_am22_4,13,2,SATISFIED,1.1584,22829.0,9277.53
SAL-Ei-LM,bom_tubes_p30_ao13_am18_2_m30_ao13_am22_4,13,3,SATISFIED,1.1703,22795.0,9316.94
SAL-Ei-LM,bom_tubes_p30_ao13_am18_2_m30_ao13_am22_4,13,4,SATISFIED,1.1548,23237.0,9013.34
SAL-Ei-LM,bom_tubes_p30_ao13_am18_2_m30_ao13_am22_4,13,5,SATISFIED,1.132,23155.0,8826.88
SAL-Ei-LM,bom_tubes_p30_ao13_am18_2_m30_ao13_am22_4,13,6,SATISFIED,1.1963,23133.0,8994.38
SAL-Ei-LM,bom_tubes_p30_ao13_am18_2_m30_ao13_am22_4,13,7,SATISFIED,1.1514,22905.0,8972.09
SAL-Ei-LM,bom_tubes_p30_ao13_am18_2_m30_ao13_am22_4,13,8,SATISFIED,1.1675,23141.0,9226.78
SAL-Ei-LM,bom_tubes_p30_ao13_am18_2_m30_ao13_am22_4,13,9,SATISFIED,1.1584,22913.0,8865.66
SAL-Ei-LM,bom_tubes_p30_ao13_am18_2_m30_ao13_am22_4,13,10,SATISFIED,1.1829,23267.0,9051.66
SAL-Ei-LM,bom_tubes_p30_ao13_am18_3,13,1,SATISFIED,1.1613,121453.0,11735.12
SAL-Ei-LM,bom_tubes_p30_ao13_am18_3,13,2,SATISFIED,1.1153,121409.0,11501.59
SAL-Ei-LM,bom_tubes_p30_ao13_am18_3,13,3,SATISFIED,1.1684,121309.0,11812.81
SAL-Ei-LM,bom_tubes_p30_ao13_am18_3,13,4,SATISFIED,1.1776,121092.0,11379.59
SAL-Ei-LM,bom_tubes_p30_ao13_am18_3,13,5,SATISFIED,1.1698,121271.0,11276.41
SAL-Ei-LM,bom_tubes_p30_ao13_am18_3,13,6,SATISFIED,1.1697,121339.0,11396.34
SAL-Ei-LM,bom_tubes_p30_ao13_am18_3,13,7,SATISFIED,1.1696,121643.0,11363.88
SAL-Ei-LM,bom_tubes_p30_ao13_am18_3,13,8,SATISFIED,1.168,121308.0,11192.72
SAL-Ei-LM,bom_tubes_p30_ao13_am18_3,13,9,SATISFIED,1.1579,121387.0,11003.56
SAL-Ei-LM,bom_tubes_p30_ao13_am18_3,13,10,SATISFIED,1.1635,121266.0,11248.59
SAL-Ei-LM,bom_tubes_p30_ao13_am18_3_m10_ao13_am9_1,13,1,SATISFIED,1.1665,95463.0,9083.0
SAL-Ei-LM,bom_tubes_p30_ao13_am18_3_m10_ao13_am9_1,13,2,SATISFIED,1.2176,95620.0,9160.12
SAL-Ei-LM,bom_tubes_p30_ao13_am18_3_m10_ao13_am9_1,13,3,SATISFIED,1.1578,95495.0,8711.75
SAL-Ei-LM,bom_tubes_p30_ao13_am18_3_m10_ao13_am9_1,13,4,SATISFIED,1.1533,95525.0,8726.56
SAL-Ei-LM,bom_tubes_p30_ao13_am18_3_m10_ao13_am9_1,13,5,SATISFIED,1.1801,95521.0,8955.88
SAL-Ei-LM,bom_tubes_p30_ao13_am18_3_m10_ao13_am9_1,13,6,SATISFIED,1.195,95624.0,8591.47
SAL-Ei-LM,bom_tubes_p30_ao13_am18_3_m10_ao13_am9_1,13,7,SATISFIED,1.1791,95548.0,8716.75
SAL-Ei-LM,bom_tubes_p30_ao13_am18_3_m10_ao13_am9_1,13,8,SATISFIED,1.1706,95508.0,8856.47
SAL-Ei-LM,bom_tubes_p30_ao13_am18_3_m10_ao13_am9_1,13,9,SATISFIED,1.1758,95490.0,9015.47
SAL-Ei-LM,bom_tubes_p30_ao13_am18_3_m10_ao13_am9_1,13,10,SATISFIED,1.1935,95604.0,9426.75
SAL-Ei-LM,bom_tubes_p30_ao13_am18_3_m10_ao13_am9_3,13,1,SATISFIED,1.1691,58472.0,9054.06
SAL-Ei-LM,bom_tubes_p30_ao13_am18_3_m10_ao13_am9_3,13,2,SATISFIED,1.1594,58470.0,9045.0
SAL-Ei-LM,bom_tubes_p30_ao13_am18_3_m10_ao13_am9_3,13,3,SATISFIED,1.1144,58365.0,9098.0
SAL-Ei-LM,bom_tubes_p30_ao13_am18_3_m10_ao13_am9_3,13,4,SATISFIED,1.1873,57756.0,9105.84
SAL-Ei-LM,bom_tubes_p30_ao13_am18_3_m10_ao13_am9_3,13,5,SATISFIED,1.1721,59329.0,9181.75
SAL-Ei-LM,bom_tubes_p30_ao13_am18_3_m10_ao13_am9_3,13,6,SATISFIED,1.1596,58929.0,9166.69
SAL-Ei-LM,bom_tubes_p30_ao13_am18_3_m10_ao13_am9_3,13,7,SATISFIED,1.1573,58789.0,9045.84
SAL-Ei-LM,bom_tubes_p30_ao13_am18_3_m10_ao13_am9_3,13,8,SATISFIED,1.1598,58793.0,8794.34
SAL-Ei-LM,bom_tubes_p30_ao13_am18_3_m10_ao13_am9_3,13,9,SATISFIED,1.1529,59884.0,8687.72
SAL-Ei-LM,bom_tubes_p30_ao13_am18_3_m10_ao13_am9_3,13,10,SATISFIED,1.1545,59589.0,8662.59
SAL-Ei-LM,bom_tubes_p30_ao13_am18_3_m10_ao13_am9_4,13,1,SATISFIED,1.158,24764.0,8667.72
SAL-Ei-LM,bom_tubes_p30_ao13_am18_3_m10_ao13_am9_4,13,2,SATISFIED,1.1661,25074.0,8712.22
SAL-Ei-LM,bom_tubes_p30_ao13_am18_3_m10_ao13_am9_4,13,3,SATISFIED,1.1933,25047.0,8733.94
SAL-Ei-LM,bom_tubes_p30_ao13_am18_3_m10_ao13_am9_4,13,4,SATISFIED,1.2037,24901.0,8697.38
SAL-Ei-LM,bom_tubes_p30_ao13_am18_3_m10_ao13_am9_4,13,5,SATISFIED,1.1995,25464.0,8618.94
SAL-Ei-LM,bom_tubes_p30_ao13_am18_3_m10_ao13_am9_4,13,6,SATISFIED,1.192,24903.0,8319.44
SAL-Ei-LM,bom_tubes_p30_ao13_am18_3_m10_ao13_am9_4,13,7,SATISFIED,1.1561,25545.0,8270.34
SAL-Ei-LM,bom_tubes_p30_ao13_am18_3_m10_ao13_am9_4,13,8,SATISFIED,1.166,25453.0,8608.19
SAL-Ei-LM,bom_tubes_p30_ao13_am18_3_m10_ao13_am9_4,13,9,SATISFIED,1.166,24947.0,8545.88
SAL-Ei-LM,bom_tubes_p30_ao13_am18_3_m10_ao13_am9_4,13,10,SATISFIED,1.1694,25377.0,8922.09
SAL-Ei-LM,bom_tubes_p30_ao13_am18_3_m10_ao13_am9_5,13,1,SATISFIED,1.1658,102493.0,9845.5
SAL-Ei-LM,bom_tubes_p30_ao13_am18_3_m10_ao13_am9_5,13,2,SATISFIED,1.1677,102493.0,9562.53
SAL-Ei-LM,bom_tubes_p30_ao13_am18_3_m10_ao13_am9_5,13,3,SATISFIED,1.172,102493.0,9727.78
SAL-Ei-LM,bom_tubes_p30_ao13_am18_3_m10_ao13_am9_5,13,4,SATISFIED,1.1867,102493.0,9662.25
SAL-Ei-LM,bom_tubes_p30_ao13_am18_3_m10_ao13_am9_5,13,5,SATISFIED,1.1801,102493.0,9361.22
SAL-Ei-LM,bom_tubes_p30_ao13_am18_3_m10_ao13_am9_5,13,6,SATISFIED,1.1792,102493.0,9307.56
SAL-Ei-LM,bom_tubes_p30_ao13_am18_3_m10_ao13_am9_5,13,7,SATISFIED,1.1911,102493.0,8935.06
SAL-Ei-LM,bom_tubes_p30_ao13_am18_3_m10_ao13_am9_5,13,8,SATISFIED,1.1688,102493.0,9413.97
SAL-Ei-LM,bom_tubes_p30_ao13_am18_3_m10_ao13_am9_5,13,9,SATISFIED,1.1598,102493.0,9708.97
SAL-Ei-LM,bom_tubes_p30_ao13_am18_3_m10_ao13_am9_5,13,10,SATISFIED,1.1693,102493.0,9856.03
SAL-Ei-LM,bom_tubes_p30_ao13_am18_3_m10_ao13_am10_2,13,1,SATISFIED,1.1612,95420.0,10197.28
SAL-Ei-LM,bom_tubes_p30_ao13_am18_3_m10_ao13_am10_2,13,2,SATISFIED,1.1632,95222.0,10122.81
SAL-Ei-LM,bom_tubes_p30_ao13_am18_3_m10_ao13_am10_2,13,3,SATISFIED,1.1683,95342.0,9939.53
SAL-Ei-LM,bom_tubes_p30_ao13_am18_3_m10_ao13_am10_2,13,4,SATISFIED,1.1689,95428.0,9939.88
SAL-Ei-LM,bom_tubes_p30_ao13_am18_3_m10_ao13_am10_2,13,5,SATISFIED,1.1641,95348.0,10096.53
SAL-Ei-LM,bom_tubes_p30_ao13_am18_3_m10_ao13_am10_2,13,6,SATISFIED,1.1566,95233.0,10185.19
SAL-Ei-LM,bom_tubes_p30_ao13_am18_3_m10_ao13_am10_2,13,7,SATISFIED,1.1621,95622.0,10266.09
SAL-Ei-LM,bom_tubes_p30_ao13_am18_3_m10_ao13_am10_2,13,8,SATISFIED,1.166,95301.0,9974.53
SAL-Ei-LM,bom_tubes_p30_ao13_am18_3_m10_ao13_am10_2,13,9,SATISFIED,1.1632,95456.0,9583.81
SAL-Ei-LM,bom_tubes_p30_ao13_am18_3_m10_ao13_am10_2,13,10,SATISFIED,1.1548,95226.0,9942.0
SAL-Ei-LM,bom_tubes_p30_ao13_am18_3_m30_ao13_am14_3,13,1,SATISFIED,1.1671,102360.0,10124.62
SAL-Ei-LM,bom_tubes_p30_ao13_am18_3_m30_ao13_am14_3,13,2,SATISFIED,1.1547,102355.0,10208.66
SAL-Ei-LM,bom_tubes_p30_ao13_am18_3_m30_ao13_am14_3,13,3,SATISFIED,1.1631,102357.0,9855.84
SAL-Ei-LM,bom_tubes_p30_ao13_am18_3_m30_ao13_am14_3,13,4,SATISFIED,1.1596,102355.0,9945.22
SAL-Ei-LM,bom_tubes_p30_ao13_am18_3_m30_ao13_am14_3,13,5,SATISFIED,1.1669,102357.0,10272.28
SAL-Ei-LM,bom_tubes_p30_ao13_am18_3_m30_ao13_am14_3,13,6,SATISFIED,1.3018,102355.0,10574.06
SAL-Ei-LM,bom_tubes_p30_ao13_am18_3_m30_ao13_am14_3,13,7,SATISFIED,1.1506,102357.0,9000.97
SAL-Ei-LM,bom_tubes_p30_ao13_am18_3_m30_ao13_am14_3,13,8,SATISFIED,1.1704,102355.0,10104.22
SAL-Ei-LM,bom_tubes_p30_ao13_am18_3_m30_ao13_am14_3,13,9,SATISFIED,1.1753,102355.0,9974.91
SAL-Ei-LM,bom_tubes_p30_ao13_am18_3_m30_ao13_am14_3,13,10,SATISFIED,1.1797,102355.0,9789.44
SAL-Ei-LM,bom_tubes_p30_ao13_am18_3_m30_ao13_am18_1,13,1,SATISFIED,1.1626,31952.0,8391.94
SAL-Ei-LM,bom_tubes_p30_ao13_am18_3_m30_ao13_am18_1,13,2,SATISFIED,1.1698,31952.0,8196.44
SAL-Ei-LM,bom_tubes_p30_ao13_am18_3_m30_ao13_am18_1,13,3,SATISFIED,1.1644,31952.0,8525.03
SAL-Ei-LM,bom_tubes_p30_ao13_am18_3_m30_ao13_am18_1,13,4,SATISFIED,1.1644,31952.0,8960.81
SAL-Ei-LM,bom_tubes_p30_ao13_am18_3_m30_ao13_am18_1,13,5,SATISFIED,1.1647,31952.0,9078.16
SAL-Ei-LM,bom_tubes_p30_ao13_am18_3_m30_ao13_am18_1,13,6,SATISFIED,1.1659,31952.0,9085.66
SAL-Ei-LM,bom_tubes_p30_ao13_am18_3_m30_ao13_am18_1,13,7,SATISFIED,1.1617,32171.0,9079.94
SAL-Ei-LM,bom_tubes_p30_ao13_am18_3_m30_ao13_am18_1,13,8,SATISFIED,1.095,31952.0,9156.41
SAL-Ei-LM,bom_tubes_p30_ao13_am18_3_m30_ao13_am18_1,13,9,SATISFIED,1.1632,31952.0,8615.59
SAL-Ei-LM,bom_tubes_p30_ao13_am18_3_m30_ao13_am18_1,13,10,SATISFIED,1.1767,32059.0,8571.5
SAL-Ei-LM,bom_tubes_p30_ao13_am18_3_m30_ao13_am18_2,13,1,SATISFIED,1.1245,28320.0,8436.91
SAL-Ei-LM,bom_tubes_p30_ao13_am18_3_m30_ao13_am18_2,13,2,SATISFIED,1.1584,27937.0,8476.34
SAL-Ei-LM,bom_tubes_p30_ao13_am18_3_m30_ao13_am18_2,13,3,SATISFIED,1.3005,28107.0,8433.06
SAL-Ei-LM,bom_tubes_p30_ao13_am18_3_m30_ao13_am18_2,13,4,SATISFIED,1.1594,28158.0,7149.66
SAL-Ei-LM,bom_tubes_p30_ao13_am18_3_m30_ao13_am18_2,13,5,SATISFIED,1.1688,27508.0,7748.69
SAL-Ei-LM,bom_tubes_p30_ao13_am18_3_m30_ao13_am18_2,13,6,SATISFIED,1.1867,28158.0,7987.59
SAL-Ei-LM,bom_tubes_p30_ao13_am18_3_m30_ao13_am18_2,13,7,SATISFIED,1.1659,27950.0,8388.44
SAL-Ei-LM,bom_tubes_p30_ao13_am18_3_m30_ao13_am18_2,13,8,SATISFIED,1.1706,28252.0,8575.78
SAL-Ei-LM,bom_tubes_p30_ao13_am18_3_m30_ao13_am18_2,13,9,SATISFIED,1.1617,27993.0,8517.28
SAL-Ei-LM,bom_tubes_p30_ao13_am18_3_m30_ao13_am18_2,13,10,SATISFIED,1.1604,27905.0,8215.44
SAL-Ei-LM,bom_tubes_p30_ao13_am18_3_m30_ao13_am19_5,13,1,SATISFIED,1.162,45646.0,9190.44
SAL-Ei-LM,bom_tubes_p30_ao13_am18_3_m30_ao13_am19_5,13,2,SATISFIED,1.1649,45666.0,8693.47
SAL-Ei-LM,bom_tubes_p30_ao13_am18_3_m30_ao13_am19_5,13,3,SATISFIED,1.1784,45658.0,8208.53
SAL-Ei-LM,bom_tubes_p30_ao13_am18_3_m30_ao13_am19_5,13,4,SATISFIED,1.1643,45715.0,8364.62
SAL-Ei-LM,bom_tubes_p30_ao13_am18_3_m30_ao13_am19_5,13,5,SATISFIED,1.161,45713.0,9080.94
SAL-Ei-LM,bom_tubes_p30_ao13_am18_3_m30_ao13_am19_5,13,6,SATISFIED,1.158,45636.0,9904.28
SAL-Ei-LM,bom_tubes_p30_ao13_am18_3_m30_ao13_am19_5,13,7,SATISFIED,1.1649,45603.0,9761.44
SAL-Ei-LM,bom_tubes_p30_ao13_am18_3_m30_ao13_am19_5,13,8,SATISFIED,1.1621,45644.0,9256.78
SAL-Ei-LM,bom_tubes_p30_ao13_am18_3_m30_ao13_am19_5,13,9,SATISFIED,1.1598,45674.0,9273.94
SAL-Ei-LM,bom_tubes_p30_ao13_am18_3_m30_ao13_am19_5,13,10,SATISFIED,1.2266,45587.0,9634.28
SAL-Ei-LM,bom_tubes_p30_ao13_am18_3_m30_ao13_am20_4,13,1,SATISFIED,1.1475,41012.0,7897.16
SAL-Ei-LM,bom_tubes_p30_ao13_am18_3_m30_ao13_am20_4,13,2,SATISFIED,1.1585,41639.0,8025.94
SAL-Ei-LM,bom_tubes_p30_ao13_am18_3_m30_ao13_am20_4,13,3,SATISFIED,1.1672,41837.0,7988.16
SAL-Ei-LM,bom_tubes_p30_ao13_am18_3_m30_ao13_am20_4,13,4,SATISFIED,1.155,42158.0,7993.16
SAL-Ei-LM,bom_tubes_p30_ao13_am18_3_m30_ao13_am20_4,13,5,SATISFIED,1.1627,41130.0,8029.25
SAL-Ei-LM,bom_tubes_p30_ao13_am18_3_m30_ao13_am20_4,13,6,SATISFIED,1.1551,41100.0,8244.03
SAL-Ei-LM,bom_tubes_p30_ao13_am18_3_m30_ao13_am20_4,13,7,SATISFIED,1.1505,40476.0,8369.34
SAL-Ei-LM,bom_tubes_p30_ao13_am18_3_m30_ao13_am20_4,13,8,SATISFIED,1.1564,41590.0,8370.38
SAL-Ei-LM,bom_tubes_p30_ao13_am18_3_m30_ao13_am20_4,13,9,SATISFIED,1.1478,42661.0,8241.88
SAL-Ei-LM,bom_tubes_p30_ao13_am18_3_m30_ao13_am20_4,13,10,SATISFIED,1.1495,41789.0,8079.91
SAL-Ei-LM,bom_tubes_p30_ao13_am18_4,13,1,SATISFIED,1.1587,30480.0,10298.97
SAL-Ei-LM,bom_tubes_p30_ao13_am18_4,13,2,SATISFIED,1.1628,30480.0,10575.62
SAL-Ei-LM,bom_tubes_p30_ao13_am18_4,13,3,SATISFIED,1.1614,30568.0,10769.19
SAL-Ei-LM,bom_tubes_p30_ao13_am18_4,13,4,SATISFIED,1.162,30404.0,10736.41
SAL-Ei-LM,bom_tubes_p30_ao13_am18_4,13,5,SATISFIED,1.1549,30600.0,10591.25
SAL-Ei-LM,bom_tubes_p30_ao13_am18_4,13,6,SATISFIED,1.2748,30484.0,10592.88
SAL-Ei-LM,bom_tubes_p30_ao13_am18_4,13,7,SATISFIED,1.1506,30508.0,9801.56
SAL-Ei-LM,bom_tubes_p30_ao13_am18_4,13,8,SATISFIED,1.1655,30324.0,10669.06
SAL-Ei-LM,bom_tubes_p30_ao13_am18_4,13,9,SATISFIED,1.1613,30508.0,10452.19
SAL-Ei-LM,bom_tubes_p30_ao13_am18_4,13,10,SATISFIED,1.163,30484.0,10490.88
SAL-Ei-LM,bom_tubes_p30_ao13_am18_4_m10_ao13_am8_1,13,1,SATISFIED,1.1651,106891.0,10187.81
SAL-Ei-LM,bom_tubes_p30_ao13_am18_4_m10_ao13_am8_1,13,2,SATISFIED,1.1651,106970.0,10204.53
SAL-Ei-LM,bom_tubes_p30_ao13_am18_4_m10_ao13_am8_1,13,3,SATISFIED,1.0997,106811.0,10417.16
SAL-Ei-LM,bom_tubes_p30_ao13_am18_4_m10_ao13_am8_1,13,4,SATISFIED,1.0952,106976.0,10677.34
SAL-Ei-LM,bom_tubes_p30_ao13_am18_4_m10_ao13_am8_1,13,5,SATISFIED,1.0975,106894.0,10601.62
SAL-Ei-LM,bom_tubes_p30_ao13_am18_4_m10_ao13_am8_1,13,6,SATISFIED,1.0991,106969.0,10652.16
SAL-Ei-LM,bom_tubes_p30_ao13_am18_4_m10_ao13_am8_1,13,7,SATISFIED,1.0979,106799.0,10491.31
SAL-Ei-LM,bom_tubes_p30_ao13_am18_4_m10_ao13_am8_1,13,8,SATISFIED,1.0976,106915.0,10513.69
SAL-Ei-LM,bom_tubes_p30_ao13_am18_4_m10_ao13_am8_1,13,9,SATISFIED,1.0995,106930.0,10890.47
SAL-Ei-LM,bom_tubes_p30_ao13_am18_4_m10_ao13_am8_1,13,10,SATISFIED,1.1002,106823.0,10866.62
SAL-Ei-LM,bom_tubes_p30_ao13_am18_4_m10_ao13_am9_2,13,1,SATISFIED,1.0978,48913.0,10019.56
SAL-Ei-LM,bom_tubes_p30_ao13_am18_4_m10_ao13_am9_2,13,2,SATISFIED,1.0978,48946.0,9749.88
SAL-Ei-LM,bom_tubes_p30_ao13_am18_4_m10_ao13_am9_2,13,3,SATISFIED,1.1015,48959.0,9694.41
SAL-Ei-LM,bom_tubes_p30_ao13_am18_4_m10_ao13_am9_2,13,4,SATISFIED,1.1023,48991.0,9740.19
SAL-Ei-LM,bom_tubes_p30_ao13_am18_4_m10_ao13_am9_2,13,5,SATISFIED,1.1044,48915.0,9503.53
SAL-Ei-LM,bom_tubes_p30_ao13_am18_4_m10_ao13_am9_2,13,6,SATISFIED,1.0955,48990.0,9947.47
SAL-Ei-LM,bom_tubes_p30_ao13_am18_4_m10_ao13_am9_2,13,7,SATISFIED,1.1685,48958.0,9948.97
SAL-Ei-LM,bom_tubes_p30_ao13_am18_4_m10_ao13_am9_2,13,8,SATISFIED,1.1026,48973.0,9629.94
SAL-Ei-LM,bom_tubes_p30_ao13_am18_4_m10_ao13_am9_2,13,9,SATISFIED,1.1054,48949.0,9591.72
SAL-Ei-LM,bom_tubes_p30_ao13_am18_4_m10_ao13_am9_2,13,10,SATISFIED,1.1013,48966.0,9876.84
SAL-Ei-LM,bom_tubes_p30_ao13_am18_4_m10_ao13_am9_3,13,1,SATISFIED,1.1029,75358.0,8755.22
SAL-Ei-LM,bom_tubes_p30_ao13_am18_4_m10_ao13_am9_3,13,2,SATISFIED,1.175,75588.0,8799.19
SAL-Ei-LM,bom_tubes_p30_ao13_am18_4_m10_ao13_am9_3,13,3,SATISFIED,1.1739,75624.0,8752.88
SAL-Ei-LM,bom_tubes_p30_ao13_am18_4_m10_ao13_am9_3,13,4,SATISFIED,1.1697,75636.0,8949.25
SAL-Ei-LM,bom_tubes_p30_ao13_am18_4_m10_ao13_am9_3,13,5,SATISFIED,1.1665,75640.0,8703.16
SAL-Ei-LM,bom_tubes_p30_ao13_am18_4_m10_ao13_am9_3,13,6,SATISFIED,1.1559,75639.0,8672.16
SAL-Ei-LM,bom_tubes_p30_ao13_am18_4_m10_ao13_am9_3,13,7,SATISFIED,1.1856,75590.0,8759.88
SAL-Ei-LM,bom_tubes_p30_ao13_am18_4_m10_ao13_am9_3,13,8,SATISFIED,1.1788,75537.0,8887.12
SAL-Ei-LM,bom_tubes_p30_ao13_am18_4_m10_ao13_am9_3,13,9,SATISFIED,1.1834,75529.0,8910.66
SAL-Ei-LM,bom_tubes_p30_ao13_am18_4_m10_ao13_am9_3,13,10,SATISFIED,1.1756,75552.0,9200.41
SAL-Ei-LM,bom_tubes_p30_ao13_am18_4_m10_ao13_am10_4,13,1,SATISFIED,1.1845,50382.0,9445.69
SAL-Ei-LM,bom_tubes_p30_ao13_am18_4_m10_ao13_am10_4,13,2,SATISFIED,1.1719,50554.0,9775.97
SAL-Ei-LM,bom_tubes_p30_ao13_am18_4_m10_ao13_am10_4,13,3,SATISFIED,1.1856,50815.0,9909.66
SAL-Ei-LM,bom_tubes_p30_ao13_am18_4_m10_ao13_am10_4,13,4,SATISFIED,1.1758,51021.0,9782.06
SAL-Ei-LM,bom_tubes_p30_ao13_am18_4_m10_ao13_am10_4,13,5,SATISFIED,1.174,50756.0,10051.72
SAL-Ei-LM,bom_tubes_p30_ao13_am18_4_m10_ao13_am10_4,13,6,SATISFIED,1.1748,50866.0,9769.72
SAL-Ei-LM,bom_tubes_p30_ao13_am18_4_m10_ao13_am10_4,13,7,SATISFIED,1.1763,50791.0,8995.06
SAL-Ei-LM,bom_tubes_p30_ao13_am18_4_m10_ao13_am10_4,13,8,SATISFIED,1.1741,50464.0,8687.62
SAL-Ei-LM,bom_tubes_p30_ao13_am18_4_m10_ao13_am10_4,13,9,SATISFIED,1.1655,50348.0,8835.16
SAL-Ei-LM,bom_tubes_p30_ao13_am18_4_m10_ao13_am10_4,13,10,SATISFIED,1.1736,51173.0,9027.84
SAL-Ei-LM,bom_tubes_p30_ao13_am18_4_m10_ao13_am10_5,13,1,SATISFIED,1.1741,43038.0,9432.94
SAL-Ei-LM,bom_tubes_p30_ao13_am18_4_m10_ao13_am10_5,13,2,SATISFIED,1.1681,43213.0,9326.34
SAL-Ei-LM,bom_tubes_p30_ao13_am18_4_m10_ao13_am10_5,13,3,SATISFIED,1.171,43002.0,9717.53
SAL-Ei-LM,bom_tubes_p30_ao13_am18_4_m10_ao13_am10_5,13,4,SATISFIED,1.1687,43028.0,9599.47
SAL-Ei-LM,bom_tubes_p30_ao13_am18_4_m10_ao13_am10_5,13,5,SATISFIED,1.1764,43033.0,9529.31
SAL-Ei-LM,bom_tubes_p30_ao13_am18_4_m10_ao13_am10_5,13,6,SATISFIED,1.1752,43007.0,9425.06
SAL-Ei-LM,bom_tubes_p30_ao13_am18_4_m10_ao13_am10_5,13,7,SATISFIED,1.1767,43239.0,9485.25
SAL-Ei-LM,bom_tubes_p30_ao13_am18_4_m10_ao13_am10_5,13,8,SATISFIED,1.1634,43014.0,9652.69
SAL-Ei-LM,bom_tubes_p30_ao13_am18_4_m10_ao13_am10_5,13,9,SATISFIED,1.1606,42975.0,9769.94
SAL-Ei-LM,bom_tubes_p30_ao13_am18_4_m10_ao13_am10_5,13,10,SATISFIED,1.1681,43015.0,9324.81
SAL-Ei-LM,bom_tubes_p30_ao13_am18_4_m30_ao13_am16_1,13,1,SATISFIED,1.1962,34280.0,8877.44
SAL-Ei-LM,bom_tubes_p30_ao13_am18_4_m30_ao13_am16_1,13,2,SATISFIED,1.1617,34280.0,8997.31
SAL-Ei-LM,bom_tubes_p30_ao13_am18_4_m30_ao13_am16_1,13,3,SATISFIED,1.1712,34280.0,9297.56
SAL-Ei-LM,bom_tubes_p30_ao13_am18_4_m30_ao13_am16_1,13,4,SATISFIED,1.1743,34280.0,9257.16
SAL-Ei-LM,bom_tubes_p30_ao13_am18_4_m30_ao13_am16_1,13,5,SATISFIED,1.1669,34280.0,9253.97
SAL-Ei-LM,bom_tubes_p30_ao13_am18_4_m30_ao13_am16_1,13,6,SATISFIED,1.1695,34280.0,9456.0
SAL-Ei-LM,bom_tubes_p30_ao13_am18_4_m30_ao13_am16_1,13,7,SATISFIED,1.1702,34280.0,9428.47
SAL-Ei-LM,bom_tubes_p30_ao13_am18_4_m30_ao13_am16_1,13,8,SATISFIED,1.1783,34280.0,9533.41
SAL-Ei-LM,bom_tubes_p30_ao13_am18_4_m30_ao13_am16_1,13,9,SATISFIED,1.2049,34280.0,9625.31
SAL-Ei-LM,bom_tubes_p30_ao13_am18_4_m30_ao13_am16_1,13,10,SATISFIED,1.1806,34280.0,9636.94
SAL-Ei-LM,bom_tubes_p30_ao13_am18_4_m30_ao13_am16_2,13,1,SATISFIED,1.1741,147332.0,8678.09
SAL-Ei-LM,bom_tubes_p30_ao13_am18_4_m30_ao13_am16_2,13,2,SATISFIED,1.1725,147319.0,8428.69
SAL-Ei-LM,bom_tubes_p30_ao13_am18_4_m30_ao13_am16_2,13,3,SATISFIED,1.1806,147376.0,8380.19
SAL-Ei-LM,bom_tubes_p30_ao13_am18_4_m30_ao13_am16_2,13,4,SATISFIED,1.176,147312.0,8877.09
SAL-Ei-LM,bom_tubes_p30_ao13_am18_4_m30_ao13_am16_2,13,5,SATISFIED,1.1613,147332.0,9274.31
SAL-Ei-LM,bom_tubes_p30_ao13_am18_4_m30_ao13_am16_2,13,6,SATISFIED,1.1759,147336.0,9572.5
SAL-Ei-LM,bom_tubes_p30_ao13_am18_4_m30_ao13_am16_2,13,7,SATISFIED,1.1283,147335.0,9392.06
SAL-Ei-LM,bom_tubes_p30_ao13_am18_4_m30_ao13_am16_2,13,8,SATISFIED,1.1696,147514.0,9209.41
SAL-Ei-LM,bom_tubes_p30_ao13_am18_4_m30_ao13_am16_2,13,9,SATISFIED,1.179,147356.0,9041.44
SAL-Ei-LM,bom_tubes_p30_ao13_am18_4_m30_ao13_am16_2,13,10,SATISFIED,1.1788,147448.0,8902.38
SAL-Ei-LM,bom_tubes_p30_ao13_am18_4_m30_ao13_am16_3,13,1,SATISFIED,1.1579,47309.0,7638.06
SAL-Ei-LM,bom_tubes_p30_ao13_am18_4_m30_ao13_am16_3,13,2,SATISFIED,1.1681,47309.0,8742.91
SAL-Ei-LM,bom_tubes_p30_ao13_am18_4_m30_ao13_am16_3,13,3,SATISFIED,1.1639,47309.0,8979.78
SAL-Ei-LM,bom_tubes_p30_ao13_am18_4_m30_ao13_am16_3,13,4,SATISFIED,1.1647,47309.0,9265.19
SAL-Ei-LM,bom_tubes_p30_ao13_am18_4_m30_ao13_am16_3,13,5,SATISFIED,1.1772,47309.0,9070.38
SAL-Ei-LM,bom_tubes_p30_ao13_am18_4_m30_ao13_am16_3,13,6,SATISFIED,1.1647,47309.0,9253.81
SAL-Ei-LM,bom_tubes_p30_ao13_am18_4_m30_ao13_am16_3,13,7,SATISFIED,1.1578,47309.0,9143.84
SAL-Ei-LM,bom_tubes_p30_ao13_am18_4_m30_ao13_am16_3,13,8,SATISFIED,1.1651,47309.0,9162.78
SAL-Ei-LM,bom_tubes_p30_ao13_am18_4_m30_ao13_am16_3,13,9,SATISFIED,1.162,47309.0,9032.12
SAL-Ei-LM,bom_tubes_p30_ao13_am18_4_m30_ao13_am16_3,13,10,SATISFIED,1.1611,47309.0,9131.66
SAL-Ei-LM,bom_tubes_p30_ao13_am18_4_m30_ao13_am19_4,13,1,SATISFIED,1.1609,52484.0,8484.28
SAL-Ei-LM,bom_tubes_p30_ao13_am18_4_m30_ao13_am19_4,13,2,SATISFIED,1.1613,52494.0,8904.09
SAL-Ei-LM,bom_tubes_p30_ao13_am18_4_m30_ao13_am19_4,13,3,SATISFIED,1.1617,52476.0,8798.0
SAL-Ei-LM,bom_tubes_p30_ao13_am18_4_m30_ao13_am19_4,13,4,SATISFIED,1.1583,52518.0,8413.38
SAL-Ei-LM,bom_tubes_p30_ao13_am18_4_m30_ao13_am19_4,13,5,SATISFIED,1.165,52536.0,7893.66
SAL-Ei-LM,bom_tubes_p30_ao13_am18_4_m30_ao13_am19_4,13,6,SATISFIED,1.1684,52546.0,8281.72
SAL-Ei-LM,bom_tubes_p30_ao13_am18_4_m30_ao13_am19_4,13,7,SATISFIED,1.1633,52566.0,8340.34
SAL-Ei-LM,bom_tubes_p30_ao13_am18_4_m30_ao13_am19_4,13,8,SATISFIED,1.233,52538.0,8270.66
SAL-Ei-LM,bom_tubes_p30_ao13_am18_4_m30_ao13_am19_4,13,9,SATISFIED,1.1595,52516.0,7485.97
SAL-Ei-LM,bom_tubes_p30_ao13_am18_4_m30_ao13_am19_4,13,10,SATISFIED,1.1636,52478.0,7746.75
SAL-Ei-LM,bom_tubes_p30_ao13_am18_4_m30_ao13_am20_5,13,1,SATISFIED,1.1537,22004.0,8057.66
SAL-Ei-LM,bom_tubes_p30_ao13_am18_4_m30_ao13_am20_5,13,2,SATISFIED,1.1649,21972.0,8355.34
SAL-Ei-LM,bom_tubes_p30_ao13_am18_4_m30_ao13_am20_5,13,3,SATISFIED,1.1616,22059.0,8952.41
SAL-Ei-LM,bom_tubes_p30_ao13_am18_4_m30_ao13_am20_5,13,4,SATISFIED,1.149,22043.0,9377.31
SAL-Ei-LM,bom_tubes_p30_ao13_am18_4_m30_ao13_am20_5,13,5,SATISFIED,1.1528,21989.0,9428.97
SAL-Ei-LM,bom_tubes_p30_ao13_am18_4_m30_ao13_am20_5,13,6,SATISFIED,1.1534,21952.0,9342.88
SAL-Ei-LM,bom_tubes_p30_ao13_am18_4_m30_ao13_am20_5,13,7,SATISFIED,1.1535,22032.0,9533.56
SAL-Ei-LM,bom_tubes_p30_ao13_am18_4_m30_ao13_am20_5,13,8,SATISFIED,1.1563,22002.0,9888.25
SAL-Ei-LM,bom_tubes_p30_ao13_am18_4_m30_ao13_am20_5,13,9,SATISFIED,1.1519,21979.0,9831.59
SAL-Ei-LM,bom_tubes_p30_ao13_am18_4_m30_ao13_am20_5,13,10,SATISFIED,1.1537,22163.0,9863.81
SAL-Ei-LM,bom_tubes_p30_ao13_am18_5,13,1,SATISFIED,1.1611,52454.0,10878.72
SAL-Ei-LM,bom_tubes_p30_ao13_am18_5,13,2,SATISFIED,1.1672,52074.0,10629.31
SAL-Ei-LM,bom_tubes_p30_ao13_am18_5,13,3,SATISFIED,1.1702,52074.0,10594.41
SAL-Ei-LM,bom_tubes_p30_ao13_am18_5,13,4,SATISFIED,1.3205,52074.0,10244.62
SAL-Ei-LM,bom_tubes_p30_ao13_am18_5,13,5,SATISFIED,1.1595,52074.0,8738.41
SAL-Ei-LM,bom_tubes_p30_ao13_am18_5,13,6,SATISFIED,1.1716,52074.0,10355.53
SAL-Ei-LM,bom_tubes_p30_ao13_am18_5,13,7,SATISFIED,1.1795,52074.0,10205.0
SAL-Ei-LM,bom_tubes_p30_ao13_am18_5,13,8,SATISFIED,1.172,52074.0,10414.06
SAL-Ei-LM,bom_tubes_p30_ao13_am18_5,13,9,SATISFIED,1.167,52074.0,10236.94
SAL-Ei-LM,bom_tubes_p30_ao13_am18_5,13,10,SATISFIED,1.1761,52074.0,10312.91
SAL-Ei-LM,bom_tubes_p30_ao13_am18_5_m10_ao13_am9_1,13,1,SATISFIED,1.1693,114996.0,8804.19
SAL-Ei-LM,bom_tubes_p30_ao13_am18_5_m10_ao13_am9_1,13,2,SATISFIED,1.1636,115021.0,8678.81
SAL-Ei-LM,bom_tubes_p30_ao13_am18_5_m10_ao13_am9_1,13,3,SATISFIED,1.1006,115114.0,7850.81
SAL-Ei-LM,bom_tubes_p30_ao13_am18_5_m10_ao13_am9_1,13,4,SATISFIED,1.1355,115020.0,8176.84
SAL-Ei-LM,bom_tubes_p30_ao13_am18_5_m10_ao13_am9_1,13,5,SATISFIED,1.1036,115044.0,8892.62
SAL-Ei-LM,bom_tubes_p30_ao13_am18_5_m10_ao13_am9_1,13,6,SATISFIED,1.1011,115102.0,9644.69
SAL-Ei-LM,bom_tubes_p30_ao13_am18_5_m10_ao13_am9_1,13,7,SATISFIED,1.1782,114970.0,9615.72
SAL-Ei-LM,bom_tubes_p30_ao13_am18_5_m10_ao13_am9_1,13,8,SATISFIED,1.164,115023.0,9098.09
SAL-Ei-LM,bom_tubes_p30_ao13_am18_5_m10_ao13_am9_1,13,9,SATISFIED,1.1641,115123.0,9300.75
SAL-Ei-LM,bom_tubes_p30_ao13_am18_5_m10_ao13_am9_1,13,10,SATISFIED,1.1658,115141.0,9358.31
SAL-Ei-LM,bom_tubes_p30_ao13_am18_5_m10_ao13_am9_3,13,1,SATISFIED,1.1281,111137.0,9047.47
SAL-Ei-LM,bom_tubes_p30_ao13_am18_5_m10_ao13_am9_3,13,2,SATISFIED,1.1664,110897.0,8658.38
SAL-Ei-LM,bom_tubes_p30_ao13_am18_5_m10_ao13_am9_3,13,3,SATISFIED,1.1503,110897.0,8838.91
SAL-Ei-LM,bom_tubes_p30_ao13_am18_5_m10_ao13_am9_3,13,4,SATISFIED,1.2734,110897.0,9245.19
SAL-Ei-LM,bom_tubes_p30_ao13_am18_5_m10_ao13_am9_3,13,5,SATISFIED,1.1586,110897.0,8357.66
SAL-Ei-LM,bom_tubes_p30_ao13_am18_5_m10_ao13_am9_3,13,6,SATISFIED,1.1635,110897.0,9158.69
SAL-Ei-LM,bom_tubes_p30_ao13_am18_5_m10_ao13_am9_3,13,7,SATISFIED,1.1593,110897.0,9319.28
SAL-Ei-LM,bom_tubes_p30_ao13_am18_5_m10_ao13_am9_3,13,8,SATISFIED,1.1647,110897.0,9053.91
SAL-Ei-LM,bom_tubes_p30_ao13_am18_5_m10_ao13_am9_3,13,9,SATISFIED,1.152,110977.0,8495.5
SAL-Ei-LM,bom_tubes_p30_ao13_am18_5_m10_ao13_am9_3,13,10,SATISFIED,1.1958,110897.0,8568.81
SAL-Ei-LM,bom_tubes_p30_ao13_am18_5_m10_ao13_am9_5,13,1,SATISFIED,1.2033,75652.0,9827.75
SAL-Ei-LM,bom_tubes_p30_ao13_am18_5_m10_ao13_am9_5,13,2,SATISFIED,1.1905,75652.0,9678.28
SAL-Ei-LM,bom_tubes_p30_ao13_am18_5_m10_ao13_am9_5,13,3,SATISFIED,1.1876,75652.0,10019.28
SAL-Ei-LM,bom_tubes_p30_ao13_am18_5_m10_ao13_am9_5,13,4,SATISFIED,1.1843,75652.0,9748.69
SAL-Ei-LM,bom_tubes_p30_ao13_am18_5_m10_ao13_am9_5,13,5,SATISFIED,1.1764,75652.0,9917.12
SAL-Ei-LM,bom_tubes_p30_ao13_am18_5_m10_ao13_am9_5,13,6,SATISFIED,1.185,75652.0,9579.72
SAL-Ei-LM,bom_tubes_p30_ao13_am18_5_m10_ao13_am9_5,13,7,SATISFIED,1.1812,75652.0,9427.97
SAL-Ei-LM,bom_tubes_p30_ao13_am18_5_m10_ao13_am9_5,13,8,SATISFIED,1.2006,75652.0,9614.59
SAL-Ei-LM,bom_tubes_p30_ao13_am18_5_m10_ao13_am9_5,13,9,SATISFIED,1.1829,75672.0,9818.38
SAL-Ei-LM,bom_tubes_p30_ao13_am18_5_m10_ao13_am9_5,13,10,SATISFIED,1.1643,75652.0,9760.53
SAL-Ei-LM,bom_tubes_p30_ao13_am18_5_m10_ao13_am10_2,13,1,SATISFIED,1.1717,115911.0,10045.81
SAL-Ei-LM,bom_tubes_p30_ao13_am18_5_m10_ao13_am10_2,13,2,SATISFIED,1.1645,115911.0,10071.16
SAL-Ei-LM,bom_tubes_p30_ao13_am18_5_m10_ao13_am10_2,13,3,SATISFIED,1.1603,115911.0,9920.94
SAL-Ei-LM,bom_tubes_p30_ao13_am18_5_m10_ao13_am10_2,13,4,SATISFIED,1.1674,115911.0,10170.31
SAL-Ei-LM,bom_tubes_p30_ao13_am18_5_m10_ao13_am10_2,13,5,SATISFIED,1.1628,115911.0,10218.09
SAL-Ei-LM,bom_tubes_p30_ao13_am18_5_m10_ao13_am10_2,13,6,SATISFIED,1.2576,115911.0,9999.28
SAL-Ei-LM,bom_tubes_p30_ao13_am18_5_m10_ao13_am10_2,13,7,SATISFIED,1.1671,115911.0,9583.25
SAL-Ei-LM,bom_tubes_p30_ao13_am18_5_m10_ao13_am10_2,13,8,SATISFIED,1.163,115911.0,9857.44
SAL-Ei-LM,bom_tubes_p30_ao13_am18_5_m10_ao13_am10_2,13,9,SATISFIED,1.1599,115911.0,10005.09
SAL-Ei-LM,bom_tubes_p30_ao13_am18_5_m10_ao13_am10_2,13,10,SATISFIED,1.1656,115911.0,10245.75
SAL-Ei-LM,bom_tubes_p30_ao13_am18_5_m10_ao13_am10_4,13,1,SATISFIED,1.1605,119994.0,9414.31
SAL-Ei-LM,bom_tubes_p30_ao13_am18_5_m10_ao13_am10_4,13,2,SATISFIED,1.1529,120154.0,9391.94
SAL-Ei-LM,bom_tubes_p30_ao13_am18_5_m10_ao13_am10_4,13,3,SATISFIED,1.1633,120014.0,9448.91
SAL-Ei-LM,bom_tubes_p30_ao13_am18_5_m10_ao13_am10_4,13,4,SATISFIED,1.163,119954.0,9537.69
SAL-Ei-LM,bom_tubes_p30_ao13_am18_5_m10_ao13_am10_4,13,5,SATISFIED,1.1653,120134.0,9714.56
SAL-Ei-LM,bom_tubes_p30_ao13_am18_5_m10_ao13_am10_4,13,6,SATISFIED,1.1471,120074.0,9587.75
SAL-Ei-LM,bom_tubes_p30_ao13_am18_5_m10_ao13_am10_4,13,7,SATISFIED,1.1592,120074.0,9655.53
SAL-Ei-LM,bom_tubes_p30_ao13_am18_5_m10_ao13_am10_4,13,8,SATISFIED,1.1625,119954.0,9609.91
SAL-Ei-LM,bom_tubes_p30_ao13_am18_5_m10_ao13_am10_4,13,9,SATISFIED,1.1592,119974.0,9673.03
SAL-Ei-LM,bom_tubes_p30_ao13_am18_5_m10_ao13_am10_4,13,10,SATISFIED,1.1571,119994.0,9949.75
SAL-Ei-LM,bom_tubes_p30_ao13_am18_5_m30_ao13_am17_1,13,1,SATISFIED,1.1627,72861.0,9765.91
SAL-Ei-LM,bom_tubes_p30_ao13_am18_5_m30_ao13_am17_1,13,2,SATISFIED,1.1536,72861.0,9480.5
SAL-Ei-LM,bom_tubes_p30_ao13_am18_5_m30_ao13_am17_1,13,3,SATISFIED,1.1593,72861.0,8786.59
SAL-Ei-LM,bom_tubes_p30_ao13_am18_5_m30_ao13_am17_1,13,4,SATISFIED,1.1879,72873.0,8821.34
SAL-Ei-LM,bom_tubes_p30_ao13_am18_5_m30_ao13_am17_1,13,5,SATISFIED,1.1646,72861.0,8952.88
SAL-Ei-LM,bom_tubes_p30_ao13_am18_5_m30_ao13_am17_1,13,6,SATISFIED,1.1477,72861.0,9203.47
SAL-Ei-LM,bom_tubes_p30_ao13_am18_5_m30_ao13_am17_1,13,7,SATISFIED,1.1606,72873.0,8582.97
SAL-Ei-LM,bom_tubes_p30_ao13_am18_5_m30_ao13_am17_1,13,8,SATISFIED,1.2083,72861.0,8661.0
SAL-Ei-LM,bom_tubes_p30_ao13_am18_5_m30_ao13_am17_1,13,9,SATISFIED,1.1492,72861.0,8594.16
SAL-Ei-LM,bom_tubes_p30_ao13_am18_5_m30_ao13_am17_1,13,10,SATISFIED,1.1589,72861.0,9061.03
SAL-Ei-LM,bom_tubes_p30_ao13_am18_5_m30_ao13_am17_3,13,1,SATISFIED,1.1532,66427.0,8546.25
SAL-Ei-LM,bom_tubes_p30_ao13_am18_5_m30_ao13_am17_3,13,2,SATISFIED,1.1562,66432.0,7910.84
SAL-Ei-LM,bom_tubes_p30_ao13_am18_5_m30_ao13_am17_3,13,3,SATISFIED,1.1555,66635.0,7613.53
SAL-Ei-LM,bom_tubes_p30_ao13_am18_5_m30_ao13_am17_3,13,4,SATISFIED,1.1624,66619.0,7840.72
SAL-Ei-LM,bom_tubes_p30_ao13_am18_5_m30_ao13_am17_3,13,5,SATISFIED,1.1554,66419.0,7774.69
SAL-Ei-LM,bom_tubes_p30_ao13_am18_5_m30_ao13_am17_3,13,6,SATISFIED,1.1652,66502.0,8181.97
SAL-Ei-LM,bom_tubes_p30_ao13_am18_5_m30_ao13_am17_3,13,7,SATISFIED,1.1572,66445.0,8194.03
SAL-Ei-LM,bom_tubes_p30_ao13_am18_5_m30_ao13_am17_3,13,8,SATISFIED,1.1519,66523.0,8154.62
SAL-Ei-LM,bom_tubes_p30_ao13_am18_5_m30_ao13_am17_3,13,9,SATISFIED,1.1553,66503.0,8086.66
SAL-Ei-LM,bom_tubes_p30_ao13_am18_5_m30_ao13_am17_3,13,10,SATISFIED,1.156,66504.0,8277.66
SAL-Ei-LM,bom_tubes_p30_ao13_am18_5_m30_ao13_am18_5,13,1,SATISFIED,1.1581,48341.0,9332.34
SAL-Ei-LM,bom_tubes_p30_ao13_am18_5_m30_ao13_am18_5,13,2,SATISFIED,1.1628,48136.0,9577.97
SAL-Ei-LM,bom_tubes_p30_ao13_am18_5_m30_ao13_am18_5,13,3,SATISFIED,1.1568,48094.0,9488.44
SAL-Ei-LM,bom_tubes_p30_ao13_am18_5_m30_ao13_am18_5,13,4,SATISFIED,1.269,48359.0,9747.41
SAL-Ei-LM,bom_tubes_p30_ao13_am18_5_m30_ao13_am18_5,13,5,SATISFIED,1.1539,48280.0,8775.0
SAL-Ei-LM,bom_tubes_p30_ao13_am18_5_m30_ao13_am18_5,13,6,SATISFIED,1.1616,48380.0,9095.78
SAL-Ei-LM,bom_tubes_p30_ao13_am18_5_m30_ao13_am18_5,13,7,SATISFIED,1.1563,48247.0,9074.91
SAL-Ei-LM,bom_tubes_p30_ao13_am18_5_m30_ao13_am18_5,13,8,SATISFIED,1.1564,48131.0,9486.09
SAL-Ei-LM,bom_tubes_p30_ao13_am18_5_m30_ao13_am18_5,13,9,SATISFIED,1.1582,48267.0,9477.62
SAL-Ei-LM,bom_tubes_p30_ao13_am18_5_m30_ao13_am18_5,13,10,SATISFIED,1.1573,48604.0,9518.25
SAL-Ei-LM,bom_tubes_p30_ao13_am18_5_m30_ao13_am20_2,13,1,SATISFIED,1.1522,32445.0,9089.41
SAL-Ei-LM,bom_tubes_p30_ao13_am18_5_m30_ao13_am20_2,13,2,SATISFIED,1.1514,32385.0,9006.59
SAL-Ei-LM,bom_tubes_p30_ao13_am18_5_m30_ao13_am20_2,13,3,SATISFIED,1.1533,32408.0,8928.34
SAL-Ei-LM,bom_tubes_p30_ao13_am18_5_m30_ao13_am20_2,13,4,SATISFIED,1.1532,32369.0,8950.44
SAL-Ei-LM,bom_tubes_p30_ao13_am18_5_m30_ao13_am20_2,13,5,SATISFIED,1.1512,32462.0,9116.09
SAL-Ei-LM,bom_tubes_p30_ao13_am18_5_m30_ao13_am20_2,13,6,SATISFIED,1.1568,32352.0,8918.19
SAL-Ei-LM,bom_tubes_p30_ao13_am18_5_m30_ao13_am20_2,13,7,SATISFIED,1.1514,32378.0,9077.66
SAL-Ei-LM,bom_tubes_p30_ao13_am18_5_m30_ao13_am20_2,13,8,SATISFIED,1.1564,32442.0,8837.09
SAL-Ei-LM,bom_tubes_p30_ao13_am18_5_m30_ao13_am20_2,13,9,SATISFIED,1.1483,32442.0,8282.91
SAL-Ei-LM,bom_tubes_p30_ao13_am18_5_m30_ao13_am20_2,13,10,SATISFIED,1.1509,32375.0,8401.91
SAL-Ei-LM,bom_tubes_p30_ao13_am18_5_m30_ao13_am22_4,13,1,SATISFIED,1.1982,37143.0,7388.47
SAL-Ei-LM,bom_tubes_p30_ao13_am18_5_m30_ao13_am22_4,13,2,SATISFIED,1.1413,35956.0,7295.94
SAL-Ei-LM,bom_tubes_p30_ao13_am18_5_m30_ao13_am22_4,13,3,SATISFIED,1.1534,37851.0,7530.03
SAL-Ei-LM,bom_tubes_p30_ao13_am18_5_m30_ao13_am22_4,13,4,SATISFIED,1.155,36147.0,8002.56
SAL-Ei-LM,bom_tubes_p30_ao13_am18_5_m30_ao13_am22_4,13,5,SATISFIED,1.1582,36607.0,8179.75
SAL-Ei-LM,bom_tubes_p30_ao13_am18_5_m30_ao13_am22_4,13,6,SATISFIED,1.1555,35977.0,8107.47
SAL-Ei-LM,bom_tubes_p30_ao13_am18_5_m30_ao13_am22_4,13,7,SATISFIED,1.1525,37700.0,7640.06
SAL-Ei-LM,bom_tubes_p30_ao13_am18_5_m30_ao13_am22_4,13,8,SATISFIED,1.1651,38460.0,7621.22
SAL-Ei-LM,bom_tubes_p30_ao13_am18_5_m30_ao13_am22_4,13,9,SATISFIED,1.1057,36654.0,7773.97
SAL-Ei-LM,bom_tubes_p30_ao13_am18_5_m30_ao13_am22_4,13,10,SATISFIED,1.155,36404.0,8098.66
SAL-Ei-LM,bom_tubes_p40_ao14_am18_1,14,1,SATISFIED,1.1524,39291.0,10177.44
SAL-Ei-LM,bom_tubes_p40_ao14_am18_1,14,2,SATISFIED,1.1585,38187.0,10052.88
SAL-Ei-LM,bom_tubes_p40_ao14_am18_1,14,3,SATISFIED,1.1593,38179.0,10212.03
SAL-Ei-LM,bom_tubes_p40_ao14_am18_1,14,4,SATISFIED,1.1514,38524.0,10040.19
SAL-Ei-LM,bom_tubes_p40_ao14_am18_1,14,5,SATISFIED,1.1526,39866.0,10011.44
SAL-Ei-LM,bom_tubes_p40_ao14_am18_1,14,6,SATISFIED,1.2735,40119.0,9317.44
SAL-Ei-LM,bom_tubes_p40_ao14_am18_1,14,7,SATISFIED,1.1575,39746.0,7968.97
SAL-Ei-LM,bom_tubes_p40_ao14_am18_1,14,8,SATISFIED,1.17,40381.0,8761.19
SAL-Ei-LM,bom_tubes_p40_ao14_am18_1,14,9,SATISFIED,1.1697,40695.0,9393.72
SAL-Ei-LM,bom_tubes_p40_ao14_am18_1,14,10,SATISFIED,1.1611,40017.0,9985.81
SAL-Ei-LM,bom_tubes_p40_ao14_am18_1_m12_ao14_am11_5,14,1,SATISFIED,1.1716,50721.0,8216.41
SAL-Ei-LM,bom_tubes_p40_ao14_am18_1_m12_ao14_am11_5,14,2,SATISFIED,1.1677,50194.0,8335.66
SAL-Ei-LM,bom_tubes_p40_ao14_am18_1_m12_ao14_am11_5,14,3,SATISFIED,1.1748,50990.0,8227.22
SAL-Ei-LM,bom_tubes_p40_ao14_am18_1_m12_ao14_am11_5,14,4,SATISFIED,1.1781,49070.0,8091.06
SAL-Ei-LM,bom_tubes_p40_ao14_am18_1_m12_ao14_am11_5,14,5,SATISFIED,1.1782,49168.0,7867.44
SAL-Ei-LM,bom_tubes_p40_ao14_am18_1_m12_ao14_am11_5,14,6,SATISFIED,1.1882,48790.0,7712.28
SAL-Ei-LM,bom_tubes_p40_ao14_am18_1_m12_ao14_am11_5,14,7,SATISFIED,1.1956,48225.0,7962.47
SAL-Ei-LM,bom_tubes_p40_ao14_am18_1_m12_ao14_am11_5,14,8,SATISFIED,1.1762,50552.0,8091.0
SAL-Ei-LM,bom_tubes_p40_ao14_am18_1_m12_ao14_am11_5,14,9,SATISFIED,1.1873,49412.0,8215.53
SAL-Ei-LM,bom_tubes_p40_ao14_am18_1_m12_ao14_am11_5,14,10,SATISFIED,1.1921,48916.0,7948.47
SAL-Ei-LM,bom_tubes_p40_ao14_am18_1_m12_ao14_am12_1,14,1,SATISFIED,1.1836,44962.0,8829.81
SAL-Ei-LM,bom_tubes_p40_ao14_am18_1_m12_ao14_am12_1,14,2,SATISFIED,1.1621,45821.0,8876.03
SAL-Ei-LM,bom_tubes_p40_ao14_am18_1_m12_ao14_am12_1,14,3,SATISFIED,1.1625,45906.0,8884.03
SAL-Ei-LM,bom_tubes_p40_ao14_am18_1_m12_ao14_am12_1,14,4,SATISFIED,1.2976,44987.0,8790.31
SAL-Ei-LM,bom_tubes_p40_ao14_am18_1_m12_ao14_am12_1,14,5,SATISFIED,1.1533,45598.0,7581.09
SAL-Ei-LM,bom_tubes_p40_ao14_am18_1_m12_ao14_am12_1,14,6,SATISFIED,1.1722,45843.0,8445.06
SAL-Ei-LM,bom_tubes_p40_ao14_am18_1_m12_ao14_am12_1,14,7,SATISFIED,1.1596,45693.0,8945.16
SAL-Ei-LM,bom_tubes_p40_ao14_am18_1_m12_ao14_am12_1,14,8,SATISFIED,1.1639,44975.0,9400.22
SAL-Ei-LM,bom_tubes_p40_ao14_am18_1_m12_ao14_am12_1,14,9,SATISFIED,1.159,45218.0,9641.62
SAL-Ei-LM,bom_tubes_p40_ao14_am18_1_m12_ao14_am12_1,14,10,SATISFIED,1.1611,45757.0,9781.38
SAL-Ei-LM,bom_tubes_p40_ao14_am18_1_m12_ao14_am12_2,14,1,SATISFIED,1.1613,22987.0,8405.28
SAL-Ei-LM,bom_tubes_p40_ao14_am18_1_m12_ao14_am12_2,14,2,SATISFIED,1.1557,22485.0,8390.47
SAL-Ei-LM,bom_tubes_p40_ao14_am18_1_m12_ao14_am12_2,14,3,SATISFIED,1.1648,23001.0,8514.97
SAL-Ei-LM,bom_tubes_p40_ao14_am18_1_m12_ao14_am12_2,14,4,SATISFIED,1.1564,22513.0,8817.88
SAL-Ei-LM,bom_tubes_p40_ao14_am18_1_m12_ao14_am12_2,14,5,SATISFIED,1.1582,22357.0,9074.56
SAL-Ei-LM,bom_tubes_p40_ao14_am18_1_m12_ao14_am12_2,14,6,SATISFIED,1.1585,22492.0,9024.94
SAL-Ei-LM,bom_tubes_p40_ao14_am18_1_m12_ao14_am12_2,14,7,SATISFIED,1.1656,22690.0,8962.0
SAL-Ei-LM,bom_tubes_p40_ao14_am18_1_m12_ao14_am12_2,14,8,SATISFIED,1.1652,22591.0,9007.88
SAL-Ei-LM,bom_tubes_p40_ao14_am18_1_m12_ao14_am12_2,14,9,SATISFIED,1.1588,22525.0,8972.41
SAL-Ei-LM,bom_tubes_p40_ao14_am18_1_m12_ao14_am12_2,14,10,SATISFIED,1.1586,22513.0,8844.62
SAL-Ei-LM,bom_tubes_p40_ao14_am18_1_m12_ao14_am12_3,14,1,SATISFIED,1.1589,44982.0,8735.25
SAL-Ei-LM,bom_tubes_p40_ao14_am18_1_m12_ao14_am12_3,14,2,SATISFIED,1.1581,44989.0,8818.0
SAL-Ei-LM,bom_tubes_p40_ao14_am18_1_m12_ao14_am12_3,14,3,SATISFIED,1.1,44989.0,8926.09
SAL-Ei-LM,bom_tubes_p40_ao14_am18_1_m12_ao14_am12_3,14,4,SATISFIED,1.1087,44992.0,9098.53
SAL-Ei-LM,bom_tubes_p40_ao14_am18_1_m12_ao14_am12_3,14,5,SATISFIED,1.1573,44992.0,8906.47
SAL-Ei-LM,bom_tubes_p40_ao14_am18_1_m12_ao14_am12_3,14,6,SATISFIED,1.1573,44992.0,8982.16
SAL-Ei-LM,bom_tubes_p40_ao14_am18_1_m12_ao14_am12_3,14,7,SATISFIED,1.2018,45037.0,9038.34
SAL-Ei-LM,bom_tubes_p40_ao14_am18_1_m12_ao14_am12_3,14,8,SATISFIED,1.1666,44992.0,8673.31
SAL-Ei-LM,bom_tubes_p40_ao14_am18_1_m12_ao14_am12_3,14,9,SATISFIED,1.1591,45037.0,8762.97
SAL-Ei-LM,bom_tubes_p40_ao14_am18_1_m12_ao14_am12_3,14,10,SATISFIED,1.1156,44992.0,8696.22
SAL-Ei-LM,bom_tubes_p40_ao14_am18_1_m12_ao14_am12_4,14,1,SATISFIED,1.1165,49812.0,8647.03
SAL-Ei-LM,bom_tubes_p40_ao14_am18_1_m12_ao14_am12_4,14,2,SATISFIED,1.1634,49795.0,8544.81
SAL-Ei-LM,bom_tubes_p40_ao14_am18_1_m12_ao14_am12_4,14,3,SATISFIED,1.1623,49814.0,8445.81
SAL-Ei-LM,bom_tubes_p40_ao14_am18_1_m12_ao14_am12_4,14,4,SATISFIED,1.1628,49738.0,8293.81
SAL-Ei-LM,bom_tubes_p40_ao14_am18_1_m12_ao14_am12_4,14,5,SATISFIED,1.16,49805.0,8404.5
SAL-Ei-LM,bom_tubes_p40_ao14_am18_1_m12_ao14_am12_4,14,6,SATISFIED,1.181,49802.0,8365.81
SAL-Ei-LM,bom_tubes_p40_ao14_am18_1_m12_ao14_am12_4,14,7,SATISFIED,1.2057,49852.0,8198.69
SAL-Ei-LM,bom_tubes_p40_ao14_am18_1_m12_ao14_am12_4,14,8,SATISFIED,1.2024,49753.0,7922.34
SAL-Ei-LM,bom_tubes_p40_ao14_am18_1_m12_ao14_am12_4,14,9,SATISFIED,1.1891,49760.0,8071.25
SAL-Ei-LM,bom_tubes_p40_ao14_am18_1_m12_ao14_am12_4,14,10,SATISFIED,1.1958,49829.0,8118.0
SAL-Ei-LM,bom_tubes_p40_ao14_am18_1_m35_ao14_am22_5,14,1,SATISFIED,1.1862,19272.0,7279.19
SAL-Ei-LM,bom_tubes_p40_ao14_am18_1_m35_ao14_am22_5,14,2,SATISFIED,1.1848,19285.0,7406.78
SAL-Ei-LM,bom_tubes_p40_ao14_am18_1_m35_ao14_am22_5,14,3,SATISFIED,1.1739,19287.0,7661.81
SAL-Ei-LM,bom_tubes_p40_ao14_am18_1_m35_ao14_am22_5,14,4,SATISFIED,1.2792,19254.0,7759.97
SAL-Ei-LM,bom_tubes_p40_ao14_am18_1_m35_ao14_am22_5,14,5,SATISFIED,1.1649,19154.0,6576.25
SAL-Ei-LM,bom_tubes_p40_ao14_am18_1_m35_ao14_am22_5,14,6,SATISFIED,1.1654,19042.0,7346.81
SAL-Ei-LM,bom_tubes_p40_ao14_am18_1_m35_ao14_am22_5,14,7,SATISFIED,1.1753,19921.0,7427.12
SAL-Ei-LM,bom_tubes_p40_ao14_am18_1_m35_ao14_am22_5,14,8,SATISFIED,1.1686,19719.0,7631.0
SAL-Ei-LM,bom_tubes_p40_ao14_am18_1_m35_ao14_am22_5,14,9,SATISFIED,1.1785,19326.0,7753.16
SAL-Ei-LM,bom_tubes_p40_ao14_am18_1_m35_ao14_am22_5,14,10,SATISFIED,1.1854,19106.0,7672.62
SAL-Ei-LM,bom_tubes_p40_ao14_am18_1_m35_ao14_am24_2,14,1,SATISFIED,1.1742,21775.0,7567.28
SAL-Ei-LM,bom_tubes_p40_ao14_am18_1_m35_ao14_am24_2,14,2,SATISFIED,1.1586,22047.0,7922.06
SAL-Ei-LM,bom_tubes_p40_ao14_am18_1_m35_ao14_am24_2,14,3,SATISFIED,1.1642,22770.0,7690.16
SAL-Ei-LM,bom_tubes_p40_ao14_am18_1_m35_ao14_am24_2,14,4,SATISFIED,1.1573,21949.0,7376.34
SAL-Ei-LM,bom_tubes_p40_ao14_am18_1_m35_ao14_am24_2,14,5,SATISFIED,1.1523,22945.0,7399.38
SAL-Ei-LM,bom_tubes_p40_ao14_am18_1_m35_ao14_am24_2,14,6,SATISFIED,1.1638,23117.0,7365.03
SAL-Ei-LM,bom_tubes_p40_ao14_am18_1_m35_ao14_am24_2,14,7,SATISFIED,1.1539,22229.0,7428.12
SAL-Ei-LM,bom_tubes_p40_ao14_am18_1_m35_ao14_am24_2,14,8,SATISFIED,1.1601,22601.0,7253.5
SAL-Ei-LM,bom_tubes_p40_ao14_am18_1_m35_ao14_am24_2,14,9,SATISFIED,1.2319,22284.0,7346.78
SAL-Ei-LM,bom_tubes_p40_ao14_am18_1_m35_ao14_am24_2,14,10,SATISFIED,1.1574,22233.0,7202.44
SAL-Ei-LM,bom_tubes_p40_ao14_am18_1_m35_ao14_am25_3,14,1,SATISFIED,1.1399,42876.0,7550.44
SAL-Ei-LM,bom_tubes_p40_ao14_am18_1_m35_ao14_am25_3,14,2,SATISFIED,1.1412,43022.0,7400.38
SAL-Ei-LM,bom_tubes_p40_ao14_am18_1_m35_ao14_am25_3,14,3,SATISFIED,1.2043,42436.0,7156.31
SAL-Ei-LM,bom_tubes_p40_ao14_am18_1_m35_ao14_am25_3,14,4,SATISFIED,1.2104,39593.0,7052.28
SAL-Ei-LM,bom_tubes_p40_ao14_am18_1_m35_ao14_am25_3,14,5,SATISFIED,1.1974,40400.0,7129.78
SAL-Ei-LM,bom_tubes_p40_ao14_am18_1_m35_ao14_am25_3,14,6,SATISFIED,1.1939,42425.0,7231.69
SAL-Ei-LM,bom_tubes_p40_ao14_am18_1_m35_ao14_am25_3,14,7,SATISFIED,1.1971,42364.0,7350.34
SAL-Ei-LM,bom_tubes_p40_ao14_am18_1_m35_ao14_am25_3,14,8,SATISFIED,1.1751,41364.0,7466.06
SAL-Ei-LM,bom_tubes_p40_ao14_am18_1_m35_ao14_am25_3,14,9,SATISFIED,1.1826,42661.0,7545.56
SAL-Ei-LM,bom_tubes_p40_ao14_am18_1_m35_ao14_am25_3,14,10,SATISFIED,1.1112,43016.0,7573.5
SAL-Ei-LM,bom_tubes_p40_ao14_am18_1_m35_ao14_am26_1,14,1,SATISFIED,1.1588,50147.0,7516.66
SAL-Ei-LM,bom_tubes_p40_ao14_am18_1_m35_ao14_am26_1,14,2,SATISFIED,1.1664,49521.0,7599.84
SAL-Ei-LM,bom_tubes_p40_ao14_am18_1_m35_ao14_am26_1,14,3,SATISFIED,1.2439,48850.0,7660.84
SAL-Ei-LM,bom_tubes_p40_ao14_am18_1_m35_ao14_am26_1,14,4,SATISFIED,1.1573,49623.0,6985.72
SAL-Ei-LM,bom_tubes_p40_ao14_am18_1_m35_ao14_am26_1,14,5,SATISFIED,1.1645,49289.0,7274.69
SAL-Ei-LM,bom_tubes_p40_ao14_am18_1_m35_ao14_am26_1,14,6,SATISFIED,1.1643,49634.0,7129.44
SAL-Ei-LM,bom_tubes_p40_ao14_am18_1_m35_ao14_am26_1,14,7,SATISFIED,1.1104,49828.0,7206.47
SAL-Ei-LM,bom_tubes_p40_ao14_am18_1_m35_ao14_am26_1,14,8,SATISFIED,1.1071,49531.0,7261.16
SAL-Ei-LM,bom_tubes_p40_ao14_am18_1_m35_ao14_am26_1,14,9,SATISFIED,1.1137,49173.0,7347.31
SAL-Ei-LM,bom_tubes_p40_ao14_am18_1_m35_ao14_am26_1,14,10,SATISFIED,1.166,50983.0,7308.28
SAL-Ei-LM,bom_tubes_p40_ao14_am18_1_m35_ao14_am28_4,14,1,SATISFIED,1.1581,79701.0,7534.12
SAL-Ei-LM,bom_tubes_p40_ao14_am18_1_m35_ao14_am28_4,14,2,SATISFIED,1.1858,79656.0,7350.91
SAL-Ei-LM,bom_tubes_p40_ao14_am18_1_m35_ao14_am28_4,14,3,SATISFIED,1.1676,79118.0,7111.91
SAL-Ei-LM,bom_tubes_p40_ao14_am18_1_m35_ao14_am28_4,14,4,SATISFIED,1.1824,78921.0,7268.25
SAL-Ei-LM,bom_tubes_p40_ao14_am18_1_m35_ao14_am28_4,14,5,SATISFIED,1.1625,78339.0,7488.59
SAL-Ei-LM,bom_tubes_p40_ao14_am18_1_m35_ao14_am28_4,14,6,SATISFIED,1.1568,78823.0,7546.09
SAL-Ei-LM,bom_tubes_p40_ao14_am18_1_m35_ao14_am28_4,14,7,SATISFIED,1.2714,79724.0,7349.12
SAL-Ei-LM,bom_tubes_p40_ao14_am18_1_m35_ao14_am28_4,14,8,SATISFIED,1.1629,78747.0,6938.44
SAL-Ei-LM,bom_tubes_p40_ao14_am18_1_m35_ao14_am28_4,14,9,SATISFIED,1.1698,79432.0,7376.59
SAL-Ei-LM,bom_tubes_p40_ao14_am18_1_m35_ao14_am28_4,14,10,SATISFIED,1.1666,79384.0,7257.84
SAL-Ei-LM,bom_tubes_p40_ao14_am18_2,14,1,SATISFIED,1.1628,13736.0,10579.75
SAL-Ei-LM,bom_tubes_p40_ao14_am18_2,14,2,SATISFIED,1.1737,13736.0,10930.91
SAL-Ei-LM,bom_tubes_p40_ao14_am18_2,14,3,SATISFIED,1.1595,13728.0,11210.84
SAL-Ei-LM,bom_tubes_p40_ao14_am18_2,14,4,SATISFIED,1.1631,13729.0,11259.5
SAL-Ei-LM,bom_tubes_p40_ao14_am18_2,14,5,SATISFIED,1.1629,13714.0,10846.78
SAL-Ei-LM,bom_tubes_p40_ao14_am18_2,14,6,SATISFIED,1.1643,13746.0,10609.84
SAL-Ei-LM,bom_tubes_p40_ao14_am18_2,14,7,SATISFIED,1.1938,13722.0,10712.12
SAL-Ei-LM,bom_tubes_p40_ao14_am18_2,14,8,SATISFIED,1.1688,13724.0,10943.81
SAL-Ei-LM,bom_tubes_p40_ao14_am18_2,14,9,SATISFIED,1.1784,13668.0,11045.94
SAL-Ei-LM,bom_tubes_p40_ao14_am18_2,14,10,SATISFIED,1.1666,13746.0,11020.78
SAL-Ei-LM,bom_tubes_p40_ao14_am18_2_m12_ao14_am11_2,14,1,SATISFIED,1.1746,95091.0,9764.97
SAL-Ei-LM,bom_tubes_p40_ao14_am18_2_m12_ao14_am11_2,14,2,SATISFIED,1.1672,95091.0,9741.84
SAL-Ei-LM,bom_tubes_p40_ao14_am18_2_m12_ao14_am11_2,14,3,SATISFIED,1.245,95091.0,9832.69
SAL-Ei-LM,bom_tubes_p40_ao14_am18_2_m12_ao14_am11_2,14,4,SATISFIED,1.1669,95091.0,9128.69
SAL-Ei-LM,bom_tubes_p40_ao14_am18_2_m12_ao14_am11_2,14,5,SATISFIED,1.1784,95091.0,9499.12
SAL-Ei-LM,bom_tubes_p40_ao14_am18_2_m12_ao14_am11_2,14,6,SATISFIED,1.1744,95091.0,9269.47
SAL-Ei-LM,bom_tubes_p40_ao14_am18_2_m12_ao14_am11_2,14,7,SATISFIED,1.174,95091.0,9212.53
SAL-Ei-LM,bom_tubes_p40_ao14_am18_2_m12_ao14_am11_2,14,8,SATISFIED,1.1732,95091.0,9390.47
SAL-Ei-LM,bom_tubes_p40_ao14_am18_2_m12_ao14_am11_2,14,9,SATISFIED,1.1718,95091.0,9756.94
SAL-Ei-LM,bom_tubes_p40_ao14_am18_2_m12_ao14_am11_2,14,10,SATISFIED,1.1824,95091.0,9781.66
SAL-Ei-LM,bom_tubes_p40_ao14_am18_2_m12_ao14_am12_1,14,1,SATISFIED,1.1735,79042.0,9741.38
SAL-Ei-LM,bom_tubes_p40_ao14_am18_2_m12_ao14_am12_1,14,2,SATISFIED,1.1774,79042.0,9739.62
SAL-Ei-LM,bom_tubes_p40_ao14_am18_2_m12_ao14_am12_1,14,3,SATISFIED,1.1696,79042.0,9385.47
SAL-Ei-LM,bom_tubes_p40_ao14_am18_2_m12_ao14_am12_1,14,4,SATISFIED,1.1747,79042.0,9520.03
SAL-Ei-LM,bom_tubes_p40_ao14_am18_2_m12_ao14_am12_1,14,5,SATISFIED,1.1711,79042.0,9578.88
SAL-Ei-LM,bom_tubes_p40_ao14_am18_2_m12_ao14_am12_1,14,6,SATISFIED,1.1599,79042.0,9974.19
SAL-Ei-LM,bom_tubes_p40_ao14_am18_2_m12_ao14_am12_1,14,7,SATISFIED,1.1628,79042.0,9748.38
SAL-Ei-LM,bom_tubes_p40_ao14_am18_2_m12_ao14_am12_1,14,8,SATISFIED,1.1532,79042.0,9551.38
SAL-Ei-LM,bom_tubes_p40_ao14_am18_2_m12_ao14_am12_1,14,9,SATISFIED,1.1518,79042.0,9526.19
SAL-Ei-LM,bom_tubes_p40_ao14_am18_2_m12_ao14_am12_1,14,10,SATISFIED,1.1558,79042.0,9655.28
SAL-Ei-LM,bom_tubes_p40_ao14_am18_2_m12_ao14_am12_3,14,1,SATISFIED,1.1566,87916.0,8877.28
SAL-Ei-LM,bom_tubes_p40_ao14_am18_2_m12_ao14_am12_3,14,2,SATISFIED,1.1487,87916.0,8803.0
SAL-Ei-LM,bom_tubes_p40_ao14_am18_2_m12_ao14_am12_3,14,3,SATISFIED,1.1506,87916.0,8594.94
SAL-Ei-LM,bom_tubes_p40_ao14_am18_2_m12_ao14_am12_3,14,4,SATISFIED,1.215,87916.0,8615.19
SAL-Ei-LM,bom_tubes_p40_ao14_am18_2_m12_ao14_am12_3,14,5,SATISFIED,1.1528,87923.0,8388.97
SAL-Ei-LM,bom_tubes_p40_ao14_am18_2_m12_ao14_am12_3,14,6,SATISFIED,1.159,87926.0,8953.59
SAL-Ei-LM,bom_tubes_p40_ao14_am18_2_m12_ao14_am12_3,14,7,SATISFIED,1.1585,87916.0,9201.28
SAL-Ei-LM,bom_tubes_p40_ao14_am18_2_m12_ao14_am12_3,14,8,SATISFIED,1.1122,87923.0,9273.66
SAL-Ei-LM,bom_tubes_p40_ao14_am18_2_m12_ao14_am12_3,14,9,SATISFIED,1.1044,87923.0,9551.16
SAL-Ei-LM,bom_tubes_p40_ao14_am18_2_m12_ao14_am12_3,14,10,SATISFIED,1.1628,87916.0,9389.31
SAL-Ei-LM,bom_tubes_p40_ao14_am18_2_m12_ao14_am12_4,14,1,SATISFIED,1.1594,63398.0,9630.72
SAL-Ei-LM,bom_tubes_p40_ao14_am18_2_m12_ao14_am12_4,14,2,SATISFIED,1.1569,63398.0,9320.75
SAL-Ei-LM,bom_tubes_p40_ao14_am18_2_m12_ao14_am12_4,14,3,SATISFIED,1.1658,63398.0,9007.19
SAL-Ei-LM,bom_tubes_p40_ao14_am18_2_m12_ao14_am12_4,14,4,SATISFIED,1.1577,63398.0,9087.41
SAL-Ei-LM,bom_tubes_p40_ao14_am18_2_m12_ao14_am12_4,14,5,SATISFIED,1.1498,63398.0,9175.12
SAL-Ei-LM,bom_tubes_p40_ao14_am18_2_m12_ao14_am12_4,14,6,SATISFIED,1.1649,63398.0,9186.66
SAL-Ei-LM,bom_tubes_p40_ao14_am18_2_m12_ao14_am12_4,14,7,SATISFIED,1.159,63398.0,9120.34
SAL-Ei-LM,bom_tubes_p40_ao14_am18_2_m12_ao14_am12_4,14,8,SATISFIED,1.1583,63398.0,9292.66
SAL-Ei-LM,bom_tubes_p40_ao14_am18_2_m12_ao14_am12_4,14,9,SATISFIED,1.1616,63398.0,9429.59
SAL-Ei-LM,bom_tubes_p40_ao14_am18_2_m12_ao14_am12_4,14,10,SATISFIED,1.1834,63398.0,6739.5
SAL-Ei-LM,bom_tubes_p40_ao14_am18_2_m12_ao14_am12_5,14,1,SATISFIED,1.1818,78465.0,7742.09
SAL-Ei-LM,bom_tubes_p40_ao14_am18_2_m12_ao14_am12_5,14,2,SATISFIED,1.1883,78473.0,8433.94
SAL-Ei-LM,bom_tubes_p40_ao14_am18_2_m12_ao14_am12_5,14,3,SATISFIED,1.2248,78476.0,9722.84
SAL-Ei-LM,bom_tubes_p40_ao14_am18_2_m12_ao14_am12_5,14,4,SATISFIED,1.1141,78474.0,10164.75
SAL-Ei-LM,bom_tubes_p40_ao14_am18_2_m12_ao14_am12_5,14,5,SATISFIED,1.1729,78470.0,9906.53
SAL-Ei-LM,bom_tubes_p40_ao14_am18_2_m12_ao14_am12_5,14,6,SATISFIED,1.1698,78483.0,9840.53
SAL-Ei-LM,bom_tubes_p40_ao14_am18_2_m12_ao14_am12_5,14,7,SATISFIED,1.1751,78478.0,9829.19
SAL-Ei-LM,bom_tubes_p40_ao14_am18_2_m12_ao14_am12_5,14,8,SATISFIED,1.1731,78482.0,9727.62
SAL-Ei-LM,bom_tubes_p40_ao14_am18_2_m12_ao14_am12_5,14,9,SATISFIED,1.1708,78479.0,9848.09
SAL-Ei-LM,bom_tubes_p40_ao14_am18_2_m12_ao14_am12_5,14,10,SATISFIED,1.1742,78488.0,10175.19
SAL-Ei-LM,bom_tubes_p40_ao14_am18_2_m35_ao14_am24_2,14,1,SATISFIED,1.164,9199.0,7463.19
SAL-Ei-LM,bom_tubes_p40_ao14_am18_2_m35_ao14_am24_2,14,2,SATISFIED,1.1589,9267.0,7382.62
SAL-Ei-LM,bom_tubes_p40_ao14_am18_2_m35_ao14_am24_2,14,3,SATISFIED,1.1568,9270.0,7327.78
SAL-Ei-LM,bom_tubes_p40_ao14_am18_2_m35_ao14_am24_2,14,4,SATISFIED,1.1656,9219.0,7365.31
SAL-Ei-LM,bom_tubes_p40_ao14_am18_2_m35_ao14_am24_2,14,5,SATISFIED,1.164,9352.0,7633.0
SAL-Ei-LM,bom_tubes_p40_ao14_am18_2_m35_ao14_am24_2,14,6,SATISFIED,1.1723,9209.0,7564.19
SAL-Ei-LM,bom_tubes_p40_ao14_am18_2_m35_ao14_am24_2,14,7,SATISFIED,1.162,9354.0,7363.19
SAL-Ei-LM,bom_tubes_p40_ao14_am18_2_m35_ao14_am24_2,14,8,SATISFIED,1.1631,9259.0,7315.38
SAL-Ei-LM,bom_tubes_p40_ao14_am18_2_m35_ao14_am24_2,14,9,SATISFIED,1.2107,9367.0,7439.47
SAL-Ei-LM,bom_tubes_p40_ao14_am18_2_m35_ao14_am24_2,14,10,SATISFIED,1.145,9297.0,7167.38
SAL-Ei-LM,bom_tubes_p40_ao14_am18_2_m35_ao14_am26_4,14,1,SATISFIED,1.1632,7783.0,7623.81
SAL-Ei-LM,bom_tubes_p40_ao14_am18_2_m35_ao14_am26_4,14,2,SATISFIED,1.16,7741.0,7744.34
SAL-Ei-LM,bom_tubes_p40_ao14_am18_2_m35_ao14_am26_4,14,3,SATISFIED,1.156,7651.0,7762.62
SAL-Ei-LM,bom_tubes_p40_ao14_am18_2_m35_ao14_am26_4,14,4,SATISFIED,1.1535,7705.0,7727.44
SAL-Ei-LM,bom_tubes_p40_ao14_am18_2_m35_ao14_am26_4,14,5,SATISFIED,1.1584,7569.0,7706.03
SAL-Ei-LM,bom_tubes_p40_ao14_am18_2_m35_ao14_am26_4,14,6,SATISFIED,1.1575,7464.0,7775.69
SAL-Ei-LM,bom_tubes_p40_ao14_am18_2_m35_ao14_am26_4,14,7,SATISFIED,1.1559,7733.0,7561.34
SAL-Ei-LM,bom_tubes_p40_ao14_am18_2_m35_ao14_am26_4,14,8,SATISFIED,1.1626,7629.0,7596.03
SAL-Ei-LM,bom_tubes_p40_ao14_am18_2_m35_ao14_am26_4,14,9,SATISFIED,1.1497,7712.0,7556.06
SAL-Ei-LM,bom_tubes_p40_ao14_am18_2_m35_ao14_am26_4,14,10,SATISFIED,1.1603,7618.0,7757.78
SAL-Ei-LM,bom_tubes_p40_ao14_am18_2_m35_ao14_am28_3,14,1,SATISFIED,1.1554,18622.0,7578.56
SAL-Ei-LM,bom_tubes_p40_ao14_am18_2_m35_ao14_am28_3,14,2,SATISFIED,1.1529,18281.0,7570.41
SAL-Ei-LM,bom_tubes_p40_ao14_am18_2_m35_ao14_am28_3,14,3,SATISFIED,1.274,18456.0,7533.69
SAL-Ei-LM,bom_tubes_p40_ao14_am18_2_m35_ao14_am28_3,14,4,SATISFIED,1.159,18425.0,6310.66
SAL-Ei-LM,bom_tubes_p40_ao14_am18_2_m35_ao14_am28_3,14,5,SATISFIED,1.1681,18483.0,6893.41
SAL-Ei-LM,bom_tubes_p40_ao14_am18_2_m35_ao14_am28_3,14,6,SATISFIED,1.1713,18612.0,6758.47
SAL-Ei-LM,bom_tubes_p40_ao14_am18_2_m35_ao14_am28_3,14,7,SATISFIED,1.1634,18539.0,6975.94
SAL-Ei-LM,bom_tubes_p40_ao14_am18_2_m35_ao14_am28_3,14,8,SATISFIED,1.1615,18546.0,7257.38
SAL-Ei-LM,bom_tubes_p40_ao14_am18_2_m35_ao14_am28_3,14,9,SATISFIED,1.166,18517.0,7279.22
SAL-Ei-LM,bom_tubes_p40_ao14_am18_2_m35_ao14_am28_3,14,10,SATISFIED,1.131,18364.0,7234.5
SAL-Ei-LM,bom_tubes_p40_ao14_am18_2_m35_ao14_am28_5,14,1,SATISFIED,1.1531,25367.0,7373.53
SAL-Ei-LM,bom_tubes_p40_ao14_am18_2_m35_ao14_am28_5,14,2,SATISFIED,1.1597,25549.0,7400.41
SAL-Ei-LM,bom_tubes_p40_ao14_am18_2_m35_ao14_am28_5,14,3,SATISFIED,1.1527,25489.0,7403.19
SAL-Ei-LM,bom_tubes_p40_ao14_am18_2_m35_ao14_am28_5,14,4,SATISFIED,1.1582,25827.0,7126.19
SAL-Ei-LM,bom_tubes_p40_ao14_am18_2_m35_ao14_am28_5,14,5,SATISFIED,1.1602,25420.0,7192.88
SAL-Ei-LM,bom_tubes_p40_ao14_am18_2_m35_ao14_am28_5,14,6,SATISFIED,1.2519,25513.0,7060.75
SAL-Ei-LM,bom_tubes_p40_ao14_am18_2_m35_ao14_am28_5,14,7,SATISFIED,1.1576,25887.0,6805.47
SAL-Ei-LM,bom_tubes_p40_ao14_am18_2_m35_ao14_am28_5,14,8,SATISFIED,1.1576,25443.0,7229.25
SAL-Ei-LM,bom_tubes_p40_ao14_am18_2_m35_ao14_am28_5,14,9,SATISFIED,1.1585,25411.0,7244.69
SAL-Ei-LM,bom_tubes_p40_ao14_am18_2_m35_ao14_am28_5,14,10,SATISFIED,1.1554,25645.0,7137.75
SAL-Ei-LM,bom_tubes_p40_ao14_am18_2_m35_ao14_am29_1,14,1,SATISFIED,1.1556,15814.0,6909.12
SAL-Ei-LM,bom_tubes_p40_ao14_am18_2_m35_ao14_am29_1,14,2,SATISFIED,1.1619,15683.0,6879.19
SAL-Ei-LM,bom_tubes_p40_ao14_am18_2_m35_ao14_am29_1,14,3,SATISFIED,1.1647,15880.0,7127.88
SAL-Ei-LM,bom_tubes_p40_ao14_am18_2_m35_ao14_am29_1,14,4,SATISFIED,1.1555,16138.0,7501.28
SAL-Ei-LM,bom_tubes_p40_ao14_am18_2_m35_ao14_am29_1,14,5,SATISFIED,1.1538,15864.0,7639.0
SAL-Ei-LM,bom_tubes_p40_ao14_am18_2_m35_ao14_am29_1,14,6,SATISFIED,1.1273,15893.0,7470.69
SAL-Ei-LM,bom_tubes_p40_ao14_am18_2_m35_ao14_am29_1,14,7,SATISFIED,1.1571,15808.0,7326.62
SAL-Ei-LM,bom_tubes_p40_ao14_am18_2_m35_ao14_am29_1,14,8,SATISFIED,1.1638,15831.0,7332.75
SAL-Ei-LM,bom_tubes_p40_ao14_am18_2_m35_ao14_am29_1,14,9,SATISFIED,1.1574,15749.0,7216.84
SAL-Ei-LM,bom_tubes_p40_ao14_am18_2_m35_ao14_am29_1,14,10,SATISFIED,1.2079,15931.0,7032.81
SAL-Ei-LM,bom_tubes_p40_ao14_am18_3,14,1,SATISFIED,1.1539,12964.0,8672.91
SAL-Ei-LM,bom_tubes_p40_ao14_am18_3,14,2,SATISFIED,1.1673,13008.0,8680.88
SAL-Ei-LM,bom_tubes_p40_ao14_am18_3,14,3,SATISFIED,1.1714,13008.0,9000.81
SAL-Ei-LM,bom_tubes_p40_ao14_am18_3,14,4,SATISFIED,1.1645,12948.0,9662.78
SAL-Ei-LM,bom_tubes_p40_ao14_am18_3,14,5,SATISFIED,1.1581,12908.0,9863.12
SAL-Ei-LM,bom_tubes_p40_ao14_am18_3,14,6,SATISFIED,1.1509,13032.0,9973.28
SAL-Ei-LM,bom_tubes_p40_ao14_am18_3,14,7,SATISFIED,1.1541,13008.0,9850.88
SAL-Ei-LM,bom_tubes_p40_ao14_am18_3,14,8,SATISFIED,1.1537,12964.0,10141.38
SAL-Ei-LM,bom_tubes_p40_ao14_am18_3,14,9,SATISFIED,1.1087,12940.0,10142.59
SAL-Ei-LM,bom_tubes_p40_ao14_am18_3,14,10,SATISFIED,1.0962,12996.0,10330.94
SAL-Ei-LM,bom_tubes_p40_ao14_am18_3_m12_ao14_am11_1,14,1,SATISFIED,1.0985,55692.0,8988.88
SAL-Ei-LM,bom_tubes_p40_ao14_am18_3_m12_ao14_am11_1,14,2,SATISFIED,1.1739,55790.0,8680.12
SAL-Ei-LM,bom_tubes_p40_ao14_am18_3_m12_ao14_am11_1,14,3,SATISFIED,1.1586,55653.0,8598.22
SAL-Ei-LM,bom_tubes_p40_ao14_am18_3_m12_ao14_am11_1,14,4,SATISFIED,1.1579,55669.0,8871.0
SAL-Ei-LM,bom_tubes_p40_ao14_am18_3_m12_ao14_am11_1,14,5,SATISFIED,1.1594,55692.0,8919.12
SAL-Ei-LM,bom_tubes_p40_ao14_am18_3_m12_ao14_am11_1,14,6,SATISFIED,1.1639,55684.0,8663.47
SAL-Ei-LM,bom_tubes_p40_ao14_am18_3_m12_ao14_am11_1,14,7,SATISFIED,1.1831,55688.0,8710.59
SAL-Ei-LM,bom_tubes_p40_ao14_am18_3_m12_ao14_am11_1,14,8,SATISFIED,1.1637,55744.0,8246.12
SAL-Ei-LM,bom_tubes_p40_ao14_am18_3_m12_ao14_am11_1,14,9,SATISFIED,1.164,55664.0,8290.12
SAL-Ei-LM,bom_tubes_p40_ao14_am18_3_m12_ao14_am11_1,14,10,SATISFIED,1.1732,55769.0,8560.84
SAL-Ei-LM,bom_tubes_p40_ao14_am18_3_m12_ao14_am12_2,14,1,SATISFIED,1.1695,32938.0,8889.31
SAL-Ei-LM,bom_tubes_p40_ao14_am18_3_m12_ao14_am12_2,14,2,SATISFIED,1.1644,32941.0,9248.19
SAL-Ei-LM,bom_tubes_p40_ao14_am18_3_m12_ao14_am12_2,14,3,SATISFIED,1.1645,32941.0,8792.28
SAL-Ei-LM,bom_tubes_p40_ao14_am18_3_m12_ao14_am12_2,14,4,SATISFIED,1.1684,32938.0,8888.06
SAL-Ei-LM,bom_tubes_p40_ao14_am18_3_m12_ao14_am12_2,14,5,SATISFIED,1.1626,32938.0,8778.44
SAL-Ei-LM,bom_tubes_p40_ao14_am18_3_m12_ao14_am12_2,14,6,SATISFIED,1.1648,32938.0,9003.72
SAL-Ei-LM,bom_tubes_p40_ao14_am18_3_m12_ao14_am12_2,14,7,SATISFIED,1.1672,32938.0,9076.09
SAL-Ei-LM,bom_tubes_p40_ao14_am18_3_m12_ao14_am12_2,14,8,SATISFIED,1.1668,32938.0,9199.72
SAL-Ei-LM,bom_tubes_p40_ao14_am18_3_m12_ao14_am12_2,14,9,SATISFIED,1.1596,32938.0,8676.41
SAL-Ei-LM,bom_tubes_p40_ao14_am18_3_m12_ao14_am12_2,14,10,SATISFIED,1.1613,32940.0,8743.78
SAL-Ei-LM,bom_tubes_p40_ao14_am18_3_m12_ao14_am12_3,14,1,SATISFIED,1.1566,20208.0,8005.38
SAL-Ei-LM,bom_tubes_p40_ao14_am18_3_m12_ao14_am12_3,14,2,SATISFIED,1.1626,19991.0,7955.53
SAL-Ei-LM,bom_tubes_p40_ao14_am18_3_m12_ao14_am12_3,14,3,SATISFIED,1.1597,20019.0,8060.41
SAL-Ei-LM,bom_tubes_p40_ao14_am18_3_m12_ao14_am12_3,14,4,SATISFIED,1.1627,20052.0,8184.25
SAL-Ei-LM,bom_tubes_p40_ao14_am18_3_m12_ao14_am12_3,14,5,SATISFIED,1.2936,19944.0,8071.16
SAL-Ei-LM,bom_tubes_p40_ao14_am18_3_m12_ao14_am12_3,14,6,SATISFIED,1.1541,20171.0,7202.88
SAL-Ei-LM,bom_tubes_p40_ao14_am18_3_m12_ao14_am12_3,14,7,SATISFIED,1.1673,19848.0,8118.03
SAL-Ei-LM,bom_tubes_p40_ao14_am18_3_m12_ao14_am12_3,14,8,SATISFIED,1.1638,19802.0,8503.03
SAL-Ei-LM,bom_tubes_p40_ao14_am18_3_m12_ao14_am12_3,14,9,SATISFIED,1.155,20322.0,8405.81
SAL-Ei-LM,bom_tubes_p40_ao14_am18_3_m12_ao14_am12_3,14,10,SATISFIED,1.16,19793.0,8333.81
SAL-Ei-LM,bom_tubes_p40_ao14_am18_3_m12_ao14_am12_4,14,1,SATISFIED,1.1569,17115.0,7822.31
SAL-Ei-LM,bom_tubes_p40_ao14_am18_3_m12_ao14_am12_4,14,2,SATISFIED,1.099,17096.0,7993.75
SAL-Ei-LM,bom_tubes_p40_ao14_am18_3_m12_ao14_am12_4,14,3,SATISFIED,1.1601,16965.0,8182.03
SAL-Ei-LM,bom_tubes_p40_ao14_am18_3_m12_ao14_am12_4,14,4,SATISFIED,1.115,17132.0,8165.5
SAL-Ei-LM,bom_tubes_p40_ao14_am18_3_m12_ao14_am12_4,14,5,SATISFIED,1.1712,17028.0,8203.22
SAL-Ei-LM,bom_tubes_p40_ao14_am18_3_m12_ao14_am12_4,14,6,SATISFIED,1.1636,16957.0,8404.28
SAL-Ei-LM,bom_tubes_p40_ao14_am18_3_m12_ao14_am12_4,14,7,SATISFIED,1.1676,16789.0,8434.28
SAL-Ei-LM,bom_tubes_p40_ao14_am18_3_m12_ao14_am12_4,14,8,SATISFIED,1.1648,16885.0,7975.44
SAL-Ei-LM,bom_tubes_p40_ao14_am18_3_m12_ao14_am12_4,14,9,SATISFIED,1.1894,17003.0,7710.88
SAL-Ei-LM,bom_tubes_p40_ao14_am18_3_m12_ao14_am12_4,14,10,SATISFIED,1.1389,16800.0,7796.75
SAL-Ei-LM,bom_tubes_p40_ao14_am18_3_m12_ao14_am12_5,14,1,SATISFIED,1.1938,56497.0,7438.62
SAL-Ei-LM,bom_tubes_p40_ao14_am18_3_m12_ao14_am12_5,14,2,SATISFIED,1.1805,57080.0,7637.03
SAL-Ei-LM,bom_tubes_p40_ao14_am18_3_m12_ao14_am12_5,14,3,SATISFIED,1.1857,56548.0,7834.88
SAL-Ei-LM,bom_tubes_p40_ao14_am18_3_m12_ao14_am12_5,14,4,SATISFIED,1.2137,55640.0,7888.0
SAL-Ei-LM,bom_tubes_p40_ao14_am18_3_m12_ao14_am12_5,14,5,SATISFIED,1.1521,55269.0,7637.41
SAL-Ei-LM,bom_tubes_p40_ao14_am18_3_m12_ao14_am12_5,14,6,SATISFIED,1.1631,56177.0,8004.88
SAL-Ei-LM,bom_tubes_p40_ao14_am18_3_m12_ao14_am12_5,14,7,SATISFIED,1.0981,56487.0,6450.91
SAL-Ei-LM,bom_tubes_p40_ao14_am18_3_m12_ao14_am12_5,14,8,SATISFIED,1.1602,56031.0,6281.56
SAL-Ei-LM,bom_tubes_p40_ao14_am18_3_m12_ao14_am12_5,14,9,SATISFIED,1.1654,55933.0,6662.44
SAL-Ei-LM,bom_tubes_p40_ao14_am18_3_m12_ao14_am12_5,14,10,SATISFIED,1.1771,56731.0,7555.03
SAL-Ei-LM,bom_tubes_p40_ao14_am18_3_m35_ao14_am21_5,14,1,SATISFIED,1.1587,34714.0,7336.84
SAL-Ei-LM,bom_tubes_p40_ao14_am18_3_m35_ao14_am21_5,14,2,SATISFIED,1.1598,34080.0,7513.22
SAL-Ei-LM,bom_tubes_p40_ao14_am18_3_m35_ao14_am21_5,14,3,SATISFIED,1.153,34222.0,7480.56
SAL-Ei-LM,bom_tubes_p40_ao14_am18_3_m35_ao14_am21_5,14,4,SATISFIED,1.1529,34152.0,7491.91
SAL-Ei-LM,bom_tubes_p40_ao14_am18_3_m35_ao14_am21_5,14,5,SATISFIED,1.1479,33986.0,7652.56
SAL-Ei-LM,bom_tubes_p40_ao14_am18_3_m35_ao14_am21_5,14,6,SATISFIED,1.1482,34666.0,7661.81
SAL-Ei-LM,bom_tubes_p40_ao14_am18_3_m35_ao14_am21_5,14,7,SATISFIED,1.1652,34253.0,7534.88
SAL-Ei-LM,bom_tubes_p40_ao14_am18_3_m35_ao14_am21_5,14,8,SATISFIED,1.1573,33919.0,7540.22
SAL-Ei-LM,bom_tubes_p40_ao14_am18_3_m35_ao14_am21_5,14,9,SATISFIED,1.159,34331.0,7346.78
SAL-Ei-LM,bom_tubes_p40_ao14_am18_3_m35_ao14_am21_5,14,10,SATISFIED,1.2882,34543.0,7246.81
SAL-Ei-LM,bom_tubes_p40_ao14_am18_3_m35_ao14_am24_2,14,1,SATISFIED,1.154,26158.0,6425.69
SAL-Ei-LM,bom_tubes_p40_ao14_am18_3_m35_ao14_am24_2,14,2,SATISFIED,1.1724,26160.0,7325.5
SAL-Ei-LM,bom_tubes_p40_ao14_am18_3_m35_ao14_am24_2,14,3,SATISFIED,1.1667,26204.0,7742.5
SAL-Ei-LM,bom_tubes_p40_ao14_am18_3_m35_ao14_am24_2,14,4,SATISFIED,1.1636,26224.0,7879.91
SAL-Ei-LM,bom_tubes_p40_ao14_am18_3_m35_ao14_am24_2,14,5,SATISFIED,1.1355,26163.0,7979.81
SAL-Ei-LM,bom_tubes_p40_ao14_am18_3_m35_ao14_am24_2,14,6,SATISFIED,1.1687,25783.0,7998.5
SAL-Ei-LM,bom_tubes_p40_ao14_am18_3_m35_ao14_am24_2,14,7,SATISFIED,1.1709,25879.0,7920.69
SAL-Ei-LM,bom_tubes_p40_ao14_am18_3_m35_ao14_am24_2,14,8,SATISFIED,1.1782,26156.0,7966.81
SAL-Ei-LM,bom_tubes_p40_ao14_am18_3_m35_ao14_am24_2,14,9,SATISFIED,1.1689,26381.0,7935.22
SAL-Ei-LM,bom_tubes_p40_ao14_am18_3_m35_ao14_am24_2,14,10,SATISFIED,1.1633,26245.0,7916.53
SAL-Ei-LM,bom_tubes_p40_ao14_am18_3_m35_ao14_am24_3,14,1,SATISFIED,1.1078,43829.0,7845.19
SAL-Ei-LM,bom_tubes_p40_ao14_am18_3_m35_ao14_am24_3,14,2,SATISFIED,1.1652,43923.0,7160.09
SAL-Ei-LM,bom_tubes_p40_ao14_am18_3_m35_ao14_am24_3,14,3,SATISFIED,1.1573,43248.0,6876.84
SAL-Ei-LM,bom_tubes_p40_ao14_am18_3_m35_ao14_am24_3,14,4,SATISFIED,1.1517,43926.0,6841.06
SAL-Ei-LM,bom_tubes_p40_ao14_am18_3_m35_ao14_am24_3,14,5,SATISFIED,1.2148,43970.0,7117.38
SAL-Ei-LM,bom_tubes_p40_ao14_am18_3_m35_ao14_am24_3,14,6,SATISFIED,1.1513,43926.0,7126.22
SAL-Ei-LM,bom_tubes_p40_ao14_am18_3_m35_ao14_am24_3,14,7,SATISFIED,1.1615,42996.0,7558.84
SAL-Ei-LM,bom_tubes_p40_ao14_am18_3_m35_ao14_am24_3,14,8,SATISFIED,1.1559,43757.0,7652.19
SAL-Ei-LM,bom_tubes_p40_ao14_am18_3_m35_ao14_am24_3,14,9,SATISFIED,1.1534,44380.0,7582.0
SAL-Ei-LM,bom_tubes_p40_ao14_am18_3_m35_ao14_am24_3,14,10,SATISFIED,1.156,43789.0,7277.94
SAL-Ei-LM,bom_tubes_p40_ao14_am18_3_m35_ao14_am24_4,14,1,SATISFIED,1.1599,17478.0,6906.47
SAL-Ei-LM,bom_tubes_p40_ao14_am18_3_m35_ao14_am24_4,14,2,SATISFIED,1.1576,17652.0,7132.91
SAL-Ei-LM,bom_tubes_p40_ao14_am18_3_m35_ao14_am24_4,14,3,SATISFIED,1.1488,17482.0,7063.81
SAL-Ei-LM,bom_tubes_p40_ao14_am18_3_m35_ao14_am24_4,14,4,SATISFIED,1.1508,17567.0,7437.5
SAL-Ei-LM,bom_tubes_p40_ao14_am18_3_m35_ao14_am24_4,14,5,SATISFIED,1.1506,17526.0,7369.16
SAL-Ei-LM,bom_tubes_p40_ao14_am18_3_m35_ao14_am24_4,14,6,SATISFIED,1.1645,17200.0,7518.75
SAL-Ei-LM,bom_tubes_p40_ao14_am18_3_m35_ao14_am24_4,14,7,SATISFIED,1.1568,17912.0,7286.25
SAL-Ei-LM,bom_tubes_p40_ao14_am18_3_m35_ao14_am24_4,14,8,SATISFIED,1.1518,17442.0,7605.0
SAL-Ei-LM,bom_tubes_p40_ao14_am18_3_m35_ao14_am24_4,14,9,SATISFIED,1.2699,17596.0,7442.84
SAL-Ei-LM,bom_tubes_p40_ao14_am18_3_m35_ao14_am24_4,14,10,SATISFIED,1.1465,17630.0,6802.94
SAL-Ei-LM,bom_tubes_p40_ao14_am18_3_m35_ao14_am26_1,14,1,SATISFIED,1.1527,40639.0,7194.62
SAL-Ei-LM,bom_tubes_p40_ao14_am18_3_m35_ao14_am26_1,14,2,SATISFIED,1.1492,40291.0,7352.19
SAL-Ei-LM,bom_tubes_p40_ao14_am18_3_m35_ao14_am26_1,14,3,SATISFIED,1.1544,40489.0,7539.31
SAL-Ei-LM,bom_tubes_p40_ao14_am18_3_m35_ao14_am26_1,14,4,SATISFIED,1.1604,40553.0,7660.19
SAL-Ei-LM,bom_tubes_p40_ao14_am18_3_m35_ao14_am26_1,14,5,SATISFIED,1.0976,40291.0,7712.31
SAL-Ei-LM,bom_tubes_p40_ao14_am18_3_m35_ao14_am26_1,14,6,SATISFIED,1.101,39833.0,7746.66
SAL-Ei-LM,bom_tubes_p40_ao14_am18_3_m35_ao14_am26_1,14,7,SATISFIED,1.0949,39739.0,7783.84
SAL-Ei-LM,bom_tubes_p40_ao14_am18_3_m35_ao14_am26_1,14,8,SATISFIED,1.0925,40058.0,7947.09
SAL-Ei-LM,bom_tubes_p40_ao14_am18_3_m35_ao14_am26_1,14,9,SATISFIED,1.0927,39995.0,7726.47
SAL-Ei-LM,bom_tubes_p40_ao14_am18_3_m35_ao14_am26_1,14,10,SATISFIED,1.0899,39588.0,7531.38
SAL-Ei-LM,bom_tubes_p40_ao14_am18_4,14,1,SATISFIED,1.1484,36746.0,10684.59
SAL-Ei-LM,bom_tubes_p40_ao14_am18_4,14,2,SATISFIED,1.1073,36722.0,10765.62
SAL-Ei-LM,bom_tubes_p40_ao14_am18_4,14,3,SATISFIED,1.1618,37370.0,10890.19
SAL-Ei-LM,bom_tubes_p40_ao14_am18_4,14,4,SATISFIED,1.2789,36722.0,10894.91
SAL-Ei-LM,bom_tubes_p40_ao14_am18_4,14,5,SATISFIED,1.1481,36794.0,10021.56
SAL-Ei-LM,bom_tubes_p40_ao14_am18_4,14,6,SATISFIED,1.1587,36842.0,10856.91
SAL-Ei-LM,bom_tubes_p40_ao14_am18_4,14,7,SATISFIED,1.1508,36878.0,11094.19
SAL-Ei-LM,bom_tubes_p40_ao14_am18_4,14,8,SATISFIED,1.1531,37530.0,11312.75
SAL-Ei-LM,bom_tubes_p40_ao14_am18_4,14,9,SATISFIED,1.1515,36722.0,10674.53
SAL-Ei-LM,bom_tubes_p40_ao14_am18_4,14,10,SATISFIED,1.1567,36794.0,10956.06
SAL-Ei-LM,bom_tubes_p40_ao14_am18_4_m12_ao14_am11_2,14,1,SATISFIED,1.159,172806.0,9954.22
SAL-Ei-LM,bom_tubes_p40_ao14_am18_4_m12_ao14_am11_2,14,2,SATISFIED,1.155,172839.0,10039.56
SAL-Ei-LM,bom_tubes_p40_ao14_am18_4_m12_ao14_am11_2,14,3,SATISFIED,1.1514,172871.0,10189.53
SAL-Ei-LM,bom_tubes_p40_ao14_am18_4_m12_ao14_am11_2,14,4,SATISFIED,1.0966,172826.0,10525.78
SAL-Ei-LM,bom_tubes_p40_ao14_am18_4_m12_ao14_am11_2,14,5,SATISFIED,1.0951,172807.0,10380.03
SAL-Ei-LM,bom_tubes_p40_ao14_am18_4_m12_ao14_am11_2,14,6,SATISFIED,1.1074,172813.0,10133.31
SAL-Ei-LM,bom_tubes_p40_ao14_am18_4_m12_ao14_am11_2,14,7,SATISFIED,1.0971,172798.0,10166.78
SAL-Ei-LM,bom_tubes_p40_ao14_am18_4_m12_ao14_am11_2,14,8,SATISFIED,1.0906,172817.0,10118.78
SAL-Ei-LM,bom_tubes_p40_ao14_am18_4_m12_ao14_am11_2,14,9,SATISFIED,1.1586,172796.0,10143.41
SAL-Ei-LM,bom_tubes_p40_ao14_am18_4_m12_ao14_am11_2,14,10,SATISFIED,1.1586,172820.0,10069.28
SAL-Ei-LM,bom_tubes_p40_ao14_am18_4_m12_ao14_am12_1,14,1,SATISFIED,1.1615,69025.0,8933.72
SAL-Ei-LM,bom_tubes_p40_ao14_am18_4_m12_ao14_am12_1,14,2,SATISFIED,1.2552,68827.0,9067.41
SAL-Ei-LM,bom_tubes_p40_ao14_am18_4_m12_ao14_am12_1,14,3,SATISFIED,1.1552,68839.0,8142.25
SAL-Ei-LM,bom_tubes_p40_ao14_am18_4_m12_ao14_am12_1,14,4,SATISFIED,1.156,68933.0,8562.47
SAL-Ei-LM,bom_tubes_p40_ao14_am18_4_m12_ao14_am12_1,14,5,SATISFIED,1.1638,68971.0,8894.0
SAL-Ei-LM,bom_tubes_p40_ao14_am18_4_m12_ao14_am12_1,14,6,SATISFIED,1.1647,68807.0,8952.41
SAL-Ei-LM,bom_tubes_p40_ao14_am18_4_m12_ao14_am12_1,14,7,SATISFIED,1.1681,69047.0,9178.78
SAL-Ei-LM,bom_tubes_p40_ao14_am18_4_m12_ao14_am12_1,14,8,SATISFIED,1.169,68907.0,9144.03
SAL-Ei-LM,bom_tubes_p40_ao14_am18_4_m12_ao14_am12_1,14,9,SATISFIED,1.1659,68927.0,9218.0
SAL-Ei-LM,bom_tubes_p40_ao14_am18_4_m12_ao14_am12_1,14,10,SATISFIED,1.1649,69007.0,9284.31
SAL-Ei-LM,bom_tubes_p40_ao14_am18_4_m12_ao14_am12_3,14,1,SATISFIED,1.1698,19622.0,8153.31
SAL-Ei-LM,bom_tubes_p40_ao14_am18_4_m12_ao14_am12_3,14,2,SATISFIED,1.1603,19635.0,8280.0
SAL-Ei-LM,bom_tubes_p40_ao14_am18_4_m12_ao14_am12_3,14,3,SATISFIED,1.16,19635.0,8270.06
SAL-Ei-LM,bom_tubes_p40_ao14_am18_4_m12_ao14_am12_3,14,4,SATISFIED,1.1644,19664.0,8445.16
SAL-Ei-LM,bom_tubes_p40_ao14_am18_4_m12_ao14_am12_3,14,5,SATISFIED,1.1606,19617.0,8450.0
SAL-Ei-LM,bom_tubes_p40_ao14_am18_4_m12_ao14_am12_3,14,6,SATISFIED,1.1629,19614.0,8074.84
SAL-Ei-LM,bom_tubes_p40_ao14_am18_4_m12_ao14_am12_3,14,7,SATISFIED,1.1639,19617.0,8020.28
SAL-Ei-LM,bom_tubes_p40_ao14_am18_4_m12_ao14_am12_3,14,8,SATISFIED,1.1639,19619.0,8000.47
SAL-Ei-LM,bom_tubes_p40_ao14_am18_4_m12_ao14_am12_3,14,9,SATISFIED,1.1588,19629.0,8084.78
SAL-Ei-LM,bom_tubes_p40_ao14_am18_4_m12_ao14_am12_3,14,10,SATISFIED,1.1642,19617.0,8116.53
SAL-Ei-LM,bom_tubes_p40_ao14_am18_4_m12_ao14_am12_4,14,1,SATISFIED,1.1631,199050.0,9452.25
SAL-Ei-LM,bom_tubes_p40_ao14_am18_4_m12_ao14_am12_4,14,2,SATISFIED,1.1613,199050.0,9533.78
SAL-Ei-LM,bom_tubes_p40_ao14_am18_4_m12_ao14_am12_4,14,3,SATISFIED,1.2233,199050.0,9392.06
SAL-Ei-LM,bom_tubes_p40_ao14_am18_4_m12_ao14_am12_4,14,4,SATISFIED,1.1633,199050.0,9250.62
SAL-Ei-LM,bom_tubes_p40_ao14_am18_4_m12_ao14_am12_4,14,5,SATISFIED,1.1592,199050.0,9330.47
SAL-Ei-LM,bom_tubes_p40_ao14_am18_4_m12_ao14_am12_4,14,6,SATISFIED,1.1569,199050.0,9313.06
SAL-Ei-LM,bom_tubes_p40_ao14_am18_4_m12_ao14_am12_4,14,7,SATISFIED,1.1629,199050.0,9203.06
SAL-Ei-LM,bom_tubes_p40_ao14_am18_4_m12_ao14_am12_4,14,8,SATISFIED,1.1614,199050.0,9414.28
SAL-Ei-LM,bom_tubes_p40_ao14_am18_4_m12_ao14_am12_4,14,9,SATISFIED,1.1586,199050.0,9524.41
SAL-Ei-LM,bom_tubes_p40_ao14_am18_4_m12_ao14_am12_4,14,10,SATISFIED,1.1636,199050.0,9502.81
SAL-Ei-LM,bom_tubes_p40_ao14_am18_4_m12_ao14_am12_5,14,1,SATISFIED,1.151,14381.0,8527.34
SAL-Ei-LM,bom_tubes_p40_ao14_am18_4_m12_ao14_am12_5,14,2,SATISFIED,1.2669,14501.0,7599.12
SAL-Ei-LM,bom_tubes_p40_ao14_am18_4_m12_ao14_am12_5,14,3,SATISFIED,1.1539,14305.0,7636.47
SAL-Ei-LM,bom_tubes_p40_ao14_am18_4_m12_ao14_am12_5,14,4,SATISFIED,1.1608,14667.0,7684.91
SAL-Ei-LM,bom_tubes_p40_ao14_am18_4_m12_ao14_am12_5,14,5,SATISFIED,1.1132,14565.0,8100.06
SAL-Ei-LM,bom_tubes_p40_ao14_am18_4_m12_ao14_am12_5,14,6,SATISFIED,1.1011,14488.0,8246.88
SAL-Ei-LM,bom_tubes_p40_ao14_am18_4_m12_ao14_am12_5,14,7,SATISFIED,1.1702,14360.0,8464.69
SAL-Ei-LM,bom_tubes_p40_ao14_am18_4_m12_ao14_am12_5,14,8,SATISFIED,1.1589,14611.0,8094.34
SAL-Ei-LM,bom_tubes_p40_ao14_am18_4_m12_ao14_am12_5,14,9,SATISFIED,1.171,14499.0,7954.81
SAL-Ei-LM,bom_tubes_p40_ao14_am18_4_m12_ao14_am12_5,14,10,SATISFIED,1.1682,14618.0,7921.97
SAL-Ei-LM,bom_tubes_p40_ao14_am18_4_m35_ao14_am24_2,14,1,SATISFIED,1.2713,48534.0,7485.81
SAL-Ei-LM,bom_tubes_p40_ao14_am18_4_m35_ao14_am24_2,14,2,SATISFIED,1.173,48005.0,6703.28
SAL-Ei-LM,bom_tubes_p40_ao14_am18_4_m35_ao14_am24_2,14,3,SATISFIED,1.1608,48694.0,7557.0
SAL-Ei-LM,bom_tubes_p40_ao14_am18_4_m35_ao14_am24_2,14,4,SATISFIED,1.1648,48015.0,7850.84
SAL-Ei-LM,bom_tubes_p40_ao14_am18_4_m35_ao14_am24_2,14,5,SATISFIED,1.1642,46962.0,7778.38
SAL-Ei-LM,bom_tubes_p40_ao14_am18_4_m35_ao14_am24_2,14,6,SATISFIED,1.1764,50777.0,7678.78
SAL-Ei-LM,bom_tubes_p40_ao14_am18_4_m35_ao14_am24_2,14,7,SATISFIED,1.1665,47245.0,7379.34
SAL-Ei-LM,bom_tubes_p40_ao14_am18_4_m35_ao14_am24_2,14,8,SATISFIED,1.1642,48847.0,7239.94
SAL-Ei-LM,bom_tubes_p40_ao14_am18_4_m35_ao14_am24_2,14,9,SATISFIED,1.166,47364.0,7153.31
SAL-Ei-LM,bom_tubes_p40_ao14_am18_4_m35_ao14_am24_2,14,10,SATISFIED,1.1799,48474.0,7366.41
SAL-Ei-LM,bom_tubes_p40_ao14_am18_4_m35_ao14_am24_5,14,1,SATISFIED,1.1784,16173.0,7169.03
SAL-Ei-LM,bom_tubes_p40_ao14_am18_4_m35_ao14_am24_5,14,2,SATISFIED,1.164,16179.0,7489.31
SAL-Ei-LM,bom_tubes_p40_ao14_am18_4_m35_ao14_am24_5,14,3,SATISFIED,1.1649,16174.0,7362.75
SAL-Ei-LM,bom_tubes_p40_ao14_am18_4_m35_ao14_am24_5,14,4,SATISFIED,1.1586,16137.0,7283.53
SAL-Ei-LM,bom_tubes_p40_ao14_am18_4_m35_ao14_am24_5,14,5,SATISFIED,1.1803,16109.0,7379.53
SAL-Ei-LM,bom_tubes_p40_ao14_am18_4_m35_ao14_am24_5,14,6,SATISFIED,1.2485,16141.0,7522.78
SAL-Ei-LM,bom_tubes_p40_ao14_am18_4_m35_ao14_am24_5,14,7,SATISFIED,1.1544,16293.0,7104.12
SAL-Ei-LM,bom_tubes_p40_ao14_am18_4_m35_ao14_am24_5,14,8,SATISFIED,1.1589,16213.0,7435.06
SAL-Ei-LM,bom_tubes_p40_ao14_am18_4_m35_ao14_am24_5,14,9,SATISFIED,1.156,16257.0,7316.34
SAL-Ei-LM,bom_tubes_p40_ao14_am18_4_m35_ao14_am24_5,14,10,SATISFIED,1.1636,15902.0,7305.31
SAL-Ei-LM,bom_tubes_p40_ao14_am18_4_m35_ao14_am26_3,14,1,SATISFIED,1.1639,19759.0,7193.59
SAL-Ei-LM,bom_tubes_p40_ao14_am18_4_m35_ao14_am26_3,14,2,SATISFIED,1.1638,19881.0,6963.03
SAL-Ei-LM,bom_tubes_p40_ao14_am18_4_m35_ao14_am26_3,14,3,SATISFIED,1.1666,20079.0,7151.78
SAL-Ei-LM,bom_tubes_p40_ao14_am18_4_m35_ao14_am26_3,14,4,SATISFIED,1.1714,20105.0,7181.53
SAL-Ei-LM,bom_tubes_p40_ao14_am18_4_m35_ao14_am26_3,14,5,SATISFIED,1.1906,19749.0,7262.12
SAL-Ei-LM,bom_tubes_p40_ao14_am18_4_m35_ao14_am26_3,14,6,SATISFIED,1.1763,19913.0,7435.88
SAL-Ei-LM,bom_tubes_p40_ao14_am18_4_m35_ao14_am26_3,14,7,SATISFIED,1.2043,20017.0,7490.59
SAL-Ei-LM,bom_tubes_p40_ao14_am18_4_m35_ao14_am26_3,14,8,SATISFIED,1.1811,20008.0,7464.59
SAL-Ei-LM,bom_tubes_p40_ao14_am18_4_m35_ao14_am26_3,14,9,SATISFIED,1.1649,19799.0,7580.34
SAL-Ei-LM,bom_tubes_p40_ao14_am18_4_m35_ao14_am26_3,14,10,SATISFIED,1.1643,19712.0,7693.75
SAL-Ei-LM,bom_tubes_p40_ao14_am18_4_m35_ao14_am26_4,14,1,SATISFIED,1.2008,17306.0,7425.62
SAL-Ei-LM,bom_tubes_p40_ao14_am18_4_m35_ao14_am26_4,14,2,SATISFIED,1.1509,18178.0,7545.78
SAL-Ei-LM,bom_tubes_p40_ao14_am18_4_m35_ao14_am26_4,14,3,SATISFIED,1.1577,18050.0,7791.25
SAL-Ei-LM,bom_tubes_p40_ao14_am18_4_m35_ao14_am26_4,14,4,SATISFIED,1.1498,18197.0,7642.06
SAL-Ei-LM,bom_tubes_p40_ao14_am18_4_m35_ao14_am26_4,14,5,SATISFIED,1.1619,17903.0,7311.19
SAL-Ei-LM,bom_tubes_p40_ao14_am18_4_m35_ao14_am26_4,14,6,SATISFIED,1.1703,18069.0,6996.0
SAL-Ei-LM,bom_tubes_p40_ao14_am18_4_m35_ao14_am26_4,14,7,SATISFIED,1.1749,17561.0,7169.03
SAL-Ei-LM,bom_tubes_p40_ao14_am18_4_m35_ao14_am26_4,14,8,SATISFIED,1.1663,17968.0,7248.56
SAL-Ei-LM,bom_tubes_p40_ao14_am18_4_m35_ao14_am26_4,14,9,SATISFIED,1.1629,17497.0,7410.69
SAL-Ei-LM,bom_tubes_p40_ao14_am18_4_m35_ao14_am26_4,14,10,SATISFIED,1.1592,17868.0,7480.19
SAL-Ei-LM,bom_tubes_p40_ao14_am18_4_m35_ao14_am27_1,14,1,SATISFIED,1.1636,25869.0,7193.31
SAL-Ei-LM,bom_tubes_p40_ao14_am18_4_m35_ao14_am27_1,14,2,SATISFIED,1.1579,27149.0,7251.59
SAL-Ei-LM,bom_tubes_p40_ao14_am18_4_m35_ao14_am27_1,14,3,SATISFIED,1.1621,26496.0,7435.91
SAL-Ei-LM,bom_tubes_p40_ao14_am18_4_m35_ao14_am27_1,14,4,SATISFIED,1.0984,26923.0,7534.97
SAL-Ei-LM,bom_tubes_p40_ao14_am18_4_m35_ao14_am27_1,14,5,SATISFIED,1.1826,27186.0,7626.34
SAL-Ei-LM,bom_tubes_p40_ao14_am18_4_m35_ao14_am27_1,14,6,SATISFIED,1.1576,27103.0,7558.53
SAL-Ei-LM,bom_tubes_p40_ao14_am18_4_m35_ao14_am27_1,14,7,SATISFIED,1.1794,26419.0,7640.06
SAL-Ei-LM,bom_tubes_p40_ao14_am18_4_m35_ao14_am27_1,14,8,SATISFIED,1.1669,26613.0,7500.41
SAL-Ei-LM,bom_tubes_p40_ao14_am18_4_m35_ao14_am27_1,14,9,SATISFIED,1.1588,26785.0,7493.97
SAL-Ei-LM,bom_tubes_p40_ao14_am18_4_m35_ao14_am27_1,14,10,SATISFIED,1.1591,26942.0,7630.56
SAL-Ei-LM,bom_tubes_p40_ao14_am18_5,14,1,SATISFIED,1.157,607281.0,10590.66
SAL-Ei-LM,bom_tubes_p40_ao14_am18_5,14,2,SATISFIED,1.1639,607257.0,10347.31
SAL-Ei-LM,bom_tubes_p40_ao14_am18_5,14,3,SATISFIED,1.1571,607217.0,10331.53
SAL-Ei-LM,bom_tubes_p40_ao14_am18_5,14,4,SATISFIED,1.1661,607417.0,10399.53
SAL-Ei-LM,bom_tubes_p40_ao14_am18_5,14,5,SATISFIED,1.169,607385.0,10264.38
SAL-Ei-LM,bom_tubes_p40_ao14_am18_5,14,6,SATISFIED,1.1648,607465.0,10137.72
SAL-Ei-LM,bom_tubes_p40_ao14_am18_5,14,7,SATISFIED,1.1617,607161.0,10389.62
SAL-Ei-LM,bom_tubes_p40_ao14_am18_5,14,8,SATISFIED,1.1543,607537.0,10593.38
SAL-Ei-LM,bom_tubes_p40_ao14_am18_5,14,9,SATISFIED,1.1929,607209.0,10809.69
SAL-Ei-LM,bom_tubes_p40_ao14_am18_5,14,10,SATISFIED,1.2099,607397.0,10589.94
SAL-Ei-LM,bom_tubes_p40_ao14_am18_5_m12_ao14_am12_1,14,1,SATISFIED,1.1887,500380.0,8148.69
SAL-Ei-LM,bom_tubes_p40_ao14_am18_5_m12_ao14_am12_1,14,2,SATISFIED,1.1736,500288.0,8387.38
SAL-Ei-LM,bom_tubes_p40_ao14_am18_5_m12_ao14_am12_1,14,3,SATISFIED,1.1837,500332.0,8539.72
SAL-Ei-LM,bom_tubes_p40_ao14_am18_5_m12_ao14_am12_1,14,4,SATISFIED,1.1758,500359.0,8506.03
SAL-Ei-LM,bom_tubes_p40_ao14_am18_5_m12_ao14_am12_1,14,5,SATISFIED,1.1963,500312.0,8371.56
SAL-Ei-LM,bom_tubes_p40_ao14_am18_5_m12_ao14_am12_1,14,6,SATISFIED,1.1848,500356.0,8462.19
SAL-Ei-LM,bom_tubes_p40_ao14_am18_5_m12_ao14_am12_1,14,7,SATISFIED,1.1658,500354.0,8527.47
SAL-Ei-LM,bom_tubes_p40_ao14_am18_5_m12_ao14_am12_1,14,8,SATISFIED,1.1722,500506.0,8489.44
SAL-Ei-LM,bom_tubes_p40_ao14_am18_5_m12_ao14_am12_1,14,9,SATISFIED,1.168,500306.0,8107.38
SAL-Ei-LM,bom_tubes_p40_ao14_am18_5_m12_ao14_am12_1,14,10,SATISFIED,1.1609,500336.0,8142.84
SAL-Ei-LM,bom_tubes_p40_ao14_am18_5_m12_ao14_am12_2,14,1,SATISFIED,1.1639,543581.0,8686.56
SAL-Ei-LM,bom_tubes_p40_ao14_am18_5_m12_ao14_am12_2,14,2,SATISFIED,1.1561,546312.0,8769.41
SAL-Ei-LM,bom_tubes_p40_ao14_am18_5_m12_ao14_am12_2,14,3,SATISFIED,1.1582,547762.0,8871.25
SAL-Ei-LM,bom_tubes_p40_ao14_am18_5_m12_ao14_am12_2,14,4,SATISFIED,1.1577,539865.0,9000.72
SAL-Ei-LM,bom_tubes_p40_ao14_am18_5_m12_ao14_am12_2,14,5,SATISFIED,1.1499,541843.0,9074.28
SAL-Ei-LM,bom_tubes_p40_ao14_am18_5_m12_ao14_am12_2,14,6,SATISFIED,1.1564,551693.0,9149.0
SAL-Ei-LM,bom_tubes_p40_ao14_am18_5_m12_ao14_am12_2,14,7,SATISFIED,1.1642,542377.0,8975.5
SAL-Ei-LM,bom_tubes_p40_ao14_am18_5_m12_ao14_am12_2,14,8,SATISFIED,1.2653,543804.0,8924.12
SAL-Ei-LM,bom_tubes_p40_ao14_am18_5_m12_ao14_am12_2,14,9,SATISFIED,1.1546,546896.0,7749.94
SAL-Ei-LM,bom_tubes_p40_ao14_am18_5_m12_ao14_am12_2,14,10,SATISFIED,1.1689,541723.0,8062.66
SAL-Ei-LM,bom_tubes_p40_ao14_am18_5_m12_ao14_am12_3,14,1,SATISFIED,1.1616,686576.0,8083.09
SAL-Ei-LM,bom_tubes_p40_ao14_am18_5_m12_ao14_am12_3,14,2,SATISFIED,1.1597,686990.0,8419.09
SAL-Ei-LM,bom_tubes_p40_ao14_am18_5_m12_ao14_am12_3,14,3,SATISFIED,1.1572,686253.0,8961.44
SAL-Ei-LM,bom_tubes_p40_ao14_am18_5_m12_ao14_am12_3,14,4,SATISFIED,1.1568,686568.0,8841.53
SAL-Ei-LM,bom_tubes_p40_ao14_am18_5_m12_ao14_am12_3,14,5,SATISFIED,1.16,686984.0,8735.84
SAL-Ei-LM,bom_tubes_p40_ao14_am18_5_m12_ao14_am12_3,14,6,SATISFIED,1.1555,686911.0,8221.69
SAL-Ei-LM,bom_tubes_p40_ao14_am18_5_m12_ao14_am12_3,14,7,SATISFIED,1.1626,686566.0,8083.38
SAL-Ei-LM,bom_tubes_p40_ao14_am18_5_m12_ao14_am12_3,14,8,SATISFIED,1.1548,686823.0,8025.5
SAL-Ei-LM,bom_tubes_p40_ao14_am18_5_m12_ao14_am12_3,14,9,SATISFIED,1.1586,686418.0,8396.19
SAL-Ei-LM,bom_tubes_p40_ao14_am18_5_m12_ao14_am12_3,14,10,SATISFIED,1.1598,686453.0,8732.34
SAL-Ei-LM,bom_tubes_p40_ao14_am18_5_m12_ao14_am12_4,14,1,SATISFIED,1.1558,153530.0,9052.06
SAL-Ei-LM,bom_tubes_p40_ao14_am18_5_m12_ao14_am12_4,14,2,SATISFIED,1.2102,150732.0,6817.38
SAL-Ei-LM,bom_tubes_p40_ao14_am18_5_m12_ao14_am12_4,14,3,SATISFIED,1.2131,150033.0,6907.53
SAL-Ei-LM,bom_tubes_p40_ao14_am18_5_m12_ao14_am12_4,14,4,SATISFIED,1.1934,153032.0,7038.0
SAL-Ei-LM,bom_tubes_p40_ao14_am18_5_m12_ao14_am12_4,14,5,SATISFIED,1.1871,151288.0,7802.62
SAL-Ei-LM,bom_tubes_p40_ao14_am18_5_m12_ao14_am12_4,14,6,SATISFIED,1.21,147817.0,8314.97
SAL-Ei-LM,bom_tubes_p40_ao14_am18_5_m12_ao14_am12_4,14,7,SATISFIED,1.2507,155077.0,8459.75
SAL-Ei-LM,bom_tubes_p40_ao14_am18_5_m12_ao14_am12_4,14,8,SATISFIED,1.1719,149937.0,8028.81
SAL-Ei-LM,bom_tubes_p40_ao14_am18_5_m12_ao14_am12_4,14,9,SATISFIED,1.195,149491.0,8152.06
SAL-Ei-LM,bom_tubes_p40_ao14_am18_5_m12_ao14_am12_4,14,10,SATISFIED,1.1961,145934.0,8414.78
SAL-Ei-LM,bom_tubes_p40_ao14_am18_5_m12_ao14_am12_5,14,1,SATISFIED,1.183,222465.0,9169.59
SAL-Ei-LM,bom_tubes_p40_ao14_am18_5_m12_ao14_am12_5,14,2,SATISFIED,1.1809,222493.0,9219.72
SAL-Ei-LM,bom_tubes_p40_ao14_am18_5_m12_ao14_am12_5,14,3,SATISFIED,1.2059,222477.0,8794.16
SAL-Ei-LM,bom_tubes_p40_ao14_am18_5_m12_ao14_am12_5,14,4,SATISFIED,1.1894,222465.0,8627.69
SAL-Ei-LM,bom_tubes_p40_ao14_am18_5_m12_ao14_am12_5,14,5,SATISFIED,1.1608,222441.0,8848.5
SAL-Ei-LM,bom_tubes_p40_ao14_am18_5_m12_ao14_am12_5,14,6,SATISFIED,1.1469,222441.0,9235.81
SAL-Ei-LM,bom_tubes_p40_ao14_am18_5_m12_ao14_am12_5,14,7,SATISFIED,1.1649,222441.0,9577.06
SAL-Ei-LM,bom_tubes_p40_ao14_am18_5_m12_ao14_am12_5,14,8,SATISFIED,1.1708,222417.0,9550.44
SAL-Ei-LM,bom_tubes_p40_ao14_am18_5_m12_ao14_am12_5,14,9,SATISFIED,1.168,222417.0,9478.97
SAL-Ei-LM,bom_tubes_p40_ao14_am18_5_m12_ao14_am12_5,14,10,SATISFIED,1.1629,222429.0,9724.38
SAL-Ei-LM,bom_tubes_p40_ao14_am18_5_m35_ao14_am24_1,14,1,SATISFIED,1.1528,130205.0,7693.59
SAL-Ei-LM,bom_tubes_p40_ao14_am18_5_m35_ao14_am24_1,14,2,SATISFIED,1.1565,129891.0,7611.94
SAL-Ei-LM,bom_tubes_p40_ao14_am18_5_m35_ao14_am24_1,14,3,SATISFIED,1.1604,129953.0,7605.5
SAL-Ei-LM,bom_tubes_p40_ao14_am18_5_m35_ao14_am24_1,14,4,SATISFIED,1.1958,129414.0,7564.0
SAL-Ei-LM,bom_tubes_p40_ao14_am18_5_m35_ao14_am24_1,14,5,SATISFIED,1.1841,130619.0,7627.19
SAL-Ei-LM,bom_tubes_p40_ao14_am18_5_m35_ao14_am24_1,14,6,SATISFIED,1.1123,128143.0,7728.12
SAL-Ei-LM,bom_tubes_p40_ao14_am18_5_m35_ao14_am24_1,14,7,SATISFIED,1.1727,130717.0,7633.91
SAL-Ei-LM,bom_tubes_p40_ao14_am18_5_m35_ao14_am24_1,14,8,SATISFIED,1.1708,129724.0,7459.06
SAL-Ei-LM,bom_tubes_p40_ao14_am18_5_m35_ao14_am24_1,14,9,SATISFIED,1.1663,129117.0,7302.78
SAL-Ei-LM,bom_tubes_p40_ao14_am18_5_m35_ao14_am24_1,14,10,SATISFIED,1.1635,129349.0,7332.19
SAL-Ei-LM,bom_tubes_p40_ao14_am18_5_m35_ao14_am26_3,14,1,SATISFIED,1.1896,50280.0,7337.03
SAL-Ei-LM,bom_tubes_p40_ao14_am18_5_m35_ao14_am26_3,14,2,SATISFIED,1.1642,49697.0,7553.44
SAL-Ei-LM,bom_tubes_p40_ao14_am18_5_m35_ao14_am26_3,14,3,SATISFIED,1.1661,51324.0,7510.59
SAL-Ei-LM,bom_tubes_p40_ao14_am18_5_m35_ao14_am26_3,14,4,SATISFIED,1.1689,50602.0,7428.97
SAL-Ei-LM,bom_tubes_p40_ao14_am18_5_m35_ao14_am26_3,14,5,SATISFIED,1.1667,50723.0,7290.62
SAL-Ei-LM,bom_tubes_p40_ao14_am18_5_m35_ao14_am26_3,14,6,SATISFIED,1.1656,50228.0,7333.22
SAL-Ei-LM,bom_tubes_p40_ao14_am18_5_m35_ao14_am26_3,14,7,SATISFIED,1.1744,50948.0,7399.56
SAL-Ei-LM,bom_tubes_p40_ao14_am18_5_m35_ao14_am26_3,14,8,SATISFIED,1.1664,50087.0,7301.53
SAL-Ei-LM,bom_tubes_p40_ao14_am18_5_m35_ao14_am26_3,14,9,SATISFIED,1.2826,51129.0,7303.12
SAL-Ei-LM,bom_tubes_p40_ao14_am18_5_m35_ao14_am26_3,14,10,SATISFIED,1.166,51785.0,6357.31
SAL-Ei-LM,bom_tubes_p40_ao14_am18_5_m35_ao14_am26_4,14,1,SATISFIED,1.1669,74468.0,7166.81
SAL-Ei-LM,bom_tubes_p40_ao14_am18_5_m35_ao14_am26_4,14,2,SATISFIED,1.1759,74420.0,7471.66
SAL-Ei-LM,bom_tubes_p40_ao14_am18_5_m35_ao14_am26_4,14,3,SATISFIED,1.1674,76505.0,7584.47
SAL-Ei-LM,bom_tubes_p40_ao14_am18_5_m35_ao14_am26_4,14,4,SATISFIED,1.1777,74811.0,7424.22
SAL-Ei-LM,bom_tubes_p40_ao14_am18_5_m35_ao14_am26_4,14,5,SATISFIED,1.1738,75678.0,7338.22
SAL-Ei-LM,bom_tubes_p40_ao14_am18_5_m35_ao14_am26_4,14,6,SATISFIED,1.1771,73678.0,7437.78
SAL-Ei-LM,bom_tubes_p40_ao14_am18_5_m35_ao14_am26_4,14,7,SATISFIED,1.1639,74397.0,7473.97
SAL-Ei-LM,bom_tubes_p40_ao14_am18_5_m35_ao14_am26_4,14,8,SATISFIED,1.1618,72766.0,7557.31
SAL-Ei-LM,bom_tubes_p40_ao14_am18_5_m35_ao14_am26_4,14,9,SATISFIED,1.1641,74298.0,7510.88
SAL-Ei-LM,bom_tubes_p40_ao14_am18_5_m35_ao14_am26_4,14,10,SATISFIED,1.164,74539.0,7707.44
SAL-Ei-LM,bom_tubes_p40_ao14_am18_5_m35_ao14_am27_2,14,1,SATISFIED,1.1693,143937.0,7596.69
SAL-Ei-LM,bom_tubes_p40_ao14_am18_5_m35_ao14_am27_2,14,2,SATISFIED,1.1783,148367.0,6984.12
SAL-Ei-LM,bom_tubes_p40_ao14_am18_5_m35_ao14_am27_2,14,3,SATISFIED,1.3169,147858.0,6756.56
SAL-Ei-LM,bom_tubes_p40_ao14_am18_5_m35_ao14_am27_2,14,4,SATISFIED,1.1222,142398.0,6348.5
SAL-Ei-LM,bom_tubes_p40_ao14_am18_5_m35_ao14_am27_2,14,5,SATISFIED,1.1647,146802.0,7145.34
SAL-Ei-LM,bom_tubes_p40_ao14_am18_5_m35_ao14_am27_2,14,6,SATISFIED,1.1432,145480.0,7480.22
SAL-Ei-LM,bom_tubes_p40_ao14_am18_5_m35_ao14_am27_2,14,7,SATISFIED,1.1032,146614.0,7544.66
SAL-Ei-LM,bom_tubes_p40_ao14_am18_5_m35_ao14_am27_2,14,8,SATISFIED,1.1779,143963.0,7357.81
SAL-Ei-LM,bom_tubes_p40_ao14_am18_5_m35_ao14_am27_2,14,9,SATISFIED,1.177,138563.0,7163.16
SAL-Ei-LM,bom_tubes_p40_ao14_am18_5_m35_ao14_am27_2,14,10,SATISFIED,1.1757,151410.0,7328.44
SAL-Ei-LM,bom_tubes_p40_ao14_am18_5_m35_ao14_am27_5,14,1,SATISFIED,1.1695,149871.0,7704.78
SAL-Ei-LM,bom_tubes_p40_ao14_am18_5_m35_ao14_am27_5,14,2,SATISFIED,1.1782,149331.0,7886.19
SAL-Ei-LM,bom_tubes_p40_ao14_am18_5_m35_ao14_am27_5,14,3,SATISFIED,1.1711,149543.0,7726.47
SAL-Ei-LM,bom_tubes_p40_ao14_am18_5_m35_ao14_am27_5,14,4,SATISFIED,1.1729,151676.0,7437.28
SAL-Ei-LM,bom_tubes_p40_ao14_am18_5_m35_ao14_am27_5,14,5,SATISFIED,1.1986,149949.0,7336.47
SAL-Ei-LM,bom_tubes_p40_ao14_am18_5_m35_ao14_am27_5,14,6,SATISFIED,1.3411,149623.0,7293.94
SAL-Ei-LM,bom_tubes_p40_ao14_am18_5_m35_ao14_am27_5,14,7,SATISFIED,1.1905,149786.0,5508.88
SAL-Ei-LM,bom_tubes_p40_ao14_am18_5_m35_ao14_am27_5,14,8,SATISFIED,1.1959,149903.0,6554.59
SAL-Ei-LM,bom_tubes_p40_ao14_am18_5_m35_ao14_am27_5,14,9,SATISFIED,1.188,150255.0,7469.75
SAL-Ei-LM,bom_tubes_p40_ao14_am18_5_m35_ao14_am27_5,14,10,SATISFIED,1.1901,153541.0,7561.75
SAL-Ei-LM,bom_tubes_p50_ao15_am18_1,15,1,SATISFIED,1.1857,40111.0,10010.22
SAL-Ei-LM,bom_tubes_p50_ao15_am18_1,15,2,SATISFIED,1.1255,39945.0,10278.19
SAL-Ei-LM,bom_tubes_p50_ao15_am18_1,15,3,SATISFIED,1.1884,40249.0,10004.19
SAL-Ei-LM,bom_tubes_p50_ao15_am18_1,15,4,SATISFIED,1.1893,39841.0,9796.97
SAL-Ei-LM,bom_tubes_p50_ao15_am18_1,15,5,SATISFIED,1.2181,38155.0,9558.88
SAL-Ei-LM,bom_tubes_p50_ao15_am18_1,15,6,SATISFIED,1.1659,39524.0,9778.72
SAL-Ei-LM,bom_tubes_p50_ao15_am18_1,15,7,SATISFIED,1.1047,40344.0,10058.41
SAL-Ei-LM,bom_tubes_p50_ao15_am18_1,15,8,SATISFIED,1.1763,36815.0,9928.62
SAL-Ei-LM,bom_tubes_p50_ao15_am18_1,15,9,SATISFIED,1.1691,38633.0,9584.5
SAL-Ei-LM,bom_tubes_p50_ao15_am18_1,15,10,SATISFIED,1.1716,38885.0,9400.69
SAL-Ei-LM,bom_tubes_p50_ao15_am18_1_m10_ao15_am9_2,15,1,SATISFIED,1.1708,45591.0,10471.91
SAL-Ei-LM,bom_tubes_p50_ao15_am18_1_m10_ao15_am9_2,15,2,SATISFIED,1.2627,45535.0,10757.09
SAL-Ei-LM,bom_tubes_p50_ao15_am18_1_m10_ao15_am9_2,15,3,SATISFIED,1.1795,46124.0,9299.41
SAL-Ei-LM,bom_tubes_p50_ao15_am18_1_m10_ao15_am9_2,15,4,SATISFIED,1.1881,46586.0,9797.22
SAL-Ei-LM,bom_tubes_p50_ao15_am18_1_m10_ao15_am9_2,15,5,SATISFIED,1.108,45619.0,10156.19
SAL-Ei-LM,bom_tubes_p50_ao15_am18_1_m10_ao15_am9_2,15,6,SATISFIED,1.1707,45507.0,10459.53
SAL-Ei-LM,bom_tubes_p50_ao15_am18_1_m10_ao15_am9_2,15,7,SATISFIED,1.1704,45731.0,10760.41
SAL-Ei-LM,bom_tubes_p50_ao15_am18_1_m10_ao15_am9_2,15,8,SATISFIED,1.1711,45398.0,10975.97
SAL-Ei-LM,bom_tubes_p50_ao15_am18_1_m10_ao15_am9_2,15,9,SATISFIED,1.1748,45367.0,10775.66
SAL-Ei-LM,bom_tubes_p50_ao15_am18_1_m10_ao15_am9_2,15,10,SATISFIED,1.1721,45431.0,10787.44
SAL-Ei-LM,bom_tubes_p50_ao15_am18_1_m10_ao15_am9_5,15,1,SATISFIED,1.1697,47597.0,10768.69
SAL-Ei-LM,bom_tubes_p50_ao15_am18_1_m10_ao15_am9_5,15,2,SATISFIED,1.1721,47651.0,10731.97
SAL-Ei-LM,bom_tubes_p50_ao15_am18_1_m10_ao15_am9_5,15,3,SATISFIED,1.1739,47579.0,10462.03
SAL-Ei-LM,bom_tubes_p50_ao15_am18_1_m10_ao15_am9_5,15,4,SATISFIED,1.1608,47481.0,10332.31
SAL-Ei-LM,bom_tubes_p50_ao15_am18_1_m10_ao15_am9_5,15,5,SATISFIED,1.1622,47785.0,10325.72
SAL-Ei-LM,bom_tubes_p50_ao15_am18_1_m10_ao15_am9_5,15,6,SATISFIED,1.1584,47505.0,10433.28
SAL-Ei-LM,bom_tubes_p50_ao15_am18_1_m10_ao15_am9_5,15,7,SATISFIED,1.1918,47598.0,10366.69
SAL-Ei-LM,bom_tubes_p50_ao15_am18_1_m10_ao15_am9_5,15,8,SATISFIED,1.198,48179.0,9992.34
SAL-Ei-LM,bom_tubes_p50_ao15_am18_1_m10_ao15_am9_5,15,9,SATISFIED,1.1972,47848.0,9735.38
SAL-Ei-LM,bom_tubes_p50_ao15_am18_1_m10_ao15_am9_5,15,10,SATISFIED,1.1874,47619.0,10027.12
SAL-Ei-LM,bom_tubes_p50_ao15_am18_1_m10_ao15_am10_1,15,1,SATISFIED,1.184,115109.0,9420.16
SAL-Ei-LM,bom_tubes_p50_ao15_am18_1_m10_ao15_am10_1,15,2,SATISFIED,1.1758,115188.0,9744.81
SAL-Ei-LM,bom_tubes_p50_ao15_am18_1_m10_ao15_am10_1,15,3,SATISFIED,1.2252,115169.0,9793.22
SAL-Ei-LM,bom_tubes_p50_ao15_am18_1_m10_ao15_am10_1,15,4,SATISFIED,1.1523,115151.0,9483.19
SAL-Ei-LM,bom_tubes_p50_ao15_am18_1_m10_ao15_am10_1,15,5,SATISFIED,1.1558,115226.0,9779.25
SAL-Ei-LM,bom_tubes_p50_ao15_am18_1_m10_ao15_am10_1,15,6,SATISFIED,1.1601,115068.0,9516.44
SAL-Ei-LM,bom_tubes_p50_ao15_am18_1_m10_ao15_am10_1,15,7,SATISFIED,1.1638,115053.0,9614.91
SAL-Ei-LM,bom_tubes_p50_ao15_am18_1_m10_ao15_am10_1,15,8,SATISFIED,1.1596,115113.0,9993.78
SAL-Ei-LM,bom_tubes_p50_ao15_am18_1_m10_ao15_am10_1,15,9,SATISFIED,1.1626,115218.0,9986.91
SAL-Ei-LM,bom_tubes_p50_ao15_am18_1_m10_ao15_am10_1,15,10,SATISFIED,1.1633,115051.0,10077.53
SAL-Ei-LM,bom_tubes_p50_ao15_am18_1_m10_ao15_am10_3,15,1,SATISFIED,1.1611,19346.0,8258.91
SAL-Ei-LM,bom_tubes_p50_ao15_am18_1_m10_ao15_am10_3,15,2,SATISFIED,1.1624,19365.0,8251.84
SAL-Ei-LM,bom_tubes_p50_ao15_am18_1_m10_ao15_am10_3,15,3,SATISFIED,1.1622,19428.0,8461.22
SAL-Ei-LM,bom_tubes_p50_ao15_am18_1_m10_ao15_am10_3,15,4,SATISFIED,1.1186,19338.0,6868.69
SAL-Ei-LM,bom_tubes_p50_ao15_am18_1_m10_ao15_am10_3,15,5,SATISFIED,1.1806,19316.0,6502.16
SAL-Ei-LM,bom_tubes_p50_ao15_am18_1_m10_ao15_am10_3,15,6,SATISFIED,1.2088,19386.0,6809.09
SAL-Ei-LM,bom_tubes_p50_ao15_am18_1_m10_ao15_am10_3,15,7,SATISFIED,1.1894,19381.0,7495.75
SAL-Ei-LM,bom_tubes_p50_ao15_am18_1_m10_ao15_am10_3,15,8,SATISFIED,1.2037,19304.0,8065.91
SAL-Ei-LM,bom_tubes_p50_ao15_am18_1_m10_ao15_am10_3,15,9,SATISFIED,1.2001,19341.0,8351.03
SAL-Ei-LM,bom_tubes_p50_ao15_am18_1_m10_ao15_am10_3,15,10,SATISFIED,1.1982,19286.0,8282.06
SAL-Ei-LM,bom_tubes_p50_ao15_am18_1_m10_ao15_am10_4,15,1,SATISFIED,1.2065,33809.0,8594.69
SAL-Ei-LM,bom_tubes_p50_ao15_am18_1_m10_ao15_am10_4,15,2,SATISFIED,1.2136,33875.0,8348.72
SAL-Ei-LM,bom_tubes_p50_ao15_am18_1_m10_ao15_am10_4,15,3,SATISFIED,1.2284,33789.0,8267.38
SAL-Ei-LM,bom_tubes_p50_ao15_am18_1_m10_ao15_am10_4,15,4,SATISFIED,1.247,33951.0,8236.91
SAL-Ei-LM,bom_tubes_p50_ao15_am18_1_m10_ao15_am10_4,15,5,SATISFIED,1.1202,33885.0,7931.97
SAL-Ei-LM,bom_tubes_p50_ao15_am18_1_m10_ao15_am10_4,15,6,SATISFIED,1.1518,33919.0,7924.88
SAL-Ei-LM,bom_tubes_p50_ao15_am18_1_m10_ao15_am10_4,15,7,SATISFIED,1.1822,33787.0,8259.84
SAL-Ei-LM,bom_tubes_p50_ao15_am18_1_m10_ao15_am10_4,15,8,SATISFIED,1.1987,33831.0,8346.41
SAL-Ei-LM,bom_tubes_p50_ao15_am18_1_m10_ao15_am10_4,15,9,SATISFIED,1.1925,33854.0,8475.94
SAL-Ei-LM,bom_tubes_p50_ao15_am18_1_m10_ao15_am10_4,15,10,SATISFIED,1.1788,33785.0,8448.28
SAL-Ei-LM,bom_tubes_p50_ao15_am18_1_m25_ao15_am16_3,15,1,SATISFIED,1.1721,33667.0,9695.59
SAL-Ei-LM,bom_tubes_p50_ao15_am18_1_m25_ao15_am16_3,15,2,SATISFIED,1.1734,33673.0,9581.0
SAL-Ei-LM,bom_tubes_p50_ao15_am18_1_m25_ao15_am16_3,15,3,SATISFIED,1.1592,33665.0,9595.59
SAL-Ei-LM,bom_tubes_p50_ao15_am18_1_m25_ao15_am16_3,15,4,SATISFIED,1.1609,33673.0,9919.38
SAL-Ei-LM,bom_tubes_p50_ao15_am18_1_m25_ao15_am16_3,15,5,SATISFIED,1.1594,33669.0,9867.22
SAL-Ei-LM,bom_tubes_p50_ao15_am18_1_m25_ao15_am16_3,15,6,SATISFIED,1.1727,33675.0,9674.12
SAL-Ei-LM,bom_tubes_p50_ao15_am18_1_m25_ao15_am16_3,15,7,SATISFIED,1.1619,33671.0,9812.28
SAL-Ei-LM,bom_tubes_p50_ao15_am18_1_m25_ao15_am16_3,15,8,SATISFIED,1.1709,33681.0,10097.78
SAL-Ei-LM,bom_tubes_p50_ao15_am18_1_m25_ao15_am16_3,15,9,SATISFIED,1.1615,33685.0,9988.97
SAL-Ei-LM,bom_tubes_p50_ao15_am18_1_m25_ao15_am16_3,15,10,SATISFIED,1.151,33683.0,9277.47
SAL-Ei-LM,bom_tubes_p50_ao15_am18_1_m25_ao15_am17_1,15,1,SATISFIED,1.2663,54396.0,8404.91
SAL-Ei-LM,bom_tubes_p50_ao15_am18_1_m25_ao15_am17_1,15,2,SATISFIED,1.1496,53834.0,8017.94
SAL-Ei-LM,bom_tubes_p50_ao15_am18_1_m25_ao15_am17_1,15,3,SATISFIED,1.162,53786.0,8769.09
SAL-Ei-LM,bom_tubes_p50_ao15_am18_1_m25_ao15_am17_1,15,4,SATISFIED,1.1662,53793.0,8985.62
SAL-Ei-LM,bom_tubes_p50_ao15_am18_1_m25_ao15_am17_1,15,5,SATISFIED,1.1648,54922.0,9300.66
SAL-Ei-LM,bom_tubes_p50_ao15_am18_1_m25_ao15_am17_1,15,6,SATISFIED,1.1645,53673.0,9221.78
SAL-Ei-LM,bom_tubes_p50_ao15_am18_1_m25_ao15_am17_1,15,7,SATISFIED,1.1596,54156.0,9331.22
SAL-Ei-LM,bom_tubes_p50_ao15_am18_1_m25_ao15_am17_1,15,8,SATISFIED,1.1761,53414.0,9216.41
SAL-Ei-LM,bom_tubes_p50_ao15_am18_1_m25_ao15_am17_1,15,9,SATISFIED,1.1566,54760.0,9188.88
SAL-Ei-LM,bom_tubes_p50_ao15_am18_1_m25_ao15_am17_1,15,10,SATISFIED,1.157,54694.0,9394.94
SAL-Ei-LM,bom_tubes_p50_ao15_am18_1_m25_ao15_am17_5,15,1,SATISFIED,1.1585,31453.0,8713.16
SAL-Ei-LM,bom_tubes_p50_ao15_am18_1_m25_ao15_am17_5,15,2,SATISFIED,1.1629,31677.0,8840.78
SAL-Ei-LM,bom_tubes_p50_ao15_am18_1_m25_ao15_am17_5,15,3,SATISFIED,1.1581,31975.0,9020.75
SAL-Ei-LM,bom_tubes_p50_ao15_am18_1_m25_ao15_am17_5,15,4,SATISFIED,1.1563,31347.0,8820.03
SAL-Ei-LM,bom_tubes_p50_ao15_am18_1_m25_ao15_am17_5,15,5,SATISFIED,1.166,29724.0,8794.81
SAL-Ei-LM,bom_tubes_p50_ao15_am18_1_m25_ao15_am17_5,15,6,SATISFIED,1.1524,32321.0,8723.62
SAL-Ei-LM,bom_tubes_p50_ao15_am18_1_m25_ao15_am17_5,15,7,SATISFIED,1.1625,30503.0,8361.84
SAL-Ei-LM,bom_tubes_p50_ao15_am18_1_m25_ao15_am17_5,15,8,SATISFIED,1.1831,30039.0,8223.75
SAL-Ei-LM,bom_tubes_p50_ao15_am18_1_m25_ao15_am17_5,15,9,SATISFIED,1.1487,32130.0,8058.62
SAL-Ei-LM,bom_tubes_p50_ao15_am18_1_m25_ao15_am17_5,15,10,SATISFIED,1.1598,30344.0,8379.31
SAL-Ei-LM,bom_tubes_p50_ao15_am18_1_m25_ao15_am18_4,15,1,SATISFIED,1.1579,49295.0,9473.97
SAL-Ei-LM,bom_tubes_p50_ao15_am18_1_m25_ao15_am18_4,15,2,SATISFIED,1.1701,49295.0,9628.81
SAL-Ei-LM,bom_tubes_p50_ao15_am18_1_m25_ao15_am18_4,15,3,SATISFIED,1.1568,49295.0,9727.56
SAL-Ei-LM,bom_tubes_p50_ao15_am18_1_m25_ao15_am18_4,15,4,SATISFIED,1.1531,49295.0,9726.03
SAL-Ei-LM,bom_tubes_p50_ao15_am18_1_m25_ao15_am18_4,15,5,SATISFIED,1.1593,49295.0,9699.75
SAL-Ei-LM,bom_tubes_p50_ao15_am18_1_m25_ao15_am18_4,15,6,SATISFIED,1.1579,49295.0,9686.09
SAL-Ei-LM,bom_tubes_p50_ao15_am18_1_m25_ao15_am18_4,15,7,SATISFIED,1.1785,49295.0,9735.03
SAL-Ei-LM,bom_tubes_p50_ao15_am18_1_m25_ao15_am18_4,15,8,SATISFIED,1.1686,49295.0,9832.12
SAL-Ei-LM,bom_tubes_p50_ao15_am18_1_m25_ao15_am18_4,15,9,SATISFIED,1.176,49295.0,9589.78
SAL-Ei-LM,bom_tubes_p50_ao15_am18_1_m25_ao15_am18_4,15,10,SATISFIED,1.1708,49295.0,9542.94
SAL-Ei-LM,bom_tubes_p50_ao15_am18_1_m25_ao15_am20_2,15,1,SATISFIED,1.1716,144354.0,8353.94
SAL-Ei-LM,bom_tubes_p50_ao15_am18_1_m25_ao15_am20_2,15,2,SATISFIED,1.1757,144376.0,8440.84
SAL-Ei-LM,bom_tubes_p50_ao15_am18_1_m25_ao15_am20_2,15,3,SATISFIED,1.2041,144396.0,8230.06
SAL-Ei-LM,bom_tubes_p50_ao15_am18_1_m25_ao15_am20_2,15,4,SATISFIED,1.2035,144352.0,8338.31
SAL-Ei-LM,bom_tubes_p50_ao15_am18_1_m25_ao15_am20_2,15,5,SATISFIED,1.1861,144390.0,8404.19
SAL-Ei-LM,bom_tubes_p50_ao15_am18_1_m25_ao15_am20_2,15,6,SATISFIED,1.1705,144388.0,8489.34
SAL-Ei-LM,bom_tubes_p50_ao15_am18_1_m25_ao15_am20_2,15,7,SATISFIED,1.1336,144388.0,8288.5
SAL-Ei-LM,bom_tubes_p50_ao15_am18_1_m25_ao15_am20_2,15,8,SATISFIED,1.1692,144388.0,8411.03
SAL-Ei-LM,bom_tubes_p50_ao15_am18_1_m25_ao15_am20_2,15,9,SATISFIED,1.1657,144344.0,7651.38
SAL-Ei-LM,bom_tubes_p50_ao15_am18_1_m25_ao15_am20_2,15,10,SATISFIED,1.1712,144352.0,7788.03
SAL-Ei-LM,bom_tubes_p50_ao15_am18_2,15,1,SATISFIED,1.1668,40324.0,10452.47
SAL-Ei-LM,bom_tubes_p50_ao15_am18_2,15,2,SATISFIED,1.1578,40432.0,10673.69
SAL-Ei-LM,bom_tubes_p50_ao15_am18_2,15,3,SATISFIED,1.1668,40240.0,10784.06
SAL-Ei-LM,bom_tubes_p50_ao15_am18_2,15,4,SATISFIED,1.1585,40228.0,10747.28
SAL-Ei-LM,bom_tubes_p50_ao15_am18_2,15,5,SATISFIED,1.1724,40228.0,10842.16
SAL-Ei-LM,bom_tubes_p50_ao15_am18_2,15,6,SATISFIED,1.1634,41112.0,11123.16
SAL-Ei-LM,bom_tubes_p50_ao15_am18_2,15,7,SATISFIED,1.1695,40300.0,11335.19
SAL-Ei-LM,bom_tubes_p50_ao15_am18_2,15,8,SATISFIED,1.1696,40300.0,11294.38
SAL-Ei-LM,bom_tubes_p50_ao15_am18_2,15,9,SATISFIED,1.2448,40216.0,11439.19
SAL-Ei-LM,bom_tubes_p50_ao15_am18_2,15,10,SATISFIED,1.1638,40264.0,11039.97
SAL-Ei-LM,bom_tubes_p50_ao15_am18_2_m10_ao15_am9_1,15,1,SATISFIED,1.1745,56596.0,10476.19
SAL-Ei-LM,bom_tubes_p50_ao15_am18_2_m10_ao15_am9_1,15,2,SATISFIED,1.1826,56553.0,10553.62
SAL-Ei-LM,bom_tubes_p50_ao15_am18_2_m10_ao15_am9_1,15,3,SATISFIED,1.1744,56596.0,10601.25
SAL-Ei-LM,bom_tubes_p50_ao15_am18_2_m10_ao15_am9_1,15,4,SATISFIED,1.1766,56721.0,10780.75
SAL-Ei-LM,bom_tubes_p50_ao15_am18_2_m10_ao15_am9_1,15,5,SATISFIED,1.16,56522.0,10555.47
SAL-Ei-LM,bom_tubes_p50_ao15_am18_2_m10_ao15_am9_1,15,6,SATISFIED,1.1701,56522.0,10129.47
SAL-Ei-LM,bom_tubes_p50_ao15_am18_2_m10_ao15_am9_1,15,7,SATISFIED,1.1638,56729.0,10060.94
SAL-Ei-LM,bom_tubes_p50_ao15_am18_2_m10_ao15_am9_1,15,8,SATISFIED,1.1692,56522.0,10249.53
SAL-Ei-LM,bom_tubes_p50_ao15_am18_2_m10_ao15_am9_1,15,9,SATISFIED,1.1627,56637.0,10295.84
SAL-Ei-LM,bom_tubes_p50_ao15_am18_2_m10_ao15_am9_1,15,10,SATISFIED,1.1675,56609.0,10058.06
SAL-Ei-LM,bom_tubes_p50_ao15_am18_2_m10_ao15_am9_3,15,1,SATISFIED,1.1721,23073.0,9129.47
SAL-Ei-LM,bom_tubes_p50_ao15_am18_2_m10_ao15_am9_3,15,2,SATISFIED,1.1671,22974.0,9454.0
SAL-Ei-LM,bom_tubes_p50_ao15_am18_2_m10_ao15_am9_3,15,3,SATISFIED,1.1922,23203.0,9533.34
SAL-Ei-LM,bom_tubes_p50_ao15_am18_2_m10_ao15_am9_3,15,4,SATISFIED,1.1893,23120.0,9731.34
SAL-Ei-LM,bom_tubes_p50_ao15_am18_2_m10_ao15_am9_3,15,5,SATISFIED,1.2364,23055.0,9084.81
SAL-Ei-LM,bom_tubes_p50_ao15_am18_2_m10_ao15_am9_3,15,6,SATISFIED,1.1934,22889.0,8731.03
SAL-Ei-LM,bom_tubes_p50_ao15_am18_2_m10_ao15_am9_3,15,7,SATISFIED,1.219,22981.0,8908.53
SAL-Ei-LM,bom_tubes_p50_ao15_am18_2_m10_ao15_am9_3,15,8,SATISFIED,1.2231,22852.0,7640.69
SAL-Ei-LM,bom_tubes_p50_ao15_am18_2_m10_ao15_am9_3,15,9,SATISFIED,1.1685,23045.0,7468.66
SAL-Ei-LM,bom_tubes_p50_ao15_am18_2_m10_ao15_am9_3,15,10,SATISFIED,1.1821,23032.0,7636.69
SAL-Ei-LM,bom_tubes_p50_ao15_am18_2_m10_ao15_am9_4,15,1,SATISFIED,1.1894,20217.0,6667.03
SAL-Ei-LM,bom_tubes_p50_ao15_am18_2_m10_ao15_am9_4,15,2,SATISFIED,1.1908,20274.0,6649.19
SAL-Ei-LM,bom_tubes_p50_ao15_am18_2_m10_ao15_am9_4,15,3,SATISFIED,1.1703,20257.0,7100.31
SAL-Ei-LM,bom_tubes_p50_ao15_am18_2_m10_ao15_am9_4,15,4,SATISFIED,1.1794,20354.0,7428.72
SAL-Ei-LM,bom_tubes_p50_ao15_am18_2_m10_ao15_am9_4,15,5,SATISFIED,1.1223,20284.0,6581.88
SAL-Ei-LM,bom_tubes_p50_ao15_am18_2_m10_ao15_am9_4,15,6,SATISFIED,1.1899,20234.0,6389.66
SAL-Ei-LM,bom_tubes_p50_ao15_am18_2_m10_ao15_am9_4,15,7,SATISFIED,1.191,20261.0,6670.09
SAL-Ei-LM,bom_tubes_p50_ao15_am18_2_m10_ao15_am9_4,15,8,SATISFIED,1.2153,20274.0,7319.34
SAL-Ei-LM,bom_tubes_p50_ao15_am18_2_m10_ao15_am9_4,15,9,SATISFIED,1.2424,20314.0,7478.31
SAL-Ei-LM,bom_tubes_p50_ao15_am18_2_m10_ao15_am9_4,15,10,SATISFIED,1.1919,20234.0,7668.75
SAL-Ei-LM,bom_tubes_p50_ao15_am18_2_m10_ao15_am10_2,15,1,SATISFIED,1.2007,138291.0,9585.84
SAL-Ei-LM,bom_tubes_p50_ao15_am18_2_m10_ao15_am10_2,15,2,SATISFIED,1.1775,138412.0,9559.34
SAL-Ei-LM,bom_tubes_p50_ao15_am18_2_m10_ao15_am10_2,15,3,SATISFIED,1.1956,138395.0,9553.59
SAL-Ei-LM,bom_tubes_p50_ao15_am18_2_m10_ao15_am10_2,15,4,SATISFIED,1.1808,138468.0,9454.81
SAL-Ei-LM,bom_tubes_p50_ao15_am18_2_m10_ao15_am10_2,15,5,SATISFIED,1.1839,138412.0,9676.25
SAL-Ei-LM,bom_tubes_p50_ao15_am18_2_m10_ao15_am10_2,15,6,SATISFIED,1.1909,138456.0,9810.47
SAL-Ei-LM,bom_tubes_p50_ao15_am18_2_m10_ao15_am10_2,15,7,SATISFIED,1.218,138459.0,10111.94
SAL-Ei-LM,bom_tubes_p50_ao15_am18_2_m10_ao15_am10_2,15,8,SATISFIED,1.1781,138395.0,9920.47
SAL-Ei-LM,bom_tubes_p50_ao15_am18_2_m10_ao15_am10_2,15,9,SATISFIED,1.1775,138373.0,10470.03
SAL-Ei-LM,bom_tubes_p50_ao15_am18_2_m10_ao15_am10_2,15,10,SATISFIED,1.1838,138328.0,10344.91
SAL-Ei-LM,bom_tubes_p50_ao15_am18_2_m10_ao15_am10_5,15,1,SATISFIED,1.2038,34752.0,7067.94
SAL-Ei-LM,bom_tubes_p50_ao15_am18_2_m10_ao15_am10_5,15,2,SATISFIED,1.2142,34699.0,7072.44
SAL-Ei-LM,bom_tubes_p50_ao15_am18_2_m10_ao15_am10_5,15,3,SATISFIED,1.1813,34351.0,7764.16
SAL-Ei-LM,bom_tubes_p50_ao15_am18_2_m10_ao15_am10_5,15,4,SATISFIED,1.1779,34790.0,8338.56
SAL-Ei-LM,bom_tubes_p50_ao15_am18_2_m10_ao15_am10_5,15,5,SATISFIED,1.1869,34503.0,8949.53
SAL-Ei-LM,bom_tubes_p50_ao15_am18_2_m10_ao15_am10_5,15,6,SATISFIED,1.2047,34359.0,9108.75
SAL-Ei-LM,bom_tubes_p50_ao15_am18_2_m10_ao15_am10_5,15,7,SATISFIED,1.1695,34456.0,9268.25
SAL-Ei-LM,bom_tubes_p50_ao15_am18_2_m10_ao15_am10_5,15,8,SATISFIED,1.1845,34272.0,9498.31
SAL-Ei-LM,bom_tubes_p50_ao15_am18_2_m10_ao15_am10_5,15,9,SATISFIED,1.1809,34364.0,9723.97
SAL-Ei-LM,bom_tubes_p50_ao15_am18_2_m10_ao15_am10_5,15,10,SATISFIED,1.2001,34678.0,9822.06
SAL-Ei-LM,bom_tubes_p50_ao15_am18_2_m25_ao15_am12_3,15,1,SATISFIED,1.1965,26336.0,10231.66
SAL-Ei-LM,bom_tubes_p50_ao15_am18_2_m25_ao15_am12_3,15,2,SATISFIED,1.2177,26336.0,9874.22
SAL-Ei-LM,bom_tubes_p50_ao15_am18_2_m25_ao15_am12_3,15,3,SATISFIED,1.1681,26336.0,10305.47
SAL-Ei-LM,bom_tubes_p50_ao15_am18_2_m25_ao15_am12_3,15,4,SATISFIED,1.1735,26336.0,10200.56
SAL-Ei-LM,bom_tubes_p50_ao15_am18_2_m25_ao15_am12_3,15,5,SATISFIED,1.1758,26336.0,10337.03
SAL-Ei-LM,bom_tubes_p50_ao15_am18_2_m25_ao15_am12_3,15,6,SATISFIED,1.2359,26336.0,10538.34
SAL-Ei-LM,bom_tubes_p50_ao15_am18_2_m25_ao15_am12_3,15,7,SATISFIED,1.163,26336.0,10202.5
SAL-Ei-LM,bom_tubes_p50_ao15_am18_2_m25_ao15_am12_3,15,8,SATISFIED,1.1741,26336.0,10977.88
SAL-Ei-LM,bom_tubes_p50_ao15_am18_2_m25_ao15_am12_3,15,9,SATISFIED,1.166,26336.0,10444.56
SAL-Ei-LM,bom_tubes_p50_ao15_am18_2_m25_ao15_am12_3,15,10,SATISFIED,1.1711,26336.0,10304.03
SAL-Ei-LM,bom_tubes_p50_ao15_am18_2_m25_ao15_am16_5,15,1,SATISFIED,1.19,34306.0,8235.66
SAL-Ei-LM,bom_tubes_p50_ao15_am18_2_m25_ao15_am16_5,15,2,SATISFIED,1.1751,34346.0,8473.91
SAL-Ei-LM,bom_tubes_p50_ao15_am18_2_m25_ao15_am16_5,15,3,SATISFIED,1.1718,34346.0,8329.09
SAL-Ei-LM,bom_tubes_p50_ao15_am18_2_m25_ao15_am16_5,15,4,SATISFIED,1.1702,34346.0,8276.28
SAL-Ei-LM,bom_tubes_p50_ao15_am18_2_m25_ao15_am16_5,15,5,SATISFIED,1.114,34346.0,6356.84
SAL-Ei-LM,bom_tubes_p50_ao15_am18_2_m25_ao15_am16_5,15,6,SATISFIED,1.1718,34306.0,6126.5
SAL-Ei-LM,bom_tubes_p50_ao15_am18_2_m25_ao15_am16_5,15,7,SATISFIED,1.1739,34386.0,6469.25
SAL-Ei-LM,bom_tubes_p50_ao15_am18_2_m25_ao15_am16_5,15,8,SATISFIED,1.1748,34386.0,7321.44
SAL-Ei-LM,bom_tubes_p50_ao15_am18_2_m25_ao15_am16_5,15,9,SATISFIED,1.1894,34306.0,7636.94
SAL-Ei-LM,bom_tubes_p50_ao15_am18_2_m25_ao15_am16_5,15,10,SATISFIED,1.2024,34346.0,6968.94
SAL-Ei-LM,bom_tubes_p50_ao15_am18_2_m25_ao15_am17_1,15,1,SATISFIED,1.1963,31239.0,7600.44
SAL-Ei-LM,bom_tubes_p50_ao15_am18_2_m25_ao15_am17_1,15,2,SATISFIED,1.1776,30751.0,7727.56
SAL-Ei-LM,bom_tubes_p50_ao15_am18_2_m25_ao15_am17_1,15,3,SATISFIED,1.2456,30483.0,8533.09
SAL-Ei-LM,bom_tubes_p50_ao15_am18_2_m25_ao15_am17_1,15,4,SATISFIED,1.1709,30599.0,7976.09
SAL-Ei-LM,bom_tubes_p50_ao15_am18_2_m25_ao15_am17_1,15,5,SATISFIED,1.1928,31030.0,8455.59
SAL-Ei-LM,bom_tubes_p50_ao15_am18_2_m25_ao15_am17_1,15,6,SATISFIED,1.177,30783.0,8567.62
SAL-Ei-LM,bom_tubes_p50_ao15_am18_2_m25_ao15_am17_1,15,7,SATISFIED,1.1542,30750.0,8324.53
SAL-Ei-LM,bom_tubes_p50_ao15_am18_2_m25_ao15_am17_1,15,8,SATISFIED,1.1851,30755.0,8605.69
SAL-Ei-LM,bom_tubes_p50_ao15_am18_2_m25_ao15_am17_1,15,9,SATISFIED,1.1796,30750.0,8770.5
SAL-Ei-LM,bom_tubes_p50_ao15_am18_2_m25_ao15_am17_1,15,10,SATISFIED,1.1765,30475.0,8758.09
SAL-Ei-LM,bom_tubes_p50_ao15_am18_2_m25_ao15_am17_2,15,1,SATISFIED,1.2085,24934.0,7955.81
SAL-Ei-LM,bom_tubes_p50_ao15_am18_2_m25_ao15_am17_2,15,2,SATISFIED,1.171,24928.0,7920.84
SAL-Ei-LM,bom_tubes_p50_ao15_am18_2_m25_ao15_am17_2,15,3,SATISFIED,1.1471,24898.0,8142.75
SAL-Ei-LM,bom_tubes_p50_ao15_am18_2_m25_ao15_am17_2,15,4,SATISFIED,1.1629,24945.0,8739.34
SAL-Ei-LM,bom_tubes_p50_ao15_am18_2_m25_ao15_am17_2,15,5,SATISFIED,1.1838,24762.0,8321.44
SAL-Ei-LM,bom_tubes_p50_ao15_am18_2_m25_ao15_am17_2,15,6,SATISFIED,1.1681,24926.0,7942.0
SAL-Ei-LM,bom_tubes_p50_ao15_am18_2_m25_ao15_am17_2,15,7,SATISFIED,1.1741,24914.0,8230.12
SAL-Ei-LM,bom_tubes_p50_ao15_am18_2_m25_ao15_am17_2,15,8,SATISFIED,1.167,24893.0,8896.84
SAL-Ei-LM,bom_tubes_p50_ao15_am18_2_m25_ao15_am17_2,15,9,SATISFIED,1.1292,24856.0,9031.38
SAL-Ei-LM,bom_tubes_p50_ao15_am18_2_m25_ao15_am17_2,15,10,SATISFIED,1.1812,24901.0,9174.44
SAL-Ei-LM,bom_tubes_p50_ao15_am18_2_m25_ao15_am18_4,15,1,SATISFIED,1.1356,46845.0,8388.91
SAL-Ei-LM,bom_tubes_p50_ao15_am18_2_m25_ao15_am18_4,15,2,SATISFIED,1.1544,46854.0,8531.88
SAL-Ei-LM,bom_tubes_p50_ao15_am18_2_m25_ao15_am18_4,15,3,SATISFIED,1.1572,46854.0,8265.69
SAL-Ei-LM,bom_tubes_p50_ao15_am18_2_m25_ao15_am18_4,15,4,SATISFIED,1.1784,46854.0,7895.56
SAL-Ei-LM,bom_tubes_p50_ao15_am18_2_m25_ao15_am18_4,15,5,SATISFIED,1.1673,46854.0,7948.41
SAL-Ei-LM,bom_tubes_p50_ao15_am18_2_m25_ao15_am18_4,15,6,SATISFIED,1.1664,46845.0,8474.44
SAL-Ei-LM,bom_tubes_p50_ao15_am18_2_m25_ao15_am18_4,15,7,SATISFIED,1.1694,46856.0,8560.16
SAL-Ei-LM,bom_tubes_p50_ao15_am18_2_m25_ao15_am18_4,15,8,SATISFIED,1.1598,46856.0,8333.53
SAL-Ei-LM,bom_tubes_p50_ao15_am18_2_m25_ao15_am18_4,15,9,SATISFIED,1.1556,46854.0,8446.31
SAL-Ei-LM,bom_tubes_p50_ao15_am18_2_m25_ao15_am18_4,15,10,SATISFIED,1.1573,46854.0,8609.53
SAL-Ei-LM,bom_tubes_p50_ao15_am18_3,15,1,SATISFIED,1.153,344572.0,9866.88
SAL-Ei-LM,bom_tubes_p50_ao15_am18_3,15,2,SATISFIED,1.1545,344628.0,9817.16
SAL-Ei-LM,bom_tubes_p50_ao15_am18_3,15,3,SATISFIED,1.1516,344748.0,10122.38
SAL-Ei-LM,bom_tubes_p50_ao15_am18_3,15,4,SATISFIED,1.1548,344616.0,10126.31
SAL-Ei-LM,bom_tubes_p50_ao15_am18_3,15,5,SATISFIED,1.1568,344836.0,10133.75
SAL-Ei-LM,bom_tubes_p50_ao15_am18_3,15,6,SATISFIED,1.2131,344680.0,10270.72
SAL-Ei-LM,bom_tubes_p50_ao15_am18_3,15,7,SATISFIED,1.1474,344704.0,9944.41
SAL-Ei-LM,bom_tubes_p50_ao15_am18_3,15,8,SATISFIED,1.1547,344776.0,9956.78
SAL-Ei-LM,bom_tubes_p50_ao15_am18_3,15,9,SATISFIED,1.1592,344520.0,9536.09
SAL-Ei-LM,bom_tubes_p50_ao15_am18_3,15,10,SATISFIED,1.1624,344568.0,9618.44
SAL-Ei-LM,bom_tubes_p50_ao15_am18_3_m10_ao15_am8_1,15,1,SATISFIED,1.1619,97102.0,9193.28
SAL-Ei-LM,bom_tubes_p50_ao15_am18_3_m10_ao15_am8_1,15,2,SATISFIED,1.1403,96800.0,9622.72
SAL-Ei-LM,bom_tubes_p50_ao15_am18_3_m10_ao15_am8_1,15,3,SATISFIED,1.1939,97944.0,9608.97
SAL-Ei-LM,bom_tubes_p50_ao15_am18_3_m10_ao15_am8_1,15,4,SATISFIED,1.1664,97764.0,9594.94
SAL-Ei-LM,bom_tubes_p50_ao15_am18_3_m10_ao15_am8_1,15,5,SATISFIED,1.1657,98034.0,9846.28
SAL-Ei-LM,bom_tubes_p50_ao15_am18_3_m10_ao15_am8_1,15,6,SATISFIED,1.1641,97666.0,9848.44
SAL-Ei-LM,bom_tubes_p50_ao15_am18_3_m10_ao15_am8_1,15,7,SATISFIED,1.1587,98537.0,9800.72
SAL-Ei-LM,bom_tubes_p50_ao15_am18_3_m10_ao15_am8_1,15,8,SATISFIED,1.139,97904.0,9921.78
SAL-Ei-LM,bom_tubes_p50_ao15_am18_3_m10_ao15_am8_1,15,9,SATISFIED,1.1336,98413.0,7250.34
SAL-Ei-LM,bom_tubes_p50_ao15_am18_3_m10_ao15_am8_1,15,10,SATISFIED,1.2696,98318.0,7345.44
SAL-Ei-LM,bom_tubes_p50_ao15_am18_3_m10_ao15_am9_2,15,1,SATISFIED,1.1926,177807.0,7308.84
SAL-Ei-LM,bom_tubes_p50_ao15_am18_3_m10_ao15_am9_2,15,2,SATISFIED,1.1863,177969.0,8289.12
SAL-Ei-LM,bom_tubes_p50_ao15_am18_3_m10_ao15_am9_2,15,3,SATISFIED,1.1265,177899.0,9372.31
SAL-Ei-LM,bom_tubes_p50_ao15_am18_3_m10_ao15_am9_2,15,4,SATISFIED,1.1839,177686.0,9398.84
SAL-Ei-LM,bom_tubes_p50_ao15_am18_3_m10_ao15_am9_2,15,5,SATISFIED,1.3738,178099.0,9433.38
SAL-Ei-LM,bom_tubes_p50_ao15_am18_3_m10_ao15_am9_2,15,6,SATISFIED,1.1982,177761.0,6828.91
SAL-Ei-LM,bom_tubes_p50_ao15_am18_3_m10_ao15_am9_2,15,7,SATISFIED,1.1937,177479.0,7812.5
SAL-Ei-LM,bom_tubes_p50_ao15_am18_3_m10_ao15_am9_2,15,8,SATISFIED,1.1878,177831.0,9552.22
SAL-Ei-LM,bom_tubes_p50_ao15_am18_3_m10_ao15_am9_2,15,9,SATISFIED,1.1644,177903.0,9660.75
SAL-Ei-LM,bom_tubes_p50_ao15_am18_3_m10_ao15_am9_2,15,10,SATISFIED,1.1732,177633.0,9581.09
SAL-Ei-LM,bom_tubes_p50_ao15_am18_3_m10_ao15_am10_3,15,1,SATISFIED,1.1709,181664.0,8216.22
SAL-Ei-LM,bom_tubes_p50_ao15_am18_3_m10_ao15_am10_3,15,2,SATISFIED,1.1692,181726.0,8163.06
SAL-Ei-LM,bom_tubes_p50_ao15_am18_3_m10_ao15_am10_3,15,3,SATISFIED,1.169,181801.0,8111.44
SAL-Ei-LM,bom_tubes_p50_ao15_am18_3_m10_ao15_am10_3,15,4,SATISFIED,1.1725,181638.0,8451.34
SAL-Ei-LM,bom_tubes_p50_ao15_am18_3_m10_ao15_am10_3,15,5,SATISFIED,1.1673,181678.0,8657.47
SAL-Ei-LM,bom_tubes_p50_ao15_am18_3_m10_ao15_am10_3,15,6,SATISFIED,1.1706,181645.0,8539.62
SAL-Ei-LM,bom_tubes_p50_ao15_am18_3_m10_ao15_am10_3,15,7,SATISFIED,1.1692,181838.0,8611.94
SAL-Ei-LM,bom_tubes_p50_ao15_am18_3_m10_ao15_am10_3,15,8,SATISFIED,1.1699,181734.0,8458.53
SAL-Ei-LM,bom_tubes_p50_ao15_am18_3_m10_ao15_am10_3,15,9,SATISFIED,1.1604,181678.0,8794.72
SAL-Ei-LM,bom_tubes_p50_ao15_am18_3_m10_ao15_am10_3,15,10,SATISFIED,1.1743,181694.0,8734.34
SAL-Ei-LM,bom_tubes_p50_ao15_am18_3_m10_ao15_am10_4,15,1,SATISFIED,1.1756,151464.0,8889.38
SAL-Ei-LM,bom_tubes_p50_ao15_am18_3_m10_ao15_am10_4,15,2,SATISFIED,1.1686,151440.0,9032.91
SAL-Ei-LM,bom_tubes_p50_ao15_am18_3_m10_ao15_am10_4,15,3,SATISFIED,1.1654,151461.0,9259.56
SAL-Ei-LM,bom_tubes_p50_ao15_am18_3_m10_ao15_am10_4,15,4,SATISFIED,1.16,151528.0,9293.16
SAL-Ei-LM,bom_tubes_p50_ao15_am18_3_m10_ao15_am10_4,15,5,SATISFIED,1.1655,151470.0,9368.06
SAL-Ei-LM,bom_tubes_p50_ao15_am18_3_m10_ao15_am10_4,15,6,SATISFIED,1.2892,151444.0,9330.12
SAL-Ei-LM,bom_tubes_p50_ao15_am18_3_m10_ao15_am10_4,15,7,SATISFIED,1.1597,151232.0,8131.25
SAL-Ei-LM,bom_tubes_p50_ao15_am18_3_m10_ao15_am10_4,15,8,SATISFIED,1.1676,151452.0,8806.59
SAL-Ei-LM,bom_tubes_p50_ao15_am18_3_m10_ao15_am10_4,15,9,SATISFIED,1.1016,151560.0,8928.41
SAL-Ei-LM,bom_tubes_p50_ao15_am18_3_m10_ao15_am10_4,15,10,SATISFIED,1.1603,151434.0,8608.78
SAL-Ei-LM,bom_tubes_p50_ao15_am18_3_m10_ao15_am10_5,15,1,SATISFIED,1.1579,143417.0,11024.94
SAL-Ei-LM,bom_tubes_p50_ao15_am18_3_m10_ao15_am10_5,15,2,SATISFIED,1.1658,141626.0,11530.75
SAL-Ei-LM,bom_tubes_p50_ao15_am18_3_m10_ao15_am10_5,15,3,SATISFIED,1.1654,142145.0,11975.72
SAL-Ei-LM,bom_tubes_p50_ao15_am18_3_m10_ao15_am10_5,15,4,SATISFIED,1.1653,141633.0,12327.94
SAL-Ei-LM,bom_tubes_p50_ao15_am18_3_m10_ao15_am10_5,15,5,SATISFIED,1.1633,141990.0,12078.09
SAL-Ei-LM,bom_tubes_p50_ao15_am18_3_m10_ao15_am10_5,15,6,SATISFIED,1.1603,143148.0,12021.75
SAL-Ei-LM,bom_tubes_p50_ao15_am18_3_m10_ao15_am10_5,15,7,SATISFIED,1.16,141469.0,12208.25
SAL-Ei-LM,bom_tubes_p50_ao15_am18_3_m10_ao15_am10_5,15,8,SATISFIED,1.1633,142181.0,12303.28
SAL-Ei-LM,bom_tubes_p50_ao15_am18_3_m10_ao15_am10_5,15,9,SATISFIED,1.168,141994.0,12486.53
SAL-Ei-LM,bom_tubes_p50_ao15_am18_3_m10_ao15_am10_5,15,10,SATISFIED,1.1584,142460.0,12684.0
SAL-Ei-LM,bom_tubes_p50_ao15_am18_3_m25_ao15_am15_5,15,1,SATISFIED,1.1682,174757.0,9191.88
SAL-Ei-LM,bom_tubes_p50_ao15_am18_3_m25_ao15_am15_5,15,2,SATISFIED,1.1639,175635.0,9112.44
SAL-Ei-LM,bom_tubes_p50_ao15_am18_3_m25_ao15_am15_5,15,3,SATISFIED,1.1511,178366.0,8906.72
SAL-Ei-LM,bom_tubes_p50_ao15_am18_3_m25_ao15_am15_5,15,4,SATISFIED,1.1577,177199.0,9129.09
SAL-Ei-LM,bom_tubes_p50_ao15_am18_3_m25_ao15_am15_5,15,5,SATISFIED,1.2142,175852.0,8986.12
SAL-Ei-LM,bom_tubes_p50_ao15_am18_3_m25_ao15_am15_5,15,6,SATISFIED,1.1579,177620.0,8979.06
SAL-Ei-LM,bom_tubes_p50_ao15_am18_3_m25_ao15_am15_5,15,7,SATISFIED,1.169,177470.0,9107.47
SAL-Ei-LM,bom_tubes_p50_ao15_am18_3_m25_ao15_am15_5,15,8,SATISFIED,1.1599,174026.0,9379.34
SAL-Ei-LM,bom_tubes_p50_ao15_am18_3_m25_ao15_am15_5,15,9,SATISFIED,1.1642,174453.0,9090.66
SAL-Ei-LM,bom_tubes_p50_ao15_am18_3_m25_ao15_am15_5,15,10,SATISFIED,1.1644,174183.0,8930.34
SAL-Ei-LM,bom_tubes_p50_ao15_am18_3_m25_ao15_am17_1,15,1,SATISFIED,1.1574,288494.0,8744.06
SAL-Ei-LM,bom_tubes_p50_ao15_am18_3_m25_ao15_am17_1,15,2,SATISFIED,1.1508,288812.0,8637.56
SAL-Ei-LM,bom_tubes_p50_ao15_am18_3_m25_ao15_am17_1,15,3,SATISFIED,1.162,288592.0,8437.81
SAL-Ei-LM,bom_tubes_p50_ao15_am18_3_m25_ao15_am17_1,15,4,SATISFIED,1.1776,288924.0,8658.0
SAL-Ei-LM,bom_tubes_p50_ao15_am18_3_m25_ao15_am17_1,15,5,SATISFIED,1.1572,289030.0,8945.72
SAL-Ei-LM,bom_tubes_p50_ao15_am18_3_m25_ao15_am17_1,15,6,SATISFIED,1.1588,288656.0,9077.12
SAL-Ei-LM,bom_tubes_p50_ao15_am18_3_m25_ao15_am17_1,15,7,SATISFIED,1.1629,289060.0,9281.72
SAL-Ei-LM,bom_tubes_p50_ao15_am18_3_m25_ao15_am17_1,15,8,SATISFIED,1.1729,288920.0,8732.5
SAL-Ei-LM,bom_tubes_p50_ao15_am18_3_m25_ao15_am17_1,15,9,SATISFIED,1.1598,288756.0,8438.84
SAL-Ei-LM,bom_tubes_p50_ao15_am18_3_m25_ao15_am17_1,15,10,SATISFIED,1.1633,288724.0,8284.94
SAL-Ei-LM,bom_tubes_p50_ao15_am18_3_m25_ao15_am17_2,15,1,SATISFIED,1.1615,40496.0,8351.56
SAL-Ei-LM,bom_tubes_p50_ao15_am18_3_m25_ao15_am17_2,15,2,SATISFIED,1.1653,40450.0,8465.41
SAL-Ei-LM,bom_tubes_p50_ao15_am18_3_m25_ao15_am17_2,15,3,SATISFIED,1.1923,40462.0,8648.44
SAL-Ei-LM,bom_tubes_p50_ao15_am18_3_m25_ao15_am17_2,15,4,SATISFIED,1.1529,40463.0,8690.81
SAL-Ei-LM,bom_tubes_p50_ao15_am18_3_m25_ao15_am17_2,15,5,SATISFIED,1.1556,40250.0,8751.0
SAL-Ei-LM,bom_tubes_p50_ao15_am18_3_m25_ao15_am17_2,15,6,SATISFIED,1.1664,40402.0,8623.69
SAL-Ei-LM,bom_tubes_p50_ao15_am18_3_m25_ao15_am17_2,15,7,SATISFIED,1.1641,40504.0,8704.91
SAL-Ei-LM,bom_tubes_p50_ao15_am18_3_m25_ao15_am17_2,15,8,SATISFIED,1.1565,40465.0,8721.75
SAL-Ei-LM,bom_tubes_p50_ao15_am18_3_m25_ao15_am17_2,15,9,SATISFIED,1.1634,40464.0,8569.53
SAL-Ei-LM,bom_tubes_p50_ao15_am18_3_m25_ao15_am17_2,15,10,SATISFIED,1.1678,40488.0,8141.59
SAL-Ei-LM,bom_tubes_p50_ao15_am18_3_m25_ao15_am17_3,15,1,SATISFIED,1.1624,102886.0,9412.78
SAL-Ei-LM,bom_tubes_p50_ao15_am18_3_m25_ao15_am17_3,15,2,SATISFIED,1.1593,102890.0,9606.53
SAL-Ei-LM,bom_tubes_p50_ao15_am18_3_m25_ao15_am17_3,15,3,SATISFIED,1.1633,102890.0,9961.72
SAL-Ei-LM,bom_tubes_p50_ao15_am18_3_m25_ao15_am17_3,15,4,SATISFIED,1.1555,102886.0,10212.22
SAL-Ei-LM,bom_tubes_p50_ao15_am18_3_m25_ao15_am17_3,15,5,SATISFIED,1.1656,102888.0,10537.12
SAL-Ei-LM,bom_tubes_p50_ao15_am18_3_m25_ao15_am17_3,15,6,SATISFIED,1.1606,102926.0,10135.81
SAL-Ei-LM,bom_tubes_p50_ao15_am18_3_m25_ao15_am17_3,15,7,SATISFIED,1.1735,102886.0,10022.09
SAL-Ei-LM,bom_tubes_p50_ao15_am18_3_m25_ao15_am17_3,15,8,SATISFIED,1.1635,102888.0,10105.19
SAL-Ei-LM,bom_tubes_p50_ao15_am18_3_m25_ao15_am17_3,15,9,SATISFIED,1.245,102904.0,10016.34
SAL-Ei-LM,bom_tubes_p50_ao15_am18_3_m25_ao15_am17_3,15,10,SATISFIED,1.1492,102886.0,9334.84
SAL-Ei-LM,bom_tubes_p50_ao15_am18_3_m25_ao15_am17_4,15,1,SATISFIED,1.1636,228029.0,9906.72
SAL-Ei-LM,bom_tubes_p50_ao15_am18_3_m25_ao15_am17_4,15,2,SATISFIED,1.1488,228727.0,9763.53
SAL-Ei-LM,bom_tubes_p50_ao15_am18_3_m25_ao15_am17_4,15,3,SATISFIED,1.1588,228943.0,9586.25
SAL-Ei-LM,bom_tubes_p50_ao15_am18_3_m25_ao15_am17_4,15,4,SATISFIED,1.1591,231242.0,9467.53
SAL-Ei-LM,bom_tubes_p50_ao15_am18_3_m25_ao15_am17_4,15,5,SATISFIED,1.0974,228629.0,9455.47
SAL-Ei-LM,bom_tubes_p50_ao15_am18_3_m25_ao15_am17_4,15,6,SATISFIED,1.1528,234085.0,9534.5
SAL-Ei-LM,bom_tubes_p50_ao15_am18_3_m25_ao15_am17_4,15,7,SATISFIED,1.1565,230450.0,9494.16
SAL-Ei-LM,bom_tubes_p50_ao15_am18_3_m25_ao15_am17_4,15,8,SATISFIED,1.1573,229662.0,10051.25
SAL-Ei-LM,bom_tubes_p50_ao15_am18_3_m25_ao15_am17_4,15,9,SATISFIED,1.1604,230481.0,10086.25
SAL-Ei-LM,bom_tubes_p50_ao15_am18_3_m25_ao15_am17_4,15,10,SATISFIED,1.1585,231502.0,10010.59
SAL-Ei-LM,bom_tubes_p50_ao15_am18_4,15,1,SATISFIED,1.1586,60996.0,9946.56
SAL-Ei-LM,bom_tubes_p50_ao15_am18_4,15,2,SATISFIED,1.1672,60961.0,9545.66
SAL-Ei-LM,bom_tubes_p50_ao15_am18_4,15,3,SATISFIED,1.1556,60534.0,9038.47
SAL-Ei-LM,bom_tubes_p50_ao15_am18_4,15,4,SATISFIED,1.1569,60585.0,9101.12
SAL-Ei-LM,bom_tubes_p50_ao15_am18_4,15,5,SATISFIED,1.2665,60758.0,9278.16
SAL-Ei-LM,bom_tubes_p50_ao15_am18_4,15,6,SATISFIED,1.1629,61118.0,8765.44
SAL-Ei-LM,bom_tubes_p50_ao15_am18_4,15,7,SATISFIED,1.162,60680.0,9874.0
SAL-Ei-LM,bom_tubes_p50_ao15_am18_4,15,8,SATISFIED,1.1558,60796.0,10223.97
SAL-Ei-LM,bom_tubes_p50_ao15_am18_4,15,9,SATISFIED,1.1588,60916.0,10343.19
SAL-Ei-LM,bom_tubes_p50_ao15_am18_4,15,10,SATISFIED,1.1526,60452.0,10035.62
SAL-Ei-LM,bom_tubes_p50_ao15_am18_4_m10_ao15_am8_1,15,1,SATISFIED,1.1653,67469.0,8949.94
SAL-Ei-LM,bom_tubes_p50_ao15_am18_4_m10_ao15_am8_1,15,2,SATISFIED,1.1629,67269.0,8953.41
SAL-Ei-LM,bom_tubes_p50_ao15_am18_4_m10_ao15_am8_1,15,3,SATISFIED,1.1631,66933.0,9044.72
SAL-Ei-LM,bom_tubes_p50_ao15_am18_4_m10_ao15_am8_1,15,4,SATISFIED,1.1605,67705.0,9607.78
SAL-Ei-LM,bom_tubes_p50_ao15_am18_4_m10_ao15_am8_1,15,5,SATISFIED,1.1694,67739.0,9777.38
SAL-Ei-LM,bom_tubes_p50_ao15_am18_4_m10_ao15_am8_1,15,6,SATISFIED,1.1611,67025.0,9648.31
SAL-Ei-LM,bom_tubes_p50_ao15_am18_4_m10_ao15_am8_1,15,7,SATISFIED,1.1659,67405.0,9792.44
SAL-Ei-LM,bom_tubes_p50_ao15_am18_4_m10_ao15_am8_1,15,8,SATISFIED,1.1579,67227.0,9632.06
SAL-Ei-LM,bom_tubes_p50_ao15_am18_4_m10_ao15_am8_1,15,9,SATISFIED,1.1602,67391.0,9186.31
SAL-Ei-LM,bom_tubes_p50_ao15_am18_4_m10_ao15_am8_1,15,10,SATISFIED,1.1623,67001.0,9067.03
SAL-Ei-LM,bom_tubes_p50_ao15_am18_4_m10_ao15_am9_2,15,1,SATISFIED,1.1602,119500.0,10257.59
SAL-Ei-LM,bom_tubes_p50_ao15_am18_4_m10_ao15_am9_2,15,2,SATISFIED,1.1601,119500.0,10516.31
SAL-Ei-LM,bom_tubes_p50_ao15_am18_4_m10_ao15_am9_2,15,3,SATISFIED,1.1505,119500.0,10789.69
SAL-Ei-LM,bom_tubes_p50_ao15_am18_4_m10_ao15_am9_2,15,4,SATISFIED,1.1725,119500.0,10717.72
SAL-Ei-LM,bom_tubes_p50_ao15_am18_4_m10_ao15_am9_2,15,5,SATISFIED,1.1627,119500.0,10839.94
SAL-Ei-LM,bom_tubes_p50_ao15_am18_4_m10_ao15_am9_2,15,6,SATISFIED,1.1689,119500.0,10854.75
SAL-Ei-LM,bom_tubes_p50_ao15_am18_4_m10_ao15_am9_2,15,7,SATISFIED,1.1696,119500.0,11114.66
SAL-Ei-LM,bom_tubes_p50_ao15_am18_4_m10_ao15_am9_2,15,8,SATISFIED,1.2606,119500.0,11248.56
SAL-Ei-LM,bom_tubes_p50_ao15_am18_4_m10_ao15_am9_2,15,9,SATISFIED,1.1642,119500.0,10197.47
SAL-Ei-LM,bom_tubes_p50_ao15_am18_4_m10_ao15_am9_2,15,10,SATISFIED,1.1624,119500.0,10332.53
SAL-Ei-LM,bom_tubes_p50_ao15_am18_4_m10_ao15_am9_5,15,1,SATISFIED,1.1634,102493.0,8748.81
SAL-Ei-LM,bom_tubes_p50_ao15_am18_4_m10_ao15_am9_5,15,2,SATISFIED,1.1705,102493.0,8808.97
SAL-Ei-LM,bom_tubes_p50_ao15_am18_4_m10_ao15_am9_5,15,3,SATISFIED,1.1534,102493.0,9093.53
SAL-Ei-LM,bom_tubes_p50_ao15_am18_4_m10_ao15_am9_5,15,4,SATISFIED,1.1639,102493.0,9254.88
SAL-Ei-LM,bom_tubes_p50_ao15_am18_4_m10_ao15_am9_5,15,5,SATISFIED,1.1556,102493.0,9424.47
SAL-Ei-LM,bom_tubes_p50_ao15_am18_4_m10_ao15_am9_5,15,6,SATISFIED,1.1603,102493.0,9267.16
SAL-Ei-LM,bom_tubes_p50_ao15_am18_4_m10_ao15_am9_5,15,7,SATISFIED,1.1715,102493.0,9154.88
SAL-Ei-LM,bom_tubes_p50_ao15_am18_4_m10_ao15_am9_5,15,8,SATISFIED,1.1594,102493.0,9168.19
SAL-Ei-LM,bom_tubes_p50_ao15_am18_4_m10_ao15_am9_5,15,9,SATISFIED,1.1662,102493.0,9082.16
SAL-Ei-LM,bom_tubes_p50_ao15_am18_4_m10_ao15_am9_5,15,10,SATISFIED,1.1633,102493.0,9061.53
SAL-Ei-LM,bom_tubes_p50_ao15_am18_4_m10_ao15_am10_3,15,1,SATISFIED,1.155,59998.0,8317.66
SAL-Ei-LM,bom_tubes_p50_ao15_am18_4_m10_ao15_am10_3,15,2,SATISFIED,1.1627,59838.0,8240.12
SAL-Ei-LM,bom_tubes_p50_ao15_am18_4_m10_ao15_am10_3,15,3,SATISFIED,1.1721,60118.0,8250.28
SAL-Ei-LM,bom_tubes_p50_ao15_am18_4_m10_ao15_am10_3,15,4,SATISFIED,1.1702,59918.0,8411.75
SAL-Ei-LM,bom_tubes_p50_ao15_am18_4_m10_ao15_am10_3,15,5,SATISFIED,1.1648,59918.0,8559.97
SAL-Ei-LM,bom_tubes_p50_ao15_am18_4_m10_ao15_am10_3,15,6,SATISFIED,1.1703,59718.0,8419.41
SAL-Ei-LM,bom_tubes_p50_ao15_am18_4_m10_ao15_am10_3,15,7,SATISFIED,1.2289,59678.0,8546.69
SAL-Ei-LM,bom_tubes_p50_ao15_am18_4_m10_ao15_am10_3,15,8,SATISFIED,1.1605,59678.0,7628.78
SAL-Ei-LM,bom_tubes_p50_ao15_am18_4_m10_ao15_am10_3,15,9,SATISFIED,1.1691,59758.0,8387.28
SAL-Ei-LM,bom_tubes_p50_ao15_am18_4_m10_ao15_am10_3,15,10,SATISFIED,1.1679,59718.0,8704.81
SAL-Ei-LM,bom_tubes_p50_ao15_am18_4_m10_ao15_am10_4,15,1,SATISFIED,1.1035,128202.0,7399.69
SAL-Ei-LM,bom_tubes_p50_ao15_am18_4_m10_ao15_am10_4,15,2,SATISFIED,1.1788,127864.0,7395.88
SAL-Ei-LM,bom_tubes_p50_ao15_am18_4_m10_ao15_am10_4,15,3,SATISFIED,1.1708,127920.0,7732.56
SAL-Ei-LM,bom_tubes_p50_ao15_am18_4_m10_ao15_am10_4,15,4,SATISFIED,1.1625,127954.0,8302.25
SAL-Ei-LM,bom_tubes_p50_ao15_am18_4_m10_ao15_am10_4,15,5,SATISFIED,1.1637,128140.0,8434.59
SAL-Ei-LM,bom_tubes_p50_ao15_am18_4_m10_ao15_am10_4,15,6,SATISFIED,1.1558,128078.0,8552.62
SAL-Ei-LM,bom_tubes_p50_ao15_am18_4_m10_ao15_am10_4,15,7,SATISFIED,1.1625,127908.0,8598.22
SAL-Ei-LM,bom_tubes_p50_ao15_am18_4_m10_ao15_am10_4,15,8,SATISFIED,1.1608,127922.0,8402.44
SAL-Ei-LM,bom_tubes_p50_ao15_am18_4_m10_ao15_am10_4,15,9,SATISFIED,1.1618,127988.0,8516.41
SAL-Ei-LM,bom_tubes_p50_ao15_am18_4_m10_ao15_am10_4,15,10,SATISFIED,1.174,128424.0,8552.78
SAL-Ei-LM,bom_tubes_p50_ao15_am18_4_m25_ao15_am14_4,15,1,SATISFIED,1.1598,50194.0,10231.34
SAL-Ei-LM,bom_tubes_p50_ao15_am18_4_m25_ao15_am14_4,15,2,SATISFIED,1.1664,50567.0,10144.59
SAL-Ei-LM,bom_tubes_p50_ao15_am18_4_m25_ao15_am14_4,15,3,SATISFIED,1.1771,50257.0,9106.16
SAL-Ei-LM,bom_tubes_p50_ao15_am18_4_m25_ao15_am14_4,15,4,SATISFIED,1.162,50625.0,9134.5
SAL-Ei-LM,bom_tubes_p50_ao15_am18_4_m25_ao15_am14_4,15,5,SATISFIED,1.1651,50085.0,9554.75
SAL-Ei-LM,bom_tubes_p50_ao15_am18_4_m25_ao15_am14_4,15,6,SATISFIED,1.2618,50578.0,10279.62
SAL-Ei-LM,bom_tubes_p50_ao15_am18_4_m25_ao15_am14_4,15,7,SATISFIED,1.1545,50355.0,9563.25
SAL-Ei-LM,bom_tubes_p50_ao15_am18_4_m25_ao15_am14_4,15,8,SATISFIED,1.1602,50547.0,10353.72
SAL-Ei-LM,bom_tubes_p50_ao15_am18_4_m25_ao15_am14_4,15,9,SATISFIED,1.097,50454.0,10030.22
SAL-Ei-LM,bom_tubes_p50_ao15_am18_4_m25_ao15_am14_4,15,10,SATISFIED,1.1658,50251.0,10197.03
SAL-Ei-LM,bom_tubes_p50_ao15_am18_4_m25_ao15_am15_3,15,1,SATISFIED,1.1679,142621.0,10926.97
SAL-Ei-LM,bom_tubes_p50_ao15_am18_4_m25_ao15_am15_3,15,2,SATISFIED,1.1561,142621.0,11217.44
SAL-Ei-LM,bom_tubes_p50_ao15_am18_4_m25_ao15_am15_3,15,3,SATISFIED,1.1697,142621.0,10854.5
SAL-Ei-LM,bom_tubes_p50_ao15_am18_4_m25_ao15_am15_3,15,4,SATISFIED,1.2102,142621.0,10486.62
SAL-Ei-LM,bom_tubes_p50_ao15_am18_4_m25_ao15_am15_3,15,5,SATISFIED,1.1746,142621.0,10539.47
SAL-Ei-LM,bom_tubes_p50_ao15_am18_4_m25_ao15_am15_3,15,6,SATISFIED,1.1703,142621.0,10994.09
SAL-Ei-LM,bom_tubes_p50_ao15_am18_4_m25_ao15_am15_3,15,7,SATISFIED,1.1844,142621.0,10913.22
SAL-Ei-LM,bom_tubes_p50_ao15_am18_4_m25_ao15_am15_3,15,8,SATISFIED,1.1745,142621.0,11183.5
SAL-Ei-LM,bom_tubes_p50_ao15_am18_4_m25_ao15_am15_3,15,9,SATISFIED,1.2134,142621.0,10930.75
SAL-Ei-LM,bom_tubes_p50_ao15_am18_4_m25_ao15_am15_3,15,10,SATISFIED,1.1929,142621.0,10692.97
SAL-Ei-LM,bom_tubes_p50_ao15_am18_4_m25_ao15_am15_5,15,1,SATISFIED,1.1726,83148.0,9259.34
SAL-Ei-LM,bom_tubes_p50_ao15_am18_4_m25_ao15_am15_5,15,2,SATISFIED,1.1793,83148.0,9168.25
SAL-Ei-LM,bom_tubes_p50_ao15_am18_4_m25_ao15_am15_5,15,3,SATISFIED,1.2403,82828.0,9267.03
SAL-Ei-LM,bom_tubes_p50_ao15_am18_4_m25_ao15_am15_5,15,4,SATISFIED,1.1588,82828.0,8595.19
SAL-Ei-LM,bom_tubes_p50_ao15_am18_4_m25_ao15_am15_5,15,5,SATISFIED,1.1605,82408.0,9042.22
SAL-Ei-LM,bom_tubes_p50_ao15_am18_4_m25_ao15_am15_5,15,6,SATISFIED,1.1614,82748.0,9215.72
SAL-Ei-LM,bom_tubes_p50_ao15_am18_4_m25_ao15_am15_5,15,7,SATISFIED,1.1655,82388.0,9100.97
SAL-Ei-LM,bom_tubes_p50_ao15_am18_4_m25_ao15_am15_5,15,8,SATISFIED,1.1652,82868.0,9215.34
SAL-Ei-LM,bom_tubes_p50_ao15_am18_4_m25_ao15_am15_5,15,9,SATISFIED,1.174,83148.0,8933.03
SAL-Ei-LM,bom_tubes_p50_ao15_am18_4_m25_ao15_am15_5,15,10,SATISFIED,1.1371,82748.0,8988.56
SAL-Ei-LM,bom_tubes_p50_ao15_am18_4_m25_ao15_am16_2,15,1,SATISFIED,1.1637,34204.0,8535.44
SAL-Ei-LM,bom_tubes_p50_ao15_am18_4_m25_ao15_am16_2,15,2,SATISFIED,1.1561,34204.0,8831.34
SAL-Ei-LM,bom_tubes_p50_ao15_am18_4_m25_ao15_am16_2,15,3,SATISFIED,1.1636,34204.0,8974.91
SAL-Ei-LM,bom_tubes_p50_ao15_am18_4_m25_ao15_am16_2,15,4,SATISFIED,1.165,34204.0,8844.25
SAL-Ei-LM,bom_tubes_p50_ao15_am18_4_m25_ao15_am16_2,15,5,SATISFIED,1.1632,34204.0,8795.97
SAL-Ei-LM,bom_tubes_p50_ao15_am18_4_m25_ao15_am16_2,15,6,SATISFIED,1.1654,34204.0,8952.12
SAL-Ei-LM,bom_tubes_p50_ao15_am18_4_m25_ao15_am16_2,15,7,SATISFIED,1.1662,34204.0,9040.16
SAL-Ei-LM,bom_tubes_p50_ao15_am18_4_m25_ao15_am16_2,15,8,SATISFIED,1.1617,34204.0,8933.0
SAL-Ei-LM,bom_tubes_p50_ao15_am18_4_m25_ao15_am16_2,15,9,SATISFIED,1.1631,34204.0,8778.34
SAL-Ei-LM,bom_tubes_p50_ao15_am18_4_m25_ao15_am16_2,15,10,SATISFIED,1.1565,34204.0,8608.66
SAL-Ei-LM,bom_tubes_p50_ao15_am18_4_m25_ao15_am17_1,15,1,SATISFIED,1.1547,100948.0,8903.38
SAL-Ei-LM,bom_tubes_p50_ao15_am18_4_m25_ao15_am17_1,15,2,SATISFIED,1.1572,101030.0,9081.28
SAL-Ei-LM,bom_tubes_p50_ao15_am18_4_m25_ao15_am17_1,15,3,SATISFIED,1.1708,100791.0,8859.25
SAL-Ei-LM,bom_tubes_p50_ao15_am18_4_m25_ao15_am17_1,15,4,SATISFIED,1.2451,100828.0,8832.53
SAL-Ei-LM,bom_tubes_p50_ao15_am18_4_m25_ao15_am17_1,15,5,SATISFIED,1.1475,100752.0,8045.56
SAL-Ei-LM,bom_tubes_p50_ao15_am18_4_m25_ao15_am17_1,15,6,SATISFIED,1.1567,100820.0,8297.88
SAL-Ei-LM,bom_tubes_p50_ao15_am18_4_m25_ao15_am17_1,15,7,SATISFIED,1.1196,100737.0,8743.84
SAL-Ei-LM,bom_tubes_p50_ao15_am18_4_m25_ao15_am17_1,15,8,SATISFIED,1.0985,100752.0,8840.19
SAL-Ei-LM,bom_tubes_p50_ao15_am18_4_m25_ao15_am17_1,15,9,SATISFIED,1.1054,100635.0,9087.59
SAL-Ei-LM,bom_tubes_p50_ao15_am18_4_m25_ao15_am17_1,15,10,SATISFIED,1.1674,100974.0,8935.19
SAL-Ei-LM,bom_tubes_p50_ao15_am18_5,15,1,SATISFIED,1.1727,160019.0,10256.69
SAL-Ei-LM,bom_tubes_p50_ao15_am18_5,15,2,SATISFIED,1.154,159847.0,10406.81
SAL-Ei-LM,bom_tubes_p50_ao15_am18_5,15,3,SATISFIED,1.1576,159711.0,10424.69
SAL-Ei-LM,bom_tubes_p50_ao15_am18_5,15,4,SATISFIED,1.1645,159727.0,10169.97
SAL-Ei-LM,bom_tubes_p50_ao15_am18_5,15,5,SATISFIED,1.1636,159855.0,9762.12
SAL-Ei-LM,bom_tubes_p50_ao15_am18_5,15,6,SATISFIED,1.1728,159379.0,9825.38
SAL-Ei-LM,bom_tubes_p50_ao15_am18_5,15,7,SATISFIED,1.1612,159599.0,10033.22
SAL-Ei-LM,bom_tubes_p50_ao15_am18_5,15,8,SATISFIED,1.1656,160015.0,10369.06
SAL-Ei-LM,bom_tubes_p50_ao15_am18_5,15,9,SATISFIED,1.1568,159551.0,10142.91
SAL-Ei-LM,bom_tubes_p50_ao15_am18_5,15,10,SATISFIED,1.1589,159735.0,9819.44
SAL-Ei-LM,bom_tubes_p50_ao15_am18_5_m10_ao15_am9_1,15,1,SATISFIED,1.1579,384620.0,10360.91
SAL-Ei-LM,bom_tubes_p50_ao15_am18_5_m10_ao15_am9_1,15,2,SATISFIED,1.2486,393482.0,10013.94
SAL-Ei-LM,bom_tubes_p50_ao15_am18_5_m10_ao15_am9_1,15,3,SATISFIED,1.1595,384302.0,9550.88
SAL-Ei-LM,bom_tubes_p50_ao15_am18_5_m10_ao15_am9_1,15,4,SATISFIED,1.1643,384352.0,10124.84
SAL-Ei-LM,bom_tubes_p50_ao15_am18_5_m10_ao15_am9_1,15,5,SATISFIED,1.1625,392415.0,10407.72
SAL-Ei-LM,bom_tubes_p50_ao15_am18_5_m10_ao15_am9_1,15,6,SATISFIED,1.1596,387239.0,10962.88
SAL-Ei-LM,bom_tubes_p50_ao15_am18_5_m10_ao15_am9_1,15,7,SATISFIED,1.1589,389146.0,11533.09
SAL-Ei-LM,bom_tubes_p50_ao15_am18_5_m10_ao15_am9_1,15,8,SATISFIED,1.1627,384724.0,11324.91
SAL-Ei-LM,bom_tubes_p50_ao15_am18_5_m10_ao15_am9_1,15,9,SATISFIED,1.1607,384525.0,11597.31
SAL-Ei-LM,bom_tubes_p50_ao15_am18_5_m10_ao15_am9_1,15,10,SATISFIED,1.1588,388175.0,11498.91
SAL-Ei-LM,bom_tubes_p50_ao15_am18_5_m10_ao15_am10_2,15,1,SATISFIED,1.1578,162069.0,10749.81
SAL-Ei-LM,bom_tubes_p50_ao15_am18_5_m10_ao15_am10_2,15,2,SATISFIED,1.1627,162094.0,10784.72
SAL-Ei-LM,bom_tubes_p50_ao15_am18_5_m10_ao15_am10_2,15,3,SATISFIED,1.1637,161779.0,10238.62
SAL-Ei-LM,bom_tubes_p50_ao15_am18_5_m10_ao15_am10_2,15,4,SATISFIED,1.1597,161949.0,10361.75
SAL-Ei-LM,bom_tubes_p50_ao15_am18_5_m10_ao15_am10_2,15,5,SATISFIED,1.1614,161788.0,10338.69
SAL-Ei-LM,bom_tubes_p50_ao15_am18_5_m10_ao15_am10_2,15,6,SATISFIED,1.1573,162137.0,10054.31
SAL-Ei-LM,bom_tubes_p50_ao15_am18_5_m10_ao15_am10_2,15,7,SATISFIED,1.1632,162073.0,9943.78
SAL-Ei-LM,bom_tubes_p50_ao15_am18_5_m10_ao15_am10_2,15,8,SATISFIED,1.1597,162314.0,10032.09
SAL-Ei-LM,bom_tubes_p50_ao15_am18_5_m10_ao15_am10_2,15,9,SATISFIED,1.1696,161879.0,10406.62
SAL-Ei-LM,bom_tubes_p50_ao15_am18_5_m10_ao15_am10_2,15,10,SATISFIED,1.1601,162137.0,10116.62
SAL-Ei-LM,bom_tubes_p50_ao15_am18_5_m10_ao15_am10_3,15,1,SATISFIED,1.2803,61283.0,9194.25
SAL-Ei-LM,bom_tubes_p50_ao15_am18_5_m10_ao15_am10_3,15,2,SATISFIED,1.1564,61283.0,8556.41
SAL-Ei-LM,bom_tubes_p50_ao15_am18_5_m10_ao15_am10_3,15,3,SATISFIED,1.1598,61283.0,9908.16
SAL-Ei-LM,bom_tubes_p50_ao15_am18_5_m10_ao15_am10_3,15,4,SATISFIED,1.1601,61283.0,9906.12
SAL-Ei-LM,bom_tubes_p50_ao15_am18_5_m10_ao15_am10_3,15,5,SATISFIED,1.1681,61283.0,9816.47
SAL-Ei-LM,bom_tubes_p50_ao15_am18_5_m10_ao15_am10_3,15,6,SATISFIED,1.1672,61283.0,9689.47
SAL-Ei-LM,bom_tubes_p50_ao15_am18_5_m10_ao15_am10_3,15,7,SATISFIED,1.1694,61283.0,9574.62
SAL-Ei-LM,bom_tubes_p50_ao15_am18_5_m10_ao15_am10_3,15,8,SATISFIED,1.1653,61283.0,9553.22
SAL-Ei-LM,bom_tubes_p50_ao15_am18_5_m10_ao15_am10_3,15,9,SATISFIED,1.1642,61283.0,9802.88
SAL-Ei-LM,bom_tubes_p50_ao15_am18_5_m10_ao15_am10_3,15,10,SATISFIED,1.1577,61283.0,9734.69
SAL-Ei-LM,bom_tubes_p50_ao15_am18_5_m10_ao15_am10_4,15,1,SATISFIED,1.1622,85146.0,9501.19
SAL-Ei-LM,bom_tubes_p50_ao15_am18_5_m10_ao15_am10_4,15,2,SATISFIED,1.1614,84998.0,9659.75
SAL-Ei-LM,bom_tubes_p50_ao15_am18_5_m10_ao15_am10_4,15,3,SATISFIED,1.1581,84826.0,9878.97
SAL-Ei-LM,bom_tubes_p50_ao15_am18_5_m10_ao15_am10_4,15,4,SATISFIED,1.1587,85286.0,9782.12
SAL-Ei-LM,bom_tubes_p50_ao15_am18_5_m10_ao15_am10_4,15,5,SATISFIED,1.1609,84802.0,9691.5
SAL-Ei-LM,bom_tubes_p50_ao15_am18_5_m10_ao15_am10_4,15,6,SATISFIED,1.167,84962.0,9387.0
SAL-Ei-LM,bom_tubes_p50_ao15_am18_5_m10_ao15_am10_4,15,7,SATISFIED,1.1715,84914.0,9185.03
SAL-Ei-LM,bom_tubes_p50_ao15_am18_5_m10_ao15_am10_4,15,8,SATISFIED,1.164,84982.0,9219.5
SAL-Ei-LM,bom_tubes_p50_ao15_am18_5_m10_ao15_am10_4,15,9,SATISFIED,1.1613,85114.0,9392.94
SAL-Ei-LM,bom_tubes_p50_ao15_am18_5_m10_ao15_am10_4,15,10,SATISFIED,1.2552,84914.0,9849.19
SAL-Ei-LM,bom_tubes_p50_ao15_am18_5_m10_ao15_am10_5,15,1,SATISFIED,1.1601,592628.0,9197.62
SAL-Ei-LM,bom_tubes_p50_ao15_am18_5_m10_ao15_am10_5,15,2,SATISFIED,1.1615,592676.0,10005.53
SAL-Ei-LM,bom_tubes_p50_ao15_am18_5_m10_ao15_am10_5,15,3,SATISFIED,1.1598,592644.0,10337.97
SAL-Ei-LM,bom_tubes_p50_ao15_am18_5_m10_ao15_am10_5,15,4,SATISFIED,1.1607,592639.0,10609.28
SAL-Ei-LM,bom_tubes_p50_ao15_am18_5_m10_ao15_am10_5,15,5,SATISFIED,1.1604,592670.0,10519.94
SAL-Ei-LM,bom_tubes_p50_ao15_am18_5_m10_ao15_am10_5,15,6,SATISFIED,1.1621,592644.0,10490.75
SAL-Ei-LM,bom_tubes_p50_ao15_am18_5_m10_ao15_am10_5,15,7,SATISFIED,1.1659,592609.0,10365.47
SAL-Ei-LM,bom_tubes_p50_ao15_am18_5_m10_ao15_am10_5,15,8,SATISFIED,1.1149,592685.0,10399.5
SAL-Ei-LM,bom_tubes_p50_ao15_am18_5_m10_ao15_am10_5,15,9,SATISFIED,1.1026,592611.0,10528.19
SAL-Ei-LM,bom_tubes_p50_ao15_am18_5_m10_ao15_am10_5,15,10,SATISFIED,1.1028,592640.0,10265.66
SAL-Ei-LM,bom_tubes_p50_ao15_am18_5_m25_ao15_am16_1,15,1,SATISFIED,1.1045,375430.0,9405.0
SAL-Ei-LM,bom_tubes_p50_ao15_am18_5_m25_ao15_am16_1,15,2,SATISFIED,1.1022,374220.0,9642.62
SAL-Ei-LM,bom_tubes_p50_ao15_am18_5_m25_ao15_am16_1,15,3,SATISFIED,1.0979,376219.0,9821.25
SAL-Ei-LM,bom_tubes_p50_ao15_am18_5_m25_ao15_am16_1,15,4,SATISFIED,1.1065,375475.0,9536.44
SAL-Ei-LM,bom_tubes_p50_ao15_am18_5_m25_ao15_am16_1,15,5,SATISFIED,1.1015,380278.0,9465.34
SAL-Ei-LM,bom_tubes_p50_ao15_am18_5_m25_ao15_am16_1,15,6,SATISFIED,1.0978,373215.0,9355.25
SAL-Ei-LM,bom_tubes_p50_ao15_am18_5_m25_ao15_am16_1,15,7,SATISFIED,1.1024,378165.0,9353.53
SAL-Ei-LM,bom_tubes_p50_ao15_am18_5_m25_ao15_am16_1,15,8,SATISFIED,1.0995,373273.0,9255.25
SAL-Ei-LM,bom_tubes_p50_ao15_am18_5_m25_ao15_am16_1,15,9,SATISFIED,1.0995,376165.0,9170.91
SAL-Ei-LM,bom_tubes_p50_ao15_am18_5_m25_ao15_am16_1,15,10,SATISFIED,1.1044,374730.0,9396.94
SAL-Ei-LM,bom_tubes_p50_ao15_am18_5_m25_ao15_am16_3,15,1,SATISFIED,1.1666,38533.0,9942.69
SAL-Ei-LM,bom_tubes_p50_ao15_am18_5_m25_ao15_am16_3,15,2,SATISFIED,1.1045,38484.0,9948.56
SAL-Ei-LM,bom_tubes_p50_ao15_am18_5_m25_ao15_am16_3,15,3,SATISFIED,1.1043,38492.0,10223.09
SAL-Ei-LM,bom_tubes_p50_ao15_am18_5_m25_ao15_am16_3,15,4,SATISFIED,1.0998,38593.0,10493.69
SAL-Ei-LM,bom_tubes_p50_ao15_am18_5_m25_ao15_am16_3,15,5,SATISFIED,1.1044,38536.0,9615.78
SAL-Ei-LM,bom_tubes_p50_ao15_am18_5_m25_ao15_am16_3,15,6,SATISFIED,1.0991,38562.0,9804.19
SAL-Ei-LM,bom_tubes_p50_ao15_am18_5_m25_ao15_am16_3,15,7,SATISFIED,1.1004,38488.0,9874.62
SAL-Ei-LM,bom_tubes_p50_ao15_am18_5_m25_ao15_am16_3,15,8,SATISFIED,1.0953,38504.0,9808.22
SAL-Ei-LM,bom_tubes_p50_ao15_am18_5_m25_ao15_am16_3,15,9,SATISFIED,1.1642,38521.0,9833.81
SAL-Ei-LM,bom_tubes_p50_ao15_am18_5_m25_ao15_am16_3,15,10,SATISFIED,1.1653,38492.0,9883.25
SAL-Ei-LM,bom_tubes_p50_ao15_am18_5_m25_ao15_am17_2,15,1,SATISFIED,1.1642,20803.0,8573.16
SAL-Ei-LM,bom_tubes_p50_ao15_am18_5_m25_ao15_am17_2,15,2,SATISFIED,1.1603,20821.0,8390.56
SAL-Ei-LM,bom_tubes_p50_ao15_am18_5_m25_ao15_am17_2,15,3,SATISFIED,1.1543,20807.0,8721.19
SAL-Ei-LM,bom_tubes_p50_ao15_am18_5_m25_ao15_am17_2,15,4,SATISFIED,1.1549,20807.0,8892.81
SAL-Ei-LM,bom_tubes_p50_ao15_am18_5_m25_ao15_am17_2,15,5,SATISFIED,1.1614,20809.0,9003.5
SAL-Ei-LM,bom_tubes_p50_ao15_am18_5_m25_ao15_am17_2,15,6,SATISFIED,1.1564,20803.0,8866.75
SAL-Ei-LM,bom_tubes_p50_ao15_am18_5_m25_ao15_am17_2,15,7,SATISFIED,1.1555,20821.0,8803.66
SAL-Ei-LM,bom_tubes_p50_ao15_am18_5_m25_ao15_am17_2,15,8,SATISFIED,1.1627,20829.0,8712.22
SAL-Ei-LM,bom_tubes_p50_ao15_am18_5_m25_ao15_am17_2,15,9,SATISFIED,1.2609,20803.0,9089.38
SAL-Ei-LM,bom_tubes_p50_ao15_am18_5_m25_ao15_am17_2,15,10,SATISFIED,1.1513,20803.0,7967.09
SAL-Ei-LM,bom_tubes_p50_ao15_am18_5_m25_ao15_am17_4,15,1,SATISFIED,1.154,136021.0,9344.56
SAL-Ei-LM,bom_tubes_p50_ao15_am18_5_m25_ao15_am17_4,15,2,SATISFIED,1.1589,136916.0,9694.84
SAL-Ei-LM,bom_tubes_p50_ao15_am18_5_m25_ao15_am17_4,15,3,SATISFIED,1.16,133818.0,9471.88
SAL-Ei-LM,bom_tubes_p50_ao15_am18_5_m25_ao15_am17_4,15,4,SATISFIED,1.1585,130581.0,9468.06
SAL-Ei-LM,bom_tubes_p50_ao15_am18_5_m25_ao15_am17_4,15,5,SATISFIED,1.1613,126498.0,9432.59
SAL-Ei-LM,bom_tubes_p50_ao15_am18_5_m25_ao15_am17_4,15,6,SATISFIED,1.1584,129525.0,9500.44
SAL-Ei-LM,bom_tubes_p50_ao15_am18_5_m25_ao15_am17_4,15,7,SATISFIED,1.1599,133963.0,9670.19
SAL-Ei-LM,bom_tubes_p50_ao15_am18_5_m25_ao15_am17_4,15,8,SATISFIED,1.1605,133564.0,9335.69
SAL-Ei-LM,bom_tubes_p50_ao15_am18_5_m25_ao15_am17_4,15,9,SATISFIED,1.164,133175.0,9552.97
SAL-Ei-LM,bom_tubes_p50_ao15_am18_5_m25_ao15_am17_4,15,10,SATISFIED,1.1646,134221.0,9753.69
SAL-Ei-LM,bom_tubes_p50_ao15_am18_5_m25_ao15_am19_5,15,1,SATISFIED,1.1557,40340.0,8365.81
SAL-Ei-LM,bom_tubes_p50_ao15_am18_5_m25_ao15_am19_5,15,2,SATISFIED,1.1652,39890.0,7780.84
SAL-Ei-LM,bom_tubes_p50_ao15_am18_5_m25_ao15_am19_5,15,3,SATISFIED,1.1705,40268.0,7723.56
SAL-Ei-LM,bom_tubes_p50_ao15_am18_5_m25_ao15_am19_5,15,4,SATISFIED,1.1664,40392.0,8096.19
SAL-Ei-LM,bom_tubes_p50_ao15_am18_5_m25_ao15_am19_5,15,5,SATISFIED,1.1759,40044.0,8495.5
SAL-Ei-LM,bom_tubes_p50_ao15_am18_5_m25_ao15_am19_5,15,6,SATISFIED,1.1597,40353.0,8420.28
SAL-Ei-LM,bom_tubes_p50_ao15_am18_5_m25_ao15_am19_5,15,7,SATISFIED,1.2716,40117.0,8208.56
SAL-Ei-LM,bom_tubes_p50_ao15_am18_5_m25_ao15_am19_5,15,8,SATISFIED,1.1448,40156.0,7027.53
SAL-Ei-LM,bom_tubes_p50_ao15_am18_5_m25_ao15_am19_5,15,9,SATISFIED,1.1849,40086.0,7206.0
SAL-Ei-LM,bom_tubes_p50_ao15_am18_5_m25_ao15_am19_5,15,10,SATISFIED,1.1658,40063.0,7298.69
