Algorithm,Bom,Nodes,AttemptNr,Status,Time,Makespan,Iterations
SAL-Ei-LM,bom_tubes_p10_ao11_am18_1,11,1,SATISFIED,5.1782,40334.0,56379.12
SAL-Ei-LM,bom_tubes_p10_ao11_am18_1,11,2,SATISFIED,5.1798,40666.0,57502.94
SAL-Ei-LM,bom_tubes_p10_ao11_am18_1,11,3,SATISFIED,5.1823,40890.0,56198.59
SAL-Ei-LM,bom_tubes_p10_ao11_am18_1,11,4,SATISFIED,5.1931,38333.0,56235.25
SAL-Ei-LM,bom_tubes_p10_ao11_am18_1,11,5,SATISFIED,5.2099,37321.0,57800.19
SAL-Ei-LM,bom_tubes_p10_ao11_am18_1,11,6,SATISFIED,5.1258,36821.0,56799.62
SAL-Ei-LM,bom_tubes_p10_ao11_am18_1,11,7,SATISFIED,5.1688,38407.0,57735.97
SAL-Ei-LM,bom_tubes_p10_ao11_am18_1,11,8,SATISFIED,5.1788,38349.0,57389.31
SAL-Ei-LM,bom_tubes_p10_ao11_am18_1,11,9,SATISFIED,5.1686,40171.0,57893.16
SAL-Ei-LM,bom_tubes_p10_ao11_am18_1,11,10,SATISFIED,5.162,40842.0,58796.0
SAL-Ei-LM,bom_tubes_p10_ao11_am18_1_m10_ao11_am8_1,11,1,SATISFIED,5.1866,115072.0,49038.25
SAL-Ei-LM,bom_tubes_p10_ao11_am18_1_m10_ao11_am8_1,11,2,SATISFIED,5.1589,115054.0,49184.06
SAL-Ei-LM,bom_tubes_p10_ao11_am18_1_m10_ao11_am8_1,11,3,SATISFIED,5.1587,115083.0,47819.69
SAL-Ei-LM,bom_tubes_p10_ao11_am18_1_m10_ao11_am8_1,11,4,SATISFIED,5.1677,115164.0,48487.56
SAL-Ei-LM,bom_tubes_p10_ao11_am18_1_m10_ao11_am8_1,11,5,SATISFIED,5.1594,115080.0,48282.47
SAL-Ei-LM,bom_tubes_p10_ao11_am18_1_m10_ao11_am8_1,11,6,SATISFIED,5.1625,115226.0,49705.56
SAL-Ei-LM,bom_tubes_p10_ao11_am18_1_m10_ao11_am8_1,11,7,SATISFIED,5.1639,115049.0,48949.53
SAL-Ei-LM,bom_tubes_p10_ao11_am18_1_m10_ao11_am8_1,11,8,SATISFIED,5.1665,115077.0,49549.91
SAL-Ei-LM,bom_tubes_p10_ao11_am18_1_m10_ao11_am8_1,11,9,SATISFIED,5.1565,115100.0,49269.28
SAL-Ei-LM,bom_tubes_p10_ao11_am18_1_m10_ao11_am8_1,11,10,SATISFIED,5.1576,115174.0,49900.84
SAL-Ei-LM,bom_tubes_p10_ao11_am18_1_m10_ao11_am8_3,11,1,SATISFIED,5.1612,34933.0,55124.09
SAL-Ei-LM,bom_tubes_p10_ao11_am18_1_m10_ao11_am8_3,11,2,SATISFIED,5.1683,34946.0,56729.41
SAL-Ei-LM,bom_tubes_p10_ao11_am18_1_m10_ao11_am8_3,11,3,SATISFIED,5.162,34946.0,56722.5
SAL-Ei-LM,bom_tubes_p10_ao11_am18_1_m10_ao11_am8_3,11,4,SATISFIED,5.1681,34933.0,57295.91
SAL-Ei-LM,bom_tubes_p10_ao11_am18_1_m10_ao11_am8_3,11,5,SATISFIED,5.0969,34959.0,56321.66
SAL-Ei-LM,bom_tubes_p10_ao11_am18_1_m10_ao11_am8_3,11,6,SATISFIED,5.1713,34933.0,55297.69
SAL-Ei-LM,bom_tubes_p10_ao11_am18_1_m10_ao11_am8_3,11,7,SATISFIED,5.1605,34933.0,54839.97
SAL-Ei-LM,bom_tubes_p10_ao11_am18_1_m10_ao11_am8_3,11,8,SATISFIED,5.1614,34933.0,56612.16
SAL-Ei-LM,bom_tubes_p10_ao11_am18_1_m10_ao11_am8_3,11,9,SATISFIED,5.1605,34933.0,56326.38
SAL-Ei-LM,bom_tubes_p10_ao11_am18_1_m10_ao11_am8_3,11,10,SATISFIED,5.1635,34933.0,56127.69
SAL-Ei-LM,bom_tubes_p10_ao11_am18_1_m10_ao11_am9_4,11,1,SATISFIED,5.1579,22366.0,46900.31
SAL-Ei-LM,bom_tubes_p10_ao11_am18_1_m10_ao11_am9_4,11,2,SATISFIED,5.1629,22366.0,45560.06
SAL-Ei-LM,bom_tubes_p10_ao11_am18_1_m10_ao11_am9_4,11,3,SATISFIED,5.163,22366.0,45485.06
SAL-Ei-LM,bom_tubes_p10_ao11_am18_1_m10_ao11_am9_4,11,4,SATISFIED,5.1643,22366.0,46184.28
SAL-Ei-LM,bom_tubes_p10_ao11_am18_1_m10_ao11_am9_4,11,5,SATISFIED,5.1607,22366.0,45928.78
SAL-Ei-LM,bom_tubes_p10_ao11_am18_1_m10_ao11_am9_4,11,6,SATISFIED,5.1668,22366.0,45256.06
SAL-Ei-LM,bom_tubes_p10_ao11_am18_1_m10_ao11_am9_4,11,7,SATISFIED,5.1609,22368.0,46465.62
SAL-Ei-LM,bom_tubes_p10_ao11_am18_1_m10_ao11_am9_4,11,8,SATISFIED,5.1653,22368.0,45966.88
SAL-Ei-LM,bom_tubes_p10_ao11_am18_1_m10_ao11_am9_4,11,9,SATISFIED,5.1629,22366.0,45776.81
SAL-Ei-LM,bom_tubes_p10_ao11_am18_1_m10_ao11_am9_4,11,10,SATISFIED,5.1654,22366.0,44907.78
SAL-Ei-LM,bom_tubes_p10_ao11_am18_1_m10_ao11_am10_2,11,1,SATISFIED,5.1598,122731.0,56356.09
SAL-Ei-LM,bom_tubes_p10_ao11_am18_1_m10_ao11_am10_2,11,2,SATISFIED,5.1646,122731.0,57122.75
SAL-Ei-LM,bom_tubes_p10_ao11_am18_1_m10_ao11_am10_2,11,3,SATISFIED,5.1656,122731.0,56492.81
SAL-Ei-LM,bom_tubes_p10_ao11_am18_1_m10_ao11_am10_2,11,4,SATISFIED,5.1613,122731.0,55064.44
SAL-Ei-LM,bom_tubes_p10_ao11_am18_1_m10_ao11_am10_2,11,5,SATISFIED,5.1615,122731.0,56069.56
SAL-Ei-LM,bom_tubes_p10_ao11_am18_1_m10_ao11_am10_2,11,6,SATISFIED,5.1616,122731.0,56878.75
SAL-Ei-LM,bom_tubes_p10_ao11_am18_1_m10_ao11_am10_2,11,7,SATISFIED,5.1638,122731.0,57000.78
SAL-Ei-LM,bom_tubes_p10_ao11_am18_1_m10_ao11_am10_2,11,8,SATISFIED,5.1681,122731.0,57626.41
SAL-Ei-LM,bom_tubes_p10_ao11_am18_1_m10_ao11_am10_2,11,9,SATISFIED,5.1628,122731.0,57122.66
SAL-Ei-LM,bom_tubes_p10_ao11_am18_1_m10_ao11_am10_2,11,10,SATISFIED,5.1553,122731.0,57032.81
SAL-Ei-LM,bom_tubes_p10_ao11_am18_1_m10_ao11_am10_5,11,1,SATISFIED,5.1617,23819.0,46196.09
SAL-Ei-LM,bom_tubes_p10_ao11_am18_1_m10_ao11_am10_5,11,2,SATISFIED,5.1641,24111.0,46446.91
SAL-Ei-LM,bom_tubes_p10_ao11_am18_1_m10_ao11_am10_5,11,3,SATISFIED,5.1643,23971.0,46450.88
SAL-Ei-LM,bom_tubes_p10_ao11_am18_1_m10_ao11_am10_5,11,4,SATISFIED,5.1568,23909.0,45792.06
SAL-Ei-LM,bom_tubes_p10_ao11_am18_1_m10_ao11_am10_5,11,5,SATISFIED,5.1623,24099.0,47096.0
SAL-Ei-LM,bom_tubes_p10_ao11_am18_1_m10_ao11_am10_5,11,6,SATISFIED,5.164,24123.0,47337.78
SAL-Ei-LM,bom_tubes_p10_ao11_am18_1_m10_ao11_am10_5,11,7,SATISFIED,5.1706,24079.0,45869.5
SAL-Ei-LM,bom_tubes_p10_ao11_am18_1_m10_ao11_am10_5,11,8,SATISFIED,5.1677,24069.0,46245.69
SAL-Ei-LM,bom_tubes_p10_ao11_am18_1_m10_ao11_am10_5,11,9,SATISFIED,5.1727,23841.0,45918.31
SAL-Ei-LM,bom_tubes_p10_ao11_am18_1_m10_ao11_am10_5,11,10,SATISFIED,5.1728,23981.0,45766.78
SAL-Ei-LM,bom_tubes_p10_ao11_am18_1_m25_ao11_am19_2,11,1,SATISFIED,5.1913,16788.0,39499.12
SAL-Ei-LM,bom_tubes_p10_ao11_am18_1_m25_ao11_am19_2,11,2,SATISFIED,5.2441,16669.0,40801.84
SAL-Ei-LM,bom_tubes_p10_ao11_am18_1_m25_ao11_am19_2,11,3,SATISFIED,5.1723,16874.0,39638.75
SAL-Ei-LM,bom_tubes_p10_ao11_am18_1_m25_ao11_am19_2,11,4,SATISFIED,5.1817,16790.0,39660.88
SAL-Ei-LM,bom_tubes_p10_ao11_am18_1_m25_ao11_am19_2,11,5,SATISFIED,5.1725,16871.0,39608.41
SAL-Ei-LM,bom_tubes_p10_ao11_am18_1_m25_ao11_am19_2,11,6,SATISFIED,5.1704,16768.0,39718.53
SAL-Ei-LM,bom_tubes_p10_ao11_am18_1_m25_ao11_am19_2,11,7,SATISFIED,5.172,16697.0,39511.56
SAL-Ei-LM,bom_tubes_p10_ao11_am18_1_m25_ao11_am19_2,11,8,SATISFIED,5.1728,16917.0,40095.84
SAL-Ei-LM,bom_tubes_p10_ao11_am18_1_m25_ao11_am19_2,11,9,SATISFIED,5.1713,16780.0,39443.25
SAL-Ei-LM,bom_tubes_p10_ao11_am18_1_m25_ao11_am19_2,11,10,SATISFIED,5.1664,16841.0,38848.81
SAL-Ei-LM,bom_tubes_p10_ao11_am18_1_m25_ao11_am21_3,11,1,SATISFIED,5.1746,55864.0,39313.38
SAL-Ei-LM,bom_tubes_p10_ao11_am18_1_m25_ao11_am21_3,11,2,SATISFIED,5.1618,54754.0,39557.97
SAL-Ei-LM,bom_tubes_p10_ao11_am18_1_m25_ao11_am21_3,11,3,SATISFIED,5.1641,55889.0,39942.22
SAL-Ei-LM,bom_tubes_p10_ao11_am18_1_m25_ao11_am21_3,11,4,SATISFIED,5.1682,52109.0,40490.66
SAL-Ei-LM,bom_tubes_p10_ao11_am18_1_m25_ao11_am21_3,11,5,SATISFIED,5.1653,54460.0,39276.16
SAL-Ei-LM,bom_tubes_p10_ao11_am18_1_m25_ao11_am21_3,11,6,SATISFIED,5.1639,55022.0,39793.16
SAL-Ei-LM,bom_tubes_p10_ao11_am18_1_m25_ao11_am21_3,11,7,SATISFIED,5.1776,55608.0,40067.69
SAL-Ei-LM,bom_tubes_p10_ao11_am18_1_m25_ao11_am21_3,11,8,SATISFIED,5.1665,53584.0,39026.16
SAL-Ei-LM,bom_tubes_p10_ao11_am18_1_m25_ao11_am21_3,11,9,SATISFIED,5.2248,53733.0,39191.62
SAL-Ei-LM,bom_tubes_p10_ao11_am18_1_m25_ao11_am21_3,11,10,SATISFIED,5.1726,55518.0,39255.41
SAL-Ei-LM,bom_tubes_p10_ao11_am18_1_m25_ao11_am21_5,11,1,SATISFIED,5.1794,31108.0,39387.53
SAL-Ei-LM,bom_tubes_p10_ao11_am18_1_m25_ao11_am21_5,11,2,SATISFIED,5.1741,31129.0,39396.84
SAL-Ei-LM,bom_tubes_p10_ao11_am18_1_m25_ao11_am21_5,11,3,SATISFIED,5.1757,31571.0,39087.28
SAL-Ei-LM,bom_tubes_p10_ao11_am18_1_m25_ao11_am21_5,11,4,SATISFIED,5.1751,30822.0,38183.47
SAL-Ei-LM,bom_tubes_p10_ao11_am18_1_m25_ao11_am21_5,11,5,SATISFIED,5.1782,31377.0,39042.22
SAL-Ei-LM,bom_tubes_p10_ao11_am18_1_m25_ao11_am21_5,11,6,SATISFIED,5.175,31219.0,38204.84
SAL-Ei-LM,bom_tubes_p10_ao11_am18_1_m25_ao11_am21_5,11,7,SATISFIED,5.1734,30799.0,37691.81
SAL-Ei-LM,bom_tubes_p10_ao11_am18_1_m25_ao11_am21_5,11,8,SATISFIED,5.1762,31157.0,38223.88
SAL-Ei-LM,bom_tubes_p10_ao11_am18_1_m25_ao11_am21_5,11,9,SATISFIED,5.1745,31251.0,38940.31
SAL-Ei-LM,bom_tubes_p10_ao11_am18_1_m25_ao11_am21_5,11,10,SATISFIED,5.1822,31045.0,37925.66
SAL-Ei-LM,bom_tubes_p10_ao11_am18_1_m25_ao11_am22_1,11,1,SATISFIED,5.1747,50309.0,38565.31
SAL-Ei-LM,bom_tubes_p10_ao11_am18_1_m25_ao11_am22_1,11,2,SATISFIED,5.1611,50772.0,38800.38
SAL-Ei-LM,bom_tubes_p10_ao11_am18_1_m25_ao11_am22_1,11,3,SATISFIED,5.1674,49824.0,39036.03
SAL-Ei-LM,bom_tubes_p10_ao11_am18_1_m25_ao11_am22_1,11,4,SATISFIED,5.1787,50216.0,39946.34
SAL-Ei-LM,bom_tubes_p10_ao11_am18_1_m25_ao11_am22_1,11,5,SATISFIED,5.22,50481.0,39456.25
SAL-Ei-LM,bom_tubes_p10_ao11_am18_1_m25_ao11_am22_1,11,6,SATISFIED,5.1715,50242.0,38631.75
SAL-Ei-LM,bom_tubes_p10_ao11_am18_1_m25_ao11_am22_1,11,7,SATISFIED,5.1753,50279.0,38638.78
SAL-Ei-LM,bom_tubes_p10_ao11_am18_1_m25_ao11_am22_1,11,8,SATISFIED,5.1824,50496.0,39072.72
SAL-Ei-LM,bom_tubes_p10_ao11_am18_1_m25_ao11_am22_1,11,9,SATISFIED,5.1814,50459.0,39186.5
SAL-Ei-LM,bom_tubes_p10_ao11_am18_1_m25_ao11_am22_1,11,10,SATISFIED,5.1987,50318.0,39158.81
SAL-Ei-LM,bom_tubes_p10_ao11_am18_1_m25_ao11_am22_4,11,1,SATISFIED,5.1875,13679.0,39864.28
SAL-Ei-LM,bom_tubes_p10_ao11_am18_1_m25_ao11_am22_4,11,2,SATISFIED,5.1904,13608.0,39152.88
SAL-Ei-LM,bom_tubes_p10_ao11_am18_1_m25_ao11_am22_4,11,3,SATISFIED,5.1806,13765.0,39741.06
SAL-Ei-LM,bom_tubes_p10_ao11_am18_1_m25_ao11_am22_4,11,4,SATISFIED,5.1812,13762.0,40447.31
SAL-Ei-LM,bom_tubes_p10_ao11_am18_1_m25_ao11_am22_4,11,5,SATISFIED,5.1777,13758.0,39518.5
SAL-Ei-LM,bom_tubes_p10_ao11_am18_1_m25_ao11_am22_4,11,6,SATISFIED,5.1805,15406.0,39636.75
SAL-Ei-LM,bom_tubes_p10_ao11_am18_1_m25_ao11_am22_4,11,7,SATISFIED,5.1912,13568.0,39471.59
SAL-Ei-LM,bom_tubes_p10_ao11_am18_1_m25_ao11_am22_4,11,8,SATISFIED,5.1809,13925.0,39078.78
SAL-Ei-LM,bom_tubes_p10_ao11_am18_1_m25_ao11_am22_4,11,9,SATISFIED,5.1878,13518.0,39992.31
SAL-Ei-LM,bom_tubes_p10_ao11_am18_1_m25_ao11_am22_4,11,10,SATISFIED,5.172,13801.0,39955.62
SAL-Ei-LM,bom_tubes_p10_ao11_am18_2,11,1,SATISFIED,5.3478,48371.0,57395.22
SAL-Ei-LM,bom_tubes_p10_ao11_am18_2,11,2,SATISFIED,5.1765,48371.0,55158.12
SAL-Ei-LM,bom_tubes_p10_ao11_am18_2,11,3,SATISFIED,5.1841,48611.0,55626.41
SAL-Ei-LM,bom_tubes_p10_ao11_am18_2,11,4,SATISFIED,5.1789,48571.0,56520.47
SAL-Ei-LM,bom_tubes_p10_ao11_am18_2,11,5,SATISFIED,5.171,48211.0,58431.22
SAL-Ei-LM,bom_tubes_p10_ao11_am18_2,11,6,SATISFIED,5.1774,48731.0,58889.75
SAL-Ei-LM,bom_tubes_p10_ao11_am18_2,11,7,SATISFIED,5.1709,48291.0,58415.22
SAL-Ei-LM,bom_tubes_p10_ao11_am18_2,11,8,SATISFIED,5.175,48211.0,58436.09
SAL-Ei-LM,bom_tubes_p10_ao11_am18_2,11,9,SATISFIED,5.1888,48531.0,56645.28
SAL-Ei-LM,bom_tubes_p10_ao11_am18_2,11,10,SATISFIED,5.19,48451.0,57578.38
SAL-Ei-LM,bom_tubes_p10_ao11_am18_2_m10_ao11_am8_2,11,1,SATISFIED,5.1797,47090.0,57750.38
SAL-Ei-LM,bom_tubes_p10_ao11_am18_2_m10_ao11_am8_2,11,2,SATISFIED,5.1829,47090.0,56723.5
SAL-Ei-LM,bom_tubes_p10_ao11_am18_2_m10_ao11_am8_2,11,3,SATISFIED,5.1907,47090.0,58066.0
SAL-Ei-LM,bom_tubes_p10_ao11_am18_2_m10_ao11_am8_2,11,4,SATISFIED,5.1812,47090.0,58707.38
SAL-Ei-LM,bom_tubes_p10_ao11_am18_2_m10_ao11_am8_2,11,5,SATISFIED,5.1817,47090.0,59970.22
SAL-Ei-LM,bom_tubes_p10_ao11_am18_2_m10_ao11_am8_2,11,6,SATISFIED,5.1816,47090.0,59093.25
SAL-Ei-LM,bom_tubes_p10_ao11_am18_2_m10_ao11_am8_2,11,7,SATISFIED,5.1732,47090.0,58504.59
SAL-Ei-LM,bom_tubes_p10_ao11_am18_2_m10_ao11_am8_2,11,8,SATISFIED,5.186,47090.0,57991.09
SAL-Ei-LM,bom_tubes_p10_ao11_am18_2_m10_ao11_am8_2,11,9,SATISFIED,5.2065,47090.0,57760.72
SAL-Ei-LM,bom_tubes_p10_ao11_am18_2_m10_ao11_am8_2,11,10,SATISFIED,5.1938,47090.0,57059.75
SAL-Ei-LM,bom_tubes_p10_ao11_am18_2_m10_ao11_am9_1,11,1,SATISFIED,5.2069,45780.0,53413.28
SAL-Ei-LM,bom_tubes_p10_ao11_am18_2_m10_ao11_am9_1,11,2,SATISFIED,5.1887,45784.0,51771.44
SAL-Ei-LM,bom_tubes_p10_ao11_am18_2_m10_ao11_am9_1,11,3,SATISFIED,5.196,45765.0,51346.25
SAL-Ei-LM,bom_tubes_p10_ao11_am18_2_m10_ao11_am9_1,11,4,SATISFIED,5.1769,45822.0,52266.12
SAL-Ei-LM,bom_tubes_p10_ao11_am18_2_m10_ao11_am9_1,11,5,SATISFIED,5.1809,45838.0,50774.28
SAL-Ei-LM,bom_tubes_p10_ao11_am18_2_m10_ao11_am9_1,11,6,SATISFIED,5.2034,45864.0,52185.88
SAL-Ei-LM,bom_tubes_p10_ao11_am18_2_m10_ao11_am9_1,11,7,SATISFIED,5.2055,45892.0,51909.94
SAL-Ei-LM,bom_tubes_p10_ao11_am18_2_m10_ao11_am9_1,11,8,SATISFIED,5.1814,45822.0,52106.41
SAL-Ei-LM,bom_tubes_p10_ao11_am18_2_m10_ao11_am9_1,11,9,SATISFIED,5.1931,45892.0,52336.72
SAL-Ei-LM,bom_tubes_p10_ao11_am18_2_m10_ao11_am9_1,11,10,SATISFIED,5.2112,45765.0,51652.78
SAL-Ei-LM,bom_tubes_p10_ao11_am18_2_m10_ao11_am9_3,11,1,SATISFIED,5.1501,19714.0,58727.0
SAL-Ei-LM,bom_tubes_p10_ao11_am18_2_m10_ao11_am9_3,11,2,SATISFIED,5.1857,19828.0,60340.88
SAL-Ei-LM,bom_tubes_p10_ao11_am18_2_m10_ao11_am9_3,11,3,SATISFIED,5.1915,19712.0,59910.47
SAL-Ei-LM,bom_tubes_p10_ao11_am18_2_m10_ao11_am9_3,11,4,SATISFIED,5.2035,19792.0,60761.88
SAL-Ei-LM,bom_tubes_p10_ao11_am18_2_m10_ao11_am9_3,11,5,SATISFIED,5.1931,19828.0,59258.41
SAL-Ei-LM,bom_tubes_p10_ao11_am18_2_m10_ao11_am9_3,11,6,SATISFIED,5.2221,19840.0,58121.75
SAL-Ei-LM,bom_tubes_p10_ao11_am18_2_m10_ao11_am9_3,11,7,SATISFIED,5.1909,19741.0,57208.81
SAL-Ei-LM,bom_tubes_p10_ao11_am18_2_m10_ao11_am9_3,11,8,SATISFIED,5.2302,19812.0,59526.44
SAL-Ei-LM,bom_tubes_p10_ao11_am18_2_m10_ao11_am9_3,11,9,SATISFIED,5.1598,19808.0,59707.66
SAL-Ei-LM,bom_tubes_p10_ao11_am18_2_m10_ao11_am9_3,11,10,SATISFIED,5.1614,19812.0,59445.0
SAL-Ei-LM,bom_tubes_p10_ao11_am18_2_m10_ao11_am10_4,11,1,SATISFIED,5.1904,16478.0,44256.84
SAL-Ei-LM,bom_tubes_p10_ao11_am18_2_m10_ao11_am10_4,11,2,SATISFIED,5.2438,16429.0,44797.88
SAL-Ei-LM,bom_tubes_p10_ao11_am18_2_m10_ao11_am10_4,11,3,SATISFIED,5.1524,16450.0,43820.12
SAL-Ei-LM,bom_tubes_p10_ao11_am18_2_m10_ao11_am10_4,11,4,SATISFIED,5.1911,16442.0,44909.69
SAL-Ei-LM,bom_tubes_p10_ao11_am18_2_m10_ao11_am10_4,11,5,SATISFIED,5.3843,16419.0,44046.12
SAL-Ei-LM,bom_tubes_p10_ao11_am18_2_m10_ao11_am10_4,11,6,SATISFIED,5.2013,16421.0,44442.81
SAL-Ei-LM,bom_tubes_p10_ao11_am18_2_m10_ao11_am10_4,11,7,SATISFIED,5.1797,16437.0,44156.0
SAL-Ei-LM,bom_tubes_p10_ao11_am18_2_m10_ao11_am10_4,11,8,SATISFIED,5.1691,16528.0,44692.91
SAL-Ei-LM,bom_tubes_p10_ao11_am18_2_m10_ao11_am10_4,11,9,SATISFIED,5.1651,16488.0,44667.62
SAL-Ei-LM,bom_tubes_p10_ao11_am18_2_m10_ao11_am10_4,11,10,SATISFIED,5.1639,16432.0,44769.47
SAL-Ei-LM,bom_tubes_p10_ao11_am18_2_m10_ao11_am10_5,11,1,SATISFIED,5.1651,33889.0,47559.31
SAL-Ei-LM,bom_tubes_p10_ao11_am18_2_m10_ao11_am10_5,11,2,SATISFIED,5.1639,33759.0,47693.84
SAL-Ei-LM,bom_tubes_p10_ao11_am18_2_m10_ao11_am10_5,11,3,SATISFIED,5.1669,33975.0,45101.84
SAL-Ei-LM,bom_tubes_p10_ao11_am18_2_m10_ao11_am10_5,11,4,SATISFIED,5.1633,33857.0,46302.12
SAL-Ei-LM,bom_tubes_p10_ao11_am18_2_m10_ao11_am10_5,11,5,SATISFIED,5.1638,33919.0,45349.84
SAL-Ei-LM,bom_tubes_p10_ao11_am18_2_m10_ao11_am10_5,11,6,SATISFIED,5.1622,33833.0,45852.84
SAL-Ei-LM,bom_tubes_p10_ao11_am18_2_m10_ao11_am10_5,11,7,SATISFIED,5.1625,33931.0,45680.62
SAL-Ei-LM,bom_tubes_p10_ao11_am18_2_m10_ao11_am10_5,11,8,SATISFIED,5.1612,34011.0,45589.34
SAL-Ei-LM,bom_tubes_p10_ao11_am18_2_m10_ao11_am10_5,11,9,SATISFIED,5.1655,33687.0,46672.16
SAL-Ei-LM,bom_tubes_p10_ao11_am18_2_m10_ao11_am10_5,11,10,SATISFIED,5.1673,33767.0,47039.06
SAL-Ei-LM,bom_tubes_p10_ao11_am18_2_m25_ao11_am17_2,11,1,SATISFIED,5.1633,36444.0,39378.5
SAL-Ei-LM,bom_tubes_p10_ao11_am18_2_m25_ao11_am17_2,11,2,SATISFIED,5.1624,36679.0,39386.22
SAL-Ei-LM,bom_tubes_p10_ao11_am18_2_m25_ao11_am17_2,11,3,SATISFIED,5.1612,37107.0,39207.22
SAL-Ei-LM,bom_tubes_p10_ao11_am18_2_m25_ao11_am17_2,11,4,SATISFIED,5.1779,36879.0,37367.47
SAL-Ei-LM,bom_tubes_p10_ao11_am18_2_m25_ao11_am17_2,11,5,SATISFIED,5.168,35871.0,37958.78
SAL-Ei-LM,bom_tubes_p10_ao11_am18_2_m25_ao11_am17_2,11,6,SATISFIED,5.1744,36270.0,38871.12
SAL-Ei-LM,bom_tubes_p10_ao11_am18_2_m25_ao11_am17_2,11,7,SATISFIED,5.1734,36749.0,37560.56
SAL-Ei-LM,bom_tubes_p10_ao11_am18_2_m25_ao11_am17_2,11,8,SATISFIED,5.1644,35901.0,38208.91
SAL-Ei-LM,bom_tubes_p10_ao11_am18_2_m25_ao11_am17_2,11,9,SATISFIED,5.1587,36619.0,39014.28
SAL-Ei-LM,bom_tubes_p10_ao11_am18_2_m25_ao11_am17_2,11,10,SATISFIED,5.2492,36194.0,38343.72
SAL-Ei-LM,bom_tubes_p10_ao11_am18_2_m25_ao11_am21_1,11,1,SATISFIED,5.1548,17969.0,37573.72
SAL-Ei-LM,bom_tubes_p10_ao11_am18_2_m25_ao11_am21_1,11,2,SATISFIED,5.1611,17729.0,38289.38
SAL-Ei-LM,bom_tubes_p10_ao11_am18_2_m25_ao11_am21_1,11,3,SATISFIED,5.169,17983.0,38324.59
SAL-Ei-LM,bom_tubes_p10_ao11_am18_2_m25_ao11_am21_1,11,4,SATISFIED,5.1817,18042.0,37964.47
SAL-Ei-LM,bom_tubes_p10_ao11_am18_2_m25_ao11_am21_1,11,5,SATISFIED,5.1755,17402.0,39646.62
SAL-Ei-LM,bom_tubes_p10_ao11_am18_2_m25_ao11_am21_1,11,6,SATISFIED,5.1822,17978.0,40083.72
SAL-Ei-LM,bom_tubes_p10_ao11_am18_2_m25_ao11_am21_1,11,7,SATISFIED,5.1633,17814.0,39292.88
SAL-Ei-LM,bom_tubes_p10_ao11_am18_2_m25_ao11_am21_1,11,8,SATISFIED,5.1692,17525.0,39229.81
SAL-Ei-LM,bom_tubes_p10_ao11_am18_2_m25_ao11_am21_1,11,9,SATISFIED,5.1612,17631.0,39345.84
SAL-Ei-LM,bom_tubes_p10_ao11_am18_2_m25_ao11_am21_1,11,10,SATISFIED,5.1672,17917.0,39262.62
SAL-Ei-LM,bom_tubes_p10_ao11_am18_2_m25_ao11_am21_3,11,1,SATISFIED,5.1669,49915.0,41133.59
SAL-Ei-LM,bom_tubes_p10_ao11_am18_2_m25_ao11_am21_3,11,2,SATISFIED,5.1648,49668.0,40963.31
SAL-Ei-LM,bom_tubes_p10_ao11_am18_2_m25_ao11_am21_3,11,3,SATISFIED,5.167,49023.0,40572.53
SAL-Ei-LM,bom_tubes_p10_ao11_am18_2_m25_ao11_am21_3,11,4,SATISFIED,5.1664,48939.0,41028.12
SAL-Ei-LM,bom_tubes_p10_ao11_am18_2_m25_ao11_am21_3,11,5,SATISFIED,5.1616,50221.0,41691.28
SAL-Ei-LM,bom_tubes_p10_ao11_am18_2_m25_ao11_am21_3,11,6,SATISFIED,5.1646,49850.0,41651.91
SAL-Ei-LM,bom_tubes_p10_ao11_am18_2_m25_ao11_am21_3,11,7,SATISFIED,5.1902,49731.0,40729.03
SAL-Ei-LM,bom_tubes_p10_ao11_am18_2_m25_ao11_am21_3,11,8,SATISFIED,5.1556,48756.0,41032.75
SAL-Ei-LM,bom_tubes_p10_ao11_am18_2_m25_ao11_am21_3,11,9,SATISFIED,5.1666,49375.0,40708.81
SAL-Ei-LM,bom_tubes_p10_ao11_am18_2_m25_ao11_am21_3,11,10,SATISFIED,5.1016,49467.0,41070.72
SAL-Ei-LM,bom_tubes_p10_ao11_am18_2_m25_ao11_am23_4,11,1,SATISFIED,5.1635,34682.0,39415.38
SAL-Ei-LM,bom_tubes_p10_ao11_am18_2_m25_ao11_am23_4,11,2,SATISFIED,5.1534,34637.0,40314.56
SAL-Ei-LM,bom_tubes_p10_ao11_am18_2_m25_ao11_am23_4,11,3,SATISFIED,5.1631,34501.0,40489.66
SAL-Ei-LM,bom_tubes_p10_ao11_am18_2_m25_ao11_am23_4,11,4,SATISFIED,5.1639,34949.0,40326.44
SAL-Ei-LM,bom_tubes_p10_ao11_am18_2_m25_ao11_am23_4,11,5,SATISFIED,5.162,34599.0,39442.56
SAL-Ei-LM,bom_tubes_p10_ao11_am18_2_m25_ao11_am23_4,11,6,SATISFIED,5.1579,34865.0,40046.66
SAL-Ei-LM,bom_tubes_p10_ao11_am18_2_m25_ao11_am23_4,11,7,SATISFIED,5.1537,34761.0,39346.47
SAL-Ei-LM,bom_tubes_p10_ao11_am18_2_m25_ao11_am23_4,11,8,SATISFIED,5.1636,34345.0,40167.72
SAL-Ei-LM,bom_tubes_p10_ao11_am18_2_m25_ao11_am23_4,11,9,SATISFIED,5.156,34767.0,38933.41
SAL-Ei-LM,bom_tubes_p10_ao11_am18_2_m25_ao11_am23_4,11,10,SATISFIED,5.0932,34512.0,39229.19
SAL-Ei-LM,bom_tubes_p10_ao11_am18_2_m25_ao11_am24_5,11,1,SATISFIED,5.1024,14118.0,39736.69
SAL-Ei-LM,bom_tubes_p10_ao11_am18_2_m25_ao11_am24_5,11,2,SATISFIED,5.1638,14136.0,38647.97
SAL-Ei-LM,bom_tubes_p10_ao11_am18_2_m25_ao11_am24_5,11,3,SATISFIED,5.2187,14111.0,39284.0
SAL-Ei-LM,bom_tubes_p10_ao11_am18_2_m25_ao11_am24_5,11,4,SATISFIED,5.1616,14014.0,37531.91
SAL-Ei-LM,bom_tubes_p10_ao11_am18_2_m25_ao11_am24_5,11,5,SATISFIED,5.1744,14124.0,37523.44
SAL-Ei-LM,bom_tubes_p10_ao11_am18_2_m25_ao11_am24_5,11,6,SATISFIED,5.1665,13810.0,39330.75
SAL-Ei-LM,bom_tubes_p10_ao11_am18_2_m25_ao11_am24_5,11,7,SATISFIED,5.1718,13894.0,37632.31
SAL-Ei-LM,bom_tubes_p10_ao11_am18_2_m25_ao11_am24_5,11,8,SATISFIED,5.1743,14026.0,39150.88
SAL-Ei-LM,bom_tubes_p10_ao11_am18_2_m25_ao11_am24_5,11,9,SATISFIED,5.1742,14031.0,39684.94
SAL-Ei-LM,bom_tubes_p10_ao11_am18_2_m25_ao11_am24_5,11,10,SATISFIED,5.1803,13243.0,39209.94
SAL-Ei-LM,bom_tubes_p10_ao11_am18_3,11,1,SATISFIED,5.1874,31036.0,57199.56
SAL-Ei-LM,bom_tubes_p10_ao11_am18_3,11,2,SATISFIED,5.1656,30814.0,58724.19
SAL-Ei-LM,bom_tubes_p10_ao11_am18_3,11,3,SATISFIED,5.1736,31104.0,59007.78
SAL-Ei-LM,bom_tubes_p10_ao11_am18_3,11,4,SATISFIED,5.1747,31294.0,56319.09
SAL-Ei-LM,bom_tubes_p10_ao11_am18_3,11,5,SATISFIED,5.1766,30978.0,58402.31
SAL-Ei-LM,bom_tubes_p10_ao11_am18_3,11,6,SATISFIED,5.1732,31236.0,58671.78
SAL-Ei-LM,bom_tubes_p10_ao11_am18_3,11,7,SATISFIED,5.1749,31332.0,58380.38
SAL-Ei-LM,bom_tubes_p10_ao11_am18_3,11,8,SATISFIED,5.1711,30466.0,57875.0
SAL-Ei-LM,bom_tubes_p10_ao11_am18_3,11,9,SATISFIED,5.2696,30658.0,57729.0
SAL-Ei-LM,bom_tubes_p10_ao11_am18_3,11,10,SATISFIED,5.1686,31540.0,56859.59
SAL-Ei-LM,bom_tubes_p10_ao11_am18_3_m10_ao11_am8_3,11,1,SATISFIED,5.182,37914.0,55338.25
SAL-Ei-LM,bom_tubes_p10_ao11_am18_3_m10_ao11_am8_3,11,2,SATISFIED,5.1823,38135.0,55922.41
SAL-Ei-LM,bom_tubes_p10_ao11_am18_3_m10_ao11_am8_3,11,3,SATISFIED,5.18,37988.0,55543.81
SAL-Ei-LM,bom_tubes_p10_ao11_am18_3_m10_ao11_am8_3,11,4,SATISFIED,5.1744,37997.0,54085.0
SAL-Ei-LM,bom_tubes_p10_ao11_am18_3_m10_ao11_am8_3,11,5,SATISFIED,5.1895,38053.0,56092.69
SAL-Ei-LM,bom_tubes_p10_ao11_am18_3_m10_ao11_am8_3,11,6,SATISFIED,5.1787,38131.0,55767.78
SAL-Ei-LM,bom_tubes_p10_ao11_am18_3_m10_ao11_am8_3,11,7,SATISFIED,5.1824,37840.0,57252.38
SAL-Ei-LM,bom_tubes_p10_ao11_am18_3_m10_ao11_am8_3,11,8,SATISFIED,5.1625,38188.0,55372.47
SAL-Ei-LM,bom_tubes_p10_ao11_am18_3_m10_ao11_am8_3,11,9,SATISFIED,5.1576,37972.0,55207.59
SAL-Ei-LM,bom_tubes_p10_ao11_am18_3_m10_ao11_am8_3,11,10,SATISFIED,5.1681,38238.0,54640.56
SAL-Ei-LM,bom_tubes_p10_ao11_am18_3_m10_ao11_am9_1,11,1,SATISFIED,5.1621,44418.0,52186.34
SAL-Ei-LM,bom_tubes_p10_ao11_am18_3_m10_ao11_am9_1,11,2,SATISFIED,5.1558,44473.0,51890.34
SAL-Ei-LM,bom_tubes_p10_ao11_am18_3_m10_ao11_am9_1,11,3,SATISFIED,5.1557,44057.0,52106.88
SAL-Ei-LM,bom_tubes_p10_ao11_am18_3_m10_ao11_am9_1,11,4,SATISFIED,5.1637,44067.0,50825.78
SAL-Ei-LM,bom_tubes_p10_ao11_am18_3_m10_ao11_am9_1,11,5,SATISFIED,5.159,44678.0,52312.56
SAL-Ei-LM,bom_tubes_p10_ao11_am18_3_m10_ao11_am9_1,11,6,SATISFIED,5.0972,44255.0,51510.81
SAL-Ei-LM,bom_tubes_p10_ao11_am18_3_m10_ao11_am9_1,11,7,SATISFIED,5.1606,44541.0,50743.62
SAL-Ei-LM,bom_tubes_p10_ao11_am18_3_m10_ao11_am9_1,11,8,SATISFIED,5.1689,43779.0,50786.38
SAL-Ei-LM,bom_tubes_p10_ao11_am18_3_m10_ao11_am9_1,11,9,SATISFIED,5.1136,43971.0,50702.0
SAL-Ei-LM,bom_tubes_p10_ao11_am18_3_m10_ao11_am9_1,11,10,SATISFIED,5.0969,43999.0,51510.34
SAL-Ei-LM,bom_tubes_p10_ao11_am18_3_m10_ao11_am9_2,11,1,SATISFIED,5.1618,207146.0,57964.34
SAL-Ei-LM,bom_tubes_p10_ao11_am18_3_m10_ao11_am9_2,11,2,SATISFIED,5.1617,207146.0,60821.72
SAL-Ei-LM,bom_tubes_p10_ao11_am18_3_m10_ao11_am9_2,11,3,SATISFIED,5.1577,207146.0,56331.69
SAL-Ei-LM,bom_tubes_p10_ao11_am18_3_m10_ao11_am9_2,11,4,SATISFIED,5.1594,207146.0,59720.41
SAL-Ei-LM,bom_tubes_p10_ao11_am18_3_m10_ao11_am9_2,11,5,SATISFIED,5.1623,207146.0,59713.47
SAL-Ei-LM,bom_tubes_p10_ao11_am18_3_m10_ao11_am9_2,11,6,SATISFIED,5.1767,207146.0,58497.72
SAL-Ei-LM,bom_tubes_p10_ao11_am18_3_m10_ao11_am9_2,11,7,SATISFIED,5.2384,207146.0,59787.62
SAL-Ei-LM,bom_tubes_p10_ao11_am18_3_m10_ao11_am9_2,11,8,SATISFIED,5.1546,207146.0,59158.69
SAL-Ei-LM,bom_tubes_p10_ao11_am18_3_m10_ao11_am9_2,11,9,SATISFIED,5.162,207146.0,59508.25
SAL-Ei-LM,bom_tubes_p10_ao11_am18_3_m10_ao11_am9_2,11,10,SATISFIED,5.1607,207146.0,60100.72
SAL-Ei-LM,bom_tubes_p10_ao11_am18_3_m10_ao11_am9_4,11,1,SATISFIED,5.1614,121127.0,45574.72
SAL-Ei-LM,bom_tubes_p10_ao11_am18_3_m10_ao11_am9_4,11,2,SATISFIED,5.1628,121208.0,47021.88
SAL-Ei-LM,bom_tubes_p10_ao11_am18_3_m10_ao11_am9_4,11,3,SATISFIED,5.1624,121259.0,47127.22
SAL-Ei-LM,bom_tubes_p10_ao11_am18_3_m10_ao11_am9_4,11,4,SATISFIED,5.1593,121169.0,46862.81
SAL-Ei-LM,bom_tubes_p10_ao11_am18_3_m10_ao11_am9_4,11,5,SATISFIED,5.163,121185.0,44531.69
SAL-Ei-LM,bom_tubes_p10_ao11_am18_3_m10_ao11_am9_4,11,6,SATISFIED,5.1624,121097.0,46301.81
SAL-Ei-LM,bom_tubes_p10_ao11_am18_3_m10_ao11_am9_4,11,7,SATISFIED,5.1649,121120.0,47490.84
SAL-Ei-LM,bom_tubes_p10_ao11_am18_3_m10_ao11_am9_4,11,8,SATISFIED,5.1674,121139.0,47336.62
SAL-Ei-LM,bom_tubes_p10_ao11_am18_3_m10_ao11_am9_4,11,9,SATISFIED,5.1633,121207.0,46215.28
SAL-Ei-LM,bom_tubes_p10_ao11_am18_3_m10_ao11_am9_4,11,10,SATISFIED,5.1613,121130.0,46836.53
SAL-Ei-LM,bom_tubes_p10_ao11_am18_3_m10_ao11_am10_5,11,1,SATISFIED,5.1621,24610.0,50067.06
SAL-Ei-LM,bom_tubes_p10_ao11_am18_3_m10_ao11_am10_5,11,2,SATISFIED,5.1658,24564.0,47600.94
SAL-Ei-LM,bom_tubes_p10_ao11_am18_3_m10_ao11_am10_5,11,3,SATISFIED,5.1675,24574.0,48314.34
SAL-Ei-LM,bom_tubes_p10_ao11_am18_3_m10_ao11_am10_5,11,4,SATISFIED,5.1259,24624.0,47979.44
SAL-Ei-LM,bom_tubes_p10_ao11_am18_3_m10_ao11_am10_5,11,5,SATISFIED,5.1691,24639.0,49913.31
SAL-Ei-LM,bom_tubes_p10_ao11_am18_3_m10_ao11_am10_5,11,6,SATISFIED,5.1741,24571.0,50172.22
SAL-Ei-LM,bom_tubes_p10_ao11_am18_3_m10_ao11_am10_5,11,7,SATISFIED,5.1627,24586.0,50721.88
SAL-Ei-LM,bom_tubes_p10_ao11_am18_3_m10_ao11_am10_5,11,8,SATISFIED,5.1695,24564.0,49053.62
SAL-Ei-LM,bom_tubes_p10_ao11_am18_3_m10_ao11_am10_5,11,9,SATISFIED,5.2289,24612.0,50061.94
SAL-Ei-LM,bom_tubes_p10_ao11_am18_3_m10_ao11_am10_5,11,10,SATISFIED,5.1026,24571.0,48943.56
SAL-Ei-LM,bom_tubes_p10_ao11_am18_3_m25_ao11_am19_2,11,1,SATISFIED,5.1698,36205.0,40003.19
SAL-Ei-LM,bom_tubes_p10_ao11_am18_3_m25_ao11_am19_2,11,2,SATISFIED,5.1721,35267.0,40185.03
SAL-Ei-LM,bom_tubes_p10_ao11_am18_3_m25_ao11_am19_2,11,3,SATISFIED,5.1757,35612.0,40613.41
SAL-Ei-LM,bom_tubes_p10_ao11_am18_3_m25_ao11_am19_2,11,4,SATISFIED,5.1625,35711.0,39710.38
SAL-Ei-LM,bom_tubes_p10_ao11_am18_3_m25_ao11_am19_2,11,5,SATISFIED,5.174,35928.0,40045.28
SAL-Ei-LM,bom_tubes_p10_ao11_am18_3_m25_ao11_am19_2,11,6,SATISFIED,5.1733,36542.0,40782.78
SAL-Ei-LM,bom_tubes_p10_ao11_am18_3_m25_ao11_am19_2,11,7,SATISFIED,5.192,36076.0,40152.09
SAL-Ei-LM,bom_tubes_p10_ao11_am18_3_m25_ao11_am19_2,11,8,SATISFIED,5.1867,36705.0,38948.53
SAL-Ei-LM,bom_tubes_p10_ao11_am18_3_m25_ao11_am19_2,11,9,SATISFIED,5.1894,35887.0,40101.75
SAL-Ei-LM,bom_tubes_p10_ao11_am18_3_m25_ao11_am19_2,11,10,SATISFIED,5.1784,35560.0,39124.78
SAL-Ei-LM,bom_tubes_p10_ao11_am18_3_m25_ao11_am21_1,11,1,SATISFIED,5.1788,17272.0,40844.03
SAL-Ei-LM,bom_tubes_p10_ao11_am18_3_m25_ao11_am21_1,11,2,SATISFIED,5.1455,17653.0,39140.81
SAL-Ei-LM,bom_tubes_p10_ao11_am18_3_m25_ao11_am21_1,11,3,SATISFIED,5.1299,18040.0,40571.25
SAL-Ei-LM,bom_tubes_p10_ao11_am18_3_m25_ao11_am21_1,11,4,SATISFIED,5.1149,17398.0,40658.69
SAL-Ei-LM,bom_tubes_p10_ao11_am18_3_m25_ao11_am21_1,11,5,SATISFIED,5.2048,17891.0,40351.62
SAL-Ei-LM,bom_tubes_p10_ao11_am18_3_m25_ao11_am21_1,11,6,SATISFIED,5.3362,17853.0,39315.69
SAL-Ei-LM,bom_tubes_p10_ao11_am18_3_m25_ao11_am21_1,11,7,SATISFIED,5.1992,17917.0,38018.38
SAL-Ei-LM,bom_tubes_p10_ao11_am18_3_m25_ao11_am21_1,11,8,SATISFIED,5.1941,17685.0,38260.25
SAL-Ei-LM,bom_tubes_p10_ao11_am18_3_m25_ao11_am21_1,11,9,SATISFIED,5.2124,17873.0,40380.59
SAL-Ei-LM,bom_tubes_p10_ao11_am18_3_m25_ao11_am21_1,11,10,SATISFIED,5.1913,17884.0,40625.25
SAL-Ei-LM,bom_tubes_p10_ao11_am18_3_m25_ao11_am21_3,11,1,SATISFIED,5.1936,59367.0,40278.62
SAL-Ei-LM,bom_tubes_p10_ao11_am18_3_m25_ao11_am21_3,11,2,SATISFIED,5.1905,58760.0,40335.69
SAL-Ei-LM,bom_tubes_p10_ao11_am18_3_m25_ao11_am21_3,11,3,SATISFIED,5.1719,59752.0,40790.12
SAL-Ei-LM,bom_tubes_p10_ao11_am18_3_m25_ao11_am21_3,11,4,SATISFIED,5.1979,58202.0,40226.25
SAL-Ei-LM,bom_tubes_p10_ao11_am18_3_m25_ao11_am21_3,11,5,SATISFIED,5.2038,59325.0,39845.81
SAL-Ei-LM,bom_tubes_p10_ao11_am18_3_m25_ao11_am21_3,11,6,SATISFIED,5.1988,59844.0,40225.41
SAL-Ei-LM,bom_tubes_p10_ao11_am18_3_m25_ao11_am21_3,11,7,SATISFIED,5.2069,58187.0,38726.97
SAL-Ei-LM,bom_tubes_p10_ao11_am18_3_m25_ao11_am21_3,11,8,SATISFIED,5.2206,58282.0,39581.66
SAL-Ei-LM,bom_tubes_p10_ao11_am18_3_m25_ao11_am21_3,11,9,SATISFIED,5.1957,58632.0,40178.47
SAL-Ei-LM,bom_tubes_p10_ao11_am18_3_m25_ao11_am21_3,11,10,SATISFIED,5.211,58490.0,39489.81
SAL-Ei-LM,bom_tubes_p10_ao11_am18_3_m25_ao11_am23_4,11,1,SATISFIED,5.2079,43633.0,39202.97
SAL-Ei-LM,bom_tubes_p10_ao11_am18_3_m25_ao11_am23_4,11,2,SATISFIED,5.3662,43902.0,39837.5
SAL-Ei-LM,bom_tubes_p10_ao11_am18_3_m25_ao11_am23_4,11,3,SATISFIED,5.1724,44509.0,38343.25
SAL-Ei-LM,bom_tubes_p10_ao11_am18_3_m25_ao11_am23_4,11,4,SATISFIED,5.2082,43433.0,40792.03
SAL-Ei-LM,bom_tubes_p10_ao11_am18_3_m25_ao11_am23_4,11,5,SATISFIED,5.214,43537.0,39043.91
SAL-Ei-LM,bom_tubes_p10_ao11_am18_3_m25_ao11_am23_4,11,6,SATISFIED,5.1874,43618.0,40413.53
SAL-Ei-LM,bom_tubes_p10_ao11_am18_3_m25_ao11_am23_4,11,7,SATISFIED,5.203,43851.0,38953.16
SAL-Ei-LM,bom_tubes_p10_ao11_am18_3_m25_ao11_am23_4,11,8,SATISFIED,5.1738,43796.0,40764.31
SAL-Ei-LM,bom_tubes_p10_ao11_am18_3_m25_ao11_am23_4,11,9,SATISFIED,5.1731,43665.0,39677.0
SAL-Ei-LM,bom_tubes_p10_ao11_am18_3_m25_ao11_am23_4,11,10,SATISFIED,5.18,43740.0,40291.31
SAL-Ei-LM,bom_tubes_p10_ao11_am18_3_m25_ao11_am24_5,11,1,SATISFIED,5.2905,14249.0,38565.69
SAL-Ei-LM,bom_tubes_p10_ao11_am18_3_m25_ao11_am24_5,11,2,SATISFIED,5.1892,14256.0,38471.44
SAL-Ei-LM,bom_tubes_p10_ao11_am18_3_m25_ao11_am24_5,11,3,SATISFIED,5.2145,14186.0,36959.25
SAL-Ei-LM,bom_tubes_p10_ao11_am18_3_m25_ao11_am24_5,11,4,SATISFIED,5.1808,14120.0,39088.09
SAL-Ei-LM,bom_tubes_p10_ao11_am18_3_m25_ao11_am24_5,11,5,SATISFIED,5.2405,14056.0,37972.72
SAL-Ei-LM,bom_tubes_p10_ao11_am18_3_m25_ao11_am24_5,11,6,SATISFIED,5.1997,14359.0,39407.88
SAL-Ei-LM,bom_tubes_p10_ao11_am18_3_m25_ao11_am24_5,11,7,SATISFIED,5.1497,14458.0,39224.47
SAL-Ei-LM,bom_tubes_p10_ao11_am18_3_m25_ao11_am24_5,11,8,SATISFIED,5.3753,14214.0,38556.09
SAL-Ei-LM,bom_tubes_p10_ao11_am18_3_m25_ao11_am24_5,11,9,SATISFIED,5.2357,14346.0,37371.12
SAL-Ei-LM,bom_tubes_p10_ao11_am18_3_m25_ao11_am24_5,11,10,SATISFIED,5.269,14168.0,39055.31
SAL-Ei-LM,bom_tubes_p10_ao11_am18_4,11,1,SATISFIED,5.3112,21640.0,59306.66
SAL-Ei-LM,bom_tubes_p10_ao11_am18_4,11,2,SATISFIED,5.1881,21580.0,58959.44
SAL-Ei-LM,bom_tubes_p10_ao11_am18_4,11,3,SATISFIED,5.1825,21628.0,57020.94
SAL-Ei-LM,bom_tubes_p10_ao11_am18_4,11,4,SATISFIED,5.1691,21632.0,58059.0
SAL-Ei-LM,bom_tubes_p10_ao11_am18_4,11,5,SATISFIED,5.2042,21616.0,59691.81
SAL-Ei-LM,bom_tubes_p10_ao11_am18_4,11,6,SATISFIED,5.175,21520.0,58319.12
SAL-Ei-LM,bom_tubes_p10_ao11_am18_4,11,7,SATISFIED,5.1761,21688.0,57569.19
SAL-Ei-LM,bom_tubes_p10_ao11_am18_4,11,8,SATISFIED,5.1931,21680.0,57473.94
SAL-Ei-LM,bom_tubes_p10_ao11_am18_4,11,9,SATISFIED,5.1761,21472.0,58877.53
SAL-Ei-LM,bom_tubes_p10_ao11_am18_4,11,10,SATISFIED,5.2313,21716.0,58766.22
SAL-Ei-LM,bom_tubes_p10_ao11_am18_4_m10_ao11_am8_3,11,1,SATISFIED,5.165,49281.0,56614.31
SAL-Ei-LM,bom_tubes_p10_ao11_am18_4_m10_ao11_am8_3,11,2,SATISFIED,5.1676,49271.0,55014.75
SAL-Ei-LM,bom_tubes_p10_ao11_am18_4_m10_ao11_am8_3,11,3,SATISFIED,5.1615,49287.0,55789.75
SAL-Ei-LM,bom_tubes_p10_ao11_am18_4_m10_ao11_am8_3,11,4,SATISFIED,5.1558,49271.0,57666.47
SAL-Ei-LM,bom_tubes_p10_ao11_am18_4_m10_ao11_am8_3,11,5,SATISFIED,5.1626,49271.0,56763.38
SAL-Ei-LM,bom_tubes_p10_ao11_am18_4_m10_ao11_am8_3,11,6,SATISFIED,5.1607,49303.0,55311.41
SAL-Ei-LM,bom_tubes_p10_ao11_am18_4_m10_ao11_am8_3,11,7,SATISFIED,5.2353,49281.0,57374.31
SAL-Ei-LM,bom_tubes_p10_ao11_am18_4_m10_ao11_am8_3,11,8,SATISFIED,5.1522,49287.0,55926.59
SAL-Ei-LM,bom_tubes_p10_ao11_am18_4_m10_ao11_am8_3,11,9,SATISFIED,5.1642,49343.0,56829.66
SAL-Ei-LM,bom_tubes_p10_ao11_am18_4_m10_ao11_am8_3,11,10,SATISFIED,5.163,49312.0,56645.47
SAL-Ei-LM,bom_tubes_p10_ao11_am18_4_m10_ao11_am9_1,11,1,SATISFIED,5.1641,40912.0,51008.69
SAL-Ei-LM,bom_tubes_p10_ao11_am18_4_m10_ao11_am9_1,11,2,SATISFIED,5.1446,40842.0,50825.81
SAL-Ei-LM,bom_tubes_p10_ao11_am18_4_m10_ao11_am9_1,11,3,SATISFIED,5.1649,40910.0,51028.5
SAL-Ei-LM,bom_tubes_p10_ao11_am18_4_m10_ao11_am9_1,11,4,SATISFIED,5.1607,40892.0,50148.28
SAL-Ei-LM,bom_tubes_p10_ao11_am18_4_m10_ao11_am9_1,11,5,SATISFIED,5.1648,40928.0,51736.53
SAL-Ei-LM,bom_tubes_p10_ao11_am18_4_m10_ao11_am9_1,11,6,SATISFIED,5.1641,40811.0,50405.84
SAL-Ei-LM,bom_tubes_p10_ao11_am18_4_m10_ao11_am9_1,11,7,SATISFIED,5.1644,40831.0,52893.44
SAL-Ei-LM,bom_tubes_p10_ao11_am18_4_m10_ao11_am9_1,11,8,SATISFIED,5.1626,40793.0,52270.84
SAL-Ei-LM,bom_tubes_p10_ao11_am18_4_m10_ao11_am9_1,11,9,SATISFIED,5.1649,40959.0,51848.94
SAL-Ei-LM,bom_tubes_p10_ao11_am18_4_m10_ao11_am9_1,11,10,SATISFIED,5.1636,40890.0,51550.28
SAL-Ei-LM,bom_tubes_p10_ao11_am18_4_m10_ao11_am9_2,11,1,SATISFIED,5.1596,37376.0,61962.44
SAL-Ei-LM,bom_tubes_p10_ao11_am18_4_m10_ao11_am9_2,11,2,SATISFIED,5.1631,37376.0,63656.22
SAL-Ei-LM,bom_tubes_p10_ao11_am18_4_m10_ao11_am9_2,11,3,SATISFIED,5.1661,37376.0,63192.59
SAL-Ei-LM,bom_tubes_p10_ao11_am18_4_m10_ao11_am9_2,11,4,SATISFIED,5.1629,37376.0,60988.25
SAL-Ei-LM,bom_tubes_p10_ao11_am18_4_m10_ao11_am9_2,11,5,SATISFIED,5.1563,37376.0,62323.16
SAL-Ei-LM,bom_tubes_p10_ao11_am18_4_m10_ao11_am9_2,11,6,SATISFIED,5.1618,37376.0,60728.84
SAL-Ei-LM,bom_tubes_p10_ao11_am18_4_m10_ao11_am9_2,11,7,SATISFIED,5.1648,37376.0,61940.91
SAL-Ei-LM,bom_tubes_p10_ao11_am18_4_m10_ao11_am9_2,11,8,SATISFIED,5.1727,37376.0,63582.47
SAL-Ei-LM,bom_tubes_p10_ao11_am18_4_m10_ao11_am9_2,11,9,SATISFIED,5.2653,37376.0,63787.31
SAL-Ei-LM,bom_tubes_p10_ao11_am18_4_m10_ao11_am9_2,11,10,SATISFIED,5.1549,37376.0,63142.44
SAL-Ei-LM,bom_tubes_p10_ao11_am18_4_m10_ao11_am10_4,11,1,SATISFIED,5.1673,16873.0,45237.28
SAL-Ei-LM,bom_tubes_p10_ao11_am18_4_m10_ao11_am10_4,11,2,SATISFIED,5.1672,16531.0,45363.34
SAL-Ei-LM,bom_tubes_p10_ao11_am18_4_m10_ao11_am10_4,11,3,SATISFIED,5.1642,16639.0,45953.41
SAL-Ei-LM,bom_tubes_p10_ao11_am18_4_m10_ao11_am10_4,11,4,SATISFIED,5.1664,16645.0,46224.84
SAL-Ei-LM,bom_tubes_p10_ao11_am18_4_m10_ao11_am10_4,11,5,SATISFIED,5.1685,16665.0,45421.25
SAL-Ei-LM,bom_tubes_p10_ao11_am18_4_m10_ao11_am10_4,11,6,SATISFIED,5.1583,16469.0,43823.25
SAL-Ei-LM,bom_tubes_p10_ao11_am18_4_m10_ao11_am10_4,11,7,SATISFIED,5.1648,16547.0,44051.66
SAL-Ei-LM,bom_tubes_p10_ao11_am18_4_m10_ao11_am10_4,11,8,SATISFIED,5.1692,16553.0,44490.5
SAL-Ei-LM,bom_tubes_p10_ao11_am18_4_m10_ao11_am10_4,11,9,SATISFIED,5.1642,16619.0,45766.72
SAL-Ei-LM,bom_tubes_p10_ao11_am18_4_m10_ao11_am10_4,11,10,SATISFIED,5.1636,16649.0,45941.81
SAL-Ei-LM,bom_tubes_p10_ao11_am18_4_m10_ao11_am10_5,11,1,SATISFIED,5.17,31819.0,44517.81
SAL-Ei-LM,bom_tubes_p10_ao11_am18_4_m10_ao11_am10_5,11,2,SATISFIED,5.1729,31577.0,46154.25
SAL-Ei-LM,bom_tubes_p10_ao11_am18_4_m10_ao11_am10_5,11,3,SATISFIED,5.1678,31979.0,45478.22
SAL-Ei-LM,bom_tubes_p10_ao11_am18_4_m10_ao11_am10_5,11,4,SATISFIED,5.1677,31819.0,46700.59
SAL-Ei-LM,bom_tubes_p10_ao11_am18_4_m10_ao11_am10_5,11,5,SATISFIED,5.1547,31659.0,46579.62
SAL-Ei-LM,bom_tubes_p10_ao11_am18_4_m10_ao11_am10_5,11,6,SATISFIED,5.1657,31679.0,47824.59
SAL-Ei-LM,bom_tubes_p10_ao11_am18_4_m10_ao11_am10_5,11,7,SATISFIED,5.1671,31679.0,45385.0
SAL-Ei-LM,bom_tubes_p10_ao11_am18_4_m10_ao11_am10_5,11,8,SATISFIED,5.1644,31659.0,45130.03
SAL-Ei-LM,bom_tubes_p10_ao11_am18_4_m10_ao11_am10_5,11,9,SATISFIED,5.1684,31619.0,45988.03
SAL-Ei-LM,bom_tubes_p10_ao11_am18_4_m10_ao11_am10_5,11,10,SATISFIED,5.17,31483.0,47341.25
SAL-Ei-LM,bom_tubes_p10_ao11_am18_4_m25_ao11_am19_2,11,1,SATISFIED,5.2595,34382.0,39850.88
SAL-Ei-LM,bom_tubes_p10_ao11_am18_4_m25_ao11_am19_2,11,2,SATISFIED,5.1606,34099.0,40475.66
SAL-Ei-LM,bom_tubes_p10_ao11_am18_4_m25_ao11_am19_2,11,3,SATISFIED,5.1602,34663.0,39818.62
SAL-Ei-LM,bom_tubes_p10_ao11_am18_4_m25_ao11_am19_2,11,4,SATISFIED,5.1649,34114.0,40646.94
SAL-Ei-LM,bom_tubes_p10_ao11_am18_4_m25_ao11_am19_2,11,5,SATISFIED,5.1703,34154.0,39534.78
SAL-Ei-LM,bom_tubes_p10_ao11_am18_4_m25_ao11_am19_2,11,6,SATISFIED,5.1666,34246.0,39868.25
SAL-Ei-LM,bom_tubes_p10_ao11_am18_4_m25_ao11_am19_2,11,7,SATISFIED,5.1647,34510.0,40788.72
SAL-Ei-LM,bom_tubes_p10_ao11_am18_4_m25_ao11_am19_2,11,8,SATISFIED,5.1631,34256.0,40231.72
SAL-Ei-LM,bom_tubes_p10_ao11_am18_4_m25_ao11_am19_2,11,9,SATISFIED,5.1682,34472.0,40089.06
SAL-Ei-LM,bom_tubes_p10_ao11_am18_4_m25_ao11_am19_2,11,10,SATISFIED,5.1628,34522.0,39689.47
SAL-Ei-LM,bom_tubes_p10_ao11_am18_4_m25_ao11_am20_4,11,1,SATISFIED,5.17,36122.0,39869.41
SAL-Ei-LM,bom_tubes_p10_ao11_am18_4_m25_ao11_am20_4,11,2,SATISFIED,5.1689,33732.0,38623.69
SAL-Ei-LM,bom_tubes_p10_ao11_am18_4_m25_ao11_am20_4,11,3,SATISFIED,5.1711,35094.0,39282.88
SAL-Ei-LM,bom_tubes_p10_ao11_am18_4_m25_ao11_am20_4,11,4,SATISFIED,5.169,34890.0,39869.53
SAL-Ei-LM,bom_tubes_p10_ao11_am18_4_m25_ao11_am20_4,11,5,SATISFIED,5.1697,34316.0,39629.94
SAL-Ei-LM,bom_tubes_p10_ao11_am18_4_m25_ao11_am20_4,11,6,SATISFIED,5.1653,34428.0,40955.19
SAL-Ei-LM,bom_tubes_p10_ao11_am18_4_m25_ao11_am20_4,11,7,SATISFIED,5.2036,35062.0,39186.62
SAL-Ei-LM,bom_tubes_p10_ao11_am18_4_m25_ao11_am20_4,11,8,SATISFIED,5.2104,34280.0,39216.56
SAL-Ei-LM,bom_tubes_p10_ao11_am18_4_m25_ao11_am20_4,11,9,SATISFIED,5.2049,33602.0,38117.66
SAL-Ei-LM,bom_tubes_p10_ao11_am18_4_m25_ao11_am20_4,11,10,SATISFIED,5.1976,34434.0,37782.56
SAL-Ei-LM,bom_tubes_p10_ao11_am18_4_m25_ao11_am21_5,11,1,SATISFIED,5.2214,15036.0,39296.41
SAL-Ei-LM,bom_tubes_p10_ao11_am18_4_m25_ao11_am21_5,11,2,SATISFIED,5.2181,14945.0,38516.22
SAL-Ei-LM,bom_tubes_p10_ao11_am18_4_m25_ao11_am21_5,11,3,SATISFIED,5.2154,14756.0,39306.97
SAL-Ei-LM,bom_tubes_p10_ao11_am18_4_m25_ao11_am21_5,11,4,SATISFIED,5.1945,14782.0,39570.16
SAL-Ei-LM,bom_tubes_p10_ao11_am18_4_m25_ao11_am21_5,11,5,SATISFIED,5.1864,15163.0,39061.59
SAL-Ei-LM,bom_tubes_p10_ao11_am18_4_m25_ao11_am21_5,11,6,SATISFIED,5.1823,14583.0,39753.88
SAL-Ei-LM,bom_tubes_p10_ao11_am18_4_m25_ao11_am21_5,11,7,SATISFIED,5.1891,15073.0,39490.69
SAL-Ei-LM,bom_tubes_p10_ao11_am18_4_m25_ao11_am21_5,11,8,SATISFIED,5.1874,14808.0,40200.94
SAL-Ei-LM,bom_tubes_p10_ao11_am18_4_m25_ao11_am21_5,11,9,SATISFIED,5.1935,14640.0,39248.19
SAL-Ei-LM,bom_tubes_p10_ao11_am18_4_m25_ao11_am21_5,11,10,SATISFIED,5.1905,14875.0,39852.69
SAL-Ei-LM,bom_tubes_p10_ao11_am18_4_m25_ao11_am22_1,11,1,SATISFIED,5.1379,15894.0,38501.88
SAL-Ei-LM,bom_tubes_p10_ao11_am18_4_m25_ao11_am22_1,11,2,SATISFIED,5.1949,15857.0,38892.03
SAL-Ei-LM,bom_tubes_p10_ao11_am18_4_m25_ao11_am22_1,11,3,SATISFIED,5.196,15870.0,38515.44
SAL-Ei-LM,bom_tubes_p10_ao11_am18_4_m25_ao11_am22_1,11,4,SATISFIED,5.3237,15425.0,38545.06
SAL-Ei-LM,bom_tubes_p10_ao11_am18_4_m25_ao11_am22_1,11,5,SATISFIED,5.1938,15636.0,38176.03
SAL-Ei-LM,bom_tubes_p10_ao11_am18_4_m25_ao11_am22_1,11,6,SATISFIED,5.1962,15918.0,38198.59
SAL-Ei-LM,bom_tubes_p10_ao11_am18_4_m25_ao11_am22_1,11,7,SATISFIED,5.2132,15573.0,38184.59
SAL-Ei-LM,bom_tubes_p10_ao11_am18_4_m25_ao11_am22_1,11,8,SATISFIED,5.2045,15929.0,38202.09
SAL-Ei-LM,bom_tubes_p10_ao11_am18_4_m25_ao11_am22_1,11,9,SATISFIED,5.1876,15652.0,38742.84
SAL-Ei-LM,bom_tubes_p10_ao11_am18_4_m25_ao11_am22_1,11,10,SATISFIED,5.2085,15531.0,38604.78
SAL-Ei-LM,bom_tubes_p10_ao11_am18_4_m25_ao11_am22_3,11,1,SATISFIED,5.1913,28028.0,39451.31
SAL-Ei-LM,bom_tubes_p10_ao11_am18_4_m25_ao11_am22_3,11,2,SATISFIED,5.2164,28704.0,39946.91
SAL-Ei-LM,bom_tubes_p10_ao11_am18_4_m25_ao11_am22_3,11,3,SATISFIED,5.2025,28903.0,39665.47
SAL-Ei-LM,bom_tubes_p10_ao11_am18_4_m25_ao11_am22_3,11,4,SATISFIED,5.2252,28332.0,37863.06
SAL-Ei-LM,bom_tubes_p10_ao11_am18_4_m25_ao11_am22_3,11,5,SATISFIED,5.2198,28632.0,39407.22
SAL-Ei-LM,bom_tubes_p10_ao11_am18_4_m25_ao11_am22_3,11,6,SATISFIED,5.1776,28696.0,39659.03
SAL-Ei-LM,bom_tubes_p10_ao11_am18_4_m25_ao11_am22_3,11,7,SATISFIED,5.1897,29013.0,39667.78
SAL-Ei-LM,bom_tubes_p10_ao11_am18_4_m25_ao11_am22_3,11,8,SATISFIED,5.1383,28292.0,39206.59
SAL-Ei-LM,bom_tubes_p10_ao11_am18_4_m25_ao11_am22_3,11,9,SATISFIED,5.1718,28881.0,40340.19
SAL-Ei-LM,bom_tubes_p10_ao11_am18_4_m25_ao11_am22_3,11,10,SATISFIED,5.2926,28576.0,39171.59
SAL-Ei-LM,bom_tubes_p10_ao11_am18_5,11,1,SATISFIED,5.1705,13976.0,57230.62
SAL-Ei-LM,bom_tubes_p10_ao11_am18_5,11,2,SATISFIED,5.1777,13988.0,56913.81
SAL-Ei-LM,bom_tubes_p10_ao11_am18_5,11,3,SATISFIED,5.1825,13912.0,56970.91
SAL-Ei-LM,bom_tubes_p10_ao11_am18_5,11,4,SATISFIED,5.1794,14040.0,56656.72
SAL-Ei-LM,bom_tubes_p10_ao11_am18_5,11,5,SATISFIED,5.1789,13952.0,55568.59
SAL-Ei-LM,bom_tubes_p10_ao11_am18_5,11,6,SATISFIED,5.1696,14056.0,58020.25
SAL-Ei-LM,bom_tubes_p10_ao11_am18_5,11,7,SATISFIED,5.1733,13912.0,57585.31
SAL-Ei-LM,bom_tubes_p10_ao11_am18_5,11,8,SATISFIED,5.1672,13936.0,56456.06
SAL-Ei-LM,bom_tubes_p10_ao11_am18_5,11,9,SATISFIED,5.1706,13912.0,58397.34
SAL-Ei-LM,bom_tubes_p10_ao11_am18_5,11,10,SATISFIED,5.1831,13932.0,58974.81
SAL-Ei-LM,bom_tubes_p10_ao11_am18_5_m10_ao11_am9_1,11,1,SATISFIED,5.1895,35747.0,52716.81
SAL-Ei-LM,bom_tubes_p10_ao11_am18_5_m10_ao11_am9_1,11,2,SATISFIED,5.1941,35843.0,50222.06
SAL-Ei-LM,bom_tubes_p10_ao11_am18_5_m10_ao11_am9_1,11,3,SATISFIED,5.1638,35895.0,51260.09
SAL-Ei-LM,bom_tubes_p10_ao11_am18_5_m10_ao11_am9_1,11,4,SATISFIED,5.1645,35774.0,51461.69
SAL-Ei-LM,bom_tubes_p10_ao11_am18_5_m10_ao11_am9_1,11,5,SATISFIED,5.1652,35929.0,52882.25
SAL-Ei-LM,bom_tubes_p10_ao11_am18_5_m10_ao11_am9_1,11,6,SATISFIED,5.1642,35849.0,51263.22
SAL-Ei-LM,bom_tubes_p10_ao11_am18_5_m10_ao11_am9_1,11,7,SATISFIED,5.1645,35705.0,52600.97
SAL-Ei-LM,bom_tubes_p10_ao11_am18_5_m10_ao11_am9_1,11,8,SATISFIED,5.1743,35868.0,50440.38
SAL-Ei-LM,bom_tubes_p10_ao11_am18_5_m10_ao11_am9_1,11,9,SATISFIED,5.1569,35819.0,50019.31
SAL-Ei-LM,bom_tubes_p10_ao11_am18_5_m10_ao11_am9_1,11,10,SATISFIED,5.1674,35762.0,50104.03
SAL-Ei-LM,bom_tubes_p10_ao11_am18_5_m10_ao11_am9_2,11,1,SATISFIED,5.1832,19461.0,63055.75
SAL-Ei-LM,bom_tubes_p10_ao11_am18_5_m10_ao11_am9_2,11,2,SATISFIED,5.1627,19231.0,61969.94
SAL-Ei-LM,bom_tubes_p10_ao11_am18_5_m10_ao11_am9_2,11,3,SATISFIED,5.1645,19183.0,64420.0
SAL-Ei-LM,bom_tubes_p10_ao11_am18_5_m10_ao11_am9_2,11,4,SATISFIED,5.1612,19524.0,63723.59
SAL-Ei-LM,bom_tubes_p10_ao11_am18_5_m10_ao11_am9_2,11,5,SATISFIED,5.1625,19190.0,62663.34
SAL-Ei-LM,bom_tubes_p10_ao11_am18_5_m10_ao11_am9_2,11,6,SATISFIED,5.1658,19379.0,64437.53
SAL-Ei-LM,bom_tubes_p10_ao11_am18_5_m10_ao11_am9_2,11,7,SATISFIED,5.1638,19561.0,62186.56
SAL-Ei-LM,bom_tubes_p10_ao11_am18_5_m10_ao11_am9_2,11,8,SATISFIED,5.1618,19267.0,62600.0
SAL-Ei-LM,bom_tubes_p10_ao11_am18_5_m10_ao11_am9_2,11,9,SATISFIED,5.1627,19217.0,61688.34
SAL-Ei-LM,bom_tubes_p10_ao11_am18_5_m10_ao11_am9_2,11,10,SATISFIED,5.1686,19297.0,61577.41
SAL-Ei-LM,bom_tubes_p10_ao11_am18_5_m10_ao11_am10_3,11,1,SATISFIED,5.1617,14178.0,59069.88
SAL-Ei-LM,bom_tubes_p10_ao11_am18_5_m10_ao11_am10_3,11,2,SATISFIED,5.1431,14197.0,60210.72
SAL-Ei-LM,bom_tubes_p10_ao11_am18_5_m10_ao11_am10_3,11,3,SATISFIED,5.1674,14334.0,59931.25
SAL-Ei-LM,bom_tubes_p10_ao11_am18_5_m10_ao11_am10_3,11,4,SATISFIED,5.1802,14314.0,60190.88
SAL-Ei-LM,bom_tubes_p10_ao11_am18_5_m10_ao11_am10_3,11,5,SATISFIED,5.1747,14258.0,60293.03
SAL-Ei-LM,bom_tubes_p10_ao11_am18_5_m10_ao11_am10_3,11,6,SATISFIED,5.1654,14190.0,59547.72
SAL-Ei-LM,bom_tubes_p10_ao11_am18_5_m10_ao11_am10_3,11,7,SATISFIED,5.19,14265.0,58346.94
SAL-Ei-LM,bom_tubes_p10_ao11_am18_5_m10_ao11_am10_3,11,8,SATISFIED,5.1651,14190.0,57414.75
SAL-Ei-LM,bom_tubes_p10_ao11_am18_5_m10_ao11_am10_3,11,9,SATISFIED,5.1639,14271.0,57907.91
SAL-Ei-LM,bom_tubes_p10_ao11_am18_5_m10_ao11_am10_3,11,10,SATISFIED,5.177,14254.0,57941.28
SAL-Ei-LM,bom_tubes_p10_ao11_am18_5_m10_ao11_am10_4,11,1,SATISFIED,5.1652,16421.0,44654.88
SAL-Ei-LM,bom_tubes_p10_ao11_am18_5_m10_ao11_am10_4,11,2,SATISFIED,5.1761,16476.0,43642.53
SAL-Ei-LM,bom_tubes_p10_ao11_am18_5_m10_ao11_am10_4,11,3,SATISFIED,5.1761,16404.0,44504.09
SAL-Ei-LM,bom_tubes_p10_ao11_am18_5_m10_ao11_am10_4,11,4,SATISFIED,5.1709,16436.0,45202.22
SAL-Ei-LM,bom_tubes_p10_ao11_am18_5_m10_ao11_am10_4,11,5,SATISFIED,5.1707,16493.0,43943.09
SAL-Ei-LM,bom_tubes_p10_ao11_am18_5_m10_ao11_am10_4,11,6,SATISFIED,5.137,16456.0,43110.66
SAL-Ei-LM,bom_tubes_p10_ao11_am18_5_m10_ao11_am10_4,11,7,SATISFIED,5.1881,16472.0,42428.97
SAL-Ei-LM,bom_tubes_p10_ao11_am18_5_m10_ao11_am10_4,11,8,SATISFIED,5.1868,16503.0,42608.41
SAL-Ei-LM,bom_tubes_p10_ao11_am18_5_m10_ao11_am10_4,11,9,SATISFIED,5.1952,16419.0,43350.72
SAL-Ei-LM,bom_tubes_p10_ao11_am18_5_m10_ao11_am10_4,11,10,SATISFIED,5.2038,16410.0,43623.41
SAL-Ei-LM,bom_tubes_p10_ao11_am18_5_m10_ao11_am10_5,11,1,SATISFIED,5.1902,12851.0,44324.91
SAL-Ei-LM,bom_tubes_p10_ao11_am18_5_m10_ao11_am10_5,11,2,SATISFIED,5.1856,12828.0,45590.47
SAL-Ei-LM,bom_tubes_p10_ao11_am18_5_m10_ao11_am10_5,11,3,SATISFIED,5.2003,12820.0,45538.88
SAL-Ei-LM,bom_tubes_p10_ao11_am18_5_m10_ao11_am10_5,11,4,SATISFIED,5.1806,12799.0,44041.44
SAL-Ei-LM,bom_tubes_p10_ao11_am18_5_m10_ao11_am10_5,11,5,SATISFIED,5.1799,12823.0,44253.62
SAL-Ei-LM,bom_tubes_p10_ao11_am18_5_m10_ao11_am10_5,11,6,SATISFIED,5.1809,12823.0,44580.19
SAL-Ei-LM,bom_tubes_p10_ao11_am18_5_m10_ao11_am10_5,11,7,SATISFIED,5.176,12820.0,45012.97
SAL-Ei-LM,bom_tubes_p10_ao11_am18_5_m10_ao11_am10_5,11,8,SATISFIED,5.1796,12840.0,44905.59
SAL-Ei-LM,bom_tubes_p10_ao11_am18_5_m10_ao11_am10_5,11,9,SATISFIED,5.1694,12830.0,44760.34
SAL-Ei-LM,bom_tubes_p10_ao11_am18_5_m10_ao11_am10_5,11,10,SATISFIED,5.1698,12839.0,44888.56
SAL-Ei-LM,bom_tubes_p10_ao11_am18_5_m25_ao11_am19_2,11,1,SATISFIED,5.1755,30122.0,41683.38
SAL-Ei-LM,bom_tubes_p10_ao11_am18_5_m25_ao11_am19_2,11,2,SATISFIED,5.1708,30098.0,40754.91
SAL-Ei-LM,bom_tubes_p10_ao11_am18_5_m25_ao11_am19_2,11,3,SATISFIED,5.1798,29948.0,40769.16
SAL-Ei-LM,bom_tubes_p10_ao11_am18_5_m25_ao11_am19_2,11,4,SATISFIED,5.1988,29612.0,39746.25
SAL-Ei-LM,bom_tubes_p10_ao11_am18_5_m25_ao11_am19_2,11,5,SATISFIED,5.2094,30324.0,40749.09
SAL-Ei-LM,bom_tubes_p10_ao11_am18_5_m25_ao11_am19_2,11,6,SATISFIED,5.1394,30140.0,40388.0
SAL-Ei-LM,bom_tubes_p10_ao11_am18_5_m25_ao11_am19_2,11,7,SATISFIED,5.1762,30332.0,40811.16
SAL-Ei-LM,bom_tubes_p10_ao11_am18_5_m25_ao11_am19_2,11,8,SATISFIED,5.1743,30558.0,40285.47
SAL-Ei-LM,bom_tubes_p10_ao11_am18_5_m25_ao11_am19_2,11,9,SATISFIED,5.181,29888.0,40690.84
SAL-Ei-LM,bom_tubes_p10_ao11_am18_5_m25_ao11_am19_2,11,10,SATISFIED,5.1776,29812.0,40339.5
SAL-Ei-LM,bom_tubes_p10_ao11_am18_5_m25_ao11_am19_5,11,1,SATISFIED,5.2008,14226.0,40086.09
SAL-Ei-LM,bom_tubes_p10_ao11_am18_5_m25_ao11_am19_5,11,2,SATISFIED,5.1888,14398.0,39981.16
SAL-Ei-LM,bom_tubes_p10_ao11_am18_5_m25_ao11_am19_5,11,3,SATISFIED,5.1944,14192.0,40268.16
SAL-Ei-LM,bom_tubes_p10_ao11_am18_5_m25_ao11_am19_5,11,4,SATISFIED,5.1876,14345.0,37488.22
SAL-Ei-LM,bom_tubes_p10_ao11_am18_5_m25_ao11_am19_5,11,5,SATISFIED,5.1914,14226.0,39812.88
SAL-Ei-LM,bom_tubes_p10_ao11_am18_5_m25_ao11_am19_5,11,6,SATISFIED,5.1711,13986.0,38822.44
SAL-Ei-LM,bom_tubes_p10_ao11_am18_5_m25_ao11_am19_5,11,7,SATISFIED,5.1703,14148.0,39261.28
SAL-Ei-LM,bom_tubes_p10_ao11_am18_5_m25_ao11_am19_5,11,8,SATISFIED,5.1682,14160.0,39633.66
SAL-Ei-LM,bom_tubes_p10_ao11_am18_5_m25_ao11_am19_5,11,9,SATISFIED,5.1796,14411.0,40335.66
SAL-Ei-LM,bom_tubes_p10_ao11_am18_5_m25_ao11_am19_5,11,10,SATISFIED,5.288,14601.0,40506.31
SAL-Ei-LM,bom_tubes_p10_ao11_am18_5_m25_ao11_am22_1,11,1,SATISFIED,5.1877,17847.0,39825.34
SAL-Ei-LM,bom_tubes_p10_ao11_am18_5_m25_ao11_am22_1,11,2,SATISFIED,5.2269,17695.0,39840.34
SAL-Ei-LM,bom_tubes_p10_ao11_am18_5_m25_ao11_am22_1,11,3,SATISFIED,5.1997,17899.0,38613.69
SAL-Ei-LM,bom_tubes_p10_ao11_am18_5_m25_ao11_am22_1,11,4,SATISFIED,5.1795,17941.0,39268.75
SAL-Ei-LM,bom_tubes_p10_ao11_am18_5_m25_ao11_am22_1,11,5,SATISFIED,5.2008,17847.0,39056.88
SAL-Ei-LM,bom_tubes_p10_ao11_am18_5_m25_ao11_am22_1,11,6,SATISFIED,5.1801,17875.0,39266.97
SAL-Ei-LM,bom_tubes_p10_ao11_am18_5_m25_ao11_am22_1,11,7,SATISFIED,5.1776,17640.0,37133.03
SAL-Ei-LM,bom_tubes_p10_ao11_am18_5_m25_ao11_am22_1,11,8,SATISFIED,5.1506,17839.0,36798.56
SAL-Ei-LM,bom_tubes_p10_ao11_am18_5_m25_ao11_am22_1,11,9,SATISFIED,5.1745,17748.0,37245.31
SAL-Ei-LM,bom_tubes_p10_ao11_am18_5_m25_ao11_am22_1,11,10,SATISFIED,5.1911,17223.0,39128.09
SAL-Ei-LM,bom_tubes_p10_ao11_am18_5_m25_ao11_am22_4,11,1,SATISFIED,5.1711,32087.0,38064.56
SAL-Ei-LM,bom_tubes_p10_ao11_am18_5_m25_ao11_am22_4,11,2,SATISFIED,5.1292,31730.0,38270.22
SAL-Ei-LM,bom_tubes_p10_ao11_am18_5_m25_ao11_am22_4,11,3,SATISFIED,5.17,32511.0,38225.12
SAL-Ei-LM,bom_tubes_p10_ao11_am18_5_m25_ao11_am22_4,11,4,SATISFIED,5.1738,33119.0,38964.09
SAL-Ei-LM,bom_tubes_p10_ao11_am18_5_m25_ao11_am22_4,11,5,SATISFIED,5.1797,32679.0,37377.56
SAL-Ei-LM,bom_tubes_p10_ao11_am18_5_m25_ao11_am22_4,11,6,SATISFIED,5.3255,32847.0,38750.81
SAL-Ei-LM,bom_tubes_p10_ao11_am18_5_m25_ao11_am22_4,11,7,SATISFIED,5.1695,32179.0,37553.97
SAL-Ei-LM,bom_tubes_p10_ao11_am18_5_m25_ao11_am22_4,11,8,SATISFIED,5.1806,32399.0,38849.16
SAL-Ei-LM,bom_tubes_p10_ao11_am18_5_m25_ao11_am22_4,11,9,SATISFIED,5.1796,32255.0,38677.12
SAL-Ei-LM,bom_tubes_p10_ao11_am18_5_m25_ao11_am22_4,11,10,SATISFIED,5.1115,32471.0,39562.0
SAL-Ei-LM,bom_tubes_p10_ao11_am18_5_m25_ao11_am23_3,11,1,SATISFIED,5.1921,18592.0,38414.16
SAL-Ei-LM,bom_tubes_p10_ao11_am18_5_m25_ao11_am23_3,11,2,SATISFIED,5.1841,18560.0,39001.19
SAL-Ei-LM,bom_tubes_p10_ao11_am18_5_m25_ao11_am23_3,11,3,SATISFIED,5.1831,18604.0,38547.38
SAL-Ei-LM,bom_tubes_p10_ao11_am18_5_m25_ao11_am23_3,11,4,SATISFIED,5.1949,18460.0,39251.28
SAL-Ei-LM,bom_tubes_p10_ao11_am18_5_m25_ao11_am23_3,11,5,SATISFIED,5.1598,18414.0,39746.97
SAL-Ei-LM,bom_tubes_p10_ao11_am18_5_m25_ao11_am23_3,11,6,SATISFIED,5.1659,18400.0,39331.94
SAL-Ei-LM,bom_tubes_p10_ao11_am18_5_m25_ao11_am23_3,11,7,SATISFIED,5.1671,18534.0,38519.59
SAL-Ei-LM,bom_tubes_p10_ao11_am18_5_m25_ao11_am23_3,11,8,SATISFIED,5.1637,18394.0,38626.34
SAL-Ei-LM,bom_tubes_p10_ao11_am18_5_m25_ao11_am23_3,11,9,SATISFIED,5.1623,18244.0,39338.94
SAL-Ei-LM,bom_tubes_p10_ao11_am18_5_m25_ao11_am23_3,11,10,SATISFIED,5.1662,18376.0,38643.91
SAL-Ei-LM,bom_tubes_p20_ao12_am18_1,12,1,SATISFIED,5.1707,38971.0,55002.62
SAL-Ei-LM,bom_tubes_p20_ao12_am18_1,12,2,SATISFIED,5.1696,40802.0,55032.53
SAL-Ei-LM,bom_tubes_p20_ao12_am18_1,12,3,SATISFIED,5.1784,37820.0,54434.75
SAL-Ei-LM,bom_tubes_p20_ao12_am18_1,12,4,SATISFIED,5.1275,36955.0,53845.91
SAL-Ei-LM,bom_tubes_p20_ao12_am18_1,12,5,SATISFIED,5.1697,37888.0,54555.16
SAL-Ei-LM,bom_tubes_p20_ao12_am18_1,12,6,SATISFIED,5.1641,40346.0,53292.47
SAL-Ei-LM,bom_tubes_p20_ao12_am18_1,12,7,SATISFIED,5.1623,40157.0,55925.03
SAL-Ei-LM,bom_tubes_p20_ao12_am18_1,12,8,SATISFIED,5.1705,39208.0,55310.0
SAL-Ei-LM,bom_tubes_p20_ao12_am18_1,12,9,SATISFIED,5.1792,40225.0,55157.97
SAL-Ei-LM,bom_tubes_p20_ao12_am18_1,12,10,SATISFIED,5.1693,40511.0,56459.97
SAL-Ei-LM,bom_tubes_p20_ao12_am18_1_m13_ao12_am11_3,12,1,SATISFIED,5.172,45061.0,55580.91
SAL-Ei-LM,bom_tubes_p20_ao12_am18_1_m13_ao12_am11_3,12,2,SATISFIED,5.1671,45061.0,55953.25
SAL-Ei-LM,bom_tubes_p20_ao12_am18_1_m13_ao12_am11_3,12,3,SATISFIED,5.1657,45061.0,56222.91
SAL-Ei-LM,bom_tubes_p20_ao12_am18_1_m13_ao12_am11_3,12,4,SATISFIED,5.1636,45061.0,55352.66
SAL-Ei-LM,bom_tubes_p20_ao12_am18_1_m13_ao12_am11_3,12,5,SATISFIED,5.1671,45061.0,55807.56
SAL-Ei-LM,bom_tubes_p20_ao12_am18_1_m13_ao12_am11_3,12,6,SATISFIED,5.1685,45061.0,54276.59
SAL-Ei-LM,bom_tubes_p20_ao12_am18_1_m13_ao12_am11_3,12,7,SATISFIED,5.1624,45061.0,55196.69
SAL-Ei-LM,bom_tubes_p20_ao12_am18_1_m13_ao12_am11_3,12,8,SATISFIED,5.1632,45061.0,53956.12
SAL-Ei-LM,bom_tubes_p20_ao12_am18_1_m13_ao12_am11_3,12,9,SATISFIED,5.1682,45061.0,55922.66
SAL-Ei-LM,bom_tubes_p20_ao12_am18_1_m13_ao12_am11_3,12,10,SATISFIED,5.1785,45061.0,53385.94
SAL-Ei-LM,bom_tubes_p20_ao12_am18_1_m13_ao12_am11_5,12,1,SATISFIED,5.1612,142954.0,42542.03
SAL-Ei-LM,bom_tubes_p20_ao12_am18_1_m13_ao12_am11_5,12,2,SATISFIED,5.2661,142864.0,42236.59
SAL-Ei-LM,bom_tubes_p20_ao12_am18_1_m13_ao12_am11_5,12,3,SATISFIED,5.1625,142967.0,42552.19
SAL-Ei-LM,bom_tubes_p20_ao12_am18_1_m13_ao12_am11_5,12,4,SATISFIED,5.1706,142819.0,43816.97
SAL-Ei-LM,bom_tubes_p20_ao12_am18_1_m13_ao12_am11_5,12,5,SATISFIED,5.1708,142967.0,42612.22
SAL-Ei-LM,bom_tubes_p20_ao12_am18_1_m13_ao12_am11_5,12,6,SATISFIED,5.1631,142909.0,42754.06
SAL-Ei-LM,bom_tubes_p20_ao12_am18_1_m13_ao12_am11_5,12,7,SATISFIED,5.1656,142993.0,42722.5
SAL-Ei-LM,bom_tubes_p20_ao12_am18_1_m13_ao12_am11_5,12,8,SATISFIED,5.1895,142834.0,42971.06
SAL-Ei-LM,bom_tubes_p20_ao12_am18_1_m13_ao12_am11_5,12,9,SATISFIED,5.1916,142890.0,42762.06
SAL-Ei-LM,bom_tubes_p20_ao12_am18_1_m13_ao12_am11_5,12,10,SATISFIED,5.181,142868.0,43084.97
SAL-Ei-LM,bom_tubes_p20_ao12_am18_1_m13_ao12_am12_1,12,1,SATISFIED,5.215,66739.0,52245.78
SAL-Ei-LM,bom_tubes_p20_ao12_am18_1_m13_ao12_am12_1,12,2,SATISFIED,5.2236,66743.0,51075.38
SAL-Ei-LM,bom_tubes_p20_ao12_am18_1_m13_ao12_am12_1,12,3,SATISFIED,5.1972,66767.0,51206.5
SAL-Ei-LM,bom_tubes_p20_ao12_am18_1_m13_ao12_am12_1,12,4,SATISFIED,5.2281,66767.0,51761.03
SAL-Ei-LM,bom_tubes_p20_ao12_am18_1_m13_ao12_am12_1,12,5,SATISFIED,5.2105,66751.0,50125.47
SAL-Ei-LM,bom_tubes_p20_ao12_am18_1_m13_ao12_am12_1,12,6,SATISFIED,5.19,66763.0,52352.53
SAL-Ei-LM,bom_tubes_p20_ao12_am18_1_m13_ao12_am12_1,12,7,SATISFIED,5.1896,66767.0,50334.75
SAL-Ei-LM,bom_tubes_p20_ao12_am18_1_m13_ao12_am12_1,12,8,SATISFIED,5.1822,66767.0,52865.19
SAL-Ei-LM,bom_tubes_p20_ao12_am18_1_m13_ao12_am12_1,12,9,SATISFIED,5.1603,66767.0,49520.22
SAL-Ei-LM,bom_tubes_p20_ao12_am18_1_m13_ao12_am12_1,12,10,SATISFIED,5.2434,66767.0,50768.12
SAL-Ei-LM,bom_tubes_p20_ao12_am18_1_m13_ao12_am13_2,12,1,SATISFIED,5.176,36261.0,46734.59
SAL-Ei-LM,bom_tubes_p20_ao12_am18_1_m13_ao12_am13_2,12,2,SATISFIED,5.3216,35591.0,47624.66
SAL-Ei-LM,bom_tubes_p20_ao12_am18_1_m13_ao12_am13_2,12,3,SATISFIED,5.1906,33852.0,45469.28
SAL-Ei-LM,bom_tubes_p20_ao12_am18_1_m13_ao12_am13_2,12,4,SATISFIED,5.1982,36596.0,47080.34
SAL-Ei-LM,bom_tubes_p20_ao12_am18_1_m13_ao12_am13_2,12,5,SATISFIED,5.1623,35323.0,47491.41
SAL-Ei-LM,bom_tubes_p20_ao12_am18_1_m13_ao12_am13_2,12,6,SATISFIED,5.1667,36732.0,47079.0
SAL-Ei-LM,bom_tubes_p20_ao12_am18_1_m13_ao12_am13_2,12,7,SATISFIED,5.1654,33634.0,47271.12
SAL-Ei-LM,bom_tubes_p20_ao12_am18_1_m13_ao12_am13_2,12,8,SATISFIED,5.1859,36625.0,48795.75
SAL-Ei-LM,bom_tubes_p20_ao12_am18_1_m13_ao12_am13_2,12,9,SATISFIED,5.1816,36085.0,47910.78
SAL-Ei-LM,bom_tubes_p20_ao12_am18_1_m13_ao12_am13_2,12,10,SATISFIED,5.1838,36256.0,48162.06
SAL-Ei-LM,bom_tubes_p20_ao12_am18_1_m13_ao12_am13_4,12,1,SATISFIED,5.1849,49194.0,41131.31
SAL-Ei-LM,bom_tubes_p20_ao12_am18_1_m13_ao12_am13_4,12,2,SATISFIED,5.1831,49205.0,41501.62
SAL-Ei-LM,bom_tubes_p20_ao12_am18_1_m13_ao12_am13_4,12,3,SATISFIED,5.1742,49299.0,41531.12
SAL-Ei-LM,bom_tubes_p20_ao12_am18_1_m13_ao12_am13_4,12,4,SATISFIED,5.185,49182.0,43166.59
SAL-Ei-LM,bom_tubes_p20_ao12_am18_1_m13_ao12_am13_4,12,5,SATISFIED,5.2066,49170.0,42652.78
SAL-Ei-LM,bom_tubes_p20_ao12_am18_1_m13_ao12_am13_4,12,6,SATISFIED,5.1758,49180.0,41355.75
SAL-Ei-LM,bom_tubes_p20_ao12_am18_1_m13_ao12_am13_4,12,7,SATISFIED,5.163,49140.0,41585.88
SAL-Ei-LM,bom_tubes_p20_ao12_am18_1_m13_ao12_am13_4,12,8,SATISFIED,5.1663,49368.0,40843.06
SAL-Ei-LM,bom_tubes_p20_ao12_am18_1_m13_ao12_am13_4,12,9,SATISFIED,5.1668,49131.0,41634.91
SAL-Ei-LM,bom_tubes_p20_ao12_am18_1_m13_ao12_am13_4,12,10,SATISFIED,5.165,49279.0,40208.0
SAL-Ei-LM,bom_tubes_p20_ao12_am18_1_m30_ao12_am19_2,12,1,SATISFIED,5.2696,9580.0,40289.28
SAL-Ei-LM,bom_tubes_p20_ao12_am18_1_m30_ao12_am19_2,12,2,SATISFIED,5.1515,9560.0,39624.25
SAL-Ei-LM,bom_tubes_p20_ao12_am18_1_m30_ao12_am19_2,12,3,SATISFIED,5.1623,9640.0,39389.44
SAL-Ei-LM,bom_tubes_p20_ao12_am18_1_m30_ao12_am19_2,12,4,SATISFIED,5.1684,9580.0,38943.97
SAL-Ei-LM,bom_tubes_p20_ao12_am18_1_m30_ao12_am19_2,12,5,SATISFIED,5.1689,9580.0,39213.62
SAL-Ei-LM,bom_tubes_p20_ao12_am18_1_m30_ao12_am19_2,12,6,SATISFIED,5.1643,9580.0,39504.12
SAL-Ei-LM,bom_tubes_p20_ao12_am18_1_m30_ao12_am19_2,12,7,SATISFIED,5.1662,9600.0,39281.06
SAL-Ei-LM,bom_tubes_p20_ao12_am18_1_m30_ao12_am19_2,12,8,SATISFIED,5.172,9620.0,40345.44
SAL-Ei-LM,bom_tubes_p20_ao12_am18_1_m30_ao12_am19_2,12,9,SATISFIED,5.1693,9660.0,39744.06
SAL-Ei-LM,bom_tubes_p20_ao12_am18_1_m30_ao12_am19_2,12,10,SATISFIED,5.1699,9600.0,36507.66
SAL-Ei-LM,bom_tubes_p20_ao12_am18_1_m30_ao12_am19_5,12,1,SATISFIED,5.1655,53061.0,39502.75
SAL-Ei-LM,bom_tubes_p20_ao12_am18_1_m30_ao12_am19_5,12,2,SATISFIED,5.1644,56708.0,40219.28
SAL-Ei-LM,bom_tubes_p20_ao12_am18_1_m30_ao12_am19_5,12,3,SATISFIED,5.1665,52052.0,40000.66
SAL-Ei-LM,bom_tubes_p20_ao12_am18_1_m30_ao12_am19_5,12,4,SATISFIED,5.1687,52480.0,39907.22
SAL-Ei-LM,bom_tubes_p20_ao12_am18_1_m30_ao12_am19_5,12,5,SATISFIED,5.1214,53940.0,38827.62
SAL-Ei-LM,bom_tubes_p20_ao12_am18_1_m30_ao12_am19_5,12,6,SATISFIED,5.1704,55477.0,38968.66
SAL-Ei-LM,bom_tubes_p20_ao12_am18_1_m30_ao12_am19_5,12,7,SATISFIED,5.1702,56429.0,41227.31
SAL-Ei-LM,bom_tubes_p20_ao12_am18_1_m30_ao12_am19_5,12,8,SATISFIED,5.1742,54714.0,38799.5
SAL-Ei-LM,bom_tubes_p20_ao12_am18_1_m30_ao12_am19_5,12,9,SATISFIED,5.32,55945.0,39901.12
SAL-Ei-LM,bom_tubes_p20_ao12_am18_1_m30_ao12_am19_5,12,10,SATISFIED,5.1745,56327.0,39831.84
SAL-Ei-LM,bom_tubes_p20_ao12_am18_1_m30_ao12_am20_3,12,1,SATISFIED,5.1758,46897.0,41111.09
SAL-Ei-LM,bom_tubes_p20_ao12_am18_1_m30_ao12_am20_3,12,2,SATISFIED,5.2048,47543.0,40532.91
SAL-Ei-LM,bom_tubes_p20_ao12_am18_1_m30_ao12_am20_3,12,3,SATISFIED,5.1662,47205.0,41479.16
SAL-Ei-LM,bom_tubes_p20_ao12_am18_1_m30_ao12_am20_3,12,4,SATISFIED,5.1648,46878.0,41250.5
SAL-Ei-LM,bom_tubes_p20_ao12_am18_1_m30_ao12_am20_3,12,5,SATISFIED,5.1758,47469.0,40825.88
SAL-Ei-LM,bom_tubes_p20_ao12_am18_1_m30_ao12_am20_3,12,6,SATISFIED,5.1677,46895.0,41411.16
SAL-Ei-LM,bom_tubes_p20_ao12_am18_1_m30_ao12_am20_3,12,7,SATISFIED,5.164,47207.0,41030.38
SAL-Ei-LM,bom_tubes_p20_ao12_am18_1_m30_ao12_am20_3,12,8,SATISFIED,5.1671,47809.0,40988.47
SAL-Ei-LM,bom_tubes_p20_ao12_am18_1_m30_ao12_am20_3,12,9,SATISFIED,5.1745,47280.0,39667.72
SAL-Ei-LM,bom_tubes_p20_ao12_am18_1_m30_ao12_am20_3,12,10,SATISFIED,5.1714,47144.0,41056.22
SAL-Ei-LM,bom_tubes_p20_ao12_am18_1_m30_ao12_am22_1,12,1,SATISFIED,5.157,53981.0,37627.12
SAL-Ei-LM,bom_tubes_p20_ao12_am18_1_m30_ao12_am22_1,12,2,SATISFIED,5.1616,53871.0,38172.69
SAL-Ei-LM,bom_tubes_p20_ao12_am18_1_m30_ao12_am22_1,12,3,SATISFIED,5.0972,54417.0,39223.94
SAL-Ei-LM,bom_tubes_p20_ao12_am18_1_m30_ao12_am22_1,12,4,SATISFIED,5.1627,54226.0,40335.75
SAL-Ei-LM,bom_tubes_p20_ao12_am18_1_m30_ao12_am22_1,12,5,SATISFIED,5.1023,53132.0,39939.28
SAL-Ei-LM,bom_tubes_p20_ao12_am18_1_m30_ao12_am22_1,12,6,SATISFIED,5.1724,54488.0,40370.47
SAL-Ei-LM,bom_tubes_p20_ao12_am18_1_m30_ao12_am22_1,12,7,SATISFIED,5.2749,54546.0,39273.56
SAL-Ei-LM,bom_tubes_p20_ao12_am18_1_m30_ao12_am22_1,12,8,SATISFIED,5.1731,53720.0,38813.97
SAL-Ei-LM,bom_tubes_p20_ao12_am18_1_m30_ao12_am22_1,12,9,SATISFIED,5.1779,53962.0,37627.03
SAL-Ei-LM,bom_tubes_p20_ao12_am18_1_m30_ao12_am22_1,12,10,SATISFIED,5.1708,53763.0,39158.69
SAL-Ei-LM,bom_tubes_p20_ao12_am18_1_m30_ao12_am23_4,12,1,SATISFIED,5.1688,24811.0,38826.78
SAL-Ei-LM,bom_tubes_p20_ao12_am18_1_m30_ao12_am23_4,12,2,SATISFIED,5.1713,25265.0,39738.81
SAL-Ei-LM,bom_tubes_p20_ao12_am18_1_m30_ao12_am23_4,12,3,SATISFIED,5.1724,25283.0,39910.56
SAL-Ei-LM,bom_tubes_p20_ao12_am18_1_m30_ao12_am23_4,12,4,SATISFIED,5.1931,25164.0,39518.5
SAL-Ei-LM,bom_tubes_p20_ao12_am18_1_m30_ao12_am23_4,12,5,SATISFIED,5.1876,25016.0,39459.59
SAL-Ei-LM,bom_tubes_p20_ao12_am18_1_m30_ao12_am23_4,12,6,SATISFIED,5.1743,24597.0,39699.69
SAL-Ei-LM,bom_tubes_p20_ao12_am18_1_m30_ao12_am23_4,12,7,SATISFIED,5.1741,24281.0,40087.91
SAL-Ei-LM,bom_tubes_p20_ao12_am18_1_m30_ao12_am23_4,12,8,SATISFIED,5.1123,24663.0,40355.03
SAL-Ei-LM,bom_tubes_p20_ao12_am18_1_m30_ao12_am23_4,12,9,SATISFIED,5.136,23086.0,39308.25
SAL-Ei-LM,bom_tubes_p20_ao12_am18_1_m30_ao12_am23_4,12,10,SATISFIED,5.1621,24953.0,39665.19
SAL-Ei-LM,bom_tubes_p20_ao12_am18_2,12,1,SATISFIED,5.1822,106974.0,55690.22
SAL-Ei-LM,bom_tubes_p20_ao12_am18_2,12,2,SATISFIED,5.2421,106410.0,54144.94
SAL-Ei-LM,bom_tubes_p20_ao12_am18_2,12,3,SATISFIED,5.1667,106834.0,56214.88
SAL-Ei-LM,bom_tubes_p20_ao12_am18_2,12,4,SATISFIED,5.1743,106842.0,55289.81
SAL-Ei-LM,bom_tubes_p20_ao12_am18_2,12,5,SATISFIED,5.1683,106758.0,52101.78
SAL-Ei-LM,bom_tubes_p20_ao12_am18_2,12,6,SATISFIED,5.1752,106882.0,54946.69
SAL-Ei-LM,bom_tubes_p20_ao12_am18_2,12,7,SATISFIED,5.1732,106598.0,54384.78
SAL-Ei-LM,bom_tubes_p20_ao12_am18_2,12,8,SATISFIED,5.1789,106770.0,54149.25
SAL-Ei-LM,bom_tubes_p20_ao12_am18_2,12,9,SATISFIED,5.1095,106670.0,53769.97
SAL-Ei-LM,bom_tubes_p20_ao12_am18_2,12,10,SATISFIED,5.1754,106498.0,54347.75
SAL-Ei-LM,bom_tubes_p20_ao12_am18_2_m13_ao12_am12_2,12,1,SATISFIED,5.1743,186355.0,49588.12
SAL-Ei-LM,bom_tubes_p20_ao12_am18_2_m13_ao12_am12_2,12,2,SATISFIED,5.176,186209.0,49136.25
SAL-Ei-LM,bom_tubes_p20_ao12_am18_2_m13_ao12_am12_2,12,3,SATISFIED,5.1706,186257.0,51201.62
SAL-Ei-LM,bom_tubes_p20_ao12_am18_2_m13_ao12_am12_2,12,4,SATISFIED,5.1692,186279.0,49053.91
SAL-Ei-LM,bom_tubes_p20_ao12_am18_2_m13_ao12_am12_2,12,5,SATISFIED,5.1739,186231.0,50382.94
SAL-Ei-LM,bom_tubes_p20_ao12_am18_2_m13_ao12_am12_2,12,6,SATISFIED,5.1299,186238.0,52150.38
SAL-Ei-LM,bom_tubes_p20_ao12_am18_2_m13_ao12_am12_2,12,7,SATISFIED,5.1777,186262.0,49724.31
SAL-Ei-LM,bom_tubes_p20_ao12_am18_2_m13_ao12_am12_2,12,8,SATISFIED,5.178,186269.0,50680.66
SAL-Ei-LM,bom_tubes_p20_ao12_am18_2_m13_ao12_am12_2,12,9,SATISFIED,5.183,186244.0,50731.59
SAL-Ei-LM,bom_tubes_p20_ao12_am18_2_m13_ao12_am12_2,12,10,SATISFIED,5.2828,186293.0,49468.16
SAL-Ei-LM,bom_tubes_p20_ao12_am18_2_m13_ao12_am12_3,12,1,SATISFIED,5.1682,237314.0,54688.91
SAL-Ei-LM,bom_tubes_p20_ao12_am18_2_m13_ao12_am12_3,12,2,SATISFIED,5.1731,237243.0,55847.59
SAL-Ei-LM,bom_tubes_p20_ao12_am18_2_m13_ao12_am12_3,12,3,SATISFIED,5.1685,237389.0,55657.31
SAL-Ei-LM,bom_tubes_p20_ao12_am18_2_m13_ao12_am12_3,12,4,SATISFIED,5.1712,237252.0,54279.72
SAL-Ei-LM,bom_tubes_p20_ao12_am18_2_m13_ao12_am12_3,12,5,SATISFIED,5.1754,237264.0,55613.88
SAL-Ei-LM,bom_tubes_p20_ao12_am18_2_m13_ao12_am12_3,12,6,SATISFIED,5.1927,237432.0,56493.91
SAL-Ei-LM,bom_tubes_p20_ao12_am18_2_m13_ao12_am12_3,12,7,SATISFIED,5.2378,237212.0,55493.84
SAL-Ei-LM,bom_tubes_p20_ao12_am18_2_m13_ao12_am12_3,12,8,SATISFIED,5.2092,237372.0,54434.34
SAL-Ei-LM,bom_tubes_p20_ao12_am18_2_m13_ao12_am12_3,12,9,SATISFIED,5.1963,237286.0,54382.84
SAL-Ei-LM,bom_tubes_p20_ao12_am18_2_m13_ao12_am12_3,12,10,SATISFIED,5.178,237387.0,55771.16
SAL-Ei-LM,bom_tubes_p20_ao12_am18_2_m13_ao12_am13_1,12,1,SATISFIED,5.1733,458135.0,45938.59
SAL-Ei-LM,bom_tubes_p20_ao12_am18_2_m13_ao12_am13_1,12,2,SATISFIED,5.1728,457875.0,47558.62
SAL-Ei-LM,bom_tubes_p20_ao12_am18_2_m13_ao12_am13_1,12,3,SATISFIED,5.1867,458055.0,46742.03
SAL-Ei-LM,bom_tubes_p20_ao12_am18_2_m13_ao12_am13_1,12,4,SATISFIED,5.1906,458123.0,45678.25
SAL-Ei-LM,bom_tubes_p20_ao12_am18_2_m13_ao12_am13_1,12,5,SATISFIED,5.3074,457891.0,47242.97
SAL-Ei-LM,bom_tubes_p20_ao12_am18_2_m13_ao12_am13_1,12,6,SATISFIED,5.1507,457875.0,45626.03
SAL-Ei-LM,bom_tubes_p20_ao12_am18_2_m13_ao12_am13_1,12,7,SATISFIED,5.189,457995.0,46801.25
SAL-Ei-LM,bom_tubes_p20_ao12_am18_2_m13_ao12_am13_1,12,8,SATISFIED,5.1747,458179.0,47957.38
SAL-Ei-LM,bom_tubes_p20_ao12_am18_2_m13_ao12_am13_1,12,9,SATISFIED,5.2705,458034.0,48322.72
SAL-Ei-LM,bom_tubes_p20_ao12_am18_2_m13_ao12_am13_1,12,10,SATISFIED,5.158,457960.0,48174.91
SAL-Ei-LM,bom_tubes_p20_ao12_am18_2_m13_ao12_am13_4,12,1,SATISFIED,5.1182,797589.0,46523.97
SAL-Ei-LM,bom_tubes_p20_ao12_am18_2_m13_ao12_am13_4,12,2,SATISFIED,5.1658,797488.0,48684.16
SAL-Ei-LM,bom_tubes_p20_ao12_am18_2_m13_ao12_am13_4,12,3,SATISFIED,5.1681,797806.0,49024.47
SAL-Ei-LM,bom_tubes_p20_ao12_am18_2_m13_ao12_am13_4,12,4,SATISFIED,5.1721,797559.0,48591.84
SAL-Ei-LM,bom_tubes_p20_ao12_am18_2_m13_ao12_am13_4,12,5,SATISFIED,5.1675,797467.0,48337.59
SAL-Ei-LM,bom_tubes_p20_ao12_am18_2_m13_ao12_am13_4,12,6,SATISFIED,5.1679,797917.0,48954.34
SAL-Ei-LM,bom_tubes_p20_ao12_am18_2_m13_ao12_am13_4,12,7,SATISFIED,5.1656,797255.0,48602.97
SAL-Ei-LM,bom_tubes_p20_ao12_am18_2_m13_ao12_am13_4,12,8,SATISFIED,5.169,797877.0,48597.94
SAL-Ei-LM,bom_tubes_p20_ao12_am18_2_m13_ao12_am13_4,12,9,SATISFIED,5.1773,797692.0,48373.34
SAL-Ei-LM,bom_tubes_p20_ao12_am18_2_m13_ao12_am13_4,12,10,SATISFIED,5.1904,797324.0,48020.5
SAL-Ei-LM,bom_tubes_p20_ao12_am18_2_m13_ao12_am13_5,12,1,SATISFIED,5.1916,248282.0,44638.16
SAL-Ei-LM,bom_tubes_p20_ao12_am18_2_m13_ao12_am13_5,12,2,SATISFIED,5.1953,246968.0,43736.22
SAL-Ei-LM,bom_tubes_p20_ao12_am18_2_m13_ao12_am13_5,12,3,SATISFIED,5.2156,253801.0,45510.34
SAL-Ei-LM,bom_tubes_p20_ao12_am18_2_m13_ao12_am13_5,12,4,SATISFIED,5.2034,249317.0,44816.5
SAL-Ei-LM,bom_tubes_p20_ao12_am18_2_m13_ao12_am13_5,12,5,SATISFIED,5.199,247661.0,44617.38
SAL-Ei-LM,bom_tubes_p20_ao12_am18_2_m13_ao12_am13_5,12,6,SATISFIED,5.2031,249145.0,44324.09
SAL-Ei-LM,bom_tubes_p20_ao12_am18_2_m13_ao12_am13_5,12,7,SATISFIED,5.1845,249034.0,44553.72
SAL-Ei-LM,bom_tubes_p20_ao12_am18_2_m13_ao12_am13_5,12,8,SATISFIED,5.352,248168.0,43705.78
SAL-Ei-LM,bom_tubes_p20_ao12_am18_2_m13_ao12_am13_5,12,9,SATISFIED,5.2162,246956.0,44059.91
SAL-Ei-LM,bom_tubes_p20_ao12_am18_2_m13_ao12_am13_5,12,10,SATISFIED,5.2303,248225.0,44395.91
SAL-Ei-LM,bom_tubes_p20_ao12_am18_2_m30_ao12_am19_3,12,1,SATISFIED,5.2091,54553.0,40597.72
SAL-Ei-LM,bom_tubes_p20_ao12_am18_2_m30_ao12_am19_3,12,2,SATISFIED,5.2046,54776.0,40812.16
SAL-Ei-LM,bom_tubes_p20_ao12_am18_2_m30_ao12_am19_3,12,3,SATISFIED,5.194,54608.0,41153.03
SAL-Ei-LM,bom_tubes_p20_ao12_am18_2_m30_ao12_am19_3,12,4,SATISFIED,5.1888,54680.0,41717.5
SAL-Ei-LM,bom_tubes_p20_ao12_am18_2_m30_ao12_am19_3,12,5,SATISFIED,5.1874,54496.0,39269.5
SAL-Ei-LM,bom_tubes_p20_ao12_am18_2_m30_ao12_am19_3,12,6,SATISFIED,5.1549,55008.0,38606.75
SAL-Ei-LM,bom_tubes_p20_ao12_am18_2_m30_ao12_am19_3,12,7,SATISFIED,5.174,54816.0,41873.66
SAL-Ei-LM,bom_tubes_p20_ao12_am18_2_m30_ao12_am19_3,12,8,SATISFIED,5.1743,54578.0,40182.88
SAL-Ei-LM,bom_tubes_p20_ao12_am18_2_m30_ao12_am19_3,12,9,SATISFIED,5.1739,55056.0,39757.97
SAL-Ei-LM,bom_tubes_p20_ao12_am18_2_m30_ao12_am19_3,12,10,SATISFIED,5.1632,54832.0,41107.88
SAL-Ei-LM,bom_tubes_p20_ao12_am18_2_m30_ao12_am19_4,12,1,SATISFIED,5.1794,195337.0,40299.25
SAL-Ei-LM,bom_tubes_p20_ao12_am18_2_m30_ao12_am19_4,12,2,SATISFIED,5.1808,196470.0,40758.72
SAL-Ei-LM,bom_tubes_p20_ao12_am18_2_m30_ao12_am19_4,12,3,SATISFIED,5.1817,198541.0,40388.88
SAL-Ei-LM,bom_tubes_p20_ao12_am18_2_m30_ao12_am19_4,12,4,SATISFIED,5.1794,196090.0,39912.88
SAL-Ei-LM,bom_tubes_p20_ao12_am18_2_m30_ao12_am19_4,12,5,SATISFIED,5.1731,200752.0,37373.41
SAL-Ei-LM,bom_tubes_p20_ao12_am18_2_m30_ao12_am19_4,12,6,SATISFIED,5.1717,194474.0,39382.69
SAL-Ei-LM,bom_tubes_p20_ao12_am18_2_m30_ao12_am19_4,12,7,SATISFIED,5.1838,197968.0,39327.97
SAL-Ei-LM,bom_tubes_p20_ao12_am18_2_m30_ao12_am19_4,12,8,SATISFIED,5.1816,194652.0,40283.66
SAL-Ei-LM,bom_tubes_p20_ao12_am18_2_m30_ao12_am19_4,12,9,SATISFIED,5.1836,195570.0,38173.62
SAL-Ei-LM,bom_tubes_p20_ao12_am18_2_m30_ao12_am19_4,12,10,SATISFIED,5.1715,197237.0,37991.78
SAL-Ei-LM,bom_tubes_p20_ao12_am18_2_m30_ao12_am20_1,12,1,SATISFIED,5.1646,167689.0,39245.56
SAL-Ei-LM,bom_tubes_p20_ao12_am18_2_m30_ao12_am20_1,12,2,SATISFIED,5.1667,169958.0,40562.12
SAL-Ei-LM,bom_tubes_p20_ao12_am18_2_m30_ao12_am20_1,12,3,SATISFIED,5.1708,170357.0,40025.12
SAL-Ei-LM,bom_tubes_p20_ao12_am18_2_m30_ao12_am20_1,12,4,SATISFIED,5.174,172179.0,39915.41
SAL-Ei-LM,bom_tubes_p20_ao12_am18_2_m30_ao12_am20_1,12,5,SATISFIED,5.1746,170257.0,39230.34
SAL-Ei-LM,bom_tubes_p20_ao12_am18_2_m30_ao12_am20_1,12,6,SATISFIED,5.172,169257.0,39917.72
SAL-Ei-LM,bom_tubes_p20_ao12_am18_2_m30_ao12_am20_1,12,7,SATISFIED,5.1723,168815.0,39325.31
SAL-Ei-LM,bom_tubes_p20_ao12_am18_2_m30_ao12_am20_1,12,8,SATISFIED,5.1721,168418.0,39454.69
SAL-Ei-LM,bom_tubes_p20_ao12_am18_2_m30_ao12_am20_1,12,9,SATISFIED,5.1661,168811.0,38255.34
SAL-Ei-LM,bom_tubes_p20_ao12_am18_2_m30_ao12_am20_1,12,10,SATISFIED,5.1658,170085.0,38795.81
SAL-Ei-LM,bom_tubes_p20_ao12_am18_2_m30_ao12_am21_2,12,1,SATISFIED,5.1642,43559.0,38242.25
SAL-Ei-LM,bom_tubes_p20_ao12_am18_2_m30_ao12_am21_2,12,2,SATISFIED,5.1649,43595.0,39428.19
SAL-Ei-LM,bom_tubes_p20_ao12_am18_2_m30_ao12_am21_2,12,3,SATISFIED,5.1631,43623.0,38395.56
SAL-Ei-LM,bom_tubes_p20_ao12_am18_2_m30_ao12_am21_2,12,4,SATISFIED,5.1613,43395.0,38515.94
SAL-Ei-LM,bom_tubes_p20_ao12_am18_2_m30_ao12_am21_2,12,5,SATISFIED,5.1639,43695.0,38809.66
SAL-Ei-LM,bom_tubes_p20_ao12_am18_2_m30_ao12_am21_2,12,6,SATISFIED,5.2319,43751.0,39364.81
SAL-Ei-LM,bom_tubes_p20_ao12_am18_2_m30_ao12_am21_2,12,7,SATISFIED,5.1518,43603.0,39458.03
SAL-Ei-LM,bom_tubes_p20_ao12_am18_2_m30_ao12_am21_2,12,8,SATISFIED,5.1593,43655.0,39100.5
SAL-Ei-LM,bom_tubes_p20_ao12_am18_2_m30_ao12_am21_2,12,9,SATISFIED,5.161,43315.0,38027.91
SAL-Ei-LM,bom_tubes_p20_ao12_am18_2_m30_ao12_am21_2,12,10,SATISFIED,5.1103,43565.0,38871.94
SAL-Ei-LM,bom_tubes_p20_ao12_am18_2_m30_ao12_am21_5,12,1,SATISFIED,5.1313,58989.0,38050.84
SAL-Ei-LM,bom_tubes_p20_ao12_am18_2_m30_ao12_am21_5,12,2,SATISFIED,5.1909,59803.0,39282.38
SAL-Ei-LM,bom_tubes_p20_ao12_am18_2_m30_ao12_am21_5,12,3,SATISFIED,5.1689,59081.0,39198.69
SAL-Ei-LM,bom_tubes_p20_ao12_am18_2_m30_ao12_am21_5,12,4,SATISFIED,5.1759,59395.0,39265.31
SAL-Ei-LM,bom_tubes_p20_ao12_am18_2_m30_ao12_am21_5,12,5,SATISFIED,5.1752,59969.0,38984.94
SAL-Ei-LM,bom_tubes_p20_ao12_am18_2_m30_ao12_am21_5,12,6,SATISFIED,5.1711,59843.0,39830.91
SAL-Ei-LM,bom_tubes_p20_ao12_am18_2_m30_ao12_am21_5,12,7,SATISFIED,5.174,59550.0,39833.34
SAL-Ei-LM,bom_tubes_p20_ao12_am18_2_m30_ao12_am21_5,12,8,SATISFIED,5.175,59864.0,39543.03
SAL-Ei-LM,bom_tubes_p20_ao12_am18_2_m30_ao12_am21_5,12,9,SATISFIED,5.1712,59063.0,39823.41
SAL-Ei-LM,bom_tubes_p20_ao12_am18_2_m30_ao12_am21_5,12,10,SATISFIED,5.1695,58749.0,39751.94
SAL-Ei-LM,bom_tubes_p20_ao12_am18_3,12,1,SATISFIED,5.1766,29640.0,57968.91
SAL-Ei-LM,bom_tubes_p20_ao12_am18_3,12,2,SATISFIED,5.2667,29484.0,56302.81
SAL-Ei-LM,bom_tubes_p20_ao12_am18_3,12,3,SATISFIED,5.1502,29688.0,58017.31
SAL-Ei-LM,bom_tubes_p20_ao12_am18_3,12,4,SATISFIED,5.17,30476.0,57524.25
SAL-Ei-LM,bom_tubes_p20_ao12_am18_3,12,5,SATISFIED,5.182,29472.0,58178.12
SAL-Ei-LM,bom_tubes_p20_ao12_am18_3,12,6,SATISFIED,5.1342,30436.0,58726.12
SAL-Ei-LM,bom_tubes_p20_ao12_am18_3,12,7,SATISFIED,5.1795,29460.0,58652.12
SAL-Ei-LM,bom_tubes_p20_ao12_am18_3,12,8,SATISFIED,5.1828,29436.0,57640.81
SAL-Ei-LM,bom_tubes_p20_ao12_am18_3,12,9,SATISFIED,5.1777,30280.0,58256.12
SAL-Ei-LM,bom_tubes_p20_ao12_am18_3,12,10,SATISFIED,5.1799,30168.0,59182.44
SAL-Ei-LM,bom_tubes_p20_ao12_am18_3_m13_ao12_am11_3,12,1,SATISFIED,5.1727,13783.0,60038.06
SAL-Ei-LM,bom_tubes_p20_ao12_am18_3_m13_ao12_am11_3,12,2,SATISFIED,5.1764,13783.0,60139.38
SAL-Ei-LM,bom_tubes_p20_ao12_am18_3_m13_ao12_am11_3,12,3,SATISFIED,5.1802,13783.0,61125.06
SAL-Ei-LM,bom_tubes_p20_ao12_am18_3_m13_ao12_am11_3,12,4,SATISFIED,5.1778,13783.0,59775.88
SAL-Ei-LM,bom_tubes_p20_ao12_am18_3_m13_ao12_am11_3,12,5,SATISFIED,5.1923,13823.0,58048.47
SAL-Ei-LM,bom_tubes_p20_ao12_am18_3_m13_ao12_am11_3,12,6,SATISFIED,5.1874,13783.0,57822.81
SAL-Ei-LM,bom_tubes_p20_ao12_am18_3_m13_ao12_am11_3,12,7,SATISFIED,5.1849,13783.0,59775.25
SAL-Ei-LM,bom_tubes_p20_ao12_am18_3_m13_ao12_am11_3,12,8,SATISFIED,5.1868,13783.0,58025.94
SAL-Ei-LM,bom_tubes_p20_ao12_am18_3_m13_ao12_am11_3,12,9,SATISFIED,5.1807,13783.0,59130.88
SAL-Ei-LM,bom_tubes_p20_ao12_am18_3_m13_ao12_am11_3,12,10,SATISFIED,5.1827,13796.0,57217.16
SAL-Ei-LM,bom_tubes_p20_ao12_am18_3_m13_ao12_am12_1,12,1,SATISFIED,5.1808,31074.0,49135.09
SAL-Ei-LM,bom_tubes_p20_ao12_am18_3_m13_ao12_am12_1,12,2,SATISFIED,5.2013,31074.0,48968.97
SAL-Ei-LM,bom_tubes_p20_ao12_am18_3_m13_ao12_am12_1,12,3,SATISFIED,5.1741,31202.0,48279.31
SAL-Ei-LM,bom_tubes_p20_ao12_am18_3_m13_ao12_am12_1,12,4,SATISFIED,5.209,31114.0,49185.72
SAL-Ei-LM,bom_tubes_p20_ao12_am18_3_m13_ao12_am12_1,12,5,SATISFIED,5.1846,31226.0,48263.34
SAL-Ei-LM,bom_tubes_p20_ao12_am18_3_m13_ao12_am12_1,12,6,SATISFIED,5.175,31174.0,48928.97
SAL-Ei-LM,bom_tubes_p20_ao12_am18_3_m13_ao12_am12_1,12,7,SATISFIED,5.1743,31114.0,50336.78
SAL-Ei-LM,bom_tubes_p20_ao12_am18_3_m13_ao12_am12_1,12,8,SATISFIED,5.1721,31114.0,49669.19
SAL-Ei-LM,bom_tubes_p20_ao12_am18_3_m13_ao12_am12_1,12,9,SATISFIED,5.1645,31122.0,50253.84
SAL-Ei-LM,bom_tubes_p20_ao12_am18_3_m13_ao12_am12_1,12,10,SATISFIED,5.1636,31114.0,50532.75
SAL-Ei-LM,bom_tubes_p20_ao12_am18_3_m13_ao12_am12_2,12,1,SATISFIED,5.1619,47700.0,55442.19
SAL-Ei-LM,bom_tubes_p20_ao12_am18_3_m13_ao12_am12_2,12,2,SATISFIED,5.167,47712.0,55120.81
SAL-Ei-LM,bom_tubes_p20_ao12_am18_3_m13_ao12_am12_2,12,3,SATISFIED,5.1707,47715.0,54411.38
SAL-Ei-LM,bom_tubes_p20_ao12_am18_3_m13_ao12_am12_2,12,4,SATISFIED,5.1725,47730.0,54109.84
SAL-Ei-LM,bom_tubes_p20_ao12_am18_3_m13_ao12_am12_2,12,5,SATISFIED,5.1106,47700.0,55573.38
SAL-Ei-LM,bom_tubes_p20_ao12_am18_3_m13_ao12_am12_2,12,6,SATISFIED,5.1108,47717.0,56823.75
SAL-Ei-LM,bom_tubes_p20_ao12_am18_3_m13_ao12_am12_2,12,7,SATISFIED,5.1746,47706.0,54670.81
SAL-Ei-LM,bom_tubes_p20_ao12_am18_3_m13_ao12_am12_2,12,8,SATISFIED,5.1403,47694.0,55025.84
SAL-Ei-LM,bom_tubes_p20_ao12_am18_3_m13_ao12_am12_2,12,9,SATISFIED,5.1755,47683.0,54689.41
SAL-Ei-LM,bom_tubes_p20_ao12_am18_3_m13_ao12_am12_2,12,10,SATISFIED,5.1733,47712.0,56262.78
SAL-Ei-LM,bom_tubes_p20_ao12_am18_3_m13_ao12_am13_4,12,1,SATISFIED,5.1968,15748.0,39747.31
SAL-Ei-LM,bom_tubes_p20_ao12_am18_3_m13_ao12_am13_4,12,2,SATISFIED,5.1675,15775.0,41903.66
SAL-Ei-LM,bom_tubes_p20_ao12_am18_3_m13_ao12_am13_4,12,3,SATISFIED,5.1823,15865.0,42746.03
SAL-Ei-LM,bom_tubes_p20_ao12_am18_3_m13_ao12_am13_4,12,4,SATISFIED,5.1802,15701.0,41802.72
SAL-Ei-LM,bom_tubes_p20_ao12_am18_3_m13_ao12_am13_4,12,5,SATISFIED,5.1757,15707.0,41670.84
SAL-Ei-LM,bom_tubes_p20_ao12_am18_3_m13_ao12_am13_4,12,6,SATISFIED,5.1814,15692.0,43086.84
SAL-Ei-LM,bom_tubes_p20_ao12_am18_3_m13_ao12_am13_4,12,7,SATISFIED,5.1821,15643.0,41917.06
SAL-Ei-LM,bom_tubes_p20_ao12_am18_3_m13_ao12_am13_4,12,8,SATISFIED,5.1798,15754.0,42089.53
SAL-Ei-LM,bom_tubes_p20_ao12_am18_3_m13_ao12_am13_4,12,9,SATISFIED,5.1225,15799.0,42409.19
SAL-Ei-LM,bom_tubes_p20_ao12_am18_3_m13_ao12_am13_4,12,10,SATISFIED,5.1155,15672.0,41864.16
SAL-Ei-LM,bom_tubes_p20_ao12_am18_3_m13_ao12_am13_5,12,1,SATISFIED,5.1127,28086.0,46512.09
SAL-Ei-LM,bom_tubes_p20_ao12_am18_3_m13_ao12_am13_5,12,2,SATISFIED,5.1112,27780.0,46051.81
SAL-Ei-LM,bom_tubes_p20_ao12_am18_3_m13_ao12_am13_5,12,3,SATISFIED,5.1735,28000.0,46414.78
SAL-Ei-LM,bom_tubes_p20_ao12_am18_3_m13_ao12_am13_5,12,4,SATISFIED,5.1829,28324.0,46901.41
SAL-Ei-LM,bom_tubes_p20_ao12_am18_3_m13_ao12_am13_5,12,5,SATISFIED,5.1778,27910.0,46320.25
SAL-Ei-LM,bom_tubes_p20_ao12_am18_3_m13_ao12_am13_5,12,6,SATISFIED,5.1774,27868.0,45543.91
SAL-Ei-LM,bom_tubes_p20_ao12_am18_3_m13_ao12_am13_5,12,7,SATISFIED,5.18,28094.0,46126.53
SAL-Ei-LM,bom_tubes_p20_ao12_am18_3_m13_ao12_am13_5,12,8,SATISFIED,5.1758,27940.0,46111.81
SAL-Ei-LM,bom_tubes_p20_ao12_am18_3_m13_ao12_am13_5,12,9,SATISFIED,5.1071,28010.0,44953.06
SAL-Ei-LM,bom_tubes_p20_ao12_am18_3_m13_ao12_am13_5,12,10,SATISFIED,5.2063,28102.0,45637.91
SAL-Ei-LM,bom_tubes_p20_ao12_am18_3_m30_ao12_am20_1,12,1,SATISFIED,5.1836,21054.0,39445.5
SAL-Ei-LM,bom_tubes_p20_ao12_am18_3_m30_ao12_am20_1,12,2,SATISFIED,5.1707,21189.0,40092.56
SAL-Ei-LM,bom_tubes_p20_ao12_am18_3_m30_ao12_am20_1,12,3,SATISFIED,5.1828,21421.0,40728.19
SAL-Ei-LM,bom_tubes_p20_ao12_am18_3_m30_ao12_am20_1,12,4,SATISFIED,5.1847,21146.0,40076.03
SAL-Ei-LM,bom_tubes_p20_ao12_am18_3_m30_ao12_am20_1,12,5,SATISFIED,5.1873,21335.0,39425.28
SAL-Ei-LM,bom_tubes_p20_ao12_am18_3_m30_ao12_am20_1,12,6,SATISFIED,5.1885,20597.0,38680.03
SAL-Ei-LM,bom_tubes_p20_ao12_am18_3_m30_ao12_am20_1,12,7,SATISFIED,5.1751,21108.0,40104.44
SAL-Ei-LM,bom_tubes_p20_ao12_am18_3_m30_ao12_am20_1,12,8,SATISFIED,5.1727,21229.0,38483.56
SAL-Ei-LM,bom_tubes_p20_ao12_am18_3_m30_ao12_am20_1,12,9,SATISFIED,5.1762,21296.0,39790.97
SAL-Ei-LM,bom_tubes_p20_ao12_am18_3_m30_ao12_am20_1,12,10,SATISFIED,5.1699,21201.0,39531.59
SAL-Ei-LM,bom_tubes_p20_ao12_am18_3_m30_ao12_am20_3,12,1,SATISFIED,5.1711,24499.0,39339.47
SAL-Ei-LM,bom_tubes_p20_ao12_am18_3_m30_ao12_am20_3,12,2,SATISFIED,5.1741,24706.0,40106.78
SAL-Ei-LM,bom_tubes_p20_ao12_am18_3_m30_ao12_am20_3,12,3,SATISFIED,5.1786,24899.0,38205.38
SAL-Ei-LM,bom_tubes_p20_ao12_am18_3_m30_ao12_am20_3,12,4,SATISFIED,5.1762,24321.0,39398.72
SAL-Ei-LM,bom_tubes_p20_ao12_am18_3_m30_ao12_am20_3,12,5,SATISFIED,5.1728,24868.0,38963.91
SAL-Ei-LM,bom_tubes_p20_ao12_am18_3_m30_ao12_am20_3,12,6,SATISFIED,5.2929,24465.0,39883.56
SAL-Ei-LM,bom_tubes_p20_ao12_am18_3_m30_ao12_am20_3,12,7,SATISFIED,5.1684,24516.0,41000.03
SAL-Ei-LM,bom_tubes_p20_ao12_am18_3_m30_ao12_am20_3,12,8,SATISFIED,5.1727,24573.0,40573.06
SAL-Ei-LM,bom_tubes_p20_ao12_am18_3_m30_ao12_am20_3,12,9,SATISFIED,5.1721,24946.0,39581.69
SAL-Ei-LM,bom_tubes_p20_ao12_am18_3_m30_ao12_am20_3,12,10,SATISFIED,5.1724,24692.0,40602.72
SAL-Ei-LM,bom_tubes_p20_ao12_am18_3_m30_ao12_am21_2,12,1,SATISFIED,5.1625,19775.0,38285.84
SAL-Ei-LM,bom_tubes_p20_ao12_am18_3_m30_ao12_am21_2,12,2,SATISFIED,5.1629,20227.0,37481.56
SAL-Ei-LM,bom_tubes_p20_ao12_am18_3_m30_ao12_am21_2,12,3,SATISFIED,5.1586,19845.0,38494.47
SAL-Ei-LM,bom_tubes_p20_ao12_am18_3_m30_ao12_am21_2,12,4,SATISFIED,5.1719,20035.0,39127.09
SAL-Ei-LM,bom_tubes_p20_ao12_am18_3_m30_ao12_am21_2,12,5,SATISFIED,5.1817,19701.0,38998.78
SAL-Ei-LM,bom_tubes_p20_ao12_am18_3_m30_ao12_am21_2,12,6,SATISFIED,5.1787,19809.0,38456.75
SAL-Ei-LM,bom_tubes_p20_ao12_am18_3_m30_ao12_am21_2,12,7,SATISFIED,5.1098,20407.0,39172.88
SAL-Ei-LM,bom_tubes_p20_ao12_am18_3_m30_ao12_am21_2,12,8,SATISFIED,5.1873,19878.0,39112.72
SAL-Ei-LM,bom_tubes_p20_ao12_am18_3_m30_ao12_am21_2,12,9,SATISFIED,5.1748,19733.0,37650.91
SAL-Ei-LM,bom_tubes_p20_ao12_am18_3_m30_ao12_am21_2,12,10,SATISFIED,5.1779,20201.0,37695.38
SAL-Ei-LM,bom_tubes_p20_ao12_am18_3_m30_ao12_am21_5,12,1,SATISFIED,5.1785,8518.0,38591.97
SAL-Ei-LM,bom_tubes_p20_ao12_am18_3_m30_ao12_am21_5,12,2,SATISFIED,5.1528,8578.0,37755.75
SAL-Ei-LM,bom_tubes_p20_ao12_am18_3_m30_ao12_am21_5,12,3,SATISFIED,5.1022,8538.0,38865.41
SAL-Ei-LM,bom_tubes_p20_ao12_am18_3_m30_ao12_am21_5,12,4,SATISFIED,5.3416,8558.0,39616.75
SAL-Ei-LM,bom_tubes_p20_ao12_am18_3_m30_ao12_am21_5,12,5,SATISFIED,5.1714,8598.0,37749.69
SAL-Ei-LM,bom_tubes_p20_ao12_am18_3_m30_ao12_am21_5,12,6,SATISFIED,5.1218,8538.0,39833.12
SAL-Ei-LM,bom_tubes_p20_ao12_am18_3_m30_ao12_am21_5,12,7,SATISFIED,5.177,8638.0,38749.16
SAL-Ei-LM,bom_tubes_p20_ao12_am18_3_m30_ao12_am21_5,12,8,SATISFIED,5.0943,8598.0,39641.44
SAL-Ei-LM,bom_tubes_p20_ao12_am18_3_m30_ao12_am21_5,12,9,SATISFIED,5.1576,8558.0,39853.0
SAL-Ei-LM,bom_tubes_p20_ao12_am18_3_m30_ao12_am21_5,12,10,SATISFIED,5.1886,8578.0,40623.25
SAL-Ei-LM,bom_tubes_p20_ao12_am18_3_m30_ao12_am22_4,12,1,SATISFIED,5.187,14309.0,39928.97
SAL-Ei-LM,bom_tubes_p20_ao12_am18_3_m30_ao12_am22_4,12,2,SATISFIED,5.1892,14551.0,40631.75
SAL-Ei-LM,bom_tubes_p20_ao12_am18_3_m30_ao12_am22_4,12,3,SATISFIED,5.1886,14190.0,40375.31
SAL-Ei-LM,bom_tubes_p20_ao12_am18_3_m30_ao12_am22_4,12,4,SATISFIED,5.2114,14287.0,40297.16
SAL-Ei-LM,bom_tubes_p20_ao12_am18_3_m30_ao12_am22_4,12,5,SATISFIED,5.1634,14351.0,39092.06
SAL-Ei-LM,bom_tubes_p20_ao12_am18_3_m30_ao12_am22_4,12,6,SATISFIED,5.1774,14362.0,40473.16
SAL-Ei-LM,bom_tubes_p20_ao12_am18_3_m30_ao12_am22_4,12,7,SATISFIED,5.1861,14434.0,40686.44
SAL-Ei-LM,bom_tubes_p20_ao12_am18_3_m30_ao12_am22_4,12,8,SATISFIED,5.1639,14602.0,40480.84
SAL-Ei-LM,bom_tubes_p20_ao12_am18_3_m30_ao12_am22_4,12,9,SATISFIED,5.1753,14522.0,39841.94
SAL-Ei-LM,bom_tubes_p20_ao12_am18_3_m30_ao12_am22_4,12,10,SATISFIED,5.1744,14487.0,40484.72
SAL-Ei-LM,bom_tubes_p20_ao12_am18_4,12,1,SATISFIED,5.2054,909896.0,58020.53
SAL-Ei-LM,bom_tubes_p20_ao12_am18_4,12,2,SATISFIED,5.1715,909872.0,58238.5
SAL-Ei-LM,bom_tubes_p20_ao12_am18_4,12,3,SATISFIED,5.1735,910052.0,56791.91
SAL-Ei-LM,bom_tubes_p20_ao12_am18_4,12,4,SATISFIED,5.1882,909916.0,57599.12
SAL-Ei-LM,bom_tubes_p20_ao12_am18_4,12,5,SATISFIED,5.1769,909908.0,60102.16
SAL-Ei-LM,bom_tubes_p20_ao12_am18_4,12,6,SATISFIED,5.1767,909956.0,59648.72
SAL-Ei-LM,bom_tubes_p20_ao12_am18_4,12,7,SATISFIED,5.1833,909960.0,60019.75
SAL-Ei-LM,bom_tubes_p20_ao12_am18_4,12,8,SATISFIED,5.1825,910028.0,58708.22
SAL-Ei-LM,bom_tubes_p20_ao12_am18_4,12,9,SATISFIED,5.1709,910108.0,57169.66
SAL-Ei-LM,bom_tubes_p20_ao12_am18_4,12,10,SATISFIED,5.1684,909976.0,60885.88
SAL-Ei-LM,bom_tubes_p20_ao12_am18_4_m13_ao12_am11_5,12,1,SATISFIED,5.1719,242800.0,47123.41
SAL-Ei-LM,bom_tubes_p20_ao12_am18_4_m13_ao12_am11_5,12,2,SATISFIED,5.1891,242540.0,48303.97
SAL-Ei-LM,bom_tubes_p20_ao12_am18_4_m13_ao12_am11_5,12,3,SATISFIED,5.1831,245320.0,48624.38
SAL-Ei-LM,bom_tubes_p20_ao12_am18_4_m13_ao12_am11_5,12,4,SATISFIED,5.178,245680.0,46555.75
SAL-Ei-LM,bom_tubes_p20_ao12_am18_4_m13_ao12_am11_5,12,5,SATISFIED,5.1866,242190.0,47214.62
SAL-Ei-LM,bom_tubes_p20_ao12_am18_4_m13_ao12_am11_5,12,6,SATISFIED,5.179,241197.0,47017.16
SAL-Ei-LM,bom_tubes_p20_ao12_am18_4_m13_ao12_am11_5,12,7,SATISFIED,5.1648,246780.0,49351.81
SAL-Ei-LM,bom_tubes_p20_ao12_am18_4_m13_ao12_am11_5,12,8,SATISFIED,5.1932,240357.0,48808.03
SAL-Ei-LM,bom_tubes_p20_ao12_am18_4_m13_ao12_am11_5,12,9,SATISFIED,5.2793,242050.0,47916.78
SAL-Ei-LM,bom_tubes_p20_ao12_am18_4_m13_ao12_am11_5,12,10,SATISFIED,5.179,243450.0,47766.12
SAL-Ei-LM,bom_tubes_p20_ao12_am18_4_m13_ao12_am12_2,12,1,SATISFIED,5.1776,34049.0,45280.28
SAL-Ei-LM,bom_tubes_p20_ao12_am18_4_m13_ao12_am12_2,12,2,SATISFIED,5.1854,34114.0,45292.31
SAL-Ei-LM,bom_tubes_p20_ao12_am18_4_m13_ao12_am12_2,12,3,SATISFIED,5.1514,33921.0,45930.41
SAL-Ei-LM,bom_tubes_p20_ao12_am18_4_m13_ao12_am12_2,12,4,SATISFIED,5.1654,34090.0,45952.34
SAL-Ei-LM,bom_tubes_p20_ao12_am18_4_m13_ao12_am12_2,12,5,SATISFIED,5.1626,33958.0,44799.12
SAL-Ei-LM,bom_tubes_p20_ao12_am18_4_m13_ao12_am12_2,12,6,SATISFIED,5.1629,33873.0,45830.47
SAL-Ei-LM,bom_tubes_p20_ao12_am18_4_m13_ao12_am12_2,12,7,SATISFIED,5.1763,34185.0,45180.97
SAL-Ei-LM,bom_tubes_p20_ao12_am18_4_m13_ao12_am12_2,12,8,SATISFIED,5.1695,34282.0,46639.94
SAL-Ei-LM,bom_tubes_p20_ao12_am18_4_m13_ao12_am12_2,12,9,SATISFIED,5.1757,34225.0,45108.84
SAL-Ei-LM,bom_tubes_p20_ao12_am18_4_m13_ao12_am12_2,12,10,SATISFIED,5.1263,34134.0,45927.5
SAL-Ei-LM,bom_tubes_p20_ao12_am18_4_m13_ao12_am12_3,12,1,SATISFIED,5.1746,338499.0,50606.44
SAL-Ei-LM,bom_tubes_p20_ao12_am18_4_m13_ao12_am12_3,12,2,SATISFIED,5.167,333295.0,50985.5
SAL-Ei-LM,bom_tubes_p20_ao12_am18_4_m13_ao12_am12_3,12,3,SATISFIED,5.1749,335038.0,50466.53
SAL-Ei-LM,bom_tubes_p20_ao12_am18_4_m13_ao12_am12_3,12,4,SATISFIED,5.1855,333632.0,50303.62
SAL-Ei-LM,bom_tubes_p20_ao12_am18_4_m13_ao12_am12_3,12,5,SATISFIED,5.1691,337637.0,48777.91
SAL-Ei-LM,bom_tubes_p20_ao12_am18_4_m13_ao12_am12_3,12,6,SATISFIED,5.1833,333643.0,48930.12
SAL-Ei-LM,bom_tubes_p20_ao12_am18_4_m13_ao12_am12_3,12,7,SATISFIED,5.179,333710.0,48432.06
SAL-Ei-LM,bom_tubes_p20_ao12_am18_4_m13_ao12_am12_3,12,8,SATISFIED,5.2688,332057.0,47463.28
SAL-Ei-LM,bom_tubes_p20_ao12_am18_4_m13_ao12_am12_3,12,9,SATISFIED,5.1648,331513.0,50165.97
SAL-Ei-LM,bom_tubes_p20_ao12_am18_4_m13_ao12_am12_3,12,10,SATISFIED,5.1323,332639.0,50136.97
SAL-Ei-LM,bom_tubes_p20_ao12_am18_4_m13_ao12_am13_1,12,1,SATISFIED,5.1243,747660.0,43203.66
SAL-Ei-LM,bom_tubes_p20_ao12_am18_4_m13_ao12_am13_1,12,2,SATISFIED,5.2096,747700.0,51185.66
SAL-Ei-LM,bom_tubes_p20_ao12_am18_4_m13_ao12_am13_1,12,3,SATISFIED,5.1996,747700.0,52236.22
SAL-Ei-LM,bom_tubes_p20_ao12_am18_4_m13_ao12_am13_1,12,4,SATISFIED,5.206,747760.0,51333.06
SAL-Ei-LM,bom_tubes_p20_ao12_am18_4_m13_ao12_am13_1,12,5,SATISFIED,5.203,747680.0,51386.91
SAL-Ei-LM,bom_tubes_p20_ao12_am18_4_m13_ao12_am13_1,12,6,SATISFIED,5.1403,747680.0,53666.34
SAL-Ei-LM,bom_tubes_p20_ao12_am18_4_m13_ao12_am13_1,12,7,SATISFIED,5.1768,747696.0,53850.22
SAL-Ei-LM,bom_tubes_p20_ao12_am18_4_m13_ao12_am13_1,12,8,SATISFIED,5.1706,747760.0,52231.47
SAL-Ei-LM,bom_tubes_p20_ao12_am18_4_m13_ao12_am13_1,12,9,SATISFIED,5.1716,747740.0,52262.66
SAL-Ei-LM,bom_tubes_p20_ao12_am18_4_m13_ao12_am13_1,12,10,SATISFIED,5.1768,747780.0,53823.31
SAL-Ei-LM,bom_tubes_p20_ao12_am18_4_m13_ao12_am13_4,12,1,SATISFIED,5.1724,553751.0,50329.38
SAL-Ei-LM,bom_tubes_p20_ao12_am18_4_m13_ao12_am13_4,12,2,SATISFIED,5.174,553451.0,49916.38
SAL-Ei-LM,bom_tubes_p20_ao12_am18_4_m13_ao12_am13_4,12,3,SATISFIED,5.1685,553591.0,51121.28
SAL-Ei-LM,bom_tubes_p20_ao12_am18_4_m13_ao12_am13_4,12,4,SATISFIED,5.1792,553571.0,49682.53
SAL-Ei-LM,bom_tubes_p20_ao12_am18_4_m13_ao12_am13_4,12,5,SATISFIED,5.1696,553391.0,49668.75
SAL-Ei-LM,bom_tubes_p20_ao12_am18_4_m13_ao12_am13_4,12,6,SATISFIED,5.1704,553831.0,48973.09
SAL-Ei-LM,bom_tubes_p20_ao12_am18_4_m13_ao12_am13_4,12,7,SATISFIED,5.2583,553871.0,51331.12
SAL-Ei-LM,bom_tubes_p20_ao12_am18_4_m13_ao12_am13_4,12,8,SATISFIED,5.1646,553471.0,50515.12
SAL-Ei-LM,bom_tubes_p20_ao12_am18_4_m13_ao12_am13_4,12,9,SATISFIED,5.172,553551.0,51799.81
SAL-Ei-LM,bom_tubes_p20_ao12_am18_4_m13_ao12_am13_4,12,10,SATISFIED,5.17,553531.0,50870.75
SAL-Ei-LM,bom_tubes_p20_ao12_am18_4_m30_ao12_am20_2,12,1,SATISFIED,5.1673,65351.0,40947.31
SAL-Ei-LM,bom_tubes_p20_ao12_am18_4_m30_ao12_am20_2,12,2,SATISFIED,5.1669,64891.0,39064.38
SAL-Ei-LM,bom_tubes_p20_ao12_am18_4_m30_ao12_am20_2,12,3,SATISFIED,5.1712,65030.0,40274.72
SAL-Ei-LM,bom_tubes_p20_ao12_am18_4_m30_ao12_am20_2,12,4,SATISFIED,5.1698,67653.0,40419.84
SAL-Ei-LM,bom_tubes_p20_ao12_am18_4_m30_ao12_am20_2,12,5,SATISFIED,5.168,65031.0,40453.72
SAL-Ei-LM,bom_tubes_p20_ao12_am18_4_m30_ao12_am20_2,12,6,SATISFIED,5.1751,64141.0,39989.56
SAL-Ei-LM,bom_tubes_p20_ao12_am18_4_m30_ao12_am20_2,12,7,SATISFIED,5.181,64987.0,40469.5
SAL-Ei-LM,bom_tubes_p20_ao12_am18_4_m30_ao12_am20_2,12,8,SATISFIED,5.1779,64998.0,40344.34
SAL-Ei-LM,bom_tubes_p20_ao12_am18_4_m30_ao12_am20_2,12,9,SATISFIED,5.1877,65007.0,38872.22
SAL-Ei-LM,bom_tubes_p20_ao12_am18_4_m30_ao12_am20_2,12,10,SATISFIED,5.1859,65085.0,40098.12
SAL-Ei-LM,bom_tubes_p20_ao12_am18_4_m30_ao12_am20_3,12,1,SATISFIED,5.1772,536091.0,41008.47
SAL-Ei-LM,bom_tubes_p20_ao12_am18_4_m30_ao12_am20_3,12,2,SATISFIED,5.1959,535996.0,39969.94
SAL-Ei-LM,bom_tubes_p20_ao12_am18_4_m30_ao12_am20_3,12,3,SATISFIED,5.2022,546591.0,40885.97
SAL-Ei-LM,bom_tubes_p20_ao12_am18_4_m30_ao12_am20_3,12,4,SATISFIED,5.1734,536971.0,41464.25
SAL-Ei-LM,bom_tubes_p20_ao12_am18_4_m30_ao12_am20_3,12,5,SATISFIED,5.1758,534761.0,40294.66
SAL-Ei-LM,bom_tubes_p20_ao12_am18_4_m30_ao12_am20_3,12,6,SATISFIED,5.1716,541067.0,39792.06
SAL-Ei-LM,bom_tubes_p20_ao12_am18_4_m30_ao12_am20_3,12,7,SATISFIED,5.2835,534981.0,38222.62
SAL-Ei-LM,bom_tubes_p20_ao12_am18_4_m30_ao12_am20_3,12,8,SATISFIED,5.1694,536157.0,38597.28
SAL-Ei-LM,bom_tubes_p20_ao12_am18_4_m30_ao12_am20_3,12,9,SATISFIED,5.1723,533523.0,40757.84
SAL-Ei-LM,bom_tubes_p20_ao12_am18_4_m30_ao12_am20_3,12,10,SATISFIED,5.1713,545591.0,40226.25
SAL-Ei-LM,bom_tubes_p20_ao12_am18_4_m30_ao12_am21_5,12,1,SATISFIED,5.1668,240822.0,40247.06
SAL-Ei-LM,bom_tubes_p20_ao12_am18_4_m30_ao12_am21_5,12,2,SATISFIED,5.1588,239065.0,39575.09
SAL-Ei-LM,bom_tubes_p20_ao12_am18_4_m30_ao12_am21_5,12,3,SATISFIED,5.1615,241301.0,38226.19
SAL-Ei-LM,bom_tubes_p20_ao12_am18_4_m30_ao12_am21_5,12,4,SATISFIED,5.1587,244043.0,39986.62
SAL-Ei-LM,bom_tubes_p20_ao12_am18_4_m30_ao12_am21_5,12,5,SATISFIED,5.1604,239627.0,39735.56
SAL-Ei-LM,bom_tubes_p20_ao12_am18_4_m30_ao12_am21_5,12,6,SATISFIED,5.1566,239122.0,39761.66
SAL-Ei-LM,bom_tubes_p20_ao12_am18_4_m30_ao12_am21_5,12,7,SATISFIED,5.1613,241312.0,40996.59
SAL-Ei-LM,bom_tubes_p20_ao12_am18_4_m30_ao12_am21_5,12,8,SATISFIED,5.163,235868.0,39797.31
SAL-Ei-LM,bom_tubes_p20_ao12_am18_4_m30_ao12_am21_5,12,9,SATISFIED,5.1664,240314.0,38835.81
SAL-Ei-LM,bom_tubes_p20_ao12_am18_4_m30_ao12_am21_5,12,10,SATISFIED,5.1714,240478.0,40909.56
SAL-Ei-LM,bom_tubes_p20_ao12_am18_4_m30_ao12_am22_1,12,1,SATISFIED,5.1688,46164.0,39336.06
SAL-Ei-LM,bom_tubes_p20_ao12_am18_4_m30_ao12_am22_1,12,2,SATISFIED,5.1662,46176.0,38889.41
SAL-Ei-LM,bom_tubes_p20_ao12_am18_4_m30_ao12_am22_1,12,3,SATISFIED,5.1664,46260.0,37634.62
SAL-Ei-LM,bom_tubes_p20_ao12_am18_4_m30_ao12_am22_1,12,4,SATISFIED,5.2117,46153.0,39637.78
SAL-Ei-LM,bom_tubes_p20_ao12_am18_4_m30_ao12_am22_1,12,5,SATISFIED,5.1597,46341.0,38786.88
SAL-Ei-LM,bom_tubes_p20_ao12_am18_4_m30_ao12_am22_1,12,6,SATISFIED,5.172,46203.0,39230.97
SAL-Ei-LM,bom_tubes_p20_ao12_am18_4_m30_ao12_am22_1,12,7,SATISFIED,5.1697,46140.0,39714.28
SAL-Ei-LM,bom_tubes_p20_ao12_am18_4_m30_ao12_am22_1,12,8,SATISFIED,5.1641,46193.0,39313.53
SAL-Ei-LM,bom_tubes_p20_ao12_am18_4_m30_ao12_am22_1,12,9,SATISFIED,5.1596,46400.0,39411.84
SAL-Ei-LM,bom_tubes_p20_ao12_am18_4_m30_ao12_am22_1,12,10,SATISFIED,5.167,46239.0,40085.72
SAL-Ei-LM,bom_tubes_p20_ao12_am18_4_m30_ao12_am23_4,12,1,SATISFIED,5.1623,119583.0,41144.94
SAL-Ei-LM,bom_tubes_p20_ao12_am18_4_m30_ao12_am23_4,12,2,SATISFIED,5.1638,119848.0,40789.38
SAL-Ei-LM,bom_tubes_p20_ao12_am18_4_m30_ao12_am23_4,12,3,SATISFIED,5.1287,119766.0,38652.38
SAL-Ei-LM,bom_tubes_p20_ao12_am18_4_m30_ao12_am23_4,12,4,SATISFIED,5.168,119775.0,39508.75
SAL-Ei-LM,bom_tubes_p20_ao12_am18_4_m30_ao12_am23_4,12,5,SATISFIED,5.1667,119639.0,39396.72
SAL-Ei-LM,bom_tubes_p20_ao12_am18_4_m30_ao12_am23_4,12,6,SATISFIED,5.1706,119671.0,39268.91
SAL-Ei-LM,bom_tubes_p20_ao12_am18_4_m30_ao12_am23_4,12,7,SATISFIED,5.1697,119911.0,38296.66
SAL-Ei-LM,bom_tubes_p20_ao12_am18_4_m30_ao12_am23_4,12,8,SATISFIED,5.1742,119526.0,40039.44
SAL-Ei-LM,bom_tubes_p20_ao12_am18_4_m30_ao12_am23_4,12,9,SATISFIED,5.2561,119611.0,39363.88
SAL-Ei-LM,bom_tubes_p20_ao12_am18_4_m30_ao12_am23_4,12,10,SATISFIED,5.169,119519.0,38876.91
SAL-Ei-LM,bom_tubes_p20_ao12_am18_5,12,1,SATISFIED,5.1549,30400.0,56087.28
SAL-Ei-LM,bom_tubes_p20_ao12_am18_5,12,2,SATISFIED,5.1849,30464.0,55044.69
SAL-Ei-LM,bom_tubes_p20_ao12_am18_5,12,3,SATISFIED,5.1867,30572.0,55566.94
SAL-Ei-LM,bom_tubes_p20_ao12_am18_5,12,4,SATISFIED,5.181,30860.0,55158.19
SAL-Ei-LM,bom_tubes_p20_ao12_am18_5,12,5,SATISFIED,5.1562,30628.0,54752.84
SAL-Ei-LM,bom_tubes_p20_ao12_am18_5,12,6,SATISFIED,5.1805,30640.0,54507.78
SAL-Ei-LM,bom_tubes_p20_ao12_am18_5,12,7,SATISFIED,5.1662,30788.0,55699.25
SAL-Ei-LM,bom_tubes_p20_ao12_am18_5,12,8,SATISFIED,5.1715,30540.0,54880.44
SAL-Ei-LM,bom_tubes_p20_ao12_am18_5,12,9,SATISFIED,5.1713,30748.0,55377.44
SAL-Ei-LM,bom_tubes_p20_ao12_am18_5,12,10,SATISFIED,5.1743,30320.0,57304.31
SAL-Ei-LM,bom_tubes_p20_ao12_am18_5_m13_ao12_am11_3,12,1,SATISFIED,5.1709,13460.0,51195.53
SAL-Ei-LM,bom_tubes_p20_ao12_am18_5_m13_ao12_am11_3,12,2,SATISFIED,5.1727,13420.0,51903.66
SAL-Ei-LM,bom_tubes_p20_ao12_am18_5_m13_ao12_am11_3,12,3,SATISFIED,5.1757,13440.0,52108.47
SAL-Ei-LM,bom_tubes_p20_ao12_am18_5_m13_ao12_am11_3,12,4,SATISFIED,5.1712,13480.0,53078.0
SAL-Ei-LM,bom_tubes_p20_ao12_am18_5_m13_ao12_am11_3,12,5,SATISFIED,5.1814,13500.0,52543.28
SAL-Ei-LM,bom_tubes_p20_ao12_am18_5_m13_ao12_am11_3,12,6,SATISFIED,5.1801,13640.0,51380.12
SAL-Ei-LM,bom_tubes_p20_ao12_am18_5_m13_ao12_am11_3,12,7,SATISFIED,5.1788,13540.0,50225.66
SAL-Ei-LM,bom_tubes_p20_ao12_am18_5_m13_ao12_am11_3,12,8,SATISFIED,5.1682,13440.0,50898.06
SAL-Ei-LM,bom_tubes_p20_ao12_am18_5_m13_ao12_am11_3,12,9,SATISFIED,5.1724,13440.0,51409.72
SAL-Ei-LM,bom_tubes_p20_ao12_am18_5_m13_ao12_am11_3,12,10,SATISFIED,5.1577,13400.0,50952.59
SAL-Ei-LM,bom_tubes_p20_ao12_am18_5_m13_ao12_am11_5,12,1,SATISFIED,5.2003,39190.0,49547.62
SAL-Ei-LM,bom_tubes_p20_ao12_am18_5_m13_ao12_am11_5,12,2,SATISFIED,5.1624,39234.0,50324.94
SAL-Ei-LM,bom_tubes_p20_ao12_am18_5_m13_ao12_am11_5,12,3,SATISFIED,5.1752,39278.0,52275.38
SAL-Ei-LM,bom_tubes_p20_ao12_am18_5_m13_ao12_am11_5,12,4,SATISFIED,5.1707,39398.0,50386.62
SAL-Ei-LM,bom_tubes_p20_ao12_am18_5_m13_ao12_am11_5,12,5,SATISFIED,5.1682,39268.0,50491.72
SAL-Ei-LM,bom_tubes_p20_ao12_am18_5_m13_ao12_am11_5,12,6,SATISFIED,5.1684,39238.0,51047.56
SAL-Ei-LM,bom_tubes_p20_ao12_am18_5_m13_ao12_am11_5,12,7,SATISFIED,5.1725,39218.0,49519.03
SAL-Ei-LM,bom_tubes_p20_ao12_am18_5_m13_ao12_am11_5,12,8,SATISFIED,5.1643,39229.0,50050.44
SAL-Ei-LM,bom_tubes_p20_ao12_am18_5_m13_ao12_am11_5,12,9,SATISFIED,5.1654,39309.0,50785.06
SAL-Ei-LM,bom_tubes_p20_ao12_am18_5_m13_ao12_am11_5,12,10,SATISFIED,5.1686,39238.0,50317.53
SAL-Ei-LM,bom_tubes_p20_ao12_am18_5_m13_ao12_am12_1,12,1,SATISFIED,5.1661,32208.0,52308.78
SAL-Ei-LM,bom_tubes_p20_ao12_am18_5_m13_ao12_am12_1,12,2,SATISFIED,5.1721,32288.0,52329.69
SAL-Ei-LM,bom_tubes_p20_ao12_am18_5_m13_ao12_am12_1,12,3,SATISFIED,5.1745,32208.0,52444.5
SAL-Ei-LM,bom_tubes_p20_ao12_am18_5_m13_ao12_am12_1,12,4,SATISFIED,5.1939,32168.0,53166.0
SAL-Ei-LM,bom_tubes_p20_ao12_am18_5_m13_ao12_am12_1,12,5,SATISFIED,5.1997,32168.0,54034.53
SAL-Ei-LM,bom_tubes_p20_ao12_am18_5_m13_ao12_am12_1,12,6,SATISFIED,5.1849,32168.0,53014.41
SAL-Ei-LM,bom_tubes_p20_ao12_am18_5_m13_ao12_am12_1,12,7,SATISFIED,5.2095,32208.0,53012.03
SAL-Ei-LM,bom_tubes_p20_ao12_am18_5_m13_ao12_am12_1,12,8,SATISFIED,5.2178,32228.0,53801.84
SAL-Ei-LM,bom_tubes_p20_ao12_am18_5_m13_ao12_am12_1,12,9,SATISFIED,5.2064,32188.0,51766.09
SAL-Ei-LM,bom_tubes_p20_ao12_am18_5_m13_ao12_am12_1,12,10,SATISFIED,5.1868,32188.0,52562.75
SAL-Ei-LM,bom_tubes_p20_ao12_am18_5_m13_ao12_am12_2,12,1,SATISFIED,5.1693,33148.0,59777.47
SAL-Ei-LM,bom_tubes_p20_ao12_am18_5_m13_ao12_am12_2,12,2,SATISFIED,5.1743,33168.0,60526.69
SAL-Ei-LM,bom_tubes_p20_ao12_am18_5_m13_ao12_am12_2,12,3,SATISFIED,5.1781,33182.0,59187.25
SAL-Ei-LM,bom_tubes_p20_ao12_am18_5_m13_ao12_am12_2,12,4,SATISFIED,5.291,33162.0,58625.16
SAL-Ei-LM,bom_tubes_p20_ao12_am18_5_m13_ao12_am12_2,12,5,SATISFIED,5.1669,33152.0,58648.69
SAL-Ei-LM,bom_tubes_p20_ao12_am18_5_m13_ao12_am12_2,12,6,SATISFIED,5.171,33158.0,60848.97
SAL-Ei-LM,bom_tubes_p20_ao12_am18_5_m13_ao12_am12_2,12,7,SATISFIED,5.1682,33138.0,59751.78
SAL-Ei-LM,bom_tubes_p20_ao12_am18_5_m13_ao12_am12_2,12,8,SATISFIED,5.1732,33162.0,58020.03
SAL-Ei-LM,bom_tubes_p20_ao12_am18_5_m13_ao12_am12_2,12,9,SATISFIED,5.1783,33129.0,59621.31
SAL-Ei-LM,bom_tubes_p20_ao12_am18_5_m13_ao12_am12_2,12,10,SATISFIED,5.1814,33140.0,59670.25
SAL-Ei-LM,bom_tubes_p20_ao12_am18_5_m13_ao12_am13_4,12,1,SATISFIED,5.175,41537.0,49166.19
SAL-Ei-LM,bom_tubes_p20_ao12_am18_5_m13_ao12_am13_4,12,2,SATISFIED,5.1768,41513.0,50166.72
SAL-Ei-LM,bom_tubes_p20_ao12_am18_5_m13_ao12_am13_4,12,3,SATISFIED,5.1771,41563.0,49466.91
SAL-Ei-LM,bom_tubes_p20_ao12_am18_5_m13_ao12_am13_4,12,4,SATISFIED,5.1841,41525.0,46860.97
SAL-Ei-LM,bom_tubes_p20_ao12_am18_5_m13_ao12_am13_4,12,5,SATISFIED,5.1754,41537.0,48204.28
SAL-Ei-LM,bom_tubes_p20_ao12_am18_5_m13_ao12_am13_4,12,6,SATISFIED,5.1724,41590.0,47097.31
SAL-Ei-LM,bom_tubes_p20_ao12_am18_5_m13_ao12_am13_4,12,7,SATISFIED,5.1765,41563.0,48705.56
SAL-Ei-LM,bom_tubes_p20_ao12_am18_5_m13_ao12_am13_4,12,8,SATISFIED,5.174,41563.0,48931.81
SAL-Ei-LM,bom_tubes_p20_ao12_am18_5_m13_ao12_am13_4,12,9,SATISFIED,5.1749,41506.0,48746.69
SAL-Ei-LM,bom_tubes_p20_ao12_am18_5_m13_ao12_am13_4,12,10,SATISFIED,5.1874,41513.0,48745.41
SAL-Ei-LM,bom_tubes_p20_ao12_am18_5_m30_ao12_am19_4,12,1,SATISFIED,5.1841,14361.0,41729.66
SAL-Ei-LM,bom_tubes_p20_ao12_am18_5_m30_ao12_am19_4,12,2,SATISFIED,5.1731,14234.0,39657.38
SAL-Ei-LM,bom_tubes_p20_ao12_am18_5_m30_ao12_am19_4,12,3,SATISFIED,5.2824,14312.0,40657.88
SAL-Ei-LM,bom_tubes_p20_ao12_am18_5_m30_ao12_am19_4,12,4,SATISFIED,5.173,14373.0,39833.62
SAL-Ei-LM,bom_tubes_p20_ao12_am18_5_m30_ao12_am19_4,12,5,SATISFIED,5.1865,14015.0,40935.28
SAL-Ei-LM,bom_tubes_p20_ao12_am18_5_m30_ao12_am19_4,12,6,SATISFIED,5.1766,14024.0,38634.12
SAL-Ei-LM,bom_tubes_p20_ao12_am18_5_m30_ao12_am19_4,12,7,SATISFIED,5.1769,13850.0,39587.69
SAL-Ei-LM,bom_tubes_p20_ao12_am18_5_m30_ao12_am19_4,12,8,SATISFIED,5.1838,14120.0,38494.62
SAL-Ei-LM,bom_tubes_p20_ao12_am18_5_m30_ao12_am19_4,12,9,SATISFIED,5.1882,14318.0,38715.44
SAL-Ei-LM,bom_tubes_p20_ao12_am18_5_m30_ao12_am19_4,12,10,SATISFIED,5.1773,14508.0,39770.47
SAL-Ei-LM,bom_tubes_p20_ao12_am18_5_m30_ao12_am20_1,12,1,SATISFIED,5.1791,21441.0,38293.12
SAL-Ei-LM,bom_tubes_p20_ao12_am18_5_m30_ao12_am20_1,12,2,SATISFIED,5.1709,21341.0,39071.91
SAL-Ei-LM,bom_tubes_p20_ao12_am18_5_m30_ao12_am20_1,12,3,SATISFIED,5.1868,21277.0,38149.5
SAL-Ei-LM,bom_tubes_p20_ao12_am18_5_m30_ao12_am20_1,12,4,SATISFIED,5.1821,20680.0,39513.12
SAL-Ei-LM,bom_tubes_p20_ao12_am18_5_m30_ao12_am20_1,12,5,SATISFIED,5.1847,21134.0,39245.44
SAL-Ei-LM,bom_tubes_p20_ao12_am18_5_m30_ao12_am20_1,12,6,SATISFIED,5.1828,20899.0,39789.31
SAL-Ei-LM,bom_tubes_p20_ao12_am18_5_m30_ao12_am20_1,12,7,SATISFIED,5.183,21357.0,40174.06
SAL-Ei-LM,bom_tubes_p20_ao12_am18_5_m30_ao12_am20_1,12,8,SATISFIED,5.1873,21236.0,40110.69
SAL-Ei-LM,bom_tubes_p20_ao12_am18_5_m30_ao12_am20_1,12,9,SATISFIED,5.1741,21381.0,38968.28
SAL-Ei-LM,bom_tubes_p20_ao12_am18_5_m30_ao12_am20_1,12,10,SATISFIED,5.1687,21305.0,40706.88
SAL-Ei-LM,bom_tubes_p20_ao12_am18_5_m30_ao12_am20_2,12,1,SATISFIED,5.1772,31045.0,40918.72
SAL-Ei-LM,bom_tubes_p20_ao12_am18_5_m30_ao12_am20_2,12,2,SATISFIED,5.1645,31234.0,39879.88
SAL-Ei-LM,bom_tubes_p20_ao12_am18_5_m30_ao12_am20_2,12,3,SATISFIED,5.1861,30917.0,39319.97
SAL-Ei-LM,bom_tubes_p20_ao12_am18_5_m30_ao12_am20_2,12,4,SATISFIED,5.1746,30941.0,39938.66
SAL-Ei-LM,bom_tubes_p20_ao12_am18_5_m30_ao12_am20_2,12,5,SATISFIED,5.2004,31261.0,39945.06
SAL-Ei-LM,bom_tubes_p20_ao12_am18_5_m30_ao12_am20_2,12,6,SATISFIED,5.1959,31689.0,40609.25
SAL-Ei-LM,bom_tubes_p20_ao12_am18_5_m30_ao12_am20_2,12,7,SATISFIED,5.1736,31338.0,41050.16
SAL-Ei-LM,bom_tubes_p20_ao12_am18_5_m30_ao12_am20_2,12,8,SATISFIED,5.1676,30421.0,39606.84
SAL-Ei-LM,bom_tubes_p20_ao12_am18_5_m30_ao12_am20_2,12,9,SATISFIED,5.1718,31480.0,40978.72
SAL-Ei-LM,bom_tubes_p20_ao12_am18_5_m30_ao12_am20_2,12,10,SATISFIED,5.1748,31134.0,40337.69
SAL-Ei-LM,bom_tubes_p20_ao12_am18_5_m30_ao12_am21_3,12,1,SATISFIED,5.1628,11846.0,40081.53
SAL-Ei-LM,bom_tubes_p20_ao12_am18_5_m30_ao12_am21_3,12,2,SATISFIED,5.1192,11838.0,39563.0
SAL-Ei-LM,bom_tubes_p20_ao12_am18_5_m30_ao12_am21_3,12,3,SATISFIED,5.1614,11870.0,39841.03
SAL-Ei-LM,bom_tubes_p20_ao12_am18_5_m30_ao12_am21_3,12,4,SATISFIED,5.1592,11802.0,40184.31
SAL-Ei-LM,bom_tubes_p20_ao12_am18_5_m30_ao12_am21_3,12,5,SATISFIED,5.1622,11842.0,39573.75
SAL-Ei-LM,bom_tubes_p20_ao12_am18_5_m30_ao12_am21_3,12,6,SATISFIED,5.171,11850.0,40144.25
SAL-Ei-LM,bom_tubes_p20_ao12_am18_5_m30_ao12_am21_3,12,7,SATISFIED,5.1705,11798.0,39039.94
SAL-Ei-LM,bom_tubes_p20_ao12_am18_5_m30_ao12_am21_3,12,8,SATISFIED,5.1665,11790.0,38333.69
SAL-Ei-LM,bom_tubes_p20_ao12_am18_5_m30_ao12_am21_3,12,9,SATISFIED,5.2446,11846.0,40681.0
SAL-Ei-LM,bom_tubes_p20_ao12_am18_5_m30_ao12_am21_3,12,10,SATISFIED,5.175,11871.0,40388.44
SAL-Ei-LM,bom_tubes_p20_ao12_am18_5_m30_ao12_am21_5,12,1,SATISFIED,5.1803,21945.0,39875.69
SAL-Ei-LM,bom_tubes_p20_ao12_am18_5_m30_ao12_am21_5,12,2,SATISFIED,5.1871,21743.0,40673.0
SAL-Ei-LM,bom_tubes_p20_ao12_am18_5_m30_ao12_am21_5,12,3,SATISFIED,5.1943,21989.0,39707.38
SAL-Ei-LM,bom_tubes_p20_ao12_am18_5_m30_ao12_am21_5,12,4,SATISFIED,5.1913,22128.0,40953.09
SAL-Ei-LM,bom_tubes_p20_ao12_am18_5_m30_ao12_am21_5,12,5,SATISFIED,5.1877,22058.0,39992.22
SAL-Ei-LM,bom_tubes_p20_ao12_am18_5_m30_ao12_am21_5,12,6,SATISFIED,5.1318,22084.0,40334.84
SAL-Ei-LM,bom_tubes_p20_ao12_am18_5_m30_ao12_am21_5,12,7,SATISFIED,5.1618,22018.0,41232.81
SAL-Ei-LM,bom_tubes_p20_ao12_am18_5_m30_ao12_am21_5,12,8,SATISFIED,5.1628,22061.0,40737.25
SAL-Ei-LM,bom_tubes_p20_ao12_am18_5_m30_ao12_am21_5,12,9,SATISFIED,5.1581,21822.0,40399.81
SAL-Ei-LM,bom_tubes_p20_ao12_am18_5_m30_ao12_am21_5,12,10,SATISFIED,5.1683,21802.0,39941.0
SAL-Ei-LM,bom_tubes_p30_ao13_am18_1,13,1,SATISFIED,5.1981,40047.0,54581.41
SAL-Ei-LM,bom_tubes_p30_ao13_am18_1,13,2,SATISFIED,5.1898,38929.0,55785.06
SAL-Ei-LM,bom_tubes_p30_ao13_am18_1,13,3,SATISFIED,5.1902,37531.0,53879.25
SAL-Ei-LM,bom_tubes_p30_ao13_am18_1,13,4,SATISFIED,5.1884,40275.0,54927.34
SAL-Ei-LM,bom_tubes_p30_ao13_am18_1,13,5,SATISFIED,5.2874,39979.0,54796.69
SAL-Ei-LM,bom_tubes_p30_ao13_am18_1,13,6,SATISFIED,5.1685,40470.0,54301.12
SAL-Ei-LM,bom_tubes_p30_ao13_am18_1,13,7,SATISFIED,5.184,38847.0,54635.81
SAL-Ei-LM,bom_tubes_p30_ao13_am18_1,13,8,SATISFIED,5.183,39779.0,55551.25
SAL-Ei-LM,bom_tubes_p30_ao13_am18_1,13,9,SATISFIED,5.1875,40217.0,55170.12
SAL-Ei-LM,bom_tubes_p30_ao13_am18_1,13,10,SATISFIED,5.1687,40128.0,54134.84
SAL-Ei-LM,bom_tubes_p30_ao13_am18_1_m10_ao13_am8_5,13,1,SATISFIED,5.1051,83842.0,52897.69
SAL-Ei-LM,bom_tubes_p30_ao13_am18_1_m10_ao13_am8_5,13,2,SATISFIED,5.1762,84462.0,54397.12
SAL-Ei-LM,bom_tubes_p30_ao13_am18_1_m10_ao13_am8_5,13,3,SATISFIED,5.1925,84742.0,56139.69
SAL-Ei-LM,bom_tubes_p30_ao13_am18_1_m10_ao13_am8_5,13,4,SATISFIED,5.1871,84422.0,56455.59
SAL-Ei-LM,bom_tubes_p30_ao13_am18_1_m10_ao13_am8_5,13,5,SATISFIED,5.1966,84102.0,52640.69
SAL-Ei-LM,bom_tubes_p30_ao13_am18_1_m10_ao13_am8_5,13,6,SATISFIED,5.2046,83942.0,52419.38
SAL-Ei-LM,bom_tubes_p30_ao13_am18_1_m10_ao13_am8_5,13,7,SATISFIED,5.1851,84622.0,54026.41
SAL-Ei-LM,bom_tubes_p30_ao13_am18_1_m10_ao13_am8_5,13,8,SATISFIED,5.1876,83982.0,55868.53
SAL-Ei-LM,bom_tubes_p30_ao13_am18_1_m10_ao13_am8_5,13,9,SATISFIED,5.186,84062.0,56523.22
SAL-Ei-LM,bom_tubes_p30_ao13_am18_1_m10_ao13_am8_5,13,10,SATISFIED,5.1964,84022.0,55501.75
SAL-Ei-LM,bom_tubes_p30_ao13_am18_1_m10_ao13_am10_1,13,1,SATISFIED,5.1811,115092.0,51678.88
SAL-Ei-LM,bom_tubes_p30_ao13_am18_1_m10_ao13_am10_1,13,2,SATISFIED,5.1738,115225.0,53057.59
SAL-Ei-LM,bom_tubes_p30_ao13_am18_1_m10_ao13_am10_1,13,3,SATISFIED,5.1772,115131.0,52707.38
SAL-Ei-LM,bom_tubes_p30_ao13_am18_1_m10_ao13_am10_1,13,4,SATISFIED,5.1738,115141.0,52188.72
SAL-Ei-LM,bom_tubes_p30_ao13_am18_1_m10_ao13_am10_1,13,5,SATISFIED,5.109,115156.0,50375.66
SAL-Ei-LM,bom_tubes_p30_ao13_am18_1_m10_ao13_am10_1,13,6,SATISFIED,5.1819,115077.0,52685.03
SAL-Ei-LM,bom_tubes_p30_ao13_am18_1_m10_ao13_am10_1,13,7,SATISFIED,5.1993,115078.0,53230.44
SAL-Ei-LM,bom_tubes_p30_ao13_am18_1_m10_ao13_am10_1,13,8,SATISFIED,5.1963,115206.0,52526.0
SAL-Ei-LM,bom_tubes_p30_ao13_am18_1_m10_ao13_am10_1,13,9,SATISFIED,5.1756,115063.0,51631.75
SAL-Ei-LM,bom_tubes_p30_ao13_am18_1_m10_ao13_am10_1,13,10,SATISFIED,5.1872,115141.0,51306.03
SAL-Ei-LM,bom_tubes_p30_ao13_am18_1_m10_ao13_am10_2,13,1,SATISFIED,5.1842,25176.0,47592.69
SAL-Ei-LM,bom_tubes_p30_ao13_am18_1_m10_ao13_am10_2,13,2,SATISFIED,5.1849,25465.0,46297.91
SAL-Ei-LM,bom_tubes_p30_ao13_am18_1_m10_ao13_am10_2,13,3,SATISFIED,5.1788,25227.0,47763.12
SAL-Ei-LM,bom_tubes_p30_ao13_am18_1_m10_ao13_am10_2,13,4,SATISFIED,5.1934,25585.0,48300.12
SAL-Ei-LM,bom_tubes_p30_ao13_am18_1_m10_ao13_am10_2,13,5,SATISFIED,5.1986,25335.0,47617.25
SAL-Ei-LM,bom_tubes_p30_ao13_am18_1_m10_ao13_am10_2,13,6,SATISFIED,5.1943,25457.0,47509.47
SAL-Ei-LM,bom_tubes_p30_ao13_am18_1_m10_ao13_am10_2,13,7,SATISFIED,5.1953,25413.0,48650.41
SAL-Ei-LM,bom_tubes_p30_ao13_am18_1_m10_ao13_am10_2,13,8,SATISFIED,5.2024,25352.0,47766.44
SAL-Ei-LM,bom_tubes_p30_ao13_am18_1_m10_ao13_am10_2,13,9,SATISFIED,5.1658,25419.0,46565.41
SAL-Ei-LM,bom_tubes_p30_ao13_am18_1_m10_ao13_am10_2,13,10,SATISFIED,5.1737,25567.0,47956.47
SAL-Ei-LM,bom_tubes_p30_ao13_am18_1_m10_ao13_am10_3,13,1,SATISFIED,5.1705,61560.0,43992.06
SAL-Ei-LM,bom_tubes_p30_ao13_am18_1_m10_ao13_am10_3,13,2,SATISFIED,5.1652,61760.0,46879.28
SAL-Ei-LM,bom_tubes_p30_ao13_am18_1_m10_ao13_am10_3,13,3,SATISFIED,5.175,61520.0,47797.47
SAL-Ei-LM,bom_tubes_p30_ao13_am18_1_m10_ao13_am10_3,13,4,SATISFIED,5.1777,61600.0,47088.62
SAL-Ei-LM,bom_tubes_p30_ao13_am18_1_m10_ao13_am10_3,13,5,SATISFIED,5.1756,61960.0,46347.0
SAL-Ei-LM,bom_tubes_p30_ao13_am18_1_m10_ao13_am10_3,13,6,SATISFIED,5.1796,61640.0,46110.53
SAL-Ei-LM,bom_tubes_p30_ao13_am18_1_m10_ao13_am10_3,13,7,SATISFIED,5.1773,61880.0,46764.12
SAL-Ei-LM,bom_tubes_p30_ao13_am18_1_m10_ao13_am10_3,13,8,SATISFIED,5.1859,61560.0,45503.22
SAL-Ei-LM,bom_tubes_p30_ao13_am18_1_m10_ao13_am10_3,13,9,SATISFIED,5.1378,61680.0,45538.91
SAL-Ei-LM,bom_tubes_p30_ao13_am18_1_m10_ao13_am10_3,13,10,SATISFIED,5.1976,61800.0,46403.06
SAL-Ei-LM,bom_tubes_p30_ao13_am18_1_m10_ao13_am10_4,13,1,SATISFIED,5.2,20630.0,48575.06
SAL-Ei-LM,bom_tubes_p30_ao13_am18_1_m10_ao13_am10_4,13,2,SATISFIED,5.2042,20547.0,47211.31
SAL-Ei-LM,bom_tubes_p30_ao13_am18_1_m10_ao13_am10_4,13,3,SATISFIED,5.2103,21279.0,48370.19
SAL-Ei-LM,bom_tubes_p30_ao13_am18_1_m10_ao13_am10_4,13,4,SATISFIED,5.205,20493.0,48209.78
SAL-Ei-LM,bom_tubes_p30_ao13_am18_1_m10_ao13_am10_4,13,5,SATISFIED,5.1425,20845.0,49902.81
SAL-Ei-LM,bom_tubes_p30_ao13_am18_1_m10_ao13_am10_4,13,6,SATISFIED,5.1756,21013.0,48930.53
SAL-Ei-LM,bom_tubes_p30_ao13_am18_1_m10_ao13_am10_4,13,7,SATISFIED,5.1718,20908.0,49833.56
SAL-Ei-LM,bom_tubes_p30_ao13_am18_1_m10_ao13_am10_4,13,8,SATISFIED,5.172,21129.0,50059.69
SAL-Ei-LM,bom_tubes_p30_ao13_am18_1_m10_ao13_am10_4,13,9,SATISFIED,5.1776,20966.0,48296.03
SAL-Ei-LM,bom_tubes_p30_ao13_am18_1_m10_ao13_am10_4,13,10,SATISFIED,5.1709,21082.0,49686.94
SAL-Ei-LM,bom_tubes_p30_ao13_am18_1_m30_ao13_am16_2,13,1,SATISFIED,5.2706,87153.0,50258.28
SAL-Ei-LM,bom_tubes_p30_ao13_am18_1_m30_ao13_am16_2,13,2,SATISFIED,5.1565,87357.0,49976.25
SAL-Ei-LM,bom_tubes_p30_ao13_am18_1_m30_ao13_am16_2,13,3,SATISFIED,5.1841,87448.0,50266.38
SAL-Ei-LM,bom_tubes_p30_ao13_am18_1_m30_ao13_am16_2,13,4,SATISFIED,5.1833,87249.0,48504.03
SAL-Ei-LM,bom_tubes_p30_ao13_am18_1_m30_ao13_am16_2,13,5,SATISFIED,5.1962,86696.0,51019.81
SAL-Ei-LM,bom_tubes_p30_ao13_am18_1_m30_ao13_am16_2,13,6,SATISFIED,5.1747,87232.0,50159.12
SAL-Ei-LM,bom_tubes_p30_ao13_am18_1_m30_ao13_am16_2,13,7,SATISFIED,5.1717,86527.0,51000.06
SAL-Ei-LM,bom_tubes_p30_ao13_am18_1_m30_ao13_am16_2,13,8,SATISFIED,5.1758,87271.0,49287.66
SAL-Ei-LM,bom_tubes_p30_ao13_am18_1_m30_ao13_am16_2,13,9,SATISFIED,5.1736,86827.0,51272.72
SAL-Ei-LM,bom_tubes_p30_ao13_am18_1_m30_ao13_am16_2,13,10,SATISFIED,5.1763,86485.0,50210.22
SAL-Ei-LM,bom_tubes_p30_ao13_am18_1_m30_ao13_am18_1,13,1,SATISFIED,5.1751,48400.0,48844.84
SAL-Ei-LM,bom_tubes_p30_ao13_am18_1_m30_ao13_am18_1,13,2,SATISFIED,5.1746,47865.0,47906.47
SAL-Ei-LM,bom_tubes_p30_ao13_am18_1_m30_ao13_am18_1,13,3,SATISFIED,5.1718,47781.0,49394.53
SAL-Ei-LM,bom_tubes_p30_ao13_am18_1_m30_ao13_am18_1,13,4,SATISFIED,5.1731,48929.0,49309.38
SAL-Ei-LM,bom_tubes_p30_ao13_am18_1_m30_ao13_am18_1,13,5,SATISFIED,5.1662,47193.0,49950.38
SAL-Ei-LM,bom_tubes_p30_ao13_am18_1_m30_ao13_am18_1,13,6,SATISFIED,5.1724,48824.0,48323.97
SAL-Ei-LM,bom_tubes_p30_ao13_am18_1_m30_ao13_am18_1,13,7,SATISFIED,5.1645,48197.0,48248.25
SAL-Ei-LM,bom_tubes_p30_ao13_am18_1_m30_ao13_am18_1,13,8,SATISFIED,5.2603,48929.0,48570.41
SAL-Ei-LM,bom_tubes_p30_ao13_am18_1_m30_ao13_am18_1,13,9,SATISFIED,5.2431,48458.0,48428.5
SAL-Ei-LM,bom_tubes_p30_ao13_am18_1_m30_ao13_am18_1,13,10,SATISFIED,5.1102,47504.0,49070.25
SAL-Ei-LM,bom_tubes_p30_ao13_am18_1_m30_ao13_am18_4,13,1,SATISFIED,5.1872,28516.0,47159.84
SAL-Ei-LM,bom_tubes_p30_ao13_am18_1_m30_ao13_am18_4,13,2,SATISFIED,5.2104,27212.0,46240.53
SAL-Ei-LM,bom_tubes_p30_ao13_am18_1_m30_ao13_am18_4,13,3,SATISFIED,5.1892,28226.0,47383.0
SAL-Ei-LM,bom_tubes_p30_ao13_am18_1_m30_ao13_am18_4,13,4,SATISFIED,5.177,26950.0,47656.41
SAL-Ei-LM,bom_tubes_p30_ao13_am18_1_m30_ao13_am18_4,13,5,SATISFIED,5.1838,26910.0,48319.72
SAL-Ei-LM,bom_tubes_p30_ao13_am18_1_m30_ao13_am18_4,13,6,SATISFIED,5.1973,26863.0,47400.09
SAL-Ei-LM,bom_tubes_p30_ao13_am18_1_m30_ao13_am18_4,13,7,SATISFIED,5.1948,28836.0,46249.59
SAL-Ei-LM,bom_tubes_p30_ao13_am18_1_m30_ao13_am18_4,13,8,SATISFIED,5.1871,28560.0,46895.38
SAL-Ei-LM,bom_tubes_p30_ao13_am18_1_m30_ao13_am18_4,13,9,SATISFIED,5.1135,28416.0,47233.94
SAL-Ei-LM,bom_tubes_p30_ao13_am18_1_m30_ao13_am18_4,13,10,SATISFIED,5.1221,27791.0,48579.56
SAL-Ei-LM,bom_tubes_p30_ao13_am18_1_m30_ao13_am19_3,13,1,SATISFIED,5.1344,10496.0,46207.31
SAL-Ei-LM,bom_tubes_p30_ao13_am18_1_m30_ao13_am19_3,13,2,SATISFIED,5.1866,10476.0,45129.91
SAL-Ei-LM,bom_tubes_p30_ao13_am18_1_m30_ao13_am19_3,13,3,SATISFIED,5.1967,10476.0,44520.0
SAL-Ei-LM,bom_tubes_p30_ao13_am18_1_m30_ao13_am19_3,13,4,SATISFIED,5.2021,10476.0,46989.06
SAL-Ei-LM,bom_tubes_p30_ao13_am18_1_m30_ao13_am19_3,13,5,SATISFIED,5.2029,10556.0,46167.78
SAL-Ei-LM,bom_tubes_p30_ao13_am18_1_m30_ao13_am19_3,13,6,SATISFIED,5.186,10476.0,45927.5
SAL-Ei-LM,bom_tubes_p30_ao13_am18_1_m30_ao13_am19_3,13,7,SATISFIED,5.1753,10476.0,45928.53
SAL-Ei-LM,bom_tubes_p30_ao13_am18_1_m30_ao13_am19_3,13,8,SATISFIED,5.237,10496.0,45469.12
SAL-Ei-LM,bom_tubes_p30_ao13_am18_1_m30_ao13_am19_3,13,9,SATISFIED,5.1061,10476.0,44934.22
SAL-Ei-LM,bom_tubes_p30_ao13_am18_1_m30_ao13_am19_3,13,10,SATISFIED,5.1785,10536.0,46248.22
SAL-Ei-LM,bom_tubes_p30_ao13_am18_1_m30_ao13_am20_5,13,1,SATISFIED,5.1651,49878.0,47957.84
SAL-Ei-LM,bom_tubes_p30_ao13_am18_1_m30_ao13_am20_5,13,2,SATISFIED,5.1611,49931.0,47429.34
SAL-Ei-LM,bom_tubes_p30_ao13_am18_1_m30_ao13_am20_5,13,3,SATISFIED,5.1729,49819.0,46330.41
SAL-Ei-LM,bom_tubes_p30_ao13_am18_1_m30_ao13_am20_5,13,4,SATISFIED,5.174,49727.0,47755.41
SAL-Ei-LM,bom_tubes_p30_ao13_am18_1_m30_ao13_am20_5,13,5,SATISFIED,5.1714,49867.0,47806.78
SAL-Ei-LM,bom_tubes_p30_ao13_am18_1_m30_ao13_am20_5,13,6,SATISFIED,5.1669,49835.0,47406.69
SAL-Ei-LM,bom_tubes_p30_ao13_am18_1_m30_ao13_am20_5,13,7,SATISFIED,5.1678,49924.0,46490.69
SAL-Ei-LM,bom_tubes_p30_ao13_am18_1_m30_ao13_am20_5,13,8,SATISFIED,5.1675,49931.0,47008.5
SAL-Ei-LM,bom_tubes_p30_ao13_am18_1_m30_ao13_am20_5,13,9,SATISFIED,5.1697,49687.0,46988.03
SAL-Ei-LM,bom_tubes_p30_ao13_am18_1_m30_ao13_am20_5,13,10,SATISFIED,5.1757,49939.0,46244.59
SAL-Ei-LM,bom_tubes_p30_ao13_am18_2,13,1,SATISFIED,5.1801,16272.0,58458.88
SAL-Ei-LM,bom_tubes_p30_ao13_am18_2,13,2,SATISFIED,5.1886,16200.0,56823.97
SAL-Ei-LM,bom_tubes_p30_ao13_am18_2,13,3,SATISFIED,5.1844,16228.0,56711.34
SAL-Ei-LM,bom_tubes_p30_ao13_am18_2,13,4,SATISFIED,5.1943,16220.0,58666.31
SAL-Ei-LM,bom_tubes_p30_ao13_am18_2,13,5,SATISFIED,5.1982,16368.0,56784.59
SAL-Ei-LM,bom_tubes_p30_ao13_am18_2,13,6,SATISFIED,5.3095,16264.0,57697.62
SAL-Ei-LM,bom_tubes_p30_ao13_am18_2,13,7,SATISFIED,5.1793,16284.0,55708.75
SAL-Ei-LM,bom_tubes_p30_ao13_am18_2,13,8,SATISFIED,5.1742,16340.0,57267.47
SAL-Ei-LM,bom_tubes_p30_ao13_am18_2,13,9,SATISFIED,5.1803,16220.0,57346.66
SAL-Ei-LM,bom_tubes_p30_ao13_am18_2,13,10,SATISFIED,5.1891,16232.0,57232.88
SAL-Ei-LM,bom_tubes_p30_ao13_am18_2_m10_ao13_am9_1,13,1,SATISFIED,5.1979,35981.0,55827.56
SAL-Ei-LM,bom_tubes_p30_ao13_am18_2_m10_ao13_am9_1,13,2,SATISFIED,5.1897,35970.0,53215.5
SAL-Ei-LM,bom_tubes_p30_ao13_am18_2_m10_ao13_am9_1,13,3,SATISFIED,5.1894,36008.0,53353.5
SAL-Ei-LM,bom_tubes_p30_ao13_am18_2_m10_ao13_am9_1,13,4,SATISFIED,5.2027,35948.0,55147.03
SAL-Ei-LM,bom_tubes_p30_ao13_am18_2_m10_ao13_am9_1,13,5,SATISFIED,5.2074,36014.0,55307.22
SAL-Ei-LM,bom_tubes_p30_ao13_am18_2_m10_ao13_am9_1,13,6,SATISFIED,5.2059,36065.0,54642.19
SAL-Ei-LM,bom_tubes_p30_ao13_am18_2_m10_ao13_am9_1,13,7,SATISFIED,5.2243,35981.0,54052.25
SAL-Ei-LM,bom_tubes_p30_ao13_am18_2_m10_ao13_am9_1,13,8,SATISFIED,5.1685,35946.0,52824.19
SAL-Ei-LM,bom_tubes_p30_ao13_am18_2_m10_ao13_am9_1,13,9,SATISFIED,5.1828,36002.0,54855.62
SAL-Ei-LM,bom_tubes_p30_ao13_am18_2_m10_ao13_am9_1,13,10,SATISFIED,5.1858,35981.0,56520.44
SAL-Ei-LM,bom_tubes_p30_ao13_am18_2_m10_ao13_am10_2,13,1,SATISFIED,5.1889,36058.0,60433.59
SAL-Ei-LM,bom_tubes_p30_ao13_am18_2_m10_ao13_am10_2,13,2,SATISFIED,5.1936,36058.0,59239.88
SAL-Ei-LM,bom_tubes_p30_ao13_am18_2_m10_ao13_am10_2,13,3,SATISFIED,5.1809,36058.0,59557.22
SAL-Ei-LM,bom_tubes_p30_ao13_am18_2_m10_ao13_am10_2,13,4,SATISFIED,5.1198,36058.0,52091.44
SAL-Ei-LM,bom_tubes_p30_ao13_am18_2_m10_ao13_am10_2,13,5,SATISFIED,5.1813,36058.0,58453.88
SAL-Ei-LM,bom_tubes_p30_ao13_am18_2_m10_ao13_am10_2,13,6,SATISFIED,5.1785,36058.0,59457.69
SAL-Ei-LM,bom_tubes_p30_ao13_am18_2_m10_ao13_am10_2,13,7,SATISFIED,5.1822,36058.0,58865.88
SAL-Ei-LM,bom_tubes_p30_ao13_am18_2_m10_ao13_am10_2,13,8,SATISFIED,5.1673,36058.0,59834.44
SAL-Ei-LM,bom_tubes_p30_ao13_am18_2_m10_ao13_am10_2,13,9,SATISFIED,5.1851,36058.0,59758.16
SAL-Ei-LM,bom_tubes_p30_ao13_am18_2_m10_ao13_am10_2,13,10,SATISFIED,5.1741,36058.0,60474.25
SAL-Ei-LM,bom_tubes_p30_ao13_am18_2_m10_ao13_am10_3,13,1,SATISFIED,5.1282,10103.0,52689.47
SAL-Ei-LM,bom_tubes_p30_ao13_am18_2_m10_ao13_am10_3,13,2,SATISFIED,5.1825,10050.0,52376.56
SAL-Ei-LM,bom_tubes_p30_ao13_am18_2_m10_ao13_am10_3,13,3,SATISFIED,5.1748,10103.0,50514.12
SAL-Ei-LM,bom_tubes_p30_ao13_am18_2_m10_ao13_am10_3,13,4,SATISFIED,5.169,10076.0,50391.94
SAL-Ei-LM,bom_tubes_p30_ao13_am18_2_m10_ao13_am10_3,13,5,SATISFIED,5.2121,10142.0,50075.62
SAL-Ei-LM,bom_tubes_p30_ao13_am18_2_m10_ao13_am10_3,13,6,SATISFIED,5.1787,10079.0,49192.72
SAL-Ei-LM,bom_tubes_p30_ao13_am18_2_m10_ao13_am10_3,13,7,SATISFIED,5.1698,10063.0,49851.44
SAL-Ei-LM,bom_tubes_p30_ao13_am18_2_m10_ao13_am10_3,13,8,SATISFIED,5.1695,10089.0,51899.34
SAL-Ei-LM,bom_tubes_p30_ao13_am18_2_m10_ao13_am10_3,13,9,SATISFIED,5.1688,10076.0,52484.59
SAL-Ei-LM,bom_tubes_p30_ao13_am18_2_m10_ao13_am10_3,13,10,SATISFIED,5.1629,10063.0,52534.88
SAL-Ei-LM,bom_tubes_p30_ao13_am18_2_m10_ao13_am10_4,13,1,SATISFIED,5.1748,23122.0,47574.16
SAL-Ei-LM,bom_tubes_p30_ao13_am18_2_m10_ao13_am10_4,13,2,SATISFIED,5.148,23018.0,49535.62
SAL-Ei-LM,bom_tubes_p30_ao13_am18_2_m10_ao13_am10_4,13,3,SATISFIED,5.1791,23116.0,48533.66
SAL-Ei-LM,bom_tubes_p30_ao13_am18_2_m10_ao13_am10_4,13,4,SATISFIED,5.1744,23003.0,49074.03
SAL-Ei-LM,bom_tubes_p30_ao13_am18_2_m10_ao13_am10_4,13,5,SATISFIED,5.1696,22778.0,49801.31
SAL-Ei-LM,bom_tubes_p30_ao13_am18_2_m10_ao13_am10_4,13,6,SATISFIED,5.1714,22828.0,50022.97
SAL-Ei-LM,bom_tubes_p30_ao13_am18_2_m10_ao13_am10_4,13,7,SATISFIED,5.172,23038.0,50927.06
SAL-Ei-LM,bom_tubes_p30_ao13_am18_2_m10_ao13_am10_4,13,8,SATISFIED,5.172,23120.0,49498.16
SAL-Ei-LM,bom_tubes_p30_ao13_am18_2_m10_ao13_am10_4,13,9,SATISFIED,5.1709,22800.0,48245.81
SAL-Ei-LM,bom_tubes_p30_ao13_am18_2_m10_ao13_am10_4,13,10,SATISFIED,5.1656,23082.0,48222.03
SAL-Ei-LM,bom_tubes_p30_ao13_am18_2_m10_ao13_am10_5,13,1,SATISFIED,5.1742,47134.0,57842.94
SAL-Ei-LM,bom_tubes_p30_ao13_am18_2_m10_ao13_am10_5,13,2,SATISFIED,5.1672,47134.0,56547.88
SAL-Ei-LM,bom_tubes_p30_ao13_am18_2_m10_ao13_am10_5,13,3,SATISFIED,5.1691,47134.0,56926.22
SAL-Ei-LM,bom_tubes_p30_ao13_am18_2_m10_ao13_am10_5,13,4,SATISFIED,5.169,47134.0,55663.56
SAL-Ei-LM,bom_tubes_p30_ao13_am18_2_m10_ao13_am10_5,13,5,SATISFIED,5.1762,47134.0,56156.25
SAL-Ei-LM,bom_tubes_p30_ao13_am18_2_m10_ao13_am10_5,13,6,SATISFIED,5.2627,47134.0,56973.94
SAL-Ei-LM,bom_tubes_p30_ao13_am18_2_m10_ao13_am10_5,13,7,SATISFIED,5.1603,47134.0,58184.03
SAL-Ei-LM,bom_tubes_p30_ao13_am18_2_m10_ao13_am10_5,13,8,SATISFIED,5.1706,47134.0,53562.53
SAL-Ei-LM,bom_tubes_p30_ao13_am18_2_m10_ao13_am10_5,13,9,SATISFIED,5.1667,47134.0,56023.44
SAL-Ei-LM,bom_tubes_p30_ao13_am18_2_m10_ao13_am10_5,13,10,SATISFIED,5.1672,47134.0,55116.47
SAL-Ei-LM,bom_tubes_p30_ao13_am18_2_m30_ao13_am15_1,13,1,SATISFIED,5.1709,26025.0,50415.44
SAL-Ei-LM,bom_tubes_p30_ao13_am18_2_m30_ao13_am15_1,13,2,SATISFIED,5.1741,25965.0,49851.12
SAL-Ei-LM,bom_tubes_p30_ao13_am18_2_m30_ao13_am15_1,13,3,SATISFIED,5.1752,25989.0,50205.69
SAL-Ei-LM,bom_tubes_p30_ao13_am18_2_m30_ao13_am15_1,13,4,SATISFIED,5.1737,25989.0,48632.16
SAL-Ei-LM,bom_tubes_p30_ao13_am18_2_m30_ao13_am15_1,13,5,SATISFIED,5.1767,26001.0,50585.53
SAL-Ei-LM,bom_tubes_p30_ao13_am18_2_m30_ao13_am15_1,13,6,SATISFIED,5.1741,26025.0,51409.31
SAL-Ei-LM,bom_tubes_p30_ao13_am18_2_m30_ao13_am15_1,13,7,SATISFIED,5.1696,25989.0,51118.69
SAL-Ei-LM,bom_tubes_p30_ao13_am18_2_m30_ao13_am15_1,13,8,SATISFIED,5.1728,26037.0,49416.22
SAL-Ei-LM,bom_tubes_p30_ao13_am18_2_m30_ao13_am15_1,13,9,SATISFIED,5.173,26037.0,49782.69
SAL-Ei-LM,bom_tubes_p30_ao13_am18_2_m30_ao13_am15_1,13,10,SATISFIED,5.1768,26025.0,50184.12
SAL-Ei-LM,bom_tubes_p30_ao13_am18_2_m30_ao13_am19_5,13,1,SATISFIED,5.1702,41824.0,48832.75
SAL-Ei-LM,bom_tubes_p30_ao13_am18_2_m30_ao13_am19_5,13,2,SATISFIED,5.1733,41792.0,47606.28
SAL-Ei-LM,bom_tubes_p30_ao13_am18_2_m30_ao13_am19_5,13,3,SATISFIED,5.181,41900.0,48580.28
SAL-Ei-LM,bom_tubes_p30_ao13_am18_2_m30_ao13_am19_5,13,4,SATISFIED,5.1704,42032.0,48142.59
SAL-Ei-LM,bom_tubes_p30_ao13_am18_2_m30_ao13_am19_5,13,5,SATISFIED,5.2345,41948.0,47578.59
SAL-Ei-LM,bom_tubes_p30_ao13_am18_2_m30_ao13_am19_5,13,6,SATISFIED,5.1672,41773.0,46134.88
SAL-Ei-LM,bom_tubes_p30_ao13_am18_2_m30_ao13_am19_5,13,7,SATISFIED,5.1647,41713.0,48160.66
SAL-Ei-LM,bom_tubes_p30_ao13_am18_2_m30_ao13_am19_5,13,8,SATISFIED,5.1832,41826.0,47633.25
SAL-Ei-LM,bom_tubes_p30_ao13_am18_2_m30_ao13_am19_5,13,9,SATISFIED,5.1793,41923.0,48402.41
SAL-Ei-LM,bom_tubes_p30_ao13_am18_2_m30_ao13_am19_5,13,10,SATISFIED,5.179,41764.0,49953.41
SAL-Ei-LM,bom_tubes_p30_ao13_am18_2_m30_ao13_am20_2,13,1,SATISFIED,5.1674,26856.0,46993.0
SAL-Ei-LM,bom_tubes_p30_ao13_am18_2_m30_ao13_am20_2,13,2,SATISFIED,5.1726,26556.0,48651.28
SAL-Ei-LM,bom_tubes_p30_ao13_am18_2_m30_ao13_am20_2,13,3,SATISFIED,5.1683,26876.0,46070.84
SAL-Ei-LM,bom_tubes_p30_ao13_am18_2_m30_ao13_am20_2,13,4,SATISFIED,5.1655,26596.0,47045.56
SAL-Ei-LM,bom_tubes_p30_ao13_am18_2_m30_ao13_am20_2,13,5,SATISFIED,5.1029,26336.0,47075.91
SAL-Ei-LM,bom_tubes_p30_ao13_am18_2_m30_ao13_am20_2,13,6,SATISFIED,5.1644,26516.0,47015.84
SAL-Ei-LM,bom_tubes_p30_ao13_am18_2_m30_ao13_am20_2,13,7,SATISFIED,5.1688,26356.0,46917.38
SAL-Ei-LM,bom_tubes_p30_ao13_am18_2_m30_ao13_am20_2,13,8,SATISFIED,5.167,26356.0,45803.16
SAL-Ei-LM,bom_tubes_p30_ao13_am18_2_m30_ao13_am20_2,13,9,SATISFIED,5.1622,26336.0,46734.47
SAL-Ei-LM,bom_tubes_p30_ao13_am18_2_m30_ao13_am20_2,13,10,SATISFIED,5.1636,26336.0,47468.47
SAL-Ei-LM,bom_tubes_p30_ao13_am18_2_m30_ao13_am22_3,13,1,SATISFIED,5.2799,31760.0,43228.06
SAL-Ei-LM,bom_tubes_p30_ao13_am18_2_m30_ao13_am22_3,13,2,SATISFIED,5.155,31245.0,42312.53
SAL-Ei-LM,bom_tubes_p30_ao13_am18_2_m30_ao13_am22_3,13,3,SATISFIED,5.1681,31352.0,41667.12
SAL-Ei-LM,bom_tubes_p30_ao13_am18_2_m30_ao13_am22_3,13,4,SATISFIED,5.0993,31788.0,43058.03
SAL-Ei-LM,bom_tubes_p30_ao13_am18_2_m30_ao13_am22_3,13,5,SATISFIED,5.0966,31612.0,41252.84
SAL-Ei-LM,bom_tubes_p30_ao13_am18_2_m30_ao13_am22_3,13,6,SATISFIED,5.0963,31168.0,41836.78
SAL-Ei-LM,bom_tubes_p30_ao13_am18_2_m30_ao13_am22_3,13,7,SATISFIED,5.0975,31646.0,43677.28
SAL-Ei-LM,bom_tubes_p30_ao13_am18_2_m30_ao13_am22_3,13,8,SATISFIED,5.0957,31082.0,43149.62
SAL-Ei-LM,bom_tubes_p30_ao13_am18_2_m30_ao13_am22_3,13,9,SATISFIED,5.1099,31322.0,42513.06
SAL-Ei-LM,bom_tubes_p30_ao13_am18_2_m30_ao13_am22_3,13,10,SATISFIED,5.1643,31138.0,43549.84
SAL-Ei-LM,bom_tubes_p30_ao13_am18_2_m30_ao13_am22_4,13,1,SATISFIED,5.166,23085.0,46154.56
SAL-Ei-LM,bom_tubes_p30_ao13_am18_2_m30_ao13_am22_4,13,2,SATISFIED,5.1628,23035.0,47274.69
SAL-Ei-LM,bom_tubes_p30_ao13_am18_2_m30_ao13_am22_4,13,3,SATISFIED,5.1658,23335.0,46396.69
SAL-Ei-LM,bom_tubes_p30_ao13_am18_2_m30_ao13_am22_4,13,4,SATISFIED,5.1656,23120.0,47103.59
SAL-Ei-LM,bom_tubes_p30_ao13_am18_2_m30_ao13_am22_4,13,5,SATISFIED,5.1643,23037.0,45895.41
SAL-Ei-LM,bom_tubes_p30_ao13_am18_2_m30_ao13_am22_4,13,6,SATISFIED,5.1615,22929.0,45391.69
SAL-Ei-LM,bom_tubes_p30_ao13_am18_2_m30_ao13_am22_4,13,7,SATISFIED,5.2889,23255.0,46814.84
SAL-Ei-LM,bom_tubes_p30_ao13_am18_2_m30_ao13_am22_4,13,8,SATISFIED,5.1513,23100.0,44751.66
SAL-Ei-LM,bom_tubes_p30_ao13_am18_2_m30_ao13_am22_4,13,9,SATISFIED,5.1611,23040.0,46317.88
SAL-Ei-LM,bom_tubes_p30_ao13_am18_2_m30_ao13_am22_4,13,10,SATISFIED,5.1658,23151.0,43485.25
SAL-Ei-LM,bom_tubes_p30_ao13_am18_3,13,1,SATISFIED,5.1859,121581.0,55805.12
SAL-Ei-LM,bom_tubes_p30_ao13_am18_3,13,2,SATISFIED,5.1754,121305.0,58809.19
SAL-Ei-LM,bom_tubes_p30_ao13_am18_3,13,3,SATISFIED,5.1737,121494.0,59347.53
SAL-Ei-LM,bom_tubes_p30_ao13_am18_3,13,4,SATISFIED,5.1726,121361.0,59276.19
SAL-Ei-LM,bom_tubes_p30_ao13_am18_3,13,5,SATISFIED,5.1704,121766.0,58828.25
SAL-Ei-LM,bom_tubes_p30_ao13_am18_3,13,6,SATISFIED,5.1752,121541.0,58725.25
SAL-Ei-LM,bom_tubes_p30_ao13_am18_3,13,7,SATISFIED,5.1484,121784.0,58637.16
SAL-Ei-LM,bom_tubes_p30_ao13_am18_3,13,8,SATISFIED,5.1788,121543.0,57272.06
SAL-Ei-LM,bom_tubes_p30_ao13_am18_3,13,9,SATISFIED,5.1872,121704.0,60424.12
SAL-Ei-LM,bom_tubes_p30_ao13_am18_3,13,10,SATISFIED,5.1861,121538.0,59849.75
SAL-Ei-LM,bom_tubes_p30_ao13_am18_3_m10_ao13_am9_1,13,1,SATISFIED,5.1132,95488.0,48919.25
SAL-Ei-LM,bom_tubes_p30_ao13_am18_3_m10_ao13_am9_1,13,2,SATISFIED,5.1954,95489.0,47429.66
SAL-Ei-LM,bom_tubes_p30_ao13_am18_3_m10_ao13_am9_1,13,3,SATISFIED,5.1781,95456.0,47192.81
SAL-Ei-LM,bom_tubes_p30_ao13_am18_3_m10_ao13_am9_1,13,4,SATISFIED,5.1233,95544.0,47837.5
SAL-Ei-LM,bom_tubes_p30_ao13_am18_3_m10_ao13_am9_1,13,5,SATISFIED,5.1952,95465.0,46284.62
SAL-Ei-LM,bom_tubes_p30_ao13_am18_3_m10_ao13_am9_1,13,6,SATISFIED,5.1773,95620.0,46547.06
SAL-Ei-LM,bom_tubes_p30_ao13_am18_3_m10_ao13_am9_1,13,7,SATISFIED,5.1776,95516.0,48592.16
SAL-Ei-LM,bom_tubes_p30_ao13_am18_3_m10_ao13_am9_1,13,8,SATISFIED,5.1813,95560.0,47268.16
SAL-Ei-LM,bom_tubes_p30_ao13_am18_3_m10_ao13_am9_1,13,9,SATISFIED,5.1813,95508.0,48054.94
SAL-Ei-LM,bom_tubes_p30_ao13_am18_3_m10_ao13_am9_1,13,10,SATISFIED,5.1428,95556.0,47502.56
SAL-Ei-LM,bom_tubes_p30_ao13_am18_3_m10_ao13_am9_3,13,1,SATISFIED,5.191,59116.0,46046.06
SAL-Ei-LM,bom_tubes_p30_ao13_am18_3_m10_ao13_am9_3,13,2,SATISFIED,5.171,59422.0,44151.88
SAL-Ei-LM,bom_tubes_p30_ao13_am18_3_m10_ao13_am9_3,13,3,SATISFIED,5.1708,58343.0,45817.78
SAL-Ei-LM,bom_tubes_p30_ao13_am18_3_m10_ao13_am9_3,13,4,SATISFIED,5.1657,58028.0,46175.41
SAL-Ei-LM,bom_tubes_p30_ao13_am18_3_m10_ao13_am9_3,13,5,SATISFIED,5.1746,58606.0,46233.31
SAL-Ei-LM,bom_tubes_p30_ao13_am18_3_m10_ao13_am9_3,13,6,SATISFIED,5.1714,59255.0,46351.38
SAL-Ei-LM,bom_tubes_p30_ao13_am18_3_m10_ao13_am9_3,13,7,SATISFIED,5.1706,59113.0,45350.09
SAL-Ei-LM,bom_tubes_p30_ao13_am18_3_m10_ao13_am9_3,13,8,SATISFIED,5.1744,59093.0,45243.81
SAL-Ei-LM,bom_tubes_p30_ao13_am18_3_m10_ao13_am9_3,13,9,SATISFIED,5.179,58669.0,46646.53
SAL-Ei-LM,bom_tubes_p30_ao13_am18_3_m10_ao13_am9_3,13,10,SATISFIED,5.1886,58363.0,45627.22
SAL-Ei-LM,bom_tubes_p30_ao13_am18_3_m10_ao13_am9_4,13,1,SATISFIED,5.1703,24970.0,44539.47
SAL-Ei-LM,bom_tubes_p30_ao13_am18_3_m10_ao13_am9_4,13,2,SATISFIED,5.1772,25190.0,45051.34
SAL-Ei-LM,bom_tubes_p30_ao13_am18_3_m10_ao13_am9_4,13,3,SATISFIED,5.1767,24994.0,46516.81
SAL-Ei-LM,bom_tubes_p30_ao13_am18_3_m10_ao13_am9_4,13,4,SATISFIED,5.1743,25179.0,44003.91
SAL-Ei-LM,bom_tubes_p30_ao13_am18_3_m10_ao13_am9_4,13,5,SATISFIED,5.1781,25324.0,45920.28
SAL-Ei-LM,bom_tubes_p30_ao13_am18_3_m10_ao13_am9_4,13,6,SATISFIED,5.3221,24875.0,45657.28
SAL-Ei-LM,bom_tubes_p30_ao13_am18_3_m10_ao13_am9_4,13,7,SATISFIED,5.1659,25104.0,44583.84
SAL-Ei-LM,bom_tubes_p30_ao13_am18_3_m10_ao13_am9_4,13,8,SATISFIED,5.1765,24859.0,45848.59
SAL-Ei-LM,bom_tubes_p30_ao13_am18_3_m10_ao13_am9_4,13,9,SATISFIED,5.1754,25021.0,45678.12
SAL-Ei-LM,bom_tubes_p30_ao13_am18_3_m10_ao13_am9_4,13,10,SATISFIED,5.1747,25047.0,46164.31
SAL-Ei-LM,bom_tubes_p30_ao13_am18_3_m10_ao13_am9_5,13,1,SATISFIED,5.1924,102493.0,50587.84
SAL-Ei-LM,bom_tubes_p30_ao13_am18_3_m10_ao13_am9_5,13,2,SATISFIED,5.2007,102493.0,50477.31
SAL-Ei-LM,bom_tubes_p30_ao13_am18_3_m10_ao13_am9_5,13,3,SATISFIED,5.1758,102493.0,49091.06
SAL-Ei-LM,bom_tubes_p30_ao13_am18_3_m10_ao13_am9_5,13,4,SATISFIED,5.1736,102493.0,50330.78
SAL-Ei-LM,bom_tubes_p30_ao13_am18_3_m10_ao13_am9_5,13,5,SATISFIED,5.1338,102493.0,49084.44
SAL-Ei-LM,bom_tubes_p30_ao13_am18_3_m10_ao13_am9_5,13,6,SATISFIED,5.1686,102493.0,50641.31
SAL-Ei-LM,bom_tubes_p30_ao13_am18_3_m10_ao13_am9_5,13,7,SATISFIED,5.173,102493.0,50138.34
SAL-Ei-LM,bom_tubes_p30_ao13_am18_3_m10_ao13_am9_5,13,8,SATISFIED,5.1731,102493.0,50658.28
SAL-Ei-LM,bom_tubes_p30_ao13_am18_3_m10_ao13_am9_5,13,9,SATISFIED,5.1786,102493.0,49776.25
SAL-Ei-LM,bom_tubes_p30_ao13_am18_3_m10_ao13_am9_5,13,10,SATISFIED,5.1749,102493.0,51152.78
SAL-Ei-LM,bom_tubes_p30_ao13_am18_3_m10_ao13_am10_2,13,1,SATISFIED,5.1725,95263.0,53195.53
SAL-Ei-LM,bom_tubes_p30_ao13_am18_3_m10_ao13_am10_2,13,2,SATISFIED,5.2226,95228.0,53144.91
SAL-Ei-LM,bom_tubes_p30_ao13_am18_3_m10_ao13_am10_2,13,3,SATISFIED,5.227,95222.0,50919.5
SAL-Ei-LM,bom_tubes_p30_ao13_am18_3_m10_ao13_am10_2,13,4,SATISFIED,5.2035,95478.0,52077.12
SAL-Ei-LM,bom_tubes_p30_ao13_am18_3_m10_ao13_am10_2,13,5,SATISFIED,5.1992,95552.0,53250.72
SAL-Ei-LM,bom_tubes_p30_ao13_am18_3_m10_ao13_am10_2,13,6,SATISFIED,5.1931,95224.0,49956.69
SAL-Ei-LM,bom_tubes_p30_ao13_am18_3_m10_ao13_am10_2,13,7,SATISFIED,5.2011,95220.0,53644.75
SAL-Ei-LM,bom_tubes_p30_ao13_am18_3_m10_ao13_am10_2,13,8,SATISFIED,5.3344,95225.0,52006.62
SAL-Ei-LM,bom_tubes_p30_ao13_am18_3_m10_ao13_am10_2,13,9,SATISFIED,5.1146,95584.0,51046.12
SAL-Ei-LM,bom_tubes_p30_ao13_am18_3_m10_ao13_am10_2,13,10,SATISFIED,5.1715,95623.0,52403.75
SAL-Ei-LM,bom_tubes_p30_ao13_am18_3_m30_ao13_am14_3,13,1,SATISFIED,5.1725,102355.0,53132.44
SAL-Ei-LM,bom_tubes_p30_ao13_am18_3_m30_ao13_am14_3,13,2,SATISFIED,5.1782,102355.0,51959.88
SAL-Ei-LM,bom_tubes_p30_ao13_am18_3_m30_ao13_am14_3,13,3,SATISFIED,5.1771,102355.0,51008.88
SAL-Ei-LM,bom_tubes_p30_ao13_am18_3_m30_ao13_am14_3,13,4,SATISFIED,5.1737,102355.0,52853.44
SAL-Ei-LM,bom_tubes_p30_ao13_am18_3_m30_ao13_am14_3,13,5,SATISFIED,5.1802,102355.0,52496.41
SAL-Ei-LM,bom_tubes_p30_ao13_am18_3_m30_ao13_am14_3,13,6,SATISFIED,5.1727,102355.0,51582.12
SAL-Ei-LM,bom_tubes_p30_ao13_am18_3_m30_ao13_am14_3,13,7,SATISFIED,5.177,102355.0,51473.91
SAL-Ei-LM,bom_tubes_p30_ao13_am18_3_m30_ao13_am14_3,13,8,SATISFIED,5.1753,102355.0,52173.09
SAL-Ei-LM,bom_tubes_p30_ao13_am18_3_m30_ao13_am14_3,13,9,SATISFIED,5.1802,102355.0,51421.72
SAL-Ei-LM,bom_tubes_p30_ao13_am18_3_m30_ao13_am14_3,13,10,SATISFIED,5.1751,102355.0,52857.47
SAL-Ei-LM,bom_tubes_p30_ao13_am18_3_m30_ao13_am18_1,13,1,SATISFIED,5.1747,31963.0,47750.03
SAL-Ei-LM,bom_tubes_p30_ao13_am18_3_m30_ao13_am18_1,13,2,SATISFIED,5.1753,32059.0,46850.94
SAL-Ei-LM,bom_tubes_p30_ao13_am18_3_m30_ao13_am18_1,13,3,SATISFIED,5.1776,31952.0,46245.41
SAL-Ei-LM,bom_tubes_p30_ao13_am18_3_m30_ao13_am18_1,13,4,SATISFIED,5.1795,31952.0,46676.28
SAL-Ei-LM,bom_tubes_p30_ao13_am18_3_m30_ao13_am18_1,13,5,SATISFIED,5.1762,32139.0,46923.12
SAL-Ei-LM,bom_tubes_p30_ao13_am18_3_m30_ao13_am18_1,13,6,SATISFIED,5.3139,31952.0,45728.03
SAL-Ei-LM,bom_tubes_p30_ao13_am18_3_m30_ao13_am18_1,13,7,SATISFIED,5.1679,31952.0,47391.0
SAL-Ei-LM,bom_tubes_p30_ao13_am18_3_m30_ao13_am18_1,13,8,SATISFIED,5.1712,31952.0,47885.97
SAL-Ei-LM,bom_tubes_p30_ao13_am18_3_m30_ao13_am18_1,13,9,SATISFIED,5.1769,32171.0,47650.59
SAL-Ei-LM,bom_tubes_p30_ao13_am18_3_m30_ao13_am18_1,13,10,SATISFIED,5.1814,32187.0,47256.53
SAL-Ei-LM,bom_tubes_p30_ao13_am18_3_m30_ao13_am18_2,13,1,SATISFIED,5.1943,27938.0,46180.72
SAL-Ei-LM,bom_tubes_p30_ao13_am18_3_m30_ao13_am18_2,13,2,SATISFIED,5.177,28124.0,45274.28
SAL-Ei-LM,bom_tubes_p30_ao13_am18_3_m30_ao13_am18_2,13,3,SATISFIED,5.1938,28376.0,46480.31
SAL-Ei-LM,bom_tubes_p30_ao13_am18_3_m30_ao13_am18_2,13,4,SATISFIED,5.1859,27967.0,46194.19
SAL-Ei-LM,bom_tubes_p30_ao13_am18_3_m30_ao13_am18_2,13,5,SATISFIED,5.1917,28323.0,45322.72
SAL-Ei-LM,bom_tubes_p30_ao13_am18_3_m30_ao13_am18_2,13,6,SATISFIED,5.1858,28245.0,45952.88
SAL-Ei-LM,bom_tubes_p30_ao13_am18_3_m30_ao13_am18_2,13,7,SATISFIED,5.1876,27294.0,45518.19
SAL-Ei-LM,bom_tubes_p30_ao13_am18_3_m30_ao13_am18_2,13,8,SATISFIED,5.1864,28409.0,45323.25
SAL-Ei-LM,bom_tubes_p30_ao13_am18_3_m30_ao13_am18_2,13,9,SATISFIED,5.1761,27781.0,45040.66
SAL-Ei-LM,bom_tubes_p30_ao13_am18_3_m30_ao13_am18_2,13,10,SATISFIED,5.175,27680.0,43947.38
SAL-Ei-LM,bom_tubes_p30_ao13_am18_3_m30_ao13_am19_5,13,1,SATISFIED,5.1776,45669.0,49419.94
SAL-Ei-LM,bom_tubes_p30_ao13_am18_3_m30_ao13_am19_5,13,2,SATISFIED,5.1802,45620.0,49701.66
SAL-Ei-LM,bom_tubes_p30_ao13_am18_3_m30_ao13_am19_5,13,3,SATISFIED,5.2388,45679.0,48152.72
SAL-Ei-LM,bom_tubes_p30_ao13_am18_3_m30_ao13_am19_5,13,4,SATISFIED,5.1815,45649.0,48821.06
SAL-Ei-LM,bom_tubes_p30_ao13_am18_3_m30_ao13_am19_5,13,5,SATISFIED,5.1767,45714.0,50088.38
SAL-Ei-LM,bom_tubes_p30_ao13_am18_3_m30_ao13_am19_5,13,6,SATISFIED,5.1912,45529.0,48612.28
SAL-Ei-LM,bom_tubes_p30_ao13_am18_3_m30_ao13_am19_5,13,7,SATISFIED,5.1866,45692.0,47934.69
SAL-Ei-LM,bom_tubes_p30_ao13_am18_3_m30_ao13_am19_5,13,8,SATISFIED,5.1937,45561.0,48315.25
SAL-Ei-LM,bom_tubes_p30_ao13_am18_3_m30_ao13_am19_5,13,9,SATISFIED,5.254,45656.0,49176.72
SAL-Ei-LM,bom_tubes_p30_ao13_am18_3_m30_ao13_am19_5,13,10,SATISFIED,5.2132,45732.0,50354.28
SAL-Ei-LM,bom_tubes_p30_ao13_am18_3_m30_ao13_am20_4,13,1,SATISFIED,5.1793,40428.0,42269.44
SAL-Ei-LM,bom_tubes_p30_ao13_am18_3_m30_ao13_am20_4,13,2,SATISFIED,5.1556,40990.0,41796.72
SAL-Ei-LM,bom_tubes_p30_ao13_am18_3_m30_ao13_am20_4,13,3,SATISFIED,5.1728,41468.0,43074.91
SAL-Ei-LM,bom_tubes_p30_ao13_am18_3_m30_ao13_am20_4,13,4,SATISFIED,5.1805,43864.0,42428.44
SAL-Ei-LM,bom_tubes_p30_ao13_am18_3_m30_ao13_am20_4,13,5,SATISFIED,5.177,43853.0,42396.66
SAL-Ei-LM,bom_tubes_p30_ao13_am18_3_m30_ao13_am20_4,13,6,SATISFIED,5.1712,43409.0,42924.16
SAL-Ei-LM,bom_tubes_p30_ao13_am18_3_m30_ao13_am20_4,13,7,SATISFIED,5.1711,41787.0,43482.22
SAL-Ei-LM,bom_tubes_p30_ao13_am18_3_m30_ao13_am20_4,13,8,SATISFIED,5.1775,42590.0,42318.03
SAL-Ei-LM,bom_tubes_p30_ao13_am18_3_m30_ao13_am20_4,13,9,SATISFIED,5.1851,41599.0,43487.34
SAL-Ei-LM,bom_tubes_p30_ao13_am18_3_m30_ao13_am20_4,13,10,SATISFIED,5.2152,41573.0,42407.5
SAL-Ei-LM,bom_tubes_p30_ao13_am18_4,13,1,SATISFIED,5.1775,30388.0,51777.59
SAL-Ei-LM,bom_tubes_p30_ao13_am18_4,13,2,SATISFIED,5.2653,30520.0,52355.66
SAL-Ei-LM,bom_tubes_p30_ao13_am18_4,13,3,SATISFIED,5.2087,30576.0,53868.75
SAL-Ei-LM,bom_tubes_p30_ao13_am18_4,13,4,SATISFIED,5.1877,30472.0,53211.72
SAL-Ei-LM,bom_tubes_p30_ao13_am18_4,13,5,SATISFIED,5.1936,30668.0,53022.5
SAL-Ei-LM,bom_tubes_p30_ao13_am18_4,13,6,SATISFIED,5.1728,30568.0,52792.69
SAL-Ei-LM,bom_tubes_p30_ao13_am18_4,13,7,SATISFIED,5.1726,30608.0,53241.19
SAL-Ei-LM,bom_tubes_p30_ao13_am18_4,13,8,SATISFIED,5.169,30708.0,53525.59
SAL-Ei-LM,bom_tubes_p30_ao13_am18_4,13,9,SATISFIED,5.1657,30732.0,53432.53
SAL-Ei-LM,bom_tubes_p30_ao13_am18_4,13,10,SATISFIED,5.1888,30520.0,51725.66
SAL-Ei-LM,bom_tubes_p30_ao13_am18_4_m10_ao13_am8_1,13,1,SATISFIED,5.1916,106963.0,52842.12
SAL-Ei-LM,bom_tubes_p30_ao13_am18_4_m10_ao13_am8_1,13,2,SATISFIED,5.1947,106930.0,53082.91
SAL-Ei-LM,bom_tubes_p30_ao13_am18_4_m10_ao13_am8_1,13,3,SATISFIED,5.2001,106955.0,51605.75
SAL-Ei-LM,bom_tubes_p30_ao13_am18_4_m10_ao13_am8_1,13,4,SATISFIED,5.184,106783.0,47858.91
SAL-Ei-LM,bom_tubes_p30_ao13_am18_4_m10_ao13_am8_1,13,5,SATISFIED,5.1897,106868.0,51636.06
SAL-Ei-LM,bom_tubes_p30_ao13_am18_4_m10_ao13_am8_1,13,6,SATISFIED,5.1766,106863.0,49951.06
SAL-Ei-LM,bom_tubes_p30_ao13_am18_4_m10_ao13_am8_1,13,7,SATISFIED,5.194,106867.0,51877.81
SAL-Ei-LM,bom_tubes_p30_ao13_am18_4_m10_ao13_am8_1,13,8,SATISFIED,5.252,106835.0,50180.94
SAL-Ei-LM,bom_tubes_p30_ao13_am18_4_m10_ao13_am8_1,13,9,SATISFIED,5.2412,106871.0,50860.09
SAL-Ei-LM,bom_tubes_p30_ao13_am18_4_m10_ao13_am8_1,13,10,SATISFIED,5.2103,106873.0,49797.06
SAL-Ei-LM,bom_tubes_p30_ao13_am18_4_m10_ao13_am9_2,13,1,SATISFIED,5.1482,48954.0,47180.0
SAL-Ei-LM,bom_tubes_p30_ao13_am18_4_m10_ao13_am9_2,13,2,SATISFIED,5.199,48924.0,46556.97
SAL-Ei-LM,bom_tubes_p30_ao13_am18_4_m10_ao13_am9_2,13,3,SATISFIED,5.1497,48979.0,46013.56
SAL-Ei-LM,bom_tubes_p30_ao13_am18_4_m10_ao13_am9_2,13,4,SATISFIED,5.2068,48990.0,46544.88
SAL-Ei-LM,bom_tubes_p30_ao13_am18_4_m10_ao13_am9_2,13,5,SATISFIED,5.1871,48933.0,47806.78
SAL-Ei-LM,bom_tubes_p30_ao13_am18_4_m10_ao13_am9_2,13,6,SATISFIED,5.1833,48954.0,48279.19
SAL-Ei-LM,bom_tubes_p30_ao13_am18_4_m10_ao13_am9_2,13,7,SATISFIED,5.1816,48927.0,47342.69
SAL-Ei-LM,bom_tubes_p30_ao13_am18_4_m10_ao13_am9_2,13,8,SATISFIED,5.1747,49044.0,47285.25
SAL-Ei-LM,bom_tubes_p30_ao13_am18_4_m10_ao13_am9_2,13,9,SATISFIED,5.1831,48945.0,46570.09
SAL-Ei-LM,bom_tubes_p30_ao13_am18_4_m10_ao13_am9_2,13,10,SATISFIED,5.1741,49030.0,49567.59
SAL-Ei-LM,bom_tubes_p30_ao13_am18_4_m10_ao13_am9_3,13,1,SATISFIED,5.1888,75577.0,47421.16
SAL-Ei-LM,bom_tubes_p30_ao13_am18_4_m10_ao13_am9_3,13,2,SATISFIED,5.1714,75568.0,47966.56
SAL-Ei-LM,bom_tubes_p30_ao13_am18_4_m10_ao13_am9_3,13,3,SATISFIED,5.1715,75509.0,48955.5
SAL-Ei-LM,bom_tubes_p30_ao13_am18_4_m10_ao13_am9_3,13,4,SATISFIED,5.1724,75568.0,48309.03
SAL-Ei-LM,bom_tubes_p30_ao13_am18_4_m10_ao13_am9_3,13,5,SATISFIED,5.1784,75580.0,46854.88
SAL-Ei-LM,bom_tubes_p30_ao13_am18_4_m10_ao13_am9_3,13,6,SATISFIED,5.18,75604.0,47434.09
SAL-Ei-LM,bom_tubes_p30_ao13_am18_4_m10_ao13_am9_3,13,7,SATISFIED,5.198,75572.0,46495.31
SAL-Ei-LM,bom_tubes_p30_ao13_am18_4_m10_ao13_am9_3,13,8,SATISFIED,5.1557,75521.0,48692.44
SAL-Ei-LM,bom_tubes_p30_ao13_am18_4_m10_ao13_am9_3,13,9,SATISFIED,5.1789,75433.0,47208.47
SAL-Ei-LM,bom_tubes_p30_ao13_am18_4_m10_ao13_am9_3,13,10,SATISFIED,5.1555,75457.0,48574.19
SAL-Ei-LM,bom_tubes_p30_ao13_am18_4_m10_ao13_am10_4,13,1,SATISFIED,5.1862,50292.0,49455.19
SAL-Ei-LM,bom_tubes_p30_ao13_am18_4_m10_ao13_am10_4,13,2,SATISFIED,5.1821,50919.0,50292.12
SAL-Ei-LM,bom_tubes_p30_ao13_am18_4_m10_ao13_am10_4,13,3,SATISFIED,5.1556,51233.0,49660.91
SAL-Ei-LM,bom_tubes_p30_ao13_am18_4_m10_ao13_am10_4,13,4,SATISFIED,5.1797,50951.0,48935.72
SAL-Ei-LM,bom_tubes_p30_ao13_am18_4_m10_ao13_am10_4,13,5,SATISFIED,5.1848,51598.0,48811.78
SAL-Ei-LM,bom_tubes_p30_ao13_am18_4_m10_ao13_am10_4,13,6,SATISFIED,5.177,50927.0,49216.31
SAL-Ei-LM,bom_tubes_p30_ao13_am18_4_m10_ao13_am10_4,13,7,SATISFIED,5.18,50793.0,48767.75
SAL-Ei-LM,bom_tubes_p30_ao13_am18_4_m10_ao13_am10_4,13,8,SATISFIED,5.2359,51529.0,50261.94
SAL-Ei-LM,bom_tubes_p30_ao13_am18_4_m10_ao13_am10_4,13,9,SATISFIED,5.1673,51252.0,46405.28
SAL-Ei-LM,bom_tubes_p30_ao13_am18_4_m10_ao13_am10_4,13,10,SATISFIED,5.1879,50934.0,45813.69
SAL-Ei-LM,bom_tubes_p30_ao13_am18_4_m10_ao13_am10_5,13,1,SATISFIED,5.1674,43058.0,51055.53
SAL-Ei-LM,bom_tubes_p30_ao13_am18_4_m10_ao13_am10_5,13,2,SATISFIED,5.1714,43081.0,51128.84
SAL-Ei-LM,bom_tubes_p30_ao13_am18_4_m10_ao13_am10_5,13,3,SATISFIED,5.1724,43065.0,52390.12
SAL-Ei-LM,bom_tubes_p30_ao13_am18_4_m10_ao13_am10_5,13,4,SATISFIED,5.1217,43212.0,50755.81
SAL-Ei-LM,bom_tubes_p30_ao13_am18_4_m10_ao13_am10_5,13,5,SATISFIED,5.1097,43239.0,52055.5
SAL-Ei-LM,bom_tubes_p30_ao13_am18_4_m10_ao13_am10_5,13,6,SATISFIED,5.1117,43095.0,50502.03
SAL-Ei-LM,bom_tubes_p30_ao13_am18_4_m10_ao13_am10_5,13,7,SATISFIED,5.182,43510.0,50183.06
SAL-Ei-LM,bom_tubes_p30_ao13_am18_4_m10_ao13_am10_5,13,8,SATISFIED,5.1827,43179.0,50500.34
SAL-Ei-LM,bom_tubes_p30_ao13_am18_4_m10_ao13_am10_5,13,9,SATISFIED,5.178,43124.0,52510.91
SAL-Ei-LM,bom_tubes_p30_ao13_am18_4_m10_ao13_am10_5,13,10,SATISFIED,5.1866,43149.0,51444.03
SAL-Ei-LM,bom_tubes_p30_ao13_am18_4_m30_ao13_am16_1,13,1,SATISFIED,5.1794,34280.0,50396.47
SAL-Ei-LM,bom_tubes_p30_ao13_am18_4_m30_ao13_am16_1,13,2,SATISFIED,5.1795,34280.0,50538.72
SAL-Ei-LM,bom_tubes_p30_ao13_am18_4_m30_ao13_am16_1,13,3,SATISFIED,5.183,34280.0,51623.41
SAL-Ei-LM,bom_tubes_p30_ao13_am18_4_m30_ao13_am16_1,13,4,SATISFIED,5.1787,34280.0,51469.03
SAL-Ei-LM,bom_tubes_p30_ao13_am18_4_m30_ao13_am16_1,13,5,SATISFIED,5.1828,34280.0,50701.75
SAL-Ei-LM,bom_tubes_p30_ao13_am18_4_m30_ao13_am16_1,13,6,SATISFIED,5.1725,34280.0,50317.03
SAL-Ei-LM,bom_tubes_p30_ao13_am18_4_m30_ao13_am16_1,13,7,SATISFIED,5.1804,34280.0,50690.62
SAL-Ei-LM,bom_tubes_p30_ao13_am18_4_m30_ao13_am16_1,13,8,SATISFIED,5.2207,34280.0,50680.38
SAL-Ei-LM,bom_tubes_p30_ao13_am18_4_m30_ao13_am16_1,13,9,SATISFIED,5.1786,34280.0,50304.69
SAL-Ei-LM,bom_tubes_p30_ao13_am18_4_m30_ao13_am16_1,13,10,SATISFIED,5.138,34280.0,50842.06
SAL-Ei-LM,bom_tubes_p30_ao13_am18_4_m30_ao13_am16_2,13,1,SATISFIED,5.1347,147495.0,48233.41
SAL-Ei-LM,bom_tubes_p30_ao13_am18_4_m30_ao13_am16_2,13,2,SATISFIED,5.1967,147539.0,47430.69
SAL-Ei-LM,bom_tubes_p30_ao13_am18_4_m30_ao13_am16_2,13,3,SATISFIED,5.1932,147540.0,47379.66
SAL-Ei-LM,bom_tubes_p30_ao13_am18_4_m30_ao13_am16_2,13,4,SATISFIED,5.1969,147686.0,45490.44
SAL-Ei-LM,bom_tubes_p30_ao13_am18_4_m30_ao13_am16_2,13,5,SATISFIED,5.1972,147365.0,47120.75
SAL-Ei-LM,bom_tubes_p30_ao13_am18_4_m30_ao13_am16_2,13,6,SATISFIED,5.2029,147305.0,47223.56
SAL-Ei-LM,bom_tubes_p30_ao13_am18_4_m30_ao13_am16_2,13,7,SATISFIED,5.108,147474.0,46580.84
SAL-Ei-LM,bom_tubes_p30_ao13_am18_4_m30_ao13_am16_2,13,8,SATISFIED,5.1063,147435.0,47088.19
SAL-Ei-LM,bom_tubes_p30_ao13_am18_4_m30_ao13_am16_2,13,9,SATISFIED,5.1056,147438.0,48096.97
SAL-Ei-LM,bom_tubes_p30_ao13_am18_4_m30_ao13_am16_2,13,10,SATISFIED,5.1769,147334.0,48191.28
SAL-Ei-LM,bom_tubes_p30_ao13_am18_4_m30_ao13_am16_3,13,1,SATISFIED,5.1903,47309.0,49499.22
SAL-Ei-LM,bom_tubes_p30_ao13_am18_4_m30_ao13_am16_3,13,2,SATISFIED,5.2132,47309.0,48790.06
SAL-Ei-LM,bom_tubes_p30_ao13_am18_4_m30_ao13_am16_3,13,3,SATISFIED,5.1907,47309.0,49197.12
SAL-Ei-LM,bom_tubes_p30_ao13_am18_4_m30_ao13_am16_3,13,4,SATISFIED,5.1687,47309.0,47979.06
SAL-Ei-LM,bom_tubes_p30_ao13_am18_4_m30_ao13_am16_3,13,5,SATISFIED,5.138,47309.0,49495.56
SAL-Ei-LM,bom_tubes_p30_ao13_am18_4_m30_ao13_am16_3,13,6,SATISFIED,5.2961,47309.0,49359.12
SAL-Ei-LM,bom_tubes_p30_ao13_am18_4_m30_ao13_am16_3,13,7,SATISFIED,5.1866,47309.0,47846.38
SAL-Ei-LM,bom_tubes_p30_ao13_am18_4_m30_ao13_am16_3,13,8,SATISFIED,5.241,47309.0,48786.72
SAL-Ei-LM,bom_tubes_p30_ao13_am18_4_m30_ao13_am16_3,13,9,SATISFIED,5.1945,47309.0,49466.69
SAL-Ei-LM,bom_tubes_p30_ao13_am18_4_m30_ao13_am16_3,13,10,SATISFIED,5.1745,47309.0,49188.44
SAL-Ei-LM,bom_tubes_p30_ao13_am18_4_m30_ao13_am19_4,13,1,SATISFIED,5.2283,52520.0,45968.94
SAL-Ei-LM,bom_tubes_p30_ao13_am18_4_m30_ao13_am19_4,13,2,SATISFIED,5.1515,52526.0,45689.22
SAL-Ei-LM,bom_tubes_p30_ao13_am18_4_m30_ao13_am19_4,13,3,SATISFIED,5.2079,52478.0,43416.16
SAL-Ei-LM,bom_tubes_p30_ao13_am18_4_m30_ao13_am19_4,13,4,SATISFIED,5.2087,52484.0,44355.69
SAL-Ei-LM,bom_tubes_p30_ao13_am18_4_m30_ao13_am19_4,13,5,SATISFIED,5.224,52522.0,44763.53
SAL-Ei-LM,bom_tubes_p30_ao13_am18_4_m30_ao13_am19_4,13,6,SATISFIED,5.2226,52488.0,45599.28
SAL-Ei-LM,bom_tubes_p30_ao13_am18_4_m30_ao13_am19_4,13,7,SATISFIED,5.1993,52600.0,43683.62
SAL-Ei-LM,bom_tubes_p30_ao13_am18_4_m30_ao13_am19_4,13,8,SATISFIED,5.2142,52520.0,44072.22
SAL-Ei-LM,bom_tubes_p30_ao13_am18_4_m30_ao13_am19_4,13,9,SATISFIED,5.1417,52542.0,44513.44
SAL-Ei-LM,bom_tubes_p30_ao13_am18_4_m30_ao13_am19_4,13,10,SATISFIED,5.2777,52534.0,45088.12
SAL-Ei-LM,bom_tubes_p30_ao13_am18_4_m30_ao13_am20_5,13,1,SATISFIED,5.0975,22080.0,48726.12
SAL-Ei-LM,bom_tubes_p30_ao13_am18_4_m30_ao13_am20_5,13,2,SATISFIED,5.1945,21845.0,48985.16
SAL-Ei-LM,bom_tubes_p30_ao13_am18_4_m30_ao13_am20_5,13,3,SATISFIED,5.2469,21958.0,48825.03
SAL-Ei-LM,bom_tubes_p30_ao13_am18_4_m30_ao13_am20_5,13,4,SATISFIED,5.1588,22115.0,47856.62
SAL-Ei-LM,bom_tubes_p30_ao13_am18_4_m30_ao13_am20_5,13,5,SATISFIED,5.1726,22066.0,48212.69
SAL-Ei-LM,bom_tubes_p30_ao13_am18_4_m30_ao13_am20_5,13,6,SATISFIED,5.1818,21949.0,48138.78
SAL-Ei-LM,bom_tubes_p30_ao13_am18_4_m30_ao13_am20_5,13,7,SATISFIED,5.1781,22060.0,46755.66
SAL-Ei-LM,bom_tubes_p30_ao13_am18_4_m30_ao13_am20_5,13,8,SATISFIED,5.1757,21995.0,46659.62
SAL-Ei-LM,bom_tubes_p30_ao13_am18_4_m30_ao13_am20_5,13,9,SATISFIED,5.1784,22155.0,47858.19
SAL-Ei-LM,bom_tubes_p30_ao13_am18_4_m30_ao13_am20_5,13,10,SATISFIED,5.1851,22018.0,46805.62
SAL-Ei-LM,bom_tubes_p30_ao13_am18_5,13,1,SATISFIED,5.1971,52074.0,56082.19
SAL-Ei-LM,bom_tubes_p30_ao13_am18_5,13,2,SATISFIED,5.1891,52074.0,52824.56
SAL-Ei-LM,bom_tubes_p30_ao13_am18_5,13,3,SATISFIED,5.2024,52074.0,55881.34
SAL-Ei-LM,bom_tubes_p30_ao13_am18_5,13,4,SATISFIED,5.1861,52074.0,55915.47
SAL-Ei-LM,bom_tubes_p30_ao13_am18_5,13,5,SATISFIED,5.1906,52074.0,55329.97
SAL-Ei-LM,bom_tubes_p30_ao13_am18_5,13,6,SATISFIED,5.1862,52074.0,54716.19
SAL-Ei-LM,bom_tubes_p30_ao13_am18_5,13,7,SATISFIED,5.1962,52074.0,56562.31
SAL-Ei-LM,bom_tubes_p30_ao13_am18_5,13,8,SATISFIED,5.2052,52074.0,56705.5
SAL-Ei-LM,bom_tubes_p30_ao13_am18_5,13,9,SATISFIED,5.2953,52074.0,55886.41
SAL-Ei-LM,bom_tubes_p30_ao13_am18_5,13,10,SATISFIED,5.1679,52074.0,55440.66
SAL-Ei-LM,bom_tubes_p30_ao13_am18_5_m10_ao13_am9_1,13,1,SATISFIED,5.1695,115020.0,46786.31
SAL-Ei-LM,bom_tubes_p30_ao13_am18_5_m10_ao13_am9_1,13,2,SATISFIED,5.1664,115146.0,46981.5
SAL-Ei-LM,bom_tubes_p30_ao13_am18_5_m10_ao13_am9_1,13,3,SATISFIED,5.1748,115024.0,48231.22
SAL-Ei-LM,bom_tubes_p30_ao13_am18_5_m10_ao13_am9_1,13,4,SATISFIED,5.1736,114971.0,47275.38
SAL-Ei-LM,bom_tubes_p30_ao13_am18_5_m10_ao13_am9_1,13,5,SATISFIED,5.1357,114963.0,47144.06
SAL-Ei-LM,bom_tubes_p30_ao13_am18_5_m10_ao13_am9_1,13,6,SATISFIED,5.1579,114987.0,47067.56
SAL-Ei-LM,bom_tubes_p30_ao13_am18_5_m10_ao13_am9_1,13,7,SATISFIED,5.1265,115005.0,46871.94
SAL-Ei-LM,bom_tubes_p30_ao13_am18_5_m10_ao13_am9_1,13,8,SATISFIED,5.177,115077.0,46475.5
SAL-Ei-LM,bom_tubes_p30_ao13_am18_5_m10_ao13_am9_1,13,9,SATISFIED,5.1624,114967.0,46987.59
SAL-Ei-LM,bom_tubes_p30_ao13_am18_5_m10_ao13_am9_1,13,10,SATISFIED,5.1637,115192.0,47354.53
SAL-Ei-LM,bom_tubes_p30_ao13_am18_5_m10_ao13_am9_3,13,1,SATISFIED,5.1714,110897.0,48142.31
SAL-Ei-LM,bom_tubes_p30_ao13_am18_5_m10_ao13_am9_3,13,2,SATISFIED,5.1711,110897.0,47766.78
SAL-Ei-LM,bom_tubes_p30_ao13_am18_5_m10_ao13_am9_3,13,3,SATISFIED,5.1682,110937.0,47011.5
SAL-Ei-LM,bom_tubes_p30_ao13_am18_5_m10_ao13_am9_3,13,4,SATISFIED,5.1752,110897.0,46477.81
SAL-Ei-LM,bom_tubes_p30_ao13_am18_5_m10_ao13_am9_3,13,5,SATISFIED,5.1736,110897.0,46405.16
SAL-Ei-LM,bom_tubes_p30_ao13_am18_5_m10_ao13_am9_3,13,6,SATISFIED,5.1369,110897.0,46782.31
SAL-Ei-LM,bom_tubes_p30_ao13_am18_5_m10_ao13_am9_3,13,7,SATISFIED,5.169,110897.0,46877.22
SAL-Ei-LM,bom_tubes_p30_ao13_am18_5_m10_ao13_am9_3,13,8,SATISFIED,5.178,110897.0,47521.44
SAL-Ei-LM,bom_tubes_p30_ao13_am18_5_m10_ao13_am9_3,13,9,SATISFIED,5.1704,110897.0,47598.5
SAL-Ei-LM,bom_tubes_p30_ao13_am18_5_m10_ao13_am9_3,13,10,SATISFIED,5.171,110897.0,47364.22
SAL-Ei-LM,bom_tubes_p30_ao13_am18_5_m10_ao13_am9_5,13,1,SATISFIED,5.1634,75652.0,52758.38
SAL-Ei-LM,bom_tubes_p30_ao13_am18_5_m10_ao13_am9_5,13,2,SATISFIED,5.1721,75652.0,54488.53
SAL-Ei-LM,bom_tubes_p30_ao13_am18_5_m10_ao13_am9_5,13,3,SATISFIED,5.1747,75652.0,52676.59
SAL-Ei-LM,bom_tubes_p30_ao13_am18_5_m10_ao13_am9_5,13,4,SATISFIED,5.1831,75652.0,55359.0
SAL-Ei-LM,bom_tubes_p30_ao13_am18_5_m10_ao13_am9_5,13,5,SATISFIED,5.1808,75652.0,54420.19
SAL-Ei-LM,bom_tubes_p30_ao13_am18_5_m10_ao13_am9_5,13,6,SATISFIED,5.1848,75652.0,55254.28
SAL-Ei-LM,bom_tubes_p30_ao13_am18_5_m10_ao13_am9_5,13,7,SATISFIED,5.2293,75652.0,54885.53
SAL-Ei-LM,bom_tubes_p30_ao13_am18_5_m10_ao13_am9_5,13,8,SATISFIED,5.1699,75652.0,54890.31
SAL-Ei-LM,bom_tubes_p30_ao13_am18_5_m10_ao13_am9_5,13,9,SATISFIED,5.1723,75652.0,54405.59
SAL-Ei-LM,bom_tubes_p30_ao13_am18_5_m10_ao13_am9_5,13,10,SATISFIED,5.1753,75672.0,53868.97
SAL-Ei-LM,bom_tubes_p30_ao13_am18_5_m10_ao13_am10_2,13,1,SATISFIED,5.1744,115911.0,54421.41
SAL-Ei-LM,bom_tubes_p30_ao13_am18_5_m10_ao13_am10_2,13,2,SATISFIED,5.1713,115911.0,56641.16
SAL-Ei-LM,bom_tubes_p30_ao13_am18_5_m10_ao13_am10_2,13,3,SATISFIED,5.1726,115911.0,56729.97
SAL-Ei-LM,bom_tubes_p30_ao13_am18_5_m10_ao13_am10_2,13,4,SATISFIED,5.1708,115911.0,56443.72
SAL-Ei-LM,bom_tubes_p30_ao13_am18_5_m10_ao13_am10_2,13,5,SATISFIED,5.1795,115911.0,56775.5
SAL-Ei-LM,bom_tubes_p30_ao13_am18_5_m10_ao13_am10_2,13,6,SATISFIED,5.1748,115911.0,57154.88
SAL-Ei-LM,bom_tubes_p30_ao13_am18_5_m10_ao13_am10_2,13,7,SATISFIED,5.1712,115911.0,53856.25
SAL-Ei-LM,bom_tubes_p30_ao13_am18_5_m10_ao13_am10_2,13,8,SATISFIED,5.1721,115911.0,53211.38
SAL-Ei-LM,bom_tubes_p30_ao13_am18_5_m10_ao13_am10_2,13,9,SATISFIED,5.1764,115911.0,55419.94
SAL-Ei-LM,bom_tubes_p30_ao13_am18_5_m10_ao13_am10_2,13,10,SATISFIED,5.1787,115911.0,54461.81
SAL-Ei-LM,bom_tubes_p30_ao13_am18_5_m10_ao13_am10_4,13,1,SATISFIED,5.1692,119994.0,51372.66
SAL-Ei-LM,bom_tubes_p30_ao13_am18_5_m10_ao13_am10_4,13,2,SATISFIED,5.166,120034.0,51418.88
SAL-Ei-LM,bom_tubes_p30_ao13_am18_5_m10_ao13_am10_4,13,3,SATISFIED,5.1054,119994.0,53511.75
SAL-Ei-LM,bom_tubes_p30_ao13_am18_5_m10_ao13_am10_4,13,4,SATISFIED,5.1021,119954.0,52056.62
SAL-Ei-LM,bom_tubes_p30_ao13_am18_5_m10_ao13_am10_4,13,5,SATISFIED,5.1047,119994.0,52341.97
SAL-Ei-LM,bom_tubes_p30_ao13_am18_5_m10_ao13_am10_4,13,6,SATISFIED,5.1024,120074.0,50464.72
SAL-Ei-LM,bom_tubes_p30_ao13_am18_5_m10_ao13_am10_4,13,7,SATISFIED,5.1685,119954.0,51060.94
SAL-Ei-LM,bom_tubes_p30_ao13_am18_5_m10_ao13_am10_4,13,8,SATISFIED,5.1674,120094.0,49633.81
SAL-Ei-LM,bom_tubes_p30_ao13_am18_5_m10_ao13_am10_4,13,9,SATISFIED,5.1719,119994.0,50179.56
SAL-Ei-LM,bom_tubes_p30_ao13_am18_5_m10_ao13_am10_4,13,10,SATISFIED,5.1659,119954.0,49733.47
SAL-Ei-LM,bom_tubes_p30_ao13_am18_5_m30_ao13_am17_1,13,1,SATISFIED,5.1694,72861.0,48858.66
SAL-Ei-LM,bom_tubes_p30_ao13_am18_5_m30_ao13_am17_1,13,2,SATISFIED,5.1759,72861.0,49205.31
SAL-Ei-LM,bom_tubes_p30_ao13_am18_5_m30_ao13_am17_1,13,3,SATISFIED,5.1777,72861.0,49943.94
SAL-Ei-LM,bom_tubes_p30_ao13_am18_5_m30_ao13_am17_1,13,4,SATISFIED,5.1723,72861.0,49750.25
SAL-Ei-LM,bom_tubes_p30_ao13_am18_5_m30_ao13_am17_1,13,5,SATISFIED,5.2399,72861.0,50501.06
SAL-Ei-LM,bom_tubes_p30_ao13_am18_5_m30_ao13_am17_1,13,6,SATISFIED,5.1673,72861.0,48330.47
SAL-Ei-LM,bom_tubes_p30_ao13_am18_5_m30_ao13_am17_1,13,7,SATISFIED,5.1695,72861.0,49783.66
SAL-Ei-LM,bom_tubes_p30_ao13_am18_5_m30_ao13_am17_1,13,8,SATISFIED,5.1672,72861.0,48705.41
SAL-Ei-LM,bom_tubes_p30_ao13_am18_5_m30_ao13_am17_1,13,9,SATISFIED,5.1744,72861.0,49107.78
SAL-Ei-LM,bom_tubes_p30_ao13_am18_5_m30_ao13_am17_1,13,10,SATISFIED,5.1688,72861.0,48824.91
SAL-Ei-LM,bom_tubes_p30_ao13_am18_5_m30_ao13_am17_3,13,1,SATISFIED,5.1746,66466.0,43214.16
SAL-Ei-LM,bom_tubes_p30_ao13_am18_5_m30_ao13_am17_3,13,2,SATISFIED,5.1858,66483.0,44636.56
SAL-Ei-LM,bom_tubes_p30_ao13_am18_5_m30_ao13_am17_3,13,3,SATISFIED,5.1747,66424.0,44814.06
SAL-Ei-LM,bom_tubes_p30_ao13_am18_5_m30_ao13_am17_3,13,4,SATISFIED,5.1734,66571.0,44687.47
SAL-Ei-LM,bom_tubes_p30_ao13_am18_5_m30_ao13_am17_3,13,5,SATISFIED,5.1717,66468.0,44122.44
SAL-Ei-LM,bom_tubes_p30_ao13_am18_5_m30_ao13_am17_3,13,6,SATISFIED,5.169,66541.0,42679.66
SAL-Ei-LM,bom_tubes_p30_ao13_am18_5_m30_ao13_am17_3,13,7,SATISFIED,5.1786,66426.0,43046.91
SAL-Ei-LM,bom_tubes_p30_ao13_am18_5_m30_ao13_am17_3,13,8,SATISFIED,5.2069,66465.0,43252.91
SAL-Ei-LM,bom_tubes_p30_ao13_am18_5_m30_ao13_am17_3,13,9,SATISFIED,5.2033,66443.0,43964.91
SAL-Ei-LM,bom_tubes_p30_ao13_am18_5_m30_ao13_am17_3,13,10,SATISFIED,5.1959,66423.0,43947.91
SAL-Ei-LM,bom_tubes_p30_ao13_am18_5_m30_ao13_am18_5,13,1,SATISFIED,5.1875,48078.0,50311.69
SAL-Ei-LM,bom_tubes_p30_ao13_am18_5_m30_ao13_am18_5,13,2,SATISFIED,5.1971,48579.0,49573.22
SAL-Ei-LM,bom_tubes_p30_ao13_am18_5_m30_ao13_am18_5,13,3,SATISFIED,5.1929,48178.0,47744.53
SAL-Ei-LM,bom_tubes_p30_ao13_am18_5_m30_ao13_am18_5,13,4,SATISFIED,5.1934,48152.0,49003.94
SAL-Ei-LM,bom_tubes_p30_ao13_am18_5_m30_ao13_am18_5,13,5,SATISFIED,5.1911,48159.0,49792.22
SAL-Ei-LM,bom_tubes_p30_ao13_am18_5_m30_ao13_am18_5,13,6,SATISFIED,5.2881,48103.0,49040.84
SAL-Ei-LM,bom_tubes_p30_ao13_am18_5_m30_ao13_am18_5,13,7,SATISFIED,5.1961,48206.0,47266.75
SAL-Ei-LM,bom_tubes_p30_ao13_am18_5_m30_ao13_am18_5,13,8,SATISFIED,5.2013,48081.0,48775.94
SAL-Ei-LM,bom_tubes_p30_ao13_am18_5_m30_ao13_am18_5,13,9,SATISFIED,5.2076,48295.0,49470.22
SAL-Ei-LM,bom_tubes_p30_ao13_am18_5_m30_ao13_am18_5,13,10,SATISFIED,5.2073,48519.0,49996.66
SAL-Ei-LM,bom_tubes_p30_ao13_am18_5_m30_ao13_am20_2,13,1,SATISFIED,5.1828,32411.0,45347.34
SAL-Ei-LM,bom_tubes_p30_ao13_am18_5_m30_ao13_am20_2,13,2,SATISFIED,5.1741,32437.0,46269.81
SAL-Ei-LM,bom_tubes_p30_ao13_am18_5_m30_ao13_am20_2,13,3,SATISFIED,5.1784,32422.0,47592.84
SAL-Ei-LM,bom_tubes_p30_ao13_am18_5_m30_ao13_am20_2,13,4,SATISFIED,5.1888,32366.0,48420.19
SAL-Ei-LM,bom_tubes_p30_ao13_am18_5_m30_ao13_am20_2,13,5,SATISFIED,5.1847,32405.0,47527.28
SAL-Ei-LM,bom_tubes_p30_ao13_am18_5_m30_ao13_am20_2,13,6,SATISFIED,5.1923,32396.0,47333.91
SAL-Ei-LM,bom_tubes_p30_ao13_am18_5_m30_ao13_am20_2,13,7,SATISFIED,5.2069,32363.0,47168.38
SAL-Ei-LM,bom_tubes_p30_ao13_am18_5_m30_ao13_am20_2,13,8,SATISFIED,5.2154,32396.0,47667.03
SAL-Ei-LM,bom_tubes_p30_ao13_am18_5_m30_ao13_am20_2,13,9,SATISFIED,5.1873,32448.0,49418.88
SAL-Ei-LM,bom_tubes_p30_ao13_am18_5_m30_ao13_am20_2,13,10,SATISFIED,5.1963,32364.0,48884.09
SAL-Ei-LM,bom_tubes_p30_ao13_am18_5_m30_ao13_am22_4,13,1,SATISFIED,5.2152,39001.0,44066.09
SAL-Ei-LM,bom_tubes_p30_ao13_am18_5_m30_ao13_am22_4,13,2,SATISFIED,5.2721,38709.0,43793.19
SAL-Ei-LM,bom_tubes_p30_ao13_am18_5_m30_ao13_am22_4,13,3,SATISFIED,5.1819,37965.0,42479.12
SAL-Ei-LM,bom_tubes_p30_ao13_am18_5_m30_ao13_am22_4,13,4,SATISFIED,5.1854,38035.0,43767.94
SAL-Ei-LM,bom_tubes_p30_ao13_am18_5_m30_ao13_am22_4,13,5,SATISFIED,5.181,38230.0,43777.94
SAL-Ei-LM,bom_tubes_p30_ao13_am18_5_m30_ao13_am22_4,13,6,SATISFIED,5.1873,37151.0,43522.88
SAL-Ei-LM,bom_tubes_p30_ao13_am18_5_m30_ao13_am22_4,13,7,SATISFIED,5.1849,38361.0,42749.31
SAL-Ei-LM,bom_tubes_p30_ao13_am18_5_m30_ao13_am22_4,13,8,SATISFIED,5.1321,36685.0,42717.81
SAL-Ei-LM,bom_tubes_p30_ao13_am18_5_m30_ao13_am22_4,13,9,SATISFIED,5.1784,36649.0,43125.69
SAL-Ei-LM,bom_tubes_p30_ao13_am18_5_m30_ao13_am22_4,13,10,SATISFIED,5.1872,38116.0,42502.56
SAL-Ei-LM,bom_tubes_p40_ao14_am18_1,14,1,SATISFIED,5.1888,39881.0,50867.41
SAL-Ei-LM,bom_tubes_p40_ao14_am18_1,14,2,SATISFIED,5.169,39184.0,53693.69
SAL-Ei-LM,bom_tubes_p40_ao14_am18_1,14,3,SATISFIED,5.1684,39869.0,52587.59
SAL-Ei-LM,bom_tubes_p40_ao14_am18_1,14,4,SATISFIED,5.1694,37222.0,53049.56
SAL-Ei-LM,bom_tubes_p40_ao14_am18_1,14,5,SATISFIED,5.1736,39517.0,52705.03
SAL-Ei-LM,bom_tubes_p40_ao14_am18_1,14,6,SATISFIED,5.1642,40237.0,53692.34
SAL-Ei-LM,bom_tubes_p40_ao14_am18_1,14,7,SATISFIED,5.1635,38226.0,52941.47
SAL-Ei-LM,bom_tubes_p40_ao14_am18_1,14,8,SATISFIED,5.2319,38560.0,53700.28
SAL-Ei-LM,bom_tubes_p40_ao14_am18_1,14,9,SATISFIED,5.1617,39727.0,53849.38
SAL-Ei-LM,bom_tubes_p40_ao14_am18_1,14,10,SATISFIED,5.1677,40195.0,52590.06
SAL-Ei-LM,bom_tubes_p40_ao14_am18_1_m12_ao14_am11_5,14,1,SATISFIED,5.1754,48837.0,43091.25
SAL-Ei-LM,bom_tubes_p40_ao14_am18_1_m12_ao14_am11_5,14,2,SATISFIED,5.1755,47919.0,43411.81
SAL-Ei-LM,bom_tubes_p40_ao14_am18_1_m12_ao14_am11_5,14,3,SATISFIED,5.1844,49256.0,43853.53
SAL-Ei-LM,bom_tubes_p40_ao14_am18_1_m12_ao14_am11_5,14,4,SATISFIED,5.1876,48269.0,40883.97
SAL-Ei-LM,bom_tubes_p40_ao14_am18_1_m12_ao14_am11_5,14,5,SATISFIED,5.1201,48776.0,43617.91
SAL-Ei-LM,bom_tubes_p40_ao14_am18_1_m12_ao14_am11_5,14,6,SATISFIED,5.1828,48832.0,43190.88
SAL-Ei-LM,bom_tubes_p40_ao14_am18_1_m12_ao14_am11_5,14,7,SATISFIED,5.182,49256.0,42972.16
SAL-Ei-LM,bom_tubes_p40_ao14_am18_1_m12_ao14_am11_5,14,8,SATISFIED,5.1775,48058.0,41981.34
SAL-Ei-LM,bom_tubes_p40_ao14_am18_1_m12_ao14_am11_5,14,9,SATISFIED,5.1845,48479.0,42131.09
SAL-Ei-LM,bom_tubes_p40_ao14_am18_1_m12_ao14_am11_5,14,10,SATISFIED,5.1907,49514.0,42711.66
SAL-Ei-LM,bom_tubes_p40_ao14_am18_1_m12_ao14_am12_1,14,1,SATISFIED,5.1913,45257.0,48760.44
SAL-Ei-LM,bom_tubes_p40_ao14_am18_1_m12_ao14_am12_1,14,2,SATISFIED,5.1906,45085.0,49847.56
SAL-Ei-LM,bom_tubes_p40_ao14_am18_1_m12_ao14_am12_1,14,3,SATISFIED,5.1937,45649.0,49445.06
SAL-Ei-LM,bom_tubes_p40_ao14_am18_1_m12_ao14_am12_1,14,4,SATISFIED,5.1934,45385.0,50808.28
SAL-Ei-LM,bom_tubes_p40_ao14_am18_1_m12_ao14_am12_1,14,5,SATISFIED,5.2047,45187.0,49687.44
SAL-Ei-LM,bom_tubes_p40_ao14_am18_1_m12_ao14_am12_1,14,6,SATISFIED,5.2117,45062.0,50025.44
SAL-Ei-LM,bom_tubes_p40_ao14_am18_1_m12_ao14_am12_1,14,7,SATISFIED,5.2099,45239.0,49495.84
SAL-Ei-LM,bom_tubes_p40_ao14_am18_1_m12_ao14_am12_1,14,8,SATISFIED,5.3658,45003.0,48830.53
SAL-Ei-LM,bom_tubes_p40_ao14_am18_1_m12_ao14_am12_1,14,9,SATISFIED,5.2338,45725.0,48388.03
SAL-Ei-LM,bom_tubes_p40_ao14_am18_1_m12_ao14_am12_1,14,10,SATISFIED,5.2151,45380.0,48715.09
SAL-Ei-LM,bom_tubes_p40_ao14_am18_1_m12_ao14_am12_2,14,1,SATISFIED,5.212,22485.0,44263.97
SAL-Ei-LM,bom_tubes_p40_ao14_am18_1_m12_ao14_am12_2,14,2,SATISFIED,5.2117,22485.0,46196.56
SAL-Ei-LM,bom_tubes_p40_ao14_am18_1_m12_ao14_am12_2,14,3,SATISFIED,5.1993,22622.0,45244.81
SAL-Ei-LM,bom_tubes_p40_ao14_am18_1_m12_ao14_am12_2,14,4,SATISFIED,5.2106,22457.0,45098.69
SAL-Ei-LM,bom_tubes_p40_ao14_am18_1_m12_ao14_am12_2,14,5,SATISFIED,5.1758,22459.0,45767.03
SAL-Ei-LM,bom_tubes_p40_ao14_am18_1_m12_ao14_am12_2,14,6,SATISFIED,5.1815,22412.0,45121.09
SAL-Ei-LM,bom_tubes_p40_ao14_am18_1_m12_ao14_am12_2,14,7,SATISFIED,5.1849,22339.0,44748.97
SAL-Ei-LM,bom_tubes_p40_ao14_am18_1_m12_ao14_am12_2,14,8,SATISFIED,5.171,22513.0,46132.38
SAL-Ei-LM,bom_tubes_p40_ao14_am18_1_m12_ao14_am12_2,14,9,SATISFIED,5.1112,22621.0,45826.06
SAL-Ei-LM,bom_tubes_p40_ao14_am18_1_m12_ao14_am12_2,14,10,SATISFIED,5.1745,22489.0,45568.09
SAL-Ei-LM,bom_tubes_p40_ao14_am18_1_m12_ao14_am12_3,14,1,SATISFIED,5.1823,45053.0,45063.0
SAL-Ei-LM,bom_tubes_p40_ao14_am18_1_m12_ao14_am12_3,14,2,SATISFIED,5.1845,44992.0,45171.88
SAL-Ei-LM,bom_tubes_p40_ao14_am18_1_m12_ao14_am12_3,14,3,SATISFIED,5.3733,44982.0,44041.94
SAL-Ei-LM,bom_tubes_p40_ao14_am18_1_m12_ao14_am12_3,14,4,SATISFIED,5.1969,44989.0,44585.06
SAL-Ei-LM,bom_tubes_p40_ao14_am18_1_m12_ao14_am12_3,14,5,SATISFIED,5.1281,44992.0,45564.09
SAL-Ei-LM,bom_tubes_p40_ao14_am18_1_m12_ao14_am12_3,14,6,SATISFIED,5.2088,44982.0,46163.81
SAL-Ei-LM,bom_tubes_p40_ao14_am18_1_m12_ao14_am12_3,14,7,SATISFIED,5.332,44982.0,44632.56
SAL-Ei-LM,bom_tubes_p40_ao14_am18_1_m12_ao14_am12_3,14,8,SATISFIED,5.202,44989.0,41689.78
SAL-Ei-LM,bom_tubes_p40_ao14_am18_1_m12_ao14_am12_3,14,9,SATISFIED,5.136,44989.0,44129.19
SAL-Ei-LM,bom_tubes_p40_ao14_am18_1_m12_ao14_am12_3,14,10,SATISFIED,5.2283,44992.0,43866.47
SAL-Ei-LM,bom_tubes_p40_ao14_am18_1_m12_ao14_am12_4,14,1,SATISFIED,5.2073,49762.0,45574.59
SAL-Ei-LM,bom_tubes_p40_ao14_am18_1_m12_ao14_am12_4,14,2,SATISFIED,5.1825,49867.0,43976.56
SAL-Ei-LM,bom_tubes_p40_ao14_am18_1_m12_ao14_am12_4,14,3,SATISFIED,5.171,49759.0,43592.09
SAL-Ei-LM,bom_tubes_p40_ao14_am18_1_m12_ao14_am12_4,14,4,SATISFIED,5.1743,49781.0,44828.78
SAL-Ei-LM,bom_tubes_p40_ao14_am18_1_m12_ao14_am12_4,14,5,SATISFIED,5.1794,49750.0,44742.5
SAL-Ei-LM,bom_tubes_p40_ao14_am18_1_m12_ao14_am12_4,14,6,SATISFIED,5.1757,49731.0,44509.06
SAL-Ei-LM,bom_tubes_p40_ao14_am18_1_m12_ao14_am12_4,14,7,SATISFIED,5.1757,49799.0,43649.19
SAL-Ei-LM,bom_tubes_p40_ao14_am18_1_m12_ao14_am12_4,14,8,SATISFIED,5.1743,49761.0,43327.69
SAL-Ei-LM,bom_tubes_p40_ao14_am18_1_m12_ao14_am12_4,14,9,SATISFIED,5.1722,49875.0,44945.88
SAL-Ei-LM,bom_tubes_p40_ao14_am18_1_m12_ao14_am12_4,14,10,SATISFIED,5.1721,49774.0,44180.09
SAL-Ei-LM,bom_tubes_p40_ao14_am18_1_m35_ao14_am22_5,14,1,SATISFIED,5.165,19379.0,39591.19
SAL-Ei-LM,bom_tubes_p40_ao14_am18_1_m35_ao14_am22_5,14,2,SATISFIED,5.1553,19130.0,38618.75
SAL-Ei-LM,bom_tubes_p40_ao14_am18_1_m35_ao14_am22_5,14,3,SATISFIED,5.1629,19840.0,39937.16
SAL-Ei-LM,bom_tubes_p40_ao14_am18_1_m35_ao14_am22_5,14,4,SATISFIED,5.1686,19408.0,39266.59
SAL-Ei-LM,bom_tubes_p40_ao14_am18_1_m35_ao14_am22_5,14,5,SATISFIED,5.1939,19438.0,39091.84
SAL-Ei-LM,bom_tubes_p40_ao14_am18_1_m35_ao14_am22_5,14,6,SATISFIED,5.1578,19607.0,38791.88
SAL-Ei-LM,bom_tubes_p40_ao14_am18_1_m35_ao14_am22_5,14,7,SATISFIED,5.1626,19222.0,39928.34
SAL-Ei-LM,bom_tubes_p40_ao14_am18_1_m35_ao14_am22_5,14,8,SATISFIED,5.1601,19265.0,38243.97
SAL-Ei-LM,bom_tubes_p40_ao14_am18_1_m35_ao14_am22_5,14,9,SATISFIED,5.168,19295.0,40063.84
SAL-Ei-LM,bom_tubes_p40_ao14_am18_1_m35_ao14_am22_5,14,10,SATISFIED,5.1693,19265.0,41235.94
SAL-Ei-LM,bom_tubes_p40_ao14_am18_1_m35_ao14_am24_2,14,1,SATISFIED,5.1704,22511.0,39834.62
SAL-Ei-LM,bom_tubes_p40_ao14_am18_1_m35_ao14_am24_2,14,2,SATISFIED,5.1738,21876.0,39430.09
SAL-Ei-LM,bom_tubes_p40_ao14_am18_1_m35_ao14_am24_2,14,3,SATISFIED,5.1665,22494.0,37466.75
SAL-Ei-LM,bom_tubes_p40_ao14_am18_1_m35_ao14_am24_2,14,4,SATISFIED,5.1635,22159.0,39263.75
SAL-Ei-LM,bom_tubes_p40_ao14_am18_1_m35_ao14_am24_2,14,5,SATISFIED,5.1627,21869.0,40042.94
SAL-Ei-LM,bom_tubes_p40_ao14_am18_1_m35_ao14_am24_2,14,6,SATISFIED,5.1677,22023.0,39262.84
SAL-Ei-LM,bom_tubes_p40_ao14_am18_1_m35_ao14_am24_2,14,7,SATISFIED,5.1678,22238.0,39622.5
SAL-Ei-LM,bom_tubes_p40_ao14_am18_1_m35_ao14_am24_2,14,8,SATISFIED,5.173,22133.0,40320.94
SAL-Ei-LM,bom_tubes_p40_ao14_am18_1_m35_ao14_am24_2,14,9,SATISFIED,5.2817,22231.0,40144.72
SAL-Ei-LM,bom_tubes_p40_ao14_am18_1_m35_ao14_am24_2,14,10,SATISFIED,5.1613,22280.0,39476.34
SAL-Ei-LM,bom_tubes_p40_ao14_am18_1_m35_ao14_am25_3,14,1,SATISFIED,5.174,40105.0,38800.09
SAL-Ei-LM,bom_tubes_p40_ao14_am18_1_m35_ao14_am25_3,14,2,SATISFIED,5.1719,40977.0,38539.38
SAL-Ei-LM,bom_tubes_p40_ao14_am18_1_m35_ao14_am25_3,14,3,SATISFIED,5.1696,42341.0,38217.19
SAL-Ei-LM,bom_tubes_p40_ao14_am18_1_m35_ao14_am25_3,14,4,SATISFIED,5.1753,41888.0,38931.31
SAL-Ei-LM,bom_tubes_p40_ao14_am18_1_m35_ao14_am25_3,14,5,SATISFIED,5.1659,39926.0,38175.72
SAL-Ei-LM,bom_tubes_p40_ao14_am18_1_m35_ao14_am25_3,14,6,SATISFIED,5.1666,43244.0,38228.69
SAL-Ei-LM,bom_tubes_p40_ao14_am18_1_m35_ao14_am25_3,14,7,SATISFIED,5.1626,40613.0,38590.97
SAL-Ei-LM,bom_tubes_p40_ao14_am18_1_m35_ao14_am25_3,14,8,SATISFIED,5.1697,40344.0,39741.03
SAL-Ei-LM,bom_tubes_p40_ao14_am18_1_m35_ao14_am25_3,14,9,SATISFIED,5.1696,40541.0,38948.78
SAL-Ei-LM,bom_tubes_p40_ao14_am18_1_m35_ao14_am25_3,14,10,SATISFIED,5.2368,40409.0,38669.03
SAL-Ei-LM,bom_tubes_p40_ao14_am18_1_m35_ao14_am26_1,14,1,SATISFIED,5.1877,49844.0,37112.44
SAL-Ei-LM,bom_tubes_p40_ao14_am18_1_m35_ao14_am26_1,14,2,SATISFIED,5.2266,49558.0,38910.47
SAL-Ei-LM,bom_tubes_p40_ao14_am18_1_m35_ao14_am26_1,14,3,SATISFIED,5.1775,48954.0,37556.97
SAL-Ei-LM,bom_tubes_p40_ao14_am18_1_m35_ao14_am26_1,14,4,SATISFIED,5.1764,49305.0,38703.12
SAL-Ei-LM,bom_tubes_p40_ao14_am18_1_m35_ao14_am26_1,14,5,SATISFIED,5.1657,49497.0,39445.53
SAL-Ei-LM,bom_tubes_p40_ao14_am18_1_m35_ao14_am26_1,14,6,SATISFIED,5.1741,50076.0,39396.94
SAL-Ei-LM,bom_tubes_p40_ao14_am18_1_m35_ao14_am26_1,14,7,SATISFIED,5.1782,49564.0,38243.69
SAL-Ei-LM,bom_tubes_p40_ao14_am18_1_m35_ao14_am26_1,14,8,SATISFIED,5.1833,49706.0,39041.97
SAL-Ei-LM,bom_tubes_p40_ao14_am18_1_m35_ao14_am26_1,14,9,SATISFIED,5.1711,50273.0,39140.31
SAL-Ei-LM,bom_tubes_p40_ao14_am18_1_m35_ao14_am26_1,14,10,SATISFIED,5.1676,50091.0,39216.31
SAL-Ei-LM,bom_tubes_p40_ao14_am18_1_m35_ao14_am28_4,14,1,SATISFIED,5.183,78782.0,40330.41
SAL-Ei-LM,bom_tubes_p40_ao14_am18_1_m35_ao14_am28_4,14,2,SATISFIED,5.1835,79290.0,39513.16
SAL-Ei-LM,bom_tubes_p40_ao14_am18_1_m35_ao14_am28_4,14,3,SATISFIED,5.1766,78657.0,38550.94
SAL-Ei-LM,bom_tubes_p40_ao14_am18_1_m35_ao14_am28_4,14,4,SATISFIED,5.1805,79135.0,39731.78
SAL-Ei-LM,bom_tubes_p40_ao14_am18_1_m35_ao14_am28_4,14,5,SATISFIED,5.1714,79329.0,38719.06
SAL-Ei-LM,bom_tubes_p40_ao14_am18_1_m35_ao14_am28_4,14,6,SATISFIED,5.1714,78623.0,38812.72
SAL-Ei-LM,bom_tubes_p40_ao14_am18_1_m35_ao14_am28_4,14,7,SATISFIED,5.2647,78766.0,37782.5
SAL-Ei-LM,bom_tubes_p40_ao14_am18_1_m35_ao14_am28_4,14,8,SATISFIED,5.1651,80930.0,38590.31
SAL-Ei-LM,bom_tubes_p40_ao14_am18_1_m35_ao14_am28_4,14,9,SATISFIED,5.1738,79452.0,39781.19
SAL-Ei-LM,bom_tubes_p40_ao14_am18_1_m35_ao14_am28_4,14,10,SATISFIED,5.166,78534.0,38724.72
SAL-Ei-LM,bom_tubes_p40_ao14_am18_2,14,1,SATISFIED,5.1693,13698.0,57299.12
SAL-Ei-LM,bom_tubes_p40_ao14_am18_2,14,2,SATISFIED,5.1106,13718.0,58431.31
SAL-Ei-LM,bom_tubes_p40_ao14_am18_2,14,3,SATISFIED,5.1731,13736.0,57243.0
SAL-Ei-LM,bom_tubes_p40_ao14_am18_2,14,4,SATISFIED,5.1819,13720.0,57438.41
SAL-Ei-LM,bom_tubes_p40_ao14_am18_2,14,5,SATISFIED,5.1875,13706.0,54781.38
SAL-Ei-LM,bom_tubes_p40_ao14_am18_2,14,6,SATISFIED,5.1702,13768.0,55962.62
SAL-Ei-LM,bom_tubes_p40_ao14_am18_2,14,7,SATISFIED,5.1742,13704.0,58854.78
SAL-Ei-LM,bom_tubes_p40_ao14_am18_2,14,8,SATISFIED,5.1702,13708.0,58530.56
SAL-Ei-LM,bom_tubes_p40_ao14_am18_2,14,9,SATISFIED,5.1759,13700.0,59185.72
SAL-Ei-LM,bom_tubes_p40_ao14_am18_2,14,10,SATISFIED,5.1997,13682.0,57893.84
SAL-Ei-LM,bom_tubes_p40_ao14_am18_2_m12_ao14_am11_2,14,1,SATISFIED,5.1885,95091.0,50101.56
SAL-Ei-LM,bom_tubes_p40_ao14_am18_2_m12_ao14_am11_2,14,2,SATISFIED,5.1958,95091.0,49754.91
SAL-Ei-LM,bom_tubes_p40_ao14_am18_2_m12_ao14_am11_2,14,3,SATISFIED,5.1822,95091.0,50219.88
SAL-Ei-LM,bom_tubes_p40_ao14_am18_2_m12_ao14_am11_2,14,4,SATISFIED,5.2623,95091.0,51758.81
SAL-Ei-LM,bom_tubes_p40_ao14_am18_2_m12_ao14_am11_2,14,5,SATISFIED,5.2085,95093.0,50314.88
SAL-Ei-LM,bom_tubes_p40_ao14_am18_2_m12_ao14_am11_2,14,6,SATISFIED,5.2028,95093.0,50543.25
SAL-Ei-LM,bom_tubes_p40_ao14_am18_2_m12_ao14_am11_2,14,7,SATISFIED,5.1896,95091.0,50130.88
SAL-Ei-LM,bom_tubes_p40_ao14_am18_2_m12_ao14_am11_2,14,8,SATISFIED,5.1906,95091.0,49524.91
SAL-Ei-LM,bom_tubes_p40_ao14_am18_2_m12_ao14_am11_2,14,9,SATISFIED,5.1319,95091.0,49768.81
SAL-Ei-LM,bom_tubes_p40_ao14_am18_2_m12_ao14_am11_2,14,10,SATISFIED,5.2253,95091.0,51179.28
SAL-Ei-LM,bom_tubes_p40_ao14_am18_2_m12_ao14_am12_1,14,1,SATISFIED,5.2296,79042.0,43962.03
SAL-Ei-LM,bom_tubes_p40_ao14_am18_2_m12_ao14_am12_1,14,2,SATISFIED,5.1794,79042.0,48247.47
SAL-Ei-LM,bom_tubes_p40_ao14_am18_2_m12_ao14_am12_1,14,3,SATISFIED,5.1908,79042.0,43606.06
SAL-Ei-LM,bom_tubes_p40_ao14_am18_2_m12_ao14_am12_1,14,4,SATISFIED,5.2103,79042.0,48295.94
SAL-Ei-LM,bom_tubes_p40_ao14_am18_2_m12_ao14_am12_1,14,5,SATISFIED,5.1882,79042.0,45061.22
SAL-Ei-LM,bom_tubes_p40_ao14_am18_2_m12_ao14_am12_1,14,6,SATISFIED,5.2143,79042.0,48518.75
SAL-Ei-LM,bom_tubes_p40_ao14_am18_2_m12_ao14_am12_1,14,7,SATISFIED,5.1832,79042.0,49051.75
SAL-Ei-LM,bom_tubes_p40_ao14_am18_2_m12_ao14_am12_1,14,8,SATISFIED,5.2306,79042.0,50771.0
SAL-Ei-LM,bom_tubes_p40_ao14_am18_2_m12_ao14_am12_1,14,9,SATISFIED,5.1893,79042.0,50338.78
SAL-Ei-LM,bom_tubes_p40_ao14_am18_2_m12_ao14_am12_1,14,10,SATISFIED,5.1825,79042.0,50117.28
SAL-Ei-LM,bom_tubes_p40_ao14_am18_2_m12_ao14_am12_3,14,1,SATISFIED,5.1777,87926.0,46386.97
SAL-Ei-LM,bom_tubes_p40_ao14_am18_2_m12_ao14_am12_3,14,2,SATISFIED,5.1789,87926.0,44800.31
SAL-Ei-LM,bom_tubes_p40_ao14_am18_2_m12_ao14_am12_3,14,3,SATISFIED,5.1971,87916.0,44590.19
SAL-Ei-LM,bom_tubes_p40_ao14_am18_2_m12_ao14_am12_3,14,4,SATISFIED,5.1855,87916.0,47810.5
SAL-Ei-LM,bom_tubes_p40_ao14_am18_2_m12_ao14_am12_3,14,5,SATISFIED,5.1927,87923.0,43947.06
SAL-Ei-LM,bom_tubes_p40_ao14_am18_2_m12_ao14_am12_3,14,6,SATISFIED,5.2026,87923.0,43499.47
SAL-Ei-LM,bom_tubes_p40_ao14_am18_2_m12_ao14_am12_3,14,7,SATISFIED,5.1229,87926.0,45763.84
SAL-Ei-LM,bom_tubes_p40_ao14_am18_2_m12_ao14_am12_3,14,8,SATISFIED,5.1983,87916.0,46741.16
SAL-Ei-LM,bom_tubes_p40_ao14_am18_2_m12_ao14_am12_3,14,9,SATISFIED,5.1639,87916.0,46085.44
SAL-Ei-LM,bom_tubes_p40_ao14_am18_2_m12_ao14_am12_3,14,10,SATISFIED,5.1937,87916.0,45173.34
SAL-Ei-LM,bom_tubes_p40_ao14_am18_2_m12_ao14_am12_4,14,1,SATISFIED,5.1288,63398.0,46395.31
SAL-Ei-LM,bom_tubes_p40_ao14_am18_2_m12_ao14_am12_4,14,2,SATISFIED,5.1957,63398.0,49069.91
SAL-Ei-LM,bom_tubes_p40_ao14_am18_2_m12_ao14_am12_4,14,3,SATISFIED,5.2054,63398.0,47619.56
SAL-Ei-LM,bom_tubes_p40_ao14_am18_2_m12_ao14_am12_4,14,4,SATISFIED,5.1792,63398.0,48808.53
SAL-Ei-LM,bom_tubes_p40_ao14_am18_2_m12_ao14_am12_4,14,5,SATISFIED,5.1911,63398.0,46838.78
SAL-Ei-LM,bom_tubes_p40_ao14_am18_2_m12_ao14_am12_4,14,6,SATISFIED,5.2054,63398.0,47297.66
SAL-Ei-LM,bom_tubes_p40_ao14_am18_2_m12_ao14_am12_4,14,7,SATISFIED,5.1962,63398.0,48753.03
SAL-Ei-LM,bom_tubes_p40_ao14_am18_2_m12_ao14_am12_4,14,8,SATISFIED,5.1863,63398.0,46556.59
SAL-Ei-LM,bom_tubes_p40_ao14_am18_2_m12_ao14_am12_4,14,9,SATISFIED,5.1926,63398.0,49542.0
SAL-Ei-LM,bom_tubes_p40_ao14_am18_2_m12_ao14_am12_4,14,10,SATISFIED,5.1904,63398.0,48523.31
SAL-Ei-LM,bom_tubes_p40_ao14_am18_2_m12_ao14_am12_5,14,1,SATISFIED,5.3397,78478.0,52063.41
SAL-Ei-LM,bom_tubes_p40_ao14_am18_2_m12_ao14_am12_5,14,2,SATISFIED,5.1693,78471.0,48570.25
SAL-Ei-LM,bom_tubes_p40_ao14_am18_2_m12_ao14_am12_5,14,3,SATISFIED,5.2122,78480.0,49306.91
SAL-Ei-LM,bom_tubes_p40_ao14_am18_2_m12_ao14_am12_5,14,4,SATISFIED,5.1809,78473.0,52561.84
SAL-Ei-LM,bom_tubes_p40_ao14_am18_2_m12_ao14_am12_5,14,5,SATISFIED,5.1818,78476.0,52570.84
SAL-Ei-LM,bom_tubes_p40_ao14_am18_2_m12_ao14_am12_5,14,6,SATISFIED,5.2388,78488.0,50754.03
SAL-Ei-LM,bom_tubes_p40_ao14_am18_2_m12_ao14_am12_5,14,7,SATISFIED,5.1567,78480.0,48858.75
SAL-Ei-LM,bom_tubes_p40_ao14_am18_2_m12_ao14_am12_5,14,8,SATISFIED,5.2043,78476.0,49952.53
SAL-Ei-LM,bom_tubes_p40_ao14_am18_2_m12_ao14_am12_5,14,9,SATISFIED,5.1783,78485.0,52428.03
SAL-Ei-LM,bom_tubes_p40_ao14_am18_2_m12_ao14_am12_5,14,10,SATISFIED,5.1873,78476.0,52978.09
SAL-Ei-LM,bom_tubes_p40_ao14_am18_2_m35_ao14_am24_2,14,1,SATISFIED,5.1781,9267.0,38161.97
SAL-Ei-LM,bom_tubes_p40_ao14_am18_2_m35_ao14_am24_2,14,2,SATISFIED,5.1387,9292.0,37942.47
SAL-Ei-LM,bom_tubes_p40_ao14_am18_2_m35_ao14_am24_2,14,3,SATISFIED,5.1938,9246.0,38906.09
SAL-Ei-LM,bom_tubes_p40_ao14_am18_2_m35_ao14_am24_2,14,4,SATISFIED,5.1862,9303.0,37143.47
SAL-Ei-LM,bom_tubes_p40_ao14_am18_2_m35_ao14_am24_2,14,5,SATISFIED,5.1684,9307.0,37838.91
SAL-Ei-LM,bom_tubes_p40_ao14_am18_2_m35_ao14_am24_2,14,6,SATISFIED,5.1689,9247.0,37858.84
SAL-Ei-LM,bom_tubes_p40_ao14_am18_2_m35_ao14_am24_2,14,7,SATISFIED,5.1669,9345.0,37820.22
SAL-Ei-LM,bom_tubes_p40_ao14_am18_2_m35_ao14_am24_2,14,8,SATISFIED,5.2784,9231.0,38159.69
SAL-Ei-LM,bom_tubes_p40_ao14_am18_2_m35_ao14_am24_2,14,9,SATISFIED,5.1623,9282.0,37761.38
SAL-Ei-LM,bom_tubes_p40_ao14_am18_2_m35_ao14_am24_2,14,10,SATISFIED,5.1727,9184.0,39133.41
SAL-Ei-LM,bom_tubes_p40_ao14_am18_2_m35_ao14_am26_4,14,1,SATISFIED,5.1726,7571.0,38895.94
SAL-Ei-LM,bom_tubes_p40_ao14_am18_2_m35_ao14_am26_4,14,2,SATISFIED,5.176,7639.0,39930.62
SAL-Ei-LM,bom_tubes_p40_ao14_am18_2_m35_ao14_am26_4,14,3,SATISFIED,5.2107,7798.0,40120.75
SAL-Ei-LM,bom_tubes_p40_ao14_am18_2_m35_ao14_am26_4,14,4,SATISFIED,5.1645,7630.0,39836.16
SAL-Ei-LM,bom_tubes_p40_ao14_am18_2_m35_ao14_am26_4,14,5,SATISFIED,5.1669,7668.0,39280.69
SAL-Ei-LM,bom_tubes_p40_ao14_am18_2_m35_ao14_am26_4,14,6,SATISFIED,5.172,7640.0,39100.66
SAL-Ei-LM,bom_tubes_p40_ao14_am18_2_m35_ao14_am26_4,14,7,SATISFIED,5.1684,7721.0,39628.72
SAL-Ei-LM,bom_tubes_p40_ao14_am18_2_m35_ao14_am26_4,14,8,SATISFIED,5.1781,7708.0,40520.16
SAL-Ei-LM,bom_tubes_p40_ao14_am18_2_m35_ao14_am26_4,14,9,SATISFIED,5.1745,7654.0,40486.84
SAL-Ei-LM,bom_tubes_p40_ao14_am18_2_m35_ao14_am26_4,14,10,SATISFIED,5.1686,7677.0,39445.5
SAL-Ei-LM,bom_tubes_p40_ao14_am18_2_m35_ao14_am28_3,14,1,SATISFIED,5.1676,18457.0,39213.19
SAL-Ei-LM,bom_tubes_p40_ao14_am18_2_m35_ao14_am28_3,14,2,SATISFIED,5.2709,18622.0,39672.59
SAL-Ei-LM,bom_tubes_p40_ao14_am18_2_m35_ao14_am28_3,14,3,SATISFIED,5.1093,18498.0,38004.22
SAL-Ei-LM,bom_tubes_p40_ao14_am18_2_m35_ao14_am28_3,14,4,SATISFIED,5.1603,18579.0,38404.5
SAL-Ei-LM,bom_tubes_p40_ao14_am18_2_m35_ao14_am28_3,14,5,SATISFIED,5.1634,18534.0,39339.16
SAL-Ei-LM,bom_tubes_p40_ao14_am18_2_m35_ao14_am28_3,14,6,SATISFIED,5.1712,18554.0,39695.16
SAL-Ei-LM,bom_tubes_p40_ao14_am18_2_m35_ao14_am28_3,14,7,SATISFIED,5.1645,18524.0,39914.12
SAL-Ei-LM,bom_tubes_p40_ao14_am18_2_m35_ao14_am28_3,14,8,SATISFIED,5.1672,18791.0,39896.25
SAL-Ei-LM,bom_tubes_p40_ao14_am18_2_m35_ao14_am28_3,14,9,SATISFIED,5.1636,18426.0,38713.66
SAL-Ei-LM,bom_tubes_p40_ao14_am18_2_m35_ao14_am28_3,14,10,SATISFIED,5.1675,18566.0,38717.75
SAL-Ei-LM,bom_tubes_p40_ao14_am18_2_m35_ao14_am28_5,14,1,SATISFIED,5.1043,25539.0,39208.66
SAL-Ei-LM,bom_tubes_p40_ao14_am18_2_m35_ao14_am28_5,14,2,SATISFIED,5.1021,25469.0,39789.62
SAL-Ei-LM,bom_tubes_p40_ao14_am18_2_m35_ao14_am28_5,14,3,SATISFIED,5.1018,25483.0,39499.53
SAL-Ei-LM,bom_tubes_p40_ao14_am18_2_m35_ao14_am28_5,14,4,SATISFIED,5.1062,25389.0,38375.25
SAL-Ei-LM,bom_tubes_p40_ao14_am18_2_m35_ao14_am28_5,14,5,SATISFIED,5.1085,26047.0,39178.94
SAL-Ei-LM,bom_tubes_p40_ao14_am18_2_m35_ao14_am28_5,14,6,SATISFIED,5.1719,25553.0,38216.19
SAL-Ei-LM,bom_tubes_p40_ao14_am18_2_m35_ao14_am28_5,14,7,SATISFIED,5.1668,25811.0,39489.16
SAL-Ei-LM,bom_tubes_p40_ao14_am18_2_m35_ao14_am28_5,14,8,SATISFIED,5.1992,25751.0,39351.62
SAL-Ei-LM,bom_tubes_p40_ao14_am18_2_m35_ao14_am28_5,14,9,SATISFIED,5.1749,25687.0,39195.66
SAL-Ei-LM,bom_tubes_p40_ao14_am18_2_m35_ao14_am28_5,14,10,SATISFIED,5.1792,25782.0,39249.22
SAL-Ei-LM,bom_tubes_p40_ao14_am18_2_m35_ao14_am29_1,14,1,SATISFIED,5.1349,15881.0,38836.09
SAL-Ei-LM,bom_tubes_p40_ao14_am18_2_m35_ao14_am29_1,14,2,SATISFIED,5.1809,15683.0,39403.38
SAL-Ei-LM,bom_tubes_p40_ao14_am18_2_m35_ao14_am29_1,14,3,SATISFIED,5.2874,15683.0,37469.75
SAL-Ei-LM,bom_tubes_p40_ao14_am18_2_m35_ao14_am29_1,14,4,SATISFIED,5.2106,15902.0,38526.91
SAL-Ei-LM,bom_tubes_p40_ao14_am18_2_m35_ao14_am29_1,14,5,SATISFIED,5.1769,16031.0,38654.44
SAL-Ei-LM,bom_tubes_p40_ao14_am18_2_m35_ao14_am29_1,14,6,SATISFIED,5.1791,15943.0,38245.81
SAL-Ei-LM,bom_tubes_p40_ao14_am18_2_m35_ao14_am29_1,14,7,SATISFIED,5.1821,15683.0,39578.47
SAL-Ei-LM,bom_tubes_p40_ao14_am18_2_m35_ao14_am29_1,14,8,SATISFIED,5.1632,16025.0,38765.97
SAL-Ei-LM,bom_tubes_p40_ao14_am18_2_m35_ao14_am29_1,14,9,SATISFIED,5.2295,15693.0,39428.06
SAL-Ei-LM,bom_tubes_p40_ao14_am18_2_m35_ao14_am29_1,14,10,SATISFIED,5.1574,15683.0,38340.97
SAL-Ei-LM,bom_tubes_p40_ao14_am18_3,14,1,SATISFIED,5.1645,12976.0,53324.75
SAL-Ei-LM,bom_tubes_p40_ao14_am18_3,14,2,SATISFIED,5.2057,13004.0,51356.16
SAL-Ei-LM,bom_tubes_p40_ao14_am18_3,14,3,SATISFIED,5.1941,13044.0,52893.22
SAL-Ei-LM,bom_tubes_p40_ao14_am18_3,14,4,SATISFIED,5.1956,13016.0,53313.88
SAL-Ei-LM,bom_tubes_p40_ao14_am18_3,14,5,SATISFIED,5.1928,13004.0,52202.47
SAL-Ei-LM,bom_tubes_p40_ao14_am18_3,14,6,SATISFIED,5.2061,13032.0,52424.97
SAL-Ei-LM,bom_tubes_p40_ao14_am18_3,14,7,SATISFIED,5.2142,12932.0,52446.12
SAL-Ei-LM,bom_tubes_p40_ao14_am18_3,14,8,SATISFIED,5.2459,13016.0,51820.03
SAL-Ei-LM,bom_tubes_p40_ao14_am18_3,14,9,SATISFIED,5.1777,13032.0,53088.97
SAL-Ei-LM,bom_tubes_p40_ao14_am18_3,14,10,SATISFIED,5.2318,13004.0,53533.75
SAL-Ei-LM,bom_tubes_p40_ao14_am18_3_m12_ao14_am11_1,14,1,SATISFIED,5.2014,55660.0,47360.84
SAL-Ei-LM,bom_tubes_p40_ao14_am18_3_m12_ao14_am11_1,14,2,SATISFIED,5.193,55676.0,46761.78
SAL-Ei-LM,bom_tubes_p40_ao14_am18_3_m12_ao14_am11_1,14,3,SATISFIED,5.2276,55652.0,45366.12
SAL-Ei-LM,bom_tubes_p40_ao14_am18_3_m12_ao14_am11_1,14,4,SATISFIED,5.1898,55666.0,47639.91
SAL-Ei-LM,bom_tubes_p40_ao14_am18_3_m12_ao14_am11_1,14,5,SATISFIED,5.3719,55662.0,46382.44
SAL-Ei-LM,bom_tubes_p40_ao14_am18_3_m12_ao14_am11_1,14,6,SATISFIED,5.1911,55660.0,44307.41
SAL-Ei-LM,bom_tubes_p40_ao14_am18_3_m12_ao14_am11_1,14,7,SATISFIED,5.1971,55772.0,45270.72
SAL-Ei-LM,bom_tubes_p40_ao14_am18_3_m12_ao14_am11_1,14,8,SATISFIED,5.1792,55737.0,45312.38
SAL-Ei-LM,bom_tubes_p40_ao14_am18_3_m12_ao14_am11_1,14,9,SATISFIED,5.1752,55690.0,45507.72
SAL-Ei-LM,bom_tubes_p40_ao14_am18_3_m12_ao14_am11_1,14,10,SATISFIED,5.1971,55751.0,45951.72
SAL-Ei-LM,bom_tubes_p40_ao14_am18_3_m12_ao14_am12_2,14,1,SATISFIED,5.1208,32947.0,46704.88
SAL-Ei-LM,bom_tubes_p40_ao14_am18_3_m12_ao14_am12_2,14,2,SATISFIED,5.4021,32939.0,47501.53
SAL-Ei-LM,bom_tubes_p40_ao14_am18_3_m12_ao14_am12_2,14,3,SATISFIED,5.2594,32938.0,45903.0
SAL-Ei-LM,bom_tubes_p40_ao14_am18_3_m12_ao14_am12_2,14,4,SATISFIED,5.2485,32938.0,44619.09
SAL-Ei-LM,bom_tubes_p40_ao14_am18_3_m12_ao14_am12_2,14,5,SATISFIED,5.2671,32941.0,47317.5
SAL-Ei-LM,bom_tubes_p40_ao14_am18_3_m12_ao14_am12_2,14,6,SATISFIED,5.298,32940.0,47993.78
SAL-Ei-LM,bom_tubes_p40_ao14_am18_3_m12_ao14_am12_2,14,7,SATISFIED,5.1921,32938.0,47131.59
SAL-Ei-LM,bom_tubes_p40_ao14_am18_3_m12_ao14_am12_2,14,8,SATISFIED,5.1875,32938.0,47076.41
SAL-Ei-LM,bom_tubes_p40_ao14_am18_3_m12_ao14_am12_2,14,9,SATISFIED,5.1758,32939.0,47724.53
SAL-Ei-LM,bom_tubes_p40_ao14_am18_3_m12_ao14_am12_2,14,10,SATISFIED,5.221,32939.0,47377.59
SAL-Ei-LM,bom_tubes_p40_ao14_am18_3_m12_ao14_am12_3,14,1,SATISFIED,5.1348,19796.0,45283.97
SAL-Ei-LM,bom_tubes_p40_ao14_am18_3_m12_ao14_am12_3,14,2,SATISFIED,5.2077,20252.0,44555.5
SAL-Ei-LM,bom_tubes_p40_ao14_am18_3_m12_ao14_am12_3,14,3,SATISFIED,5.212,19852.0,42960.12
SAL-Ei-LM,bom_tubes_p40_ao14_am18_3_m12_ao14_am12_3,14,4,SATISFIED,5.3363,19945.0,42900.19
SAL-Ei-LM,bom_tubes_p40_ao14_am18_3_m12_ao14_am12_3,14,5,SATISFIED,5.2152,20246.0,43401.5
SAL-Ei-LM,bom_tubes_p40_ao14_am18_3_m12_ao14_am12_3,14,6,SATISFIED,5.141,19815.0,42893.44
SAL-Ei-LM,bom_tubes_p40_ao14_am18_3_m12_ao14_am12_3,14,7,SATISFIED,5.1765,20131.0,44393.44
SAL-Ei-LM,bom_tubes_p40_ao14_am18_3_m12_ao14_am12_3,14,8,SATISFIED,5.3034,20751.0,43911.25
SAL-Ei-LM,bom_tubes_p40_ao14_am18_3_m12_ao14_am12_3,14,9,SATISFIED,5.1922,19802.0,44747.84
SAL-Ei-LM,bom_tubes_p40_ao14_am18_3_m12_ao14_am12_3,14,10,SATISFIED,5.1773,20049.0,43736.94
SAL-Ei-LM,bom_tubes_p40_ao14_am18_3_m12_ao14_am12_4,14,1,SATISFIED,5.1996,16929.0,43027.72
SAL-Ei-LM,bom_tubes_p40_ao14_am18_3_m12_ao14_am12_4,14,2,SATISFIED,5.1994,17063.0,42084.62
SAL-Ei-LM,bom_tubes_p40_ao14_am18_3_m12_ao14_am12_4,14,3,SATISFIED,5.2121,16928.0,43939.91
SAL-Ei-LM,bom_tubes_p40_ao14_am18_3_m12_ao14_am12_4,14,4,SATISFIED,5.2084,17028.0,42216.53
SAL-Ei-LM,bom_tubes_p40_ao14_am18_3_m12_ao14_am12_4,14,5,SATISFIED,5.206,16788.0,43704.25
SAL-Ei-LM,bom_tubes_p40_ao14_am18_3_m12_ao14_am12_4,14,6,SATISFIED,5.2548,16921.0,41964.31
SAL-Ei-LM,bom_tubes_p40_ao14_am18_3_m12_ao14_am12_4,14,7,SATISFIED,5.4052,17048.0,41037.19
SAL-Ei-LM,bom_tubes_p40_ao14_am18_3_m12_ao14_am12_4,14,8,SATISFIED,5.2236,16924.0,41838.22
SAL-Ei-LM,bom_tubes_p40_ao14_am18_3_m12_ao14_am12_4,14,9,SATISFIED,5.2252,17115.0,43875.75
SAL-Ei-LM,bom_tubes_p40_ao14_am18_3_m12_ao14_am12_4,14,10,SATISFIED,5.2052,16975.0,43010.81
SAL-Ei-LM,bom_tubes_p40_ao14_am18_3_m12_ao14_am12_5,14,1,SATISFIED,5.215,57390.0,41398.03
SAL-Ei-LM,bom_tubes_p40_ao14_am18_3_m12_ao14_am12_5,14,2,SATISFIED,5.1995,56052.0,40329.34
SAL-Ei-LM,bom_tubes_p40_ao14_am18_3_m12_ao14_am12_5,14,3,SATISFIED,5.2599,56015.0,41644.0
SAL-Ei-LM,bom_tubes_p40_ao14_am18_3_m12_ao14_am12_5,14,4,SATISFIED,5.1945,55631.0,40521.34
SAL-Ei-LM,bom_tubes_p40_ao14_am18_3_m12_ao14_am12_5,14,5,SATISFIED,5.1875,55470.0,41021.34
SAL-Ei-LM,bom_tubes_p40_ao14_am18_3_m12_ao14_am12_5,14,6,SATISFIED,5.1876,56122.0,41909.31
SAL-Ei-LM,bom_tubes_p40_ao14_am18_3_m12_ao14_am12_5,14,7,SATISFIED,5.174,55530.0,41254.56
SAL-Ei-LM,bom_tubes_p40_ao14_am18_3_m12_ao14_am12_5,14,8,SATISFIED,5.1913,55579.0,40883.81
SAL-Ei-LM,bom_tubes_p40_ao14_am18_3_m12_ao14_am12_5,14,9,SATISFIED,5.1789,56550.0,41051.38
SAL-Ei-LM,bom_tubes_p40_ao14_am18_3_m12_ao14_am12_5,14,10,SATISFIED,5.1719,56940.0,40556.12
SAL-Ei-LM,bom_tubes_p40_ao14_am18_3_m35_ao14_am21_5,14,1,SATISFIED,5.2203,34734.0,38921.12
SAL-Ei-LM,bom_tubes_p40_ao14_am18_3_m35_ao14_am21_5,14,2,SATISFIED,5.2082,34363.0,38632.28
SAL-Ei-LM,bom_tubes_p40_ao14_am18_3_m35_ao14_am21_5,14,3,SATISFIED,5.175,34321.0,39427.44
SAL-Ei-LM,bom_tubes_p40_ao14_am18_3_m35_ao14_am21_5,14,4,SATISFIED,5.1958,34114.0,39177.66
SAL-Ei-LM,bom_tubes_p40_ao14_am18_3_m35_ao14_am21_5,14,5,SATISFIED,5.1956,34552.0,39323.38
SAL-Ei-LM,bom_tubes_p40_ao14_am18_3_m35_ao14_am21_5,14,6,SATISFIED,5.2015,34803.0,38360.09
SAL-Ei-LM,bom_tubes_p40_ao14_am18_3_m35_ao14_am21_5,14,7,SATISFIED,5.194,34662.0,37876.62
SAL-Ei-LM,bom_tubes_p40_ao14_am18_3_m35_ao14_am21_5,14,8,SATISFIED,5.167,35143.0,39117.31
SAL-Ei-LM,bom_tubes_p40_ao14_am18_3_m35_ao14_am21_5,14,9,SATISFIED,5.3311,34575.0,38733.72
SAL-Ei-LM,bom_tubes_p40_ao14_am18_3_m35_ao14_am21_5,14,10,SATISFIED,5.1797,34109.0,38293.12
SAL-Ei-LM,bom_tubes_p40_ao14_am18_3_m35_ao14_am24_2,14,1,SATISFIED,5.246,26239.0,40376.28
SAL-Ei-LM,bom_tubes_p40_ao14_am18_3_m35_ao14_am24_2,14,2,SATISFIED,5.1406,26181.0,39517.72
SAL-Ei-LM,bom_tubes_p40_ao14_am18_3_m35_ao14_am24_2,14,3,SATISFIED,5.2156,26361.0,39360.62
SAL-Ei-LM,bom_tubes_p40_ao14_am18_3_m35_ao14_am24_2,14,4,SATISFIED,5.1758,26362.0,39068.34
SAL-Ei-LM,bom_tubes_p40_ao14_am18_3_m35_ao14_am24_2,14,5,SATISFIED,5.1872,26410.0,39004.81
SAL-Ei-LM,bom_tubes_p40_ao14_am18_3_m35_ao14_am24_2,14,6,SATISFIED,5.1731,26128.0,38574.0
SAL-Ei-LM,bom_tubes_p40_ao14_am18_3_m35_ao14_am24_2,14,7,SATISFIED,5.2012,26292.0,38595.22
SAL-Ei-LM,bom_tubes_p40_ao14_am18_3_m35_ao14_am24_2,14,8,SATISFIED,5.1778,26244.0,39339.78
SAL-Ei-LM,bom_tubes_p40_ao14_am18_3_m35_ao14_am24_2,14,9,SATISFIED,5.2277,26211.0,38862.5
SAL-Ei-LM,bom_tubes_p40_ao14_am18_3_m35_ao14_am24_2,14,10,SATISFIED,5.182,26195.0,39522.28
SAL-Ei-LM,bom_tubes_p40_ao14_am18_3_m35_ao14_am24_3,14,1,SATISFIED,5.1812,43899.0,38983.97
SAL-Ei-LM,bom_tubes_p40_ao14_am18_3_m35_ao14_am24_3,14,2,SATISFIED,5.1713,44469.0,38641.31
SAL-Ei-LM,bom_tubes_p40_ao14_am18_3_m35_ao14_am24_3,14,3,SATISFIED,5.1895,43400.0,38571.41
SAL-Ei-LM,bom_tubes_p40_ao14_am18_3_m35_ao14_am24_3,14,4,SATISFIED,5.2942,44215.0,38329.12
SAL-Ei-LM,bom_tubes_p40_ao14_am18_3_m35_ao14_am24_3,14,5,SATISFIED,5.1919,43930.0,37531.34
SAL-Ei-LM,bom_tubes_p40_ao14_am18_3_m35_ao14_am24_3,14,6,SATISFIED,5.1971,44080.0,38187.41
SAL-Ei-LM,bom_tubes_p40_ao14_am18_3_m35_ao14_am24_3,14,7,SATISFIED,5.196,44542.0,39288.75
SAL-Ei-LM,bom_tubes_p40_ao14_am18_3_m35_ao14_am24_3,14,8,SATISFIED,5.1793,44358.0,37776.88
SAL-Ei-LM,bom_tubes_p40_ao14_am18_3_m35_ao14_am24_3,14,9,SATISFIED,5.1886,43418.0,39155.19
SAL-Ei-LM,bom_tubes_p40_ao14_am18_3_m35_ao14_am24_3,14,10,SATISFIED,5.1974,44126.0,39316.09
SAL-Ei-LM,bom_tubes_p40_ao14_am18_3_m35_ao14_am24_4,14,1,SATISFIED,5.2225,17595.0,38252.56
SAL-Ei-LM,bom_tubes_p40_ao14_am18_3_m35_ao14_am24_4,14,2,SATISFIED,5.1882,17294.0,38739.06
SAL-Ei-LM,bom_tubes_p40_ao14_am18_3_m35_ao14_am24_4,14,3,SATISFIED,5.1855,17317.0,39208.56
SAL-Ei-LM,bom_tubes_p40_ao14_am18_3_m35_ao14_am24_4,14,4,SATISFIED,5.2438,17528.0,38928.97
SAL-Ei-LM,bom_tubes_p40_ao14_am18_3_m35_ao14_am24_4,14,5,SATISFIED,5.2112,17676.0,38877.66
SAL-Ei-LM,bom_tubes_p40_ao14_am18_3_m35_ao14_am24_4,14,6,SATISFIED,5.1549,17463.0,37300.75
SAL-Ei-LM,bom_tubes_p40_ao14_am18_3_m35_ao14_am24_4,14,7,SATISFIED,5.1163,17446.0,37812.72
SAL-Ei-LM,bom_tubes_p40_ao14_am18_3_m35_ao14_am24_4,14,8,SATISFIED,5.102,17605.0,39425.78
SAL-Ei-LM,bom_tubes_p40_ao14_am18_3_m35_ao14_am24_4,14,9,SATISFIED,5.2281,17370.0,38930.09
SAL-Ei-LM,bom_tubes_p40_ao14_am18_3_m35_ao14_am24_4,14,10,SATISFIED,5.1793,17507.0,37593.34
SAL-Ei-LM,bom_tubes_p40_ao14_am18_3_m35_ao14_am26_1,14,1,SATISFIED,5.1842,40047.0,40009.78
SAL-Ei-LM,bom_tubes_p40_ao14_am18_3_m35_ao14_am26_1,14,2,SATISFIED,5.1936,39986.0,39288.78
SAL-Ei-LM,bom_tubes_p40_ao14_am18_3_m35_ao14_am26_1,14,3,SATISFIED,5.1305,40356.0,39102.88
SAL-Ei-LM,bom_tubes_p40_ao14_am18_3_m35_ao14_am26_1,14,4,SATISFIED,5.1704,40469.0,38589.25
SAL-Ei-LM,bom_tubes_p40_ao14_am18_3_m35_ao14_am26_1,14,5,SATISFIED,5.1686,40350.0,39596.62
SAL-Ei-LM,bom_tubes_p40_ao14_am18_3_m35_ao14_am26_1,14,6,SATISFIED,5.126,40330.0,39392.09
SAL-Ei-LM,bom_tubes_p40_ao14_am18_3_m35_ao14_am26_1,14,7,SATISFIED,5.1765,40821.0,40121.97
SAL-Ei-LM,bom_tubes_p40_ao14_am18_3_m35_ao14_am26_1,14,8,SATISFIED,5.1936,40473.0,39733.75
SAL-Ei-LM,bom_tubes_p40_ao14_am18_3_m35_ao14_am26_1,14,9,SATISFIED,5.1542,40438.0,39129.53
SAL-Ei-LM,bom_tubes_p40_ao14_am18_3_m35_ao14_am26_1,14,10,SATISFIED,5.1851,39699.0,39761.34
SAL-Ei-LM,bom_tubes_p40_ao14_am18_4,14,1,SATISFIED,5.163,36854.0,58163.31
SAL-Ei-LM,bom_tubes_p40_ao14_am18_4,14,2,SATISFIED,5.2111,36734.0,59183.59
SAL-Ei-LM,bom_tubes_p40_ao14_am18_4,14,3,SATISFIED,5.3947,36758.0,56180.53
SAL-Ei-LM,bom_tubes_p40_ao14_am18_4,14,4,SATISFIED,5.1773,37406.0,54909.03
SAL-Ei-LM,bom_tubes_p40_ao14_am18_4,14,5,SATISFIED,5.1864,37582.0,56553.44
SAL-Ei-LM,bom_tubes_p40_ao14_am18_4,14,6,SATISFIED,5.2279,37590.0,58683.72
SAL-Ei-LM,bom_tubes_p40_ao14_am18_4,14,7,SATISFIED,5.2081,36734.0,57532.31
SAL-Ei-LM,bom_tubes_p40_ao14_am18_4,14,8,SATISFIED,5.1151,36758.0,58117.62
SAL-Ei-LM,bom_tubes_p40_ao14_am18_4,14,9,SATISFIED,5.2052,36746.0,57560.72
SAL-Ei-LM,bom_tubes_p40_ao14_am18_4,14,10,SATISFIED,5.1679,36878.0,58693.94
SAL-Ei-LM,bom_tubes_p40_ao14_am18_4_m12_ao14_am11_2,14,1,SATISFIED,5.1823,172804.0,52220.78
SAL-Ei-LM,bom_tubes_p40_ao14_am18_4_m12_ao14_am11_2,14,2,SATISFIED,5.1764,172826.0,51769.31
SAL-Ei-LM,bom_tubes_p40_ao14_am18_4_m12_ao14_am11_2,14,3,SATISFIED,5.1473,172791.0,52391.44
SAL-Ei-LM,bom_tubes_p40_ao14_am18_4_m12_ao14_am11_2,14,4,SATISFIED,5.1708,172778.0,52033.97
SAL-Ei-LM,bom_tubes_p40_ao14_am18_4_m12_ao14_am11_2,14,5,SATISFIED,5.1856,172813.0,51821.25
SAL-Ei-LM,bom_tubes_p40_ao14_am18_4_m12_ao14_am11_2,14,6,SATISFIED,5.1868,172811.0,52549.84
SAL-Ei-LM,bom_tubes_p40_ao14_am18_4_m12_ao14_am11_2,14,7,SATISFIED,5.182,172835.0,52017.81
SAL-Ei-LM,bom_tubes_p40_ao14_am18_4_m12_ao14_am11_2,14,8,SATISFIED,5.197,172816.0,52107.09
SAL-Ei-LM,bom_tubes_p40_ao14_am18_4_m12_ao14_am11_2,14,9,SATISFIED,5.1844,172876.0,51583.19
SAL-Ei-LM,bom_tubes_p40_ao14_am18_4_m12_ao14_am11_2,14,10,SATISFIED,5.1882,172824.0,52236.69
SAL-Ei-LM,bom_tubes_p40_ao14_am18_4_m12_ao14_am12_1,14,1,SATISFIED,5.3288,68819.0,45478.5
SAL-Ei-LM,bom_tubes_p40_ao14_am18_4_m12_ao14_am12_1,14,2,SATISFIED,5.1723,69027.0,45296.44
SAL-Ei-LM,bom_tubes_p40_ao14_am18_4_m12_ao14_am12_1,14,3,SATISFIED,5.1781,68867.0,45789.66
SAL-Ei-LM,bom_tubes_p40_ao14_am18_4_m12_ao14_am12_1,14,4,SATISFIED,5.1667,68807.0,45956.12
SAL-Ei-LM,bom_tubes_p40_ao14_am18_4_m12_ao14_am12_1,14,5,SATISFIED,5.1703,68847.0,46907.25
SAL-Ei-LM,bom_tubes_p40_ao14_am18_4_m12_ao14_am12_1,14,6,SATISFIED,5.1758,68907.0,46572.91
SAL-Ei-LM,bom_tubes_p40_ao14_am18_4_m12_ao14_am12_1,14,7,SATISFIED,5.1838,68875.0,45561.66
SAL-Ei-LM,bom_tubes_p40_ao14_am18_4_m12_ao14_am12_1,14,8,SATISFIED,5.2006,68907.0,44843.72
SAL-Ei-LM,bom_tubes_p40_ao14_am18_4_m12_ao14_am12_1,14,9,SATISFIED,5.1222,68935.0,46446.31
SAL-Ei-LM,bom_tubes_p40_ao14_am18_4_m12_ao14_am12_1,14,10,SATISFIED,5.1908,68987.0,46163.69
SAL-Ei-LM,bom_tubes_p40_ao14_am18_4_m12_ao14_am12_3,14,1,SATISFIED,5.1956,19614.0,42145.62
SAL-Ei-LM,bom_tubes_p40_ao14_am18_4_m12_ao14_am12_3,14,2,SATISFIED,5.1928,19675.0,40931.38
SAL-Ei-LM,bom_tubes_p40_ao14_am18_4_m12_ao14_am12_3,14,3,SATISFIED,5.1926,19599.0,42556.78
SAL-Ei-LM,bom_tubes_p40_ao14_am18_4_m12_ao14_am12_3,14,4,SATISFIED,5.1764,19638.0,41786.41
SAL-Ei-LM,bom_tubes_p40_ao14_am18_4_m12_ao14_am12_3,14,5,SATISFIED,5.1973,19622.0,41939.47
SAL-Ei-LM,bom_tubes_p40_ao14_am18_4_m12_ao14_am12_3,14,6,SATISFIED,5.1906,19636.0,39818.72
SAL-Ei-LM,bom_tubes_p40_ao14_am18_4_m12_ao14_am12_3,14,7,SATISFIED,5.1815,19638.0,40856.69
SAL-Ei-LM,bom_tubes_p40_ao14_am18_4_m12_ao14_am12_3,14,8,SATISFIED,5.2104,19622.0,40160.06
SAL-Ei-LM,bom_tubes_p40_ao14_am18_4_m12_ao14_am12_3,14,9,SATISFIED,5.2176,19614.0,42115.19
SAL-Ei-LM,bom_tubes_p40_ao14_am18_4_m12_ao14_am12_3,14,10,SATISFIED,5.306,19617.0,42895.62
SAL-Ei-LM,bom_tubes_p40_ao14_am18_4_m12_ao14_am12_4,14,1,SATISFIED,5.1863,199050.0,48373.81
SAL-Ei-LM,bom_tubes_p40_ao14_am18_4_m12_ao14_am12_4,14,2,SATISFIED,5.2021,199050.0,48072.72
SAL-Ei-LM,bom_tubes_p40_ao14_am18_4_m12_ao14_am12_4,14,3,SATISFIED,5.2049,199050.0,48880.97
SAL-Ei-LM,bom_tubes_p40_ao14_am18_4_m12_ao14_am12_4,14,4,SATISFIED,5.2142,199050.0,49320.56
SAL-Ei-LM,bom_tubes_p40_ao14_am18_4_m12_ao14_am12_4,14,5,SATISFIED,5.1906,199050.0,47827.0
SAL-Ei-LM,bom_tubes_p40_ao14_am18_4_m12_ao14_am12_4,14,6,SATISFIED,5.2128,199050.0,48424.03
SAL-Ei-LM,bom_tubes_p40_ao14_am18_4_m12_ao14_am12_4,14,7,SATISFIED,5.2151,199050.0,48020.72
SAL-Ei-LM,bom_tubes_p40_ao14_am18_4_m12_ao14_am12_4,14,8,SATISFIED,5.1925,199050.0,48265.41
SAL-Ei-LM,bom_tubes_p40_ao14_am18_4_m12_ao14_am12_4,14,9,SATISFIED,5.1965,199050.0,48218.94
SAL-Ei-LM,bom_tubes_p40_ao14_am18_4_m12_ao14_am12_4,14,10,SATISFIED,5.2098,199050.0,48491.56
SAL-Ei-LM,bom_tubes_p40_ao14_am18_4_m12_ao14_am12_5,14,1,SATISFIED,5.1346,14516.0,41351.88
SAL-Ei-LM,bom_tubes_p40_ao14_am18_4_m12_ao14_am12_5,14,2,SATISFIED,5.2127,14218.0,43120.16
SAL-Ei-LM,bom_tubes_p40_ao14_am18_4_m12_ao14_am12_5,14,3,SATISFIED,5.1841,14577.0,42469.5
SAL-Ei-LM,bom_tubes_p40_ao14_am18_4_m12_ao14_am12_5,14,4,SATISFIED,5.197,14262.0,43084.41
SAL-Ei-LM,bom_tubes_p40_ao14_am18_4_m12_ao14_am12_5,14,5,SATISFIED,5.2781,14690.0,42754.44
SAL-Ei-LM,bom_tubes_p40_ao14_am18_4_m12_ao14_am12_5,14,6,SATISFIED,5.1901,14354.0,43492.5
SAL-Ei-LM,bom_tubes_p40_ao14_am18_4_m12_ao14_am12_5,14,7,SATISFIED,5.1847,14704.0,43574.84
SAL-Ei-LM,bom_tubes_p40_ao14_am18_4_m12_ao14_am12_5,14,8,SATISFIED,5.1972,14708.0,44162.38
SAL-Ei-LM,bom_tubes_p40_ao14_am18_4_m12_ao14_am12_5,14,9,SATISFIED,5.1911,14594.0,43969.16
SAL-Ei-LM,bom_tubes_p40_ao14_am18_4_m12_ao14_am12_5,14,10,SATISFIED,5.2008,14591.0,42972.5
SAL-Ei-LM,bom_tubes_p40_ao14_am18_4_m35_ao14_am24_2,14,1,SATISFIED,5.2688,48543.0,38909.31
SAL-Ei-LM,bom_tubes_p40_ao14_am18_4_m35_ao14_am24_2,14,2,SATISFIED,5.2353,48018.0,39618.34
SAL-Ei-LM,bom_tubes_p40_ao14_am18_4_m35_ao14_am24_2,14,3,SATISFIED,5.1985,48606.0,39646.88
SAL-Ei-LM,bom_tubes_p40_ao14_am18_4_m35_ao14_am24_2,14,4,SATISFIED,5.2156,50675.0,38941.81
SAL-Ei-LM,bom_tubes_p40_ao14_am18_4_m35_ao14_am24_2,14,5,SATISFIED,5.1758,49172.0,38446.12
SAL-Ei-LM,bom_tubes_p40_ao14_am18_4_m35_ao14_am24_2,14,6,SATISFIED,5.1838,48232.0,38844.62
SAL-Ei-LM,bom_tubes_p40_ao14_am18_4_m35_ao14_am24_2,14,7,SATISFIED,5.1749,48059.0,38886.12
SAL-Ei-LM,bom_tubes_p40_ao14_am18_4_m35_ao14_am24_2,14,8,SATISFIED,5.1793,48163.0,39570.5
SAL-Ei-LM,bom_tubes_p40_ao14_am18_4_m35_ao14_am24_2,14,9,SATISFIED,5.1869,48560.0,38824.88
SAL-Ei-LM,bom_tubes_p40_ao14_am18_4_m35_ao14_am24_2,14,10,SATISFIED,5.1794,48673.0,39565.59
SAL-Ei-LM,bom_tubes_p40_ao14_am18_4_m35_ao14_am24_5,14,1,SATISFIED,5.1927,16173.0,39510.81
SAL-Ei-LM,bom_tubes_p40_ao14_am18_4_m35_ao14_am24_5,14,2,SATISFIED,5.2269,16026.0,38570.25
SAL-Ei-LM,bom_tubes_p40_ao14_am18_4_m35_ao14_am24_5,14,3,SATISFIED,5.1848,16133.0,39363.19
SAL-Ei-LM,bom_tubes_p40_ao14_am18_4_m35_ao14_am24_5,14,4,SATISFIED,5.2044,16063.0,39227.34
SAL-Ei-LM,bom_tubes_p40_ao14_am18_4_m35_ao14_am24_5,14,5,SATISFIED,5.3052,16253.0,38711.41
SAL-Ei-LM,bom_tubes_p40_ao14_am18_4_m35_ao14_am24_5,14,6,SATISFIED,5.1936,15996.0,38702.75
SAL-Ei-LM,bom_tubes_p40_ao14_am18_4_m35_ao14_am24_5,14,7,SATISFIED,5.1933,16133.0,39126.69
SAL-Ei-LM,bom_tubes_p40_ao14_am18_4_m35_ao14_am24_5,14,8,SATISFIED,5.2909,16093.0,38407.84
SAL-Ei-LM,bom_tubes_p40_ao14_am18_4_m35_ao14_am24_5,14,9,SATISFIED,5.1365,15990.0,39862.66
SAL-Ei-LM,bom_tubes_p40_ao14_am18_4_m35_ao14_am24_5,14,10,SATISFIED,5.1194,16020.0,37936.22
SAL-Ei-LM,bom_tubes_p40_ao14_am18_4_m35_ao14_am26_3,14,1,SATISFIED,5.1697,19861.0,38865.12
SAL-Ei-LM,bom_tubes_p40_ao14_am18_4_m35_ao14_am26_3,14,2,SATISFIED,5.185,19899.0,37934.5
SAL-Ei-LM,bom_tubes_p40_ao14_am18_4_m35_ao14_am26_3,14,3,SATISFIED,5.1414,19797.0,38244.72
SAL-Ei-LM,bom_tubes_p40_ao14_am18_4_m35_ao14_am26_3,14,4,SATISFIED,5.1777,20046.0,38933.0
SAL-Ei-LM,bom_tubes_p40_ao14_am18_4_m35_ao14_am26_3,14,5,SATISFIED,5.195,19793.0,40126.12
SAL-Ei-LM,bom_tubes_p40_ao14_am18_4_m35_ao14_am26_3,14,6,SATISFIED,5.1826,20167.0,39408.12
SAL-Ei-LM,bom_tubes_p40_ao14_am18_4_m35_ao14_am26_3,14,7,SATISFIED,5.1697,19907.0,38395.38
SAL-Ei-LM,bom_tubes_p40_ao14_am18_4_m35_ao14_am26_3,14,8,SATISFIED,5.175,19853.0,39321.44
SAL-Ei-LM,bom_tubes_p40_ao14_am18_4_m35_ao14_am26_3,14,9,SATISFIED,5.1758,19901.0,39416.94
SAL-Ei-LM,bom_tubes_p40_ao14_am18_4_m35_ao14_am26_3,14,10,SATISFIED,5.2281,19772.0,37093.28
SAL-Ei-LM,bom_tubes_p40_ao14_am18_4_m35_ao14_am26_4,14,1,SATISFIED,5.1715,18016.0,34886.47
SAL-Ei-LM,bom_tubes_p40_ao14_am18_4_m35_ao14_am26_4,14,2,SATISFIED,5.1878,17507.0,38494.59
SAL-Ei-LM,bom_tubes_p40_ao14_am18_4_m35_ao14_am26_4,14,3,SATISFIED,5.1339,17176.0,37931.62
SAL-Ei-LM,bom_tubes_p40_ao14_am18_4_m35_ao14_am26_4,14,4,SATISFIED,5.2094,18153.0,38302.28
SAL-Ei-LM,bom_tubes_p40_ao14_am18_4_m35_ao14_am26_4,14,5,SATISFIED,5.1863,17418.0,38823.69
SAL-Ei-LM,bom_tubes_p40_ao14_am18_4_m35_ao14_am26_4,14,6,SATISFIED,5.1119,17253.0,38505.81
SAL-Ei-LM,bom_tubes_p40_ao14_am18_4_m35_ao14_am26_4,14,7,SATISFIED,5.18,18246.0,38875.53
SAL-Ei-LM,bom_tubes_p40_ao14_am18_4_m35_ao14_am26_4,14,8,SATISFIED,5.2452,18001.0,39410.88
SAL-Ei-LM,bom_tubes_p40_ao14_am18_4_m35_ao14_am26_4,14,9,SATISFIED,5.1486,17419.0,38498.84
SAL-Ei-LM,bom_tubes_p40_ao14_am18_4_m35_ao14_am26_4,14,10,SATISFIED,5.1135,18167.0,38588.47
SAL-Ei-LM,bom_tubes_p40_ao14_am18_4_m35_ao14_am27_1,14,1,SATISFIED,5.1995,26381.0,39200.0
SAL-Ei-LM,bom_tubes_p40_ao14_am18_4_m35_ao14_am27_1,14,2,SATISFIED,5.1849,26066.0,40216.41
SAL-Ei-LM,bom_tubes_p40_ao14_am18_4_m35_ao14_am27_1,14,3,SATISFIED,5.193,26275.0,39076.84
SAL-Ei-LM,bom_tubes_p40_ao14_am18_4_m35_ao14_am27_1,14,4,SATISFIED,5.2563,25389.0,39055.84
SAL-Ei-LM,bom_tubes_p40_ao14_am18_4_m35_ao14_am27_1,14,5,SATISFIED,5.2499,26267.0,37588.28
SAL-Ei-LM,bom_tubes_p40_ao14_am18_4_m35_ao14_am27_1,14,6,SATISFIED,5.1931,26954.0,39190.44
SAL-Ei-LM,bom_tubes_p40_ao14_am18_4_m35_ao14_am27_1,14,7,SATISFIED,5.1922,26229.0,39436.22
SAL-Ei-LM,bom_tubes_p40_ao14_am18_4_m35_ao14_am27_1,14,8,SATISFIED,5.1926,26624.0,39114.59
SAL-Ei-LM,bom_tubes_p40_ao14_am18_4_m35_ao14_am27_1,14,9,SATISFIED,5.1916,27004.0,38552.22
SAL-Ei-LM,bom_tubes_p40_ao14_am18_4_m35_ao14_am27_1,14,10,SATISFIED,5.199,26250.0,39935.5
SAL-Ei-LM,bom_tubes_p40_ao14_am18_5,14,1,SATISFIED,5.2275,607549.0,55918.44
SAL-Ei-LM,bom_tubes_p40_ao14_am18_5,14,2,SATISFIED,5.2253,607421.0,55728.78
SAL-Ei-LM,bom_tubes_p40_ao14_am18_5,14,3,SATISFIED,5.2156,607545.0,55296.59
SAL-Ei-LM,bom_tubes_p40_ao14_am18_5,14,4,SATISFIED,5.2163,607361.0,56888.94
SAL-Ei-LM,bom_tubes_p40_ao14_am18_5,14,5,SATISFIED,5.1893,607249.0,54725.66
SAL-Ei-LM,bom_tubes_p40_ao14_am18_5,14,6,SATISFIED,5.175,607269.0,55707.56
SAL-Ei-LM,bom_tubes_p40_ao14_am18_5,14,7,SATISFIED,5.1845,607517.0,54491.81
SAL-Ei-LM,bom_tubes_p40_ao14_am18_5,14,8,SATISFIED,5.1748,607749.0,54599.47
SAL-Ei-LM,bom_tubes_p40_ao14_am18_5,14,9,SATISFIED,5.2436,607637.0,53301.5
SAL-Ei-LM,bom_tubes_p40_ao14_am18_5,14,10,SATISFIED,5.1861,607229.0,54570.28
SAL-Ei-LM,bom_tubes_p40_ao14_am18_5_m12_ao14_am12_1,14,1,SATISFIED,5.2043,500320.0,45242.19
SAL-Ei-LM,bom_tubes_p40_ao14_am18_5_m12_ao14_am12_1,14,2,SATISFIED,5.1854,500314.0,45322.31
SAL-Ei-LM,bom_tubes_p40_ao14_am18_5_m12_ao14_am12_1,14,3,SATISFIED,5.2226,500340.0,46236.0
SAL-Ei-LM,bom_tubes_p40_ao14_am18_5_m12_ao14_am12_1,14,4,SATISFIED,5.1826,500314.0,45425.41
SAL-Ei-LM,bom_tubes_p40_ao14_am18_5_m12_ao14_am12_1,14,5,SATISFIED,5.1135,500300.0,45188.34
SAL-Ei-LM,bom_tubes_p40_ao14_am18_5_m12_ao14_am12_1,14,6,SATISFIED,5.2057,500299.0,45300.72
SAL-Ei-LM,bom_tubes_p40_ao14_am18_5_m12_ao14_am12_1,14,7,SATISFIED,5.202,500294.0,43926.03
SAL-Ei-LM,bom_tubes_p40_ao14_am18_5_m12_ao14_am12_1,14,8,SATISFIED,5.2328,500326.0,45599.66
SAL-Ei-LM,bom_tubes_p40_ao14_am18_5_m12_ao14_am12_1,14,9,SATISFIED,5.2176,500314.0,43901.19
SAL-Ei-LM,bom_tubes_p40_ao14_am18_5_m12_ao14_am12_1,14,10,SATISFIED,5.2004,500320.0,44381.56
SAL-Ei-LM,bom_tubes_p40_ao14_am18_5_m12_ao14_am12_2,14,1,SATISFIED,5.2022,541023.0,46098.66
SAL-Ei-LM,bom_tubes_p40_ao14_am18_5_m12_ao14_am12_2,14,2,SATISFIED,5.1927,541908.0,46200.75
SAL-Ei-LM,bom_tubes_p40_ao14_am18_5_m12_ao14_am12_2,14,3,SATISFIED,5.1645,540035.0,46027.94
SAL-Ei-LM,bom_tubes_p40_ao14_am18_5_m12_ao14_am12_2,14,4,SATISFIED,5.209,540021.0,46250.34
SAL-Ei-LM,bom_tubes_p40_ao14_am18_5_m12_ao14_am12_2,14,5,SATISFIED,5.225,546233.0,45381.06
SAL-Ei-LM,bom_tubes_p40_ao14_am18_5_m12_ao14_am12_2,14,6,SATISFIED,5.2067,539956.0,46617.03
SAL-Ei-LM,bom_tubes_p40_ao14_am18_5_m12_ao14_am12_2,14,7,SATISFIED,5.32,541664.0,45990.44
SAL-Ei-LM,bom_tubes_p40_ao14_am18_5_m12_ao14_am12_2,14,8,SATISFIED,5.1104,540783.0,45057.81
SAL-Ei-LM,bom_tubes_p40_ao14_am18_5_m12_ao14_am12_2,14,9,SATISFIED,5.1956,545983.0,45908.0
SAL-Ei-LM,bom_tubes_p40_ao14_am18_5_m12_ao14_am12_2,14,10,SATISFIED,5.1774,543237.0,46000.06
SAL-Ei-LM,bom_tubes_p40_ao14_am18_5_m12_ao14_am12_3,14,1,SATISFIED,5.206,685961.0,46335.38
SAL-Ei-LM,bom_tubes_p40_ao14_am18_5_m12_ao14_am12_3,14,2,SATISFIED,5.1648,686492.0,45069.09
SAL-Ei-LM,bom_tubes_p40_ao14_am18_5_m12_ao14_am12_3,14,3,SATISFIED,5.1864,686572.0,45962.5
SAL-Ei-LM,bom_tubes_p40_ao14_am18_5_m12_ao14_am12_3,14,4,SATISFIED,5.1943,686281.0,46446.78
SAL-Ei-LM,bom_tubes_p40_ao14_am18_5_m12_ao14_am12_3,14,5,SATISFIED,5.3016,686691.0,47248.44
SAL-Ei-LM,bom_tubes_p40_ao14_am18_5_m12_ao14_am12_3,14,6,SATISFIED,5.143,686406.0,46625.28
SAL-Ei-LM,bom_tubes_p40_ao14_am18_5_m12_ao14_am12_3,14,7,SATISFIED,5.1124,686822.0,44382.22
SAL-Ei-LM,bom_tubes_p40_ao14_am18_5_m12_ao14_am12_3,14,8,SATISFIED,5.283,686781.0,45349.03
SAL-Ei-LM,bom_tubes_p40_ao14_am18_5_m12_ao14_am12_3,14,9,SATISFIED,5.2468,686542.0,46793.69
SAL-Ei-LM,bom_tubes_p40_ao14_am18_5_m12_ao14_am12_3,14,10,SATISFIED,5.253,686285.0,47263.62
SAL-Ei-LM,bom_tubes_p40_ao14_am18_5_m12_ao14_am12_4,14,1,SATISFIED,5.2437,149356.0,46490.22
SAL-Ei-LM,bom_tubes_p40_ao14_am18_5_m12_ao14_am12_4,14,2,SATISFIED,5.1901,149065.0,46904.44
SAL-Ei-LM,bom_tubes_p40_ao14_am18_5_m12_ao14_am12_4,14,3,SATISFIED,5.1413,153607.0,46446.06
SAL-Ei-LM,bom_tubes_p40_ao14_am18_5_m12_ao14_am12_4,14,4,SATISFIED,5.1936,151367.0,46742.25
SAL-Ei-LM,bom_tubes_p40_ao14_am18_5_m12_ao14_am12_4,14,5,SATISFIED,5.1934,159697.0,47024.53
SAL-Ei-LM,bom_tubes_p40_ao14_am18_5_m12_ao14_am12_4,14,6,SATISFIED,5.2452,146107.0,46613.41
SAL-Ei-LM,bom_tubes_p40_ao14_am18_5_m12_ao14_am12_4,14,7,SATISFIED,5.1705,149964.0,46657.59
SAL-Ei-LM,bom_tubes_p40_ao14_am18_5_m12_ao14_am12_4,14,8,SATISFIED,5.1866,149345.0,47154.72
SAL-Ei-LM,bom_tubes_p40_ao14_am18_5_m12_ao14_am12_4,14,9,SATISFIED,5.2142,150650.0,46516.62
SAL-Ei-LM,bom_tubes_p40_ao14_am18_5_m12_ao14_am12_4,14,10,SATISFIED,5.2008,164847.0,45536.22
SAL-Ei-LM,bom_tubes_p40_ao14_am18_5_m12_ao14_am12_5,14,1,SATISFIED,5.1736,222427.0,48540.28
SAL-Ei-LM,bom_tubes_p40_ao14_am18_5_m12_ao14_am12_5,14,2,SATISFIED,5.1906,222465.0,48169.94
SAL-Ei-LM,bom_tubes_p40_ao14_am18_5_m12_ao14_am12_5,14,3,SATISFIED,5.204,222525.0,48553.06
SAL-Ei-LM,bom_tubes_p40_ao14_am18_5_m12_ao14_am12_5,14,4,SATISFIED,5.2122,222525.0,48150.47
SAL-Ei-LM,bom_tubes_p40_ao14_am18_5_m12_ao14_am12_5,14,5,SATISFIED,5.1855,222460.0,48660.5
SAL-Ei-LM,bom_tubes_p40_ao14_am18_5_m12_ao14_am12_5,14,6,SATISFIED,5.175,222525.0,49405.81
SAL-Ei-LM,bom_tubes_p40_ao14_am18_5_m12_ao14_am12_5,14,7,SATISFIED,5.1839,222441.0,49029.0
SAL-Ei-LM,bom_tubes_p40_ao14_am18_5_m12_ao14_am12_5,14,8,SATISFIED,5.2284,222417.0,49469.97
SAL-Ei-LM,bom_tubes_p40_ao14_am18_5_m12_ao14_am12_5,14,9,SATISFIED,5.1944,222429.0,49425.56
SAL-Ei-LM,bom_tubes_p40_ao14_am18_5_m12_ao14_am12_5,14,10,SATISFIED,5.1827,222573.0,48613.19
SAL-Ei-LM,bom_tubes_p40_ao14_am18_5_m35_ao14_am24_1,14,1,SATISFIED,5.1386,130797.0,39895.88
SAL-Ei-LM,bom_tubes_p40_ao14_am18_5_m35_ao14_am24_1,14,2,SATISFIED,5.2138,130075.0,40100.59
SAL-Ei-LM,bom_tubes_p40_ao14_am18_5_m35_ao14_am24_1,14,3,SATISFIED,5.1934,131043.0,39748.97
SAL-Ei-LM,bom_tubes_p40_ao14_am18_5_m35_ao14_am24_1,14,4,SATISFIED,5.2398,131243.0,38292.88
SAL-Ei-LM,bom_tubes_p40_ao14_am18_5_m35_ao14_am24_1,14,5,SATISFIED,5.2022,130107.0,39291.53
SAL-Ei-LM,bom_tubes_p40_ao14_am18_5_m35_ao14_am24_1,14,6,SATISFIED,5.1851,129829.0,38874.28
SAL-Ei-LM,bom_tubes_p40_ao14_am18_5_m35_ao14_am24_1,14,7,SATISFIED,5.1299,130297.0,39501.12
SAL-Ei-LM,bom_tubes_p40_ao14_am18_5_m35_ao14_am24_1,14,8,SATISFIED,5.2027,130669.0,39706.31
SAL-Ei-LM,bom_tubes_p40_ao14_am18_5_m35_ao14_am24_1,14,9,SATISFIED,5.2021,130395.0,40784.12
SAL-Ei-LM,bom_tubes_p40_ao14_am18_5_m35_ao14_am24_1,14,10,SATISFIED,5.1753,129503.0,39186.41
SAL-Ei-LM,bom_tubes_p40_ao14_am18_5_m35_ao14_am26_3,14,1,SATISFIED,5.1526,50858.0,38611.44
SAL-Ei-LM,bom_tubes_p40_ao14_am18_5_m35_ao14_am26_3,14,2,SATISFIED,5.1288,49943.0,38479.41
SAL-Ei-LM,bom_tubes_p40_ao14_am18_5_m35_ao14_am26_3,14,3,SATISFIED,5.1758,51315.0,38180.25
SAL-Ei-LM,bom_tubes_p40_ao14_am18_5_m35_ao14_am26_3,14,4,SATISFIED,5.2063,51649.0,38877.53
SAL-Ei-LM,bom_tubes_p40_ao14_am18_5_m35_ao14_am26_3,14,5,SATISFIED,5.216,50609.0,38741.88
SAL-Ei-LM,bom_tubes_p40_ao14_am18_5_m35_ao14_am26_3,14,6,SATISFIED,5.2316,50225.0,37334.0
SAL-Ei-LM,bom_tubes_p40_ao14_am18_5_m35_ao14_am26_3,14,7,SATISFIED,5.2133,50501.0,37932.34
SAL-Ei-LM,bom_tubes_p40_ao14_am18_5_m35_ao14_am26_3,14,8,SATISFIED,5.2471,50744.0,39215.06
SAL-Ei-LM,bom_tubes_p40_ao14_am18_5_m35_ao14_am26_3,14,9,SATISFIED,5.1076,50764.0,39144.19
SAL-Ei-LM,bom_tubes_p40_ao14_am18_5_m35_ao14_am26_3,14,10,SATISFIED,5.1684,51279.0,39421.31
SAL-Ei-LM,bom_tubes_p40_ao14_am18_5_m35_ao14_am26_4,14,1,SATISFIED,5.1634,74348.0,37990.31
SAL-Ei-LM,bom_tubes_p40_ao14_am18_5_m35_ao14_am26_4,14,2,SATISFIED,5.179,74092.0,38728.0
SAL-Ei-LM,bom_tubes_p40_ao14_am18_5_m35_ao14_am26_4,14,3,SATISFIED,5.2108,74264.0,38185.66
SAL-Ei-LM,bom_tubes_p40_ao14_am18_5_m35_ao14_am26_4,14,4,SATISFIED,5.2166,76297.0,36654.66
SAL-Ei-LM,bom_tubes_p40_ao14_am18_5_m35_ao14_am26_4,14,5,SATISFIED,5.2266,74803.0,38974.16
SAL-Ei-LM,bom_tubes_p40_ao14_am18_5_m35_ao14_am26_4,14,6,SATISFIED,5.1106,74732.0,38489.0
SAL-Ei-LM,bom_tubes_p40_ao14_am18_5_m35_ao14_am26_4,14,7,SATISFIED,5.1074,75412.0,37419.53
SAL-Ei-LM,bom_tubes_p40_ao14_am18_5_m35_ao14_am26_4,14,8,SATISFIED,5.1064,73930.0,38007.56
SAL-Ei-LM,bom_tubes_p40_ao14_am18_5_m35_ao14_am26_4,14,9,SATISFIED,5.1066,76116.0,37837.59
SAL-Ei-LM,bom_tubes_p40_ao14_am18_5_m35_ao14_am26_4,14,10,SATISFIED,5.1909,72349.0,37978.09
SAL-Ei-LM,bom_tubes_p40_ao14_am18_5_m35_ao14_am27_2,14,1,SATISFIED,5.1974,139813.0,37743.88
SAL-Ei-LM,bom_tubes_p40_ao14_am18_5_m35_ao14_am27_2,14,2,SATISFIED,5.2905,140482.0,38486.47
SAL-Ei-LM,bom_tubes_p40_ao14_am18_5_m35_ao14_am27_2,14,3,SATISFIED,5.1576,141826.0,38366.47
SAL-Ei-LM,bom_tubes_p40_ao14_am18_5_m35_ao14_am27_2,14,4,SATISFIED,5.1646,150711.0,38834.84
SAL-Ei-LM,bom_tubes_p40_ao14_am18_5_m35_ao14_am27_2,14,5,SATISFIED,5.1653,138601.0,37760.62
SAL-Ei-LM,bom_tubes_p40_ao14_am18_5_m35_ao14_am27_2,14,6,SATISFIED,5.1681,147909.0,38419.19
SAL-Ei-LM,bom_tubes_p40_ao14_am18_5_m35_ao14_am27_2,14,7,SATISFIED,5.1645,150521.0,38525.47
SAL-Ei-LM,bom_tubes_p40_ao14_am18_5_m35_ao14_am27_2,14,8,SATISFIED,5.1691,141198.0,39314.03
SAL-Ei-LM,bom_tubes_p40_ao14_am18_5_m35_ao14_am27_2,14,9,SATISFIED,5.1674,141412.0,38226.0
SAL-Ei-LM,bom_tubes_p40_ao14_am18_5_m35_ao14_am27_2,14,10,SATISFIED,5.1693,145708.0,38593.12
SAL-Ei-LM,bom_tubes_p40_ao14_am18_5_m35_ao14_am27_5,14,1,SATISFIED,5.1737,150303.0,38839.16
SAL-Ei-LM,bom_tubes_p40_ao14_am18_5_m35_ao14_am27_5,14,2,SATISFIED,5.1644,151369.0,39773.06
SAL-Ei-LM,bom_tubes_p40_ao14_am18_5_m35_ao14_am27_5,14,3,SATISFIED,5.1701,149886.0,38177.09
SAL-Ei-LM,bom_tubes_p40_ao14_am18_5_m35_ao14_am27_5,14,4,SATISFIED,5.1725,150366.0,39315.03
SAL-Ei-LM,bom_tubes_p40_ao14_am18_5_m35_ao14_am27_5,14,5,SATISFIED,5.1676,152791.0,39631.09
SAL-Ei-LM,bom_tubes_p40_ao14_am18_5_m35_ao14_am27_5,14,6,SATISFIED,5.2198,151023.0,39559.69
SAL-Ei-LM,bom_tubes_p40_ao14_am18_5_m35_ao14_am27_5,14,7,SATISFIED,5.1544,149831.0,38184.38
SAL-Ei-LM,bom_tubes_p40_ao14_am18_5_m35_ao14_am27_5,14,8,SATISFIED,5.1729,149999.0,38171.34
SAL-Ei-LM,bom_tubes_p40_ao14_am18_5_m35_ao14_am27_5,14,9,SATISFIED,5.1692,151543.0,39953.25
SAL-Ei-LM,bom_tubes_p40_ao14_am18_5_m35_ao14_am27_5,14,10,SATISFIED,5.1747,150222.0,40017.28
SAL-Ei-LM,bom_tubes_p50_ao15_am18_1,15,1,SATISFIED,5.1769,40118.0,52585.03
SAL-Ei-LM,bom_tubes_p50_ao15_am18_1,15,2,SATISFIED,5.1769,39197.0,49772.12
SAL-Ei-LM,bom_tubes_p50_ao15_am18_1,15,3,SATISFIED,5.1754,38230.0,51906.0
SAL-Ei-LM,bom_tubes_p50_ao15_am18_1,15,4,SATISFIED,5.1836,38842.0,50134.31
SAL-Ei-LM,bom_tubes_p50_ao15_am18_1,15,5,SATISFIED,5.1757,40127.0,50658.31
SAL-Ei-LM,bom_tubes_p50_ao15_am18_1,15,6,SATISFIED,5.1782,40213.0,50160.53
SAL-Ei-LM,bom_tubes_p50_ao15_am18_1,15,7,SATISFIED,5.1795,40170.0,50309.66
SAL-Ei-LM,bom_tubes_p50_ao15_am18_1,15,8,SATISFIED,5.1771,37621.0,51493.75
SAL-Ei-LM,bom_tubes_p50_ao15_am18_1,15,9,SATISFIED,5.1708,40137.0,52064.69
SAL-Ei-LM,bom_tubes_p50_ao15_am18_1,15,10,SATISFIED,5.198,40121.0,52871.72
SAL-Ei-LM,bom_tubes_p50_ao15_am18_1_m10_ao15_am9_2,15,1,SATISFIED,5.2382,46751.0,56136.38
SAL-Ei-LM,bom_tubes_p50_ao15_am18_1_m10_ao15_am9_2,15,2,SATISFIED,5.1803,45367.0,54234.31
SAL-Ei-LM,bom_tubes_p50_ao15_am18_1_m10_ao15_am9_2,15,3,SATISFIED,5.1406,45563.0,54756.25
SAL-Ei-LM,bom_tubes_p50_ao15_am18_1_m10_ao15_am9_2,15,4,SATISFIED,5.2085,45507.0,56111.25
SAL-Ei-LM,bom_tubes_p50_ao15_am18_1_m10_ao15_am9_2,15,5,SATISFIED,5.1408,45398.0,54772.78
SAL-Ei-LM,bom_tubes_p50_ao15_am18_1_m10_ao15_am9_2,15,6,SATISFIED,5.1084,46355.0,54170.5
SAL-Ei-LM,bom_tubes_p50_ao15_am18_1_m10_ao15_am9_2,15,7,SATISFIED,5.1078,45398.0,55892.47
SAL-Ei-LM,bom_tubes_p50_ao15_am18_1_m10_ao15_am9_2,15,8,SATISFIED,5.179,45728.0,54704.12
SAL-Ei-LM,bom_tubes_p50_ao15_am18_1_m10_ao15_am9_2,15,9,SATISFIED,5.2164,45367.0,55430.81
SAL-Ei-LM,bom_tubes_p50_ao15_am18_1_m10_ao15_am9_2,15,10,SATISFIED,5.2103,45431.0,55265.56
SAL-Ei-LM,bom_tubes_p50_ao15_am18_1_m10_ao15_am9_5,15,1,SATISFIED,5.2023,47622.0,54956.06
SAL-Ei-LM,bom_tubes_p50_ao15_am18_1_m10_ao15_am9_5,15,2,SATISFIED,5.1924,47663.0,55828.31
SAL-Ei-LM,bom_tubes_p50_ao15_am18_1_m10_ao15_am9_5,15,3,SATISFIED,5.1908,47589.0,54708.53
SAL-Ei-LM,bom_tubes_p50_ao15_am18_1_m10_ao15_am9_5,15,4,SATISFIED,5.185,47930.0,55618.09
SAL-Ei-LM,bom_tubes_p50_ao15_am18_1_m10_ao15_am9_5,15,5,SATISFIED,5.1896,47481.0,55201.28
SAL-Ei-LM,bom_tubes_p50_ao15_am18_1_m10_ao15_am9_5,15,6,SATISFIED,5.1758,47472.0,55579.66
SAL-Ei-LM,bom_tubes_p50_ao15_am18_1_m10_ao15_am9_5,15,7,SATISFIED,5.1769,47657.0,54861.81
SAL-Ei-LM,bom_tubes_p50_ao15_am18_1_m10_ao15_am9_5,15,8,SATISFIED,5.1917,48524.0,54155.62
SAL-Ei-LM,bom_tubes_p50_ao15_am18_1_m10_ao15_am9_5,15,9,SATISFIED,5.188,47943.0,55831.84
SAL-Ei-LM,bom_tubes_p50_ao15_am18_1_m10_ao15_am9_5,15,10,SATISFIED,5.2295,47531.0,56641.16
SAL-Ei-LM,bom_tubes_p50_ao15_am18_1_m10_ao15_am10_1,15,1,SATISFIED,5.2029,115134.0,51618.0
SAL-Ei-LM,bom_tubes_p50_ao15_am18_1_m10_ao15_am10_1,15,2,SATISFIED,5.2275,115123.0,50657.88
SAL-Ei-LM,bom_tubes_p50_ao15_am18_1_m10_ao15_am10_1,15,3,SATISFIED,5.1963,115092.0,49819.19
SAL-Ei-LM,bom_tubes_p50_ao15_am18_1_m10_ao15_am10_1,15,4,SATISFIED,5.1915,115079.0,50129.78
SAL-Ei-LM,bom_tubes_p50_ao15_am18_1_m10_ao15_am10_1,15,5,SATISFIED,5.2166,115219.0,50103.28
SAL-Ei-LM,bom_tubes_p50_ao15_am18_1_m10_ao15_am10_1,15,6,SATISFIED,5.1986,115058.0,50659.62
SAL-Ei-LM,bom_tubes_p50_ao15_am18_1_m10_ao15_am10_1,15,7,SATISFIED,5.1916,115131.0,48665.16
SAL-Ei-LM,bom_tubes_p50_ao15_am18_1_m10_ao15_am10_1,15,8,SATISFIED,5.1886,115120.0,49969.03
SAL-Ei-LM,bom_tubes_p50_ao15_am18_1_m10_ao15_am10_1,15,9,SATISFIED,5.2003,115150.0,51109.75
SAL-Ei-LM,bom_tubes_p50_ao15_am18_1_m10_ao15_am10_1,15,10,SATISFIED,5.1898,115167.0,50492.16
SAL-Ei-LM,bom_tubes_p50_ao15_am18_1_m10_ao15_am10_3,15,1,SATISFIED,5.2036,19196.0,43068.06
SAL-Ei-LM,bom_tubes_p50_ao15_am18_1_m10_ao15_am10_3,15,2,SATISFIED,5.2227,19341.0,42705.41
SAL-Ei-LM,bom_tubes_p50_ao15_am18_1_m10_ao15_am10_3,15,3,SATISFIED,5.2037,19224.0,43395.62
SAL-Ei-LM,bom_tubes_p50_ao15_am18_1_m10_ao15_am10_3,15,4,SATISFIED,5.1999,19357.0,44081.16
SAL-Ei-LM,bom_tubes_p50_ao15_am18_1_m10_ao15_am10_3,15,5,SATISFIED,5.2011,19353.0,42611.91
SAL-Ei-LM,bom_tubes_p50_ao15_am18_1_m10_ao15_am10_3,15,6,SATISFIED,5.1961,19231.0,43130.56
SAL-Ei-LM,bom_tubes_p50_ao15_am18_1_m10_ao15_am10_3,15,7,SATISFIED,5.1997,19376.0,41155.03
SAL-Ei-LM,bom_tubes_p50_ao15_am18_1_m10_ao15_am10_3,15,8,SATISFIED,5.2016,19488.0,43918.31
SAL-Ei-LM,bom_tubes_p50_ao15_am18_1_m10_ao15_am10_3,15,9,SATISFIED,5.2127,19325.0,42151.09
SAL-Ei-LM,bom_tubes_p50_ao15_am18_1_m10_ao15_am10_3,15,10,SATISFIED,5.1888,19322.0,42935.59
SAL-Ei-LM,bom_tubes_p50_ao15_am18_1_m10_ao15_am10_4,15,1,SATISFIED,5.2486,33907.0,45254.41
SAL-Ei-LM,bom_tubes_p50_ao15_am18_1_m10_ao15_am10_4,15,2,SATISFIED,5.1745,33827.0,45641.0
SAL-Ei-LM,bom_tubes_p50_ao15_am18_1_m10_ao15_am10_4,15,3,SATISFIED,5.1889,33831.0,45066.69
SAL-Ei-LM,bom_tubes_p50_ao15_am18_1_m10_ao15_am10_4,15,4,SATISFIED,5.186,33843.0,45667.62
SAL-Ei-LM,bom_tubes_p50_ao15_am18_1_m10_ao15_am10_4,15,5,SATISFIED,5.1879,33959.0,45672.47
SAL-Ei-LM,bom_tubes_p50_ao15_am18_1_m10_ao15_am10_4,15,6,SATISFIED,5.183,33899.0,46299.94
SAL-Ei-LM,bom_tubes_p50_ao15_am18_1_m10_ao15_am10_4,15,7,SATISFIED,5.185,33859.0,43923.66
SAL-Ei-LM,bom_tubes_p50_ao15_am18_1_m10_ao15_am10_4,15,8,SATISFIED,5.1845,33851.0,44570.47
SAL-Ei-LM,bom_tubes_p50_ao15_am18_1_m10_ao15_am10_4,15,9,SATISFIED,5.1768,33915.0,45922.34
SAL-Ei-LM,bom_tubes_p50_ao15_am18_1_m10_ao15_am10_4,15,10,SATISFIED,5.1886,33921.0,44027.38
SAL-Ei-LM,bom_tubes_p50_ao15_am18_1_m25_ao15_am16_3,15,1,SATISFIED,5.2025,33669.0,51456.78
SAL-Ei-LM,bom_tubes_p50_ao15_am18_1_m25_ao15_am16_3,15,2,SATISFIED,5.1888,33686.0,51661.09
SAL-Ei-LM,bom_tubes_p50_ao15_am18_1_m25_ao15_am16_3,15,3,SATISFIED,5.1958,33675.0,52631.19
SAL-Ei-LM,bom_tubes_p50_ao15_am18_1_m25_ao15_am16_3,15,4,SATISFIED,5.1884,33663.0,52671.59
SAL-Ei-LM,bom_tubes_p50_ao15_am18_1_m25_ao15_am16_3,15,5,SATISFIED,5.1991,33669.0,52817.62
SAL-Ei-LM,bom_tubes_p50_ao15_am18_1_m25_ao15_am16_3,15,6,SATISFIED,5.198,33671.0,51828.88
SAL-Ei-LM,bom_tubes_p50_ao15_am18_1_m25_ao15_am16_3,15,7,SATISFIED,5.187,33665.0,52393.72
SAL-Ei-LM,bom_tubes_p50_ao15_am18_1_m25_ao15_am16_3,15,8,SATISFIED,5.3332,33669.0,48017.34
SAL-Ei-LM,bom_tubes_p50_ao15_am18_1_m25_ao15_am16_3,15,9,SATISFIED,5.1843,33677.0,49533.41
SAL-Ei-LM,bom_tubes_p50_ao15_am18_1_m25_ao15_am16_3,15,10,SATISFIED,5.1929,33667.0,52821.28
SAL-Ei-LM,bom_tubes_p50_ao15_am18_1_m25_ao15_am17_1,15,1,SATISFIED,5.1794,54594.0,48329.06
SAL-Ei-LM,bom_tubes_p50_ao15_am18_1_m25_ao15_am17_1,15,2,SATISFIED,5.1777,53871.0,46011.19
SAL-Ei-LM,bom_tubes_p50_ao15_am18_1_m25_ao15_am17_1,15,3,SATISFIED,5.1892,54534.0,47346.97
SAL-Ei-LM,bom_tubes_p50_ao15_am18_1_m25_ao15_am17_1,15,4,SATISFIED,5.1733,54373.0,47049.44
SAL-Ei-LM,bom_tubes_p50_ao15_am18_1_m25_ao15_am17_1,15,5,SATISFIED,5.173,54382.0,47937.72
SAL-Ei-LM,bom_tubes_p50_ao15_am18_1_m25_ao15_am17_1,15,6,SATISFIED,5.1694,53801.0,45287.25
SAL-Ei-LM,bom_tubes_p50_ao15_am18_1_m25_ao15_am17_1,15,7,SATISFIED,5.1685,53931.0,47595.69
SAL-Ei-LM,bom_tubes_p50_ao15_am18_1_m25_ao15_am17_1,15,8,SATISFIED,5.1196,53630.0,47313.88
SAL-Ei-LM,bom_tubes_p50_ao15_am18_1_m25_ao15_am17_1,15,9,SATISFIED,5.1762,53764.0,48628.25
SAL-Ei-LM,bom_tubes_p50_ao15_am18_1_m25_ao15_am17_1,15,10,SATISFIED,5.1654,53919.0,46252.75
SAL-Ei-LM,bom_tubes_p50_ao15_am18_1_m25_ao15_am17_5,15,1,SATISFIED,5.1121,31852.0,44301.09
SAL-Ei-LM,bom_tubes_p50_ao15_am18_1_m25_ao15_am17_5,15,2,SATISFIED,5.1106,30505.0,44706.25
SAL-Ei-LM,bom_tubes_p50_ao15_am18_1_m25_ao15_am17_5,15,3,SATISFIED,5.1696,30575.0,44385.19
SAL-Ei-LM,bom_tubes_p50_ao15_am18_1_m25_ao15_am17_5,15,4,SATISFIED,5.1734,32215.0,45354.47
SAL-Ei-LM,bom_tubes_p50_ao15_am18_1_m25_ao15_am17_5,15,5,SATISFIED,5.212,29723.0,45694.09
SAL-Ei-LM,bom_tubes_p50_ao15_am18_1_m25_ao15_am17_5,15,6,SATISFIED,5.1566,31943.0,44990.31
SAL-Ei-LM,bom_tubes_p50_ao15_am18_1_m25_ao15_am17_5,15,7,SATISFIED,5.1689,32333.0,43843.91
SAL-Ei-LM,bom_tubes_p50_ao15_am18_1_m25_ao15_am17_5,15,8,SATISFIED,5.1644,31773.0,43242.03
SAL-Ei-LM,bom_tubes_p50_ao15_am18_1_m25_ao15_am17_5,15,9,SATISFIED,5.1646,32175.0,44616.06
SAL-Ei-LM,bom_tubes_p50_ao15_am18_1_m25_ao15_am17_5,15,10,SATISFIED,5.1635,31394.0,43666.84
SAL-Ei-LM,bom_tubes_p50_ao15_am18_1_m25_ao15_am18_4,15,1,SATISFIED,5.1627,49295.0,49032.03
SAL-Ei-LM,bom_tubes_p50_ao15_am18_1_m25_ao15_am18_4,15,2,SATISFIED,5.1674,49295.0,49413.44
SAL-Ei-LM,bom_tubes_p50_ao15_am18_1_m25_ao15_am18_4,15,3,SATISFIED,5.1723,49295.0,48904.53
SAL-Ei-LM,bom_tubes_p50_ao15_am18_1_m25_ao15_am18_4,15,4,SATISFIED,5.1679,49295.0,49108.69
SAL-Ei-LM,bom_tubes_p50_ao15_am18_1_m25_ao15_am18_4,15,5,SATISFIED,5.1754,49295.0,48728.47
SAL-Ei-LM,bom_tubes_p50_ao15_am18_1_m25_ao15_am18_4,15,6,SATISFIED,5.1705,49295.0,48440.25
SAL-Ei-LM,bom_tubes_p50_ao15_am18_1_m25_ao15_am18_4,15,7,SATISFIED,5.1687,49295.0,49223.66
SAL-Ei-LM,bom_tubes_p50_ao15_am18_1_m25_ao15_am18_4,15,8,SATISFIED,5.1697,49295.0,49323.81
SAL-Ei-LM,bom_tubes_p50_ao15_am18_1_m25_ao15_am18_4,15,9,SATISFIED,5.1739,49295.0,49276.66
SAL-Ei-LM,bom_tubes_p50_ao15_am18_1_m25_ao15_am18_4,15,10,SATISFIED,5.1778,49295.0,50066.88
SAL-Ei-LM,bom_tubes_p50_ao15_am18_1_m25_ao15_am20_2,15,1,SATISFIED,5.2846,144390.0,42300.72
SAL-Ei-LM,bom_tubes_p50_ao15_am18_1_m25_ao15_am20_2,15,2,SATISFIED,5.1765,144356.0,42949.59
SAL-Ei-LM,bom_tubes_p50_ao15_am18_1_m25_ao15_am20_2,15,3,SATISFIED,5.1829,144394.0,43545.88
SAL-Ei-LM,bom_tubes_p50_ao15_am18_1_m25_ao15_am20_2,15,4,SATISFIED,5.1737,144396.0,43476.66
SAL-Ei-LM,bom_tubes_p50_ao15_am18_1_m25_ao15_am20_2,15,5,SATISFIED,5.1759,144446.0,43217.09
SAL-Ei-LM,bom_tubes_p50_ao15_am18_1_m25_ao15_am20_2,15,6,SATISFIED,5.1766,144360.0,44296.5
SAL-Ei-LM,bom_tubes_p50_ao15_am18_1_m25_ao15_am20_2,15,7,SATISFIED,5.1965,144348.0,44502.06
SAL-Ei-LM,bom_tubes_p50_ao15_am18_1_m25_ao15_am20_2,15,8,SATISFIED,5.1759,144430.0,44159.38
SAL-Ei-LM,bom_tubes_p50_ao15_am18_1_m25_ao15_am20_2,15,9,SATISFIED,5.1813,144346.0,44290.34
SAL-Ei-LM,bom_tubes_p50_ao15_am18_1_m25_ao15_am20_2,15,10,SATISFIED,5.1857,144404.0,44822.75
SAL-Ei-LM,bom_tubes_p50_ao15_am18_2,15,1,SATISFIED,5.1991,40300.0,58877.75
SAL-Ei-LM,bom_tubes_p50_ao15_am18_2,15,2,SATISFIED,5.1875,40300.0,55284.0
SAL-Ei-LM,bom_tubes_p50_ao15_am18_2,15,3,SATISFIED,5.2081,41088.0,57396.38
SAL-Ei-LM,bom_tubes_p50_ao15_am18_2,15,4,SATISFIED,5.2059,40216.0,59115.41
SAL-Ei-LM,bom_tubes_p50_ao15_am18_2,15,5,SATISFIED,5.2369,40312.0,60470.0
SAL-Ei-LM,bom_tubes_p50_ao15_am18_2,15,6,SATISFIED,5.1333,41064.0,58626.47
SAL-Ei-LM,bom_tubes_p50_ao15_am18_2,15,7,SATISFIED,5.1863,40504.0,58667.44
SAL-Ei-LM,bom_tubes_p50_ao15_am18_2,15,8,SATISFIED,5.1817,40216.0,58515.12
SAL-Ei-LM,bom_tubes_p50_ao15_am18_2,15,9,SATISFIED,5.197,41108.0,59259.97
SAL-Ei-LM,bom_tubes_p50_ao15_am18_2,15,10,SATISFIED,5.2712,40216.0,59045.91
SAL-Ei-LM,bom_tubes_p50_ao15_am18_2_m10_ao15_am9_1,15,1,SATISFIED,5.1834,56525.0,52750.12
SAL-Ei-LM,bom_tubes_p50_ao15_am18_2_m10_ao15_am9_1,15,2,SATISFIED,5.2147,56553.0,54586.12
SAL-Ei-LM,bom_tubes_p50_ao15_am18_2_m10_ao15_am9_1,15,3,SATISFIED,5.1916,56654.0,55729.59
SAL-Ei-LM,bom_tubes_p50_ao15_am18_2_m10_ao15_am9_1,15,4,SATISFIED,5.2059,56497.0,53654.47
SAL-Ei-LM,bom_tubes_p50_ao15_am18_2_m10_ao15_am9_1,15,5,SATISFIED,5.1853,56497.0,55386.16
SAL-Ei-LM,bom_tubes_p50_ao15_am18_2_m10_ao15_am9_1,15,6,SATISFIED,5.1846,56615.0,54832.47
SAL-Ei-LM,bom_tubes_p50_ao15_am18_2_m10_ao15_am9_1,15,7,SATISFIED,5.1974,56654.0,53515.06
SAL-Ei-LM,bom_tubes_p50_ao15_am18_2_m10_ao15_am9_1,15,8,SATISFIED,5.139,56729.0,54891.38
SAL-Ei-LM,bom_tubes_p50_ao15_am18_2_m10_ao15_am9_1,15,9,SATISFIED,5.1881,56615.0,55926.28
SAL-Ei-LM,bom_tubes_p50_ao15_am18_2_m10_ao15_am9_1,15,10,SATISFIED,5.202,56588.0,55007.69
SAL-Ei-LM,bom_tubes_p50_ao15_am18_2_m10_ao15_am9_3,15,1,SATISFIED,5.1811,22998.0,49194.16
SAL-Ei-LM,bom_tubes_p50_ao15_am18_2_m10_ao15_am9_3,15,2,SATISFIED,5.1238,22994.0,48899.03
SAL-Ei-LM,bom_tubes_p50_ao15_am18_2_m10_ao15_am9_3,15,3,SATISFIED,5.2227,22945.0,50471.28
SAL-Ei-LM,bom_tubes_p50_ao15_am18_2_m10_ao15_am9_3,15,4,SATISFIED,5.2181,23080.0,51099.09
SAL-Ei-LM,bom_tubes_p50_ao15_am18_2_m10_ao15_am9_3,15,5,SATISFIED,5.1992,22934.0,49882.84
SAL-Ei-LM,bom_tubes_p50_ao15_am18_2_m10_ao15_am9_3,15,6,SATISFIED,5.1965,22941.0,50220.75
SAL-Ei-LM,bom_tubes_p50_ao15_am18_2_m10_ao15_am9_3,15,7,SATISFIED,5.1973,22868.0,49269.62
SAL-Ei-LM,bom_tubes_p50_ao15_am18_2_m10_ao15_am9_3,15,8,SATISFIED,5.2766,22852.0,49855.66
SAL-Ei-LM,bom_tubes_p50_ao15_am18_2_m10_ao15_am9_3,15,9,SATISFIED,5.1705,23132.0,48352.44
SAL-Ei-LM,bom_tubes_p50_ao15_am18_2_m10_ao15_am9_3,15,10,SATISFIED,5.1703,23305.0,49288.56
SAL-Ei-LM,bom_tubes_p50_ao15_am18_2_m10_ao15_am9_4,15,1,SATISFIED,5.1802,20194.0,47390.31
SAL-Ei-LM,bom_tubes_p50_ao15_am18_2_m10_ao15_am9_4,15,2,SATISFIED,5.1849,20194.0,48545.56
SAL-Ei-LM,bom_tubes_p50_ao15_am18_2_m10_ao15_am9_4,15,3,SATISFIED,5.1833,20234.0,47967.16
SAL-Ei-LM,bom_tubes_p50_ao15_am18_2_m10_ao15_am9_4,15,4,SATISFIED,5.1837,20234.0,48104.0
SAL-Ei-LM,bom_tubes_p50_ao15_am18_2_m10_ao15_am9_4,15,5,SATISFIED,5.1907,20217.0,44020.09
SAL-Ei-LM,bom_tubes_p50_ao15_am18_2_m10_ao15_am9_4,15,6,SATISFIED,5.1882,20297.0,46426.88
SAL-Ei-LM,bom_tubes_p50_ao15_am18_2_m10_ao15_am9_4,15,7,SATISFIED,5.1737,20297.0,47276.88
SAL-Ei-LM,bom_tubes_p50_ao15_am18_2_m10_ao15_am9_4,15,8,SATISFIED,5.1751,20261.0,47594.75
SAL-Ei-LM,bom_tubes_p50_ao15_am18_2_m10_ao15_am9_4,15,9,SATISFIED,5.1833,20394.0,47608.75
SAL-Ei-LM,bom_tubes_p50_ao15_am18_2_m10_ao15_am9_4,15,10,SATISFIED,5.1812,20194.0,48070.22
SAL-Ei-LM,bom_tubes_p50_ao15_am18_2_m10_ao15_am10_2,15,1,SATISFIED,5.1832,138341.0,54092.0
SAL-Ei-LM,bom_tubes_p50_ao15_am18_2_m10_ao15_am10_2,15,2,SATISFIED,5.2084,138388.0,55349.59
SAL-Ei-LM,bom_tubes_p50_ao15_am18_2_m10_ao15_am10_2,15,3,SATISFIED,5.1205,138300.0,55981.5
SAL-Ei-LM,bom_tubes_p50_ao15_am18_2_m10_ao15_am10_2,15,4,SATISFIED,5.2249,138460.0,59155.94
SAL-Ei-LM,bom_tubes_p50_ao15_am18_2_m10_ao15_am10_2,15,5,SATISFIED,5.2096,138314.0,57672.22
SAL-Ei-LM,bom_tubes_p50_ao15_am18_2_m10_ao15_am10_2,15,6,SATISFIED,5.2195,138431.0,56389.06
SAL-Ei-LM,bom_tubes_p50_ao15_am18_2_m10_ao15_am10_2,15,7,SATISFIED,5.2097,138323.0,56750.56
SAL-Ei-LM,bom_tubes_p50_ao15_am18_2_m10_ao15_am10_2,15,8,SATISFIED,5.2178,138467.0,58006.88
SAL-Ei-LM,bom_tubes_p50_ao15_am18_2_m10_ao15_am10_2,15,9,SATISFIED,5.3487,138417.0,56590.88
SAL-Ei-LM,bom_tubes_p50_ao15_am18_2_m10_ao15_am10_2,15,10,SATISFIED,5.2251,138400.0,56357.81
SAL-Ei-LM,bom_tubes_p50_ao15_am18_2_m10_ao15_am10_5,15,1,SATISFIED,5.233,34717.0,53195.12
SAL-Ei-LM,bom_tubes_p50_ao15_am18_2_m10_ao15_am10_5,15,2,SATISFIED,5.2565,34572.0,51186.66
SAL-Ei-LM,bom_tubes_p50_ao15_am18_2_m10_ao15_am10_5,15,3,SATISFIED,5.2218,34879.0,50648.28
SAL-Ei-LM,bom_tubes_p50_ao15_am18_2_m10_ao15_am10_5,15,4,SATISFIED,5.2278,34701.0,51839.28
SAL-Ei-LM,bom_tubes_p50_ao15_am18_2_m10_ao15_am10_5,15,5,SATISFIED,5.2804,34761.0,49909.59
SAL-Ei-LM,bom_tubes_p50_ao15_am18_2_m10_ao15_am10_5,15,6,SATISFIED,5.217,34541.0,49589.06
SAL-Ei-LM,bom_tubes_p50_ao15_am18_2_m10_ao15_am10_5,15,7,SATISFIED,5.2226,34563.0,52990.31
SAL-Ei-LM,bom_tubes_p50_ao15_am18_2_m10_ao15_am10_5,15,8,SATISFIED,5.2494,34448.0,52289.75
SAL-Ei-LM,bom_tubes_p50_ao15_am18_2_m10_ao15_am10_5,15,9,SATISFIED,5.2343,34758.0,51467.06
SAL-Ei-LM,bom_tubes_p50_ao15_am18_2_m10_ao15_am10_5,15,10,SATISFIED,5.1669,34209.0,51189.41
SAL-Ei-LM,bom_tubes_p50_ao15_am18_2_m25_ao15_am12_3,15,1,SATISFIED,5.1686,26336.0,56365.25
SAL-Ei-LM,bom_tubes_p50_ao15_am18_2_m25_ao15_am12_3,15,2,SATISFIED,5.1727,26336.0,57232.28
SAL-Ei-LM,bom_tubes_p50_ao15_am18_2_m25_ao15_am12_3,15,3,SATISFIED,5.1685,26336.0,54586.06
SAL-Ei-LM,bom_tubes_p50_ao15_am18_2_m25_ao15_am12_3,15,4,SATISFIED,5.1729,26336.0,53221.5
SAL-Ei-LM,bom_tubes_p50_ao15_am18_2_m25_ao15_am12_3,15,5,SATISFIED,5.1725,26336.0,56307.94
SAL-Ei-LM,bom_tubes_p50_ao15_am18_2_m25_ao15_am12_3,15,6,SATISFIED,5.1681,26336.0,56106.16
SAL-Ei-LM,bom_tubes_p50_ao15_am18_2_m25_ao15_am12_3,15,7,SATISFIED,5.1769,26336.0,55395.41
SAL-Ei-LM,bom_tubes_p50_ao15_am18_2_m25_ao15_am12_3,15,8,SATISFIED,5.1342,26336.0,57724.91
SAL-Ei-LM,bom_tubes_p50_ao15_am18_2_m25_ao15_am12_3,15,9,SATISFIED,5.1731,26336.0,56237.62
SAL-Ei-LM,bom_tubes_p50_ao15_am18_2_m25_ao15_am12_3,15,10,SATISFIED,5.2384,26336.0,55052.12
SAL-Ei-LM,bom_tubes_p50_ao15_am18_2_m25_ao15_am16_5,15,1,SATISFIED,5.1678,34386.0,44983.66
SAL-Ei-LM,bom_tubes_p50_ao15_am18_2_m25_ao15_am16_5,15,2,SATISFIED,5.1728,34306.0,46302.69
SAL-Ei-LM,bom_tubes_p50_ao15_am18_2_m25_ao15_am16_5,15,3,SATISFIED,5.1691,34346.0,44927.31
SAL-Ei-LM,bom_tubes_p50_ao15_am18_2_m25_ao15_am16_5,15,4,SATISFIED,5.1699,34306.0,44605.59
SAL-Ei-LM,bom_tubes_p50_ao15_am18_2_m25_ao15_am16_5,15,5,SATISFIED,5.1744,34346.0,43972.25
SAL-Ei-LM,bom_tubes_p50_ao15_am18_2_m25_ao15_am16_5,15,6,SATISFIED,5.1728,34346.0,45663.69
SAL-Ei-LM,bom_tubes_p50_ao15_am18_2_m25_ao15_am16_5,15,7,SATISFIED,5.0992,34306.0,45718.81
SAL-Ei-LM,bom_tubes_p50_ao15_am18_2_m25_ao15_am16_5,15,8,SATISFIED,5.1774,34346.0,45128.34
SAL-Ei-LM,bom_tubes_p50_ao15_am18_2_m25_ao15_am16_5,15,9,SATISFIED,5.1867,34346.0,45169.28
SAL-Ei-LM,bom_tubes_p50_ao15_am18_2_m25_ao15_am16_5,15,10,SATISFIED,5.2003,34306.0,46569.06
SAL-Ei-LM,bom_tubes_p50_ao15_am18_2_m25_ao15_am17_1,15,1,SATISFIED,5.2063,30747.0,47407.66
SAL-Ei-LM,bom_tubes_p50_ao15_am18_2_m25_ao15_am17_1,15,2,SATISFIED,5.182,30890.0,47016.72
SAL-Ei-LM,bom_tubes_p50_ao15_am18_2_m25_ao15_am17_1,15,3,SATISFIED,5.1851,30610.0,48152.06
SAL-Ei-LM,bom_tubes_p50_ao15_am18_2_m25_ao15_am17_1,15,4,SATISFIED,5.1739,30523.0,48479.28
SAL-Ei-LM,bom_tubes_p50_ao15_am18_2_m25_ao15_am17_1,15,5,SATISFIED,5.174,30839.0,48615.38
SAL-Ei-LM,bom_tubes_p50_ao15_am18_2_m25_ao15_am17_1,15,6,SATISFIED,5.2921,30779.0,46312.94
SAL-Ei-LM,bom_tubes_p50_ao15_am18_2_m25_ao15_am17_1,15,7,SATISFIED,5.1168,30871.0,46557.28
SAL-Ei-LM,bom_tubes_p50_ao15_am18_2_m25_ao15_am17_1,15,8,SATISFIED,5.1746,30830.0,47045.19
SAL-Ei-LM,bom_tubes_p50_ao15_am18_2_m25_ao15_am17_1,15,9,SATISFIED,5.1794,30750.0,46970.22
SAL-Ei-LM,bom_tubes_p50_ao15_am18_2_m25_ao15_am17_1,15,10,SATISFIED,5.177,30999.0,46952.28
SAL-Ei-LM,bom_tubes_p50_ao15_am18_2_m25_ao15_am17_2,15,1,SATISFIED,5.2326,24873.0,48261.31
SAL-Ei-LM,bom_tubes_p50_ao15_am18_2_m25_ao15_am17_2,15,2,SATISFIED,5.2257,24896.0,47690.81
SAL-Ei-LM,bom_tubes_p50_ao15_am18_2_m25_ao15_am17_2,15,3,SATISFIED,5.1541,24760.0,47519.62
SAL-Ei-LM,bom_tubes_p50_ao15_am18_2_m25_ao15_am17_2,15,4,SATISFIED,5.2093,24784.0,46037.31
SAL-Ei-LM,bom_tubes_p50_ao15_am18_2_m25_ao15_am17_2,15,5,SATISFIED,5.2301,24908.0,45457.75
SAL-Ei-LM,bom_tubes_p50_ao15_am18_2_m25_ao15_am17_2,15,6,SATISFIED,5.198,24806.0,46696.59
SAL-Ei-LM,bom_tubes_p50_ao15_am18_2_m25_ao15_am17_2,15,7,SATISFIED,5.1929,24833.0,46616.25
SAL-Ei-LM,bom_tubes_p50_ao15_am18_2_m25_ao15_am17_2,15,8,SATISFIED,5.236,24923.0,46262.56
SAL-Ei-LM,bom_tubes_p50_ao15_am18_2_m25_ao15_am17_2,15,9,SATISFIED,5.2148,24814.0,46373.62
SAL-Ei-LM,bom_tubes_p50_ao15_am18_2_m25_ao15_am17_2,15,10,SATISFIED,5.2041,24899.0,45244.41
SAL-Ei-LM,bom_tubes_p50_ao15_am18_2_m25_ao15_am18_4,15,1,SATISFIED,5.199,46845.0,43909.66
SAL-Ei-LM,bom_tubes_p50_ao15_am18_2_m25_ao15_am18_4,15,2,SATISFIED,5.1894,46867.0,44601.19
SAL-Ei-LM,bom_tubes_p50_ao15_am18_2_m25_ao15_am18_4,15,3,SATISFIED,5.2487,46854.0,45895.78
SAL-Ei-LM,bom_tubes_p50_ao15_am18_2_m25_ao15_am18_4,15,4,SATISFIED,5.1787,46854.0,45551.31
SAL-Ei-LM,bom_tubes_p50_ao15_am18_2_m25_ao15_am18_4,15,5,SATISFIED,5.2059,46845.0,46126.44
SAL-Ei-LM,bom_tubes_p50_ao15_am18_2_m25_ao15_am18_4,15,6,SATISFIED,5.2007,46845.0,45904.25
SAL-Ei-LM,bom_tubes_p50_ao15_am18_2_m25_ao15_am18_4,15,7,SATISFIED,5.204,46845.0,45703.88
SAL-Ei-LM,bom_tubes_p50_ao15_am18_2_m25_ao15_am18_4,15,8,SATISFIED,5.1926,46845.0,45931.94
SAL-Ei-LM,bom_tubes_p50_ao15_am18_2_m25_ao15_am18_4,15,9,SATISFIED,5.2143,46867.0,46138.56
SAL-Ei-LM,bom_tubes_p50_ao15_am18_2_m25_ao15_am18_4,15,10,SATISFIED,5.1744,46845.0,47468.78
SAL-Ei-LM,bom_tubes_p50_ao15_am18_3,15,1,SATISFIED,5.184,344784.0,53529.09
SAL-Ei-LM,bom_tubes_p50_ao15_am18_3,15,2,SATISFIED,5.1946,344684.0,53821.34
SAL-Ei-LM,bom_tubes_p50_ao15_am18_3,15,3,SATISFIED,5.1992,344192.0,52693.09
SAL-Ei-LM,bom_tubes_p50_ao15_am18_3,15,4,SATISFIED,5.2038,344480.0,52266.09
SAL-Ei-LM,bom_tubes_p50_ao15_am18_3,15,5,SATISFIED,5.1887,344516.0,53519.12
SAL-Ei-LM,bom_tubes_p50_ao15_am18_3,15,6,SATISFIED,5.1873,344836.0,53523.34
SAL-Ei-LM,bom_tubes_p50_ao15_am18_3,15,7,SATISFIED,5.1991,344552.0,52895.72
SAL-Ei-LM,bom_tubes_p50_ao15_am18_3,15,8,SATISFIED,5.1979,344752.0,53520.44
SAL-Ei-LM,bom_tubes_p50_ao15_am18_3,15,9,SATISFIED,5.3362,344728.0,54031.97
SAL-Ei-LM,bom_tubes_p50_ao15_am18_3,15,10,SATISFIED,5.2133,344580.0,52210.81
SAL-Ei-LM,bom_tubes_p50_ao15_am18_3_m10_ao15_am8_1,15,1,SATISFIED,5.1856,97733.0,50488.59
SAL-Ei-LM,bom_tubes_p50_ao15_am18_3_m10_ao15_am8_1,15,2,SATISFIED,5.1687,98456.0,48854.03
SAL-Ei-LM,bom_tubes_p50_ao15_am18_3_m10_ao15_am8_1,15,3,SATISFIED,5.1995,98401.0,47575.91
SAL-Ei-LM,bom_tubes_p50_ao15_am18_3_m10_ao15_am8_1,15,4,SATISFIED,5.1878,97403.0,50592.34
SAL-Ei-LM,bom_tubes_p50_ao15_am18_3_m10_ao15_am8_1,15,5,SATISFIED,5.1897,99518.0,50455.0
SAL-Ei-LM,bom_tubes_p50_ao15_am18_3_m10_ao15_am8_1,15,6,SATISFIED,5.1999,98780.0,51057.59
SAL-Ei-LM,bom_tubes_p50_ao15_am18_3_m10_ao15_am8_1,15,7,SATISFIED,5.1977,98501.0,51590.66
SAL-Ei-LM,bom_tubes_p50_ao15_am18_3_m10_ao15_am8_1,15,8,SATISFIED,5.1958,98366.0,52064.44
SAL-Ei-LM,bom_tubes_p50_ao15_am18_3_m10_ao15_am8_1,15,9,SATISFIED,5.1898,97642.0,51433.09
SAL-Ei-LM,bom_tubes_p50_ao15_am18_3_m10_ao15_am8_1,15,10,SATISFIED,5.2007,97330.0,51566.66
SAL-Ei-LM,bom_tubes_p50_ao15_am18_3_m10_ao15_am9_2,15,1,SATISFIED,5.1726,178379.0,49498.81
SAL-Ei-LM,bom_tubes_p50_ao15_am18_3_m10_ao15_am9_2,15,2,SATISFIED,5.1754,177896.0,50022.09
SAL-Ei-LM,bom_tubes_p50_ao15_am18_3_m10_ao15_am9_2,15,3,SATISFIED,5.2045,178339.0,49194.19
SAL-Ei-LM,bom_tubes_p50_ao15_am18_3_m10_ao15_am9_2,15,4,SATISFIED,5.211,178020.0,50990.53
SAL-Ei-LM,bom_tubes_p50_ao15_am18_3_m10_ao15_am9_2,15,5,SATISFIED,5.2205,177380.0,49546.03
SAL-Ei-LM,bom_tubes_p50_ao15_am18_3_m10_ao15_am9_2,15,6,SATISFIED,5.1963,177499.0,50713.72
SAL-Ei-LM,bom_tubes_p50_ao15_am18_3_m10_ao15_am9_2,15,7,SATISFIED,5.2019,177549.0,50602.22
SAL-Ei-LM,bom_tubes_p50_ao15_am18_3_m10_ao15_am9_2,15,8,SATISFIED,5.1911,177769.0,51826.62
SAL-Ei-LM,bom_tubes_p50_ao15_am18_3_m10_ao15_am9_2,15,9,SATISFIED,5.1861,178171.0,50752.59
SAL-Ei-LM,bom_tubes_p50_ao15_am18_3_m10_ao15_am9_2,15,10,SATISFIED,5.1884,177680.0,49255.31
SAL-Ei-LM,bom_tubes_p50_ao15_am18_3_m10_ao15_am10_3,15,1,SATISFIED,5.1837,181693.0,44585.25
SAL-Ei-LM,bom_tubes_p50_ao15_am18_3_m10_ao15_am10_3,15,2,SATISFIED,5.1861,181912.0,45355.12
SAL-Ei-LM,bom_tubes_p50_ao15_am18_3_m10_ao15_am10_3,15,3,SATISFIED,5.1833,181788.0,44616.91
SAL-Ei-LM,bom_tubes_p50_ao15_am18_3_m10_ao15_am10_3,15,4,SATISFIED,5.3096,181821.0,45063.91
SAL-Ei-LM,bom_tubes_p50_ao15_am18_3_m10_ao15_am10_3,15,5,SATISFIED,5.1717,181858.0,44015.97
SAL-Ei-LM,bom_tubes_p50_ao15_am18_3_m10_ao15_am10_3,15,6,SATISFIED,5.1702,181824.0,45683.38
SAL-Ei-LM,bom_tubes_p50_ao15_am18_3_m10_ao15_am10_3,15,7,SATISFIED,5.1827,181795.0,45041.53
SAL-Ei-LM,bom_tubes_p50_ao15_am18_3_m10_ao15_am10_3,15,8,SATISFIED,5.1686,181928.0,44077.31
SAL-Ei-LM,bom_tubes_p50_ao15_am18_3_m10_ao15_am10_3,15,9,SATISFIED,5.1746,181768.0,45741.19
SAL-Ei-LM,bom_tubes_p50_ao15_am18_3_m10_ao15_am10_3,15,10,SATISFIED,5.1382,181783.0,45308.59
SAL-Ei-LM,bom_tubes_p50_ao15_am18_3_m10_ao15_am10_4,15,1,SATISFIED,5.1743,151344.0,47887.34
SAL-Ei-LM,bom_tubes_p50_ao15_am18_3_m10_ao15_am10_4,15,2,SATISFIED,5.1739,150903.0,46136.75
SAL-Ei-LM,bom_tubes_p50_ao15_am18_3_m10_ao15_am10_4,15,3,SATISFIED,5.1786,151462.0,46809.94
SAL-Ei-LM,bom_tubes_p50_ao15_am18_3_m10_ao15_am10_4,15,4,SATISFIED,5.1884,151434.0,46979.72
SAL-Ei-LM,bom_tubes_p50_ao15_am18_3_m10_ao15_am10_4,15,5,SATISFIED,5.188,150827.0,47471.28
SAL-Ei-LM,bom_tubes_p50_ao15_am18_3_m10_ao15_am10_4,15,6,SATISFIED,5.1867,150764.0,45543.72
SAL-Ei-LM,bom_tubes_p50_ao15_am18_3_m10_ao15_am10_4,15,7,SATISFIED,5.1774,151430.0,45920.72
SAL-Ei-LM,bom_tubes_p50_ao15_am18_3_m10_ao15_am10_4,15,8,SATISFIED,5.1832,150917.0,46774.16
SAL-Ei-LM,bom_tubes_p50_ao15_am18_3_m10_ao15_am10_4,15,9,SATISFIED,5.1955,151434.0,46437.5
SAL-Ei-LM,bom_tubes_p50_ao15_am18_3_m10_ao15_am10_4,15,10,SATISFIED,5.1783,151484.0,47364.47
SAL-Ei-LM,bom_tubes_p50_ao15_am18_3_m10_ao15_am10_5,15,1,SATISFIED,5.1853,144332.0,63878.0
SAL-Ei-LM,bom_tubes_p50_ao15_am18_3_m10_ao15_am10_5,15,2,SATISFIED,5.1915,142069.0,63510.94
SAL-Ei-LM,bom_tubes_p50_ao15_am18_3_m10_ao15_am10_5,15,3,SATISFIED,5.1804,141305.0,62862.69
SAL-Ei-LM,bom_tubes_p50_ao15_am18_3_m10_ao15_am10_5,15,4,SATISFIED,5.1727,142421.0,62346.19
SAL-Ei-LM,bom_tubes_p50_ao15_am18_3_m10_ao15_am10_5,15,5,SATISFIED,5.2574,143294.0,62735.69
SAL-Ei-LM,bom_tubes_p50_ao15_am18_3_m10_ao15_am10_5,15,6,SATISFIED,5.1961,142598.0,62544.16
SAL-Ei-LM,bom_tubes_p50_ao15_am18_3_m10_ao15_am10_5,15,7,SATISFIED,5.193,142566.0,62780.38
SAL-Ei-LM,bom_tubes_p50_ao15_am18_3_m10_ao15_am10_5,15,8,SATISFIED,5.1867,141378.0,64871.72
SAL-Ei-LM,bom_tubes_p50_ao15_am18_3_m10_ao15_am10_5,15,9,SATISFIED,5.1841,142521.0,64204.62
SAL-Ei-LM,bom_tubes_p50_ao15_am18_3_m10_ao15_am10_5,15,10,SATISFIED,5.1824,141277.0,63126.09
SAL-Ei-LM,bom_tubes_p50_ao15_am18_3_m25_ao15_am15_5,15,1,SATISFIED,5.1904,175685.0,45898.88
SAL-Ei-LM,bom_tubes_p50_ao15_am18_3_m25_ao15_am15_5,15,2,SATISFIED,5.1918,175205.0,46266.0
SAL-Ei-LM,bom_tubes_p50_ao15_am18_3_m25_ao15_am15_5,15,3,SATISFIED,5.1897,175943.0,44688.0
SAL-Ei-LM,bom_tubes_p50_ao15_am18_3_m25_ao15_am15_5,15,4,SATISFIED,5.1145,176087.0,46147.34
SAL-Ei-LM,bom_tubes_p50_ao15_am18_3_m25_ao15_am15_5,15,5,SATISFIED,5.1896,175503.0,46193.09
SAL-Ei-LM,bom_tubes_p50_ao15_am18_3_m25_ao15_am15_5,15,6,SATISFIED,5.1204,175214.0,47036.78
SAL-Ei-LM,bom_tubes_p50_ao15_am18_3_m25_ao15_am15_5,15,7,SATISFIED,5.1921,175592.0,46131.56
SAL-Ei-LM,bom_tubes_p50_ao15_am18_3_m25_ao15_am15_5,15,8,SATISFIED,5.1974,176547.0,47467.25
SAL-Ei-LM,bom_tubes_p50_ao15_am18_3_m25_ao15_am15_5,15,9,SATISFIED,5.1958,176149.0,45986.12
SAL-Ei-LM,bom_tubes_p50_ao15_am18_3_m25_ao15_am15_5,15,10,SATISFIED,5.1836,175320.0,45798.72
SAL-Ei-LM,bom_tubes_p50_ao15_am18_3_m25_ao15_am17_1,15,1,SATISFIED,5.1722,288852.0,46107.81
SAL-Ei-LM,bom_tubes_p50_ao15_am18_3_m25_ao15_am17_1,15,2,SATISFIED,5.2909,288904.0,46588.44
SAL-Ei-LM,bom_tubes_p50_ao15_am18_3_m25_ao15_am17_1,15,3,SATISFIED,5.1814,288892.0,44197.09
SAL-Ei-LM,bom_tubes_p50_ao15_am18_3_m25_ao15_am17_1,15,4,SATISFIED,5.1822,288764.0,45274.22
SAL-Ei-LM,bom_tubes_p50_ao15_am18_3_m25_ao15_am17_1,15,5,SATISFIED,5.1826,288854.0,46942.5
SAL-Ei-LM,bom_tubes_p50_ao15_am18_3_m25_ao15_am17_1,15,6,SATISFIED,5.1783,288680.0,46694.59
SAL-Ei-LM,bom_tubes_p50_ao15_am18_3_m25_ao15_am17_1,15,7,SATISFIED,5.1779,288552.0,46258.53
SAL-Ei-LM,bom_tubes_p50_ao15_am18_3_m25_ao15_am17_1,15,8,SATISFIED,5.1784,288802.0,45410.38
SAL-Ei-LM,bom_tubes_p50_ao15_am18_3_m25_ao15_am17_1,15,9,SATISFIED,5.1738,288644.0,44379.84
SAL-Ei-LM,bom_tubes_p50_ao15_am18_3_m25_ao15_am17_1,15,10,SATISFIED,5.1957,288686.0,45845.62
SAL-Ei-LM,bom_tubes_p50_ao15_am18_3_m25_ao15_am17_2,15,1,SATISFIED,5.1879,40194.0,44435.59
SAL-Ei-LM,bom_tubes_p50_ao15_am18_3_m25_ao15_am17_2,15,2,SATISFIED,5.189,40470.0,43487.75
SAL-Ei-LM,bom_tubes_p50_ao15_am18_3_m25_ao15_am17_2,15,3,SATISFIED,5.1777,40473.0,43503.56
SAL-Ei-LM,bom_tubes_p50_ao15_am18_3_m25_ao15_am17_2,15,4,SATISFIED,5.1822,40404.0,43242.81
SAL-Ei-LM,bom_tubes_p50_ao15_am18_3_m25_ao15_am17_2,15,5,SATISFIED,5.2008,40390.0,43104.62
SAL-Ei-LM,bom_tubes_p50_ao15_am18_3_m25_ao15_am17_2,15,6,SATISFIED,5.1072,40479.0,44131.53
SAL-Ei-LM,bom_tubes_p50_ao15_am18_3_m25_ao15_am17_2,15,7,SATISFIED,5.1658,40320.0,45073.66
SAL-Ei-LM,bom_tubes_p50_ao15_am18_3_m25_ao15_am17_2,15,8,SATISFIED,5.1681,40200.0,44104.44
SAL-Ei-LM,bom_tubes_p50_ao15_am18_3_m25_ao15_am17_2,15,9,SATISFIED,5.2232,40296.0,43688.97
SAL-Ei-LM,bom_tubes_p50_ao15_am18_3_m25_ao15_am17_2,15,10,SATISFIED,5.1656,39995.0,44513.94
SAL-Ei-LM,bom_tubes_p50_ao15_am18_3_m25_ao15_am17_3,15,1,SATISFIED,5.1718,102888.0,52586.84
SAL-Ei-LM,bom_tubes_p50_ao15_am18_3_m25_ao15_am17_3,15,2,SATISFIED,5.1693,102886.0,52570.25
SAL-Ei-LM,bom_tubes_p50_ao15_am18_3_m25_ao15_am17_3,15,3,SATISFIED,5.1753,102890.0,51071.34
SAL-Ei-LM,bom_tubes_p50_ao15_am18_3_m25_ao15_am17_3,15,4,SATISFIED,5.1678,102886.0,50793.88
SAL-Ei-LM,bom_tubes_p50_ao15_am18_3_m25_ao15_am17_3,15,5,SATISFIED,5.1742,102890.0,52576.62
SAL-Ei-LM,bom_tubes_p50_ao15_am18_3_m25_ao15_am17_3,15,6,SATISFIED,5.1699,102868.0,50350.41
SAL-Ei-LM,bom_tubes_p50_ao15_am18_3_m25_ao15_am17_3,15,7,SATISFIED,5.1705,102890.0,51672.53
SAL-Ei-LM,bom_tubes_p50_ao15_am18_3_m25_ao15_am17_3,15,8,SATISFIED,5.1706,102886.0,51432.28
SAL-Ei-LM,bom_tubes_p50_ao15_am18_3_m25_ao15_am17_3,15,9,SATISFIED,5.1727,102886.0,52089.91
SAL-Ei-LM,bom_tubes_p50_ao15_am18_3_m25_ao15_am17_3,15,10,SATISFIED,5.1696,102886.0,50873.62
SAL-Ei-LM,bom_tubes_p50_ao15_am18_3_m25_ao15_am17_4,15,1,SATISFIED,5.1757,228969.0,49547.69
SAL-Ei-LM,bom_tubes_p50_ao15_am18_3_m25_ao15_am17_4,15,2,SATISFIED,5.1835,228852.0,50018.72
SAL-Ei-LM,bom_tubes_p50_ao15_am18_3_m25_ao15_am17_4,15,3,SATISFIED,5.1722,228183.0,51672.09
SAL-Ei-LM,bom_tubes_p50_ao15_am18_3_m25_ao15_am17_4,15,4,SATISFIED,5.168,232210.0,51628.59
SAL-Ei-LM,bom_tubes_p50_ao15_am18_3_m25_ao15_am17_4,15,5,SATISFIED,5.2671,228449.0,53279.78
SAL-Ei-LM,bom_tubes_p50_ao15_am18_3_m25_ao15_am17_4,15,6,SATISFIED,5.174,230902.0,51360.69
SAL-Ei-LM,bom_tubes_p50_ao15_am18_3_m25_ao15_am17_4,15,7,SATISFIED,5.1096,233694.0,53172.16
SAL-Ei-LM,bom_tubes_p50_ao15_am18_3_m25_ao15_am17_4,15,8,SATISFIED,5.1165,230096.0,52816.66
SAL-Ei-LM,bom_tubes_p50_ao15_am18_3_m25_ao15_am17_4,15,9,SATISFIED,5.1782,230841.0,51937.22
SAL-Ei-LM,bom_tubes_p50_ao15_am18_3_m25_ao15_am17_4,15,10,SATISFIED,5.1986,229120.0,50752.75
SAL-Ei-LM,bom_tubes_p50_ao15_am18_4,15,1,SATISFIED,5.1775,60720.0,50778.0
SAL-Ei-LM,bom_tubes_p50_ao15_am18_4,15,2,SATISFIED,5.1868,60584.0,51635.16
SAL-Ei-LM,bom_tubes_p50_ao15_am18_4,15,3,SATISFIED,5.1853,60664.0,50392.09
SAL-Ei-LM,bom_tubes_p50_ao15_am18_4,15,4,SATISFIED,5.2019,60388.0,50177.38
SAL-Ei-LM,bom_tubes_p50_ao15_am18_4,15,5,SATISFIED,5.2426,61002.0,49947.62
SAL-Ei-LM,bom_tubes_p50_ao15_am18_4,15,6,SATISFIED,5.1927,60872.0,50629.59
SAL-Ei-LM,bom_tubes_p50_ao15_am18_4,15,7,SATISFIED,5.1965,60580.0,50349.91
SAL-Ei-LM,bom_tubes_p50_ao15_am18_4,15,8,SATISFIED,5.2026,61003.0,50088.69
SAL-Ei-LM,bom_tubes_p50_ao15_am18_4,15,9,SATISFIED,5.1986,60840.0,51351.59
SAL-Ei-LM,bom_tubes_p50_ao15_am18_4,15,10,SATISFIED,5.1787,60764.0,51369.06
SAL-Ei-LM,bom_tubes_p50_ao15_am18_4_m10_ao15_am8_1,15,1,SATISFIED,5.1765,67329.0,47337.59
SAL-Ei-LM,bom_tubes_p50_ao15_am18_4_m10_ao15_am8_1,15,2,SATISFIED,5.2539,67188.0,47477.75
SAL-Ei-LM,bom_tubes_p50_ao15_am18_4_m10_ao15_am8_1,15,3,SATISFIED,5.1663,67107.0,48360.5
SAL-Ei-LM,bom_tubes_p50_ao15_am18_4_m10_ao15_am8_1,15,4,SATISFIED,5.1797,67446.0,49489.94
SAL-Ei-LM,bom_tubes_p50_ao15_am18_4_m10_ao15_am8_1,15,5,SATISFIED,5.1733,67270.0,47579.47
SAL-Ei-LM,bom_tubes_p50_ao15_am18_4_m10_ao15_am8_1,15,6,SATISFIED,5.1741,67383.0,49127.16
SAL-Ei-LM,bom_tubes_p50_ao15_am18_4_m10_ao15_am8_1,15,7,SATISFIED,5.179,67000.0,47760.84
SAL-Ei-LM,bom_tubes_p50_ao15_am18_4_m10_ao15_am8_1,15,8,SATISFIED,5.1741,67313.0,49528.25
SAL-Ei-LM,bom_tubes_p50_ao15_am18_4_m10_ao15_am8_1,15,9,SATISFIED,5.1768,67222.0,49341.62
SAL-Ei-LM,bom_tubes_p50_ao15_am18_4_m10_ao15_am8_1,15,10,SATISFIED,5.1752,67277.0,47902.69
SAL-Ei-LM,bom_tubes_p50_ao15_am18_4_m10_ao15_am9_2,15,1,SATISFIED,5.1753,119500.0,53698.38
SAL-Ei-LM,bom_tubes_p50_ao15_am18_4_m10_ao15_am9_2,15,2,SATISFIED,5.1833,119500.0,53301.72
SAL-Ei-LM,bom_tubes_p50_ao15_am18_4_m10_ao15_am9_2,15,3,SATISFIED,5.1854,119500.0,53478.38
SAL-Ei-LM,bom_tubes_p50_ao15_am18_4_m10_ao15_am9_2,15,4,SATISFIED,5.1783,119500.0,55641.12
SAL-Ei-LM,bom_tubes_p50_ao15_am18_4_m10_ao15_am9_2,15,5,SATISFIED,5.1832,119500.0,54035.94
SAL-Ei-LM,bom_tubes_p50_ao15_am18_4_m10_ao15_am9_2,15,6,SATISFIED,5.1648,119500.0,54831.16
SAL-Ei-LM,bom_tubes_p50_ao15_am18_4_m10_ao15_am9_2,15,7,SATISFIED,5.1995,119500.0,55347.88
SAL-Ei-LM,bom_tubes_p50_ao15_am18_4_m10_ao15_am9_2,15,8,SATISFIED,5.1913,119500.0,53443.09
SAL-Ei-LM,bom_tubes_p50_ao15_am18_4_m10_ao15_am9_2,15,9,SATISFIED,5.1907,119500.0,53007.44
SAL-Ei-LM,bom_tubes_p50_ao15_am18_4_m10_ao15_am9_2,15,10,SATISFIED,5.186,119500.0,53710.53
SAL-Ei-LM,bom_tubes_p50_ao15_am18_4_m10_ao15_am9_5,15,1,SATISFIED,5.1823,102493.0,48198.47
SAL-Ei-LM,bom_tubes_p50_ao15_am18_4_m10_ao15_am9_5,15,2,SATISFIED,5.2673,102493.0,47688.09
SAL-Ei-LM,bom_tubes_p50_ao15_am18_4_m10_ao15_am9_5,15,3,SATISFIED,5.181,102493.0,47831.5
SAL-Ei-LM,bom_tubes_p50_ao15_am18_4_m10_ao15_am9_5,15,4,SATISFIED,5.1799,102493.0,48034.34
SAL-Ei-LM,bom_tubes_p50_ao15_am18_4_m10_ao15_am9_5,15,5,SATISFIED,5.1827,102493.0,46133.78
SAL-Ei-LM,bom_tubes_p50_ao15_am18_4_m10_ao15_am9_5,15,6,SATISFIED,5.1769,102493.0,48454.22
SAL-Ei-LM,bom_tubes_p50_ao15_am18_4_m10_ao15_am9_5,15,7,SATISFIED,5.1735,102493.0,48957.31
SAL-Ei-LM,bom_tubes_p50_ao15_am18_4_m10_ao15_am9_5,15,8,SATISFIED,5.1762,102493.0,46498.31
SAL-Ei-LM,bom_tubes_p50_ao15_am18_4_m10_ao15_am9_5,15,9,SATISFIED,5.1716,102493.0,46647.44
SAL-Ei-LM,bom_tubes_p50_ao15_am18_4_m10_ao15_am9_5,15,10,SATISFIED,5.1754,102493.0,47460.53
SAL-Ei-LM,bom_tubes_p50_ao15_am18_4_m10_ao15_am10_3,15,1,SATISFIED,5.1731,59838.0,44491.78
SAL-Ei-LM,bom_tubes_p50_ao15_am18_4_m10_ao15_am10_3,15,2,SATISFIED,5.1695,59838.0,44304.19
SAL-Ei-LM,bom_tubes_p50_ao15_am18_4_m10_ao15_am10_3,15,3,SATISFIED,5.1819,59918.0,43461.75
SAL-Ei-LM,bom_tubes_p50_ao15_am18_4_m10_ao15_am10_3,15,4,SATISFIED,5.1819,59798.0,41388.06
SAL-Ei-LM,bom_tubes_p50_ao15_am18_4_m10_ao15_am10_3,15,5,SATISFIED,5.1801,59838.0,42402.81
SAL-Ei-LM,bom_tubes_p50_ao15_am18_4_m10_ao15_am10_3,15,6,SATISFIED,5.1784,59838.0,43424.66
SAL-Ei-LM,bom_tubes_p50_ao15_am18_4_m10_ao15_am10_3,15,7,SATISFIED,5.1237,59998.0,45020.97
SAL-Ei-LM,bom_tubes_p50_ao15_am18_4_m10_ao15_am10_3,15,8,SATISFIED,5.1775,59638.0,44201.28
SAL-Ei-LM,bom_tubes_p50_ao15_am18_4_m10_ao15_am10_3,15,9,SATISFIED,5.1716,59958.0,44756.78
SAL-Ei-LM,bom_tubes_p50_ao15_am18_4_m10_ao15_am10_3,15,10,SATISFIED,5.1821,59718.0,43258.09
SAL-Ei-LM,bom_tubes_p50_ao15_am18_4_m10_ao15_am10_4,15,1,SATISFIED,5.1801,127916.0,44955.06
SAL-Ei-LM,bom_tubes_p50_ao15_am18_4_m10_ao15_am10_4,15,2,SATISFIED,5.1784,127940.0,44991.88
SAL-Ei-LM,bom_tubes_p50_ao15_am18_4_m10_ao15_am10_4,15,3,SATISFIED,5.2583,127858.0,45017.25
SAL-Ei-LM,bom_tubes_p50_ao15_am18_4_m10_ao15_am10_4,15,4,SATISFIED,5.1675,127938.0,44332.94
SAL-Ei-LM,bom_tubes_p50_ao15_am18_4_m10_ao15_am10_4,15,5,SATISFIED,5.1295,128312.0,43998.72
SAL-Ei-LM,bom_tubes_p50_ao15_am18_4_m10_ao15_am10_4,15,6,SATISFIED,5.113,127728.0,44325.75
SAL-Ei-LM,bom_tubes_p50_ao15_am18_4_m10_ao15_am10_4,15,7,SATISFIED,5.1806,128230.0,44945.41
SAL-Ei-LM,bom_tubes_p50_ao15_am18_4_m10_ao15_am10_4,15,8,SATISFIED,5.1806,128036.0,44673.69
SAL-Ei-LM,bom_tubes_p50_ao15_am18_4_m10_ao15_am10_4,15,9,SATISFIED,5.1694,128096.0,45092.66
SAL-Ei-LM,bom_tubes_p50_ao15_am18_4_m10_ao15_am10_4,15,10,SATISFIED,5.1776,127848.0,45301.16
SAL-Ei-LM,bom_tubes_p50_ao15_am18_4_m25_ao15_am14_4,15,1,SATISFIED,5.1169,50424.0,53000.34
SAL-Ei-LM,bom_tubes_p50_ao15_am18_4_m25_ao15_am14_4,15,2,SATISFIED,5.1828,50302.0,53455.53
SAL-Ei-LM,bom_tubes_p50_ao15_am18_4_m25_ao15_am14_4,15,3,SATISFIED,5.1517,50541.0,51629.94
SAL-Ei-LM,bom_tubes_p50_ao15_am18_4_m25_ao15_am14_4,15,4,SATISFIED,5.1819,50361.0,53554.25
SAL-Ei-LM,bom_tubes_p50_ao15_am18_4_m25_ao15_am14_4,15,5,SATISFIED,5.199,50337.0,52611.47
SAL-Ei-LM,bom_tubes_p50_ao15_am18_4_m25_ao15_am14_4,15,6,SATISFIED,5.2052,50410.0,53119.5
SAL-Ei-LM,bom_tubes_p50_ao15_am18_4_m25_ao15_am14_4,15,7,SATISFIED,5.1889,50673.0,50217.19
SAL-Ei-LM,bom_tubes_p50_ao15_am18_4_m25_ao15_am14_4,15,8,SATISFIED,5.1918,50640.0,52268.75
SAL-Ei-LM,bom_tubes_p50_ao15_am18_4_m25_ao15_am14_4,15,9,SATISFIED,5.19,50421.0,53372.81
SAL-Ei-LM,bom_tubes_p50_ao15_am18_4_m25_ao15_am14_4,15,10,SATISFIED,5.1827,50104.0,53382.38
SAL-Ei-LM,bom_tubes_p50_ao15_am18_4_m25_ao15_am15_3,15,1,SATISFIED,5.181,142621.0,56701.66
SAL-Ei-LM,bom_tubes_p50_ao15_am18_4_m25_ao15_am15_3,15,2,SATISFIED,5.2039,142621.0,57563.69
SAL-Ei-LM,bom_tubes_p50_ao15_am18_4_m25_ao15_am15_3,15,3,SATISFIED,5.1732,142621.0,55967.94
SAL-Ei-LM,bom_tubes_p50_ao15_am18_4_m25_ao15_am15_3,15,4,SATISFIED,5.1773,142621.0,56078.19
SAL-Ei-LM,bom_tubes_p50_ao15_am18_4_m25_ao15_am15_3,15,5,SATISFIED,5.1782,142621.0,55741.28
SAL-Ei-LM,bom_tubes_p50_ao15_am18_4_m25_ao15_am15_3,15,6,SATISFIED,5.1746,142621.0,55555.62
SAL-Ei-LM,bom_tubes_p50_ao15_am18_4_m25_ao15_am15_3,15,7,SATISFIED,5.1924,142621.0,55765.41
SAL-Ei-LM,bom_tubes_p50_ao15_am18_4_m25_ao15_am15_3,15,8,SATISFIED,5.1793,142621.0,56097.06
SAL-Ei-LM,bom_tubes_p50_ao15_am18_4_m25_ao15_am15_3,15,9,SATISFIED,5.1924,142621.0,55177.06
SAL-Ei-LM,bom_tubes_p50_ao15_am18_4_m25_ao15_am15_3,15,10,SATISFIED,5.1742,142621.0,57695.53
SAL-Ei-LM,bom_tubes_p50_ao15_am18_4_m25_ao15_am15_5,15,1,SATISFIED,5.1845,83148.0,45751.97
SAL-Ei-LM,bom_tubes_p50_ao15_am18_4_m25_ao15_am15_5,15,2,SATISFIED,5.1848,83148.0,47579.38
SAL-Ei-LM,bom_tubes_p50_ao15_am18_4_m25_ao15_am15_5,15,3,SATISFIED,5.1802,83148.0,47568.91
SAL-Ei-LM,bom_tubes_p50_ao15_am18_4_m25_ao15_am15_5,15,4,SATISFIED,5.1723,82608.0,47579.81
SAL-Ei-LM,bom_tubes_p50_ao15_am18_4_m25_ao15_am15_5,15,5,SATISFIED,5.1516,83148.0,47020.72
SAL-Ei-LM,bom_tubes_p50_ao15_am18_4_m25_ao15_am15_5,15,6,SATISFIED,5.1672,82868.0,46956.72
SAL-Ei-LM,bom_tubes_p50_ao15_am18_4_m25_ao15_am15_5,15,7,SATISFIED,5.1691,83148.0,48051.78
SAL-Ei-LM,bom_tubes_p50_ao15_am18_4_m25_ao15_am15_5,15,8,SATISFIED,5.1714,82468.0,47041.62
SAL-Ei-LM,bom_tubes_p50_ao15_am18_4_m25_ao15_am15_5,15,9,SATISFIED,5.1725,82388.0,47418.16
SAL-Ei-LM,bom_tubes_p50_ao15_am18_4_m25_ao15_am15_5,15,10,SATISFIED,5.1669,82828.0,46180.12
SAL-Ei-LM,bom_tubes_p50_ao15_am18_4_m25_ao15_am16_2,15,1,SATISFIED,5.1661,34204.0,44804.94
SAL-Ei-LM,bom_tubes_p50_ao15_am18_4_m25_ao15_am16_2,15,2,SATISFIED,5.117,34204.0,43776.97
SAL-Ei-LM,bom_tubes_p50_ao15_am18_4_m25_ao15_am16_2,15,3,SATISFIED,5.168,34204.0,45723.31
SAL-Ei-LM,bom_tubes_p50_ao15_am18_4_m25_ao15_am16_2,15,4,SATISFIED,5.176,34204.0,45058.22
SAL-Ei-LM,bom_tubes_p50_ao15_am18_4_m25_ao15_am16_2,15,5,SATISFIED,5.1778,34204.0,43635.72
SAL-Ei-LM,bom_tubes_p50_ao15_am18_4_m25_ao15_am16_2,15,6,SATISFIED,5.1777,34204.0,41554.84
SAL-Ei-LM,bom_tubes_p50_ao15_am18_4_m25_ao15_am16_2,15,7,SATISFIED,5.175,34204.0,43711.66
SAL-Ei-LM,bom_tubes_p50_ao15_am18_4_m25_ao15_am16_2,15,8,SATISFIED,5.1738,34204.0,42676.28
SAL-Ei-LM,bom_tubes_p50_ao15_am18_4_m25_ao15_am16_2,15,9,SATISFIED,5.1722,34204.0,44431.22
SAL-Ei-LM,bom_tubes_p50_ao15_am18_4_m25_ao15_am16_2,15,10,SATISFIED,5.1717,34204.0,42447.16
SAL-Ei-LM,bom_tubes_p50_ao15_am18_4_m25_ao15_am17_1,15,1,SATISFIED,5.1708,101177.0,46005.41
SAL-Ei-LM,bom_tubes_p50_ao15_am18_4_m25_ao15_am17_1,15,2,SATISFIED,5.1912,100932.0,44316.53
SAL-Ei-LM,bom_tubes_p50_ao15_am18_4_m25_ao15_am17_1,15,3,SATISFIED,5.167,100814.0,45846.38
SAL-Ei-LM,bom_tubes_p50_ao15_am18_4_m25_ao15_am17_1,15,4,SATISFIED,5.1633,100940.0,45906.75
SAL-Ei-LM,bom_tubes_p50_ao15_am18_4_m25_ao15_am17_1,15,5,SATISFIED,5.1713,100836.0,45821.62
SAL-Ei-LM,bom_tubes_p50_ao15_am18_4_m25_ao15_am17_1,15,6,SATISFIED,5.167,100436.0,45189.25
SAL-Ei-LM,bom_tubes_p50_ao15_am18_4_m25_ao15_am17_1,15,7,SATISFIED,5.1672,100688.0,45388.53
SAL-Ei-LM,bom_tubes_p50_ao15_am18_4_m25_ao15_am17_1,15,8,SATISFIED,5.1698,100582.0,46306.38
SAL-Ei-LM,bom_tubes_p50_ao15_am18_4_m25_ao15_am17_1,15,9,SATISFIED,5.2401,100350.0,45092.47
SAL-Ei-LM,bom_tubes_p50_ao15_am18_4_m25_ao15_am17_1,15,10,SATISFIED,5.1713,100868.0,45264.34
SAL-Ei-LM,bom_tubes_p50_ao15_am18_5,15,1,SATISFIED,5.1687,159871.0,51361.66
SAL-Ei-LM,bom_tubes_p50_ao15_am18_5,15,2,SATISFIED,5.1703,159659.0,50791.94
SAL-Ei-LM,bom_tubes_p50_ao15_am18_5,15,3,SATISFIED,5.1766,159435.0,51409.75
SAL-Ei-LM,bom_tubes_p50_ao15_am18_5,15,4,SATISFIED,5.1823,159735.0,51123.34
SAL-Ei-LM,bom_tubes_p50_ao15_am18_5,15,5,SATISFIED,5.1823,159807.0,51102.25
SAL-Ei-LM,bom_tubes_p50_ao15_am18_5,15,6,SATISFIED,5.154,159803.0,51426.91
SAL-Ei-LM,bom_tubes_p50_ao15_am18_5,15,7,SATISFIED,5.1035,159611.0,50264.69
SAL-Ei-LM,bom_tubes_p50_ao15_am18_5,15,8,SATISFIED,5.1006,159763.0,51325.88
SAL-Ei-LM,bom_tubes_p50_ao15_am18_5,15,9,SATISFIED,5.1786,159683.0,52788.0
SAL-Ei-LM,bom_tubes_p50_ao15_am18_5,15,10,SATISFIED,5.1843,159875.0,52719.81
SAL-Ei-LM,bom_tubes_p50_ao15_am18_5_m10_ao15_am9_1,15,1,SATISFIED,5.1994,389955.0,56552.91
SAL-Ei-LM,bom_tubes_p50_ao15_am18_5_m10_ao15_am9_1,15,2,SATISFIED,5.1455,391612.0,59672.59
SAL-Ei-LM,bom_tubes_p50_ao15_am18_5_m10_ao15_am9_1,15,3,SATISFIED,5.1599,385562.0,56647.5
SAL-Ei-LM,bom_tubes_p50_ao15_am18_5_m10_ao15_am9_1,15,4,SATISFIED,5.1971,388026.0,59025.38
SAL-Ei-LM,bom_tubes_p50_ao15_am18_5_m10_ao15_am9_1,15,5,SATISFIED,5.184,386724.0,57076.69
SAL-Ei-LM,bom_tubes_p50_ao15_am18_5_m10_ao15_am9_1,15,6,SATISFIED,5.1834,386523.0,57029.12
SAL-Ei-LM,bom_tubes_p50_ao15_am18_5_m10_ao15_am9_1,15,7,SATISFIED,5.183,384028.0,57196.81
SAL-Ei-LM,bom_tubes_p50_ao15_am18_5_m10_ao15_am9_1,15,8,SATISFIED,5.2782,388806.0,57641.38
SAL-Ei-LM,bom_tubes_p50_ao15_am18_5_m10_ao15_am9_1,15,9,SATISFIED,5.1758,390383.0,57118.81
SAL-Ei-LM,bom_tubes_p50_ao15_am18_5_m10_ao15_am9_1,15,10,SATISFIED,5.1934,384995.0,57922.75
SAL-Ei-LM,bom_tubes_p50_ao15_am18_5_m10_ao15_am10_2,15,1,SATISFIED,5.1981,162032.0,54929.28
SAL-Ei-LM,bom_tubes_p50_ao15_am18_5_m10_ao15_am10_2,15,2,SATISFIED,5.2063,161838.0,54074.75
SAL-Ei-LM,bom_tubes_p50_ao15_am18_5_m10_ao15_am10_2,15,3,SATISFIED,5.2088,161838.0,54916.12
SAL-Ei-LM,bom_tubes_p50_ao15_am18_5_m10_ao15_am10_2,15,4,SATISFIED,5.2148,161828.0,53714.84
SAL-Ei-LM,bom_tubes_p50_ao15_am18_5_m10_ao15_am10_2,15,5,SATISFIED,5.2101,161810.0,53238.84
SAL-Ei-LM,bom_tubes_p50_ao15_am18_5_m10_ao15_am10_2,15,6,SATISFIED,5.2026,161854.0,53573.44
SAL-Ei-LM,bom_tubes_p50_ao15_am18_5_m10_ao15_am10_2,15,7,SATISFIED,5.1744,161952.0,54234.03
SAL-Ei-LM,bom_tubes_p50_ao15_am18_5_m10_ao15_am10_2,15,8,SATISFIED,5.1755,161754.0,54556.38
SAL-Ei-LM,bom_tubes_p50_ao15_am18_5_m10_ao15_am10_2,15,9,SATISFIED,5.1747,162043.0,54214.84
SAL-Ei-LM,bom_tubes_p50_ao15_am18_5_m10_ao15_am10_2,15,10,SATISFIED,5.1787,161792.0,54191.94
SAL-Ei-LM,bom_tubes_p50_ao15_am18_5_m10_ao15_am10_3,15,1,SATISFIED,5.1828,61283.0,49242.25
SAL-Ei-LM,bom_tubes_p50_ao15_am18_5_m10_ao15_am10_3,15,2,SATISFIED,5.1763,61283.0,49878.59
SAL-Ei-LM,bom_tubes_p50_ao15_am18_5_m10_ao15_am10_3,15,3,SATISFIED,5.1756,61283.0,48530.62
SAL-Ei-LM,bom_tubes_p50_ao15_am18_5_m10_ao15_am10_3,15,4,SATISFIED,5.2079,61283.0,48614.19
SAL-Ei-LM,bom_tubes_p50_ao15_am18_5_m10_ao15_am10_3,15,5,SATISFIED,5.1839,61283.0,48163.31
SAL-Ei-LM,bom_tubes_p50_ao15_am18_5_m10_ao15_am10_3,15,6,SATISFIED,5.2092,61283.0,46881.72
SAL-Ei-LM,bom_tubes_p50_ao15_am18_5_m10_ao15_am10_3,15,7,SATISFIED,5.1781,61283.0,49951.12
SAL-Ei-LM,bom_tubes_p50_ao15_am18_5_m10_ao15_am10_3,15,8,SATISFIED,5.113,61283.0,49190.53
SAL-Ei-LM,bom_tubes_p50_ao15_am18_5_m10_ao15_am10_3,15,9,SATISFIED,5.2389,61283.0,49326.06
SAL-Ei-LM,bom_tubes_p50_ao15_am18_5_m10_ao15_am10_3,15,10,SATISFIED,5.1791,61283.0,49071.78
SAL-Ei-LM,bom_tubes_p50_ao15_am18_5_m10_ao15_am10_4,15,1,SATISFIED,5.1768,85142.0,52075.81
SAL-Ei-LM,bom_tubes_p50_ao15_am18_5_m10_ao15_am10_4,15,2,SATISFIED,5.1865,84886.0,49090.84
SAL-Ei-LM,bom_tubes_p50_ao15_am18_5_m10_ao15_am10_4,15,3,SATISFIED,5.1797,85086.0,48149.16
SAL-Ei-LM,bom_tubes_p50_ao15_am18_5_m10_ao15_am10_4,15,4,SATISFIED,5.1127,84986.0,50791.59
SAL-Ei-LM,bom_tubes_p50_ao15_am18_5_m10_ao15_am10_4,15,5,SATISFIED,5.1036,85082.0,50706.59
SAL-Ei-LM,bom_tubes_p50_ao15_am18_5_m10_ao15_am10_4,15,6,SATISFIED,5.1755,84858.0,50730.75
SAL-Ei-LM,bom_tubes_p50_ao15_am18_5_m10_ao15_am10_4,15,7,SATISFIED,5.1646,84878.0,50626.09
SAL-Ei-LM,bom_tubes_p50_ao15_am18_5_m10_ao15_am10_4,15,8,SATISFIED,5.1695,84954.0,47043.88
SAL-Ei-LM,bom_tubes_p50_ao15_am18_5_m10_ao15_am10_4,15,9,SATISFIED,5.1739,85210.0,49688.03
SAL-Ei-LM,bom_tubes_p50_ao15_am18_5_m10_ao15_am10_4,15,10,SATISFIED,5.1777,85062.0,48891.53
SAL-Ei-LM,bom_tubes_p50_ao15_am18_5_m10_ao15_am10_5,15,1,SATISFIED,5.1752,592595.0,51112.5
SAL-Ei-LM,bom_tubes_p50_ao15_am18_5_m10_ao15_am10_5,15,2,SATISFIED,5.1113,592717.0,53523.94
SAL-Ei-LM,bom_tubes_p50_ao15_am18_5_m10_ao15_am10_5,15,3,SATISFIED,5.1717,592539.0,53420.69
SAL-Ei-LM,bom_tubes_p50_ao15_am18_5_m10_ao15_am10_5,15,4,SATISFIED,5.199,592664.0,51783.66
SAL-Ei-LM,bom_tubes_p50_ao15_am18_5_m10_ao15_am10_5,15,5,SATISFIED,5.1812,592666.0,53610.81
SAL-Ei-LM,bom_tubes_p50_ao15_am18_5_m10_ao15_am10_5,15,6,SATISFIED,5.1699,592590.0,52380.59
SAL-Ei-LM,bom_tubes_p50_ao15_am18_5_m10_ao15_am10_5,15,7,SATISFIED,5.1862,592643.0,52187.47
SAL-Ei-LM,bom_tubes_p50_ao15_am18_5_m10_ao15_am10_5,15,8,SATISFIED,5.1819,592645.0,51204.56
SAL-Ei-LM,bom_tubes_p50_ao15_am18_5_m10_ao15_am10_5,15,9,SATISFIED,5.1868,592575.0,50369.94
SAL-Ei-LM,bom_tubes_p50_ao15_am18_5_m10_ao15_am10_5,15,10,SATISFIED,5.2048,592620.0,51534.41
SAL-Ei-LM,bom_tubes_p50_ao15_am18_5_m25_ao15_am16_1,15,1,SATISFIED,5.1986,373280.0,48441.38
SAL-Ei-LM,bom_tubes_p50_ao15_am18_5_m25_ao15_am16_1,15,2,SATISFIED,5.1787,378569.0,47015.16
SAL-Ei-LM,bom_tubes_p50_ao15_am18_5_m25_ao15_am16_1,15,3,SATISFIED,5.1869,373940.0,47665.25
SAL-Ei-LM,bom_tubes_p50_ao15_am18_5_m25_ao15_am16_1,15,4,SATISFIED,5.2049,373755.0,48165.5
SAL-Ei-LM,bom_tubes_p50_ao15_am18_5_m25_ao15_am16_1,15,5,SATISFIED,5.2007,375635.0,48577.12
SAL-Ei-LM,bom_tubes_p50_ao15_am18_5_m25_ao15_am16_1,15,6,SATISFIED,5.1791,373315.0,47210.31
SAL-Ei-LM,bom_tubes_p50_ao15_am18_5_m25_ao15_am16_1,15,7,SATISFIED,5.193,376650.0,46912.25
SAL-Ei-LM,bom_tubes_p50_ao15_am18_5_m25_ao15_am16_1,15,8,SATISFIED,5.1017,379090.0,47048.69
SAL-Ei-LM,bom_tubes_p50_ao15_am18_5_m25_ao15_am16_1,15,9,SATISFIED,5.1733,373405.0,48556.53
SAL-Ei-LM,bom_tubes_p50_ao15_am18_5_m25_ao15_am16_1,15,10,SATISFIED,5.1726,372811.0,47706.66
SAL-Ei-LM,bom_tubes_p50_ao15_am18_5_m25_ao15_am16_3,15,1,SATISFIED,5.1751,38573.0,50064.78
SAL-Ei-LM,bom_tubes_p50_ao15_am18_5_m25_ao15_am16_3,15,2,SATISFIED,5.1722,38524.0,51103.22
SAL-Ei-LM,bom_tubes_p50_ao15_am18_5_m25_ao15_am16_3,15,3,SATISFIED,5.1718,38488.0,51037.62
SAL-Ei-LM,bom_tubes_p50_ao15_am18_5_m25_ao15_am16_3,15,4,SATISFIED,5.1522,38523.0,52391.22
SAL-Ei-LM,bom_tubes_p50_ao15_am18_5_m25_ao15_am16_3,15,5,SATISFIED,5.1737,38472.0,52406.66
SAL-Ei-LM,bom_tubes_p50_ao15_am18_5_m25_ao15_am16_3,15,6,SATISFIED,5.27,38520.0,52906.0
SAL-Ei-LM,bom_tubes_p50_ao15_am18_5_m25_ao15_am16_3,15,7,SATISFIED,5.1544,38591.0,50229.06
SAL-Ei-LM,bom_tubes_p50_ao15_am18_5_m25_ao15_am16_3,15,8,SATISFIED,5.1718,38532.0,51075.09
SAL-Ei-LM,bom_tubes_p50_ao15_am18_5_m25_ao15_am16_3,15,9,SATISFIED,5.1715,38529.0,51965.5
SAL-Ei-LM,bom_tubes_p50_ao15_am18_5_m25_ao15_am16_3,15,10,SATISFIED,5.1706,38531.0,50403.44
SAL-Ei-LM,bom_tubes_p50_ao15_am18_5_m25_ao15_am17_2,15,1,SATISFIED,5.1102,20825.0,44695.38
SAL-Ei-LM,bom_tubes_p50_ao15_am18_5_m25_ao15_am17_2,15,2,SATISFIED,5.1732,20805.0,45233.22
SAL-Ei-LM,bom_tubes_p50_ao15_am18_5_m25_ao15_am17_2,15,3,SATISFIED,5.1789,20805.0,44651.56
SAL-Ei-LM,bom_tubes_p50_ao15_am18_5_m25_ao15_am17_2,15,4,SATISFIED,5.1746,20807.0,45455.03
SAL-Ei-LM,bom_tubes_p50_ao15_am18_5_m25_ao15_am17_2,15,5,SATISFIED,5.1826,20807.0,46574.53
SAL-Ei-LM,bom_tubes_p50_ao15_am18_5_m25_ao15_am17_2,15,6,SATISFIED,5.1845,20809.0,46253.78
SAL-Ei-LM,bom_tubes_p50_ao15_am18_5_m25_ao15_am17_2,15,7,SATISFIED,5.1747,20807.0,45053.84
SAL-Ei-LM,bom_tubes_p50_ao15_am18_5_m25_ao15_am17_2,15,8,SATISFIED,5.1672,20805.0,46851.19
SAL-Ei-LM,bom_tubes_p50_ao15_am18_5_m25_ao15_am17_2,15,9,SATISFIED,5.1696,20803.0,44870.03
SAL-Ei-LM,bom_tubes_p50_ao15_am18_5_m25_ao15_am17_2,15,10,SATISFIED,5.1722,20803.0,43025.56
SAL-Ei-LM,bom_tubes_p50_ao15_am18_5_m25_ao15_am17_4,15,1,SATISFIED,5.1639,133006.0,48459.56
SAL-Ei-LM,bom_tubes_p50_ao15_am18_5_m25_ao15_am17_4,15,2,SATISFIED,5.1738,134778.0,47979.62
SAL-Ei-LM,bom_tubes_p50_ao15_am18_5_m25_ao15_am17_4,15,3,SATISFIED,5.2246,136244.0,48549.16
SAL-Ei-LM,bom_tubes_p50_ao15_am18_5_m25_ao15_am17_4,15,4,SATISFIED,5.1547,133951.0,50247.5
SAL-Ei-LM,bom_tubes_p50_ao15_am18_5_m25_ao15_am17_4,15,5,SATISFIED,5.1662,135038.0,50359.19
SAL-Ei-LM,bom_tubes_p50_ao15_am18_5_m25_ao15_am17_4,15,6,SATISFIED,5.1723,131734.0,48397.06
SAL-Ei-LM,bom_tubes_p50_ao15_am18_5_m25_ao15_am17_4,15,7,SATISFIED,5.1697,133827.0,49494.97
SAL-Ei-LM,bom_tubes_p50_ao15_am18_5_m25_ao15_am17_4,15,8,SATISFIED,5.1706,131777.0,48678.06
SAL-Ei-LM,bom_tubes_p50_ao15_am18_5_m25_ao15_am17_4,15,9,SATISFIED,5.1728,133834.0,48890.5
SAL-Ei-LM,bom_tubes_p50_ao15_am18_5_m25_ao15_am17_4,15,10,SATISFIED,5.1669,133731.0,48414.44
SAL-Ei-LM,bom_tubes_p50_ao15_am18_5_m25_ao15_am19_5,15,1,SATISFIED,5.1698,40122.0,43447.88
SAL-Ei-LM,bom_tubes_p50_ao15_am18_5_m25_ao15_am19_5,15,2,SATISFIED,5.1678,39992.0,44006.66
SAL-Ei-LM,bom_tubes_p50_ao15_am18_5_m25_ao15_am19_5,15,3,SATISFIED,5.1234,40023.0,44021.31
SAL-Ei-LM,bom_tubes_p50_ao15_am18_5_m25_ao15_am19_5,15,4,SATISFIED,5.1586,40115.0,45059.56
SAL-Ei-LM,bom_tubes_p50_ao15_am18_5_m25_ao15_am19_5,15,5,SATISFIED,5.1679,40205.0,45505.12
SAL-Ei-LM,bom_tubes_p50_ao15_am18_5_m25_ao15_am19_5,15,6,SATISFIED,5.1681,40043.0,44083.22
SAL-Ei-LM,bom_tubes_p50_ao15_am18_5_m25_ao15_am19_5,15,7,SATISFIED,5.1667,40150.0,44048.66
SAL-Ei-LM,bom_tubes_p50_ao15_am18_5_m25_ao15_am19_5,15,8,SATISFIED,5.126,40198.0,43895.28
SAL-Ei-LM,bom_tubes_p50_ao15_am18_5_m25_ao15_am19_5,15,9,SATISFIED,5.301,40082.0,43841.34
SAL-Ei-LM,bom_tubes_p50_ao15_am18_5_m25_ao15_am19_5,15,10,SATISFIED,5.1618,40127.0,41874.62
