Algorithm,Bom,Nodes,AttemptNr,Status,Time,Makespan,Iterations
SAL-Ei-LM,bom_tubes_p10_ao11_am18_1,11,1,SATISFIED,1.0142,44791.0,13000.0
SAL-Ei-LM,bom_tubes_p10_ao11_am18_1,11,2,SATISFIED,1.0134,42629.0,7088.0
SAL-Ei-LM,bom_tubes_p10_ao11_am18_1,11,3,SATISFIED,1.0148,41245.0,6958.0
SAL-Ei-LM,bom_tubes_p10_ao11_am18_1,11,4,SATISFIED,1.0152,45702.0,6738.0
SAL-Ei-LM,bom_tubes_p10_ao11_am18_1,11,5,SATISFIED,1.0134,45669.0,6957.0
SAL-Ei-LM,bom_tubes_p10_ao11_am18_1,11,6,SATISFIED,1.0152,43870.0,7723.0
SAL-Ei-LM,bom_tubes_p10_ao11_am18_1,11,7,SATISFIED,1.0142,45931.0,12350.0
SAL-Ei-LM,bom_tubes_p10_ao11_am18_1,11,8,SATISFIED,1.015,43510.0,6659.0
SAL-Ei-LM,bom_tubes_p10_ao11_am18_1,11,9,SATISFIED,1.0143,41160.0,6843.0
SAL-Ei-LM,bom_tubes_p10_ao11_am18_1,11,10,SATISFIED,1.0158,46009.0,6786.0
SAL-Ei-LM,bom_tubes_p10_ao11_am18_1_m10_ao11_am8_1,11,1,SATISFIED,1.0132,115168.0,6490.0
SAL-Ei-LM,bom_tubes_p10_ao11_am18_1_m10_ao11_am8_1,11,2,SATISFIED,1.013,115406.0,10448.0
SAL-Ei-LM,bom_tubes_p10_ao11_am18_1_m10_ao11_am8_1,11,3,SATISFIED,1.0149,115796.0,7759.0
SAL-Ei-LM,bom_tubes_p10_ao11_am18_1_m10_ao11_am8_1,11,4,SATISFIED,1.0129,115435.0,6166.0
SAL-Ei-LM,bom_tubes_p10_ao11_am18_1_m10_ao11_am8_1,11,5,SATISFIED,1.0127,115396.0,9056.0
SAL-Ei-LM,bom_tubes_p10_ao11_am18_1_m10_ao11_am8_1,11,6,SATISFIED,1.0118,115337.0,11442.0
SAL-Ei-LM,bom_tubes_p10_ao11_am18_1_m10_ao11_am8_1,11,7,SATISFIED,1.0139,115398.0,5827.0
SAL-Ei-LM,bom_tubes_p10_ao11_am18_1_m10_ao11_am8_1,11,8,SATISFIED,1.0125,115187.0,5834.0
SAL-Ei-LM,bom_tubes_p10_ao11_am18_1_m10_ao11_am8_1,11,9,SATISFIED,1.0153,115174.0,6742.0
SAL-Ei-LM,bom_tubes_p10_ao11_am18_1_m10_ao11_am8_1,11,10,SATISFIED,1.0143,115310.0,5780.0
SAL-Ei-LM,bom_tubes_p10_ao11_am18_1_m10_ao11_am8_3,11,1,SATISFIED,1.0156,34946.0,6286.0
SAL-Ei-LM,bom_tubes_p10_ao11_am18_1_m10_ao11_am8_3,11,2,SATISFIED,1.0176,34946.0,7075.0
SAL-Ei-LM,bom_tubes_p10_ao11_am18_1_m10_ao11_am8_3,11,3,SATISFIED,1.0126,35034.0,11335.0
SAL-Ei-LM,bom_tubes_p10_ao11_am18_1_m10_ao11_am8_3,11,4,SATISFIED,1.0134,35079.0,12108.0
SAL-Ei-LM,bom_tubes_p10_ao11_am18_1_m10_ao11_am8_3,11,5,SATISFIED,1.0136,34962.0,12136.0
SAL-Ei-LM,bom_tubes_p10_ao11_am18_1_m10_ao11_am8_3,11,6,SATISFIED,1.0147,35012.0,12095.0
SAL-Ei-LM,bom_tubes_p10_ao11_am18_1_m10_ao11_am8_3,11,7,SATISFIED,1.0155,35065.0,12370.0
SAL-Ei-LM,bom_tubes_p10_ao11_am18_1_m10_ao11_am8_3,11,8,SATISFIED,1.0233,35144.0,6407.0
SAL-Ei-LM,bom_tubes_p10_ao11_am18_1_m10_ao11_am8_3,11,9,SATISFIED,1.0162,35115.0,7201.0
SAL-Ei-LM,bom_tubes_p10_ao11_am18_1_m10_ao11_am8_3,11,10,SATISFIED,1.015,35082.0,11616.0
SAL-Ei-LM,bom_tubes_p10_ao11_am18_1_m10_ao11_am9_4,11,1,SATISFIED,1.0133,22609.0,10081.0
SAL-Ei-LM,bom_tubes_p10_ao11_am18_1_m10_ao11_am9_4,11,2,SATISFIED,1.0184,22582.0,5387.0
SAL-Ei-LM,bom_tubes_p10_ao11_am18_1_m10_ao11_am9_4,11,3,SATISFIED,1.0195,22608.0,6233.0
SAL-Ei-LM,bom_tubes_p10_ao11_am18_1_m10_ao11_am9_4,11,4,SATISFIED,1.0353,22771.0,5315.0
SAL-Ei-LM,bom_tubes_p10_ao11_am18_1_m10_ao11_am9_4,11,5,SATISFIED,1.0222,23228.0,5419.0
SAL-Ei-LM,bom_tubes_p10_ao11_am18_1_m10_ao11_am9_4,11,6,SATISFIED,1.016,22825.0,5922.0
SAL-Ei-LM,bom_tubes_p10_ao11_am18_1_m10_ao11_am9_4,11,7,SATISFIED,1.0149,22528.0,9696.0
SAL-Ei-LM,bom_tubes_p10_ao11_am18_1_m10_ao11_am9_4,11,8,SATISFIED,1.0162,22825.0,10167.0
SAL-Ei-LM,bom_tubes_p10_ao11_am18_1_m10_ao11_am9_4,11,9,SATISFIED,1.0255,22448.0,5217.0
SAL-Ei-LM,bom_tubes_p10_ao11_am18_1_m10_ao11_am9_4,11,10,SATISFIED,1.0185,22663.0,5936.0
SAL-Ei-LM,bom_tubes_p10_ao11_am18_1_m10_ao11_am10_2,11,1,SATISFIED,1.0176,122731.0,12142.0
SAL-Ei-LM,bom_tubes_p10_ao11_am18_1_m10_ao11_am10_2,11,2,SATISFIED,1.013,122731.0,13001.0
SAL-Ei-LM,bom_tubes_p10_ao11_am18_1_m10_ao11_am10_2,11,3,SATISFIED,1.0321,122731.0,6744.0
SAL-Ei-LM,bom_tubes_p10_ao11_am18_1_m10_ao11_am10_2,11,4,SATISFIED,1.0146,122731.0,6898.0
SAL-Ei-LM,bom_tubes_p10_ao11_am18_1_m10_ao11_am10_2,11,5,SATISFIED,1.0211,122731.0,6794.0
SAL-Ei-LM,bom_tubes_p10_ao11_am18_1_m10_ao11_am10_2,11,6,SATISFIED,1.0214,122731.0,6443.0
SAL-Ei-LM,bom_tubes_p10_ao11_am18_1_m10_ao11_am10_2,11,7,SATISFIED,1.0161,122731.0,7417.0
SAL-Ei-LM,bom_tubes_p10_ao11_am18_1_m10_ao11_am10_2,11,8,SATISFIED,1.0124,122731.0,11918.0
SAL-Ei-LM,bom_tubes_p10_ao11_am18_1_m10_ao11_am10_2,11,9,SATISFIED,1.0155,122731.0,12191.0
SAL-Ei-LM,bom_tubes_p10_ao11_am18_1_m10_ao11_am10_2,11,10,SATISFIED,1.0146,122731.0,12566.0
SAL-Ei-LM,bom_tubes_p10_ao11_am18_1_m10_ao11_am10_5,11,1,SATISFIED,1.0142,25073.0,10688.0
SAL-Ei-LM,bom_tubes_p10_ao11_am18_1_m10_ao11_am10_5,11,2,SATISFIED,1.0142,24929.0,10602.0
SAL-Ei-LM,bom_tubes_p10_ao11_am18_1_m10_ao11_am10_5,11,3,SATISFIED,1.0158,24521.0,5419.0
SAL-Ei-LM,bom_tubes_p10_ao11_am18_1_m10_ao11_am10_5,11,4,SATISFIED,1.0166,24535.0,5410.0
SAL-Ei-LM,bom_tubes_p10_ao11_am18_1_m10_ao11_am10_5,11,5,SATISFIED,1.0159,24749.0,7874.0
SAL-Ei-LM,bom_tubes_p10_ao11_am18_1_m10_ao11_am10_5,11,6,SATISFIED,1.0149,25005.0,5354.0
SAL-Ei-LM,bom_tubes_p10_ao11_am18_1_m10_ao11_am10_5,11,7,SATISFIED,1.0132,25119.0,5445.0
SAL-Ei-LM,bom_tubes_p10_ao11_am18_1_m10_ao11_am10_5,11,8,SATISFIED,1.0152,24209.0,5482.0
SAL-Ei-LM,bom_tubes_p10_ao11_am18_1_m10_ao11_am10_5,11,9,SATISFIED,1.0165,24749.0,10612.0
SAL-Ei-LM,bom_tubes_p10_ao11_am18_1_m10_ao11_am10_5,11,10,SATISFIED,1.0162,24783.0,10618.0
SAL-Ei-LM,bom_tubes_p10_ao11_am18_1_m25_ao11_am19_2,11,1,SATISFIED,1.0151,17179.0,8700.0
SAL-Ei-LM,bom_tubes_p10_ao11_am18_1_m25_ao11_am19_2,11,2,SATISFIED,1.0151,17244.0,8622.0
SAL-Ei-LM,bom_tubes_p10_ao11_am18_1_m25_ao11_am19_2,11,3,SATISFIED,1.0125,17253.0,8563.0
SAL-Ei-LM,bom_tubes_p10_ao11_am18_1_m25_ao11_am19_2,11,4,SATISFIED,1.0129,17514.0,8703.0
SAL-Ei-LM,bom_tubes_p10_ao11_am18_1_m25_ao11_am19_2,11,5,SATISFIED,1.018,16964.0,4683.0
SAL-Ei-LM,bom_tubes_p10_ao11_am18_1_m25_ao11_am19_2,11,6,SATISFIED,1.017,17327.0,4462.0
SAL-Ei-LM,bom_tubes_p10_ao11_am18_1_m25_ao11_am19_2,11,7,SATISFIED,1.0157,16923.0,6570.0
SAL-Ei-LM,bom_tubes_p10_ao11_am18_1_m25_ao11_am19_2,11,8,SATISFIED,1.0143,17498.0,9102.0
SAL-Ei-LM,bom_tubes_p10_ao11_am18_1_m25_ao11_am19_2,11,9,SATISFIED,1.015,17054.0,6670.0
SAL-Ei-LM,bom_tubes_p10_ao11_am18_1_m25_ao11_am19_2,11,10,SATISFIED,1.015,17280.0,6813.0
SAL-Ei-LM,bom_tubes_p10_ao11_am18_1_m25_ao11_am21_3,11,1,SATISFIED,1.0147,51301.0,7907.0
SAL-Ei-LM,bom_tubes_p10_ao11_am18_1_m25_ao11_am21_3,11,2,SATISFIED,1.0149,57517.0,4815.0
SAL-Ei-LM,bom_tubes_p10_ao11_am18_1_m25_ao11_am21_3,11,3,SATISFIED,1.016,55185.0,6032.0
SAL-Ei-LM,bom_tubes_p10_ao11_am18_1_m25_ao11_am21_3,11,4,SATISFIED,1.0153,58875.0,9053.0
SAL-Ei-LM,bom_tubes_p10_ao11_am18_1_m25_ao11_am21_3,11,5,SATISFIED,1.0155,56970.0,8934.0
SAL-Ei-LM,bom_tubes_p10_ao11_am18_1_m25_ao11_am21_3,11,6,SATISFIED,1.0172,57163.0,5323.0
SAL-Ei-LM,bom_tubes_p10_ao11_am18_1_m25_ao11_am21_3,11,7,SATISFIED,1.0181,59445.0,4945.0
SAL-Ei-LM,bom_tubes_p10_ao11_am18_1_m25_ao11_am21_3,11,8,SATISFIED,1.0151,61998.0,8027.0
SAL-Ei-LM,bom_tubes_p10_ao11_am18_1_m25_ao11_am21_3,11,9,SATISFIED,1.017,61711.0,4631.0
SAL-Ei-LM,bom_tubes_p10_ao11_am18_1_m25_ao11_am21_3,11,10,SATISFIED,1.0161,51929.0,4842.0
SAL-Ei-LM,bom_tubes_p10_ao11_am18_1_m25_ao11_am21_5,11,1,SATISFIED,1.0174,32007.0,4780.0
SAL-Ei-LM,bom_tubes_p10_ao11_am18_1_m25_ao11_am21_5,11,2,SATISFIED,1.0148,32074.0,5446.0
SAL-Ei-LM,bom_tubes_p10_ao11_am18_1_m25_ao11_am21_5,11,3,SATISFIED,1.0131,31600.0,8726.0
SAL-Ei-LM,bom_tubes_p10_ao11_am18_1_m25_ao11_am21_5,11,4,SATISFIED,1.0146,35133.0,8988.0
SAL-Ei-LM,bom_tubes_p10_ao11_am18_1_m25_ao11_am21_5,11,5,SATISFIED,1.0153,31670.0,8858.0
SAL-Ei-LM,bom_tubes_p10_ao11_am18_1_m25_ao11_am21_5,11,6,SATISFIED,1.0125,34454.0,9083.0
SAL-Ei-LM,bom_tubes_p10_ao11_am18_1_m25_ao11_am21_5,11,7,SATISFIED,1.016,31647.0,4542.0
SAL-Ei-LM,bom_tubes_p10_ao11_am18_1_m25_ao11_am21_5,11,8,SATISFIED,1.015,32144.0,5306.0
SAL-Ei-LM,bom_tubes_p10_ao11_am18_1_m25_ao11_am21_5,11,9,SATISFIED,1.0132,31524.0,8534.0
SAL-Ei-LM,bom_tubes_p10_ao11_am18_1_m25_ao11_am21_5,11,10,SATISFIED,1.0141,34454.0,8736.0
SAL-Ei-LM,bom_tubes_p10_ao11_am18_1_m25_ao11_am22_1,11,1,SATISFIED,1.0153,53336.0,9102.0
SAL-Ei-LM,bom_tubes_p10_ao11_am18_1_m25_ao11_am22_1,11,2,SATISFIED,1.0148,56076.0,9074.0
SAL-Ei-LM,bom_tubes_p10_ao11_am18_1_m25_ao11_am22_1,11,3,SATISFIED,1.015,51468.0,9110.0
SAL-Ei-LM,bom_tubes_p10_ao11_am18_1_m25_ao11_am22_1,11,4,SATISFIED,1.0122,54014.0,9067.0
SAL-Ei-LM,bom_tubes_p10_ao11_am18_1_m25_ao11_am22_1,11,5,SATISFIED,1.0139,57783.0,9098.0
SAL-Ei-LM,bom_tubes_p10_ao11_am18_1_m25_ao11_am22_1,11,6,SATISFIED,1.0147,54856.0,9075.0
SAL-Ei-LM,bom_tubes_p10_ao11_am18_1_m25_ao11_am22_1,11,7,SATISFIED,1.0094,57936.0,9101.0
SAL-Ei-LM,bom_tubes_p10_ao11_am18_1_m25_ao11_am22_1,11,8,SATISFIED,1.014,58079.0,4752.0
SAL-Ei-LM,bom_tubes_p10_ao11_am18_1_m25_ao11_am22_1,11,9,SATISFIED,1.0118,58409.0,4836.0
SAL-Ei-LM,bom_tubes_p10_ao11_am18_1_m25_ao11_am22_1,11,10,SATISFIED,1.0101,50254.0,6756.0
SAL-Ei-LM,bom_tubes_p10_ao11_am18_1_m25_ao11_am22_4,11,1,SATISFIED,1.0102,14157.0,9076.0
SAL-Ei-LM,bom_tubes_p10_ao11_am18_1_m25_ao11_am22_4,11,2,SATISFIED,1.0112,17067.0,8855.0
SAL-Ei-LM,bom_tubes_p10_ao11_am18_1_m25_ao11_am22_4,11,3,SATISFIED,1.0096,16484.0,8916.0
SAL-Ei-LM,bom_tubes_p10_ao11_am18_1_m25_ao11_am22_4,11,4,SATISFIED,1.0092,16178.0,8721.0
SAL-Ei-LM,bom_tubes_p10_ao11_am18_1_m25_ao11_am22_4,11,5,SATISFIED,1.0134,18370.0,4475.0
SAL-Ei-LM,bom_tubes_p10_ao11_am18_1_m25_ao11_am22_4,11,6,SATISFIED,1.0154,13708.0,4789.0
SAL-Ei-LM,bom_tubes_p10_ao11_am18_1_m25_ao11_am22_4,11,7,SATISFIED,1.0108,16397.0,6448.0
SAL-Ei-LM,bom_tubes_p10_ao11_am18_1_m25_ao11_am22_4,11,8,SATISFIED,1.0091,17327.0,9143.0
SAL-Ei-LM,bom_tubes_p10_ao11_am18_1_m25_ao11_am22_4,11,9,SATISFIED,1.0095,16983.0,9152.0
SAL-Ei-LM,bom_tubes_p10_ao11_am18_1_m25_ao11_am22_4,11,10,SATISFIED,1.0102,17102.0,9132.0
SAL-Ei-LM,bom_tubes_p10_ao11_am18_2,11,1,SATISFIED,1.0107,49171.0,13098.0
SAL-Ei-LM,bom_tubes_p10_ao11_am18_2,11,2,SATISFIED,1.0128,49011.0,6537.0
SAL-Ei-LM,bom_tubes_p10_ao11_am18_2,11,3,SATISFIED,1.0149,49571.0,6772.0
SAL-Ei-LM,bom_tubes_p10_ao11_am18_2,11,4,SATISFIED,1.0102,50371.0,9203.0
SAL-Ei-LM,bom_tubes_p10_ao11_am18_2,11,5,SATISFIED,1.0089,50091.0,13267.0
SAL-Ei-LM,bom_tubes_p10_ao11_am18_2,11,6,SATISFIED,1.0088,51036.0,13126.0
SAL-Ei-LM,bom_tubes_p10_ao11_am18_2,11,7,SATISFIED,1.0088,51423.0,13198.0
SAL-Ei-LM,bom_tubes_p10_ao11_am18_2,11,8,SATISFIED,1.0095,50011.0,13207.0
SAL-Ei-LM,bom_tubes_p10_ao11_am18_2,11,9,SATISFIED,1.0093,49291.0,13034.0
SAL-Ei-LM,bom_tubes_p10_ao11_am18_2,11,10,SATISFIED,1.0086,49811.0,12918.0
SAL-Ei-LM,bom_tubes_p10_ao11_am18_2_m10_ao11_am8_2,11,1,SATISFIED,1.0085,47090.0,12971.0
SAL-Ei-LM,bom_tubes_p10_ao11_am18_2_m10_ao11_am8_2,11,2,SATISFIED,1.0117,47090.0,6748.0
SAL-Ei-LM,bom_tubes_p10_ao11_am18_2_m10_ao11_am8_2,11,3,SATISFIED,1.0106,47090.0,6888.0
SAL-Ei-LM,bom_tubes_p10_ao11_am18_2_m10_ao11_am8_2,11,4,SATISFIED,1.0125,47090.0,6839.0
SAL-Ei-LM,bom_tubes_p10_ao11_am18_2_m10_ao11_am8_2,11,5,SATISFIED,1.0101,47090.0,7065.0
SAL-Ei-LM,bom_tubes_p10_ao11_am18_2_m10_ao11_am8_2,11,6,SATISFIED,1.0101,47090.0,8685.0
SAL-Ei-LM,bom_tubes_p10_ao11_am18_2_m10_ao11_am8_2,11,7,SATISFIED,1.0096,47090.0,13159.0
SAL-Ei-LM,bom_tubes_p10_ao11_am18_2_m10_ao11_am8_2,11,8,SATISFIED,1.0122,47090.0,6605.0
SAL-Ei-LM,bom_tubes_p10_ao11_am18_2_m10_ao11_am8_2,11,9,SATISFIED,1.0101,47090.0,6869.0
SAL-Ei-LM,bom_tubes_p10_ao11_am18_2_m10_ao11_am8_2,11,10,SATISFIED,1.0087,47090.0,9081.0
SAL-Ei-LM,bom_tubes_p10_ao11_am18_2_m10_ao11_am9_1,11,1,SATISFIED,1.0086,46144.0,11659.0
SAL-Ei-LM,bom_tubes_p10_ao11_am18_2_m10_ao11_am9_1,11,2,SATISFIED,1.0086,46126.0,11453.0
SAL-Ei-LM,bom_tubes_p10_ao11_am18_2_m10_ao11_am9_1,11,3,SATISFIED,1.0112,45860.0,5974.0
SAL-Ei-LM,bom_tubes_p10_ao11_am18_2_m10_ao11_am9_1,11,4,SATISFIED,1.0108,46228.0,6252.0
SAL-Ei-LM,bom_tubes_p10_ao11_am18_2_m10_ao11_am9_1,11,5,SATISFIED,1.0123,47038.0,6075.0
SAL-Ei-LM,bom_tubes_p10_ao11_am18_2_m10_ao11_am9_1,11,6,SATISFIED,1.0139,46145.0,6786.0
SAL-Ei-LM,bom_tubes_p10_ao11_am18_2_m10_ao11_am9_1,11,7,SATISFIED,1.0151,45976.0,11207.0
SAL-Ei-LM,bom_tubes_p10_ao11_am18_2_m10_ao11_am9_1,11,8,SATISFIED,1.0129,46228.0,11794.0
SAL-Ei-LM,bom_tubes_p10_ao11_am18_2_m10_ao11_am9_1,11,9,SATISFIED,1.0127,46267.0,11816.0
SAL-Ei-LM,bom_tubes_p10_ao11_am18_2_m10_ao11_am9_1,11,10,SATISFIED,1.0134,45982.0,11435.0
SAL-Ei-LM,bom_tubes_p10_ao11_am18_2_m10_ao11_am9_3,11,1,SATISFIED,1.0129,20358.0,13521.0
SAL-Ei-LM,bom_tubes_p10_ao11_am18_2_m10_ao11_am9_3,11,2,SATISFIED,1.0146,19827.0,13064.0
SAL-Ei-LM,bom_tubes_p10_ao11_am18_2_m10_ao11_am9_3,11,3,SATISFIED,1.0146,20252.0,13536.0
SAL-Ei-LM,bom_tubes_p10_ao11_am18_2_m10_ao11_am9_3,11,4,SATISFIED,1.0194,19870.0,6963.0
SAL-Ei-LM,bom_tubes_p10_ao11_am18_2_m10_ao11_am9_3,11,5,SATISFIED,1.0214,20112.0,6792.0
SAL-Ei-LM,bom_tubes_p10_ao11_am18_2_m10_ao11_am9_3,11,6,SATISFIED,1.0189,20144.0,6918.0
SAL-Ei-LM,bom_tubes_p10_ao11_am18_2_m10_ao11_am9_3,11,7,SATISFIED,1.0162,20416.0,6866.0
SAL-Ei-LM,bom_tubes_p10_ao11_am18_2_m10_ao11_am9_3,11,8,SATISFIED,1.0146,20412.0,8950.0
SAL-Ei-LM,bom_tubes_p10_ao11_am18_2_m10_ao11_am9_3,11,9,SATISFIED,1.0126,20255.0,12847.0
SAL-Ei-LM,bom_tubes_p10_ao11_am18_2_m10_ao11_am9_3,11,10,SATISFIED,1.0139,20148.0,12777.0
SAL-Ei-LM,bom_tubes_p10_ao11_am18_2_m10_ao11_am10_4,11,1,SATISFIED,1.013,16537.0,9707.0
SAL-Ei-LM,bom_tubes_p10_ao11_am18_2_m10_ao11_am10_4,11,2,SATISFIED,1.014,16764.0,9682.0
SAL-Ei-LM,bom_tubes_p10_ao11_am18_2_m10_ao11_am10_4,11,3,SATISFIED,1.0121,16911.0,10259.0
SAL-Ei-LM,bom_tubes_p10_ao11_am18_2_m10_ao11_am10_4,11,4,SATISFIED,1.0145,16691.0,10258.0
SAL-Ei-LM,bom_tubes_p10_ao11_am18_2_m10_ao11_am10_4,11,5,SATISFIED,1.0139,16760.0,10185.0
SAL-Ei-LM,bom_tubes_p10_ao11_am18_2_m10_ao11_am10_4,11,6,SATISFIED,1.0278,16410.0,5608.0
SAL-Ei-LM,bom_tubes_p10_ao11_am18_2_m10_ao11_am10_4,11,7,SATISFIED,1.0131,16625.0,8267.0
SAL-Ei-LM,bom_tubes_p10_ao11_am18_2_m10_ao11_am10_4,11,8,SATISFIED,1.0149,16696.0,9783.0
SAL-Ei-LM,bom_tubes_p10_ao11_am18_2_m10_ao11_am10_4,11,9,SATISFIED,1.0147,16770.0,9848.0
SAL-Ei-LM,bom_tubes_p10_ao11_am18_2_m10_ao11_am10_4,11,10,SATISFIED,1.0141,16698.0,9880.0
SAL-Ei-LM,bom_tubes_p10_ao11_am18_2_m10_ao11_am10_5,11,1,SATISFIED,1.0538,34229.0,5464.0
SAL-Ei-LM,bom_tubes_p10_ao11_am18_2_m10_ao11_am10_5,11,2,SATISFIED,1.0179,34400.0,5699.0
SAL-Ei-LM,bom_tubes_p10_ao11_am18_2_m10_ao11_am10_5,11,3,SATISFIED,1.0169,34641.0,7512.0
SAL-Ei-LM,bom_tubes_p10_ao11_am18_2_m10_ao11_am10_5,11,4,SATISFIED,1.0186,34327.0,5511.0
SAL-Ei-LM,bom_tubes_p10_ao11_am18_2_m10_ao11_am10_5,11,5,SATISFIED,1.016,33717.0,5650.0
SAL-Ei-LM,bom_tubes_p10_ao11_am18_2_m10_ao11_am10_5,11,6,SATISFIED,1.0146,34759.0,7360.0
SAL-Ei-LM,bom_tubes_p10_ao11_am18_2_m10_ao11_am10_5,11,7,SATISFIED,1.0217,34999.0,5466.0
SAL-Ei-LM,bom_tubes_p10_ao11_am18_2_m10_ao11_am10_5,11,8,SATISFIED,1.0177,34839.0,5697.0
SAL-Ei-LM,bom_tubes_p10_ao11_am18_2_m10_ao11_am10_5,11,9,SATISFIED,1.0152,34115.0,7089.0
SAL-Ei-LM,bom_tubes_p10_ao11_am18_2_m10_ao11_am10_5,11,10,SATISFIED,1.0121,34536.0,10761.0
SAL-Ei-LM,bom_tubes_p10_ao11_am18_2_m25_ao11_am17_2,11,1,SATISFIED,1.0168,41277.0,4489.0
SAL-Ei-LM,bom_tubes_p10_ao11_am18_2_m25_ao11_am17_2,11,2,SATISFIED,1.0173,41706.0,4731.0
SAL-Ei-LM,bom_tubes_p10_ao11_am18_2_m25_ao11_am17_2,11,3,SATISFIED,1.0157,38142.0,6151.0
SAL-Ei-LM,bom_tubes_p10_ao11_am18_2_m25_ao11_am17_2,11,4,SATISFIED,1.015,41434.0,8624.0
SAL-Ei-LM,bom_tubes_p10_ao11_am18_2_m25_ao11_am17_2,11,5,SATISFIED,1.0142,41196.0,5928.0
SAL-Ei-LM,bom_tubes_p10_ao11_am18_2_m25_ao11_am17_2,11,6,SATISFIED,1.018,36963.0,4726.0
SAL-Ei-LM,bom_tubes_p10_ao11_am18_2_m25_ao11_am17_2,11,7,SATISFIED,1.0157,42007.0,7154.0
SAL-Ei-LM,bom_tubes_p10_ao11_am18_2_m25_ao11_am17_2,11,8,SATISFIED,1.014,40415.0,8779.0
SAL-Ei-LM,bom_tubes_p10_ao11_am18_2_m25_ao11_am17_2,11,9,SATISFIED,1.0135,44023.0,8816.0
SAL-Ei-LM,bom_tubes_p10_ao11_am18_2_m25_ao11_am17_2,11,10,SATISFIED,1.0155,36537.0,8173.0
SAL-Ei-LM,bom_tubes_p10_ao11_am18_2_m25_ao11_am21_1,11,1,SATISFIED,1.0174,19170.0,4506.0
SAL-Ei-LM,bom_tubes_p10_ao11_am18_2_m25_ao11_am21_1,11,2,SATISFIED,1.0183,19212.0,4458.0
SAL-Ei-LM,bom_tubes_p10_ao11_am18_2_m25_ao11_am21_1,11,3,SATISFIED,1.0197,18138.0,4668.0
SAL-Ei-LM,bom_tubes_p10_ao11_am18_2_m25_ao11_am21_1,11,4,SATISFIED,1.0134,18004.0,4736.0
SAL-Ei-LM,bom_tubes_p10_ao11_am18_2_m25_ao11_am21_1,11,5,SATISFIED,1.0168,18168.0,5326.0
SAL-Ei-LM,bom_tubes_p10_ao11_am18_2_m25_ao11_am21_1,11,6,SATISFIED,1.0167,18522.0,4675.0
SAL-Ei-LM,bom_tubes_p10_ao11_am18_2_m25_ao11_am21_1,11,7,SATISFIED,1.0158,18107.0,4880.0
SAL-Ei-LM,bom_tubes_p10_ao11_am18_2_m25_ao11_am21_1,11,8,SATISFIED,1.0141,19488.0,6129.0
SAL-Ei-LM,bom_tubes_p10_ao11_am18_2_m25_ao11_am21_1,11,9,SATISFIED,1.0136,18275.0,8784.0
SAL-Ei-LM,bom_tubes_p10_ao11_am18_2_m25_ao11_am21_1,11,10,SATISFIED,1.0154,19450.0,8735.0
SAL-Ei-LM,bom_tubes_p10_ao11_am18_2_m25_ao11_am21_3,11,1,SATISFIED,1.0162,53160.0,6955.0
SAL-Ei-LM,bom_tubes_p10_ao11_am18_2_m25_ao11_am21_3,11,2,SATISFIED,1.0166,57519.0,4571.0
SAL-Ei-LM,bom_tubes_p10_ao11_am18_2_m25_ao11_am21_3,11,3,SATISFIED,1.0149,50436.0,4640.0
SAL-Ei-LM,bom_tubes_p10_ao11_am18_2_m25_ao11_am21_3,11,4,SATISFIED,1.0163,54815.0,4588.0
SAL-Ei-LM,bom_tubes_p10_ao11_am18_2_m25_ao11_am21_3,11,5,SATISFIED,1.0152,55247.0,4674.0
SAL-Ei-LM,bom_tubes_p10_ao11_am18_2_m25_ao11_am21_3,11,6,SATISFIED,1.0156,51488.0,4576.0
SAL-Ei-LM,bom_tubes_p10_ao11_am18_2_m25_ao11_am21_3,11,7,SATISFIED,1.0172,55135.0,4788.0
SAL-Ei-LM,bom_tubes_p10_ao11_am18_2_m25_ao11_am21_3,11,8,SATISFIED,1.0157,58719.0,5780.0
SAL-Ei-LM,bom_tubes_p10_ao11_am18_2_m25_ao11_am21_3,11,9,SATISFIED,1.0128,53895.0,8852.0
SAL-Ei-LM,bom_tubes_p10_ao11_am18_2_m25_ao11_am21_3,11,10,SATISFIED,1.0134,54815.0,5158.0
SAL-Ei-LM,bom_tubes_p10_ao11_am18_2_m25_ao11_am23_4,11,1,SATISFIED,1.0162,35399.0,4570.0
SAL-Ei-LM,bom_tubes_p10_ao11_am18_2_m25_ao11_am23_4,11,2,SATISFIED,1.0167,37309.0,4559.0
SAL-Ei-LM,bom_tubes_p10_ao11_am18_2_m25_ao11_am23_4,11,3,SATISFIED,1.0142,35613.0,5758.0
SAL-Ei-LM,bom_tubes_p10_ao11_am18_2_m25_ao11_am23_4,11,4,SATISFIED,1.015,38836.0,8528.0
SAL-Ei-LM,bom_tubes_p10_ao11_am18_2_m25_ao11_am23_4,11,5,SATISFIED,1.0129,40043.0,8550.0
SAL-Ei-LM,bom_tubes_p10_ao11_am18_2_m25_ao11_am23_4,11,6,SATISFIED,1.0128,35173.0,8302.0
SAL-Ei-LM,bom_tubes_p10_ao11_am18_2_m25_ao11_am23_4,11,7,SATISFIED,1.0129,34994.0,8591.0
SAL-Ei-LM,bom_tubes_p10_ao11_am18_2_m25_ao11_am23_4,11,8,SATISFIED,1.013,37839.0,8968.0
SAL-Ei-LM,bom_tubes_p10_ao11_am18_2_m25_ao11_am23_4,11,9,SATISFIED,1.0178,39194.0,4385.0
SAL-Ei-LM,bom_tubes_p10_ao11_am18_2_m25_ao11_am23_4,11,10,SATISFIED,1.0182,36429.0,4752.0
SAL-Ei-LM,bom_tubes_p10_ao11_am18_2_m25_ao11_am24_5,11,1,SATISFIED,1.0133,14214.0,6189.0
SAL-Ei-LM,bom_tubes_p10_ao11_am18_2_m25_ao11_am24_5,11,2,SATISFIED,1.0131,14469.0,9055.0
SAL-Ei-LM,bom_tubes_p10_ao11_am18_2_m25_ao11_am24_5,11,3,SATISFIED,1.0136,14722.0,8968.0
SAL-Ei-LM,bom_tubes_p10_ao11_am18_2_m25_ao11_am24_5,11,4,SATISFIED,1.0136,13983.0,8885.0
SAL-Ei-LM,bom_tubes_p10_ao11_am18_2_m25_ao11_am24_5,11,5,SATISFIED,1.0163,14263.0,8986.0
SAL-Ei-LM,bom_tubes_p10_ao11_am18_2_m25_ao11_am24_5,11,6,SATISFIED,1.0148,15622.0,9018.0
SAL-Ei-LM,bom_tubes_p10_ao11_am18_2_m25_ao11_am24_5,11,7,SATISFIED,1.0192,14464.0,4656.0
SAL-Ei-LM,bom_tubes_p10_ao11_am18_2_m25_ao11_am24_5,11,8,SATISFIED,1.0194,15067.0,4592.0
SAL-Ei-LM,bom_tubes_p10_ao11_am18_2_m25_ao11_am24_5,11,9,SATISFIED,1.0167,15486.0,6151.0
SAL-Ei-LM,bom_tubes_p10_ao11_am18_2_m25_ao11_am24_5,11,10,SATISFIED,1.0146,14966.0,9000.0
SAL-Ei-LM,bom_tubes_p10_ao11_am18_3,11,1,SATISFIED,1.0119,32282.0,13264.0
SAL-Ei-LM,bom_tubes_p10_ao11_am18_3,11,2,SATISFIED,1.0126,34336.0,13162.0
SAL-Ei-LM,bom_tubes_p10_ao11_am18_3,11,3,SATISFIED,1.0134,34316.0,13195.0
SAL-Ei-LM,bom_tubes_p10_ao11_am18_3,11,4,SATISFIED,1.0133,32622.0,13212.0
SAL-Ei-LM,bom_tubes_p10_ao11_am18_3,11,5,SATISFIED,1.0116,33948.0,13191.0
SAL-Ei-LM,bom_tubes_p10_ao11_am18_3,11,6,SATISFIED,1.0136,33030.0,6948.0
SAL-Ei-LM,bom_tubes_p10_ao11_am18_3,11,7,SATISFIED,1.0145,32992.0,6980.0
SAL-Ei-LM,bom_tubes_p10_ao11_am18_3,11,8,SATISFIED,1.0141,33888.0,9638.0
SAL-Ei-LM,bom_tubes_p10_ao11_am18_3,11,9,SATISFIED,1.0133,33096.0,13186.0
SAL-Ei-LM,bom_tubes_p10_ao11_am18_3,11,10,SATISFIED,1.0121,32650.0,13260.0
SAL-Ei-LM,bom_tubes_p10_ao11_am18_3_m10_ao11_am8_3,11,1,SATISFIED,1.0123,38095.0,12698.0
SAL-Ei-LM,bom_tubes_p10_ao11_am18_3_m10_ao11_am8_3,11,2,SATISFIED,1.0123,38403.0,12645.0
SAL-Ei-LM,bom_tubes_p10_ao11_am18_3_m10_ao11_am8_3,11,3,SATISFIED,1.0119,38749.0,12689.0
SAL-Ei-LM,bom_tubes_p10_ao11_am18_3_m10_ao11_am8_3,11,4,SATISFIED,1.013,39211.0,12573.0
SAL-Ei-LM,bom_tubes_p10_ao11_am18_3_m10_ao11_am8_3,11,5,SATISFIED,1.0149,37953.0,12051.0
SAL-Ei-LM,bom_tubes_p10_ao11_am18_3_m10_ao11_am8_3,11,6,SATISFIED,1.0153,39014.0,6372.0
SAL-Ei-LM,bom_tubes_p10_ao11_am18_3_m10_ao11_am8_3,11,7,SATISFIED,1.0285,38396.0,6565.0
SAL-Ei-LM,bom_tubes_p10_ao11_am18_3_m10_ao11_am8_3,11,8,SATISFIED,1.0258,39331.0,6523.0
SAL-Ei-LM,bom_tubes_p10_ao11_am18_3_m10_ao11_am8_3,11,9,SATISFIED,1.0452,38506.0,6537.0
SAL-Ei-LM,bom_tubes_p10_ao11_am18_3_m10_ao11_am8_3,11,10,SATISFIED,1.0213,38121.0,6232.0
SAL-Ei-LM,bom_tubes_p10_ao11_am18_3_m10_ao11_am9_1,11,1,SATISFIED,1.0162,45609.0,5788.0
SAL-Ei-LM,bom_tubes_p10_ao11_am18_3_m10_ao11_am9_1,11,2,SATISFIED,1.0175,45586.0,6233.0
SAL-Ei-LM,bom_tubes_p10_ao11_am18_3_m10_ao11_am9_1,11,3,SATISFIED,1.0141,47531.0,8372.0
SAL-Ei-LM,bom_tubes_p10_ao11_am18_3_m10_ao11_am9_1,11,4,SATISFIED,1.0134,47222.0,10476.0
SAL-Ei-LM,bom_tubes_p10_ao11_am18_3_m10_ao11_am9_1,11,5,SATISFIED,1.0149,44506.0,6283.0
SAL-Ei-LM,bom_tubes_p10_ao11_am18_3_m10_ao11_am9_1,11,6,SATISFIED,1.0139,46565.0,6831.0
SAL-Ei-LM,bom_tubes_p10_ao11_am18_3_m10_ao11_am9_1,11,7,SATISFIED,1.014,45840.0,7087.0
SAL-Ei-LM,bom_tubes_p10_ao11_am18_3_m10_ao11_am9_1,11,8,SATISFIED,1.0381,47781.0,6284.0
SAL-Ei-LM,bom_tubes_p10_ao11_am18_3_m10_ao11_am9_1,11,9,SATISFIED,1.0258,47366.0,6098.0
SAL-Ei-LM,bom_tubes_p10_ao11_am18_3_m10_ao11_am9_1,11,10,SATISFIED,1.0247,48958.0,6237.0
SAL-Ei-LM,bom_tubes_p10_ao11_am18_3_m10_ao11_am9_2,11,1,SATISFIED,1.0195,207146.0,7043.0
SAL-Ei-LM,bom_tubes_p10_ao11_am18_3_m10_ao11_am9_2,11,2,SATISFIED,1.016,207148.0,7925.0
SAL-Ei-LM,bom_tubes_p10_ao11_am18_3_m10_ao11_am9_2,11,3,SATISFIED,1.0138,207152.0,12570.0
SAL-Ei-LM,bom_tubes_p10_ao11_am18_3_m10_ao11_am9_2,11,4,SATISFIED,1.0176,207146.0,6709.0
SAL-Ei-LM,bom_tubes_p10_ao11_am18_3_m10_ao11_am9_2,11,5,SATISFIED,1.0155,207148.0,7334.0
SAL-Ei-LM,bom_tubes_p10_ao11_am18_3_m10_ao11_am9_2,11,6,SATISFIED,1.0165,207152.0,7163.0
SAL-Ei-LM,bom_tubes_p10_ao11_am18_3_m10_ao11_am9_2,11,7,SATISFIED,1.0144,207150.0,9734.0
SAL-Ei-LM,bom_tubes_p10_ao11_am18_3_m10_ao11_am9_2,11,8,SATISFIED,1.0219,207148.0,6970.0
SAL-Ei-LM,bom_tubes_p10_ao11_am18_3_m10_ao11_am9_2,11,9,SATISFIED,1.0155,207149.0,6962.0
SAL-Ei-LM,bom_tubes_p10_ao11_am18_3_m10_ao11_am9_2,11,10,SATISFIED,1.0126,207146.0,9105.0
SAL-Ei-LM,bom_tubes_p10_ao11_am18_3_m10_ao11_am9_4,11,1,SATISFIED,1.0145,121662.0,10808.0
SAL-Ei-LM,bom_tubes_p10_ao11_am18_3_m10_ao11_am9_4,11,2,SATISFIED,1.0148,121524.0,10685.0
SAL-Ei-LM,bom_tubes_p10_ao11_am18_3_m10_ao11_am9_4,11,3,SATISFIED,1.012,121193.0,10730.0
SAL-Ei-LM,bom_tubes_p10_ao11_am18_3_m10_ao11_am9_4,11,4,SATISFIED,1.0173,122368.0,5229.0
SAL-Ei-LM,bom_tubes_p10_ao11_am18_3_m10_ao11_am9_4,11,5,SATISFIED,1.0164,121643.0,5537.0
SAL-Ei-LM,bom_tubes_p10_ao11_am18_3_m10_ao11_am9_4,11,6,SATISFIED,1.0141,122054.0,7466.0
SAL-Ei-LM,bom_tubes_p10_ao11_am18_3_m10_ao11_am9_4,11,7,SATISFIED,1.0168,121556.0,5442.0
SAL-Ei-LM,bom_tubes_p10_ao11_am18_3_m10_ao11_am9_4,11,8,SATISFIED,1.021,122735.0,5534.0
SAL-Ei-LM,bom_tubes_p10_ao11_am18_3_m10_ao11_am9_4,11,9,SATISFIED,1.0177,121388.0,5437.0
SAL-Ei-LM,bom_tubes_p10_ao11_am18_3_m10_ao11_am9_4,11,10,SATISFIED,1.0153,122280.0,8136.0
SAL-Ei-LM,bom_tubes_p10_ao11_am18_3_m10_ao11_am10_5,11,1,SATISFIED,1.0166,24848.0,11252.0
SAL-Ei-LM,bom_tubes_p10_ao11_am18_3_m10_ao11_am10_5,11,2,SATISFIED,1.0169,24881.0,5901.0
SAL-Ei-LM,bom_tubes_p10_ao11_am18_3_m10_ao11_am10_5,11,3,SATISFIED,1.0179,25004.0,5688.0
SAL-Ei-LM,bom_tubes_p10_ao11_am18_3_m10_ao11_am10_5,11,4,SATISFIED,1.0165,24623.0,6071.0
SAL-Ei-LM,bom_tubes_p10_ao11_am18_3_m10_ao11_am10_5,11,5,SATISFIED,1.0165,24686.0,8490.0
SAL-Ei-LM,bom_tubes_p10_ao11_am18_3_m10_ao11_am10_5,11,6,SATISFIED,1.0203,24746.0,5955.0
SAL-Ei-LM,bom_tubes_p10_ao11_am18_3_m10_ao11_am10_5,11,7,SATISFIED,1.019,24684.0,6979.0
SAL-Ei-LM,bom_tubes_p10_ao11_am18_3_m10_ao11_am10_5,11,8,SATISFIED,1.0157,24872.0,11058.0
SAL-Ei-LM,bom_tubes_p10_ao11_am18_3_m10_ao11_am10_5,11,9,SATISFIED,1.018,24888.0,11280.0
SAL-Ei-LM,bom_tubes_p10_ao11_am18_3_m10_ao11_am10_5,11,10,SATISFIED,1.0173,24634.0,11008.0
SAL-Ei-LM,bom_tubes_p10_ao11_am18_3_m25_ao11_am19_2,11,1,SATISFIED,1.0154,38334.0,9166.0
SAL-Ei-LM,bom_tubes_p10_ao11_am18_3_m25_ao11_am19_2,11,2,SATISFIED,1.0215,40648.0,4814.0
SAL-Ei-LM,bom_tubes_p10_ao11_am18_3_m25_ao11_am19_2,11,3,SATISFIED,1.0152,40713.0,5109.0
SAL-Ei-LM,bom_tubes_p10_ao11_am18_3_m25_ao11_am19_2,11,4,SATISFIED,1.0129,42900.0,8629.0
SAL-Ei-LM,bom_tubes_p10_ao11_am18_3_m25_ao11_am19_2,11,5,SATISFIED,1.0143,40583.0,5901.0
SAL-Ei-LM,bom_tubes_p10_ao11_am18_3_m25_ao11_am19_2,11,6,SATISFIED,1.0177,39353.0,4871.0
SAL-Ei-LM,bom_tubes_p10_ao11_am18_3_m25_ao11_am19_2,11,7,SATISFIED,1.0159,39634.0,7719.0
SAL-Ei-LM,bom_tubes_p10_ao11_am18_3_m25_ao11_am19_2,11,8,SATISFIED,1.0147,38624.0,9042.0
SAL-Ei-LM,bom_tubes_p10_ao11_am18_3_m25_ao11_am19_2,11,9,SATISFIED,1.0137,37005.0,9194.0
SAL-Ei-LM,bom_tubes_p10_ao11_am18_3_m25_ao11_am19_2,11,10,SATISFIED,1.013,38842.0,9193.0
SAL-Ei-LM,bom_tubes_p10_ao11_am18_3_m25_ao11_am21_1,11,1,SATISFIED,1.0145,18330.0,9013.0
SAL-Ei-LM,bom_tubes_p10_ao11_am18_3_m25_ao11_am21_1,11,2,SATISFIED,1.0141,18911.0,9009.0
SAL-Ei-LM,bom_tubes_p10_ao11_am18_3_m25_ao11_am21_1,11,3,SATISFIED,1.0145,18168.0,8717.0
SAL-Ei-LM,bom_tubes_p10_ao11_am18_3_m25_ao11_am21_1,11,4,SATISFIED,1.0149,18663.0,9064.0
SAL-Ei-LM,bom_tubes_p10_ao11_am18_3_m25_ao11_am21_1,11,5,SATISFIED,1.0138,19202.0,9014.0
SAL-Ei-LM,bom_tubes_p10_ao11_am18_3_m25_ao11_am21_1,11,6,SATISFIED,1.0151,18473.0,9047.0
SAL-Ei-LM,bom_tubes_p10_ao11_am18_3_m25_ao11_am21_1,11,7,SATISFIED,1.0143,19723.0,5509.0
SAL-Ei-LM,bom_tubes_p10_ao11_am18_3_m25_ao11_am21_1,11,8,SATISFIED,1.0142,18563.0,4840.0
SAL-Ei-LM,bom_tubes_p10_ao11_am18_3_m25_ao11_am21_1,11,9,SATISFIED,1.0143,18805.0,7782.0
SAL-Ei-LM,bom_tubes_p10_ao11_am18_3_m25_ao11_am21_1,11,10,SATISFIED,1.0136,18437.0,7069.0
SAL-Ei-LM,bom_tubes_p10_ao11_am18_3_m25_ao11_am21_3,11,1,SATISFIED,1.0156,65131.0,4762.0
SAL-Ei-LM,bom_tubes_p10_ao11_am18_3_m25_ao11_am21_3,11,2,SATISFIED,1.0155,63277.0,6143.0
SAL-Ei-LM,bom_tubes_p10_ao11_am18_3_m25_ao11_am21_3,11,3,SATISFIED,1.0134,59840.0,8847.0
SAL-Ei-LM,bom_tubes_p10_ao11_am18_3_m25_ao11_am21_3,11,4,SATISFIED,1.0163,62796.0,4703.0
SAL-Ei-LM,bom_tubes_p10_ao11_am18_3_m25_ao11_am21_3,11,5,SATISFIED,1.0171,61077.0,5466.0
SAL-Ei-LM,bom_tubes_p10_ao11_am18_3_m25_ao11_am21_3,11,6,SATISFIED,1.0152,63246.0,8630.0
SAL-Ei-LM,bom_tubes_p10_ao11_am18_3_m25_ao11_am21_3,11,7,SATISFIED,1.0141,61672.0,8727.0
SAL-Ei-LM,bom_tubes_p10_ao11_am18_3_m25_ao11_am21_3,11,8,SATISFIED,1.013,58939.0,8774.0
SAL-Ei-LM,bom_tubes_p10_ao11_am18_3_m25_ao11_am21_3,11,9,SATISFIED,1.0123,62318.0,9143.0
SAL-Ei-LM,bom_tubes_p10_ao11_am18_3_m25_ao11_am21_3,11,10,SATISFIED,1.0135,58732.0,8999.0
SAL-Ei-LM,bom_tubes_p10_ao11_am18_3_m25_ao11_am23_4,11,1,SATISFIED,1.015,47515.0,9084.0
SAL-Ei-LM,bom_tubes_p10_ao11_am18_3_m25_ao11_am23_4,11,2,SATISFIED,1.0147,45294.0,9047.0
SAL-Ei-LM,bom_tubes_p10_ao11_am18_3_m25_ao11_am23_4,11,3,SATISFIED,1.0158,48313.0,9083.0
SAL-Ei-LM,bom_tubes_p10_ao11_am18_3_m25_ao11_am23_4,11,4,SATISFIED,1.0138,50430.0,9095.0
SAL-Ei-LM,bom_tubes_p10_ao11_am18_3_m25_ao11_am23_4,11,5,SATISFIED,1.0125,49292.0,8909.0
SAL-Ei-LM,bom_tubes_p10_ao11_am18_3_m25_ao11_am23_4,11,6,SATISFIED,1.0136,47737.0,8822.0
SAL-Ei-LM,bom_tubes_p10_ao11_am18_3_m25_ao11_am23_4,11,7,SATISFIED,1.0236,48729.0,4715.0
SAL-Ei-LM,bom_tubes_p10_ao11_am18_3_m25_ao11_am23_4,11,8,SATISFIED,1.0181,48578.0,4524.0
SAL-Ei-LM,bom_tubes_p10_ao11_am18_3_m25_ao11_am23_4,11,9,SATISFIED,1.0147,49559.0,6241.0
SAL-Ei-LM,bom_tubes_p10_ao11_am18_3_m25_ao11_am23_4,11,10,SATISFIED,1.0157,51024.0,8802.0
SAL-Ei-LM,bom_tubes_p10_ao11_am18_3_m25_ao11_am24_5,11,1,SATISFIED,1.0148,15485.0,8410.0
SAL-Ei-LM,bom_tubes_p10_ao11_am18_3_m25_ao11_am24_5,11,2,SATISFIED,1.0159,14716.0,8391.0
SAL-Ei-LM,bom_tubes_p10_ao11_am18_3_m25_ao11_am24_5,11,3,SATISFIED,1.0142,15967.0,8541.0
SAL-Ei-LM,bom_tubes_p10_ao11_am18_3_m25_ao11_am24_5,11,4,SATISFIED,1.0142,15063.0,8489.0
SAL-Ei-LM,bom_tubes_p10_ao11_am18_3_m25_ao11_am24_5,11,5,SATISFIED,1.0145,14415.0,8471.0
SAL-Ei-LM,bom_tubes_p10_ao11_am18_3_m25_ao11_am24_5,11,6,SATISFIED,1.0143,14365.0,8368.0
SAL-Ei-LM,bom_tubes_p10_ao11_am18_3_m25_ao11_am24_5,11,7,SATISFIED,1.0145,15228.0,8709.0
SAL-Ei-LM,bom_tubes_p10_ao11_am18_3_m25_ao11_am24_5,11,8,SATISFIED,1.0134,15163.0,8658.0
SAL-Ei-LM,bom_tubes_p10_ao11_am18_3_m25_ao11_am24_5,11,9,SATISFIED,1.0146,15037.0,8423.0
SAL-Ei-LM,bom_tubes_p10_ao11_am18_3_m25_ao11_am24_5,11,10,SATISFIED,1.0147,14806.0,8402.0
SAL-Ei-LM,bom_tubes_p10_ao11_am18_4,11,1,SATISFIED,1.0146,22504.0,13031.0
SAL-Ei-LM,bom_tubes_p10_ao11_am18_4,11,2,SATISFIED,1.0138,21828.0,12762.0
SAL-Ei-LM,bom_tubes_p10_ao11_am18_4,11,3,SATISFIED,1.0131,21884.0,12684.0
SAL-Ei-LM,bom_tubes_p10_ao11_am18_4,11,4,SATISFIED,1.014,22236.0,12681.0
SAL-Ei-LM,bom_tubes_p10_ao11_am18_4,11,5,SATISFIED,1.0131,21936.0,13248.0
SAL-Ei-LM,bom_tubes_p10_ao11_am18_4,11,6,SATISFIED,1.0139,22356.0,13053.0
SAL-Ei-LM,bom_tubes_p10_ao11_am18_4,11,7,SATISFIED,1.0129,21780.0,13170.0
SAL-Ei-LM,bom_tubes_p10_ao11_am18_4,11,8,SATISFIED,1.0142,22528.0,13169.0
SAL-Ei-LM,bom_tubes_p10_ao11_am18_4,11,9,SATISFIED,1.0135,22256.0,13160.0
SAL-Ei-LM,bom_tubes_p10_ao11_am18_4,11,10,SATISFIED,1.0134,21836.0,12778.0
SAL-Ei-LM,bom_tubes_p10_ao11_am18_4_m10_ao11_am8_3,11,1,SATISFIED,1.0142,49399.0,12386.0
SAL-Ei-LM,bom_tubes_p10_ao11_am18_4_m10_ao11_am8_3,11,2,SATISFIED,1.0127,49436.0,12477.0
SAL-Ei-LM,bom_tubes_p10_ao11_am18_4_m10_ao11_am8_3,11,3,SATISFIED,1.0141,49303.0,12164.0
SAL-Ei-LM,bom_tubes_p10_ao11_am18_4_m10_ao11_am8_3,11,4,SATISFIED,1.0122,49447.0,12646.0
SAL-Ei-LM,bom_tubes_p10_ao11_am18_4_m10_ao11_am8_3,11,5,SATISFIED,1.0122,49591.0,12906.0
SAL-Ei-LM,bom_tubes_p10_ao11_am18_4_m10_ao11_am8_3,11,6,SATISFIED,1.0115,49963.0,12953.0
SAL-Ei-LM,bom_tubes_p10_ao11_am18_4_m10_ao11_am8_3,11,7,SATISFIED,1.0135,50056.0,12647.0
SAL-Ei-LM,bom_tubes_p10_ao11_am18_4_m10_ao11_am8_3,11,8,SATISFIED,1.0137,49303.0,12384.0
SAL-Ei-LM,bom_tubes_p10_ao11_am18_4_m10_ao11_am8_3,11,9,SATISFIED,1.0171,49498.0,6596.0
SAL-Ei-LM,bom_tubes_p10_ao11_am18_4_m10_ao11_am8_3,11,10,SATISFIED,1.0166,50087.0,6703.0
SAL-Ei-LM,bom_tubes_p10_ao11_am18_4_m10_ao11_am9_1,11,1,SATISFIED,1.0143,41594.0,8130.0
SAL-Ei-LM,bom_tubes_p10_ao11_am18_4_m10_ao11_am9_1,11,2,SATISFIED,1.0161,41181.0,11098.0
SAL-Ei-LM,bom_tubes_p10_ao11_am18_4_m10_ao11_am9_1,11,3,SATISFIED,1.0154,41625.0,11165.0
SAL-Ei-LM,bom_tubes_p10_ao11_am18_4_m10_ao11_am9_1,11,4,SATISFIED,1.016,41615.0,5859.0
SAL-Ei-LM,bom_tubes_p10_ao11_am18_4_m10_ao11_am9_1,11,5,SATISFIED,1.0176,41579.0,5854.0
SAL-Ei-LM,bom_tubes_p10_ao11_am18_4_m10_ao11_am9_1,11,6,SATISFIED,1.0222,41182.0,5825.0
SAL-Ei-LM,bom_tubes_p10_ao11_am18_4_m10_ao11_am9_1,11,7,SATISFIED,1.0209,41614.0,5708.0
SAL-Ei-LM,bom_tubes_p10_ao11_am18_4_m10_ao11_am9_1,11,8,SATISFIED,1.0185,41712.0,6117.0
SAL-Ei-LM,bom_tubes_p10_ao11_am18_4_m10_ao11_am9_1,11,9,SATISFIED,1.0159,41368.0,5929.0
SAL-Ei-LM,bom_tubes_p10_ao11_am18_4_m10_ao11_am9_1,11,10,SATISFIED,1.0155,41252.0,6022.0
SAL-Ei-LM,bom_tubes_p10_ao11_am18_4_m10_ao11_am9_2,11,1,SATISFIED,1.0159,37381.0,9067.0
SAL-Ei-LM,bom_tubes_p10_ao11_am18_4_m10_ao11_am9_2,11,2,SATISFIED,1.0142,37381.0,14004.0
SAL-Ei-LM,bom_tubes_p10_ao11_am18_4_m10_ao11_am9_2,11,3,SATISFIED,1.0157,37381.0,10120.0
SAL-Ei-LM,bom_tubes_p10_ao11_am18_4_m10_ao11_am9_2,11,4,SATISFIED,1.0171,37381.0,7463.0
SAL-Ei-LM,bom_tubes_p10_ao11_am18_4_m10_ao11_am9_2,11,5,SATISFIED,1.0151,37381.0,7351.0
SAL-Ei-LM,bom_tubes_p10_ao11_am18_4_m10_ao11_am9_2,11,6,SATISFIED,1.0135,37381.0,8895.0
SAL-Ei-LM,bom_tubes_p10_ao11_am18_4_m10_ao11_am9_2,11,7,SATISFIED,1.0157,37381.0,10416.0
SAL-Ei-LM,bom_tubes_p10_ao11_am18_4_m10_ao11_am9_2,11,8,SATISFIED,1.0135,37381.0,7241.0
SAL-Ei-LM,bom_tubes_p10_ao11_am18_4_m10_ao11_am9_2,11,9,SATISFIED,1.0128,37377.0,10524.0
SAL-Ei-LM,bom_tubes_p10_ao11_am18_4_m10_ao11_am9_2,11,10,SATISFIED,1.0138,37381.0,13710.0
SAL-Ei-LM,bom_tubes_p10_ao11_am18_4_m10_ao11_am10_4,11,1,SATISFIED,1.0142,17398.0,9710.0
SAL-Ei-LM,bom_tubes_p10_ao11_am18_4_m10_ao11_am10_4,11,2,SATISFIED,1.0146,16773.0,10022.0
SAL-Ei-LM,bom_tubes_p10_ao11_am18_4_m10_ao11_am10_4,11,3,SATISFIED,1.0136,17466.0,10180.0
SAL-Ei-LM,bom_tubes_p10_ao11_am18_4_m10_ao11_am10_4,11,4,SATISFIED,1.0138,17553.0,10405.0
SAL-Ei-LM,bom_tubes_p10_ao11_am18_4_m10_ao11_am10_4,11,5,SATISFIED,1.0153,17830.0,5293.0
SAL-Ei-LM,bom_tubes_p10_ao11_am18_4_m10_ao11_am10_4,11,6,SATISFIED,1.0168,17037.0,5876.0
SAL-Ei-LM,bom_tubes_p10_ao11_am18_4_m10_ao11_am10_4,11,7,SATISFIED,1.0151,17644.0,9578.0
SAL-Ei-LM,bom_tubes_p10_ao11_am18_4_m10_ao11_am10_4,11,8,SATISFIED,1.0237,16793.0,5180.0
SAL-Ei-LM,bom_tubes_p10_ao11_am18_4_m10_ao11_am10_4,11,9,SATISFIED,1.0147,17487.0,5461.0
SAL-Ei-LM,bom_tubes_p10_ao11_am18_4_m10_ao11_am10_4,11,10,SATISFIED,1.0152,17727.0,7315.0
SAL-Ei-LM,bom_tubes_p10_ao11_am18_4_m10_ao11_am10_5,11,1,SATISFIED,1.0141,32346.0,10650.0
SAL-Ei-LM,bom_tubes_p10_ao11_am18_4_m10_ao11_am10_5,11,2,SATISFIED,1.0144,33219.0,10661.0
SAL-Ei-LM,bom_tubes_p10_ao11_am18_4_m10_ao11_am10_5,11,3,SATISFIED,1.0148,33219.0,10173.0
SAL-Ei-LM,bom_tubes_p10_ao11_am18_4_m10_ao11_am10_5,11,4,SATISFIED,1.0204,31679.0,5260.0
SAL-Ei-LM,bom_tubes_p10_ao11_am18_4_m10_ao11_am10_5,11,5,SATISFIED,1.0223,33551.0,5797.0
SAL-Ei-LM,bom_tubes_p10_ao11_am18_4_m10_ao11_am10_5,11,6,SATISFIED,1.0174,32859.0,9491.0
SAL-Ei-LM,bom_tubes_p10_ao11_am18_4_m10_ao11_am10_5,11,7,SATISFIED,1.0196,31979.0,5227.0
SAL-Ei-LM,bom_tubes_p10_ao11_am18_4_m10_ao11_am10_5,11,8,SATISFIED,1.0231,32359.0,5301.0
SAL-Ei-LM,bom_tubes_p10_ao11_am18_4_m10_ao11_am10_5,11,9,SATISFIED,1.0239,32413.0,5826.0
SAL-Ei-LM,bom_tubes_p10_ao11_am18_4_m10_ao11_am10_5,11,10,SATISFIED,1.0239,32439.0,5242.0
SAL-Ei-LM,bom_tubes_p10_ao11_am18_4_m25_ao11_am19_2,11,1,SATISFIED,1.0175,35419.0,5476.0
SAL-Ei-LM,bom_tubes_p10_ao11_am18_4_m25_ao11_am19_2,11,2,SATISFIED,1.0202,35924.0,4748.0
SAL-Ei-LM,bom_tubes_p10_ao11_am18_4_m25_ao11_am19_2,11,3,SATISFIED,1.017,35308.0,6139.0
SAL-Ei-LM,bom_tubes_p10_ao11_am18_4_m25_ao11_am19_2,11,4,SATISFIED,1.0149,35155.0,9039.0
SAL-Ei-LM,bom_tubes_p10_ao11_am18_4_m25_ao11_am19_2,11,5,SATISFIED,1.0143,35459.0,8988.0
SAL-Ei-LM,bom_tubes_p10_ao11_am18_4_m25_ao11_am19_2,11,6,SATISFIED,1.014,35372.0,9001.0
SAL-Ei-LM,bom_tubes_p10_ao11_am18_4_m25_ao11_am19_2,11,7,SATISFIED,1.0148,35974.0,8928.0
SAL-Ei-LM,bom_tubes_p10_ao11_am18_4_m25_ao11_am19_2,11,8,SATISFIED,1.015,35981.0,8990.0
SAL-Ei-LM,bom_tubes_p10_ao11_am18_4_m25_ao11_am19_2,11,9,SATISFIED,1.0147,36046.0,9085.0
SAL-Ei-LM,bom_tubes_p10_ao11_am18_4_m25_ao11_am19_2,11,10,SATISFIED,1.0149,35415.0,9047.0
SAL-Ei-LM,bom_tubes_p10_ao11_am18_4_m25_ao11_am20_4,11,1,SATISFIED,1.0146,36374.0,5103.0
SAL-Ei-LM,bom_tubes_p10_ao11_am18_4_m25_ao11_am20_4,11,2,SATISFIED,1.0148,37874.0,4983.0
SAL-Ei-LM,bom_tubes_p10_ao11_am18_4_m25_ao11_am20_4,11,3,SATISFIED,1.0177,37338.0,4554.0
SAL-Ei-LM,bom_tubes_p10_ao11_am18_4_m25_ao11_am20_4,11,4,SATISFIED,1.0139,36560.0,4644.0
SAL-Ei-LM,bom_tubes_p10_ao11_am18_4_m25_ao11_am20_4,11,5,SATISFIED,1.0222,38998.0,4740.0
SAL-Ei-LM,bom_tubes_p10_ao11_am18_4_m25_ao11_am20_4,11,6,SATISFIED,1.0196,39422.0,4624.0
SAL-Ei-LM,bom_tubes_p10_ao11_am18_4_m25_ao11_am20_4,11,7,SATISFIED,1.0163,38272.0,5762.0
SAL-Ei-LM,bom_tubes_p10_ao11_am18_4_m25_ao11_am20_4,11,8,SATISFIED,1.0154,36284.0,8775.0
SAL-Ei-LM,bom_tubes_p10_ao11_am18_4_m25_ao11_am20_4,11,9,SATISFIED,1.0141,36732.0,9070.0
SAL-Ei-LM,bom_tubes_p10_ao11_am18_4_m25_ao11_am20_4,11,10,SATISFIED,1.0136,37382.0,8943.0
SAL-Ei-LM,bom_tubes_p10_ao11_am18_4_m25_ao11_am21_5,11,1,SATISFIED,1.0135,16608.0,8726.0
SAL-Ei-LM,bom_tubes_p10_ao11_am18_4_m25_ao11_am21_5,11,2,SATISFIED,1.0137,16326.0,8792.0
SAL-Ei-LM,bom_tubes_p10_ao11_am18_4_m25_ao11_am21_5,11,3,SATISFIED,1.0133,16408.0,9075.0
SAL-Ei-LM,bom_tubes_p10_ao11_am18_4_m25_ao11_am21_5,11,4,SATISFIED,1.0159,15426.0,8791.0
SAL-Ei-LM,bom_tubes_p10_ao11_am18_4_m25_ao11_am21_5,11,5,SATISFIED,1.0145,15166.0,8890.0
SAL-Ei-LM,bom_tubes_p10_ao11_am18_4_m25_ao11_am21_5,11,6,SATISFIED,1.0139,15850.0,4814.0
SAL-Ei-LM,bom_tubes_p10_ao11_am18_4_m25_ao11_am21_5,11,7,SATISFIED,1.0166,16266.0,5048.0
SAL-Ei-LM,bom_tubes_p10_ao11_am18_4_m25_ao11_am21_5,11,8,SATISFIED,1.0132,16436.0,7998.0
SAL-Ei-LM,bom_tubes_p10_ao11_am18_4_m25_ao11_am21_5,11,9,SATISFIED,1.0129,14946.0,8385.0
SAL-Ei-LM,bom_tubes_p10_ao11_am18_4_m25_ao11_am21_5,11,10,SATISFIED,1.0133,16558.0,8685.0
SAL-Ei-LM,bom_tubes_p10_ao11_am18_4_m25_ao11_am22_1,11,1,SATISFIED,1.0158,15916.0,8356.0
SAL-Ei-LM,bom_tubes_p10_ao11_am18_4_m25_ao11_am22_1,11,2,SATISFIED,1.0165,16114.0,8441.0
SAL-Ei-LM,bom_tubes_p10_ao11_am18_4_m25_ao11_am22_1,11,3,SATISFIED,1.0168,15420.0,8450.0
SAL-Ei-LM,bom_tubes_p10_ao11_am18_4_m25_ao11_am22_1,11,4,SATISFIED,1.0156,16496.0,8476.0
SAL-Ei-LM,bom_tubes_p10_ao11_am18_4_m25_ao11_am22_1,11,5,SATISFIED,1.0144,16026.0,8538.0
SAL-Ei-LM,bom_tubes_p10_ao11_am18_4_m25_ao11_am22_1,11,6,SATISFIED,1.0139,16108.0,8533.0
SAL-Ei-LM,bom_tubes_p10_ao11_am18_4_m25_ao11_am22_1,11,7,SATISFIED,1.0146,15974.0,8458.0
SAL-Ei-LM,bom_tubes_p10_ao11_am18_4_m25_ao11_am22_1,11,8,SATISFIED,1.0149,16079.0,8585.0
SAL-Ei-LM,bom_tubes_p10_ao11_am18_4_m25_ao11_am22_1,11,9,SATISFIED,1.0135,16164.0,8393.0
SAL-Ei-LM,bom_tubes_p10_ao11_am18_4_m25_ao11_am22_1,11,10,SATISFIED,1.0146,16134.0,8953.0
SAL-Ei-LM,bom_tubes_p10_ao11_am18_4_m25_ao11_am22_3,11,1,SATISFIED,1.015,31064.0,8670.0
SAL-Ei-LM,bom_tubes_p10_ao11_am18_4_m25_ao11_am22_3,11,2,SATISFIED,1.0145,30688.0,8657.0
SAL-Ei-LM,bom_tubes_p10_ao11_am18_4_m25_ao11_am22_3,11,3,SATISFIED,1.0157,29968.0,8605.0
SAL-Ei-LM,bom_tubes_p10_ao11_am18_4_m25_ao11_am22_3,11,4,SATISFIED,1.0142,29008.0,8647.0
SAL-Ei-LM,bom_tubes_p10_ao11_am18_4_m25_ao11_am22_3,11,5,SATISFIED,1.0147,30244.0,8620.0
SAL-Ei-LM,bom_tubes_p10_ao11_am18_4_m25_ao11_am22_3,11,6,SATISFIED,1.0135,29968.0,8901.0
SAL-Ei-LM,bom_tubes_p10_ao11_am18_4_m25_ao11_am22_3,11,7,SATISFIED,1.0138,30188.0,8983.0
SAL-Ei-LM,bom_tubes_p10_ao11_am18_4_m25_ao11_am22_3,11,8,SATISFIED,1.0127,29968.0,8973.0
SAL-Ei-LM,bom_tubes_p10_ao11_am18_4_m25_ao11_am22_3,11,9,SATISFIED,1.0121,29960.0,8983.0
SAL-Ei-LM,bom_tubes_p10_ao11_am18_4_m25_ao11_am22_3,11,10,SATISFIED,1.0124,30784.0,9026.0
SAL-Ei-LM,bom_tubes_p10_ao11_am18_5,11,1,SATISFIED,1.0122,14432.0,13179.0
SAL-Ei-LM,bom_tubes_p10_ao11_am18_5,11,2,SATISFIED,1.0133,14388.0,12464.0
SAL-Ei-LM,bom_tubes_p10_ao11_am18_5,11,3,SATISFIED,1.0144,14412.0,8917.0
SAL-Ei-LM,bom_tubes_p10_ao11_am18_5,11,4,SATISFIED,1.0144,13936.0,6713.0
SAL-Ei-LM,bom_tubes_p10_ao11_am18_5,11,5,SATISFIED,1.0137,14392.0,6704.0
SAL-Ei-LM,bom_tubes_p10_ao11_am18_5,11,6,SATISFIED,1.0144,13972.0,10683.0
SAL-Ei-LM,bom_tubes_p10_ao11_am18_5,11,7,SATISFIED,1.017,14480.0,6753.0
SAL-Ei-LM,bom_tubes_p10_ao11_am18_5,11,8,SATISFIED,1.0164,14112.0,7516.0
SAL-Ei-LM,bom_tubes_p10_ao11_am18_5,11,9,SATISFIED,1.0138,14492.0,12251.0
SAL-Ei-LM,bom_tubes_p10_ao11_am18_5,11,10,SATISFIED,1.0139,14068.0,12903.0
SAL-Ei-LM,bom_tubes_p10_ao11_am18_5_m10_ao11_am9_1,11,1,SATISFIED,1.0154,36429.0,11658.0
SAL-Ei-LM,bom_tubes_p10_ao11_am18_5_m10_ao11_am9_1,11,2,SATISFIED,1.0146,35876.0,11488.0
SAL-Ei-LM,bom_tubes_p10_ao11_am18_5_m10_ao11_am9_1,11,3,SATISFIED,1.014,36018.0,11736.0
SAL-Ei-LM,bom_tubes_p10_ao11_am18_5_m10_ao11_am9_1,11,4,SATISFIED,1.0131,36132.0,11454.0
SAL-Ei-LM,bom_tubes_p10_ao11_am18_5_m10_ao11_am9_1,11,5,SATISFIED,1.0136,36028.0,11877.0
SAL-Ei-LM,bom_tubes_p10_ao11_am18_5_m10_ao11_am9_1,11,6,SATISFIED,1.0143,36275.0,11919.0
SAL-Ei-LM,bom_tubes_p10_ao11_am18_5_m10_ao11_am9_1,11,7,SATISFIED,1.015,36218.0,11546.0
SAL-Ei-LM,bom_tubes_p10_ao11_am18_5_m10_ao11_am9_1,11,8,SATISFIED,1.0228,36389.0,5804.0
SAL-Ei-LM,bom_tubes_p10_ao11_am18_5_m10_ao11_am9_1,11,9,SATISFIED,1.0176,36313.0,6015.0
SAL-Ei-LM,bom_tubes_p10_ao11_am18_5_m10_ao11_am9_1,11,10,SATISFIED,1.0152,36541.0,6221.0
SAL-Ei-LM,bom_tubes_p10_ao11_am18_5_m10_ao11_am9_2,11,1,SATISFIED,1.0131,20101.0,7287.0
SAL-Ei-LM,bom_tubes_p10_ao11_am18_5_m10_ao11_am9_2,11,2,SATISFIED,1.0138,20587.0,11077.0
SAL-Ei-LM,bom_tubes_p10_ao11_am18_5_m10_ao11_am9_2,11,3,SATISFIED,1.0144,20371.0,10209.0
SAL-Ei-LM,bom_tubes_p10_ao11_am18_5_m10_ao11_am9_2,11,4,SATISFIED,1.0157,20252.0,7591.0
SAL-Ei-LM,bom_tubes_p10_ao11_am18_5_m10_ao11_am9_2,11,5,SATISFIED,1.0158,19657.0,10493.0
SAL-Ei-LM,bom_tubes_p10_ao11_am18_5_m10_ao11_am9_2,11,6,SATISFIED,1.0148,20297.0,14184.0
SAL-Ei-LM,bom_tubes_p10_ao11_am18_5_m10_ao11_am9_2,11,7,SATISFIED,1.0154,19643.0,14119.0
SAL-Ei-LM,bom_tubes_p10_ao11_am18_5_m10_ao11_am9_2,11,8,SATISFIED,1.0141,20178.0,14234.0
SAL-Ei-LM,bom_tubes_p10_ao11_am18_5_m10_ao11_am9_2,11,9,SATISFIED,1.0163,20221.0,7013.0
SAL-Ei-LM,bom_tubes_p10_ao11_am18_5_m10_ao11_am9_2,11,10,SATISFIED,1.0161,19783.0,7677.0
SAL-Ei-LM,bom_tubes_p10_ao11_am18_5_m10_ao11_am10_3,11,1,SATISFIED,1.0132,14538.0,9688.0
SAL-Ei-LM,bom_tubes_p10_ao11_am18_5_m10_ao11_am10_3,11,2,SATISFIED,1.0144,14840.0,7200.0
SAL-Ei-LM,bom_tubes_p10_ao11_am18_5_m10_ao11_am10_3,11,3,SATISFIED,1.0146,14835.0,9537.0
SAL-Ei-LM,bom_tubes_p10_ao11_am18_5_m10_ao11_am10_3,11,4,SATISFIED,1.0324,14412.0,7065.0
SAL-Ei-LM,bom_tubes_p10_ao11_am18_5_m10_ao11_am10_3,11,5,SATISFIED,1.0355,14454.0,6570.0
SAL-Ei-LM,bom_tubes_p10_ao11_am18_5_m10_ao11_am10_3,11,6,SATISFIED,1.0244,14314.0,6699.0
SAL-Ei-LM,bom_tubes_p10_ao11_am18_5_m10_ao11_am10_3,11,7,SATISFIED,1.0185,14353.0,7554.0
SAL-Ei-LM,bom_tubes_p10_ao11_am18_5_m10_ao11_am10_3,11,8,SATISFIED,1.0155,14497.0,9292.0
SAL-Ei-LM,bom_tubes_p10_ao11_am18_5_m10_ao11_am10_3,11,9,SATISFIED,1.0162,14383.0,7152.0
SAL-Ei-LM,bom_tubes_p10_ao11_am18_5_m10_ao11_am10_3,11,10,SATISFIED,1.0138,14378.0,10393.0
SAL-Ei-LM,bom_tubes_p10_ao11_am18_5_m10_ao11_am10_4,11,1,SATISFIED,1.0146,16787.0,10303.0
SAL-Ei-LM,bom_tubes_p10_ao11_am18_5_m10_ao11_am10_4,11,2,SATISFIED,1.0151,16531.0,10172.0
SAL-Ei-LM,bom_tubes_p10_ao11_am18_5_m10_ao11_am10_4,11,3,SATISFIED,1.0142,16825.0,10303.0
SAL-Ei-LM,bom_tubes_p10_ao11_am18_5_m10_ao11_am10_4,11,4,SATISFIED,1.0123,16619.0,10299.0
SAL-Ei-LM,bom_tubes_p10_ao11_am18_5_m10_ao11_am10_4,11,5,SATISFIED,1.0146,16521.0,10236.0
SAL-Ei-LM,bom_tubes_p10_ao11_am18_5_m10_ao11_am10_4,11,6,SATISFIED,1.0147,16749.0,10404.0
SAL-Ei-LM,bom_tubes_p10_ao11_am18_5_m10_ao11_am10_4,11,7,SATISFIED,1.0137,16536.0,5430.0
SAL-Ei-LM,bom_tubes_p10_ao11_am18_5_m10_ao11_am10_4,11,8,SATISFIED,1.0145,16635.0,5189.0
SAL-Ei-LM,bom_tubes_p10_ao11_am18_5_m10_ao11_am10_4,11,9,SATISFIED,1.0231,16786.0,5357.0
SAL-Ei-LM,bom_tubes_p10_ao11_am18_5_m10_ao11_am10_4,11,10,SATISFIED,1.0218,16664.0,5299.0
SAL-Ei-LM,bom_tubes_p10_ao11_am18_5_m10_ao11_am10_5,11,1,SATISFIED,1.0203,13227.0,4953.0
SAL-Ei-LM,bom_tubes_p10_ao11_am18_5_m10_ao11_am10_5,11,2,SATISFIED,1.0197,13083.0,5166.0
SAL-Ei-LM,bom_tubes_p10_ao11_am18_5_m10_ao11_am10_5,11,3,SATISFIED,1.0177,12999.0,5350.0
SAL-Ei-LM,bom_tubes_p10_ao11_am18_5_m10_ao11_am10_5,11,4,SATISFIED,1.015,13303.0,5250.0
SAL-Ei-LM,bom_tubes_p10_ao11_am18_5_m10_ao11_am10_5,11,5,SATISFIED,1.0148,12916.0,5167.0
SAL-Ei-LM,bom_tubes_p10_ao11_am18_5_m10_ao11_am10_5,11,6,SATISFIED,1.0163,13051.0,5132.0
SAL-Ei-LM,bom_tubes_p10_ao11_am18_5_m10_ao11_am10_5,11,7,SATISFIED,1.0172,13203.0,5455.0
SAL-Ei-LM,bom_tubes_p10_ao11_am18_5_m10_ao11_am10_5,11,8,SATISFIED,1.0166,13188.0,5962.0
SAL-Ei-LM,bom_tubes_p10_ao11_am18_5_m10_ao11_am10_5,11,9,SATISFIED,1.0155,13173.0,9582.0
SAL-Ei-LM,bom_tubes_p10_ao11_am18_5_m10_ao11_am10_5,11,10,SATISFIED,1.0157,13183.0,5309.0
SAL-Ei-LM,bom_tubes_p10_ao11_am18_5_m25_ao11_am19_2,11,1,SATISFIED,1.0156,30018.0,4764.0
SAL-Ei-LM,bom_tubes_p10_ao11_am18_5_m25_ao11_am19_2,11,2,SATISFIED,1.018,31078.0,4588.0
SAL-Ei-LM,bom_tubes_p10_ao11_am18_5_m25_ao11_am19_2,11,3,SATISFIED,1.0181,31802.0,4826.0
SAL-Ei-LM,bom_tubes_p10_ao11_am18_5_m25_ao11_am19_2,11,4,SATISFIED,1.0155,30858.0,5654.0
SAL-Ei-LM,bom_tubes_p10_ao11_am18_5_m25_ao11_am19_2,11,5,SATISFIED,1.0155,30364.0,5329.0
SAL-Ei-LM,bom_tubes_p10_ao11_am18_5_m25_ao11_am19_2,11,6,SATISFIED,1.0166,31050.0,4671.0
SAL-Ei-LM,bom_tubes_p10_ao11_am18_5_m25_ao11_am19_2,11,7,SATISFIED,1.0149,30782.0,5332.0
SAL-Ei-LM,bom_tubes_p10_ao11_am18_5_m25_ao11_am19_2,11,8,SATISFIED,1.0159,31088.0,8728.0
SAL-Ei-LM,bom_tubes_p10_ao11_am18_5_m25_ao11_am19_2,11,9,SATISFIED,1.0143,30724.0,9188.0
SAL-Ei-LM,bom_tubes_p10_ao11_am18_5_m25_ao11_am19_2,11,10,SATISFIED,1.0122,31075.0,9213.0
SAL-Ei-LM,bom_tubes_p10_ao11_am18_5_m25_ao11_am19_5,11,1,SATISFIED,1.0125,15552.0,8987.0
SAL-Ei-LM,bom_tubes_p10_ao11_am18_5_m25_ao11_am19_5,11,2,SATISFIED,1.0144,15502.0,8844.0
SAL-Ei-LM,bom_tubes_p10_ao11_am18_5_m25_ao11_am19_5,11,3,SATISFIED,1.0146,16083.0,4757.0
SAL-Ei-LM,bom_tubes_p10_ao11_am18_5_m25_ao11_am19_5,11,4,SATISFIED,1.014,15143.0,4568.0
SAL-Ei-LM,bom_tubes_p10_ao11_am18_5_m25_ao11_am19_5,11,5,SATISFIED,1.0195,16056.0,4632.0
SAL-Ei-LM,bom_tubes_p10_ao11_am18_5_m25_ao11_am19_5,11,6,SATISFIED,1.0184,16454.0,4544.0
SAL-Ei-LM,bom_tubes_p10_ao11_am18_5_m25_ao11_am19_5,11,7,SATISFIED,1.0159,14934.0,4632.0
SAL-Ei-LM,bom_tubes_p10_ao11_am18_5_m25_ao11_am19_5,11,8,SATISFIED,1.0159,14085.0,4597.0
SAL-Ei-LM,bom_tubes_p10_ao11_am18_5_m25_ao11_am19_5,11,9,SATISFIED,1.0154,14961.0,4797.0
SAL-Ei-LM,bom_tubes_p10_ao11_am18_5_m25_ao11_am19_5,11,10,SATISFIED,1.0151,16264.0,4839.0
SAL-Ei-LM,bom_tubes_p10_ao11_am18_5_m25_ao11_am22_1,11,1,SATISFIED,1.0158,18627.0,6519.0
SAL-Ei-LM,bom_tubes_p10_ao11_am18_5_m25_ao11_am22_1,11,2,SATISFIED,1.0141,18432.0,9065.0
SAL-Ei-LM,bom_tubes_p10_ao11_am18_5_m25_ao11_am22_1,11,3,SATISFIED,1.0149,18990.0,9038.0
SAL-Ei-LM,bom_tubes_p10_ao11_am18_5_m25_ao11_am22_1,11,4,SATISFIED,1.013,18435.0,9098.0
SAL-Ei-LM,bom_tubes_p10_ao11_am18_5_m25_ao11_am22_1,11,5,SATISFIED,1.0133,18378.0,9029.0
SAL-Ei-LM,bom_tubes_p10_ao11_am18_5_m25_ao11_am22_1,11,6,SATISFIED,1.0155,17933.0,8196.0
SAL-Ei-LM,bom_tubes_p10_ao11_am18_5_m25_ao11_am22_1,11,7,SATISFIED,1.0189,18415.0,4377.0
SAL-Ei-LM,bom_tubes_p10_ao11_am18_5_m25_ao11_am22_1,11,8,SATISFIED,1.0165,19310.0,4586.0
SAL-Ei-LM,bom_tubes_p10_ao11_am18_5_m25_ao11_am22_1,11,9,SATISFIED,1.0162,19482.0,4704.0
SAL-Ei-LM,bom_tubes_p10_ao11_am18_5_m25_ao11_am22_1,11,10,SATISFIED,1.0193,18033.0,4544.0
SAL-Ei-LM,bom_tubes_p10_ao11_am18_5_m25_ao11_am22_4,11,1,SATISFIED,1.0186,33963.0,4682.0
SAL-Ei-LM,bom_tubes_p10_ao11_am18_5_m25_ao11_am22_4,11,2,SATISFIED,1.0161,33595.0,5757.0
SAL-Ei-LM,bom_tubes_p10_ao11_am18_5_m25_ao11_am22_4,11,3,SATISFIED,1.0167,32492.0,8826.0
SAL-Ei-LM,bom_tubes_p10_ao11_am18_5_m25_ao11_am22_4,11,4,SATISFIED,1.0143,34231.0,8879.0
SAL-Ei-LM,bom_tubes_p10_ao11_am18_5_m25_ao11_am22_4,11,5,SATISFIED,1.0142,34341.0,9086.0
SAL-Ei-LM,bom_tubes_p10_ao11_am18_5_m25_ao11_am22_4,11,6,SATISFIED,1.0157,34228.0,9058.0
SAL-Ei-LM,bom_tubes_p10_ao11_am18_5_m25_ao11_am22_4,11,7,SATISFIED,1.0154,32780.0,9070.0
SAL-Ei-LM,bom_tubes_p10_ao11_am18_5_m25_ao11_am22_4,11,8,SATISFIED,1.0165,32675.0,8778.0
SAL-Ei-LM,bom_tubes_p10_ao11_am18_5_m25_ao11_am22_4,11,9,SATISFIED,1.0215,32729.0,4351.0
SAL-Ei-LM,bom_tubes_p10_ao11_am18_5_m25_ao11_am22_4,11,10,SATISFIED,1.0181,33917.0,4377.0
SAL-Ei-LM,bom_tubes_p10_ao11_am18_5_m25_ao11_am23_3,11,1,SATISFIED,1.0168,19272.0,4761.0
SAL-Ei-LM,bom_tubes_p10_ao11_am18_5_m25_ao11_am23_3,11,2,SATISFIED,1.0171,19312.0,4616.0
SAL-Ei-LM,bom_tubes_p10_ao11_am18_5_m25_ao11_am23_3,11,3,SATISFIED,1.0168,19184.0,4764.0
SAL-Ei-LM,bom_tubes_p10_ao11_am18_5_m25_ao11_am23_3,11,4,SATISFIED,1.0155,18414.0,4639.0
SAL-Ei-LM,bom_tubes_p10_ao11_am18_5_m25_ao11_am23_3,11,5,SATISFIED,1.0206,19914.0,4524.0
SAL-Ei-LM,bom_tubes_p10_ao11_am18_5_m25_ao11_am23_3,11,6,SATISFIED,1.0198,18734.0,4606.0
SAL-Ei-LM,bom_tubes_p10_ao11_am18_5_m25_ao11_am23_3,11,7,SATISFIED,1.0198,19336.0,4667.0
SAL-Ei-LM,bom_tubes_p10_ao11_am18_5_m25_ao11_am23_3,11,8,SATISFIED,1.0176,19474.0,4667.0
SAL-Ei-LM,bom_tubes_p10_ao11_am18_5_m25_ao11_am23_3,11,9,SATISFIED,1.0174,19319.0,4476.0
SAL-Ei-LM,bom_tubes_p10_ao11_am18_5_m25_ao11_am23_3,11,10,SATISFIED,1.0157,18894.0,4801.0
SAL-Ei-LM,bom_tubes_p20_ao12_am18_1,12,1,SATISFIED,1.0156,44735.0,6577.0
SAL-Ei-LM,bom_tubes_p20_ao12_am18_1,12,2,SATISFIED,1.0135,44542.0,6308.0
SAL-Ei-LM,bom_tubes_p20_ao12_am18_1,12,3,SATISFIED,1.0139,46409.0,6246.0
SAL-Ei-LM,bom_tubes_p20_ao12_am18_1,12,4,SATISFIED,1.013,41716.0,6180.0
SAL-Ei-LM,bom_tubes_p20_ao12_am18_1,12,5,SATISFIED,1.0119,40775.0,6244.0
SAL-Ei-LM,bom_tubes_p20_ao12_am18_1,12,6,SATISFIED,1.0138,42642.0,6506.0
SAL-Ei-LM,bom_tubes_p20_ao12_am18_1,12,7,SATISFIED,1.0187,42747.0,6293.0
SAL-Ei-LM,bom_tubes_p20_ao12_am18_1,12,8,SATISFIED,1.0136,45310.0,6571.0
SAL-Ei-LM,bom_tubes_p20_ao12_am18_1,12,9,SATISFIED,1.0186,45442.0,6719.0
SAL-Ei-LM,bom_tubes_p20_ao12_am18_1,12,10,SATISFIED,1.0162,46003.0,6765.0
SAL-Ei-LM,bom_tubes_p20_ao12_am18_1_m13_ao12_am11_3,12,1,SATISFIED,1.0141,45061.0,8126.0
SAL-Ei-LM,bom_tubes_p20_ao12_am18_1_m13_ao12_am11_3,12,2,SATISFIED,1.0165,45221.0,7331.0
SAL-Ei-LM,bom_tubes_p20_ao12_am18_1_m13_ao12_am11_3,12,3,SATISFIED,1.0163,45061.0,6804.0
SAL-Ei-LM,bom_tubes_p20_ao12_am18_1_m13_ao12_am11_3,12,4,SATISFIED,1.0167,45141.0,9127.0
SAL-Ei-LM,bom_tubes_p20_ao12_am18_1_m13_ao12_am11_3,12,5,SATISFIED,1.0136,45141.0,12961.0
SAL-Ei-LM,bom_tubes_p20_ao12_am18_1_m13_ao12_am11_3,12,6,SATISFIED,1.0143,45181.0,6867.0
SAL-Ei-LM,bom_tubes_p20_ao12_am18_1_m13_ao12_am11_3,12,7,SATISFIED,1.013,45081.0,6769.0
SAL-Ei-LM,bom_tubes_p20_ao12_am18_1_m13_ao12_am11_3,12,8,SATISFIED,1.014,45421.0,6888.0
SAL-Ei-LM,bom_tubes_p20_ao12_am18_1_m13_ao12_am11_3,12,9,SATISFIED,1.0157,45201.0,7047.0
SAL-Ei-LM,bom_tubes_p20_ao12_am18_1_m13_ao12_am11_3,12,10,SATISFIED,1.0129,45161.0,10705.0
SAL-Ei-LM,bom_tubes_p20_ao12_am18_1_m13_ao12_am11_5,12,1,SATISFIED,1.0138,143144.0,10209.0
SAL-Ei-LM,bom_tubes_p20_ao12_am18_1_m13_ao12_am11_5,12,2,SATISFIED,1.0139,144382.0,9725.0
SAL-Ei-LM,bom_tubes_p20_ao12_am18_1_m13_ao12_am11_5,12,3,SATISFIED,1.0143,144359.0,10186.0
SAL-Ei-LM,bom_tubes_p20_ao12_am18_1_m13_ao12_am11_5,12,4,SATISFIED,1.0136,143634.0,10205.0
SAL-Ei-LM,bom_tubes_p20_ao12_am18_1_m13_ao12_am11_5,12,5,SATISFIED,1.0128,143550.0,10209.0
SAL-Ei-LM,bom_tubes_p20_ao12_am18_1_m13_ao12_am11_5,12,6,SATISFIED,1.0126,144354.0,10161.0
SAL-Ei-LM,bom_tubes_p20_ao12_am18_1_m13_ao12_am11_5,12,7,SATISFIED,1.0141,142954.0,10190.0
SAL-Ei-LM,bom_tubes_p20_ao12_am18_1_m13_ao12_am11_5,12,8,SATISFIED,1.014,144413.0,10255.0
SAL-Ei-LM,bom_tubes_p20_ao12_am18_1_m13_ao12_am11_5,12,9,SATISFIED,1.0125,143200.0,10257.0
SAL-Ei-LM,bom_tubes_p20_ao12_am18_1_m13_ao12_am11_5,12,10,SATISFIED,1.0122,144223.0,10193.0
SAL-Ei-LM,bom_tubes_p20_ao12_am18_1_m13_ao12_am12_1,12,1,SATISFIED,1.0133,66767.0,12048.0
SAL-Ei-LM,bom_tubes_p20_ao12_am18_1_m13_ao12_am12_1,12,2,SATISFIED,1.0141,66767.0,12118.0
SAL-Ei-LM,bom_tubes_p20_ao12_am18_1_m13_ao12_am12_1,12,3,SATISFIED,1.0135,66767.0,12111.0
SAL-Ei-LM,bom_tubes_p20_ao12_am18_1_m13_ao12_am12_1,12,4,SATISFIED,1.0145,66767.0,12166.0
SAL-Ei-LM,bom_tubes_p20_ao12_am18_1_m13_ao12_am12_1,12,5,SATISFIED,1.0122,66767.0,12041.0
SAL-Ei-LM,bom_tubes_p20_ao12_am18_1_m13_ao12_am12_1,12,6,SATISFIED,1.0138,66767.0,12134.0
SAL-Ei-LM,bom_tubes_p20_ao12_am18_1_m13_ao12_am12_1,12,7,SATISFIED,1.0146,66767.0,11835.0
SAL-Ei-LM,bom_tubes_p20_ao12_am18_1_m13_ao12_am12_1,12,8,SATISFIED,1.0126,66767.0,11676.0
SAL-Ei-LM,bom_tubes_p20_ao12_am18_1_m13_ao12_am12_1,12,9,SATISFIED,1.0129,66767.0,12064.0
SAL-Ei-LM,bom_tubes_p20_ao12_am18_1_m13_ao12_am12_1,12,10,SATISFIED,1.0116,66767.0,6367.0
SAL-Ei-LM,bom_tubes_p20_ao12_am18_1_m13_ao12_am13_2,12,1,SATISFIED,1.0118,41035.0,5495.0
SAL-Ei-LM,bom_tubes_p20_ao12_am18_1_m13_ao12_am13_2,12,2,SATISFIED,1.0098,40391.0,7574.0
SAL-Ei-LM,bom_tubes_p20_ao12_am18_1_m13_ao12_am13_2,12,3,SATISFIED,1.0138,39035.0,5490.0
SAL-Ei-LM,bom_tubes_p20_ao12_am18_1_m13_ao12_am13_2,12,4,SATISFIED,1.0167,38951.0,5321.0
SAL-Ei-LM,bom_tubes_p20_ao12_am18_1_m13_ao12_am13_2,12,5,SATISFIED,1.013,37618.0,5561.0
SAL-Ei-LM,bom_tubes_p20_ao12_am18_1_m13_ao12_am13_2,12,6,SATISFIED,1.0157,40171.0,5626.0
SAL-Ei-LM,bom_tubes_p20_ao12_am18_1_m13_ao12_am13_2,12,7,SATISFIED,1.0176,41301.0,5546.0
SAL-Ei-LM,bom_tubes_p20_ao12_am18_1_m13_ao12_am13_2,12,8,SATISFIED,1.0178,39147.0,7126.0
SAL-Ei-LM,bom_tubes_p20_ao12_am18_1_m13_ao12_am13_2,12,9,SATISFIED,1.0126,38027.0,10270.0
SAL-Ei-LM,bom_tubes_p20_ao12_am18_1_m13_ao12_am13_2,12,10,SATISFIED,1.0149,40855.0,10940.0
SAL-Ei-LM,bom_tubes_p20_ao12_am18_1_m13_ao12_am13_4,12,1,SATISFIED,1.0154,49542.0,9614.0
SAL-Ei-LM,bom_tubes_p20_ao12_am18_1_m13_ao12_am13_4,12,2,SATISFIED,1.0149,49501.0,9661.0
SAL-Ei-LM,bom_tubes_p20_ao12_am18_1_m13_ao12_am13_4,12,3,SATISFIED,1.0131,49485.0,9142.0
SAL-Ei-LM,bom_tubes_p20_ao12_am18_1_m13_ao12_am13_4,12,4,SATISFIED,1.0139,49444.0,9174.0
SAL-Ei-LM,bom_tubes_p20_ao12_am18_1_m13_ao12_am13_4,12,5,SATISFIED,1.0133,49567.0,9059.0
SAL-Ei-LM,bom_tubes_p20_ao12_am18_1_m13_ao12_am13_4,12,6,SATISFIED,1.0149,49393.0,9018.0
SAL-Ei-LM,bom_tubes_p20_ao12_am18_1_m13_ao12_am13_4,12,7,SATISFIED,1.0124,49378.0,8992.0
SAL-Ei-LM,bom_tubes_p20_ao12_am18_1_m13_ao12_am13_4,12,8,SATISFIED,1.0155,49494.0,9190.0
SAL-Ei-LM,bom_tubes_p20_ao12_am18_1_m13_ao12_am13_4,12,9,SATISFIED,1.015,49518.0,8981.0
SAL-Ei-LM,bom_tubes_p20_ao12_am18_1_m13_ao12_am13_4,12,10,SATISFIED,1.0151,49507.0,8911.0
SAL-Ei-LM,bom_tubes_p20_ao12_am18_1_m30_ao12_am19_2,12,1,SATISFIED,1.014,10000.0,8386.0
SAL-Ei-LM,bom_tubes_p20_ao12_am18_1_m30_ao12_am19_2,12,2,SATISFIED,1.0172,9700.0,8319.0
SAL-Ei-LM,bom_tubes_p20_ao12_am18_1_m30_ao12_am19_2,12,3,SATISFIED,1.0169,10150.0,4613.0
SAL-Ei-LM,bom_tubes_p20_ao12_am18_1_m30_ao12_am19_2,12,4,SATISFIED,1.0146,9840.0,4947.0
SAL-Ei-LM,bom_tubes_p20_ao12_am18_1_m30_ao12_am19_2,12,5,SATISFIED,1.0133,10060.0,8198.0
SAL-Ei-LM,bom_tubes_p20_ao12_am18_1_m30_ao12_am19_2,12,6,SATISFIED,1.0145,9780.0,8542.0
SAL-Ei-LM,bom_tubes_p20_ao12_am18_1_m30_ao12_am19_2,12,7,SATISFIED,1.0161,9760.0,4475.0
SAL-Ei-LM,bom_tubes_p20_ao12_am18_1_m30_ao12_am19_2,12,8,SATISFIED,1.0266,10060.0,4660.0
SAL-Ei-LM,bom_tubes_p20_ao12_am18_1_m30_ao12_am19_2,12,9,SATISFIED,1.0158,9975.0,4494.0
SAL-Ei-LM,bom_tubes_p20_ao12_am18_1_m30_ao12_am19_2,12,10,SATISFIED,1.0172,9780.0,4763.0
SAL-Ei-LM,bom_tubes_p20_ao12_am18_1_m30_ao12_am19_5,12,1,SATISFIED,1.0157,64037.0,5967.0
SAL-Ei-LM,bom_tubes_p20_ao12_am18_1_m30_ao12_am19_5,12,2,SATISFIED,1.0154,65607.0,9102.0
SAL-Ei-LM,bom_tubes_p20_ao12_am18_1_m30_ao12_am19_5,12,3,SATISFIED,1.0146,64237.0,9188.0
SAL-Ei-LM,bom_tubes_p20_ao12_am18_1_m30_ao12_am19_5,12,4,SATISFIED,1.0147,59354.0,9137.0
SAL-Ei-LM,bom_tubes_p20_ao12_am18_1_m30_ao12_am19_5,12,5,SATISFIED,1.0147,56063.0,9213.0
SAL-Ei-LM,bom_tubes_p20_ao12_am18_1_m30_ao12_am19_5,12,6,SATISFIED,1.0138,62405.0,9176.0
SAL-Ei-LM,bom_tubes_p20_ao12_am18_1_m30_ao12_am19_5,12,7,SATISFIED,1.0115,57854.0,9267.0
SAL-Ei-LM,bom_tubes_p20_ao12_am18_1_m30_ao12_am19_5,12,8,SATISFIED,1.0129,56847.0,9262.0
SAL-Ei-LM,bom_tubes_p20_ao12_am18_1_m30_ao12_am19_5,12,9,SATISFIED,1.0147,63741.0,9102.0
SAL-Ei-LM,bom_tubes_p20_ao12_am18_1_m30_ao12_am19_5,12,10,SATISFIED,1.0149,57217.0,9201.0
SAL-Ei-LM,bom_tubes_p20_ao12_am18_1_m30_ao12_am20_3,12,1,SATISFIED,1.0149,49345.0,9371.0
SAL-Ei-LM,bom_tubes_p20_ao12_am18_1_m30_ao12_am20_3,12,2,SATISFIED,1.0161,53609.0,8968.0
SAL-Ei-LM,bom_tubes_p20_ao12_am18_1_m30_ao12_am20_3,12,3,SATISFIED,1.0148,51470.0,9269.0
SAL-Ei-LM,bom_tubes_p20_ao12_am18_1_m30_ao12_am20_3,12,4,SATISFIED,1.0141,47872.0,9051.0
SAL-Ei-LM,bom_tubes_p20_ao12_am18_1_m30_ao12_am20_3,12,5,SATISFIED,1.0181,48640.0,9323.0
SAL-Ei-LM,bom_tubes_p20_ao12_am18_1_m30_ao12_am20_3,12,6,SATISFIED,1.014,51849.0,9092.0
SAL-Ei-LM,bom_tubes_p20_ao12_am18_1_m30_ao12_am20_3,12,7,SATISFIED,1.0159,47516.0,8810.0
SAL-Ei-LM,bom_tubes_p20_ao12_am18_1_m30_ao12_am20_3,12,8,SATISFIED,1.0181,54185.0,4843.0
SAL-Ei-LM,bom_tubes_p20_ao12_am18_1_m30_ao12_am20_3,12,9,SATISFIED,1.0186,53645.0,4787.0
SAL-Ei-LM,bom_tubes_p20_ao12_am18_1_m30_ao12_am20_3,12,10,SATISFIED,1.0154,52898.0,6851.0
SAL-Ei-LM,bom_tubes_p20_ao12_am18_1_m30_ao12_am22_1,12,1,SATISFIED,1.0142,61675.0,8832.0
SAL-Ei-LM,bom_tubes_p20_ao12_am18_1_m30_ao12_am22_1,12,2,SATISFIED,1.0175,59130.0,5407.0
SAL-Ei-LM,bom_tubes_p20_ao12_am18_1_m30_ao12_am22_1,12,3,SATISFIED,1.0157,57146.0,4814.0
SAL-Ei-LM,bom_tubes_p20_ao12_am18_1_m30_ao12_am22_1,12,4,SATISFIED,1.0155,62820.0,6755.0
SAL-Ei-LM,bom_tubes_p20_ao12_am18_1_m30_ao12_am22_1,12,5,SATISFIED,1.0172,55007.0,4711.0
SAL-Ei-LM,bom_tubes_p20_ao12_am18_1_m30_ao12_am22_1,12,6,SATISFIED,1.0154,55963.0,5051.0
SAL-Ei-LM,bom_tubes_p20_ao12_am18_1_m30_ao12_am22_1,12,7,SATISFIED,1.0126,61077.0,8330.0
SAL-Ei-LM,bom_tubes_p20_ao12_am18_1_m30_ao12_am22_1,12,8,SATISFIED,1.0144,60516.0,8937.0
SAL-Ei-LM,bom_tubes_p20_ao12_am18_1_m30_ao12_am22_1,12,9,SATISFIED,1.0151,60205.0,8831.0
SAL-Ei-LM,bom_tubes_p20_ao12_am18_1_m30_ao12_am22_1,12,10,SATISFIED,1.0151,59568.0,9050.0
SAL-Ei-LM,bom_tubes_p20_ao12_am18_1_m30_ao12_am23_4,12,1,SATISFIED,1.0151,26323.0,8944.0
SAL-Ei-LM,bom_tubes_p20_ao12_am18_1_m30_ao12_am23_4,12,2,SATISFIED,1.0133,26042.0,9038.0
SAL-Ei-LM,bom_tubes_p20_ao12_am18_1_m30_ao12_am23_4,12,3,SATISFIED,1.0164,25831.0,4747.0
SAL-Ei-LM,bom_tubes_p20_ao12_am18_1_m30_ao12_am23_4,12,4,SATISFIED,1.0248,25914.0,4692.0
SAL-Ei-LM,bom_tubes_p20_ao12_am18_1_m30_ao12_am23_4,12,5,SATISFIED,1.0159,28804.0,4864.0
SAL-Ei-LM,bom_tubes_p20_ao12_am18_1_m30_ao12_am23_4,12,6,SATISFIED,1.0148,28459.0,4624.0
SAL-Ei-LM,bom_tubes_p20_ao12_am18_1_m30_ao12_am23_4,12,7,SATISFIED,1.0149,28469.0,4794.0
SAL-Ei-LM,bom_tubes_p20_ao12_am18_1_m30_ao12_am23_4,12,8,SATISFIED,1.0168,25302.0,6073.0
SAL-Ei-LM,bom_tubes_p20_ao12_am18_1_m30_ao12_am23_4,12,9,SATISFIED,1.0146,27506.0,5084.0
SAL-Ei-LM,bom_tubes_p20_ao12_am18_1_m30_ao12_am23_4,12,10,SATISFIED,1.0151,28587.0,4725.0
SAL-Ei-LM,bom_tubes_p20_ao12_am18_2,12,1,SATISFIED,1.0183,108030.0,6598.0
SAL-Ei-LM,bom_tubes_p20_ao12_am18_2,12,2,SATISFIED,1.0189,106794.0,6624.0
SAL-Ei-LM,bom_tubes_p20_ao12_am18_2,12,3,SATISFIED,1.015,107530.0,7291.0
SAL-Ei-LM,bom_tubes_p20_ao12_am18_2,12,4,SATISFIED,1.0143,110114.0,12163.0
SAL-Ei-LM,bom_tubes_p20_ao12_am18_2,12,5,SATISFIED,1.0165,108942.0,12549.0
SAL-Ei-LM,bom_tubes_p20_ao12_am18_2,12,6,SATISFIED,1.0155,107122.0,12584.0
SAL-Ei-LM,bom_tubes_p20_ao12_am18_2,12,7,SATISFIED,1.0128,107990.0,12600.0
SAL-Ei-LM,bom_tubes_p20_ao12_am18_2,12,8,SATISFIED,1.0172,108074.0,8776.0
SAL-Ei-LM,bom_tubes_p20_ao12_am18_2,12,9,SATISFIED,1.0207,107470.0,6259.0
SAL-Ei-LM,bom_tubes_p20_ao12_am18_2,12,10,SATISFIED,1.0184,107394.0,6711.0
SAL-Ei-LM,bom_tubes_p20_ao12_am18_2_m13_ao12_am12_2,12,1,SATISFIED,1.0142,186940.0,7157.0
SAL-Ei-LM,bom_tubes_p20_ao12_am18_2_m13_ao12_am12_2,12,2,SATISFIED,1.0168,186710.0,5640.0
SAL-Ei-LM,bom_tubes_p20_ao12_am18_2_m13_ao12_am12_2,12,3,SATISFIED,1.0197,186421.0,5972.0
SAL-Ei-LM,bom_tubes_p20_ao12_am18_2_m13_ao12_am12_2,12,4,SATISFIED,1.0176,186528.0,6626.0
SAL-Ei-LM,bom_tubes_p20_ao12_am18_2_m13_ao12_am12_2,12,5,SATISFIED,1.0163,186597.0,6172.0
SAL-Ei-LM,bom_tubes_p20_ao12_am18_2_m13_ao12_am12_2,12,6,SATISFIED,1.0151,186357.0,7406.0
SAL-Ei-LM,bom_tubes_p20_ao12_am18_2_m13_ao12_am12_2,12,7,SATISFIED,1.0148,186647.0,11087.0
SAL-Ei-LM,bom_tubes_p20_ao12_am18_2_m13_ao12_am12_2,12,8,SATISFIED,1.0156,186608.0,8383.0
SAL-Ei-LM,bom_tubes_p20_ao12_am18_2_m13_ao12_am12_2,12,9,SATISFIED,1.0145,186646.0,6083.0
SAL-Ei-LM,bom_tubes_p20_ao12_am18_2_m13_ao12_am12_2,12,10,SATISFIED,1.0171,186722.0,9785.0
SAL-Ei-LM,bom_tubes_p20_ao12_am18_2_m13_ao12_am12_3,12,1,SATISFIED,1.0147,237785.0,9114.0
SAL-Ei-LM,bom_tubes_p20_ao12_am18_2_m13_ao12_am12_3,12,2,SATISFIED,1.0154,238088.0,6902.0
SAL-Ei-LM,bom_tubes_p20_ao12_am18_2_m13_ao12_am12_3,12,3,SATISFIED,1.0144,238054.0,11038.0
SAL-Ei-LM,bom_tubes_p20_ao12_am18_2_m13_ao12_am12_3,12,4,SATISFIED,1.014,237642.0,12772.0
SAL-Ei-LM,bom_tubes_p20_ao12_am18_2_m13_ao12_am12_3,12,5,SATISFIED,1.0142,237843.0,12874.0
SAL-Ei-LM,bom_tubes_p20_ao12_am18_2_m13_ao12_am12_3,12,6,SATISFIED,1.0119,237657.0,12511.0
SAL-Ei-LM,bom_tubes_p20_ao12_am18_2_m13_ao12_am12_3,12,7,SATISFIED,1.0131,237621.0,12607.0
SAL-Ei-LM,bom_tubes_p20_ao12_am18_2_m13_ao12_am12_3,12,8,SATISFIED,1.0147,238024.0,12763.0
SAL-Ei-LM,bom_tubes_p20_ao12_am18_2_m13_ao12_am12_3,12,9,SATISFIED,1.0128,237489.0,12822.0
SAL-Ei-LM,bom_tubes_p20_ao12_am18_2_m13_ao12_am12_3,12,10,SATISFIED,1.0124,237849.0,12830.0
SAL-Ei-LM,bom_tubes_p20_ao12_am18_2_m13_ao12_am13_1,12,1,SATISFIED,1.0104,458306.0,10636.0
SAL-Ei-LM,bom_tubes_p20_ao12_am18_2_m13_ao12_am13_1,12,2,SATISFIED,1.0113,458167.0,10922.0
SAL-Ei-LM,bom_tubes_p20_ao12_am18_2_m13_ao12_am13_1,12,3,SATISFIED,1.014,458603.0,10928.0
SAL-Ei-LM,bom_tubes_p20_ao12_am18_2_m13_ao12_am13_1,12,4,SATISFIED,1.0132,458560.0,10828.0
SAL-Ei-LM,bom_tubes_p20_ao12_am18_2_m13_ao12_am13_1,12,5,SATISFIED,1.0133,458311.0,10854.0
SAL-Ei-LM,bom_tubes_p20_ao12_am18_2_m13_ao12_am13_1,12,6,SATISFIED,1.0163,459219.0,10885.0
SAL-Ei-LM,bom_tubes_p20_ao12_am18_2_m13_ao12_am13_1,12,7,SATISFIED,1.0145,458775.0,10880.0
SAL-Ei-LM,bom_tubes_p20_ao12_am18_2_m13_ao12_am13_1,12,8,SATISFIED,1.0152,458939.0,6374.0
SAL-Ei-LM,bom_tubes_p20_ao12_am18_2_m13_ao12_am13_1,12,9,SATISFIED,1.0153,459505.0,5714.0
SAL-Ei-LM,bom_tubes_p20_ao12_am18_2_m13_ao12_am13_1,12,10,SATISFIED,1.015,458059.0,8196.0
SAL-Ei-LM,bom_tubes_p20_ao12_am18_2_m13_ao12_am13_4,12,1,SATISFIED,1.0124,798705.0,11023.0
SAL-Ei-LM,bom_tubes_p20_ao12_am18_2_m13_ao12_am13_4,12,2,SATISFIED,1.0124,798630.0,11113.0
SAL-Ei-LM,bom_tubes_p20_ao12_am18_2_m13_ao12_am13_4,12,3,SATISFIED,1.0131,799391.0,11067.0
SAL-Ei-LM,bom_tubes_p20_ao12_am18_2_m13_ao12_am13_4,12,4,SATISFIED,1.0126,798854.0,11093.0
SAL-Ei-LM,bom_tubes_p20_ao12_am18_2_m13_ao12_am13_4,12,5,SATISFIED,1.0148,799041.0,10990.0
SAL-Ei-LM,bom_tubes_p20_ao12_am18_2_m13_ao12_am13_4,12,6,SATISFIED,1.0135,798583.0,10574.0
SAL-Ei-LM,bom_tubes_p20_ao12_am18_2_m13_ao12_am13_4,12,7,SATISFIED,1.0141,798990.0,10842.0
SAL-Ei-LM,bom_tubes_p20_ao12_am18_2_m13_ao12_am13_4,12,8,SATISFIED,1.0141,799600.0,10875.0
SAL-Ei-LM,bom_tubes_p20_ao12_am18_2_m13_ao12_am13_4,12,9,SATISFIED,1.0143,799744.0,10806.0
SAL-Ei-LM,bom_tubes_p20_ao12_am18_2_m13_ao12_am13_4,12,10,SATISFIED,1.0155,800054.0,5730.0
SAL-Ei-LM,bom_tubes_p20_ao12_am18_2_m13_ao12_am13_5,12,1,SATISFIED,1.0166,286834.0,5263.0
SAL-Ei-LM,bom_tubes_p20_ao12_am18_2_m13_ao12_am13_5,12,2,SATISFIED,1.0165,287881.0,5236.0
SAL-Ei-LM,bom_tubes_p20_ao12_am18_2_m13_ao12_am13_5,12,3,SATISFIED,1.0166,280161.0,4940.0
SAL-Ei-LM,bom_tubes_p20_ao12_am18_2_m13_ao12_am13_5,12,4,SATISFIED,1.0163,275184.0,5176.0
SAL-Ei-LM,bom_tubes_p20_ao12_am18_2_m13_ao12_am13_5,12,5,SATISFIED,1.0149,256064.0,5243.0
SAL-Ei-LM,bom_tubes_p20_ao12_am18_2_m13_ao12_am13_5,12,6,SATISFIED,1.0142,248014.0,6286.0
SAL-Ei-LM,bom_tubes_p20_ao12_am18_2_m13_ao12_am13_5,12,7,SATISFIED,1.0127,276101.0,9918.0
SAL-Ei-LM,bom_tubes_p20_ao12_am18_2_m13_ao12_am13_5,12,8,SATISFIED,1.014,280614.0,5141.0
SAL-Ei-LM,bom_tubes_p20_ao12_am18_2_m13_ao12_am13_5,12,9,SATISFIED,1.0119,274932.0,5081.0
SAL-Ei-LM,bom_tubes_p20_ao12_am18_2_m13_ao12_am13_5,12,10,SATISFIED,1.0143,251149.0,6899.0
SAL-Ei-LM,bom_tubes_p20_ao12_am18_2_m30_ao12_am19_3,12,1,SATISFIED,1.0142,54637.0,8805.0
SAL-Ei-LM,bom_tubes_p20_ao12_am18_2_m30_ao12_am19_3,12,2,SATISFIED,1.0143,56647.0,8452.0
SAL-Ei-LM,bom_tubes_p20_ao12_am18_2_m30_ao12_am19_3,12,3,SATISFIED,1.0123,55616.0,8686.0
SAL-Ei-LM,bom_tubes_p20_ao12_am18_2_m30_ao12_am19_3,12,4,SATISFIED,1.0133,55823.0,8706.0
SAL-Ei-LM,bom_tubes_p20_ao12_am18_2_m30_ao12_am19_3,12,5,SATISFIED,1.0163,55298.0,8786.0
SAL-Ei-LM,bom_tubes_p20_ao12_am18_2_m30_ao12_am19_3,12,6,SATISFIED,1.0156,55812.0,8868.0
SAL-Ei-LM,bom_tubes_p20_ao12_am18_2_m30_ao12_am19_3,12,7,SATISFIED,1.0131,55543.0,8842.0
SAL-Ei-LM,bom_tubes_p20_ao12_am18_2_m30_ao12_am19_3,12,8,SATISFIED,1.0154,55272.0,4829.0
SAL-Ei-LM,bom_tubes_p20_ao12_am18_2_m30_ao12_am19_3,12,9,SATISFIED,1.0161,55732.0,4880.0
SAL-Ei-LM,bom_tubes_p20_ao12_am18_2_m30_ao12_am19_3,12,10,SATISFIED,1.014,56467.0,6516.0
SAL-Ei-LM,bom_tubes_p20_ao12_am18_2_m30_ao12_am19_4,12,1,SATISFIED,1.0132,226006.0,9085.0
SAL-Ei-LM,bom_tubes_p20_ao12_am18_2_m30_ao12_am19_4,12,2,SATISFIED,1.0124,227200.0,9154.0
SAL-Ei-LM,bom_tubes_p20_ao12_am18_2_m30_ao12_am19_4,12,3,SATISFIED,1.0142,226820.0,9105.0
SAL-Ei-LM,bom_tubes_p20_ao12_am18_2_m30_ao12_am19_4,12,4,SATISFIED,1.0142,205952.0,9066.0
SAL-Ei-LM,bom_tubes_p20_ao12_am18_2_m30_ao12_am19_4,12,5,SATISFIED,1.0144,202684.0,9108.0
SAL-Ei-LM,bom_tubes_p20_ao12_am18_2_m30_ao12_am19_4,12,6,SATISFIED,1.0148,224948.0,9170.0
SAL-Ei-LM,bom_tubes_p20_ao12_am18_2_m30_ao12_am19_4,12,7,SATISFIED,1.0165,225178.0,4466.0
SAL-Ei-LM,bom_tubes_p20_ao12_am18_2_m30_ao12_am19_4,12,8,SATISFIED,1.0162,225526.0,4683.0
SAL-Ei-LM,bom_tubes_p20_ao12_am18_2_m30_ao12_am19_4,12,9,SATISFIED,1.0177,219098.0,4756.0
SAL-Ei-LM,bom_tubes_p20_ao12_am18_2_m30_ao12_am19_4,12,10,SATISFIED,1.0178,206059.0,4735.0
SAL-Ei-LM,bom_tubes_p20_ao12_am18_2_m30_ao12_am20_1,12,1,SATISFIED,1.0161,187677.0,6744.0
SAL-Ei-LM,bom_tubes_p20_ao12_am18_2_m30_ao12_am20_1,12,2,SATISFIED,1.0136,210010.0,9009.0
SAL-Ei-LM,bom_tubes_p20_ao12_am18_2_m30_ao12_am20_1,12,3,SATISFIED,1.0155,187796.0,8941.0
SAL-Ei-LM,bom_tubes_p20_ao12_am18_2_m30_ao12_am20_1,12,4,SATISFIED,1.0131,174544.0,8741.0
SAL-Ei-LM,bom_tubes_p20_ao12_am18_2_m30_ao12_am20_1,12,5,SATISFIED,1.0169,181744.0,8707.0
SAL-Ei-LM,bom_tubes_p20_ao12_am18_2_m30_ao12_am20_1,12,6,SATISFIED,1.0171,188621.0,5512.0
SAL-Ei-LM,bom_tubes_p20_ao12_am18_2_m30_ao12_am20_1,12,7,SATISFIED,1.0169,188228.0,4720.0
SAL-Ei-LM,bom_tubes_p20_ao12_am18_2_m30_ao12_am20_1,12,8,SATISFIED,1.0156,173517.0,6826.0
SAL-Ei-LM,bom_tubes_p20_ao12_am18_2_m30_ao12_am20_1,12,9,SATISFIED,1.0146,190084.0,8556.0
SAL-Ei-LM,bom_tubes_p20_ao12_am18_2_m30_ao12_am20_1,12,10,SATISFIED,1.0153,199118.0,8721.0
SAL-Ei-LM,bom_tubes_p20_ao12_am18_2_m30_ao12_am21_2,12,1,SATISFIED,1.0146,44283.0,9191.0
SAL-Ei-LM,bom_tubes_p20_ao12_am18_2_m30_ao12_am21_2,12,2,SATISFIED,1.0149,44047.0,9182.0
SAL-Ei-LM,bom_tubes_p20_ao12_am18_2_m30_ao12_am21_2,12,3,SATISFIED,1.0142,43651.0,9242.0
SAL-Ei-LM,bom_tubes_p20_ao12_am18_2_m30_ao12_am21_2,12,4,SATISFIED,1.017,44252.0,4687.0
SAL-Ei-LM,bom_tubes_p20_ao12_am18_2_m30_ao12_am21_2,12,5,SATISFIED,1.0169,44575.0,4521.0
SAL-Ei-LM,bom_tubes_p20_ao12_am18_2_m30_ao12_am21_2,12,6,SATISFIED,1.0146,43843.0,6151.0
SAL-Ei-LM,bom_tubes_p20_ao12_am18_2_m30_ao12_am21_2,12,7,SATISFIED,1.02,43832.0,7126.0
SAL-Ei-LM,bom_tubes_p20_ao12_am18_2_m30_ao12_am21_2,12,8,SATISFIED,1.0179,43575.0,5684.0
SAL-Ei-LM,bom_tubes_p20_ao12_am18_2_m30_ao12_am21_2,12,9,SATISFIED,1.0181,44175.0,5642.0
SAL-Ei-LM,bom_tubes_p20_ao12_am18_2_m30_ao12_am21_2,12,10,SATISFIED,1.0176,43802.0,4555.0
SAL-Ei-LM,bom_tubes_p20_ao12_am18_2_m30_ao12_am21_5,12,1,SATISFIED,1.0169,59984.0,4561.0
SAL-Ei-LM,bom_tubes_p20_ao12_am18_2_m30_ao12_am21_5,12,2,SATISFIED,1.0164,59005.0,4639.0
SAL-Ei-LM,bom_tubes_p20_ao12_am18_2_m30_ao12_am21_5,12,3,SATISFIED,1.0178,64078.0,4762.0
SAL-Ei-LM,bom_tubes_p20_ao12_am18_2_m30_ao12_am21_5,12,4,SATISFIED,1.0154,72676.0,6937.0
SAL-Ei-LM,bom_tubes_p20_ao12_am18_2_m30_ao12_am21_5,12,5,SATISFIED,1.0163,62832.0,4461.0
SAL-Ei-LM,bom_tubes_p20_ao12_am18_2_m30_ao12_am21_5,12,6,SATISFIED,1.0166,60487.0,4669.0
SAL-Ei-LM,bom_tubes_p20_ao12_am18_2_m30_ao12_am21_5,12,7,SATISFIED,1.017,64089.0,5785.0
SAL-Ei-LM,bom_tubes_p20_ao12_am18_2_m30_ao12_am21_5,12,8,SATISFIED,1.0165,63910.0,8641.0
SAL-Ei-LM,bom_tubes_p20_ao12_am18_2_m30_ao12_am21_5,12,9,SATISFIED,1.0155,69183.0,8701.0
SAL-Ei-LM,bom_tubes_p20_ao12_am18_2_m30_ao12_am21_5,12,10,SATISFIED,1.0151,69158.0,9055.0
SAL-Ei-LM,bom_tubes_p20_ao12_am18_3,12,1,SATISFIED,1.0173,30648.0,6827.0
SAL-Ei-LM,bom_tubes_p20_ao12_am18_3,12,2,SATISFIED,1.0188,30652.0,7034.0
SAL-Ei-LM,bom_tubes_p20_ao12_am18_3,12,3,SATISFIED,1.0161,30976.0,9056.0
SAL-Ei-LM,bom_tubes_p20_ao12_am18_3,12,4,SATISFIED,1.0149,30880.0,11219.0
SAL-Ei-LM,bom_tubes_p20_ao12_am18_3,12,5,SATISFIED,1.0143,30368.0,6926.0
SAL-Ei-LM,bom_tubes_p20_ao12_am18_3,12,6,SATISFIED,1.0167,29664.0,6542.0
SAL-Ei-LM,bom_tubes_p20_ao12_am18_3,12,7,SATISFIED,1.0127,31736.0,6641.0
SAL-Ei-LM,bom_tubes_p20_ao12_am18_3,12,8,SATISFIED,1.0116,31768.0,10023.0
SAL-Ei-LM,bom_tubes_p20_ao12_am18_3,12,9,SATISFIED,1.0117,31816.0,7065.0
SAL-Ei-LM,bom_tubes_p20_ao12_am18_3,12,10,SATISFIED,1.014,31736.0,6685.0
SAL-Ei-LM,bom_tubes_p20_ao12_am18_3_m13_ao12_am11_3,12,1,SATISFIED,1.0104,13908.0,9159.0
SAL-Ei-LM,bom_tubes_p20_ao12_am18_3_m13_ao12_am11_3,12,2,SATISFIED,1.0098,13968.0,13069.0
SAL-Ei-LM,bom_tubes_p20_ao12_am18_3_m13_ao12_am11_3,12,3,SATISFIED,1.0099,13783.0,12922.0
SAL-Ei-LM,bom_tubes_p20_ao12_am18_3_m13_ao12_am11_3,12,4,SATISFIED,1.0094,13876.0,12914.0
SAL-Ei-LM,bom_tubes_p20_ao12_am18_3_m13_ao12_am11_3,12,5,SATISFIED,1.0093,14220.0,12965.0
SAL-Ei-LM,bom_tubes_p20_ao12_am18_3_m13_ao12_am11_3,12,6,SATISFIED,1.0088,13876.0,13033.0
SAL-Ei-LM,bom_tubes_p20_ao12_am18_3_m13_ao12_am11_3,12,7,SATISFIED,1.0101,13972.0,12925.0
SAL-Ei-LM,bom_tubes_p20_ao12_am18_3_m13_ao12_am11_3,12,8,SATISFIED,1.0096,13968.0,12689.0
SAL-Ei-LM,bom_tubes_p20_ao12_am18_3_m13_ao12_am11_3,12,9,SATISFIED,1.0094,14142.0,12833.0
SAL-Ei-LM,bom_tubes_p20_ao12_am18_3_m13_ao12_am11_3,12,10,SATISFIED,1.0103,13876.0,12897.0
SAL-Ei-LM,bom_tubes_p20_ao12_am18_3_m13_ao12_am12_1,12,1,SATISFIED,1.0102,31574.0,11559.0
SAL-Ei-LM,bom_tubes_p20_ao12_am18_3_m13_ao12_am12_1,12,2,SATISFIED,1.0095,31770.0,11476.0
SAL-Ei-LM,bom_tubes_p20_ao12_am18_3_m13_ao12_am12_1,12,3,SATISFIED,1.0093,31254.0,10985.0
SAL-Ei-LM,bom_tubes_p20_ao12_am18_3_m13_ao12_am12_1,12,4,SATISFIED,1.0118,32054.0,5899.0
SAL-Ei-LM,bom_tubes_p20_ao12_am18_3_m13_ao12_am12_1,12,5,SATISFIED,1.0144,31898.0,6084.0
SAL-Ei-LM,bom_tubes_p20_ao12_am18_3_m13_ao12_am12_1,12,6,SATISFIED,1.0126,31974.0,6070.0
SAL-Ei-LM,bom_tubes_p20_ao12_am18_3_m13_ao12_am12_1,12,7,SATISFIED,1.0105,32038.0,9401.0
SAL-Ei-LM,bom_tubes_p20_ao12_am18_3_m13_ao12_am12_1,12,8,SATISFIED,1.0096,32346.0,11514.0
SAL-Ei-LM,bom_tubes_p20_ao12_am18_3_m13_ao12_am12_1,12,9,SATISFIED,1.0099,31294.0,11131.0
SAL-Ei-LM,bom_tubes_p20_ao12_am18_3_m13_ao12_am12_1,12,10,SATISFIED,1.0116,31654.0,5907.0
SAL-Ei-LM,bom_tubes_p20_ao12_am18_3_m13_ao12_am12_2,12,1,SATISFIED,1.0148,47776.0,6466.0
SAL-Ei-LM,bom_tubes_p20_ao12_am18_3_m13_ao12_am12_2,12,2,SATISFIED,1.0138,47777.0,6157.0
SAL-Ei-LM,bom_tubes_p20_ao12_am18_3_m13_ao12_am12_2,12,3,SATISFIED,1.0143,47686.0,6537.0
SAL-Ei-LM,bom_tubes_p20_ao12_am18_3_m13_ao12_am12_2,12,4,SATISFIED,1.014,47732.0,6706.0
SAL-Ei-LM,bom_tubes_p20_ao12_am18_3_m13_ao12_am12_2,12,5,SATISFIED,1.0158,47726.0,7080.0
SAL-Ei-LM,bom_tubes_p20_ao12_am18_3_m13_ao12_am12_2,12,6,SATISFIED,1.0171,47796.0,6344.0
SAL-Ei-LM,bom_tubes_p20_ao12_am18_3_m13_ao12_am12_2,12,7,SATISFIED,1.015,47836.0,9077.0
SAL-Ei-LM,bom_tubes_p20_ao12_am18_3_m13_ao12_am12_2,12,8,SATISFIED,1.0134,47804.0,12208.0
SAL-Ei-LM,bom_tubes_p20_ao12_am18_3_m13_ao12_am12_2,12,9,SATISFIED,1.0115,47876.0,12574.0
SAL-Ei-LM,bom_tubes_p20_ao12_am18_3_m13_ao12_am12_2,12,10,SATISFIED,1.012,47850.0,12312.0
SAL-Ei-LM,bom_tubes_p20_ao12_am18_3_m13_ao12_am13_4,12,1,SATISFIED,1.0129,16025.0,8738.0
SAL-Ei-LM,bom_tubes_p20_ao12_am18_3_m13_ao12_am13_4,12,2,SATISFIED,1.0164,15925.0,4672.0
SAL-Ei-LM,bom_tubes_p20_ao12_am18_3_m13_ao12_am13_4,12,3,SATISFIED,1.0116,16398.0,5538.0
SAL-Ei-LM,bom_tubes_p20_ao12_am18_3_m13_ao12_am13_4,12,4,SATISFIED,1.0118,16081.0,4683.0
SAL-Ei-LM,bom_tubes_p20_ao12_am18_3_m13_ao12_am13_4,12,5,SATISFIED,1.0153,15763.0,4752.0
SAL-Ei-LM,bom_tubes_p20_ao12_am18_3_m13_ao12_am13_4,12,6,SATISFIED,1.0098,15811.0,6417.0
SAL-Ei-LM,bom_tubes_p20_ao12_am18_3_m13_ao12_am13_4,12,7,SATISFIED,1.009,15936.0,9684.0
SAL-Ei-LM,bom_tubes_p20_ao12_am18_3_m13_ao12_am13_4,12,8,SATISFIED,1.0088,15985.0,9708.0
SAL-Ei-LM,bom_tubes_p20_ao12_am18_3_m13_ao12_am13_4,12,9,SATISFIED,1.009,15951.0,9641.0
SAL-Ei-LM,bom_tubes_p20_ao12_am18_3_m13_ao12_am13_4,12,10,SATISFIED,1.0089,16052.0,9477.0
SAL-Ei-LM,bom_tubes_p20_ao12_am18_3_m13_ao12_am13_5,12,1,SATISFIED,1.0095,28320.0,10577.0
SAL-Ei-LM,bom_tubes_p20_ao12_am18_3_m13_ao12_am13_5,12,2,SATISFIED,1.0125,28234.0,10522.0
SAL-Ei-LM,bom_tubes_p20_ao12_am18_3_m13_ao12_am13_5,12,3,SATISFIED,1.0146,28830.0,10323.0
SAL-Ei-LM,bom_tubes_p20_ao12_am18_3_m13_ao12_am13_5,12,4,SATISFIED,1.0152,28080.0,10379.0
SAL-Ei-LM,bom_tubes_p20_ao12_am18_3_m13_ao12_am13_5,12,5,SATISFIED,1.0146,28954.0,10407.0
SAL-Ei-LM,bom_tubes_p20_ao12_am18_3_m13_ao12_am13_5,12,6,SATISFIED,1.015,28128.0,10607.0
SAL-Ei-LM,bom_tubes_p20_ao12_am18_3_m13_ao12_am13_5,12,7,SATISFIED,1.0138,30344.0,10591.0
SAL-Ei-LM,bom_tubes_p20_ao12_am18_3_m13_ao12_am13_5,12,8,SATISFIED,1.0141,28400.0,10404.0
SAL-Ei-LM,bom_tubes_p20_ao12_am18_3_m13_ao12_am13_5,12,9,SATISFIED,1.0136,28124.0,10544.0
SAL-Ei-LM,bom_tubes_p20_ao12_am18_3_m13_ao12_am13_5,12,10,SATISFIED,1.0136,27890.0,10655.0
SAL-Ei-LM,bom_tubes_p20_ao12_am18_3_m30_ao12_am20_1,12,1,SATISFIED,1.0117,22000.0,9146.0
SAL-Ei-LM,bom_tubes_p20_ao12_am18_3_m30_ao12_am20_1,12,2,SATISFIED,1.0126,21769.0,9206.0
SAL-Ei-LM,bom_tubes_p20_ao12_am18_3_m30_ao12_am20_1,12,3,SATISFIED,1.0172,22133.0,7763.0
SAL-Ei-LM,bom_tubes_p20_ao12_am18_3_m30_ao12_am20_1,12,4,SATISFIED,1.0158,20697.0,7850.0
SAL-Ei-LM,bom_tubes_p20_ao12_am18_3_m30_ao12_am20_1,12,5,SATISFIED,1.0145,21403.0,9139.0
SAL-Ei-LM,bom_tubes_p20_ao12_am18_3_m30_ao12_am20_1,12,6,SATISFIED,1.0137,23428.0,8465.0
SAL-Ei-LM,bom_tubes_p20_ao12_am18_3_m30_ao12_am20_1,12,7,SATISFIED,1.012,22012.0,9088.0
SAL-Ei-LM,bom_tubes_p20_ao12_am18_3_m30_ao12_am20_1,12,8,SATISFIED,1.013,22180.0,9114.0
SAL-Ei-LM,bom_tubes_p20_ao12_am18_3_m30_ao12_am20_1,12,9,SATISFIED,1.0175,21782.0,4445.0
SAL-Ei-LM,bom_tubes_p20_ao12_am18_3_m30_ao12_am20_1,12,10,SATISFIED,1.0169,22517.0,4724.0
SAL-Ei-LM,bom_tubes_p20_ao12_am18_3_m30_ao12_am20_3,12,1,SATISFIED,1.0149,25084.0,5147.0
SAL-Ei-LM,bom_tubes_p20_ao12_am18_3_m30_ao12_am20_3,12,2,SATISFIED,1.0137,25952.0,8580.0
SAL-Ei-LM,bom_tubes_p20_ao12_am18_3_m30_ao12_am20_3,12,3,SATISFIED,1.0134,25134.0,8878.0
SAL-Ei-LM,bom_tubes_p20_ao12_am18_3_m30_ao12_am20_3,12,4,SATISFIED,1.0156,26274.0,4671.0
SAL-Ei-LM,bom_tubes_p20_ao12_am18_3_m30_ao12_am20_3,12,5,SATISFIED,1.0159,25148.0,4811.0
SAL-Ei-LM,bom_tubes_p20_ao12_am18_3_m30_ao12_am20_3,12,6,SATISFIED,1.0157,25889.0,4807.0
SAL-Ei-LM,bom_tubes_p20_ao12_am18_3_m30_ao12_am20_3,12,7,SATISFIED,1.0167,25575.0,4537.0
SAL-Ei-LM,bom_tubes_p20_ao12_am18_3_m30_ao12_am20_3,12,8,SATISFIED,1.0153,26428.0,4885.0
SAL-Ei-LM,bom_tubes_p20_ao12_am18_3_m30_ao12_am20_3,12,9,SATISFIED,1.0119,25248.0,4735.0
SAL-Ei-LM,bom_tubes_p20_ao12_am18_3_m30_ao12_am20_3,12,10,SATISFIED,1.0116,24832.0,4789.0
SAL-Ei-LM,bom_tubes_p20_ao12_am18_3_m30_ao12_am21_2,12,1,SATISFIED,1.012,21389.0,4530.0
SAL-Ei-LM,bom_tubes_p20_ao12_am18_3_m30_ao12_am21_2,12,2,SATISFIED,1.013,20737.0,4578.0
SAL-Ei-LM,bom_tubes_p20_ao12_am18_3_m30_ao12_am21_2,12,3,SATISFIED,1.014,21743.0,4604.0
SAL-Ei-LM,bom_tubes_p20_ao12_am18_3_m30_ao12_am21_2,12,4,SATISFIED,1.0152,20941.0,4652.0
SAL-Ei-LM,bom_tubes_p20_ao12_am18_3_m30_ao12_am21_2,12,5,SATISFIED,1.0136,21223.0,6814.0
SAL-Ei-LM,bom_tubes_p20_ao12_am18_3_m30_ao12_am21_2,12,6,SATISFIED,1.0154,21943.0,8679.0
SAL-Ei-LM,bom_tubes_p20_ao12_am18_3_m30_ao12_am21_2,12,7,SATISFIED,1.013,21667.0,8521.0
SAL-Ei-LM,bom_tubes_p20_ao12_am18_3_m30_ao12_am21_2,12,8,SATISFIED,1.0148,21393.0,8477.0
SAL-Ei-LM,bom_tubes_p20_ao12_am18_3_m30_ao12_am21_2,12,9,SATISFIED,1.0148,21703.0,4826.0
SAL-Ei-LM,bom_tubes_p20_ao12_am18_3_m30_ao12_am21_2,12,10,SATISFIED,1.0192,21195.0,4554.0
SAL-Ei-LM,bom_tubes_p20_ao12_am18_3_m30_ao12_am21_5,12,1,SATISFIED,1.0186,8998.0,4811.0
SAL-Ei-LM,bom_tubes_p20_ao12_am18_3_m30_ao12_am21_5,12,2,SATISFIED,1.0153,8638.0,5416.0
SAL-Ei-LM,bom_tubes_p20_ao12_am18_3_m30_ao12_am21_5,12,3,SATISFIED,1.0144,8798.0,8720.0
SAL-Ei-LM,bom_tubes_p20_ao12_am18_3_m30_ao12_am21_5,12,4,SATISFIED,1.0164,9038.0,5132.0
SAL-Ei-LM,bom_tubes_p20_ao12_am18_3_m30_ao12_am21_5,12,5,SATISFIED,1.0183,8958.0,4606.0
SAL-Ei-LM,bom_tubes_p20_ao12_am18_3_m30_ao12_am21_5,12,6,SATISFIED,1.0176,8858.0,4789.0
SAL-Ei-LM,bom_tubes_p20_ao12_am18_3_m30_ao12_am21_5,12,7,SATISFIED,1.0163,8598.0,4755.0
SAL-Ei-LM,bom_tubes_p20_ao12_am18_3_m30_ao12_am21_5,12,8,SATISFIED,1.0171,8798.0,4765.0
SAL-Ei-LM,bom_tubes_p20_ao12_am18_3_m30_ao12_am21_5,12,9,SATISFIED,1.0175,8538.0,4640.0
SAL-Ei-LM,bom_tubes_p20_ao12_am18_3_m30_ao12_am21_5,12,10,SATISFIED,1.017,8658.0,4502.0
SAL-Ei-LM,bom_tubes_p20_ao12_am18_3_m30_ao12_am22_4,12,1,SATISFIED,1.0129,15406.0,5503.0
SAL-Ei-LM,bom_tubes_p20_ao12_am18_3_m30_ao12_am22_4,12,2,SATISFIED,1.0134,14546.0,8429.0
SAL-Ei-LM,bom_tubes_p20_ao12_am18_3_m30_ao12_am22_4,12,3,SATISFIED,1.0141,15918.0,8808.0
SAL-Ei-LM,bom_tubes_p20_ao12_am18_3_m30_ao12_am22_4,12,4,SATISFIED,1.014,14963.0,8622.0
SAL-Ei-LM,bom_tubes_p20_ao12_am18_3_m30_ao12_am22_4,12,5,SATISFIED,1.016,15879.0,4505.0
SAL-Ei-LM,bom_tubes_p20_ao12_am18_3_m30_ao12_am22_4,12,6,SATISFIED,1.0171,16058.0,4658.0
SAL-Ei-LM,bom_tubes_p20_ao12_am18_3_m30_ao12_am22_4,12,7,SATISFIED,1.0158,15562.0,5267.0
SAL-Ei-LM,bom_tubes_p20_ao12_am18_3_m30_ao12_am22_4,12,8,SATISFIED,1.0137,16118.0,8549.0
SAL-Ei-LM,bom_tubes_p20_ao12_am18_3_m30_ao12_am22_4,12,9,SATISFIED,1.0125,15540.0,8716.0
SAL-Ei-LM,bom_tubes_p20_ao12_am18_3_m30_ao12_am22_4,12,10,SATISFIED,1.0135,15775.0,8767.0
SAL-Ei-LM,bom_tubes_p20_ao12_am18_4,12,1,SATISFIED,1.0164,910944.0,6599.0
SAL-Ei-LM,bom_tubes_p20_ao12_am18_4,12,2,SATISFIED,1.0159,910288.0,6520.0
SAL-Ei-LM,bom_tubes_p20_ao12_am18_4,12,3,SATISFIED,1.015,910604.0,9128.0
SAL-Ei-LM,bom_tubes_p20_ao12_am18_4,12,4,SATISFIED,1.0131,910060.0,12822.0
SAL-Ei-LM,bom_tubes_p20_ao12_am18_4,12,5,SATISFIED,1.0142,910892.0,12626.0
SAL-Ei-LM,bom_tubes_p20_ao12_am18_4,12,6,SATISFIED,1.0143,910928.0,12742.0
SAL-Ei-LM,bom_tubes_p20_ao12_am18_4,12,7,SATISFIED,1.0161,911652.0,6703.0
SAL-Ei-LM,bom_tubes_p20_ao12_am18_4,12,8,SATISFIED,1.0143,910788.0,6593.0
SAL-Ei-LM,bom_tubes_p20_ao12_am18_4,12,9,SATISFIED,1.0166,910780.0,6514.0
SAL-Ei-LM,bom_tubes_p20_ao12_am18_4,12,10,SATISFIED,1.0159,910524.0,8059.0
SAL-Ei-LM,bom_tubes_p20_ao12_am18_4_m13_ao12_am11_5,12,1,SATISFIED,1.0136,258578.0,10330.0
SAL-Ei-LM,bom_tubes_p20_ao12_am18_4_m13_ao12_am11_5,12,2,SATISFIED,1.0149,266153.0,10391.0
SAL-Ei-LM,bom_tubes_p20_ao12_am18_4_m13_ao12_am11_5,12,3,SATISFIED,1.0135,267385.0,10463.0
SAL-Ei-LM,bom_tubes_p20_ao12_am18_4_m13_ao12_am11_5,12,4,SATISFIED,1.016,272634.0,10479.0
SAL-Ei-LM,bom_tubes_p20_ao12_am18_4_m13_ao12_am11_5,12,5,SATISFIED,1.0144,272714.0,10750.0
SAL-Ei-LM,bom_tubes_p20_ao12_am18_4_m13_ao12_am11_5,12,6,SATISFIED,1.0122,268419.0,10881.0
SAL-Ei-LM,bom_tubes_p20_ao12_am18_4_m13_ao12_am11_5,12,7,SATISFIED,1.0127,272034.0,10516.0
SAL-Ei-LM,bom_tubes_p20_ao12_am18_4_m13_ao12_am11_5,12,8,SATISFIED,1.0173,271714.0,5774.0
SAL-Ei-LM,bom_tubes_p20_ao12_am18_4_m13_ao12_am11_5,12,9,SATISFIED,1.0133,305410.0,5325.0
SAL-Ei-LM,bom_tubes_p20_ao12_am18_4_m13_ao12_am11_5,12,10,SATISFIED,1.013,272434.0,5614.0
SAL-Ei-LM,bom_tubes_p20_ao12_am18_4_m13_ao12_am12_2,12,1,SATISFIED,1.0129,34757.0,5118.0
SAL-Ei-LM,bom_tubes_p20_ao12_am18_4_m13_ao12_am12_2,12,2,SATISFIED,1.0099,34598.0,6401.0
SAL-Ei-LM,bom_tubes_p20_ao12_am18_4_m13_ao12_am12_2,12,3,SATISFIED,1.0097,34501.0,9739.0
SAL-Ei-LM,bom_tubes_p20_ao12_am18_4_m13_ao12_am12_2,12,4,SATISFIED,1.0089,34438.0,9944.0
SAL-Ei-LM,bom_tubes_p20_ao12_am18_4_m13_ao12_am12_2,12,5,SATISFIED,1.0125,35406.0,5148.0
SAL-Ei-LM,bom_tubes_p20_ao12_am18_4_m13_ao12_am12_2,12,6,SATISFIED,1.0147,34109.0,5324.0
SAL-Ei-LM,bom_tubes_p20_ao12_am18_4_m13_ao12_am12_2,12,7,SATISFIED,1.0157,35097.0,5219.0
SAL-Ei-LM,bom_tubes_p20_ao12_am18_4_m13_ao12_am12_2,12,8,SATISFIED,1.0143,34477.0,5318.0
SAL-Ei-LM,bom_tubes_p20_ao12_am18_4_m13_ao12_am12_2,12,9,SATISFIED,1.013,35001.0,5169.0
SAL-Ei-LM,bom_tubes_p20_ao12_am18_4_m13_ao12_am12_2,12,10,SATISFIED,1.0159,34666.0,5226.0
SAL-Ei-LM,bom_tubes_p20_ao12_am18_4_m13_ao12_am12_3,12,1,SATISFIED,1.0137,427379.0,7011.0
SAL-Ei-LM,bom_tubes_p20_ao12_am18_4_m13_ao12_am12_3,12,2,SATISFIED,1.0148,424770.0,7519.0
SAL-Ei-LM,bom_tubes_p20_ao12_am18_4_m13_ao12_am12_3,12,3,SATISFIED,1.0146,367164.0,5820.0
SAL-Ei-LM,bom_tubes_p20_ao12_am18_4_m13_ao12_am12_3,12,4,SATISFIED,1.0161,351991.0,5841.0
SAL-Ei-LM,bom_tubes_p20_ao12_am18_4_m13_ao12_am12_3,12,5,SATISFIED,1.0166,365973.0,5482.0
SAL-Ei-LM,bom_tubes_p20_ao12_am18_4_m13_ao12_am12_3,12,6,SATISFIED,1.0152,365578.0,5747.0
SAL-Ei-LM,bom_tubes_p20_ao12_am18_4_m13_ao12_am12_3,12,7,SATISFIED,1.0119,346679.0,5822.0
SAL-Ei-LM,bom_tubes_p20_ao12_am18_4_m13_ao12_am12_3,12,8,SATISFIED,1.0136,344185.0,8871.0
SAL-Ei-LM,bom_tubes_p20_ao12_am18_4_m13_ao12_am12_3,12,9,SATISFIED,1.0149,367089.0,5832.0
SAL-Ei-LM,bom_tubes_p20_ao12_am18_4_m13_ao12_am12_3,12,10,SATISFIED,1.017,418794.0,5722.0
SAL-Ei-LM,bom_tubes_p20_ao12_am18_4_m13_ao12_am13_1,12,1,SATISFIED,1.0177,748200.0,5881.0
SAL-Ei-LM,bom_tubes_p20_ao12_am18_4_m13_ao12_am13_1,12,2,SATISFIED,1.0136,748680.0,8294.0
SAL-Ei-LM,bom_tubes_p20_ao12_am18_4_m13_ao12_am13_1,12,3,SATISFIED,1.0138,747700.0,11591.0
SAL-Ei-LM,bom_tubes_p20_ao12_am18_4_m13_ao12_am13_1,12,4,SATISFIED,1.0136,748060.0,11113.0
SAL-Ei-LM,bom_tubes_p20_ao12_am18_4_m13_ao12_am13_1,12,5,SATISFIED,1.014,748565.0,11449.0
SAL-Ei-LM,bom_tubes_p20_ao12_am18_4_m13_ao12_am13_1,12,6,SATISFIED,1.0143,749549.0,11440.0
SAL-Ei-LM,bom_tubes_p20_ao12_am18_4_m13_ao12_am13_1,12,7,SATISFIED,1.0139,747900.0,11368.0
SAL-Ei-LM,bom_tubes_p20_ao12_am18_4_m13_ao12_am13_1,12,8,SATISFIED,1.0137,748640.0,11334.0
SAL-Ei-LM,bom_tubes_p20_ao12_am18_4_m13_ao12_am13_1,12,9,SATISFIED,1.0135,748220.0,11440.0
SAL-Ei-LM,bom_tubes_p20_ao12_am18_4_m13_ao12_am13_1,12,10,SATISFIED,1.0139,748300.0,11969.0
SAL-Ei-LM,bom_tubes_p20_ao12_am18_4_m13_ao12_am13_4,12,1,SATISFIED,1.0129,553911.0,11562.0
SAL-Ei-LM,bom_tubes_p20_ao12_am18_4_m13_ao12_am13_4,12,2,SATISFIED,1.0151,553971.0,5829.0
SAL-Ei-LM,bom_tubes_p20_ao12_am18_4_m13_ao12_am13_4,12,3,SATISFIED,1.0148,553551.0,6097.0
SAL-Ei-LM,bom_tubes_p20_ao12_am18_4_m13_ao12_am13_4,12,4,SATISFIED,1.015,553911.0,8134.0
SAL-Ei-LM,bom_tubes_p20_ao12_am18_4_m13_ao12_am13_4,12,5,SATISFIED,1.0133,553911.0,11285.0
SAL-Ei-LM,bom_tubes_p20_ao12_am18_4_m13_ao12_am13_4,12,6,SATISFIED,1.0154,554171.0,11276.0
SAL-Ei-LM,bom_tubes_p20_ao12_am18_4_m13_ao12_am13_4,12,7,SATISFIED,1.0153,554267.0,11327.0
SAL-Ei-LM,bom_tubes_p20_ao12_am18_4_m13_ao12_am13_4,12,8,SATISFIED,1.0141,553911.0,11258.0
SAL-Ei-LM,bom_tubes_p20_ao12_am18_4_m13_ao12_am13_4,12,9,SATISFIED,1.0146,554173.0,6160.0
SAL-Ei-LM,bom_tubes_p20_ao12_am18_4_m13_ao12_am13_4,12,10,SATISFIED,1.0172,553911.0,6002.0
SAL-Ei-LM,bom_tubes_p20_ao12_am18_4_m30_ao12_am20_2,12,1,SATISFIED,1.0147,78748.0,6747.0
SAL-Ei-LM,bom_tubes_p20_ao12_am18_4_m30_ao12_am20_2,12,2,SATISFIED,1.0145,82373.0,8850.0
SAL-Ei-LM,bom_tubes_p20_ao12_am18_4_m30_ao12_am20_2,12,3,SATISFIED,1.0161,68526.0,8807.0
SAL-Ei-LM,bom_tubes_p20_ao12_am18_4_m30_ao12_am20_2,12,4,SATISFIED,1.0147,82068.0,8981.0
SAL-Ei-LM,bom_tubes_p20_ao12_am18_4_m30_ao12_am20_2,12,5,SATISFIED,1.0147,67225.0,8913.0
SAL-Ei-LM,bom_tubes_p20_ao12_am18_4_m30_ao12_am20_2,12,6,SATISFIED,1.0139,80958.0,9098.0
SAL-Ei-LM,bom_tubes_p20_ao12_am18_4_m30_ao12_am20_2,12,7,SATISFIED,1.0132,70289.0,9081.0
SAL-Ei-LM,bom_tubes_p20_ao12_am18_4_m30_ao12_am20_2,12,8,SATISFIED,1.0167,69762.0,4608.0
SAL-Ei-LM,bom_tubes_p20_ao12_am18_4_m30_ao12_am20_2,12,9,SATISFIED,1.0151,83139.0,4650.0
SAL-Ei-LM,bom_tubes_p20_ao12_am18_4_m30_ao12_am20_2,12,10,SATISFIED,1.0155,71867.0,4821.0
SAL-Ei-LM,bom_tubes_p20_ao12_am18_4_m30_ao12_am20_3,12,1,SATISFIED,1.0168,599467.0,4673.0
SAL-Ei-LM,bom_tubes_p20_ao12_am18_4_m30_ao12_am20_3,12,2,SATISFIED,1.0121,581285.0,5638.0
SAL-Ei-LM,bom_tubes_p20_ao12_am18_4_m30_ao12_am20_3,12,3,SATISFIED,1.0092,601053.0,8559.0
SAL-Ei-LM,bom_tubes_p20_ao12_am18_4_m30_ao12_am20_3,12,4,SATISFIED,1.0134,558149.0,4769.0
SAL-Ei-LM,bom_tubes_p20_ao12_am18_4_m30_ao12_am20_3,12,5,SATISFIED,1.0159,615063.0,4590.0
SAL-Ei-LM,bom_tubes_p20_ao12_am18_4_m30_ao12_am20_3,12,6,SATISFIED,1.0132,628357.0,4641.0
SAL-Ei-LM,bom_tubes_p20_ao12_am18_4_m30_ao12_am20_3,12,7,SATISFIED,1.017,542545.0,4547.0
SAL-Ei-LM,bom_tubes_p20_ao12_am18_4_m30_ao12_am20_3,12,8,SATISFIED,1.014,630795.0,4745.0
SAL-Ei-LM,bom_tubes_p20_ao12_am18_4_m30_ao12_am20_3,12,9,SATISFIED,1.0149,550715.0,4619.0
SAL-Ei-LM,bom_tubes_p20_ao12_am18_4_m30_ao12_am20_3,12,10,SATISFIED,1.015,545125.0,4654.0
SAL-Ei-LM,bom_tubes_p20_ao12_am18_4_m30_ao12_am21_5,12,1,SATISFIED,1.0158,253781.0,4570.0
SAL-Ei-LM,bom_tubes_p20_ao12_am18_4_m30_ao12_am21_5,12,2,SATISFIED,1.0101,242789.0,5968.0
SAL-Ei-LM,bom_tubes_p20_ao12_am18_4_m30_ao12_am21_5,12,3,SATISFIED,1.0113,249023.0,4663.0
SAL-Ei-LM,bom_tubes_p20_ao12_am18_4_m30_ao12_am21_5,12,4,SATISFIED,1.0148,244905.0,4716.0
SAL-Ei-LM,bom_tubes_p20_ao12_am18_4_m30_ao12_am21_5,12,5,SATISFIED,1.0145,242402.0,4547.0
SAL-Ei-LM,bom_tubes_p20_ao12_am18_4_m30_ao12_am21_5,12,6,SATISFIED,1.0176,244227.0,4680.0
SAL-Ei-LM,bom_tubes_p20_ao12_am18_4_m30_ao12_am21_5,12,7,SATISFIED,1.0147,241583.0,4657.0
SAL-Ei-LM,bom_tubes_p20_ao12_am18_4_m30_ao12_am21_5,12,8,SATISFIED,1.0167,292473.0,4868.0
SAL-Ei-LM,bom_tubes_p20_ao12_am18_4_m30_ao12_am21_5,12,9,SATISFIED,1.0142,239895.0,4577.0
SAL-Ei-LM,bom_tubes_p20_ao12_am18_4_m30_ao12_am21_5,12,10,SATISFIED,1.0147,260272.0,4699.0
SAL-Ei-LM,bom_tubes_p20_ao12_am18_4_m30_ao12_am22_1,12,1,SATISFIED,1.0106,46976.0,5791.0
SAL-Ei-LM,bom_tubes_p20_ao12_am18_4_m30_ao12_am22_1,12,2,SATISFIED,1.0121,47993.0,4585.0
SAL-Ei-LM,bom_tubes_p20_ao12_am18_4_m30_ao12_am22_1,12,3,SATISFIED,1.0147,47213.0,4591.0
SAL-Ei-LM,bom_tubes_p20_ao12_am18_4_m30_ao12_am22_1,12,4,SATISFIED,1.0138,46111.0,4555.0
SAL-Ei-LM,bom_tubes_p20_ao12_am18_4_m30_ao12_am22_1,12,5,SATISFIED,1.0105,46665.0,5738.0
SAL-Ei-LM,bom_tubes_p20_ao12_am18_4_m30_ao12_am22_1,12,6,SATISFIED,1.0111,47024.0,4707.0
SAL-Ei-LM,bom_tubes_p20_ao12_am18_4_m30_ao12_am22_1,12,7,SATISFIED,1.0115,45964.0,4500.0
SAL-Ei-LM,bom_tubes_p20_ao12_am18_4_m30_ao12_am22_1,12,8,SATISFIED,1.0123,46980.0,4426.0
SAL-Ei-LM,bom_tubes_p20_ao12_am18_4_m30_ao12_am22_1,12,9,SATISFIED,1.0134,47064.0,4558.0
SAL-Ei-LM,bom_tubes_p20_ao12_am18_4_m30_ao12_am22_1,12,10,SATISFIED,1.0126,46789.0,4529.0
SAL-Ei-LM,bom_tubes_p20_ao12_am18_4_m30_ao12_am23_4,12,1,SATISFIED,1.0152,120533.0,4743.0
SAL-Ei-LM,bom_tubes_p20_ao12_am18_4_m30_ao12_am23_4,12,2,SATISFIED,1.0129,121055.0,4562.0
SAL-Ei-LM,bom_tubes_p20_ao12_am18_4_m30_ao12_am23_4,12,3,SATISFIED,1.01,120248.0,5030.0
SAL-Ei-LM,bom_tubes_p20_ao12_am18_4_m30_ao12_am23_4,12,4,SATISFIED,1.0082,134397.0,7835.0
SAL-Ei-LM,bom_tubes_p20_ao12_am18_4_m30_ao12_am23_4,12,5,SATISFIED,1.0064,126995.0,8597.0
SAL-Ei-LM,bom_tubes_p20_ao12_am18_4_m30_ao12_am23_4,12,6,SATISFIED,1.0065,120409.0,8705.0
SAL-Ei-LM,bom_tubes_p20_ao12_am18_4_m30_ao12_am23_4,12,7,SATISFIED,1.0076,120239.0,8812.0
SAL-Ei-LM,bom_tubes_p20_ao12_am18_4_m30_ao12_am23_4,12,8,SATISFIED,1.0098,121251.0,4802.0
SAL-Ei-LM,bom_tubes_p20_ao12_am18_4_m30_ao12_am23_4,12,9,SATISFIED,1.0103,120791.0,4844.0
SAL-Ei-LM,bom_tubes_p20_ao12_am18_4_m30_ao12_am23_4,12,10,SATISFIED,1.0108,120920.0,5203.0
SAL-Ei-LM,bom_tubes_p20_ao12_am18_5,12,1,SATISFIED,1.0131,31972.0,9418.0
SAL-Ei-LM,bom_tubes_p20_ao12_am18_5,12,2,SATISFIED,1.013,31476.0,10139.0
SAL-Ei-LM,bom_tubes_p20_ao12_am18_5,12,3,SATISFIED,1.0115,30872.0,6630.0
SAL-Ei-LM,bom_tubes_p20_ao12_am18_5,12,4,SATISFIED,1.012,31768.0,6548.0
SAL-Ei-LM,bom_tubes_p20_ao12_am18_5,12,5,SATISFIED,1.0116,31516.0,6479.0
SAL-Ei-LM,bom_tubes_p20_ao12_am18_5,12,6,SATISFIED,1.0105,30760.0,7644.0
SAL-Ei-LM,bom_tubes_p20_ao12_am18_5,12,7,SATISFIED,1.0096,31808.0,12079.0
SAL-Ei-LM,bom_tubes_p20_ao12_am18_5,12,8,SATISFIED,1.0092,31880.0,12464.0
SAL-Ei-LM,bom_tubes_p20_ao12_am18_5,12,9,SATISFIED,1.0101,30428.0,11475.0
SAL-Ei-LM,bom_tubes_p20_ao12_am18_5,12,10,SATISFIED,1.0117,31432.0,6783.0
SAL-Ei-LM,bom_tubes_p20_ao12_am18_5_m13_ao12_am11_3,12,1,SATISFIED,1.0103,13860.0,6905.0
SAL-Ei-LM,bom_tubes_p20_ao12_am18_5_m13_ao12_am11_3,12,2,SATISFIED,1.0091,13760.0,11278.0
SAL-Ei-LM,bom_tubes_p20_ao12_am18_5_m13_ao12_am11_3,12,3,SATISFIED,1.0115,13800.0,5887.0
SAL-Ei-LM,bom_tubes_p20_ao12_am18_5_m13_ao12_am11_3,12,4,SATISFIED,1.0101,13940.0,6071.0
SAL-Ei-LM,bom_tubes_p20_ao12_am18_5_m13_ao12_am11_3,12,5,SATISFIED,1.0104,13940.0,6171.0
SAL-Ei-LM,bom_tubes_p20_ao12_am18_5_m13_ao12_am11_3,12,6,SATISFIED,1.0105,13760.0,6091.0
SAL-Ei-LM,bom_tubes_p20_ao12_am18_5_m13_ao12_am11_3,12,7,SATISFIED,1.0097,14020.0,7178.0
SAL-Ei-LM,bom_tubes_p20_ao12_am18_5_m13_ao12_am11_3,12,8,SATISFIED,1.0086,13720.0,11259.0
SAL-Ei-LM,bom_tubes_p20_ao12_am18_5_m13_ao12_am11_3,12,9,SATISFIED,1.0081,13740.0,11272.0
SAL-Ei-LM,bom_tubes_p20_ao12_am18_5_m13_ao12_am11_3,12,10,SATISFIED,1.0089,13840.0,11290.0
SAL-Ei-LM,bom_tubes_p20_ao12_am18_5_m13_ao12_am11_5,12,1,SATISFIED,1.0091,40194.0,11503.0
SAL-Ei-LM,bom_tubes_p20_ao12_am18_5_m13_ao12_am11_5,12,2,SATISFIED,1.0106,40310.0,5882.0
SAL-Ei-LM,bom_tubes_p20_ao12_am18_5_m13_ao12_am11_5,12,3,SATISFIED,1.0105,39844.0,6117.0
SAL-Ei-LM,bom_tubes_p20_ao12_am18_5_m13_ao12_am11_5,12,4,SATISFIED,1.0091,39718.0,8111.0
SAL-Ei-LM,bom_tubes_p20_ao12_am18_5_m13_ao12_am11_5,12,5,SATISFIED,1.0081,40240.0,11684.0
SAL-Ei-LM,bom_tubes_p20_ao12_am18_5_m13_ao12_am11_5,12,6,SATISFIED,1.0082,39964.0,11619.0
SAL-Ei-LM,bom_tubes_p20_ao12_am18_5_m13_ao12_am11_5,12,7,SATISFIED,1.008,40560.0,11602.0
SAL-Ei-LM,bom_tubes_p20_ao12_am18_5_m13_ao12_am11_5,12,8,SATISFIED,1.0079,39234.0,11579.0
SAL-Ei-LM,bom_tubes_p20_ao12_am18_5_m13_ao12_am11_5,12,9,SATISFIED,1.0079,39404.0,11593.0
SAL-Ei-LM,bom_tubes_p20_ao12_am18_5_m13_ao12_am11_5,12,10,SATISFIED,1.0087,39364.0,11233.0
SAL-Ei-LM,bom_tubes_p20_ao12_am18_5_m13_ao12_am12_1,12,1,SATISFIED,1.0088,32728.0,12136.0
SAL-Ei-LM,bom_tubes_p20_ao12_am18_5_m13_ao12_am12_1,12,2,SATISFIED,1.0083,32808.0,11982.0
SAL-Ei-LM,bom_tubes_p20_ao12_am18_5_m13_ao12_am12_1,12,3,SATISFIED,1.0084,32828.0,11625.0
SAL-Ei-LM,bom_tubes_p20_ao12_am18_5_m13_ao12_am12_1,12,4,SATISFIED,1.0084,33168.0,11653.0
SAL-Ei-LM,bom_tubes_p20_ao12_am18_5_m13_ao12_am12_1,12,5,SATISFIED,1.0122,33188.0,6209.0
SAL-Ei-LM,bom_tubes_p20_ao12_am18_5_m13_ao12_am12_1,12,6,SATISFIED,1.0101,32888.0,6234.0
SAL-Ei-LM,bom_tubes_p20_ao12_am18_5_m13_ao12_am12_1,12,7,SATISFIED,1.0095,33208.0,8563.0
SAL-Ei-LM,bom_tubes_p20_ao12_am18_5_m13_ao12_am12_1,12,8,SATISFIED,1.0086,33137.0,12195.0
SAL-Ei-LM,bom_tubes_p20_ao12_am18_5_m13_ao12_am12_1,12,9,SATISFIED,1.008,32248.0,12092.0
SAL-Ei-LM,bom_tubes_p20_ao12_am18_5_m13_ao12_am12_1,12,10,SATISFIED,1.0106,33048.0,6253.0
SAL-Ei-LM,bom_tubes_p20_ao12_am18_5_m13_ao12_am12_2,12,1,SATISFIED,1.0103,33422.0,7080.0
SAL-Ei-LM,bom_tubes_p20_ao12_am18_5_m13_ao12_am12_2,12,2,SATISFIED,1.0089,33584.0,9515.0
SAL-Ei-LM,bom_tubes_p20_ao12_am18_5_m13_ao12_am12_2,12,3,SATISFIED,1.0087,33362.0,13121.0
SAL-Ei-LM,bom_tubes_p20_ao12_am18_5_m13_ao12_am12_2,12,4,SATISFIED,1.0079,33202.0,13553.0
SAL-Ei-LM,bom_tubes_p20_ao12_am18_5_m13_ao12_am12_2,12,5,SATISFIED,1.011,33202.0,7188.0
SAL-Ei-LM,bom_tubes_p20_ao12_am18_5_m13_ao12_am12_2,12,6,SATISFIED,1.0104,33226.0,7136.0
SAL-Ei-LM,bom_tubes_p20_ao12_am18_5_m13_ao12_am12_2,12,7,SATISFIED,1.01,33322.0,9142.0
SAL-Ei-LM,bom_tubes_p20_ao12_am18_5_m13_ao12_am12_2,12,8,SATISFIED,1.0083,33542.0,13141.0
SAL-Ei-LM,bom_tubes_p20_ao12_am18_5_m13_ao12_am12_2,12,9,SATISFIED,1.008,33408.0,13019.0
SAL-Ei-LM,bom_tubes_p20_ao12_am18_5_m13_ao12_am12_2,12,10,SATISFIED,1.0097,33702.0,13056.0
SAL-Ei-LM,bom_tubes_p20_ao12_am18_5_m13_ao12_am13_4,12,1,SATISFIED,1.0095,41518.0,11129.0
SAL-Ei-LM,bom_tubes_p20_ao12_am18_5_m13_ao12_am13_4,12,2,SATISFIED,1.009,41913.0,10992.0
SAL-Ei-LM,bom_tubes_p20_ao12_am18_5_m13_ao12_am13_4,12,3,SATISFIED,1.0091,42297.0,10914.0
SAL-Ei-LM,bom_tubes_p20_ao12_am18_5_m13_ao12_am13_4,12,4,SATISFIED,1.008,42312.0,11278.0
SAL-Ei-LM,bom_tubes_p20_ao12_am18_5_m13_ao12_am13_4,12,5,SATISFIED,1.0108,42081.0,5695.0
SAL-Ei-LM,bom_tubes_p20_ao12_am18_5_m13_ao12_am13_4,12,6,SATISFIED,1.0105,42144.0,5608.0
SAL-Ei-LM,bom_tubes_p20_ao12_am18_5_m13_ao12_am13_4,12,7,SATISFIED,1.0094,42081.0,7458.0
SAL-Ei-LM,bom_tubes_p20_ao12_am18_5_m13_ao12_am13_4,12,8,SATISFIED,1.0084,41794.0,10431.0
SAL-Ei-LM,bom_tubes_p20_ao12_am18_5_m13_ao12_am13_4,12,9,SATISFIED,1.0084,41556.0,11137.0
SAL-Ei-LM,bom_tubes_p20_ao12_am18_5_m13_ao12_am13_4,12,10,SATISFIED,1.0086,41643.0,11007.0
SAL-Ei-LM,bom_tubes_p20_ao12_am18_5_m30_ao12_am19_4,12,1,SATISFIED,1.0085,14960.0,9180.0
SAL-Ei-LM,bom_tubes_p20_ao12_am18_5_m30_ao12_am19_4,12,2,SATISFIED,1.0084,15300.0,9348.0
SAL-Ei-LM,bom_tubes_p20_ao12_am18_5_m30_ao12_am19_4,12,3,SATISFIED,1.0085,14507.0,9272.0
SAL-Ei-LM,bom_tubes_p20_ao12_am18_5_m30_ao12_am19_4,12,4,SATISFIED,1.0086,15796.0,9168.0
SAL-Ei-LM,bom_tubes_p20_ao12_am18_5_m30_ao12_am19_4,12,5,SATISFIED,1.0088,15612.0,9001.0
SAL-Ei-LM,bom_tubes_p20_ao12_am18_5_m30_ao12_am19_4,12,6,SATISFIED,1.0083,14868.0,9289.0
SAL-Ei-LM,bom_tubes_p20_ao12_am18_5_m30_ao12_am19_4,12,7,SATISFIED,1.0082,15490.0,9335.0
SAL-Ei-LM,bom_tubes_p20_ao12_am18_5_m30_ao12_am19_4,12,8,SATISFIED,1.0084,15638.0,9122.0
SAL-Ei-LM,bom_tubes_p20_ao12_am18_5_m30_ao12_am19_4,12,9,SATISFIED,1.0089,14564.0,8970.0
SAL-Ei-LM,bom_tubes_p20_ao12_am18_5_m30_ao12_am19_4,12,10,SATISFIED,1.0092,14932.0,8875.0
SAL-Ei-LM,bom_tubes_p20_ao12_am18_5_m30_ao12_am20_1,12,1,SATISFIED,1.0091,21809.0,8875.0
SAL-Ei-LM,bom_tubes_p20_ao12_am18_5_m30_ao12_am20_1,12,2,SATISFIED,1.0084,22069.0,8961.0
SAL-Ei-LM,bom_tubes_p20_ao12_am18_5_m30_ao12_am20_1,12,3,SATISFIED,1.0086,21865.0,8898.0
SAL-Ei-LM,bom_tubes_p20_ao12_am18_5_m30_ao12_am20_1,12,4,SATISFIED,1.0086,21862.0,8789.0
SAL-Ei-LM,bom_tubes_p20_ao12_am18_5_m30_ao12_am20_1,12,5,SATISFIED,1.0089,21953.0,9238.0
SAL-Ei-LM,bom_tubes_p20_ao12_am18_5_m30_ao12_am20_1,12,6,SATISFIED,1.0124,21737.0,4712.0
SAL-Ei-LM,bom_tubes_p20_ao12_am18_5_m30_ao12_am20_1,12,7,SATISFIED,1.0103,22160.0,4798.0
SAL-Ei-LM,bom_tubes_p20_ao12_am18_5_m30_ao12_am20_1,12,8,SATISFIED,1.009,22068.0,6507.0
SAL-Ei-LM,bom_tubes_p20_ao12_am18_5_m30_ao12_am20_1,12,9,SATISFIED,1.0087,21785.0,8833.0
SAL-Ei-LM,bom_tubes_p20_ao12_am18_5_m30_ao12_am20_1,12,10,SATISFIED,1.0088,22356.0,8910.0
SAL-Ei-LM,bom_tubes_p20_ao12_am18_5_m30_ao12_am20_2,12,1,SATISFIED,1.0091,33173.0,9299.0
SAL-Ei-LM,bom_tubes_p20_ao12_am18_5_m30_ao12_am20_2,12,2,SATISFIED,1.0106,32515.0,4829.0
SAL-Ei-LM,bom_tubes_p20_ao12_am18_5_m30_ao12_am20_2,12,3,SATISFIED,1.0108,32681.0,4550.0
SAL-Ei-LM,bom_tubes_p20_ao12_am18_5_m30_ao12_am20_2,12,4,SATISFIED,1.0106,33141.0,4827.0
SAL-Ei-LM,bom_tubes_p20_ao12_am18_5_m30_ao12_am20_2,12,5,SATISFIED,1.0106,32883.0,4944.0
SAL-Ei-LM,bom_tubes_p20_ao12_am18_5_m30_ao12_am20_2,12,6,SATISFIED,1.0091,33101.0,6074.0
SAL-Ei-LM,bom_tubes_p20_ao12_am18_5_m30_ao12_am20_2,12,7,SATISFIED,1.0084,33190.0,9186.0
SAL-Ei-LM,bom_tubes_p20_ao12_am18_5_m30_ao12_am20_2,12,8,SATISFIED,1.0083,32707.0,8957.0
SAL-Ei-LM,bom_tubes_p20_ao12_am18_5_m30_ao12_am20_2,12,9,SATISFIED,1.0096,32421.0,8790.0
SAL-Ei-LM,bom_tubes_p20_ao12_am18_5_m30_ao12_am20_2,12,10,SATISFIED,1.0122,33157.0,4713.0
SAL-Ei-LM,bom_tubes_p20_ao12_am18_5_m30_ao12_am21_3,12,1,SATISFIED,1.0106,11835.0,4716.0
SAL-Ei-LM,bom_tubes_p20_ao12_am18_5_m30_ao12_am21_3,12,2,SATISFIED,1.0102,11980.0,4835.0
SAL-Ei-LM,bom_tubes_p20_ao12_am18_5_m30_ao12_am21_3,12,3,SATISFIED,1.0107,12116.0,4726.0
SAL-Ei-LM,bom_tubes_p20_ao12_am18_5_m30_ao12_am21_3,12,4,SATISFIED,1.0112,12234.0,4861.0
SAL-Ei-LM,bom_tubes_p20_ao12_am18_5_m30_ao12_am21_3,12,5,SATISFIED,1.0104,12422.0,4847.0
SAL-Ei-LM,bom_tubes_p20_ao12_am18_5_m30_ao12_am21_3,12,6,SATISFIED,1.0111,12134.0,4856.0
SAL-Ei-LM,bom_tubes_p20_ao12_am18_5_m30_ao12_am21_3,12,7,SATISFIED,1.0108,12338.0,4765.0
SAL-Ei-LM,bom_tubes_p20_ao12_am18_5_m30_ao12_am21_3,12,8,SATISFIED,1.0092,11936.0,5949.0
SAL-Ei-LM,bom_tubes_p20_ao12_am18_5_m30_ao12_am21_3,12,9,SATISFIED,1.0123,12242.0,4737.0
SAL-Ei-LM,bom_tubes_p20_ao12_am18_5_m30_ao12_am21_3,12,10,SATISFIED,1.0106,12210.0,4848.0
SAL-Ei-LM,bom_tubes_p20_ao12_am18_5_m30_ao12_am21_5,12,1,SATISFIED,1.0101,22485.0,6356.0
SAL-Ei-LM,bom_tubes_p20_ao12_am18_5_m30_ao12_am21_5,12,2,SATISFIED,1.0086,22998.0,9244.0
SAL-Ei-LM,bom_tubes_p20_ao12_am18_5_m30_ao12_am21_5,12,3,SATISFIED,1.0083,22277.0,9305.0
SAL-Ei-LM,bom_tubes_p20_ao12_am18_5_m30_ao12_am21_5,12,4,SATISFIED,1.0085,22716.0,9252.0
SAL-Ei-LM,bom_tubes_p20_ao12_am18_5_m30_ao12_am21_5,12,5,SATISFIED,1.0085,22617.0,9257.0
SAL-Ei-LM,bom_tubes_p20_ao12_am18_5_m30_ao12_am21_5,12,6,SATISFIED,1.0086,22566.0,9271.0
SAL-Ei-LM,bom_tubes_p20_ao12_am18_5_m30_ao12_am21_5,12,7,SATISFIED,1.0083,22496.0,9326.0
SAL-Ei-LM,bom_tubes_p20_ao12_am18_5_m30_ao12_am21_5,12,8,SATISFIED,1.0083,22691.0,9186.0
SAL-Ei-LM,bom_tubes_p20_ao12_am18_5_m30_ao12_am21_5,12,9,SATISFIED,1.0093,22446.0,9248.0
SAL-Ei-LM,bom_tubes_p20_ao12_am18_5_m30_ao12_am21_5,12,10,SATISFIED,1.0114,22214.0,4881.0
SAL-Ei-LM,bom_tubes_p30_ao13_am18_1,13,1,SATISFIED,1.0113,42903.0,6530.0
SAL-Ei-LM,bom_tubes_p30_ao13_am18_1,13,2,SATISFIED,1.0093,47969.0,8767.0
SAL-Ei-LM,bom_tubes_p30_ao13_am18_1,13,3,SATISFIED,1.0081,43091.0,12459.0
SAL-Ei-LM,bom_tubes_p30_ao13_am18_1,13,4,SATISFIED,1.0095,46187.0,12303.0
SAL-Ei-LM,bom_tubes_p30_ao13_am18_1,13,5,SATISFIED,1.0089,41315.0,12448.0
SAL-Ei-LM,bom_tubes_p30_ao13_am18_1,13,6,SATISFIED,1.0089,44758.0,12469.0
SAL-Ei-LM,bom_tubes_p30_ao13_am18_1,13,7,SATISFIED,1.0087,40146.0,12382.0
SAL-Ei-LM,bom_tubes_p30_ao13_am18_1,13,8,SATISFIED,1.0114,41775.0,6227.0
SAL-Ei-LM,bom_tubes_p30_ao13_am18_1,13,9,SATISFIED,1.0116,41994.0,6423.0
SAL-Ei-LM,bom_tubes_p30_ao13_am18_1,13,10,SATISFIED,1.0112,45482.0,6481.0
SAL-Ei-LM,bom_tubes_p30_ao13_am18_1_m10_ao13_am8_5,13,1,SATISFIED,1.0103,84742.0,6279.0
SAL-Ei-LM,bom_tubes_p30_ao13_am18_1_m10_ao13_am8_5,13,2,SATISFIED,1.0104,85062.0,6539.0
SAL-Ei-LM,bom_tubes_p30_ao13_am18_1_m10_ao13_am8_5,13,3,SATISFIED,1.0109,84942.0,7046.0
SAL-Ei-LM,bom_tubes_p30_ao13_am18_1_m10_ao13_am8_5,13,4,SATISFIED,1.0124,84742.0,6447.0
SAL-Ei-LM,bom_tubes_p30_ao13_am18_1_m10_ao13_am8_5,13,5,SATISFIED,1.0154,85382.0,6280.0
SAL-Ei-LM,bom_tubes_p30_ao13_am18_1_m10_ao13_am8_5,13,6,SATISFIED,1.0159,85042.0,7061.0
SAL-Ei-LM,bom_tubes_p30_ao13_am18_1_m10_ao13_am8_5,13,7,SATISFIED,1.0137,84842.0,11531.0
SAL-Ei-LM,bom_tubes_p30_ao13_am18_1_m10_ao13_am8_5,13,8,SATISFIED,1.0134,85082.0,12392.0
SAL-Ei-LM,bom_tubes_p30_ao13_am18_1_m10_ao13_am8_5,13,9,SATISFIED,1.0146,84622.0,6554.0
SAL-Ei-LM,bom_tubes_p30_ao13_am18_1_m10_ao13_am8_5,13,10,SATISFIED,1.0145,84742.0,6519.0
SAL-Ei-LM,bom_tubes_p30_ao13_am18_1_m10_ao13_am10_1,13,1,SATISFIED,1.0156,115395.0,8173.0
SAL-Ei-LM,bom_tubes_p30_ao13_am18_1_m10_ao13_am10_1,13,2,SATISFIED,1.0155,115238.0,11805.0
SAL-Ei-LM,bom_tubes_p30_ao13_am18_1_m10_ao13_am10_1,13,3,SATISFIED,1.0181,115474.0,6348.0
SAL-Ei-LM,bom_tubes_p30_ao13_am18_1_m10_ao13_am10_1,13,4,SATISFIED,1.0168,115217.0,5981.0
SAL-Ei-LM,bom_tubes_p30_ao13_am18_1_m10_ao13_am10_1,13,5,SATISFIED,1.0173,115757.0,6283.0
SAL-Ei-LM,bom_tubes_p30_ao13_am18_1_m10_ao13_am10_1,13,6,SATISFIED,1.016,115055.0,6144.0
SAL-Ei-LM,bom_tubes_p30_ao13_am18_1_m10_ao13_am10_1,13,7,SATISFIED,1.0131,115506.0,7681.0
SAL-Ei-LM,bom_tubes_p30_ao13_am18_1_m10_ao13_am10_1,13,8,SATISFIED,1.0113,115245.0,11758.0
SAL-Ei-LM,bom_tubes_p30_ao13_am18_1_m10_ao13_am10_1,13,9,SATISFIED,1.012,115301.0,11911.0
SAL-Ei-LM,bom_tubes_p30_ao13_am18_1_m10_ao13_am10_1,13,10,SATISFIED,1.0129,115396.0,11956.0
SAL-Ei-LM,bom_tubes_p30_ao13_am18_1_m10_ao13_am10_2,13,1,SATISFIED,1.0147,27511.0,10956.0
SAL-Ei-LM,bom_tubes_p30_ao13_am18_1_m10_ao13_am10_2,13,2,SATISFIED,1.0146,28919.0,10724.0
SAL-Ei-LM,bom_tubes_p30_ao13_am18_1_m10_ao13_am10_2,13,3,SATISFIED,1.0143,27087.0,10707.0
SAL-Ei-LM,bom_tubes_p30_ao13_am18_1_m10_ao13_am10_2,13,4,SATISFIED,1.0131,25299.0,10689.0
SAL-Ei-LM,bom_tubes_p30_ao13_am18_1_m10_ao13_am10_2,13,5,SATISFIED,1.0128,27942.0,10771.0
SAL-Ei-LM,bom_tubes_p30_ao13_am18_1_m10_ao13_am10_2,13,6,SATISFIED,1.0126,26727.0,10979.0
SAL-Ei-LM,bom_tubes_p30_ao13_am18_1_m10_ao13_am10_2,13,7,SATISFIED,1.0141,29242.0,10887.0
SAL-Ei-LM,bom_tubes_p30_ao13_am18_1_m10_ao13_am10_2,13,8,SATISFIED,1.0144,28613.0,10926.0
SAL-Ei-LM,bom_tubes_p30_ao13_am18_1_m10_ao13_am10_2,13,9,SATISFIED,1.012,28752.0,10678.0
SAL-Ei-LM,bom_tubes_p30_ao13_am18_1_m10_ao13_am10_2,13,10,SATISFIED,1.0131,26095.0,10634.0
SAL-Ei-LM,bom_tubes_p30_ao13_am18_1_m10_ao13_am10_3,13,1,SATISFIED,1.0132,62427.0,10536.0
SAL-Ei-LM,bom_tubes_p30_ao13_am18_1_m10_ao13_am10_3,13,2,SATISFIED,1.0139,65636.0,10646.0
SAL-Ei-LM,bom_tubes_p30_ao13_am18_1_m10_ao13_am10_3,13,3,SATISFIED,1.0131,64510.0,10426.0
SAL-Ei-LM,bom_tubes_p30_ao13_am18_1_m10_ao13_am10_3,13,4,SATISFIED,1.0121,62481.0,10685.0
SAL-Ei-LM,bom_tubes_p30_ao13_am18_1_m10_ao13_am10_3,13,5,SATISFIED,1.0126,66342.0,10704.0
SAL-Ei-LM,bom_tubes_p30_ao13_am18_1_m10_ao13_am10_3,13,6,SATISFIED,1.0133,61840.0,10436.0
SAL-Ei-LM,bom_tubes_p30_ao13_am18_1_m10_ao13_am10_3,13,7,SATISFIED,1.012,63295.0,10664.0
SAL-Ei-LM,bom_tubes_p30_ao13_am18_1_m10_ao13_am10_3,13,8,SATISFIED,1.0125,64796.0,10654.0
SAL-Ei-LM,bom_tubes_p30_ao13_am18_1_m10_ao13_am10_3,13,9,SATISFIED,1.0165,62200.0,5612.0
SAL-Ei-LM,bom_tubes_p30_ao13_am18_1_m10_ao13_am10_3,13,10,SATISFIED,1.0165,66996.0,5598.0
SAL-Ei-LM,bom_tubes_p30_ao13_am18_1_m10_ao13_am10_4,13,1,SATISFIED,1.0151,21982.0,7805.0
SAL-Ei-LM,bom_tubes_p30_ao13_am18_1_m10_ao13_am10_4,13,2,SATISFIED,1.0119,21283.0,11086.0
SAL-Ei-LM,bom_tubes_p30_ao13_am18_1_m10_ao13_am10_4,13,3,SATISFIED,1.0121,21647.0,11174.0
SAL-Ei-LM,bom_tubes_p30_ao13_am18_1_m10_ao13_am10_4,13,4,SATISFIED,1.0128,21689.0,11208.0
SAL-Ei-LM,bom_tubes_p30_ao13_am18_1_m10_ao13_am10_4,13,5,SATISFIED,1.0136,21289.0,11171.0
SAL-Ei-LM,bom_tubes_p30_ao13_am18_1_m10_ao13_am10_4,13,6,SATISFIED,1.0147,21283.0,11240.0
SAL-Ei-LM,bom_tubes_p30_ao13_am18_1_m10_ao13_am10_4,13,7,SATISFIED,1.013,21282.0,10910.0
SAL-Ei-LM,bom_tubes_p30_ao13_am18_1_m10_ao13_am10_4,13,8,SATISFIED,1.0121,21698.0,11105.0
SAL-Ei-LM,bom_tubes_p30_ao13_am18_1_m10_ao13_am10_4,13,9,SATISFIED,1.013,21696.0,11211.0
SAL-Ei-LM,bom_tubes_p30_ao13_am18_1_m10_ao13_am10_4,13,10,SATISFIED,1.0161,22396.0,5808.0
SAL-Ei-LM,bom_tubes_p30_ao13_am18_1_m30_ao13_am16_2,13,1,SATISFIED,1.0172,100780.0,5917.0
SAL-Ei-LM,bom_tubes_p30_ao13_am18_1_m30_ao13_am16_2,13,2,SATISFIED,1.0131,91173.0,7857.0
SAL-Ei-LM,bom_tubes_p30_ao13_am18_1_m30_ao13_am16_2,13,3,SATISFIED,1.0131,88837.0,11182.0
SAL-Ei-LM,bom_tubes_p30_ao13_am18_1_m30_ao13_am16_2,13,4,SATISFIED,1.0122,100341.0,11221.0
SAL-Ei-LM,bom_tubes_p30_ao13_am18_1_m30_ao13_am16_2,13,5,SATISFIED,1.0129,92037.0,11219.0
SAL-Ei-LM,bom_tubes_p30_ao13_am18_1_m30_ao13_am16_2,13,6,SATISFIED,1.0139,101060.0,11334.0
SAL-Ei-LM,bom_tubes_p30_ao13_am18_1_m30_ao13_am16_2,13,7,SATISFIED,1.0128,90166.0,11054.0
SAL-Ei-LM,bom_tubes_p30_ao13_am18_1_m30_ao13_am16_2,13,8,SATISFIED,1.0156,100406.0,10838.0
SAL-Ei-LM,bom_tubes_p30_ao13_am18_1_m30_ao13_am16_2,13,9,SATISFIED,1.0161,99485.0,5712.0
SAL-Ei-LM,bom_tubes_p30_ao13_am18_1_m30_ao13_am16_2,13,10,SATISFIED,1.012,95409.0,5626.0
SAL-Ei-LM,bom_tubes_p30_ao13_am18_1_m30_ao13_am18_1,13,1,SATISFIED,1.0129,47646.0,8248.0
SAL-Ei-LM,bom_tubes_p30_ao13_am18_1_m30_ao13_am18_1,13,2,SATISFIED,1.0139,55331.0,5642.0
SAL-Ei-LM,bom_tubes_p30_ao13_am18_1_m30_ao13_am18_1,13,3,SATISFIED,1.0118,50604.0,5826.0
SAL-Ei-LM,bom_tubes_p30_ao13_am18_1_m30_ao13_am18_1,13,4,SATISFIED,1.0126,53156.0,7753.0
SAL-Ei-LM,bom_tubes_p30_ao13_am18_1_m30_ao13_am18_1,13,5,SATISFIED,1.013,53543.0,11104.0
SAL-Ei-LM,bom_tubes_p30_ao13_am18_1_m30_ao13_am18_1,13,6,SATISFIED,1.0129,54467.0,11187.0
SAL-Ei-LM,bom_tubes_p30_ao13_am18_1_m30_ao13_am18_1,13,7,SATISFIED,1.0164,50517.0,8019.0
SAL-Ei-LM,bom_tubes_p30_ao13_am18_1_m30_ao13_am18_1,13,8,SATISFIED,1.0159,49734.0,5776.0
SAL-Ei-LM,bom_tubes_p30_ao13_am18_1_m30_ao13_am18_1,13,9,SATISFIED,1.0161,52402.0,8689.0
SAL-Ei-LM,bom_tubes_p30_ao13_am18_1_m30_ao13_am18_1,13,10,SATISFIED,1.0152,51167.0,10412.0
SAL-Ei-LM,bom_tubes_p30_ao13_am18_1_m30_ao13_am18_4,13,1,SATISFIED,1.0149,29125.0,5724.0
SAL-Ei-LM,bom_tubes_p30_ao13_am18_1_m30_ao13_am18_4,13,2,SATISFIED,1.0157,30372.0,6661.0
SAL-Ei-LM,bom_tubes_p30_ao13_am18_1_m30_ao13_am18_4,13,3,SATISFIED,1.016,30768.0,10457.0
SAL-Ei-LM,bom_tubes_p30_ao13_am18_1_m30_ao13_am18_4,13,4,SATISFIED,1.0149,31794.0,10553.0
SAL-Ei-LM,bom_tubes_p30_ao13_am18_1_m30_ao13_am18_4,13,5,SATISFIED,1.014,29125.0,10632.0
SAL-Ei-LM,bom_tubes_p30_ao13_am18_1_m30_ao13_am18_4,13,6,SATISFIED,1.0125,31794.0,10848.0
SAL-Ei-LM,bom_tubes_p30_ao13_am18_1_m30_ao13_am18_4,13,7,SATISFIED,1.0126,31596.0,10817.0
SAL-Ei-LM,bom_tubes_p30_ao13_am18_1_m30_ao13_am18_4,13,8,SATISFIED,1.0131,29125.0,10865.0
SAL-Ei-LM,bom_tubes_p30_ao13_am18_1_m30_ao13_am18_4,13,9,SATISFIED,1.0162,28836.0,10824.0
SAL-Ei-LM,bom_tubes_p30_ao13_am18_1_m30_ao13_am18_4,13,10,SATISFIED,1.0164,28922.0,10814.0
SAL-Ei-LM,bom_tubes_p30_ao13_am18_1_m30_ao13_am19_3,13,1,SATISFIED,1.0161,10516.0,10349.0
SAL-Ei-LM,bom_tubes_p30_ao13_am18_1_m30_ao13_am19_3,13,2,SATISFIED,1.0167,10856.0,10437.0
SAL-Ei-LM,bom_tubes_p30_ao13_am18_1_m30_ao13_am19_3,13,3,SATISFIED,1.0163,10741.0,10434.0
SAL-Ei-LM,bom_tubes_p30_ao13_am18_1_m30_ao13_am19_3,13,4,SATISFIED,1.0153,10856.0,10334.0
SAL-Ei-LM,bom_tubes_p30_ao13_am18_1_m30_ao13_am19_3,13,5,SATISFIED,1.0153,10752.0,10416.0
SAL-Ei-LM,bom_tubes_p30_ao13_am18_1_m30_ao13_am19_3,13,6,SATISFIED,1.0152,10717.0,10481.0
SAL-Ei-LM,bom_tubes_p30_ao13_am18_1_m30_ao13_am19_3,13,7,SATISFIED,1.0149,11053.0,10376.0
SAL-Ei-LM,bom_tubes_p30_ao13_am18_1_m30_ao13_am19_3,13,8,SATISFIED,1.0148,10476.0,10369.0
SAL-Ei-LM,bom_tubes_p30_ao13_am18_1_m30_ao13_am19_3,13,9,SATISFIED,1.0139,10894.0,10424.0
SAL-Ei-LM,bom_tubes_p30_ao13_am18_1_m30_ao13_am19_3,13,10,SATISFIED,1.0134,10656.0,10378.0
SAL-Ei-LM,bom_tubes_p30_ao13_am18_1_m30_ao13_am20_5,13,1,SATISFIED,1.0134,50859.0,10589.0
SAL-Ei-LM,bom_tubes_p30_ao13_am18_1_m30_ao13_am20_5,13,2,SATISFIED,1.0121,50443.0,10337.0
SAL-Ei-LM,bom_tubes_p30_ao13_am18_1_m30_ao13_am20_5,13,3,SATISFIED,1.0116,50215.0,10527.0
SAL-Ei-LM,bom_tubes_p30_ao13_am18_1_m30_ao13_am20_5,13,4,SATISFIED,1.0119,51006.0,10628.0
SAL-Ei-LM,bom_tubes_p30_ao13_am18_1_m30_ao13_am20_5,13,5,SATISFIED,1.0119,50347.0,10645.0
SAL-Ei-LM,bom_tubes_p30_ao13_am18_1_m30_ao13_am20_5,13,6,SATISFIED,1.0134,50665.0,10582.0
SAL-Ei-LM,bom_tubes_p30_ao13_am18_1_m30_ao13_am20_5,13,7,SATISFIED,1.0164,50279.0,5211.0
SAL-Ei-LM,bom_tubes_p30_ao13_am18_1_m30_ao13_am20_5,13,8,SATISFIED,1.0182,50971.0,5490.0
SAL-Ei-LM,bom_tubes_p30_ao13_am18_1_m30_ao13_am20_5,13,9,SATISFIED,1.014,50287.0,7737.0
SAL-Ei-LM,bom_tubes_p30_ao13_am18_1_m30_ao13_am20_5,13,10,SATISFIED,1.0144,50551.0,10637.0
SAL-Ei-LM,bom_tubes_p30_ao13_am18_2,13,1,SATISFIED,1.012,16640.0,12884.0
SAL-Ei-LM,bom_tubes_p30_ao13_am18_2,13,2,SATISFIED,1.0141,16536.0,12988.0
SAL-Ei-LM,bom_tubes_p30_ao13_am18_2,13,3,SATISFIED,1.0123,16484.0,12873.0
SAL-Ei-LM,bom_tubes_p30_ao13_am18_2,13,4,SATISFIED,1.0135,16612.0,12889.0
SAL-Ei-LM,bom_tubes_p30_ao13_am18_2,13,5,SATISFIED,1.0127,16752.0,12861.0
SAL-Ei-LM,bom_tubes_p30_ao13_am18_2,13,6,SATISFIED,1.0176,16628.0,6641.0
SAL-Ei-LM,bom_tubes_p30_ao13_am18_2,13,7,SATISFIED,1.018,16552.0,6731.0
SAL-Ei-LM,bom_tubes_p30_ao13_am18_2,13,8,SATISFIED,1.0163,16724.0,6546.0
SAL-Ei-LM,bom_tubes_p30_ao13_am18_2,13,9,SATISFIED,1.0167,16664.0,6593.0
SAL-Ei-LM,bom_tubes_p30_ao13_am18_2,13,10,SATISFIED,1.0156,16524.0,8822.0
SAL-Ei-LM,bom_tubes_p30_ao13_am18_2_m10_ao13_am9_1,13,1,SATISFIED,1.0143,36674.0,12081.0
SAL-Ei-LM,bom_tubes_p30_ao13_am18_2_m10_ao13_am9_1,13,2,SATISFIED,1.0245,35970.0,6255.0
SAL-Ei-LM,bom_tubes_p30_ao13_am18_2_m10_ao13_am9_1,13,3,SATISFIED,1.0144,36027.0,6304.0
SAL-Ei-LM,bom_tubes_p30_ao13_am18_2_m10_ao13_am9_1,13,4,SATISFIED,1.0144,36534.0,8765.0
SAL-Ei-LM,bom_tubes_p30_ao13_am18_2_m10_ao13_am9_1,13,5,SATISFIED,1.0155,36702.0,12191.0
SAL-Ei-LM,bom_tubes_p30_ao13_am18_2_m10_ao13_am9_1,13,6,SATISFIED,1.0141,36179.0,12447.0
SAL-Ei-LM,bom_tubes_p30_ao13_am18_2_m10_ao13_am9_1,13,7,SATISFIED,1.0132,36058.0,12378.0
SAL-Ei-LM,bom_tubes_p30_ao13_am18_2_m10_ao13_am9_1,13,8,SATISFIED,1.0118,36293.0,12554.0
SAL-Ei-LM,bom_tubes_p30_ao13_am18_2_m10_ao13_am9_1,13,9,SATISFIED,1.0116,36141.0,12555.0
SAL-Ei-LM,bom_tubes_p30_ao13_am18_2_m10_ao13_am9_1,13,10,SATISFIED,1.0145,36635.0,6247.0
SAL-Ei-LM,bom_tubes_p30_ao13_am18_2_m10_ao13_am10_2,13,1,SATISFIED,1.0214,36058.0,6783.0
SAL-Ei-LM,bom_tubes_p30_ao13_am18_2_m10_ao13_am10_2,13,2,SATISFIED,1.0246,36058.0,6862.0
SAL-Ei-LM,bom_tubes_p30_ao13_am18_2_m10_ao13_am10_2,13,3,SATISFIED,1.0193,36058.0,6715.0
SAL-Ei-LM,bom_tubes_p30_ao13_am18_2_m10_ao13_am10_2,13,4,SATISFIED,1.0146,36058.0,7396.0
SAL-Ei-LM,bom_tubes_p30_ao13_am18_2_m10_ao13_am10_2,13,5,SATISFIED,1.0144,36058.0,12141.0
SAL-Ei-LM,bom_tubes_p30_ao13_am18_2_m10_ao13_am10_2,13,6,SATISFIED,1.0149,36058.0,12837.0
SAL-Ei-LM,bom_tubes_p30_ao13_am18_2_m10_ao13_am10_2,13,7,SATISFIED,1.017,36058.0,6485.0
SAL-Ei-LM,bom_tubes_p30_ao13_am18_2_m10_ao13_am10_2,13,8,SATISFIED,1.0177,36058.0,7130.0
SAL-Ei-LM,bom_tubes_p30_ao13_am18_2_m10_ao13_am10_2,13,9,SATISFIED,1.0186,36058.0,6831.0
SAL-Ei-LM,bom_tubes_p30_ao13_am18_2_m10_ao13_am10_2,13,10,SATISFIED,1.0198,36058.0,7191.0
SAL-Ei-LM,bom_tubes_p30_ao13_am18_2_m10_ao13_am10_3,13,1,SATISFIED,1.021,10210.0,6066.0
SAL-Ei-LM,bom_tubes_p30_ao13_am18_2_m10_ao13_am10_3,13,2,SATISFIED,1.0214,10383.0,5909.0
SAL-Ei-LM,bom_tubes_p30_ao13_am18_2_m10_ao13_am10_3,13,3,SATISFIED,1.0172,10431.0,6012.0
SAL-Ei-LM,bom_tubes_p30_ao13_am18_2_m10_ao13_am10_3,13,4,SATISFIED,1.0196,10069.0,5894.0
SAL-Ei-LM,bom_tubes_p30_ao13_am18_2_m10_ao13_am10_3,13,5,SATISFIED,1.0152,10207.0,6107.0
SAL-Ei-LM,bom_tubes_p30_ao13_am18_2_m10_ao13_am10_3,13,6,SATISFIED,1.0223,10167.0,5781.0
SAL-Ei-LM,bom_tubes_p30_ao13_am18_2_m10_ao13_am10_3,13,7,SATISFIED,1.0239,10315.0,6110.0
SAL-Ei-LM,bom_tubes_p30_ao13_am18_2_m10_ao13_am10_3,13,8,SATISFIED,1.0198,10502.0,5983.0
SAL-Ei-LM,bom_tubes_p30_ao13_am18_2_m10_ao13_am10_3,13,9,SATISFIED,1.0179,10503.0,5942.0
SAL-Ei-LM,bom_tubes_p30_ao13_am18_2_m10_ao13_am10_3,13,10,SATISFIED,1.0223,10301.0,5989.0
SAL-Ei-LM,bom_tubes_p30_ao13_am18_2_m10_ao13_am10_4,13,1,SATISFIED,1.0175,23292.0,5552.0
SAL-Ei-LM,bom_tubes_p30_ao13_am18_2_m10_ao13_am10_4,13,2,SATISFIED,1.015,23312.0,5672.0
SAL-Ei-LM,bom_tubes_p30_ao13_am18_2_m10_ao13_am10_4,13,3,SATISFIED,1.0152,23243.0,5590.0
SAL-Ei-LM,bom_tubes_p30_ao13_am18_2_m10_ao13_am10_4,13,4,SATISFIED,1.015,23312.0,5714.0
SAL-Ei-LM,bom_tubes_p30_ao13_am18_2_m10_ao13_am10_4,13,5,SATISFIED,1.0157,23226.0,5796.0
SAL-Ei-LM,bom_tubes_p30_ao13_am18_2_m10_ao13_am10_4,13,6,SATISFIED,1.0112,23348.0,7453.0
SAL-Ei-LM,bom_tubes_p30_ao13_am18_2_m10_ao13_am10_4,13,7,SATISFIED,1.0107,23072.0,10540.0
SAL-Ei-LM,bom_tubes_p30_ao13_am18_2_m10_ao13_am10_4,13,8,SATISFIED,1.0156,23228.0,5697.0
SAL-Ei-LM,bom_tubes_p30_ao13_am18_2_m10_ao13_am10_4,13,9,SATISFIED,1.0161,23463.0,5490.0
SAL-Ei-LM,bom_tubes_p30_ao13_am18_2_m10_ao13_am10_4,13,10,SATISFIED,1.0131,23323.0,6066.0
SAL-Ei-LM,bom_tubes_p30_ao13_am18_2_m10_ao13_am10_5,13,1,SATISFIED,1.015,47134.0,6734.0
SAL-Ei-LM,bom_tubes_p30_ao13_am18_2_m10_ao13_am10_5,13,2,SATISFIED,1.0156,47134.0,6475.0
SAL-Ei-LM,bom_tubes_p30_ao13_am18_2_m10_ao13_am10_5,13,3,SATISFIED,1.0133,47134.0,6892.0
SAL-Ei-LM,bom_tubes_p30_ao13_am18_2_m10_ao13_am10_5,13,4,SATISFIED,1.0129,47134.0,8583.0
SAL-Ei-LM,bom_tubes_p30_ao13_am18_2_m10_ao13_am10_5,13,5,SATISFIED,1.012,47134.0,12906.0
SAL-Ei-LM,bom_tubes_p30_ao13_am18_2_m10_ao13_am10_5,13,6,SATISFIED,1.0143,47134.0,12531.0
SAL-Ei-LM,bom_tubes_p30_ao13_am18_2_m10_ao13_am10_5,13,7,SATISFIED,1.0174,47134.0,6883.0
SAL-Ei-LM,bom_tubes_p30_ao13_am18_2_m10_ao13_am10_5,13,8,SATISFIED,1.0158,47134.0,7511.0
SAL-Ei-LM,bom_tubes_p30_ao13_am18_2_m10_ao13_am10_5,13,9,SATISFIED,1.0146,47134.0,11053.0
SAL-Ei-LM,bom_tubes_p30_ao13_am18_2_m10_ao13_am10_5,13,10,SATISFIED,1.0139,47134.0,6617.0
SAL-Ei-LM,bom_tubes_p30_ao13_am18_2_m30_ao13_am15_1,13,1,SATISFIED,1.0151,26186.0,7126.0
SAL-Ei-LM,bom_tubes_p30_ao13_am18_2_m30_ao13_am15_1,13,2,SATISFIED,1.0133,26205.0,11223.0
SAL-Ei-LM,bom_tubes_p30_ao13_am18_2_m30_ao13_am15_1,13,3,SATISFIED,1.0117,27261.0,11598.0
SAL-Ei-LM,bom_tubes_p30_ao13_am18_2_m30_ao13_am15_1,13,4,SATISFIED,1.0123,26342.0,11658.0
SAL-Ei-LM,bom_tubes_p30_ao13_am18_2_m30_ao13_am15_1,13,5,SATISFIED,1.0144,27646.0,11637.0
SAL-Ei-LM,bom_tubes_p30_ao13_am18_2_m30_ao13_am15_1,13,6,SATISFIED,1.0141,26294.0,11570.0
SAL-Ei-LM,bom_tubes_p30_ao13_am18_2_m30_ao13_am15_1,13,7,SATISFIED,1.0142,28408.0,11620.0
SAL-Ei-LM,bom_tubes_p30_ao13_am18_2_m30_ao13_am15_1,13,8,SATISFIED,1.0135,26150.0,11469.0
SAL-Ei-LM,bom_tubes_p30_ao13_am18_2_m30_ao13_am15_1,13,9,SATISFIED,1.0138,26887.0,11706.0
SAL-Ei-LM,bom_tubes_p30_ao13_am18_2_m30_ao13_am15_1,13,10,SATISFIED,1.0163,26977.0,5615.0
SAL-Ei-LM,bom_tubes_p30_ao13_am18_2_m30_ao13_am19_5,13,1,SATISFIED,1.014,42867.0,6032.0
SAL-Ei-LM,bom_tubes_p30_ao13_am18_2_m30_ao13_am19_5,13,2,SATISFIED,1.015,41783.0,7817.0
SAL-Ei-LM,bom_tubes_p30_ao13_am18_2_m30_ao13_am19_5,13,3,SATISFIED,1.0137,43084.0,11185.0
SAL-Ei-LM,bom_tubes_p30_ao13_am18_2_m30_ao13_am19_5,13,4,SATISFIED,1.0116,41976.0,10724.0
SAL-Ei-LM,bom_tubes_p30_ao13_am18_2_m30_ao13_am19_5,13,5,SATISFIED,1.0152,43096.0,10871.0
SAL-Ei-LM,bom_tubes_p30_ao13_am18_2_m30_ao13_am19_5,13,6,SATISFIED,1.0141,42376.0,5674.0
SAL-Ei-LM,bom_tubes_p30_ao13_am18_2_m30_ao13_am19_5,13,7,SATISFIED,1.0146,43084.0,5684.0
SAL-Ei-LM,bom_tubes_p30_ao13_am18_2_m30_ao13_am19_5,13,8,SATISFIED,1.0159,43132.0,6786.0
SAL-Ei-LM,bom_tubes_p30_ao13_am18_2_m30_ao13_am19_5,13,9,SATISFIED,1.0133,42876.0,9295.0
SAL-Ei-LM,bom_tubes_p30_ao13_am18_2_m30_ao13_am19_5,13,10,SATISFIED,1.0159,43480.0,5719.0
SAL-Ei-LM,bom_tubes_p30_ao13_am18_2_m30_ao13_am20_2,13,1,SATISFIED,1.0122,27076.0,6636.0
SAL-Ei-LM,bom_tubes_p30_ao13_am18_2_m30_ao13_am20_2,13,2,SATISFIED,1.0118,27116.0,10205.0
SAL-Ei-LM,bom_tubes_p30_ao13_am18_2_m30_ao13_am20_2,13,3,SATISFIED,1.0116,27016.0,10369.0
SAL-Ei-LM,bom_tubes_p30_ao13_am18_2_m30_ao13_am20_2,13,4,SATISFIED,1.0114,27116.0,10411.0
SAL-Ei-LM,bom_tubes_p30_ao13_am18_2_m30_ao13_am20_2,13,5,SATISFIED,1.0112,26836.0,10222.0
SAL-Ei-LM,bom_tubes_p30_ao13_am18_2_m30_ao13_am20_2,13,6,SATISFIED,1.0146,27016.0,10422.0
SAL-Ei-LM,bom_tubes_p30_ao13_am18_2_m30_ao13_am20_2,13,7,SATISFIED,1.012,27116.0,10505.0
SAL-Ei-LM,bom_tubes_p30_ao13_am18_2_m30_ao13_am20_2,13,8,SATISFIED,1.0147,27116.0,5612.0
SAL-Ei-LM,bom_tubes_p30_ao13_am18_2_m30_ao13_am20_2,13,9,SATISFIED,1.015,27116.0,5655.0
SAL-Ei-LM,bom_tubes_p30_ao13_am18_2_m30_ao13_am20_2,13,10,SATISFIED,1.0149,27096.0,5426.0
SAL-Ei-LM,bom_tubes_p30_ao13_am18_2_m30_ao13_am22_3,13,1,SATISFIED,1.0168,33507.0,4841.0
SAL-Ei-LM,bom_tubes_p30_ao13_am18_2_m30_ao13_am22_3,13,2,SATISFIED,1.0153,31996.0,5071.0
SAL-Ei-LM,bom_tubes_p30_ao13_am18_2_m30_ao13_am22_3,13,3,SATISFIED,1.0145,32565.0,5787.0
SAL-Ei-LM,bom_tubes_p30_ao13_am18_2_m30_ao13_am22_3,13,4,SATISFIED,1.0163,32656.0,5139.0
SAL-Ei-LM,bom_tubes_p30_ao13_am18_2_m30_ao13_am22_3,13,5,SATISFIED,1.0159,33602.0,6869.0
SAL-Ei-LM,bom_tubes_p30_ao13_am18_2_m30_ao13_am22_3,13,6,SATISFIED,1.0146,33629.0,9748.0
SAL-Ei-LM,bom_tubes_p30_ao13_am18_2_m30_ao13_am22_3,13,7,SATISFIED,1.012,32894.0,9816.0
SAL-Ei-LM,bom_tubes_p30_ao13_am18_2_m30_ao13_am22_3,13,8,SATISFIED,1.0123,32332.0,9877.0
SAL-Ei-LM,bom_tubes_p30_ao13_am18_2_m30_ao13_am22_3,13,9,SATISFIED,1.0123,32394.0,9805.0
SAL-Ei-LM,bom_tubes_p30_ao13_am18_2_m30_ao13_am22_3,13,10,SATISFIED,1.0134,32856.0,9780.0
SAL-Ei-LM,bom_tubes_p30_ao13_am18_2_m30_ao13_am22_4,13,1,SATISFIED,1.0134,23577.0,10718.0
SAL-Ei-LM,bom_tubes_p30_ao13_am18_2_m30_ao13_am22_4,13,2,SATISFIED,1.0134,23435.0,10672.0
SAL-Ei-LM,bom_tubes_p30_ao13_am18_2_m30_ao13_am22_4,13,3,SATISFIED,1.0126,23615.0,10600.0
SAL-Ei-LM,bom_tubes_p30_ao13_am18_2_m30_ao13_am22_4,13,4,SATISFIED,1.0117,23479.0,10752.0
SAL-Ei-LM,bom_tubes_p30_ao13_am18_2_m30_ao13_am22_4,13,5,SATISFIED,1.0121,23435.0,10709.0
SAL-Ei-LM,bom_tubes_p30_ao13_am18_2_m30_ao13_am22_4,13,6,SATISFIED,1.0151,22963.0,10624.0
SAL-Ei-LM,bom_tubes_p30_ao13_am18_2_m30_ao13_am22_4,13,7,SATISFIED,1.0146,23463.0,10673.0
SAL-Ei-LM,bom_tubes_p30_ao13_am18_2_m30_ao13_am22_4,13,8,SATISFIED,1.0193,23605.0,5378.0
SAL-Ei-LM,bom_tubes_p30_ao13_am18_2_m30_ao13_am22_4,13,9,SATISFIED,1.0151,23451.0,5383.0
SAL-Ei-LM,bom_tubes_p30_ao13_am18_2_m30_ao13_am22_4,13,10,SATISFIED,1.0137,23815.0,7850.0
SAL-Ei-LM,bom_tubes_p30_ao13_am18_3,13,1,SATISFIED,1.0149,122700.0,13442.0
SAL-Ei-LM,bom_tubes_p30_ao13_am18_3,13,2,SATISFIED,1.0151,122051.0,7229.0
SAL-Ei-LM,bom_tubes_p30_ao13_am18_3,13,3,SATISFIED,1.0142,122697.0,6881.0
SAL-Ei-LM,bom_tubes_p30_ao13_am18_3,13,4,SATISFIED,1.0136,122432.0,9705.0
SAL-Ei-LM,bom_tubes_p30_ao13_am18_3,13,5,SATISFIED,1.0141,122619.0,13267.0
SAL-Ei-LM,bom_tubes_p30_ao13_am18_3,13,6,SATISFIED,1.0116,123366.0,13587.0
SAL-Ei-LM,bom_tubes_p30_ao13_am18_3,13,7,SATISFIED,1.0149,122733.0,7165.0
SAL-Ei-LM,bom_tubes_p30_ao13_am18_3,13,8,SATISFIED,1.017,121272.0,7187.0
SAL-Ei-LM,bom_tubes_p30_ao13_am18_3,13,9,SATISFIED,1.0152,123621.0,9404.0
SAL-Ei-LM,bom_tubes_p30_ao13_am18_3,13,10,SATISFIED,1.015,122895.0,13782.0
SAL-Ei-LM,bom_tubes_p30_ao13_am18_3_m10_ao13_am9_1,13,1,SATISFIED,1.0137,95718.0,11118.0
SAL-Ei-LM,bom_tubes_p30_ao13_am18_3_m10_ao13_am9_1,13,2,SATISFIED,1.0119,95547.0,11012.0
SAL-Ei-LM,bom_tubes_p30_ao13_am18_3_m10_ao13_am9_1,13,3,SATISFIED,1.0149,96108.0,5916.0
SAL-Ei-LM,bom_tubes_p30_ao13_am18_3_m10_ao13_am9_1,13,4,SATISFIED,1.0143,96109.0,5989.0
SAL-Ei-LM,bom_tubes_p30_ao13_am18_3_m10_ao13_am9_1,13,5,SATISFIED,1.0161,95749.0,6005.0
SAL-Ei-LM,bom_tubes_p30_ao13_am18_3_m10_ao13_am9_1,13,6,SATISFIED,1.0136,95684.0,5906.0
SAL-Ei-LM,bom_tubes_p30_ao13_am18_3_m10_ao13_am9_1,13,7,SATISFIED,1.0151,95677.0,5730.0
SAL-Ei-LM,bom_tubes_p30_ao13_am18_3_m10_ao13_am9_1,13,8,SATISFIED,1.0152,95801.0,6396.0
SAL-Ei-LM,bom_tubes_p30_ao13_am18_3_m10_ao13_am9_1,13,9,SATISFIED,1.0147,96002.0,5759.0
SAL-Ei-LM,bom_tubes_p30_ao13_am18_3_m10_ao13_am9_1,13,10,SATISFIED,1.017,95682.0,5590.0
SAL-Ei-LM,bom_tubes_p30_ao13_am18_3_m10_ao13_am9_3,13,1,SATISFIED,1.0141,64905.0,6973.0
SAL-Ei-LM,bom_tubes_p30_ao13_am18_3_m10_ao13_am9_3,13,2,SATISFIED,1.0159,61855.0,5348.0
SAL-Ei-LM,bom_tubes_p30_ao13_am18_3_m10_ao13_am9_3,13,3,SATISFIED,1.0131,64939.0,6206.0
SAL-Ei-LM,bom_tubes_p30_ao13_am18_3_m10_ao13_am9_3,13,4,SATISFIED,1.0121,59203.0,9838.0
SAL-Ei-LM,bom_tubes_p30_ao13_am18_3_m10_ao13_am9_3,13,5,SATISFIED,1.012,61673.0,10254.0
SAL-Ei-LM,bom_tubes_p30_ao13_am18_3_m10_ao13_am9_3,13,6,SATISFIED,1.013,67229.0,10167.0
SAL-Ei-LM,bom_tubes_p30_ao13_am18_3_m10_ao13_am9_3,13,7,SATISFIED,1.0149,59993.0,10362.0
SAL-Ei-LM,bom_tubes_p30_ao13_am18_3_m10_ao13_am9_3,13,8,SATISFIED,1.0143,69649.0,10365.0
SAL-Ei-LM,bom_tubes_p30_ao13_am18_3_m10_ao13_am9_3,13,9,SATISFIED,1.0146,62455.0,10219.0
SAL-Ei-LM,bom_tubes_p30_ao13_am18_3_m10_ao13_am9_3,13,10,SATISFIED,1.0146,63069.0,10260.0
SAL-Ei-LM,bom_tubes_p30_ao13_am18_3_m10_ao13_am9_4,13,1,SATISFIED,1.0128,25154.0,10037.0
SAL-Ei-LM,bom_tubes_p30_ao13_am18_3_m10_ao13_am9_4,13,2,SATISFIED,1.0148,25506.0,10023.0
SAL-Ei-LM,bom_tubes_p30_ao13_am18_3_m10_ao13_am9_4,13,3,SATISFIED,1.009,26664.0,10000.0
SAL-Ei-LM,bom_tubes_p30_ao13_am18_3_m10_ao13_am9_4,13,4,SATISFIED,1.0087,26188.0,10006.0
SAL-Ei-LM,bom_tubes_p30_ao13_am18_3_m10_ao13_am9_4,13,5,SATISFIED,1.0095,26240.0,9982.0
SAL-Ei-LM,bom_tubes_p30_ao13_am18_3_m10_ao13_am9_4,13,6,SATISFIED,1.0116,27327.0,7902.0
SAL-Ei-LM,bom_tubes_p30_ao13_am18_3_m10_ao13_am9_4,13,7,SATISFIED,1.0156,26517.0,5362.0
SAL-Ei-LM,bom_tubes_p30_ao13_am18_3_m10_ao13_am9_4,13,8,SATISFIED,1.0146,25790.0,7554.0
SAL-Ei-LM,bom_tubes_p30_ao13_am18_3_m10_ao13_am9_4,13,9,SATISFIED,1.012,26396.0,10249.0
SAL-Ei-LM,bom_tubes_p30_ao13_am18_3_m10_ao13_am9_4,13,10,SATISFIED,1.0131,26491.0,10267.0
SAL-Ei-LM,bom_tubes_p30_ao13_am18_3_m10_ao13_am9_5,13,1,SATISFIED,1.0112,102493.0,11320.0
SAL-Ei-LM,bom_tubes_p30_ao13_am18_3_m10_ao13_am9_5,13,2,SATISFIED,1.012,102493.0,11310.0
SAL-Ei-LM,bom_tubes_p30_ao13_am18_3_m10_ao13_am9_5,13,3,SATISFIED,1.0135,102493.0,11472.0
SAL-Ei-LM,bom_tubes_p30_ao13_am18_3_m10_ao13_am9_5,13,4,SATISFIED,1.0134,102493.0,11316.0
SAL-Ei-LM,bom_tubes_p30_ao13_am18_3_m10_ao13_am9_5,13,5,SATISFIED,1.0144,102493.0,11254.0
SAL-Ei-LM,bom_tubes_p30_ao13_am18_3_m10_ao13_am9_5,13,6,SATISFIED,1.0146,102493.0,7930.0
SAL-Ei-LM,bom_tubes_p30_ao13_am18_3_m10_ao13_am9_5,13,7,SATISFIED,1.012,102493.0,6021.0
SAL-Ei-LM,bom_tubes_p30_ao13_am18_3_m10_ao13_am9_5,13,8,SATISFIED,1.0138,102493.0,5833.0
SAL-Ei-LM,bom_tubes_p30_ao13_am18_3_m10_ao13_am9_5,13,9,SATISFIED,1.0152,102493.0,5852.0
SAL-Ei-LM,bom_tubes_p30_ao13_am18_3_m10_ao13_am9_5,13,10,SATISFIED,1.0109,102493.0,7348.0
SAL-Ei-LM,bom_tubes_p30_ao13_am18_3_m10_ao13_am10_2,13,1,SATISFIED,1.0105,96256.0,11771.0
SAL-Ei-LM,bom_tubes_p30_ao13_am18_3_m10_ao13_am10_2,13,2,SATISFIED,1.0103,95818.0,11590.0
SAL-Ei-LM,bom_tubes_p30_ao13_am18_3_m10_ao13_am10_2,13,3,SATISFIED,1.0102,95222.0,11669.0
SAL-Ei-LM,bom_tubes_p30_ao13_am18_3_m10_ao13_am10_2,13,4,SATISFIED,1.0102,95776.0,11730.0
SAL-Ei-LM,bom_tubes_p30_ao13_am18_3_m10_ao13_am10_2,13,5,SATISFIED,1.0116,96383.0,9446.0
SAL-Ei-LM,bom_tubes_p30_ao13_am18_3_m10_ao13_am10_2,13,6,SATISFIED,1.0141,95855.0,6112.0
SAL-Ei-LM,bom_tubes_p30_ao13_am18_3_m10_ao13_am10_2,13,7,SATISFIED,1.0154,95987.0,7984.0
SAL-Ei-LM,bom_tubes_p30_ao13_am18_3_m10_ao13_am10_2,13,8,SATISFIED,1.0155,95985.0,11506.0
SAL-Ei-LM,bom_tubes_p30_ao13_am18_3_m10_ao13_am10_2,13,9,SATISFIED,1.0185,95376.0,6023.0
SAL-Ei-LM,bom_tubes_p30_ao13_am18_3_m10_ao13_am10_2,13,10,SATISFIED,1.0153,96134.0,5981.0
SAL-Ei-LM,bom_tubes_p30_ao13_am18_3_m30_ao13_am14_3,13,1,SATISFIED,1.0161,102367.0,7987.0
SAL-Ei-LM,bom_tubes_p30_ao13_am18_3_m30_ao13_am14_3,13,2,SATISFIED,1.0145,102413.0,11331.0
SAL-Ei-LM,bom_tubes_p30_ao13_am18_3_m30_ao13_am14_3,13,3,SATISFIED,1.0136,102409.0,11418.0
SAL-Ei-LM,bom_tubes_p30_ao13_am18_3_m30_ao13_am14_3,13,4,SATISFIED,1.0131,102407.0,11384.0
SAL-Ei-LM,bom_tubes_p30_ao13_am18_3_m30_ao13_am14_3,13,5,SATISFIED,1.0131,102365.0,11376.0
SAL-Ei-LM,bom_tubes_p30_ao13_am18_3_m30_ao13_am14_3,13,6,SATISFIED,1.0152,102400.0,11694.0
SAL-Ei-LM,bom_tubes_p30_ao13_am18_3_m30_ao13_am14_3,13,7,SATISFIED,1.0142,102393.0,11353.0
SAL-Ei-LM,bom_tubes_p30_ao13_am18_3_m30_ao13_am14_3,13,8,SATISFIED,1.0146,102381.0,11364.0
SAL-Ei-LM,bom_tubes_p30_ao13_am18_3_m30_ao13_am14_3,13,9,SATISFIED,1.015,102417.0,11837.0
SAL-Ei-LM,bom_tubes_p30_ao13_am18_3_m30_ao13_am14_3,13,10,SATISFIED,1.0142,102368.0,11444.0
SAL-Ei-LM,bom_tubes_p30_ao13_am18_3_m30_ao13_am18_1,13,1,SATISFIED,1.0134,37460.0,10377.0
SAL-Ei-LM,bom_tubes_p30_ao13_am18_3_m30_ao13_am18_1,13,2,SATISFIED,1.0137,36271.0,9666.0
SAL-Ei-LM,bom_tubes_p30_ao13_am18_3_m30_ao13_am18_1,13,3,SATISFIED,1.0166,32187.0,5637.0
SAL-Ei-LM,bom_tubes_p30_ao13_am18_3_m30_ao13_am18_1,13,4,SATISFIED,1.0153,36300.0,6583.0
SAL-Ei-LM,bom_tubes_p30_ao13_am18_3_m30_ao13_am18_1,13,5,SATISFIED,1.0133,37170.0,10459.0
SAL-Ei-LM,bom_tubes_p30_ao13_am18_3_m30_ao13_am18_1,13,6,SATISFIED,1.0139,34044.0,10693.0
SAL-Ei-LM,bom_tubes_p30_ao13_am18_3_m30_ao13_am18_1,13,7,SATISFIED,1.0129,39809.0,10767.0
SAL-Ei-LM,bom_tubes_p30_ao13_am18_3_m30_ao13_am18_1,13,8,SATISFIED,1.0136,37025.0,10768.0
SAL-Ei-LM,bom_tubes_p30_ao13_am18_3_m30_ao13_am18_1,13,9,SATISFIED,1.0123,32752.0,10580.0
SAL-Ei-LM,bom_tubes_p30_ao13_am18_3_m30_ao13_am18_1,13,10,SATISFIED,1.013,33400.0,10721.0
SAL-Ei-LM,bom_tubes_p30_ao13_am18_3_m30_ao13_am18_2,13,1,SATISFIED,1.0157,29046.0,10306.0
SAL-Ei-LM,bom_tubes_p30_ao13_am18_3_m30_ao13_am18_2,13,2,SATISFIED,1.0156,29988.0,10368.0
SAL-Ei-LM,bom_tubes_p30_ao13_am18_3_m30_ao13_am18_2,13,3,SATISFIED,1.0142,29302.0,10408.0
SAL-Ei-LM,bom_tubes_p30_ao13_am18_3_m30_ao13_am18_2,13,4,SATISFIED,1.0156,28747.0,10293.0
SAL-Ei-LM,bom_tubes_p30_ao13_am18_3_m30_ao13_am18_2,13,5,SATISFIED,1.0143,28577.0,10328.0
SAL-Ei-LM,bom_tubes_p30_ao13_am18_3_m30_ao13_am18_2,13,6,SATISFIED,1.0144,29003.0,10118.0
SAL-Ei-LM,bom_tubes_p30_ao13_am18_3_m30_ao13_am18_2,13,7,SATISFIED,1.0147,31094.0,10160.0
SAL-Ei-LM,bom_tubes_p30_ao13_am18_3_m30_ao13_am18_2,13,8,SATISFIED,1.0205,30437.0,5314.0
SAL-Ei-LM,bom_tubes_p30_ao13_am18_3_m30_ao13_am18_2,13,9,SATISFIED,1.0158,29045.0,5141.0
SAL-Ei-LM,bom_tubes_p30_ao13_am18_3_m30_ao13_am18_2,13,10,SATISFIED,1.0148,28346.0,6987.0
SAL-Ei-LM,bom_tubes_p30_ao13_am18_3_m30_ao13_am19_5,13,1,SATISFIED,1.0134,45742.0,11027.0
SAL-Ei-LM,bom_tubes_p30_ao13_am18_3_m30_ao13_am19_5,13,2,SATISFIED,1.0158,46218.0,5766.0
SAL-Ei-LM,bom_tubes_p30_ao13_am18_3_m30_ao13_am19_5,13,3,SATISFIED,1.0161,46104.0,6237.0
SAL-Ei-LM,bom_tubes_p30_ao13_am18_3_m30_ao13_am19_5,13,4,SATISFIED,1.0157,46087.0,10054.0
SAL-Ei-LM,bom_tubes_p30_ao13_am18_3_m30_ao13_am19_5,13,5,SATISFIED,1.012,46130.0,10857.0
SAL-Ei-LM,bom_tubes_p30_ao13_am18_3_m30_ao13_am19_5,13,6,SATISFIED,1.0123,46432.0,11166.0
SAL-Ei-LM,bom_tubes_p30_ao13_am18_3_m30_ao13_am19_5,13,7,SATISFIED,1.0144,45744.0,11067.0
SAL-Ei-LM,bom_tubes_p30_ao13_am18_3_m30_ao13_am19_5,13,8,SATISFIED,1.0143,46351.0,10742.0
SAL-Ei-LM,bom_tubes_p30_ao13_am18_3_m30_ao13_am19_5,13,9,SATISFIED,1.0146,45982.0,10771.0
SAL-Ei-LM,bom_tubes_p30_ao13_am18_3_m30_ao13_am19_5,13,10,SATISFIED,1.0135,45880.0,10731.0
SAL-Ei-LM,bom_tubes_p30_ao13_am18_3_m30_ao13_am20_4,13,1,SATISFIED,1.0139,49137.0,5952.0
SAL-Ei-LM,bom_tubes_p30_ao13_am18_3_m30_ao13_am20_4,13,2,SATISFIED,1.0161,49662.0,4937.0
SAL-Ei-LM,bom_tubes_p30_ao13_am18_3_m30_ao13_am20_4,13,3,SATISFIED,1.0159,46755.0,5107.0
SAL-Ei-LM,bom_tubes_p30_ao13_am18_3_m30_ao13_am20_4,13,4,SATISFIED,1.0115,48835.0,5621.0
SAL-Ei-LM,bom_tubes_p30_ao13_am18_3_m30_ao13_am20_4,13,5,SATISFIED,1.0099,47875.0,9148.0
SAL-Ei-LM,bom_tubes_p30_ao13_am18_3_m30_ao13_am20_4,13,6,SATISFIED,1.0104,46507.0,9084.0
SAL-Ei-LM,bom_tubes_p30_ao13_am18_3_m30_ao13_am20_4,13,7,SATISFIED,1.0107,45037.0,9105.0
SAL-Ei-LM,bom_tubes_p30_ao13_am18_3_m30_ao13_am20_4,13,8,SATISFIED,1.0102,44435.0,8993.0
SAL-Ei-LM,bom_tubes_p30_ao13_am18_3_m30_ao13_am20_4,13,9,SATISFIED,1.0091,48117.0,9026.0
SAL-Ei-LM,bom_tubes_p30_ao13_am18_3_m30_ao13_am20_4,13,10,SATISFIED,1.0095,44652.0,9578.0
SAL-Ei-LM,bom_tubes_p30_ao13_am18_4,13,1,SATISFIED,1.0156,30468.0,6228.0
SAL-Ei-LM,bom_tubes_p30_ao13_am18_4,13,2,SATISFIED,1.016,32008.0,6017.0
SAL-Ei-LM,bom_tubes_p30_ao13_am18_4,13,3,SATISFIED,1.012,32164.0,8055.0
SAL-Ei-LM,bom_tubes_p30_ao13_am18_4,13,4,SATISFIED,1.0098,31272.0,11570.0
SAL-Ei-LM,bom_tubes_p30_ao13_am18_4,13,5,SATISFIED,1.0098,31420.0,11419.0
SAL-Ei-LM,bom_tubes_p30_ao13_am18_4,13,6,SATISFIED,1.0095,30516.0,11457.0
SAL-Ei-LM,bom_tubes_p30_ao13_am18_4,13,7,SATISFIED,1.0149,30648.0,6127.0
SAL-Ei-LM,bom_tubes_p30_ao13_am18_4,13,8,SATISFIED,1.0159,31296.0,6061.0
SAL-Ei-LM,bom_tubes_p30_ao13_am18_4,13,9,SATISFIED,1.0133,31884.0,6086.0
SAL-Ei-LM,bom_tubes_p30_ao13_am18_4,13,10,SATISFIED,1.015,31356.0,5929.0
SAL-Ei-LM,bom_tubes_p30_ao13_am18_4_m10_ao13_am8_1,13,1,SATISFIED,1.0132,107166.0,6029.0
SAL-Ei-LM,bom_tubes_p30_ao13_am18_4_m10_ao13_am8_1,13,2,SATISFIED,1.014,107361.0,5883.0
SAL-Ei-LM,bom_tubes_p30_ao13_am18_4_m10_ao13_am8_1,13,3,SATISFIED,1.0123,107050.0,5858.0
SAL-Ei-LM,bom_tubes_p30_ao13_am18_4_m10_ao13_am8_1,13,4,SATISFIED,1.0118,107481.0,5990.0
SAL-Ei-LM,bom_tubes_p30_ao13_am18_4_m10_ao13_am8_1,13,5,SATISFIED,1.0137,106892.0,5944.0
SAL-Ei-LM,bom_tubes_p30_ao13_am18_4_m10_ao13_am8_1,13,6,SATISFIED,1.0137,107368.0,6309.0
SAL-Ei-LM,bom_tubes_p30_ao13_am18_4_m10_ao13_am8_1,13,7,SATISFIED,1.0131,107437.0,5976.0
SAL-Ei-LM,bom_tubes_p30_ao13_am18_4_m10_ao13_am8_1,13,8,SATISFIED,1.0207,106978.0,6022.0
SAL-Ei-LM,bom_tubes_p30_ao13_am18_4_m10_ao13_am8_1,13,9,SATISFIED,1.0168,107237.0,6544.0
SAL-Ei-LM,bom_tubes_p30_ao13_am18_4_m10_ao13_am8_1,13,10,SATISFIED,1.0148,107133.0,10569.0
SAL-Ei-LM,bom_tubes_p30_ao13_am18_4_m10_ao13_am9_2,13,1,SATISFIED,1.016,49279.0,7017.0
SAL-Ei-LM,bom_tubes_p30_ao13_am18_4_m10_ao13_am9_2,13,2,SATISFIED,1.0142,48997.0,5971.0
SAL-Ei-LM,bom_tubes_p30_ao13_am18_4_m10_ao13_am9_2,13,3,SATISFIED,1.0152,49165.0,9576.0
SAL-Ei-LM,bom_tubes_p30_ao13_am18_4_m10_ao13_am9_2,13,4,SATISFIED,1.0138,49081.0,11003.0
SAL-Ei-LM,bom_tubes_p30_ao13_am18_4_m10_ao13_am9_2,13,5,SATISFIED,1.0162,49324.0,6020.0
SAL-Ei-LM,bom_tubes_p30_ao13_am18_4_m10_ao13_am9_2,13,6,SATISFIED,1.0147,49228.0,5989.0
SAL-Ei-LM,bom_tubes_p30_ao13_am18_4_m10_ao13_am9_2,13,7,SATISFIED,1.0143,49149.0,9601.0
SAL-Ei-LM,bom_tubes_p30_ao13_am18_4_m10_ao13_am9_2,13,8,SATISFIED,1.0125,49093.0,11260.0
SAL-Ei-LM,bom_tubes_p30_ao13_am18_4_m10_ao13_am9_2,13,9,SATISFIED,1.0139,49167.0,11290.0
SAL-Ei-LM,bom_tubes_p30_ao13_am18_4_m10_ao13_am9_2,13,10,SATISFIED,1.0128,49179.0,11008.0
SAL-Ei-LM,bom_tubes_p30_ao13_am18_4_m10_ao13_am9_3,13,1,SATISFIED,1.014,76140.0,10908.0
SAL-Ei-LM,bom_tubes_p30_ao13_am18_4_m10_ao13_am9_3,13,2,SATISFIED,1.0131,76404.0,10761.0
SAL-Ei-LM,bom_tubes_p30_ao13_am18_4_m10_ao13_am9_3,13,3,SATISFIED,1.0147,75860.0,10733.0
SAL-Ei-LM,bom_tubes_p30_ao13_am18_4_m10_ao13_am9_3,13,4,SATISFIED,1.0401,75976.0,5455.0
SAL-Ei-LM,bom_tubes_p30_ao13_am18_4_m10_ao13_am9_3,13,5,SATISFIED,1.0215,76284.0,5369.0
SAL-Ei-LM,bom_tubes_p30_ao13_am18_4_m10_ao13_am9_3,13,6,SATISFIED,1.0193,75788.0,5449.0
SAL-Ei-LM,bom_tubes_p30_ao13_am18_4_m10_ao13_am9_3,13,7,SATISFIED,1.0197,75891.0,5718.0
SAL-Ei-LM,bom_tubes_p30_ao13_am18_4_m10_ao13_am9_3,13,8,SATISFIED,1.0166,75904.0,5617.0
SAL-Ei-LM,bom_tubes_p30_ao13_am18_4_m10_ao13_am9_3,13,9,SATISFIED,1.0163,76156.0,6773.0
SAL-Ei-LM,bom_tubes_p30_ao13_am18_4_m10_ao13_am9_3,13,10,SATISFIED,1.0208,76296.0,5712.0
SAL-Ei-LM,bom_tubes_p30_ao13_am18_4_m10_ao13_am10_4,13,1,SATISFIED,1.0179,52130.0,5852.0
SAL-Ei-LM,bom_tubes_p30_ao13_am18_4_m10_ao13_am10_4,13,2,SATISFIED,1.0239,52165.0,5847.0
SAL-Ei-LM,bom_tubes_p30_ao13_am18_4_m10_ao13_am10_4,13,3,SATISFIED,1.0167,51465.0,6354.0
SAL-Ei-LM,bom_tubes_p30_ao13_am18_4_m10_ao13_am10_4,13,4,SATISFIED,1.0138,53112.0,10619.0
SAL-Ei-LM,bom_tubes_p30_ao13_am18_4_m10_ao13_am10_4,13,5,SATISFIED,1.0139,52072.0,11412.0
SAL-Ei-LM,bom_tubes_p30_ao13_am18_4_m10_ao13_am10_4,13,6,SATISFIED,1.0196,52850.0,5678.0
SAL-Ei-LM,bom_tubes_p30_ao13_am18_4_m10_ao13_am10_4,13,7,SATISFIED,1.0186,55187.0,5751.0
SAL-Ei-LM,bom_tubes_p30_ao13_am18_4_m10_ao13_am10_4,13,8,SATISFIED,1.0167,52055.0,7760.0
SAL-Ei-LM,bom_tubes_p30_ao13_am18_4_m10_ao13_am10_4,13,9,SATISFIED,1.0146,52083.0,10877.0
SAL-Ei-LM,bom_tubes_p30_ao13_am18_4_m10_ao13_am10_4,13,10,SATISFIED,1.0182,52157.0,5772.0
SAL-Ei-LM,bom_tubes_p30_ao13_am18_4_m10_ao13_am10_5,13,1,SATISFIED,1.0177,44454.0,6166.0
SAL-Ei-LM,bom_tubes_p30_ao13_am18_4_m10_ao13_am10_5,13,2,SATISFIED,1.0139,44644.0,8202.0
SAL-Ei-LM,bom_tubes_p30_ao13_am18_4_m10_ao13_am10_5,13,3,SATISFIED,1.0133,43754.0,11736.0
SAL-Ei-LM,bom_tubes_p30_ao13_am18_4_m10_ao13_am10_5,13,4,SATISFIED,1.0132,43849.0,11282.0
SAL-Ei-LM,bom_tubes_p30_ao13_am18_4_m10_ao13_am10_5,13,5,SATISFIED,1.0124,44469.0,11906.0
SAL-Ei-LM,bom_tubes_p30_ao13_am18_4_m10_ao13_am10_5,13,6,SATISFIED,1.0109,45347.0,11702.0
SAL-Ei-LM,bom_tubes_p30_ao13_am18_4_m10_ao13_am10_5,13,7,SATISFIED,1.0112,47633.0,11133.0
SAL-Ei-LM,bom_tubes_p30_ao13_am18_4_m10_ao13_am10_5,13,8,SATISFIED,1.0129,46081.0,11184.0
SAL-Ei-LM,bom_tubes_p30_ao13_am18_4_m10_ao13_am10_5,13,9,SATISFIED,1.013,44471.0,11215.0
SAL-Ei-LM,bom_tubes_p30_ao13_am18_4_m10_ao13_am10_5,13,10,SATISFIED,1.0124,43855.0,11193.0
SAL-Ei-LM,bom_tubes_p30_ao13_am18_4_m30_ao13_am16_1,13,1,SATISFIED,1.0143,34280.0,11023.0
SAL-Ei-LM,bom_tubes_p30_ao13_am18_4_m30_ao13_am16_1,13,2,SATISFIED,1.0142,34966.0,10856.0
SAL-Ei-LM,bom_tubes_p30_ao13_am18_4_m30_ao13_am16_1,13,3,SATISFIED,1.0145,34575.0,10913.0
SAL-Ei-LM,bom_tubes_p30_ao13_am18_4_m30_ao13_am16_1,13,4,SATISFIED,1.0133,34280.0,11034.0
SAL-Ei-LM,bom_tubes_p30_ao13_am18_4_m30_ao13_am16_1,13,5,SATISFIED,1.0129,35271.0,11470.0
SAL-Ei-LM,bom_tubes_p30_ao13_am18_4_m30_ao13_am16_1,13,6,SATISFIED,1.0133,35043.0,11089.0
SAL-Ei-LM,bom_tubes_p30_ao13_am18_4_m30_ao13_am16_1,13,7,SATISFIED,1.0124,34280.0,11086.0
SAL-Ei-LM,bom_tubes_p30_ao13_am18_4_m30_ao13_am16_1,13,8,SATISFIED,1.0123,35461.0,10816.0
SAL-Ei-LM,bom_tubes_p30_ao13_am18_4_m30_ao13_am16_1,13,9,SATISFIED,1.0135,34280.0,10922.0
SAL-Ei-LM,bom_tubes_p30_ao13_am18_4_m30_ao13_am16_1,13,10,SATISFIED,1.0123,34280.0,11058.0
SAL-Ei-LM,bom_tubes_p30_ao13_am18_4_m30_ao13_am16_2,13,1,SATISFIED,1.0128,148294.0,10320.0
SAL-Ei-LM,bom_tubes_p30_ao13_am18_4_m30_ao13_am16_2,13,2,SATISFIED,1.0127,147906.0,10066.0
SAL-Ei-LM,bom_tubes_p30_ao13_am18_4_m30_ao13_am16_2,13,3,SATISFIED,1.0146,148572.0,10823.0
SAL-Ei-LM,bom_tubes_p30_ao13_am18_4_m30_ao13_am16_2,13,4,SATISFIED,1.0125,148444.0,10708.0
SAL-Ei-LM,bom_tubes_p30_ao13_am18_4_m30_ao13_am16_2,13,5,SATISFIED,1.0123,147767.0,10255.0
SAL-Ei-LM,bom_tubes_p30_ao13_am18_4_m30_ao13_am16_2,13,6,SATISFIED,1.0121,147660.0,10120.0
SAL-Ei-LM,bom_tubes_p30_ao13_am18_4_m30_ao13_am16_2,13,7,SATISFIED,1.0131,147717.0,10197.0
SAL-Ei-LM,bom_tubes_p30_ao13_am18_4_m30_ao13_am16_2,13,8,SATISFIED,1.0125,147904.0,10290.0
SAL-Ei-LM,bom_tubes_p30_ao13_am18_4_m30_ao13_am16_2,13,9,SATISFIED,1.0133,147419.0,10076.0
SAL-Ei-LM,bom_tubes_p30_ao13_am18_4_m30_ao13_am16_2,13,10,SATISFIED,1.0125,148424.0,10184.0
SAL-Ei-LM,bom_tubes_p30_ao13_am18_4_m30_ao13_am16_3,13,1,SATISFIED,1.0131,47370.0,10568.0
SAL-Ei-LM,bom_tubes_p30_ao13_am18_4_m30_ao13_am16_3,13,2,SATISFIED,1.0134,47309.0,10441.0
SAL-Ei-LM,bom_tubes_p30_ao13_am18_4_m30_ao13_am16_3,13,3,SATISFIED,1.0111,47351.0,10410.0
SAL-Ei-LM,bom_tubes_p30_ao13_am18_4_m30_ao13_am16_3,13,4,SATISFIED,1.0093,47309.0,10595.0
SAL-Ei-LM,bom_tubes_p30_ao13_am18_4_m30_ao13_am16_3,13,5,SATISFIED,1.0096,47309.0,10267.0
SAL-Ei-LM,bom_tubes_p30_ao13_am18_4_m30_ao13_am16_3,13,6,SATISFIED,1.0114,47309.0,6051.0
SAL-Ei-LM,bom_tubes_p30_ao13_am18_4_m30_ao13_am16_3,13,7,SATISFIED,1.0138,47478.0,5638.0
SAL-Ei-LM,bom_tubes_p30_ao13_am18_4_m30_ao13_am16_3,13,8,SATISFIED,1.015,47309.0,5728.0
SAL-Ei-LM,bom_tubes_p30_ao13_am18_4_m30_ao13_am16_3,13,9,SATISFIED,1.0137,47309.0,5494.0
SAL-Ei-LM,bom_tubes_p30_ao13_am18_4_m30_ao13_am16_3,13,10,SATISFIED,1.0169,47309.0,5858.0
SAL-Ei-LM,bom_tubes_p30_ao13_am18_4_m30_ao13_am19_4,13,1,SATISFIED,1.0155,53080.0,8883.0
SAL-Ei-LM,bom_tubes_p30_ao13_am18_4_m30_ao13_am19_4,13,2,SATISFIED,1.0157,53144.0,5159.0
SAL-Ei-LM,bom_tubes_p30_ao13_am18_4_m30_ao13_am19_4,13,3,SATISFIED,1.014,52858.0,5460.0
SAL-Ei-LM,bom_tubes_p30_ao13_am18_4_m30_ao13_am19_4,13,4,SATISFIED,1.0175,53172.0,7691.0
SAL-Ei-LM,bom_tubes_p30_ao13_am18_4_m30_ao13_am19_4,13,5,SATISFIED,1.0165,52924.0,10295.0
SAL-Ei-LM,bom_tubes_p30_ao13_am18_4_m30_ao13_am19_4,13,6,SATISFIED,1.0144,53228.0,10309.0
SAL-Ei-LM,bom_tubes_p30_ao13_am18_4_m30_ao13_am19_4,13,7,SATISFIED,1.0143,52874.0,10294.0
SAL-Ei-LM,bom_tubes_p30_ao13_am18_4_m30_ao13_am19_4,13,8,SATISFIED,1.014,53198.0,10316.0
SAL-Ei-LM,bom_tubes_p30_ao13_am18_4_m30_ao13_am19_4,13,9,SATISFIED,1.0137,52740.0,10323.0
SAL-Ei-LM,bom_tubes_p30_ao13_am18_4_m30_ao13_am19_4,13,10,SATISFIED,1.0133,52878.0,10078.0
SAL-Ei-LM,bom_tubes_p30_ao13_am18_4_m30_ao13_am20_5,13,1,SATISFIED,1.013,22564.0,10984.0
SAL-Ei-LM,bom_tubes_p30_ao13_am18_4_m30_ao13_am20_5,13,2,SATISFIED,1.0133,22617.0,11031.0
SAL-Ei-LM,bom_tubes_p30_ao13_am18_4_m30_ao13_am20_5,13,3,SATISFIED,1.0141,22589.0,10861.0
SAL-Ei-LM,bom_tubes_p30_ao13_am18_4_m30_ao13_am20_5,13,4,SATISFIED,1.015,23043.0,10803.0
SAL-Ei-LM,bom_tubes_p30_ao13_am18_4_m30_ao13_am20_5,13,5,SATISFIED,1.015,22543.0,10793.0
SAL-Ei-LM,bom_tubes_p30_ao13_am18_4_m30_ao13_am20_5,13,6,SATISFIED,1.0162,22895.0,5524.0
SAL-Ei-LM,bom_tubes_p30_ao13_am18_4_m30_ao13_am20_5,13,7,SATISFIED,1.0127,22635.0,5705.0
SAL-Ei-LM,bom_tubes_p30_ao13_am18_4_m30_ao13_am20_5,13,8,SATISFIED,1.0157,23060.0,5599.0
SAL-Ei-LM,bom_tubes_p30_ao13_am18_4_m30_ao13_am20_5,13,9,SATISFIED,1.0157,22792.0,5585.0
SAL-Ei-LM,bom_tubes_p30_ao13_am18_4_m30_ao13_am20_5,13,10,SATISFIED,1.0164,22325.0,7239.0
SAL-Ei-LM,bom_tubes_p30_ao13_am18_5,13,1,SATISFIED,1.0135,52460.0,12576.0
SAL-Ei-LM,bom_tubes_p30_ao13_am18_5,13,2,SATISFIED,1.0155,52434.0,12529.0
SAL-Ei-LM,bom_tubes_p30_ao13_am18_5,13,3,SATISFIED,1.0153,53054.0,12580.0
SAL-Ei-LM,bom_tubes_p30_ao13_am18_5,13,4,SATISFIED,1.0152,52774.0,12615.0
SAL-Ei-LM,bom_tubes_p30_ao13_am18_5,13,5,SATISFIED,1.014,52774.0,12824.0
SAL-Ei-LM,bom_tubes_p30_ao13_am18_5,13,6,SATISFIED,1.0142,52074.0,12609.0
SAL-Ei-LM,bom_tubes_p30_ao13_am18_5,13,7,SATISFIED,1.0139,53031.0,12733.0
SAL-Ei-LM,bom_tubes_p30_ao13_am18_5,13,8,SATISFIED,1.0566,52611.0,6675.0
SAL-Ei-LM,bom_tubes_p30_ao13_am18_5,13,9,SATISFIED,1.0197,52774.0,6645.0
SAL-Ei-LM,bom_tubes_p30_ao13_am18_5,13,10,SATISFIED,1.0158,53014.0,9018.0
SAL-Ei-LM,bom_tubes_p30_ao13_am18_5_m10_ao13_am9_1,13,1,SATISFIED,1.0164,115290.0,10415.0
SAL-Ei-LM,bom_tubes_p30_ao13_am18_5_m10_ao13_am9_1,13,2,SATISFIED,1.0142,115162.0,10618.0
SAL-Ei-LM,bom_tubes_p30_ao13_am18_5_m10_ao13_am9_1,13,3,SATISFIED,1.0139,115148.0,10598.0
SAL-Ei-LM,bom_tubes_p30_ao13_am18_5_m10_ao13_am9_1,13,4,SATISFIED,1.0147,115304.0,10490.0
SAL-Ei-LM,bom_tubes_p30_ao13_am18_5_m10_ao13_am9_1,13,5,SATISFIED,1.019,115356.0,5581.0
SAL-Ei-LM,bom_tubes_p30_ao13_am18_5_m10_ao13_am9_1,13,6,SATISFIED,1.0192,115217.0,5620.0
SAL-Ei-LM,bom_tubes_p30_ao13_am18_5_m10_ao13_am9_1,13,7,SATISFIED,1.0168,115349.0,6352.0
SAL-Ei-LM,bom_tubes_p30_ao13_am18_5_m10_ao13_am9_1,13,8,SATISFIED,1.0155,115651.0,9682.0
SAL-Ei-LM,bom_tubes_p30_ao13_am18_5_m10_ao13_am9_1,13,9,SATISFIED,1.0161,115247.0,5395.0
SAL-Ei-LM,bom_tubes_p30_ao13_am18_5_m10_ao13_am9_1,13,10,SATISFIED,1.0162,115207.0,5768.0
SAL-Ei-LM,bom_tubes_p30_ao13_am18_5_m10_ao13_am9_3,13,1,SATISFIED,1.0137,111017.0,6035.0
SAL-Ei-LM,bom_tubes_p30_ao13_am18_5_m10_ao13_am9_3,13,2,SATISFIED,1.0134,111817.0,5424.0
SAL-Ei-LM,bom_tubes_p30_ao13_am18_5_m10_ao13_am9_3,13,3,SATISFIED,1.02,111337.0,5727.0
SAL-Ei-LM,bom_tubes_p30_ao13_am18_5_m10_ao13_am9_3,13,4,SATISFIED,1.0188,111777.0,6220.0
SAL-Ei-LM,bom_tubes_p30_ao13_am18_5_m10_ao13_am9_3,13,5,SATISFIED,1.016,110897.0,9960.0
SAL-Ei-LM,bom_tubes_p30_ao13_am18_5_m10_ao13_am9_3,13,6,SATISFIED,1.0139,111657.0,10882.0
SAL-Ei-LM,bom_tubes_p30_ao13_am18_5_m10_ao13_am9_3,13,7,SATISFIED,1.0147,111737.0,10818.0
SAL-Ei-LM,bom_tubes_p30_ao13_am18_5_m10_ao13_am9_3,13,8,SATISFIED,1.0138,111737.0,10996.0
SAL-Ei-LM,bom_tubes_p30_ao13_am18_5_m10_ao13_am9_3,13,9,SATISFIED,1.0129,111857.0,10849.0
SAL-Ei-LM,bom_tubes_p30_ao13_am18_5_m10_ao13_am9_3,13,10,SATISFIED,1.0131,110937.0,10962.0
SAL-Ei-LM,bom_tubes_p30_ao13_am18_5_m10_ao13_am9_5,13,1,SATISFIED,1.0169,75912.0,12345.0
SAL-Ei-LM,bom_tubes_p30_ao13_am18_5_m10_ao13_am9_5,13,2,SATISFIED,1.0116,75692.0,12497.0
SAL-Ei-LM,bom_tubes_p30_ao13_am18_5_m10_ao13_am9_5,13,3,SATISFIED,1.0133,75732.0,12221.0
SAL-Ei-LM,bom_tubes_p30_ao13_am18_5_m10_ao13_am9_5,13,4,SATISFIED,1.0229,75652.0,6194.0
SAL-Ei-LM,bom_tubes_p30_ao13_am18_5_m10_ao13_am9_5,13,5,SATISFIED,1.0155,75712.0,7012.0
SAL-Ei-LM,bom_tubes_p30_ao13_am18_5_m10_ao13_am9_5,13,6,SATISFIED,1.0168,75872.0,11237.0
SAL-Ei-LM,bom_tubes_p30_ao13_am18_5_m10_ao13_am9_5,13,7,SATISFIED,1.0164,75952.0,11771.0
SAL-Ei-LM,bom_tubes_p30_ao13_am18_5_m10_ao13_am9_5,13,8,SATISFIED,1.0154,75652.0,11570.0
SAL-Ei-LM,bom_tubes_p30_ao13_am18_5_m10_ao13_am9_5,13,9,SATISFIED,1.0154,75712.0,11779.0
SAL-Ei-LM,bom_tubes_p30_ao13_am18_5_m10_ao13_am9_5,13,10,SATISFIED,1.019,75912.0,11872.0
SAL-Ei-LM,bom_tubes_p30_ao13_am18_5_m10_ao13_am10_2,13,1,SATISFIED,1.014,115911.0,11989.0
SAL-Ei-LM,bom_tubes_p30_ao13_am18_5_m10_ao13_am10_2,13,2,SATISFIED,1.017,115911.0,11615.0
SAL-Ei-LM,bom_tubes_p30_ao13_am18_5_m10_ao13_am10_2,13,3,SATISFIED,1.0165,115911.0,11713.0
SAL-Ei-LM,bom_tubes_p30_ao13_am18_5_m10_ao13_am10_2,13,4,SATISFIED,1.0157,115911.0,11783.0
SAL-Ei-LM,bom_tubes_p30_ao13_am18_5_m10_ao13_am10_2,13,5,SATISFIED,1.0156,115911.0,11659.0
SAL-Ei-LM,bom_tubes_p30_ao13_am18_5_m10_ao13_am10_2,13,6,SATISFIED,1.0154,115911.0,11922.0
SAL-Ei-LM,bom_tubes_p30_ao13_am18_5_m10_ao13_am10_2,13,7,SATISFIED,1.0158,115911.0,11758.0
SAL-Ei-LM,bom_tubes_p30_ao13_am18_5_m10_ao13_am10_2,13,8,SATISFIED,1.015,115911.0,11884.0
SAL-Ei-LM,bom_tubes_p30_ao13_am18_5_m10_ao13_am10_2,13,9,SATISFIED,1.0146,115911.0,11789.0
SAL-Ei-LM,bom_tubes_p30_ao13_am18_5_m10_ao13_am10_2,13,10,SATISFIED,1.0153,115911.0,12413.0
SAL-Ei-LM,bom_tubes_p30_ao13_am18_5_m10_ao13_am10_4,13,1,SATISFIED,1.0155,121554.0,11755.0
SAL-Ei-LM,bom_tubes_p30_ao13_am18_5_m10_ao13_am10_4,13,2,SATISFIED,1.0141,119954.0,11056.0
SAL-Ei-LM,bom_tubes_p30_ao13_am18_5_m10_ao13_am10_4,13,3,SATISFIED,1.0141,120754.0,7847.0
SAL-Ei-LM,bom_tubes_p30_ao13_am18_5_m10_ao13_am10_4,13,4,SATISFIED,1.0151,120674.0,6144.0
SAL-Ei-LM,bom_tubes_p30_ao13_am18_5_m10_ao13_am10_4,13,5,SATISFIED,1.0165,120794.0,9508.0
SAL-Ei-LM,bom_tubes_p30_ao13_am18_5_m10_ao13_am10_4,13,6,SATISFIED,1.0126,121214.0,11352.0
SAL-Ei-LM,bom_tubes_p30_ao13_am18_5_m10_ao13_am10_4,13,7,SATISFIED,1.014,120074.0,9652.0
SAL-Ei-LM,bom_tubes_p30_ao13_am18_5_m10_ao13_am10_4,13,8,SATISFIED,1.0166,120894.0,5896.0
SAL-Ei-LM,bom_tubes_p30_ao13_am18_5_m10_ao13_am10_4,13,9,SATISFIED,1.0139,120854.0,7495.0
SAL-Ei-LM,bom_tubes_p30_ao13_am18_5_m10_ao13_am10_4,13,10,SATISFIED,1.0141,121594.0,11294.0
SAL-Ei-LM,bom_tubes_p30_ao13_am18_5_m30_ao13_am17_1,13,1,SATISFIED,1.013,72861.0,5881.0
SAL-Ei-LM,bom_tubes_p30_ao13_am18_5_m30_ao13_am17_1,13,2,SATISFIED,1.0157,72921.0,5505.0
SAL-Ei-LM,bom_tubes_p30_ao13_am18_5_m30_ao13_am17_1,13,3,SATISFIED,1.0165,72909.0,5841.0
SAL-Ei-LM,bom_tubes_p30_ao13_am18_5_m30_ao13_am17_1,13,4,SATISFIED,1.0123,72873.0,7171.0
SAL-Ei-LM,bom_tubes_p30_ao13_am18_5_m30_ao13_am17_1,13,5,SATISFIED,1.0098,72969.0,11065.0
SAL-Ei-LM,bom_tubes_p30_ao13_am18_5_m30_ao13_am17_1,13,6,SATISFIED,1.0092,72873.0,11166.0
SAL-Ei-LM,bom_tubes_p30_ao13_am18_5_m30_ao13_am17_1,13,7,SATISFIED,1.01,73005.0,11108.0
SAL-Ei-LM,bom_tubes_p30_ao13_am18_5_m30_ao13_am17_1,13,8,SATISFIED,1.0105,72909.0,10619.0
SAL-Ei-LM,bom_tubes_p30_ao13_am18_5_m30_ao13_am17_1,13,9,SATISFIED,1.0095,72885.0,10807.0
SAL-Ei-LM,bom_tubes_p30_ao13_am18_5_m30_ao13_am17_1,13,10,SATISFIED,1.0102,72873.0,10664.0
SAL-Ei-LM,bom_tubes_p30_ao13_am18_5_m30_ao13_am17_3,13,1,SATISFIED,1.0174,67135.0,9555.0
SAL-Ei-LM,bom_tubes_p30_ao13_am18_5_m30_ao13_am17_3,13,2,SATISFIED,1.0161,66885.0,5216.0
SAL-Ei-LM,bom_tubes_p30_ao13_am18_5_m30_ao13_am17_3,13,3,SATISFIED,1.0109,66948.0,7039.0
SAL-Ei-LM,bom_tubes_p30_ao13_am18_5_m30_ao13_am17_3,13,4,SATISFIED,1.0105,66423.0,9960.0
SAL-Ei-LM,bom_tubes_p30_ao13_am18_5_m30_ao13_am17_3,13,5,SATISFIED,1.0142,67063.0,5129.0
SAL-Ei-LM,bom_tubes_p30_ao13_am18_5_m30_ao13_am17_3,13,6,SATISFIED,1.0169,66629.0,5176.0
SAL-Ei-LM,bom_tubes_p30_ao13_am18_5_m30_ao13_am17_3,13,7,SATISFIED,1.0106,66786.0,7275.0
SAL-Ei-LM,bom_tubes_p30_ao13_am18_5_m30_ao13_am17_3,13,8,SATISFIED,1.0124,66686.0,9878.0
SAL-Ei-LM,bom_tubes_p30_ao13_am18_5_m30_ao13_am17_3,13,9,SATISFIED,1.013,66787.0,9505.0
SAL-Ei-LM,bom_tubes_p30_ao13_am18_5_m30_ao13_am17_3,13,10,SATISFIED,1.0141,66668.0,9488.0
SAL-Ei-LM,bom_tubes_p30_ao13_am18_5_m30_ao13_am18_5,13,1,SATISFIED,1.0138,49900.0,10388.0
SAL-Ei-LM,bom_tubes_p30_ao13_am18_5_m30_ao13_am18_5,13,2,SATISFIED,1.0123,49915.0,10630.0
SAL-Ei-LM,bom_tubes_p30_ao13_am18_5_m30_ao13_am18_5,13,3,SATISFIED,1.0122,49915.0,10647.0
SAL-Ei-LM,bom_tubes_p30_ao13_am18_5_m30_ao13_am18_5,13,4,SATISFIED,1.0133,49918.0,10652.0
SAL-Ei-LM,bom_tubes_p30_ao13_am18_5_m30_ao13_am18_5,13,5,SATISFIED,1.0128,49888.0,11218.0
SAL-Ei-LM,bom_tubes_p30_ao13_am18_5_m30_ao13_am18_5,13,6,SATISFIED,1.0132,49902.0,11032.0
SAL-Ei-LM,bom_tubes_p30_ao13_am18_5_m30_ao13_am18_5,13,7,SATISFIED,1.0125,48864.0,10782.0
SAL-Ei-LM,bom_tubes_p30_ao13_am18_5_m30_ao13_am18_5,13,8,SATISFIED,1.0144,49878.0,10334.0
SAL-Ei-LM,bom_tubes_p30_ao13_am18_5_m30_ao13_am18_5,13,9,SATISFIED,1.0178,49882.0,5516.0
SAL-Ei-LM,bom_tubes_p30_ao13_am18_5_m30_ao13_am18_5,13,10,SATISFIED,1.0178,49907.0,5655.0
SAL-Ei-LM,bom_tubes_p30_ao13_am18_5_m30_ao13_am20_2,13,1,SATISFIED,1.015,34264.0,6111.0
SAL-Ei-LM,bom_tubes_p30_ao13_am18_5_m30_ao13_am20_2,13,2,SATISFIED,1.0139,32852.0,9879.0
SAL-Ei-LM,bom_tubes_p30_ao13_am18_5_m30_ao13_am20_2,13,3,SATISFIED,1.0131,33420.0,10549.0
SAL-Ei-LM,bom_tubes_p30_ao13_am18_5_m30_ao13_am20_2,13,4,SATISFIED,1.0129,33412.0,6546.0
SAL-Ei-LM,bom_tubes_p30_ao13_am18_5_m30_ao13_am20_2,13,5,SATISFIED,1.0144,33669.0,5917.0
SAL-Ei-LM,bom_tubes_p30_ao13_am18_5_m30_ao13_am20_2,13,6,SATISFIED,1.0147,35287.0,9582.0
SAL-Ei-LM,bom_tubes_p30_ao13_am18_5_m30_ao13_am20_2,13,7,SATISFIED,1.0142,34212.0,10099.0
SAL-Ei-LM,bom_tubes_p30_ao13_am18_5_m30_ao13_am20_2,13,8,SATISFIED,1.0144,34974.0,10267.0
SAL-Ei-LM,bom_tubes_p30_ao13_am18_5_m30_ao13_am20_2,13,9,SATISFIED,1.0155,32386.0,10810.0
SAL-Ei-LM,bom_tubes_p30_ao13_am18_5_m30_ao13_am20_2,13,10,SATISFIED,1.0146,34158.0,10488.0
SAL-Ei-LM,bom_tubes_p30_ao13_am18_5_m30_ao13_am22_4,13,1,SATISFIED,1.0141,38297.0,9292.0
SAL-Ei-LM,bom_tubes_p30_ao13_am18_5_m30_ao13_am22_4,13,2,SATISFIED,1.015,42587.0,9315.0
SAL-Ei-LM,bom_tubes_p30_ao13_am18_5_m30_ao13_am22_4,13,3,SATISFIED,1.0142,42899.0,9120.0
SAL-Ei-LM,bom_tubes_p30_ao13_am18_5_m30_ao13_am22_4,13,4,SATISFIED,1.0143,44336.0,9579.0
SAL-Ei-LM,bom_tubes_p30_ao13_am18_5_m30_ao13_am22_4,13,5,SATISFIED,1.0142,40487.0,9225.0
SAL-Ei-LM,bom_tubes_p30_ao13_am18_5_m30_ao13_am22_4,13,6,SATISFIED,1.0156,42340.0,4868.0
SAL-Ei-LM,bom_tubes_p30_ao13_am18_5_m30_ao13_am22_4,13,7,SATISFIED,1.0119,40174.0,4871.0
SAL-Ei-LM,bom_tubes_p30_ao13_am18_5_m30_ao13_am22_4,13,8,SATISFIED,1.0141,42053.0,7499.0
SAL-Ei-LM,bom_tubes_p30_ao13_am18_5_m30_ao13_am22_4,13,9,SATISFIED,1.014,36636.0,8946.0
SAL-Ei-LM,bom_tubes_p30_ao13_am18_5_m30_ao13_am22_4,13,10,SATISFIED,1.0141,41230.0,9527.0
SAL-Ei-LM,bom_tubes_p40_ao14_am18_1,14,1,SATISFIED,1.0142,45165.0,11973.0
SAL-Ei-LM,bom_tubes_p40_ao14_am18_1,14,2,SATISFIED,1.0141,45335.0,11940.0
SAL-Ei-LM,bom_tubes_p40_ao14_am18_1,14,3,SATISFIED,1.0127,45627.0,12061.0
SAL-Ei-LM,bom_tubes_p40_ao14_am18_1,14,4,SATISFIED,1.0135,45253.0,12011.0
SAL-Ei-LM,bom_tubes_p40_ao14_am18_1,14,5,SATISFIED,1.0128,43722.0,12096.0
SAL-Ei-LM,bom_tubes_p40_ao14_am18_1,14,6,SATISFIED,1.0135,44374.0,12041.0
SAL-Ei-LM,bom_tubes_p40_ao14_am18_1,14,7,SATISFIED,1.0163,42781.0,11970.0
SAL-Ei-LM,bom_tubes_p40_ao14_am18_1,14,8,SATISFIED,1.0155,42405.0,12051.0
SAL-Ei-LM,bom_tubes_p40_ao14_am18_1,14,9,SATISFIED,1.0168,44317.0,12065.0
SAL-Ei-LM,bom_tubes_p40_ao14_am18_1,14,10,SATISFIED,1.0151,42281.0,12027.0
SAL-Ei-LM,bom_tubes_p40_ao14_am18_1_m12_ao14_am11_5,14,1,SATISFIED,1.0153,54515.0,5080.0
SAL-Ei-LM,bom_tubes_p40_ao14_am18_1_m12_ao14_am11_5,14,2,SATISFIED,1.0141,57991.0,5475.0
SAL-Ei-LM,bom_tubes_p40_ao14_am18_1_m12_ao14_am11_5,14,3,SATISFIED,1.014,56940.0,8903.0
SAL-Ei-LM,bom_tubes_p40_ao14_am18_1_m12_ao14_am11_5,14,4,SATISFIED,1.0127,50205.0,9503.0
SAL-Ei-LM,bom_tubes_p40_ao14_am18_1_m12_ao14_am11_5,14,5,SATISFIED,1.0142,66786.0,9620.0
SAL-Ei-LM,bom_tubes_p40_ao14_am18_1_m12_ao14_am11_5,14,6,SATISFIED,1.0142,53650.0,9525.0
SAL-Ei-LM,bom_tubes_p40_ao14_am18_1_m12_ao14_am11_5,14,7,SATISFIED,1.0138,54682.0,9598.0
SAL-Ei-LM,bom_tubes_p40_ao14_am18_1_m12_ao14_am11_5,14,8,SATISFIED,1.0138,66802.0,9527.0
SAL-Ei-LM,bom_tubes_p40_ao14_am18_1_m12_ao14_am11_5,14,9,SATISFIED,1.0142,52165.0,9612.0
SAL-Ei-LM,bom_tubes_p40_ao14_am18_1_m12_ao14_am11_5,14,10,SATISFIED,1.0134,55314.0,9866.0
SAL-Ei-LM,bom_tubes_p40_ao14_am18_1_m12_ao14_am12_1,14,1,SATISFIED,1.0128,46473.0,11123.0
SAL-Ei-LM,bom_tubes_p40_ao14_am18_1_m12_ao14_am12_1,14,2,SATISFIED,1.0131,48747.0,11066.0
SAL-Ei-LM,bom_tubes_p40_ao14_am18_1_m12_ao14_am12_1,14,3,SATISFIED,1.0135,45930.0,10907.0
SAL-Ei-LM,bom_tubes_p40_ao14_am18_1_m12_ao14_am12_1,14,4,SATISFIED,1.012,48445.0,10803.0
SAL-Ei-LM,bom_tubes_p40_ao14_am18_1_m12_ao14_am12_1,14,5,SATISFIED,1.0115,49548.0,11014.0
SAL-Ei-LM,bom_tubes_p40_ao14_am18_1_m12_ao14_am12_1,14,6,SATISFIED,1.0118,50967.0,11160.0
SAL-Ei-LM,bom_tubes_p40_ao14_am18_1_m12_ao14_am12_1,14,7,SATISFIED,1.0122,48545.0,10974.0
SAL-Ei-LM,bom_tubes_p40_ao14_am18_1_m12_ao14_am12_1,14,8,SATISFIED,1.0132,47065.0,10867.0
SAL-Ei-LM,bom_tubes_p40_ao14_am18_1_m12_ao14_am12_1,14,9,SATISFIED,1.0128,47514.0,11138.0
SAL-Ei-LM,bom_tubes_p40_ao14_am18_1_m12_ao14_am12_1,14,10,SATISFIED,1.0134,45040.0,11076.0
SAL-Ei-LM,bom_tubes_p40_ao14_am18_1_m12_ao14_am12_2,14,1,SATISFIED,1.0125,23745.0,10307.0
SAL-Ei-LM,bom_tubes_p40_ao14_am18_1_m12_ao14_am12_2,14,2,SATISFIED,1.013,24081.0,10345.0
SAL-Ei-LM,bom_tubes_p40_ao14_am18_1_m12_ao14_am12_2,14,3,SATISFIED,1.0112,24357.0,9965.0
SAL-Ei-LM,bom_tubes_p40_ao14_am18_1_m12_ao14_am12_2,14,4,SATISFIED,1.0125,24477.0,10296.0
SAL-Ei-LM,bom_tubes_p40_ao14_am18_1_m12_ao14_am12_2,14,5,SATISFIED,1.0135,24585.0,10121.0
SAL-Ei-LM,bom_tubes_p40_ao14_am18_1_m12_ao14_am12_2,14,6,SATISFIED,1.0145,24425.0,10084.0
SAL-Ei-LM,bom_tubes_p40_ao14_am18_1_m12_ao14_am12_2,14,7,SATISFIED,1.0133,24585.0,10132.0
SAL-Ei-LM,bom_tubes_p40_ao14_am18_1_m12_ao14_am12_2,14,8,SATISFIED,1.016,24025.0,10000.0
SAL-Ei-LM,bom_tubes_p40_ao14_am18_1_m12_ao14_am12_2,14,9,SATISFIED,1.0138,23680.0,10240.0
SAL-Ei-LM,bom_tubes_p40_ao14_am18_1_m12_ao14_am12_2,14,10,SATISFIED,1.0133,25117.0,10084.0
SAL-Ei-LM,bom_tubes_p40_ao14_am18_1_m12_ao14_am12_3,14,1,SATISFIED,1.0126,45302.0,10013.0
SAL-Ei-LM,bom_tubes_p40_ao14_am18_1_m12_ao14_am12_3,14,2,SATISFIED,1.0142,45405.0,10064.0
SAL-Ei-LM,bom_tubes_p40_ao14_am18_1_m12_ao14_am12_3,14,3,SATISFIED,1.0132,45357.0,10105.0
SAL-Ei-LM,bom_tubes_p40_ao14_am18_1_m12_ao14_am12_3,14,4,SATISFIED,1.0129,46102.0,10091.0
SAL-Ei-LM,bom_tubes_p40_ao14_am18_1_m12_ao14_am12_3,14,5,SATISFIED,1.0142,45325.0,10088.0
SAL-Ei-LM,bom_tubes_p40_ao14_am18_1_m12_ao14_am12_3,14,6,SATISFIED,1.0154,44992.0,5275.0
SAL-Ei-LM,bom_tubes_p40_ao14_am18_1_m12_ao14_am12_3,14,7,SATISFIED,1.0129,45389.0,5257.0
SAL-Ei-LM,bom_tubes_p40_ao14_am18_1_m12_ao14_am12_3,14,8,SATISFIED,1.0122,45742.0,7081.0
SAL-Ei-LM,bom_tubes_p40_ao14_am18_1_m12_ao14_am12_3,14,9,SATISFIED,1.0129,45391.0,10129.0
SAL-Ei-LM,bom_tubes_p40_ao14_am18_1_m12_ao14_am12_3,14,10,SATISFIED,1.0146,45341.0,5317.0
SAL-Ei-LM,bom_tubes_p40_ao14_am18_1_m12_ao14_am12_4,14,1,SATISFIED,1.012,50424.0,5225.0
SAL-Ei-LM,bom_tubes_p40_ao14_am18_1_m12_ao14_am12_4,14,2,SATISFIED,1.0132,50141.0,7073.0
SAL-Ei-LM,bom_tubes_p40_ao14_am18_1_m12_ao14_am12_4,14,3,SATISFIED,1.0133,50466.0,5057.0
SAL-Ei-LM,bom_tubes_p40_ao14_am18_1_m12_ao14_am12_4,14,4,SATISFIED,1.0114,51491.0,5378.0
SAL-Ei-LM,bom_tubes_p40_ao14_am18_1_m12_ao14_am12_4,14,5,SATISFIED,1.013,50393.0,6828.0
SAL-Ei-LM,bom_tubes_p40_ao14_am18_1_m12_ao14_am12_4,14,6,SATISFIED,1.0135,51231.0,9077.0
SAL-Ei-LM,bom_tubes_p40_ao14_am18_1_m12_ao14_am12_4,14,7,SATISFIED,1.0139,50531.0,5253.0
SAL-Ei-LM,bom_tubes_p40_ao14_am18_1_m12_ao14_am12_4,14,8,SATISFIED,1.0141,50003.0,6077.0
SAL-Ei-LM,bom_tubes_p40_ao14_am18_1_m12_ao14_am12_4,14,9,SATISFIED,1.0146,51882.0,5171.0
SAL-Ei-LM,bom_tubes_p40_ao14_am18_1_m12_ao14_am12_4,14,10,SATISFIED,1.0123,49836.0,5112.0
SAL-Ei-LM,bom_tubes_p40_ao14_am18_1_m35_ao14_am22_5,14,1,SATISFIED,1.0167,20790.0,4782.0
SAL-Ei-LM,bom_tubes_p40_ao14_am18_1_m35_ao14_am22_5,14,2,SATISFIED,1.0161,20767.0,5606.0
SAL-Ei-LM,bom_tubes_p40_ao14_am18_1_m35_ao14_am22_5,14,3,SATISFIED,1.0163,20358.0,4682.0
SAL-Ei-LM,bom_tubes_p40_ao14_am18_1_m35_ao14_am22_5,14,4,SATISFIED,1.0174,21351.0,4545.0
SAL-Ei-LM,bom_tubes_p40_ao14_am18_1_m35_ao14_am22_5,14,5,SATISFIED,1.0156,22045.0,6476.0
SAL-Ei-LM,bom_tubes_p40_ao14_am18_1_m35_ao14_am22_5,14,6,SATISFIED,1.0138,20528.0,8797.0
SAL-Ei-LM,bom_tubes_p40_ao14_am18_1_m35_ao14_am22_5,14,7,SATISFIED,1.0132,19964.0,9001.0
SAL-Ei-LM,bom_tubes_p40_ao14_am18_1_m35_ao14_am22_5,14,8,SATISFIED,1.015,21779.0,8897.0
SAL-Ei-LM,bom_tubes_p40_ao14_am18_1_m35_ao14_am22_5,14,9,SATISFIED,1.0152,21427.0,9094.0
SAL-Ei-LM,bom_tubes_p40_ao14_am18_1_m35_ao14_am22_5,14,10,SATISFIED,1.0137,22208.0,9082.0
SAL-Ei-LM,bom_tubes_p40_ao14_am18_1_m35_ao14_am24_2,14,1,SATISFIED,1.0125,22872.0,8997.0
SAL-Ei-LM,bom_tubes_p40_ao14_am18_1_m35_ao14_am24_2,14,2,SATISFIED,1.0149,23908.0,9064.0
SAL-Ei-LM,bom_tubes_p40_ao14_am18_1_m35_ao14_am24_2,14,3,SATISFIED,1.0142,24360.0,9119.0
SAL-Ei-LM,bom_tubes_p40_ao14_am18_1_m35_ao14_am24_2,14,4,SATISFIED,1.0132,26939.0,8935.0
SAL-Ei-LM,bom_tubes_p40_ao14_am18_1_m35_ao14_am24_2,14,5,SATISFIED,1.0148,24219.0,8971.0
SAL-Ei-LM,bom_tubes_p40_ao14_am18_1_m35_ao14_am24_2,14,6,SATISFIED,1.0138,24851.0,8810.0
SAL-Ei-LM,bom_tubes_p40_ao14_am18_1_m35_ao14_am24_2,14,7,SATISFIED,1.0119,23284.0,8932.0
SAL-Ei-LM,bom_tubes_p40_ao14_am18_1_m35_ao14_am24_2,14,8,SATISFIED,1.0117,23930.0,9066.0
SAL-Ei-LM,bom_tubes_p40_ao14_am18_1_m35_ao14_am24_2,14,9,SATISFIED,1.0126,24486.0,8885.0
SAL-Ei-LM,bom_tubes_p40_ao14_am18_1_m35_ao14_am24_2,14,10,SATISFIED,1.0142,24465.0,8806.0
SAL-Ei-LM,bom_tubes_p40_ao14_am18_1_m35_ao14_am25_3,14,1,SATISFIED,1.0136,49498.0,9014.0
SAL-Ei-LM,bom_tubes_p40_ao14_am18_1_m35_ao14_am25_3,14,2,SATISFIED,1.0127,49090.0,8965.0
SAL-Ei-LM,bom_tubes_p40_ao14_am18_1_m35_ao14_am25_3,14,3,SATISFIED,1.0134,43656.0,8982.0
SAL-Ei-LM,bom_tubes_p40_ao14_am18_1_m35_ao14_am25_3,14,4,SATISFIED,1.0126,47754.0,8883.0
SAL-Ei-LM,bom_tubes_p40_ao14_am18_1_m35_ao14_am25_3,14,5,SATISFIED,1.0138,43368.0,8924.0
SAL-Ei-LM,bom_tubes_p40_ao14_am18_1_m35_ao14_am25_3,14,6,SATISFIED,1.0134,46182.0,8939.0
SAL-Ei-LM,bom_tubes_p40_ao14_am18_1_m35_ao14_am25_3,14,7,SATISFIED,1.0124,49407.0,8815.0
SAL-Ei-LM,bom_tubes_p40_ao14_am18_1_m35_ao14_am25_3,14,8,SATISFIED,1.0142,43044.0,8807.0
SAL-Ei-LM,bom_tubes_p40_ao14_am18_1_m35_ao14_am25_3,14,9,SATISFIED,1.0133,48664.0,9067.0
SAL-Ei-LM,bom_tubes_p40_ao14_am18_1_m35_ao14_am25_3,14,10,SATISFIED,1.0128,44590.0,8883.0
SAL-Ei-LM,bom_tubes_p40_ao14_am18_1_m35_ao14_am26_1,14,1,SATISFIED,1.0119,54437.0,9036.0
SAL-Ei-LM,bom_tubes_p40_ao14_am18_1_m35_ao14_am26_1,14,2,SATISFIED,1.0116,56981.0,9068.0
SAL-Ei-LM,bom_tubes_p40_ao14_am18_1_m35_ao14_am26_1,14,3,SATISFIED,1.0126,55721.0,8921.0
SAL-Ei-LM,bom_tubes_p40_ao14_am18_1_m35_ao14_am26_1,14,4,SATISFIED,1.0117,56811.0,8774.0
SAL-Ei-LM,bom_tubes_p40_ao14_am18_1_m35_ao14_am26_1,14,5,SATISFIED,1.0122,50526.0,8791.0
SAL-Ei-LM,bom_tubes_p40_ao14_am18_1_m35_ao14_am26_1,14,6,SATISFIED,1.0157,50042.0,8810.0
SAL-Ei-LM,bom_tubes_p40_ao14_am18_1_m35_ao14_am26_1,14,7,SATISFIED,1.0134,52038.0,9011.0
SAL-Ei-LM,bom_tubes_p40_ao14_am18_1_m35_ao14_am26_1,14,8,SATISFIED,1.0114,51340.0,8720.0
SAL-Ei-LM,bom_tubes_p40_ao14_am18_1_m35_ao14_am26_1,14,9,SATISFIED,1.0125,55226.0,8990.0
SAL-Ei-LM,bom_tubes_p40_ao14_am18_1_m35_ao14_am26_1,14,10,SATISFIED,1.0144,56868.0,8983.0
SAL-Ei-LM,bom_tubes_p40_ao14_am18_1_m35_ao14_am28_4,14,1,SATISFIED,1.0151,88836.0,8955.0
SAL-Ei-LM,bom_tubes_p40_ao14_am18_1_m35_ao14_am28_4,14,2,SATISFIED,1.0147,87908.0,8969.0
SAL-Ei-LM,bom_tubes_p40_ao14_am18_1_m35_ao14_am28_4,14,3,SATISFIED,1.0148,88567.0,9009.0
SAL-Ei-LM,bom_tubes_p40_ao14_am18_1_m35_ao14_am28_4,14,4,SATISFIED,1.0148,82596.0,8831.0
SAL-Ei-LM,bom_tubes_p40_ao14_am18_1_m35_ao14_am28_4,14,5,SATISFIED,1.0125,89909.0,8593.0
SAL-Ei-LM,bom_tubes_p40_ao14_am18_1_m35_ao14_am28_4,14,6,SATISFIED,1.0162,84774.0,4543.0
SAL-Ei-LM,bom_tubes_p40_ao14_am18_1_m35_ao14_am28_4,14,7,SATISFIED,1.016,84463.0,4592.0
SAL-Ei-LM,bom_tubes_p40_ao14_am18_1_m35_ao14_am28_4,14,8,SATISFIED,1.0144,84748.0,4509.0
SAL-Ei-LM,bom_tubes_p40_ao14_am18_1_m35_ao14_am28_4,14,9,SATISFIED,1.0179,87077.0,4618.0
SAL-Ei-LM,bom_tubes_p40_ao14_am18_1_m35_ao14_am28_4,14,10,SATISFIED,1.0163,81029.0,6712.0
SAL-Ei-LM,bom_tubes_p40_ao14_am18_2,14,1,SATISFIED,1.0186,14094.0,6758.0
SAL-Ei-LM,bom_tubes_p40_ao14_am18_2,14,2,SATISFIED,1.0185,13907.0,6690.0
SAL-Ei-LM,bom_tubes_p40_ao14_am18_2,14,3,SATISFIED,1.0171,13826.0,9010.0
SAL-Ei-LM,bom_tubes_p40_ao14_am18_2,14,4,SATISFIED,1.0164,13898.0,12970.0
SAL-Ei-LM,bom_tubes_p40_ao14_am18_2,14,5,SATISFIED,1.0152,14256.0,12309.0
SAL-Ei-LM,bom_tubes_p40_ao14_am18_2,14,6,SATISFIED,1.0167,13908.0,6690.0
SAL-Ei-LM,bom_tubes_p40_ao14_am18_2,14,7,SATISFIED,1.0163,13776.0,6881.0
SAL-Ei-LM,bom_tubes_p40_ao14_am18_2,14,8,SATISFIED,1.016,13930.0,6551.0
SAL-Ei-LM,bom_tubes_p40_ao14_am18_2,14,9,SATISFIED,1.0169,13906.0,9074.0
SAL-Ei-LM,bom_tubes_p40_ao14_am18_2,14,10,SATISFIED,1.0145,14070.0,12316.0
SAL-Ei-LM,bom_tubes_p40_ao14_am18_2_m12_ao14_am11_2,14,1,SATISFIED,1.0123,95091.0,10846.0
SAL-Ei-LM,bom_tubes_p40_ao14_am18_2_m12_ao14_am11_2,14,2,SATISFIED,1.0137,95103.0,10587.0
SAL-Ei-LM,bom_tubes_p40_ao14_am18_2_m12_ao14_am11_2,14,3,SATISFIED,1.0149,95095.0,5993.0
SAL-Ei-LM,bom_tubes_p40_ao14_am18_2_m12_ao14_am11_2,14,4,SATISFIED,1.0124,95095.0,5627.0
SAL-Ei-LM,bom_tubes_p40_ao14_am18_2_m12_ao14_am11_2,14,5,SATISFIED,1.0131,95117.0,7939.0
SAL-Ei-LM,bom_tubes_p40_ao14_am18_2_m12_ao14_am11_2,14,6,SATISFIED,1.013,95091.0,10997.0
SAL-Ei-LM,bom_tubes_p40_ao14_am18_2_m12_ao14_am11_2,14,7,SATISFIED,1.0137,95103.0,11087.0
SAL-Ei-LM,bom_tubes_p40_ao14_am18_2_m12_ao14_am11_2,14,8,SATISFIED,1.0123,95103.0,11539.0
SAL-Ei-LM,bom_tubes_p40_ao14_am18_2_m12_ao14_am11_2,14,9,SATISFIED,1.0133,95091.0,11606.0
SAL-Ei-LM,bom_tubes_p40_ao14_am18_2_m12_ao14_am11_2,14,10,SATISFIED,1.0144,95095.0,11516.0
SAL-Ei-LM,bom_tubes_p40_ao14_am18_2_m12_ao14_am12_1,14,1,SATISFIED,1.0152,79042.0,11493.0
SAL-Ei-LM,bom_tubes_p40_ao14_am18_2_m12_ao14_am12_1,14,2,SATISFIED,1.0157,79042.0,11141.0
SAL-Ei-LM,bom_tubes_p40_ao14_am18_2_m12_ao14_am12_1,14,3,SATISFIED,1.0156,79042.0,5786.0
SAL-Ei-LM,bom_tubes_p40_ao14_am18_2_m12_ao14_am12_1,14,4,SATISFIED,1.0156,79042.0,5787.0
SAL-Ei-LM,bom_tubes_p40_ao14_am18_2_m12_ao14_am12_1,14,5,SATISFIED,1.0121,79042.0,5726.0
SAL-Ei-LM,bom_tubes_p40_ao14_am18_2_m12_ao14_am12_1,14,6,SATISFIED,1.0125,79042.0,8091.0
SAL-Ei-LM,bom_tubes_p40_ao14_am18_2_m12_ao14_am12_1,14,7,SATISFIED,1.0106,79042.0,6088.0
SAL-Ei-LM,bom_tubes_p40_ao14_am18_2_m12_ao14_am12_1,14,8,SATISFIED,1.0148,79042.0,5842.0
SAL-Ei-LM,bom_tubes_p40_ao14_am18_2_m12_ao14_am12_1,14,9,SATISFIED,1.0144,79042.0,5933.0
SAL-Ei-LM,bom_tubes_p40_ao14_am18_2_m12_ao14_am12_1,14,10,SATISFIED,1.0162,79042.0,5806.0
SAL-Ei-LM,bom_tubes_p40_ao14_am18_2_m12_ao14_am12_3,14,1,SATISFIED,1.0147,88136.0,5541.0
SAL-Ei-LM,bom_tubes_p40_ao14_am18_2_m12_ao14_am12_3,14,2,SATISFIED,1.0154,88339.0,5554.0
SAL-Ei-LM,bom_tubes_p40_ao14_am18_2_m12_ao14_am12_3,14,3,SATISFIED,1.0159,87971.0,5826.0
SAL-Ei-LM,bom_tubes_p40_ao14_am18_2_m12_ao14_am12_3,14,4,SATISFIED,1.0139,87926.0,9605.0
SAL-Ei-LM,bom_tubes_p40_ao14_am18_2_m12_ao14_am12_3,14,5,SATISFIED,1.0147,88259.0,10339.0
SAL-Ei-LM,bom_tubes_p40_ao14_am18_2_m12_ao14_am12_3,14,6,SATISFIED,1.0151,87926.0,10323.0
SAL-Ei-LM,bom_tubes_p40_ao14_am18_2_m12_ao14_am12_3,14,7,SATISFIED,1.0137,88010.0,10309.0
SAL-Ei-LM,bom_tubes_p40_ao14_am18_2_m12_ao14_am12_3,14,8,SATISFIED,1.0142,88010.0,10374.0
SAL-Ei-LM,bom_tubes_p40_ao14_am18_2_m12_ao14_am12_3,14,9,SATISFIED,1.0133,88259.0,10670.0
SAL-Ei-LM,bom_tubes_p40_ao14_am18_2_m12_ao14_am12_3,14,10,SATISFIED,1.0137,88211.0,10651.0
SAL-Ei-LM,bom_tubes_p40_ao14_am18_2_m12_ao14_am12_4,14,1,SATISFIED,1.0138,63398.0,10887.0
SAL-Ei-LM,bom_tubes_p40_ao14_am18_2_m12_ao14_am12_4,14,2,SATISFIED,1.0134,63398.0,10914.0
SAL-Ei-LM,bom_tubes_p40_ao14_am18_2_m12_ao14_am12_4,14,3,SATISFIED,1.0147,63398.0,10834.0
SAL-Ei-LM,bom_tubes_p40_ao14_am18_2_m12_ao14_am12_4,14,4,SATISFIED,1.012,63398.0,10887.0
SAL-Ei-LM,bom_tubes_p40_ao14_am18_2_m12_ao14_am12_4,14,5,SATISFIED,1.0131,63398.0,10831.0
SAL-Ei-LM,bom_tubes_p40_ao14_am18_2_m12_ao14_am12_4,14,6,SATISFIED,1.0152,63398.0,10915.0
SAL-Ei-LM,bom_tubes_p40_ao14_am18_2_m12_ao14_am12_4,14,7,SATISFIED,1.0142,63398.0,10902.0
SAL-Ei-LM,bom_tubes_p40_ao14_am18_2_m12_ao14_am12_4,14,8,SATISFIED,1.0158,63398.0,10913.0
SAL-Ei-LM,bom_tubes_p40_ao14_am18_2_m12_ao14_am12_4,14,9,SATISFIED,1.0155,63398.0,10725.0
SAL-Ei-LM,bom_tubes_p40_ao14_am18_2_m12_ao14_am12_4,14,10,SATISFIED,1.0139,63398.0,10660.0
SAL-Ei-LM,bom_tubes_p40_ao14_am18_2_m12_ao14_am12_5,14,1,SATISFIED,1.0142,78582.0,11932.0
SAL-Ei-LM,bom_tubes_p40_ao14_am18_2_m12_ao14_am12_5,14,2,SATISFIED,1.0138,78576.0,12023.0
SAL-Ei-LM,bom_tubes_p40_ao14_am18_2_m12_ao14_am12_5,14,3,SATISFIED,1.0142,78514.0,11581.0
SAL-Ei-LM,bom_tubes_p40_ao14_am18_2_m12_ao14_am12_5,14,4,SATISFIED,1.0135,78509.0,11967.0
SAL-Ei-LM,bom_tubes_p40_ao14_am18_2_m12_ao14_am12_5,14,5,SATISFIED,1.0158,78480.0,6285.0
SAL-Ei-LM,bom_tubes_p40_ao14_am18_2_m12_ao14_am12_5,14,6,SATISFIED,1.0167,78501.0,6342.0
SAL-Ei-LM,bom_tubes_p40_ao14_am18_2_m12_ao14_am12_5,14,7,SATISFIED,1.0164,78586.0,8105.0
SAL-Ei-LM,bom_tubes_p40_ao14_am18_2_m12_ao14_am12_5,14,8,SATISFIED,1.0152,78553.0,6211.0
SAL-Ei-LM,bom_tubes_p40_ao14_am18_2_m12_ao14_am12_5,14,9,SATISFIED,1.0134,78594.0,6320.0
SAL-Ei-LM,bom_tubes_p40_ao14_am18_2_m12_ao14_am12_5,14,10,SATISFIED,1.0134,78531.0,7944.0
SAL-Ei-LM,bom_tubes_p40_ao14_am18_2_m35_ao14_am24_2,14,1,SATISFIED,1.0147,9422.0,8552.0
SAL-Ei-LM,bom_tubes_p40_ao14_am18_2_m35_ao14_am24_2,14,2,SATISFIED,1.0144,9562.0,8532.0
SAL-Ei-LM,bom_tubes_p40_ao14_am18_2_m35_ao14_am24_2,14,3,SATISFIED,1.0159,9442.0,4546.0
SAL-Ei-LM,bom_tubes_p40_ao14_am18_2_m35_ao14_am24_2,14,4,SATISFIED,1.0164,9396.0,4536.0
SAL-Ei-LM,bom_tubes_p40_ao14_am18_2_m35_ao14_am24_2,14,5,SATISFIED,1.0142,10241.0,6012.0
SAL-Ei-LM,bom_tubes_p40_ao14_am18_2_m35_ao14_am24_2,14,6,SATISFIED,1.0165,9493.0,4585.0
SAL-Ei-LM,bom_tubes_p40_ao14_am18_2_m35_ao14_am24_2,14,7,SATISFIED,1.0189,9517.0,4369.0
SAL-Ei-LM,bom_tubes_p40_ao14_am18_2_m35_ao14_am24_2,14,8,SATISFIED,1.0149,9619.0,5903.0
SAL-Ei-LM,bom_tubes_p40_ao14_am18_2_m35_ao14_am24_2,14,9,SATISFIED,1.0128,9924.0,8490.0
SAL-Ei-LM,bom_tubes_p40_ao14_am18_2_m35_ao14_am24_2,14,10,SATISFIED,1.0132,9437.0,8544.0
SAL-Ei-LM,bom_tubes_p40_ao14_am18_2_m35_ao14_am26_4,14,1,SATISFIED,1.0136,8197.0,5100.0
SAL-Ei-LM,bom_tubes_p40_ao14_am18_2_m35_ao14_am26_4,14,2,SATISFIED,1.0131,7661.0,4516.0
SAL-Ei-LM,bom_tubes_p40_ao14_am18_2_m35_ao14_am26_4,14,3,SATISFIED,1.013,8139.0,4405.0
SAL-Ei-LM,bom_tubes_p40_ao14_am18_2_m35_ao14_am26_4,14,4,SATISFIED,1.0117,7913.0,4622.0
SAL-Ei-LM,bom_tubes_p40_ao14_am18_2_m35_ao14_am26_4,14,5,SATISFIED,1.0178,8366.0,4622.0
SAL-Ei-LM,bom_tubes_p40_ao14_am18_2_m35_ao14_am26_4,14,6,SATISFIED,1.0146,8051.0,5711.0
SAL-Ei-LM,bom_tubes_p40_ao14_am18_2_m35_ao14_am26_4,14,7,SATISFIED,1.0146,7969.0,8885.0
SAL-Ei-LM,bom_tubes_p40_ao14_am18_2_m35_ao14_am26_4,14,8,SATISFIED,1.0143,7632.0,8874.0
SAL-Ei-LM,bom_tubes_p40_ao14_am18_2_m35_ao14_am26_4,14,9,SATISFIED,1.0148,8201.0,8933.0
SAL-Ei-LM,bom_tubes_p40_ao14_am18_2_m35_ao14_am26_4,14,10,SATISFIED,1.0141,7642.0,8867.0
SAL-Ei-LM,bom_tubes_p40_ao14_am18_2_m35_ao14_am28_3,14,1,SATISFIED,1.0128,19142.0,8588.0
SAL-Ei-LM,bom_tubes_p40_ao14_am18_2_m35_ao14_am28_3,14,2,SATISFIED,1.0132,19421.0,8810.0
SAL-Ei-LM,bom_tubes_p40_ao14_am18_2_m35_ao14_am28_3,14,3,SATISFIED,1.0138,19134.0,8728.0
SAL-Ei-LM,bom_tubes_p40_ao14_am18_2_m35_ao14_am28_3,14,4,SATISFIED,1.0117,18975.0,8810.0
SAL-Ei-LM,bom_tubes_p40_ao14_am18_2_m35_ao14_am28_3,14,5,SATISFIED,1.0131,19341.0,8757.0
SAL-Ei-LM,bom_tubes_p40_ao14_am18_2_m35_ao14_am28_3,14,6,SATISFIED,1.0166,19497.0,4586.0
SAL-Ei-LM,bom_tubes_p40_ao14_am18_2_m35_ao14_am28_3,14,7,SATISFIED,1.0169,19016.0,4544.0
SAL-Ei-LM,bom_tubes_p40_ao14_am18_2_m35_ao14_am28_3,14,8,SATISFIED,1.0209,19374.0,5488.0
SAL-Ei-LM,bom_tubes_p40_ao14_am18_2_m35_ao14_am28_3,14,9,SATISFIED,1.0165,19016.0,4546.0
SAL-Ei-LM,bom_tubes_p40_ao14_am18_2_m35_ao14_am28_3,14,10,SATISFIED,1.0168,19597.0,5340.0
SAL-Ei-LM,bom_tubes_p40_ao14_am18_2_m35_ao14_am28_5,14,1,SATISFIED,1.0155,26683.0,8705.0
SAL-Ei-LM,bom_tubes_p40_ao14_am18_2_m35_ao14_am28_5,14,2,SATISFIED,1.0155,25967.0,8772.0
SAL-Ei-LM,bom_tubes_p40_ao14_am18_2_m35_ao14_am28_5,14,3,SATISFIED,1.013,27505.0,8744.0
SAL-Ei-LM,bom_tubes_p40_ao14_am18_2_m35_ao14_am28_5,14,4,SATISFIED,1.0151,27239.0,7914.0
SAL-Ei-LM,bom_tubes_p40_ao14_am18_2_m35_ao14_am28_5,14,5,SATISFIED,1.0169,26707.0,4566.0
SAL-Ei-LM,bom_tubes_p40_ao14_am18_2_m35_ao14_am28_5,14,6,SATISFIED,1.0155,26803.0,4504.0
SAL-Ei-LM,bom_tubes_p40_ao14_am18_2_m35_ao14_am28_5,14,7,SATISFIED,1.0152,27421.0,5353.0
SAL-Ei-LM,bom_tubes_p40_ao14_am18_2_m35_ao14_am28_5,14,8,SATISFIED,1.0155,27303.0,8527.0
SAL-Ei-LM,bom_tubes_p40_ao14_am18_2_m35_ao14_am28_5,14,9,SATISFIED,1.0157,26642.0,8622.0
SAL-Ei-LM,bom_tubes_p40_ao14_am18_2_m35_ao14_am28_5,14,10,SATISFIED,1.0144,27021.0,8648.0
SAL-Ei-LM,bom_tubes_p40_ao14_am18_2_m35_ao14_am29_1,14,1,SATISFIED,1.0139,16086.0,8565.0
SAL-Ei-LM,bom_tubes_p40_ao14_am18_2_m35_ao14_am29_1,14,2,SATISFIED,1.0151,17585.0,8514.0
SAL-Ei-LM,bom_tubes_p40_ao14_am18_2_m35_ao14_am29_1,14,3,SATISFIED,1.0145,17597.0,8547.0
SAL-Ei-LM,bom_tubes_p40_ao14_am18_2_m35_ao14_am29_1,14,4,SATISFIED,1.0152,17251.0,8561.0
SAL-Ei-LM,bom_tubes_p40_ao14_am18_2_m35_ao14_am29_1,14,5,SATISFIED,1.0145,16400.0,8596.0
SAL-Ei-LM,bom_tubes_p40_ao14_am18_2_m35_ao14_am29_1,14,6,SATISFIED,1.0146,17532.0,8608.0
SAL-Ei-LM,bom_tubes_p40_ao14_am18_2_m35_ao14_am29_1,14,7,SATISFIED,1.0143,16912.0,8611.0
SAL-Ei-LM,bom_tubes_p40_ao14_am18_2_m35_ao14_am29_1,14,8,SATISFIED,1.0171,16403.0,8610.0
SAL-Ei-LM,bom_tubes_p40_ao14_am18_2_m35_ao14_am29_1,14,9,SATISFIED,1.0158,17252.0,8569.0
SAL-Ei-LM,bom_tubes_p40_ao14_am18_2_m35_ao14_am29_1,14,10,SATISFIED,1.0159,17064.0,8602.0
SAL-Ei-LM,bom_tubes_p40_ao14_am18_3,14,1,SATISFIED,1.0153,13288.0,11658.0
SAL-Ei-LM,bom_tubes_p40_ao14_am18_3,14,2,SATISFIED,1.0163,13236.0,11762.0
SAL-Ei-LM,bom_tubes_p40_ao14_am18_3,14,3,SATISFIED,1.0159,13488.0,11710.0
SAL-Ei-LM,bom_tubes_p40_ao14_am18_3,14,4,SATISFIED,1.0149,13128.0,11832.0
SAL-Ei-LM,bom_tubes_p40_ao14_am18_3,14,5,SATISFIED,1.0126,13396.0,11701.0
SAL-Ei-LM,bom_tubes_p40_ao14_am18_3,14,6,SATISFIED,1.0162,13416.0,11792.0
SAL-Ei-LM,bom_tubes_p40_ao14_am18_3,14,7,SATISFIED,1.0161,13060.0,11716.0
SAL-Ei-LM,bom_tubes_p40_ao14_am18_3,14,8,SATISFIED,1.0176,13180.0,6174.0
SAL-Ei-LM,bom_tubes_p40_ao14_am18_3,14,9,SATISFIED,1.0185,13280.0,5965.0
SAL-Ei-LM,bom_tubes_p40_ao14_am18_3,14,10,SATISFIED,1.0156,13260.0,8197.0
SAL-Ei-LM,bom_tubes_p40_ao14_am18_3_m12_ao14_am11_1,14,1,SATISFIED,1.0144,56725.0,10323.0
SAL-Ei-LM,bom_tubes_p40_ao14_am18_3_m12_ao14_am11_1,14,2,SATISFIED,1.0139,55885.0,10361.0
SAL-Ei-LM,bom_tubes_p40_ao14_am18_3_m12_ao14_am11_1,14,3,SATISFIED,1.015,56272.0,10331.0
SAL-Ei-LM,bom_tubes_p40_ao14_am18_3_m12_ao14_am11_1,14,4,SATISFIED,1.0155,56517.0,10438.0
SAL-Ei-LM,bom_tubes_p40_ao14_am18_3_m12_ao14_am11_1,14,5,SATISFIED,1.0155,56662.0,10438.0
SAL-Ei-LM,bom_tubes_p40_ao14_am18_3_m12_ao14_am11_1,14,6,SATISFIED,1.0147,56529.0,5400.0
SAL-Ei-LM,bom_tubes_p40_ao14_am18_3_m12_ao14_am11_1,14,7,SATISFIED,1.0155,56544.0,6209.0
SAL-Ei-LM,bom_tubes_p40_ao14_am18_3_m12_ao14_am11_1,14,8,SATISFIED,1.0143,56732.0,9720.0
SAL-Ei-LM,bom_tubes_p40_ao14_am18_3_m12_ao14_am11_1,14,9,SATISFIED,1.0148,55853.0,7625.0
SAL-Ei-LM,bom_tubes_p40_ao14_am18_3_m12_ao14_am11_1,14,10,SATISFIED,1.0151,56511.0,5624.0
SAL-Ei-LM,bom_tubes_p40_ao14_am18_3_m12_ao14_am12_2,14,1,SATISFIED,1.0127,32949.0,8717.0
SAL-Ei-LM,bom_tubes_p40_ao14_am18_3_m12_ao14_am12_2,14,2,SATISFIED,1.0146,32951.0,10811.0
SAL-Ei-LM,bom_tubes_p40_ao14_am18_3_m12_ao14_am12_2,14,3,SATISFIED,1.0127,32953.0,5658.0
SAL-Ei-LM,bom_tubes_p40_ao14_am18_3_m12_ao14_am12_2,14,4,SATISFIED,1.0141,32946.0,6081.0
SAL-Ei-LM,bom_tubes_p40_ao14_am18_3_m12_ao14_am12_2,14,5,SATISFIED,1.015,32938.0,10195.0
SAL-Ei-LM,bom_tubes_p40_ao14_am18_3_m12_ao14_am12_2,14,6,SATISFIED,1.0116,32954.0,10873.0
SAL-Ei-LM,bom_tubes_p40_ao14_am18_3_m12_ao14_am12_2,14,7,SATISFIED,1.0123,32952.0,10907.0
SAL-Ei-LM,bom_tubes_p40_ao14_am18_3_m12_ao14_am12_2,14,8,SATISFIED,1.0163,32946.0,10550.0
SAL-Ei-LM,bom_tubes_p40_ao14_am18_3_m12_ao14_am12_2,14,9,SATISFIED,1.0156,32957.0,10357.0
SAL-Ei-LM,bom_tubes_p40_ao14_am18_3_m12_ao14_am12_2,14,10,SATISFIED,1.0154,32949.0,10403.0
SAL-Ei-LM,bom_tubes_p40_ao14_am18_3_m12_ao14_am12_3,14,1,SATISFIED,1.0141,21194.0,9588.0
SAL-Ei-LM,bom_tubes_p40_ao14_am18_3_m12_ao14_am12_3,14,2,SATISFIED,1.0127,21401.0,9692.0
SAL-Ei-LM,bom_tubes_p40_ao14_am18_3_m12_ao14_am12_3,14,3,SATISFIED,1.0132,22156.0,9583.0
SAL-Ei-LM,bom_tubes_p40_ao14_am18_3_m12_ao14_am12_3,14,4,SATISFIED,1.0148,20456.0,9722.0
SAL-Ei-LM,bom_tubes_p40_ao14_am18_3_m12_ao14_am12_3,14,5,SATISFIED,1.0145,20483.0,9851.0
SAL-Ei-LM,bom_tubes_p40_ao14_am18_3_m12_ao14_am12_3,14,6,SATISFIED,1.015,22195.0,9868.0
SAL-Ei-LM,bom_tubes_p40_ao14_am18_3_m12_ao14_am12_3,14,7,SATISFIED,1.0143,22264.0,9897.0
SAL-Ei-LM,bom_tubes_p40_ao14_am18_3_m12_ao14_am12_3,14,8,SATISFIED,1.0127,22149.0,9749.0
SAL-Ei-LM,bom_tubes_p40_ao14_am18_3_m12_ao14_am12_3,14,9,SATISFIED,1.0143,21258.0,9870.0
SAL-Ei-LM,bom_tubes_p40_ao14_am18_3_m12_ao14_am12_3,14,10,SATISFIED,1.0133,21825.0,6660.0
SAL-Ei-LM,bom_tubes_p40_ao14_am18_3_m12_ao14_am12_4,14,1,SATISFIED,1.0144,17129.0,5245.0
SAL-Ei-LM,bom_tubes_p40_ao14_am18_3_m12_ao14_am12_4,14,2,SATISFIED,1.0129,17019.0,8310.0
SAL-Ei-LM,bom_tubes_p40_ao14_am18_3_m12_ao14_am12_4,14,3,SATISFIED,1.0128,17240.0,9774.0
SAL-Ei-LM,bom_tubes_p40_ao14_am18_3_m12_ao14_am12_4,14,4,SATISFIED,1.0117,17239.0,9696.0
SAL-Ei-LM,bom_tubes_p40_ao14_am18_3_m12_ao14_am12_4,14,5,SATISFIED,1.0126,17219.0,9747.0
SAL-Ei-LM,bom_tubes_p40_ao14_am18_3_m12_ao14_am12_4,14,6,SATISFIED,1.0142,17364.0,9704.0
SAL-Ei-LM,bom_tubes_p40_ao14_am18_3_m12_ao14_am12_4,14,7,SATISFIED,1.0141,17324.0,9587.0
SAL-Ei-LM,bom_tubes_p40_ao14_am18_3_m12_ao14_am12_4,14,8,SATISFIED,1.0132,17364.0,9418.0
SAL-Ei-LM,bom_tubes_p40_ao14_am18_3_m12_ao14_am12_4,14,9,SATISFIED,1.0128,17388.0,9472.0
SAL-Ei-LM,bom_tubes_p40_ao14_am18_3_m12_ao14_am12_4,14,10,SATISFIED,1.014,17296.0,9397.0
SAL-Ei-LM,bom_tubes_p40_ao14_am18_3_m12_ao14_am12_5,14,1,SATISFIED,1.0132,65227.0,9497.0
SAL-Ei-LM,bom_tubes_p40_ao14_am18_3_m12_ao14_am12_5,14,2,SATISFIED,1.0126,62126.0,9477.0
SAL-Ei-LM,bom_tubes_p40_ao14_am18_3_m12_ao14_am12_5,14,3,SATISFIED,1.0145,62623.0,9306.0
SAL-Ei-LM,bom_tubes_p40_ao14_am18_3_m12_ao14_am12_5,14,4,SATISFIED,1.0131,61935.0,9451.0
SAL-Ei-LM,bom_tubes_p40_ao14_am18_3_m12_ao14_am12_5,14,5,SATISFIED,1.0137,59320.0,9324.0
SAL-Ei-LM,bom_tubes_p40_ao14_am18_3_m12_ao14_am12_5,14,6,SATISFIED,1.0161,60765.0,4819.0
SAL-Ei-LM,bom_tubes_p40_ao14_am18_3_m12_ao14_am12_5,14,7,SATISFIED,1.0134,58423.0,4966.0
SAL-Ei-LM,bom_tubes_p40_ao14_am18_3_m12_ao14_am12_5,14,8,SATISFIED,1.0154,60531.0,6540.0
SAL-Ei-LM,bom_tubes_p40_ao14_am18_3_m12_ao14_am12_5,14,9,SATISFIED,1.0149,61976.0,9277.0
SAL-Ei-LM,bom_tubes_p40_ao14_am18_3_m12_ao14_am12_5,14,10,SATISFIED,1.0145,62015.0,9285.0
SAL-Ei-LM,bom_tubes_p40_ao14_am18_3_m35_ao14_am21_5,14,1,SATISFIED,1.0143,35863.0,8603.0
SAL-Ei-LM,bom_tubes_p40_ao14_am18_3_m35_ao14_am21_5,14,2,SATISFIED,1.0152,37709.0,6569.0
SAL-Ei-LM,bom_tubes_p40_ao14_am18_3_m35_ao14_am21_5,14,3,SATISFIED,1.017,33602.0,4613.0
SAL-Ei-LM,bom_tubes_p40_ao14_am18_3_m35_ao14_am21_5,14,4,SATISFIED,1.0164,35919.0,4517.0
SAL-Ei-LM,bom_tubes_p40_ao14_am18_3_m35_ao14_am21_5,14,5,SATISFIED,1.0154,40394.0,4666.0
SAL-Ei-LM,bom_tubes_p40_ao14_am18_3_m35_ao14_am21_5,14,6,SATISFIED,1.0157,35872.0,6483.0
SAL-Ei-LM,bom_tubes_p40_ao14_am18_3_m35_ao14_am21_5,14,7,SATISFIED,1.0149,38878.0,8746.0
SAL-Ei-LM,bom_tubes_p40_ao14_am18_3_m35_ao14_am21_5,14,8,SATISFIED,1.0145,38913.0,8744.0
SAL-Ei-LM,bom_tubes_p40_ao14_am18_3_m35_ao14_am21_5,14,9,SATISFIED,1.0139,37939.0,8764.0
SAL-Ei-LM,bom_tubes_p40_ao14_am18_3_m35_ao14_am21_5,14,10,SATISFIED,1.014,36790.0,9011.0
SAL-Ei-LM,bom_tubes_p40_ao14_am18_3_m35_ao14_am24_2,14,1,SATISFIED,1.0148,26689.0,9021.0
SAL-Ei-LM,bom_tubes_p40_ao14_am18_3_m35_ao14_am24_2,14,2,SATISFIED,1.0142,26573.0,8935.0
SAL-Ei-LM,bom_tubes_p40_ao14_am18_3_m35_ao14_am24_2,14,3,SATISFIED,1.0129,26685.0,8986.0
SAL-Ei-LM,bom_tubes_p40_ao14_am18_3_m35_ao14_am24_2,14,4,SATISFIED,1.015,27455.0,8975.0
SAL-Ei-LM,bom_tubes_p40_ao14_am18_3_m35_ao14_am24_2,14,5,SATISFIED,1.0132,26221.0,8986.0
SAL-Ei-LM,bom_tubes_p40_ao14_am18_3_m35_ao14_am24_2,14,6,SATISFIED,1.0138,26227.0,8960.0
SAL-Ei-LM,bom_tubes_p40_ao14_am18_3_m35_ao14_am24_2,14,7,SATISFIED,1.014,27402.0,9006.0
SAL-Ei-LM,bom_tubes_p40_ao14_am18_3_m35_ao14_am24_2,14,8,SATISFIED,1.0126,27085.0,9019.0
SAL-Ei-LM,bom_tubes_p40_ao14_am18_3_m35_ao14_am24_2,14,9,SATISFIED,1.0127,26924.0,8942.0
SAL-Ei-LM,bom_tubes_p40_ao14_am18_3_m35_ao14_am24_2,14,10,SATISFIED,1.0129,27206.0,8754.0
SAL-Ei-LM,bom_tubes_p40_ao14_am18_3_m35_ao14_am24_3,14,1,SATISFIED,1.0143,46756.0,8946.0
SAL-Ei-LM,bom_tubes_p40_ao14_am18_3_m35_ao14_am24_3,14,2,SATISFIED,1.0126,49307.0,8985.0
SAL-Ei-LM,bom_tubes_p40_ao14_am18_3_m35_ao14_am24_3,14,3,SATISFIED,1.0128,46060.0,8970.0
SAL-Ei-LM,bom_tubes_p40_ao14_am18_3_m35_ao14_am24_3,14,4,SATISFIED,1.0146,47261.0,8953.0
SAL-Ei-LM,bom_tubes_p40_ao14_am18_3_m35_ao14_am24_3,14,5,SATISFIED,1.0146,47189.0,8959.0
SAL-Ei-LM,bom_tubes_p40_ao14_am18_3_m35_ao14_am24_3,14,6,SATISFIED,1.0137,47287.0,8950.0
SAL-Ei-LM,bom_tubes_p40_ao14_am18_3_m35_ao14_am24_3,14,7,SATISFIED,1.0123,46900.0,8944.0
SAL-Ei-LM,bom_tubes_p40_ao14_am18_3_m35_ao14_am24_3,14,8,SATISFIED,1.0129,48404.0,8981.0
SAL-Ei-LM,bom_tubes_p40_ao14_am18_3_m35_ao14_am24_3,14,9,SATISFIED,1.0131,50294.0,8986.0
SAL-Ei-LM,bom_tubes_p40_ao14_am18_3_m35_ao14_am24_3,14,10,SATISFIED,1.0143,44429.0,8901.0
SAL-Ei-LM,bom_tubes_p40_ao14_am18_3_m35_ao14_am24_4,14,1,SATISFIED,1.014,18461.0,9002.0
SAL-Ei-LM,bom_tubes_p40_ao14_am18_3_m35_ao14_am24_4,14,2,SATISFIED,1.0133,19313.0,9056.0
SAL-Ei-LM,bom_tubes_p40_ao14_am18_3_m35_ao14_am24_4,14,3,SATISFIED,1.0144,19585.0,9018.0
SAL-Ei-LM,bom_tubes_p40_ao14_am18_3_m35_ao14_am24_4,14,4,SATISFIED,1.0139,18517.0,9044.0
SAL-Ei-LM,bom_tubes_p40_ao14_am18_3_m35_ao14_am24_4,14,5,SATISFIED,1.014,18046.0,8983.0
SAL-Ei-LM,bom_tubes_p40_ao14_am18_3_m35_ao14_am24_4,14,6,SATISFIED,1.0156,19843.0,9037.0
SAL-Ei-LM,bom_tubes_p40_ao14_am18_3_m35_ao14_am24_4,14,7,SATISFIED,1.0128,17551.0,9002.0
SAL-Ei-LM,bom_tubes_p40_ao14_am18_3_m35_ao14_am24_4,14,8,SATISFIED,1.0152,17880.0,9008.0
SAL-Ei-LM,bom_tubes_p40_ao14_am18_3_m35_ao14_am24_4,14,9,SATISFIED,1.0131,19393.0,9028.0
SAL-Ei-LM,bom_tubes_p40_ao14_am18_3_m35_ao14_am24_4,14,10,SATISFIED,1.0143,17895.0,8949.0
SAL-Ei-LM,bom_tubes_p40_ao14_am18_3_m35_ao14_am26_1,14,1,SATISFIED,1.0153,42948.0,9089.0
SAL-Ei-LM,bom_tubes_p40_ao14_am18_3_m35_ao14_am26_1,14,2,SATISFIED,1.0139,44691.0,8987.0
SAL-Ei-LM,bom_tubes_p40_ao14_am18_3_m35_ao14_am26_1,14,3,SATISFIED,1.0122,44229.0,9041.0
SAL-Ei-LM,bom_tubes_p40_ao14_am18_3_m35_ao14_am26_1,14,4,SATISFIED,1.0142,43767.0,8781.0
SAL-Ei-LM,bom_tubes_p40_ao14_am18_3_m35_ao14_am26_1,14,5,SATISFIED,1.0156,45449.0,9056.0
SAL-Ei-LM,bom_tubes_p40_ao14_am18_3_m35_ao14_am26_1,14,6,SATISFIED,1.015,45597.0,9026.0
SAL-Ei-LM,bom_tubes_p40_ao14_am18_3_m35_ao14_am26_1,14,7,SATISFIED,1.0128,44020.0,8990.0
SAL-Ei-LM,bom_tubes_p40_ao14_am18_3_m35_ao14_am26_1,14,8,SATISFIED,1.0149,43139.0,9033.0
SAL-Ei-LM,bom_tubes_p40_ao14_am18_3_m35_ao14_am26_1,14,9,SATISFIED,1.0148,43951.0,8987.0
SAL-Ei-LM,bom_tubes_p40_ao14_am18_3_m35_ao14_am26_1,14,10,SATISFIED,1.0143,40128.0,9057.0
SAL-Ei-LM,bom_tubes_p40_ao14_am18_4,14,1,SATISFIED,1.0143,37662.0,13176.0
SAL-Ei-LM,bom_tubes_p40_ao14_am18_4,14,2,SATISFIED,1.0149,38354.0,13094.0
SAL-Ei-LM,bom_tubes_p40_ao14_am18_4,14,3,SATISFIED,1.0189,36998.0,6516.0
SAL-Ei-LM,bom_tubes_p40_ao14_am18_4,14,4,SATISFIED,1.0171,38038.0,6886.0
SAL-Ei-LM,bom_tubes_p40_ao14_am18_4,14,5,SATISFIED,1.0164,38186.0,6721.0
SAL-Ei-LM,bom_tubes_p40_ao14_am18_4,14,6,SATISFIED,1.017,37962.0,6813.0
SAL-Ei-LM,bom_tubes_p40_ao14_am18_4,14,7,SATISFIED,1.0155,37910.0,8346.0
SAL-Ei-LM,bom_tubes_p40_ao14_am18_4,14,8,SATISFIED,1.0137,38042.0,12656.0
SAL-Ei-LM,bom_tubes_p40_ao14_am18_4,14,9,SATISFIED,1.0144,36866.0,12781.0
SAL-Ei-LM,bom_tubes_p40_ao14_am18_4,14,10,SATISFIED,1.0145,38162.0,12905.0
SAL-Ei-LM,bom_tubes_p40_ao14_am18_4_m12_ao14_am11_2,14,1,SATISFIED,1.0139,172985.0,11721.0
SAL-Ei-LM,bom_tubes_p40_ao14_am18_4_m12_ao14_am11_2,14,2,SATISFIED,1.0134,172843.0,12157.0
SAL-Ei-LM,bom_tubes_p40_ao14_am18_4_m12_ao14_am11_2,14,3,SATISFIED,1.0149,172827.0,12138.0
SAL-Ei-LM,bom_tubes_p40_ao14_am18_4_m12_ao14_am11_2,14,4,SATISFIED,1.0149,173467.0,12129.0
SAL-Ei-LM,bom_tubes_p40_ao14_am18_4_m12_ao14_am11_2,14,5,SATISFIED,1.016,172991.0,11832.0
SAL-Ei-LM,bom_tubes_p40_ao14_am18_4_m12_ao14_am11_2,14,6,SATISFIED,1.0162,173486.0,11578.0
SAL-Ei-LM,bom_tubes_p40_ao14_am18_4_m12_ao14_am11_2,14,7,SATISFIED,1.0152,173218.0,11623.0
SAL-Ei-LM,bom_tubes_p40_ao14_am18_4_m12_ao14_am11_2,14,8,SATISFIED,1.0147,173310.0,11557.0
SAL-Ei-LM,bom_tubes_p40_ao14_am18_4_m12_ao14_am11_2,14,9,SATISFIED,1.0168,173558.0,10237.0
SAL-Ei-LM,bom_tubes_p40_ao14_am18_4_m12_ao14_am11_2,14,10,SATISFIED,1.0172,173299.0,6119.0
SAL-Ei-LM,bom_tubes_p40_ao14_am18_4_m12_ao14_am12_1,14,1,SATISFIED,1.0134,70119.0,6749.0
SAL-Ei-LM,bom_tubes_p40_ao14_am18_4_m12_ao14_am12_1,14,2,SATISFIED,1.0118,69685.0,10063.0
SAL-Ei-LM,bom_tubes_p40_ao14_am18_4_m12_ao14_am12_1,14,3,SATISFIED,1.0127,69825.0,10323.0
SAL-Ei-LM,bom_tubes_p40_ao14_am18_4_m12_ao14_am12_1,14,4,SATISFIED,1.0139,69895.0,10310.0
SAL-Ei-LM,bom_tubes_p40_ao14_am18_4_m12_ao14_am12_1,14,5,SATISFIED,1.0154,70007.0,10115.0
SAL-Ei-LM,bom_tubes_p40_ao14_am18_4_m12_ao14_am12_1,14,6,SATISFIED,1.0137,69787.0,10193.0
SAL-Ei-LM,bom_tubes_p40_ao14_am18_4_m12_ao14_am12_1,14,7,SATISFIED,1.014,69784.0,10256.0
SAL-Ei-LM,bom_tubes_p40_ao14_am18_4_m12_ao14_am12_1,14,8,SATISFIED,1.0136,69469.0,9983.0
SAL-Ei-LM,bom_tubes_p40_ao14_am18_4_m12_ao14_am12_1,14,9,SATISFIED,1.015,70297.0,10416.0
SAL-Ei-LM,bom_tubes_p40_ao14_am18_4_m12_ao14_am12_1,14,10,SATISFIED,1.0135,69977.0,10289.0
SAL-Ei-LM,bom_tubes_p40_ao14_am18_4_m12_ao14_am12_3,14,1,SATISFIED,1.0164,19924.0,9389.0
SAL-Ei-LM,bom_tubes_p40_ao14_am18_4_m12_ao14_am12_3,14,2,SATISFIED,1.0166,19873.0,8491.0
SAL-Ei-LM,bom_tubes_p40_ao14_am18_4_m12_ao14_am12_3,14,3,SATISFIED,1.0159,19855.0,4935.0
SAL-Ei-LM,bom_tubes_p40_ao14_am18_4_m12_ao14_am12_3,14,4,SATISFIED,1.0146,19860.0,6009.0
SAL-Ei-LM,bom_tubes_p40_ao14_am18_4_m12_ao14_am12_3,14,5,SATISFIED,1.0136,19651.0,8716.0
SAL-Ei-LM,bom_tubes_p40_ao14_am18_4_m12_ao14_am12_3,14,6,SATISFIED,1.0149,19691.0,4899.0
SAL-Ei-LM,bom_tubes_p40_ao14_am18_4_m12_ao14_am12_3,14,7,SATISFIED,1.0177,19950.0,5974.0
SAL-Ei-LM,bom_tubes_p40_ao14_am18_4_m12_ao14_am12_3,14,8,SATISFIED,1.0175,19849.0,4846.0
SAL-Ei-LM,bom_tubes_p40_ao14_am18_4_m12_ao14_am12_3,14,9,SATISFIED,1.0144,19958.0,4916.0
SAL-Ei-LM,bom_tubes_p40_ao14_am18_4_m12_ao14_am12_3,14,10,SATISFIED,1.0206,19875.0,6682.0
SAL-Ei-LM,bom_tubes_p40_ao14_am18_4_m12_ao14_am12_4,14,1,SATISFIED,1.0141,199050.0,10561.0
SAL-Ei-LM,bom_tubes_p40_ao14_am18_4_m12_ao14_am12_4,14,2,SATISFIED,1.0134,199050.0,10329.0
SAL-Ei-LM,bom_tubes_p40_ao14_am18_4_m12_ao14_am12_4,14,3,SATISFIED,1.0177,199050.0,5781.0
SAL-Ei-LM,bom_tubes_p40_ao14_am18_4_m12_ao14_am12_4,14,4,SATISFIED,1.0169,199050.0,6452.0
SAL-Ei-LM,bom_tubes_p40_ao14_am18_4_m12_ao14_am12_4,14,5,SATISFIED,1.0195,199050.0,5494.0
SAL-Ei-LM,bom_tubes_p40_ao14_am18_4_m12_ao14_am12_4,14,6,SATISFIED,1.0188,199050.0,5802.0
SAL-Ei-LM,bom_tubes_p40_ao14_am18_4_m12_ao14_am12_4,14,7,SATISFIED,1.0151,199050.0,7838.0
SAL-Ei-LM,bom_tubes_p40_ao14_am18_4_m12_ao14_am12_4,14,8,SATISFIED,1.0142,199050.0,8882.0
SAL-Ei-LM,bom_tubes_p40_ao14_am18_4_m12_ao14_am12_4,14,9,SATISFIED,1.0171,199050.0,5959.0
SAL-Ei-LM,bom_tubes_p40_ao14_am18_4_m12_ao14_am12_4,14,10,SATISFIED,1.0151,199050.0,7560.0
SAL-Ei-LM,bom_tubes_p40_ao14_am18_4_m12_ao14_am12_5,14,1,SATISFIED,1.0142,14901.0,9775.0
SAL-Ei-LM,bom_tubes_p40_ao14_am18_4_m12_ao14_am12_5,14,2,SATISFIED,1.0144,15145.0,9892.0
SAL-Ei-LM,bom_tubes_p40_ao14_am18_4_m12_ao14_am12_5,14,3,SATISFIED,1.0142,16418.0,9586.0
SAL-Ei-LM,bom_tubes_p40_ao14_am18_4_m12_ao14_am12_5,14,4,SATISFIED,1.014,14941.0,9609.0
SAL-Ei-LM,bom_tubes_p40_ao14_am18_4_m12_ao14_am12_5,14,5,SATISFIED,1.0132,16356.0,9944.0
SAL-Ei-LM,bom_tubes_p40_ao14_am18_4_m12_ao14_am12_5,14,6,SATISFIED,1.0158,14778.0,9977.0
SAL-Ei-LM,bom_tubes_p40_ao14_am18_4_m12_ao14_am12_5,14,7,SATISFIED,1.0148,16175.0,9888.0
SAL-Ei-LM,bom_tubes_p40_ao14_am18_4_m12_ao14_am12_5,14,8,SATISFIED,1.0135,15290.0,9898.0
SAL-Ei-LM,bom_tubes_p40_ao14_am18_4_m12_ao14_am12_5,14,9,SATISFIED,1.0121,15062.0,9683.0
SAL-Ei-LM,bom_tubes_p40_ao14_am18_4_m12_ao14_am12_5,14,10,SATISFIED,1.0123,16141.0,9919.0
SAL-Ei-LM,bom_tubes_p40_ao14_am18_4_m35_ao14_am24_2,14,1,SATISFIED,1.0155,52274.0,9038.0
SAL-Ei-LM,bom_tubes_p40_ao14_am18_4_m35_ao14_am24_2,14,2,SATISFIED,1.0148,53803.0,9119.0
SAL-Ei-LM,bom_tubes_p40_ao14_am18_4_m35_ao14_am24_2,14,3,SATISFIED,1.0152,51600.0,9105.0
SAL-Ei-LM,bom_tubes_p40_ao14_am18_4_m35_ao14_am24_2,14,4,SATISFIED,1.0137,52330.0,8836.0
SAL-Ei-LM,bom_tubes_p40_ao14_am18_4_m35_ao14_am24_2,14,5,SATISFIED,1.0136,54856.0,8873.0
SAL-Ei-LM,bom_tubes_p40_ao14_am18_4_m35_ao14_am24_2,14,6,SATISFIED,1.0159,54855.0,8957.0
SAL-Ei-LM,bom_tubes_p40_ao14_am18_4_m35_ao14_am24_2,14,7,SATISFIED,1.0159,55582.0,4381.0
SAL-Ei-LM,bom_tubes_p40_ao14_am18_4_m35_ao14_am24_2,14,8,SATISFIED,1.0151,55176.0,4619.0
SAL-Ei-LM,bom_tubes_p40_ao14_am18_4_m35_ao14_am24_2,14,9,SATISFIED,1.0155,52661.0,4766.0
SAL-Ei-LM,bom_tubes_p40_ao14_am18_4_m35_ao14_am24_2,14,10,SATISFIED,1.0171,56042.0,4681.0
SAL-Ei-LM,bom_tubes_p40_ao14_am18_4_m35_ao14_am24_5,14,1,SATISFIED,1.0145,16533.0,5940.0
SAL-Ei-LM,bom_tubes_p40_ao14_am18_4_m35_ao14_am24_5,14,2,SATISFIED,1.0148,17567.0,8951.0
SAL-Ei-LM,bom_tubes_p40_ao14_am18_4_m35_ao14_am24_5,14,3,SATISFIED,1.0161,16053.0,8883.0
SAL-Ei-LM,bom_tubes_p40_ao14_am18_4_m35_ao14_am24_5,14,4,SATISFIED,1.015,16860.0,8862.0
SAL-Ei-LM,bom_tubes_p40_ao14_am18_4_m35_ao14_am24_5,14,5,SATISFIED,1.0142,16270.0,6978.0
SAL-Ei-LM,bom_tubes_p40_ao14_am18_4_m35_ao14_am24_5,14,6,SATISFIED,1.0178,16824.0,4413.0
SAL-Ei-LM,bom_tubes_p40_ao14_am18_4_m35_ao14_am24_5,14,7,SATISFIED,1.0168,16177.0,4479.0
SAL-Ei-LM,bom_tubes_p40_ao14_am18_4_m35_ao14_am24_5,14,8,SATISFIED,1.0161,16392.0,4315.0
SAL-Ei-LM,bom_tubes_p40_ao14_am18_4_m35_ao14_am24_5,14,9,SATISFIED,1.0165,16133.0,4705.0
SAL-Ei-LM,bom_tubes_p40_ao14_am18_4_m35_ao14_am24_5,14,10,SATISFIED,1.0179,18503.0,4628.0
SAL-Ei-LM,bom_tubes_p40_ao14_am18_4_m35_ao14_am26_3,14,1,SATISFIED,1.0158,22155.0,6417.0
SAL-Ei-LM,bom_tubes_p40_ao14_am18_4_m35_ao14_am26_3,14,2,SATISFIED,1.0136,19893.0,8724.0
SAL-Ei-LM,bom_tubes_p40_ao14_am18_4_m35_ao14_am26_3,14,3,SATISFIED,1.0151,21889.0,8721.0
SAL-Ei-LM,bom_tubes_p40_ao14_am18_4_m35_ao14_am26_3,14,4,SATISFIED,1.0148,20724.0,8733.0
SAL-Ei-LM,bom_tubes_p40_ao14_am18_4_m35_ao14_am26_3,14,5,SATISFIED,1.0157,22237.0,8704.0
SAL-Ei-LM,bom_tubes_p40_ao14_am18_4_m35_ao14_am26_3,14,6,SATISFIED,1.0158,21342.0,8755.0
SAL-Ei-LM,bom_tubes_p40_ao14_am18_4_m35_ao14_am26_3,14,7,SATISFIED,1.0147,20992.0,8714.0
SAL-Ei-LM,bom_tubes_p40_ao14_am18_4_m35_ao14_am26_3,14,8,SATISFIED,1.0148,20847.0,8688.0
SAL-Ei-LM,bom_tubes_p40_ao14_am18_4_m35_ao14_am26_3,14,9,SATISFIED,1.0148,20217.0,8691.0
SAL-Ei-LM,bom_tubes_p40_ao14_am18_4_m35_ao14_am26_3,14,10,SATISFIED,1.0145,20478.0,8621.0
SAL-Ei-LM,bom_tubes_p40_ao14_am18_4_m35_ao14_am26_4,14,1,SATISFIED,1.0128,18494.0,8664.0
SAL-Ei-LM,bom_tubes_p40_ao14_am18_4_m35_ao14_am26_4,14,2,SATISFIED,1.014,18927.0,8573.0
SAL-Ei-LM,bom_tubes_p40_ao14_am18_4_m35_ao14_am26_4,14,3,SATISFIED,1.0158,18533.0,8604.0
SAL-Ei-LM,bom_tubes_p40_ao14_am18_4_m35_ao14_am26_4,14,4,SATISFIED,1.0137,19186.0,8591.0
SAL-Ei-LM,bom_tubes_p40_ao14_am18_4_m35_ao14_am26_4,14,5,SATISFIED,1.0125,18821.0,8713.0
SAL-Ei-LM,bom_tubes_p40_ao14_am18_4_m35_ao14_am26_4,14,6,SATISFIED,1.0134,18914.0,8679.0
SAL-Ei-LM,bom_tubes_p40_ao14_am18_4_m35_ao14_am26_4,14,7,SATISFIED,1.0158,18872.0,8770.0
SAL-Ei-LM,bom_tubes_p40_ao14_am18_4_m35_ao14_am26_4,14,8,SATISFIED,1.0147,20065.0,8651.0
SAL-Ei-LM,bom_tubes_p40_ao14_am18_4_m35_ao14_am26_4,14,9,SATISFIED,1.0155,18267.0,8687.0
SAL-Ei-LM,bom_tubes_p40_ao14_am18_4_m35_ao14_am26_4,14,10,SATISFIED,1.0139,18583.0,8620.0
SAL-Ei-LM,bom_tubes_p40_ao14_am18_4_m35_ao14_am27_1,14,1,SATISFIED,1.0137,31754.0,8750.0
SAL-Ei-LM,bom_tubes_p40_ao14_am18_4_m35_ao14_am27_1,14,2,SATISFIED,1.0139,32723.0,8690.0
SAL-Ei-LM,bom_tubes_p40_ao14_am18_4_m35_ao14_am27_1,14,3,SATISFIED,1.0133,29828.0,8905.0
SAL-Ei-LM,bom_tubes_p40_ao14_am18_4_m35_ao14_am27_1,14,4,SATISFIED,1.0151,26785.0,8693.0
SAL-Ei-LM,bom_tubes_p40_ao14_am18_4_m35_ao14_am27_1,14,5,SATISFIED,1.0126,28274.0,8619.0
SAL-Ei-LM,bom_tubes_p40_ao14_am18_4_m35_ao14_am27_1,14,6,SATISFIED,1.0124,28873.0,8644.0
SAL-Ei-LM,bom_tubes_p40_ao14_am18_4_m35_ao14_am27_1,14,7,SATISFIED,1.0141,30036.0,8658.0
SAL-Ei-LM,bom_tubes_p40_ao14_am18_4_m35_ao14_am27_1,14,8,SATISFIED,1.0123,30705.0,8724.0
SAL-Ei-LM,bom_tubes_p40_ao14_am18_4_m35_ao14_am27_1,14,9,SATISFIED,1.0137,28963.0,8741.0
SAL-Ei-LM,bom_tubes_p40_ao14_am18_4_m35_ao14_am27_1,14,10,SATISFIED,1.0161,26655.0,8628.0
SAL-Ei-LM,bom_tubes_p40_ao14_am18_5,14,1,SATISFIED,1.019,608333.0,6386.0
SAL-Ei-LM,bom_tubes_p40_ao14_am18_5,14,2,SATISFIED,1.0154,607881.0,6406.0
SAL-Ei-LM,bom_tubes_p40_ao14_am18_5,14,3,SATISFIED,1.0157,607317.0,6244.0
SAL-Ei-LM,bom_tubes_p40_ao14_am18_5,14,4,SATISFIED,1.0141,608049.0,6468.0
SAL-Ei-LM,bom_tubes_p40_ao14_am18_5,14,5,SATISFIED,1.0136,608369.0,8327.0
SAL-Ei-LM,bom_tubes_p40_ao14_am18_5,14,6,SATISFIED,1.0146,609233.0,9584.0
SAL-Ei-LM,bom_tubes_p40_ao14_am18_5,14,7,SATISFIED,1.0183,609081.0,6295.0
SAL-Ei-LM,bom_tubes_p40_ao14_am18_5,14,8,SATISFIED,1.0163,608897.0,9061.0
SAL-Ei-LM,bom_tubes_p40_ao14_am18_5,14,9,SATISFIED,1.0138,607453.0,12455.0
SAL-Ei-LM,bom_tubes_p40_ao14_am18_5,14,10,SATISFIED,1.0157,607937.0,12587.0
SAL-Ei-LM,bom_tubes_p40_ao14_am18_5_m12_ao14_am12_1,14,1,SATISFIED,1.0139,500713.0,10156.0
SAL-Ei-LM,bom_tubes_p40_ao14_am18_5_m12_ao14_am12_1,14,2,SATISFIED,1.0167,500376.0,5529.0
SAL-Ei-LM,bom_tubes_p40_ao14_am18_5_m12_ao14_am12_1,14,3,SATISFIED,1.0135,501348.0,5305.0
SAL-Ei-LM,bom_tubes_p40_ao14_am18_5_m12_ao14_am12_1,14,4,SATISFIED,1.0135,501214.0,5267.0
SAL-Ei-LM,bom_tubes_p40_ao14_am18_5_m12_ao14_am12_1,14,5,SATISFIED,1.0138,501032.0,5318.0
SAL-Ei-LM,bom_tubes_p40_ao14_am18_5_m12_ao14_am12_1,14,6,SATISFIED,1.0163,501256.0,5212.0
SAL-Ei-LM,bom_tubes_p40_ao14_am18_5_m12_ao14_am12_1,14,7,SATISFIED,1.0147,500899.0,5235.0
SAL-Ei-LM,bom_tubes_p40_ao14_am18_5_m12_ao14_am12_1,14,8,SATISFIED,1.0144,500356.0,6804.0
SAL-Ei-LM,bom_tubes_p40_ao14_am18_5_m12_ao14_am12_1,14,9,SATISFIED,1.0133,500499.0,10015.0
SAL-Ei-LM,bom_tubes_p40_ao14_am18_5_m12_ao14_am12_1,14,10,SATISFIED,1.0144,500596.0,10078.0
SAL-Ei-LM,bom_tubes_p40_ao14_am18_5_m12_ao14_am12_2,14,1,SATISFIED,1.014,574316.0,10037.0
SAL-Ei-LM,bom_tubes_p40_ao14_am18_5_m12_ao14_am12_2,14,2,SATISFIED,1.013,598525.0,9956.0
SAL-Ei-LM,bom_tubes_p40_ao14_am18_5_m12_ao14_am12_2,14,3,SATISFIED,1.015,577546.0,6284.0
SAL-Ei-LM,bom_tubes_p40_ao14_am18_5_m12_ao14_am12_2,14,4,SATISFIED,1.0157,611534.0,5659.0
SAL-Ei-LM,bom_tubes_p40_ao14_am18_5_m12_ao14_am12_2,14,5,SATISFIED,1.0127,544136.0,9110.0
SAL-Ei-LM,bom_tubes_p40_ao14_am18_5_m12_ao14_am12_2,14,6,SATISFIED,1.0126,549786.0,10184.0
SAL-Ei-LM,bom_tubes_p40_ao14_am18_5_m12_ao14_am12_2,14,7,SATISFIED,1.0144,585577.0,10167.0
SAL-Ei-LM,bom_tubes_p40_ao14_am18_5_m12_ao14_am12_2,14,8,SATISFIED,1.0154,557045.0,10070.0
SAL-Ei-LM,bom_tubes_p40_ao14_am18_5_m12_ao14_am12_2,14,9,SATISFIED,1.0147,551131.0,10097.0
SAL-Ei-LM,bom_tubes_p40_ao14_am18_5_m12_ao14_am12_2,14,10,SATISFIED,1.0138,605244.0,10214.0
SAL-Ei-LM,bom_tubes_p40_ao14_am18_5_m12_ao14_am12_3,14,1,SATISFIED,1.0136,687048.0,10061.0
SAL-Ei-LM,bom_tubes_p40_ao14_am18_5_m12_ao14_am12_3,14,2,SATISFIED,1.0161,687228.0,10193.0
SAL-Ei-LM,bom_tubes_p40_ao14_am18_5_m12_ao14_am12_3,14,3,SATISFIED,1.0155,687880.0,10103.0
SAL-Ei-LM,bom_tubes_p40_ao14_am18_5_m12_ao14_am12_3,14,4,SATISFIED,1.0134,686997.0,10207.0
SAL-Ei-LM,bom_tubes_p40_ao14_am18_5_m12_ao14_am12_3,14,5,SATISFIED,1.016,687378.0,10206.0
SAL-Ei-LM,bom_tubes_p40_ao14_am18_5_m12_ao14_am12_3,14,6,SATISFIED,1.0133,687638.0,10032.0
SAL-Ei-LM,bom_tubes_p40_ao14_am18_5_m12_ao14_am12_3,14,7,SATISFIED,1.013,687989.0,10163.0
SAL-Ei-LM,bom_tubes_p40_ao14_am18_5_m12_ao14_am12_3,14,8,SATISFIED,1.0162,687585.0,5391.0
SAL-Ei-LM,bom_tubes_p40_ao14_am18_5_m12_ao14_am12_3,14,9,SATISFIED,1.0157,687386.0,5413.0
SAL-Ei-LM,bom_tubes_p40_ao14_am18_5_m12_ao14_am12_3,14,10,SATISFIED,1.0156,687627.0,5377.0
SAL-Ei-LM,bom_tubes_p40_ao14_am18_5_m12_ao14_am12_4,14,1,SATISFIED,1.0146,187525.0,5756.0
SAL-Ei-LM,bom_tubes_p40_ao14_am18_5_m12_ao14_am12_4,14,2,SATISFIED,1.0153,193777.0,9346.0
SAL-Ei-LM,bom_tubes_p40_ao14_am18_5_m12_ao14_am12_4,14,3,SATISFIED,1.0119,179881.0,10084.0
SAL-Ei-LM,bom_tubes_p40_ao14_am18_5_m12_ao14_am12_4,14,4,SATISFIED,1.0129,162902.0,10488.0
SAL-Ei-LM,bom_tubes_p40_ao14_am18_5_m12_ao14_am12_4,14,5,SATISFIED,1.0142,196477.0,10436.0
SAL-Ei-LM,bom_tubes_p40_ao14_am18_5_m12_ao14_am12_4,14,6,SATISFIED,1.0135,184402.0,10566.0
SAL-Ei-LM,bom_tubes_p40_ao14_am18_5_m12_ao14_am12_4,14,7,SATISFIED,1.0117,188873.0,10546.0
SAL-Ei-LM,bom_tubes_p40_ao14_am18_5_m12_ao14_am12_4,14,8,SATISFIED,1.0135,185694.0,10474.0
SAL-Ei-LM,bom_tubes_p40_ao14_am18_5_m12_ao14_am12_4,14,9,SATISFIED,1.0138,194079.0,10540.0
SAL-Ei-LM,bom_tubes_p40_ao14_am18_5_m12_ao14_am12_4,14,10,SATISFIED,1.0139,159526.0,10511.0
SAL-Ei-LM,bom_tubes_p40_ao14_am18_5_m12_ao14_am12_5,14,1,SATISFIED,1.014,222741.0,10776.0
SAL-Ei-LM,bom_tubes_p40_ao14_am18_5_m12_ao14_am12_5,14,2,SATISFIED,1.013,222813.0,10910.0
SAL-Ei-LM,bom_tubes_p40_ao14_am18_5_m12_ao14_am12_5,14,3,SATISFIED,1.012,222813.0,10986.0
SAL-Ei-LM,bom_tubes_p40_ao14_am18_5_m12_ao14_am12_5,14,4,SATISFIED,1.0129,222790.0,10882.0
SAL-Ei-LM,bom_tubes_p40_ao14_am18_5_m12_ao14_am12_5,14,5,SATISFIED,1.0121,222813.0,10761.0
SAL-Ei-LM,bom_tubes_p40_ao14_am18_5_m12_ao14_am12_5,14,6,SATISFIED,1.0148,222813.0,10985.0
SAL-Ei-LM,bom_tubes_p40_ao14_am18_5_m12_ao14_am12_5,14,7,SATISFIED,1.0137,224433.0,11013.0
SAL-Ei-LM,bom_tubes_p40_ao14_am18_5_m12_ao14_am12_5,14,8,SATISFIED,1.0153,222922.0,10762.0
SAL-Ei-LM,bom_tubes_p40_ao14_am18_5_m12_ao14_am12_5,14,9,SATISFIED,1.015,222813.0,11188.0
SAL-Ei-LM,bom_tubes_p40_ao14_am18_5_m12_ao14_am12_5,14,10,SATISFIED,1.0138,222813.0,11132.0
SAL-Ei-LM,bom_tubes_p40_ao14_am18_5_m35_ao14_am24_1,14,1,SATISFIED,1.0139,133497.0,8634.0
SAL-Ei-LM,bom_tubes_p40_ao14_am18_5_m35_ao14_am24_1,14,2,SATISFIED,1.0099,135353.0,4718.0
SAL-Ei-LM,bom_tubes_p40_ao14_am18_5_m35_ao14_am24_1,14,3,SATISFIED,1.0115,135115.0,5235.0
SAL-Ei-LM,bom_tubes_p40_ao14_am18_5_m35_ao14_am24_1,14,4,SATISFIED,1.0109,132032.0,8372.0
SAL-Ei-LM,bom_tubes_p40_ao14_am18_5_m35_ao14_am24_1,14,5,SATISFIED,1.0094,134847.0,8860.0
SAL-Ei-LM,bom_tubes_p40_ao14_am18_5_m35_ao14_am24_1,14,6,SATISFIED,1.0092,133007.0,8841.0
SAL-Ei-LM,bom_tubes_p40_ao14_am18_5_m35_ao14_am24_1,14,7,SATISFIED,1.0118,135049.0,8915.0
SAL-Ei-LM,bom_tubes_p40_ao14_am18_5_m35_ao14_am24_1,14,8,SATISFIED,1.0121,135026.0,4695.0
SAL-Ei-LM,bom_tubes_p40_ao14_am18_5_m35_ao14_am24_1,14,9,SATISFIED,1.0169,135601.0,5100.0
SAL-Ei-LM,bom_tubes_p40_ao14_am18_5_m35_ao14_am24_1,14,10,SATISFIED,1.0145,135957.0,8200.0
SAL-Ei-LM,bom_tubes_p40_ao14_am18_5_m35_ao14_am26_3,14,1,SATISFIED,1.0146,55670.0,8393.0
SAL-Ei-LM,bom_tubes_p40_ao14_am18_5_m35_ao14_am26_3,14,2,SATISFIED,1.0139,52695.0,8407.0
SAL-Ei-LM,bom_tubes_p40_ao14_am18_5_m35_ao14_am26_3,14,3,SATISFIED,1.0127,57277.0,8747.0
SAL-Ei-LM,bom_tubes_p40_ao14_am18_5_m35_ao14_am26_3,14,4,SATISFIED,1.014,51830.0,8417.0
SAL-Ei-LM,bom_tubes_p40_ao14_am18_5_m35_ao14_am26_3,14,5,SATISFIED,1.0141,53032.0,8660.0
SAL-Ei-LM,bom_tubes_p40_ao14_am18_5_m35_ao14_am26_3,14,6,SATISFIED,1.0131,53221.0,8711.0
SAL-Ei-LM,bom_tubes_p40_ao14_am18_5_m35_ao14_am26_3,14,7,SATISFIED,1.0172,51289.0,4224.0
SAL-Ei-LM,bom_tubes_p40_ao14_am18_5_m35_ao14_am26_3,14,8,SATISFIED,1.0189,52949.0,4503.0
SAL-Ei-LM,bom_tubes_p40_ao14_am18_5_m35_ao14_am26_3,14,9,SATISFIED,1.0154,60846.0,6136.0
SAL-Ei-LM,bom_tubes_p40_ao14_am18_5_m35_ao14_am26_3,14,10,SATISFIED,1.0147,53301.0,8493.0
SAL-Ei-LM,bom_tubes_p40_ao14_am18_5_m35_ao14_am26_4,14,1,SATISFIED,1.0165,98989.0,8614.0
SAL-Ei-LM,bom_tubes_p40_ao14_am18_5_m35_ao14_am26_4,14,2,SATISFIED,1.016,84147.0,8818.0
SAL-Ei-LM,bom_tubes_p40_ao14_am18_5_m35_ao14_am26_4,14,3,SATISFIED,1.0164,79503.0,8684.0
SAL-Ei-LM,bom_tubes_p40_ao14_am18_5_m35_ao14_am26_4,14,4,SATISFIED,1.0157,84112.0,8827.0
SAL-Ei-LM,bom_tubes_p40_ao14_am18_5_m35_ao14_am26_4,14,5,SATISFIED,1.0158,82204.0,8852.0
SAL-Ei-LM,bom_tubes_p40_ao14_am18_5_m35_ao14_am26_4,14,6,SATISFIED,1.0131,87929.0,8768.0
SAL-Ei-LM,bom_tubes_p40_ao14_am18_5_m35_ao14_am26_4,14,7,SATISFIED,1.0149,84990.0,8828.0
SAL-Ei-LM,bom_tubes_p40_ao14_am18_5_m35_ao14_am26_4,14,8,SATISFIED,1.0152,83672.0,8631.0
SAL-Ei-LM,bom_tubes_p40_ao14_am18_5_m35_ao14_am26_4,14,9,SATISFIED,1.013,73863.0,8466.0
SAL-Ei-LM,bom_tubes_p40_ao14_am18_5_m35_ao14_am26_4,14,10,SATISFIED,1.013,84103.0,8432.0
SAL-Ei-LM,bom_tubes_p40_ao14_am18_5_m35_ao14_am27_2,14,1,SATISFIED,1.0152,156736.0,8613.0
SAL-Ei-LM,bom_tubes_p40_ao14_am18_5_m35_ao14_am27_2,14,2,SATISFIED,1.0147,153887.0,8463.0
SAL-Ei-LM,bom_tubes_p40_ao14_am18_5_m35_ao14_am27_2,14,3,SATISFIED,1.0167,161335.0,8374.0
SAL-Ei-LM,bom_tubes_p40_ao14_am18_5_m35_ao14_am27_2,14,4,SATISFIED,1.0158,150519.0,8516.0
SAL-Ei-LM,bom_tubes_p40_ao14_am18_5_m35_ao14_am27_2,14,5,SATISFIED,1.0173,171966.0,4275.0
SAL-Ei-LM,bom_tubes_p40_ao14_am18_5_m35_ao14_am27_2,14,6,SATISFIED,1.0157,191130.0,4382.0
SAL-Ei-LM,bom_tubes_p40_ao14_am18_5_m35_ao14_am27_2,14,7,SATISFIED,1.0127,168385.0,4873.0
SAL-Ei-LM,bom_tubes_p40_ao14_am18_5_m35_ao14_am27_2,14,8,SATISFIED,1.0134,168762.0,4323.0
SAL-Ei-LM,bom_tubes_p40_ao14_am18_5_m35_ao14_am27_2,14,9,SATISFIED,1.0149,167800.0,4636.0
SAL-Ei-LM,bom_tubes_p40_ao14_am18_5_m35_ao14_am27_2,14,10,SATISFIED,1.0146,161499.0,4438.0
SAL-Ei-LM,bom_tubes_p40_ao14_am18_5_m35_ao14_am27_5,14,1,SATISFIED,1.0164,155742.0,4470.0
SAL-Ei-LM,bom_tubes_p40_ao14_am18_5_m35_ao14_am27_5,14,2,SATISFIED,1.0116,159359.0,5067.0
SAL-Ei-LM,bom_tubes_p40_ao14_am18_5_m35_ao14_am27_5,14,3,SATISFIED,1.0107,211068.0,8231.0
SAL-Ei-LM,bom_tubes_p40_ao14_am18_5_m35_ao14_am27_5,14,4,SATISFIED,1.0095,184072.0,8616.0
SAL-Ei-LM,bom_tubes_p40_ao14_am18_5_m35_ao14_am27_5,14,5,SATISFIED,1.0097,188812.0,8653.0
SAL-Ei-LM,bom_tubes_p40_ao14_am18_5_m35_ao14_am27_5,14,6,SATISFIED,1.0105,161336.0,8648.0
SAL-Ei-LM,bom_tubes_p40_ao14_am18_5_m35_ao14_am27_5,14,7,SATISFIED,1.0111,172389.0,8589.0
SAL-Ei-LM,bom_tubes_p40_ao14_am18_5_m35_ao14_am27_5,14,8,SATISFIED,1.0109,159818.0,8541.0
SAL-Ei-LM,bom_tubes_p40_ao14_am18_5_m35_ao14_am27_5,14,9,SATISFIED,1.0109,163800.0,8632.0
SAL-Ei-LM,bom_tubes_p40_ao14_am18_5_m35_ao14_am27_5,14,10,SATISFIED,1.0109,155237.0,8365.0
SAL-Ei-LM,bom_tubes_p50_ao15_am18_1,15,1,SATISFIED,1.0138,41798.0,10124.0
SAL-Ei-LM,bom_tubes_p50_ao15_am18_1,15,2,SATISFIED,1.0168,45414.0,6250.0
SAL-Ei-LM,bom_tubes_p50_ao15_am18_1,15,3,SATISFIED,1.0187,45229.0,5887.0
SAL-Ei-LM,bom_tubes_p50_ao15_am18_1,15,4,SATISFIED,1.0176,46360.0,5999.0
SAL-Ei-LM,bom_tubes_p50_ao15_am18_1,15,5,SATISFIED,1.0161,44627.0,6251.0
SAL-Ei-LM,bom_tubes_p50_ao15_am18_1,15,6,SATISFIED,1.0156,41973.0,9647.0
SAL-Ei-LM,bom_tubes_p50_ao15_am18_1,15,7,SATISFIED,1.0152,43423.0,11653.0
SAL-Ei-LM,bom_tubes_p50_ao15_am18_1,15,8,SATISFIED,1.015,41454.0,10336.0
SAL-Ei-LM,bom_tubes_p50_ao15_am18_1,15,9,SATISFIED,1.0174,47419.0,5990.0
SAL-Ei-LM,bom_tubes_p50_ao15_am18_1,15,10,SATISFIED,1.0178,46596.0,7354.0
SAL-Ei-LM,bom_tubes_p50_ao15_am18_1_m10_ao15_am9_2,15,1,SATISFIED,1.0136,50379.0,11954.0
SAL-Ei-LM,bom_tubes_p50_ao15_am18_1_m10_ao15_am9_2,15,2,SATISFIED,1.0138,50777.0,11343.0
SAL-Ei-LM,bom_tubes_p50_ao15_am18_1_m10_ao15_am9_2,15,3,SATISFIED,1.0149,48104.0,8818.0
SAL-Ei-LM,bom_tubes_p50_ao15_am18_1_m10_ao15_am9_2,15,4,SATISFIED,1.0146,49119.0,6672.0
SAL-Ei-LM,bom_tubes_p50_ao15_am18_1_m10_ao15_am9_2,15,5,SATISFIED,1.0145,49371.0,6455.0
SAL-Ei-LM,bom_tubes_p50_ao15_am18_1_m10_ao15_am9_2,15,6,SATISFIED,1.0137,49203.0,7203.0
SAL-Ei-LM,bom_tubes_p50_ao15_am18_1_m10_ao15_am9_2,15,7,SATISFIED,1.0129,46553.0,11297.0
SAL-Ei-LM,bom_tubes_p50_ao15_am18_1_m10_ao15_am9_2,15,8,SATISFIED,1.0127,45926.0,11981.0
SAL-Ei-LM,bom_tubes_p50_ao15_am18_1_m10_ao15_am9_2,15,9,SATISFIED,1.0138,48632.0,11991.0
SAL-Ei-LM,bom_tubes_p50_ao15_am18_1_m10_ao15_am9_2,15,10,SATISFIED,1.0154,48632.0,12354.0
SAL-Ei-LM,bom_tubes_p50_ao15_am18_1_m10_ao15_am9_5,15,1,SATISFIED,1.0126,50865.0,12000.0
SAL-Ei-LM,bom_tubes_p50_ao15_am18_1_m10_ao15_am9_5,15,2,SATISFIED,1.013,47539.0,11915.0
SAL-Ei-LM,bom_tubes_p50_ao15_am18_1_m10_ao15_am9_5,15,3,SATISFIED,1.0136,51479.0,12393.0
SAL-Ei-LM,bom_tubes_p50_ao15_am18_1_m10_ao15_am9_5,15,4,SATISFIED,1.0142,49250.0,11868.0
SAL-Ei-LM,bom_tubes_p50_ao15_am18_1_m10_ao15_am9_5,15,5,SATISFIED,1.0135,50306.0,11852.0
SAL-Ei-LM,bom_tubes_p50_ao15_am18_1_m10_ao15_am9_5,15,6,SATISFIED,1.0151,49077.0,11811.0
SAL-Ei-LM,bom_tubes_p50_ao15_am18_1_m10_ao15_am9_5,15,7,SATISFIED,1.0147,50344.0,11790.0
SAL-Ei-LM,bom_tubes_p50_ao15_am18_1_m10_ao15_am9_5,15,8,SATISFIED,1.0136,49026.0,11837.0
SAL-Ei-LM,bom_tubes_p50_ao15_am18_1_m10_ao15_am9_5,15,9,SATISFIED,1.0155,50868.0,11747.0
SAL-Ei-LM,bom_tubes_p50_ao15_am18_1_m10_ao15_am9_5,15,10,SATISFIED,1.0145,50872.0,11846.0
SAL-Ei-LM,bom_tubes_p50_ao15_am18_1_m10_ao15_am10_1,15,1,SATISFIED,1.0134,115454.0,6949.0
SAL-Ei-LM,bom_tubes_p50_ao15_am18_1_m10_ao15_am10_1,15,2,SATISFIED,1.0129,115683.0,6153.0
SAL-Ei-LM,bom_tubes_p50_ao15_am18_1_m10_ao15_am10_1,15,3,SATISFIED,1.0154,115567.0,5545.0
SAL-Ei-LM,bom_tubes_p50_ao15_am18_1_m10_ao15_am10_1,15,4,SATISFIED,1.0143,115662.0,5806.0
SAL-Ei-LM,bom_tubes_p50_ao15_am18_1_m10_ao15_am10_1,15,5,SATISFIED,1.0111,115863.0,7065.0
SAL-Ei-LM,bom_tubes_p50_ao15_am18_1_m10_ao15_am10_1,15,6,SATISFIED,1.0128,115506.0,5811.0
SAL-Ei-LM,bom_tubes_p50_ao15_am18_1_m10_ao15_am10_1,15,7,SATISFIED,1.0141,115176.0,5463.0
SAL-Ei-LM,bom_tubes_p50_ao15_am18_1_m10_ao15_am10_1,15,8,SATISFIED,1.0121,115666.0,8134.0
SAL-Ei-LM,bom_tubes_p50_ao15_am18_1_m10_ao15_am10_1,15,9,SATISFIED,1.0103,115843.0,10942.0
SAL-Ei-LM,bom_tubes_p50_ao15_am18_1_m10_ao15_am10_1,15,10,SATISFIED,1.01,115644.0,11020.0
SAL-Ei-LM,bom_tubes_p50_ao15_am18_1_m10_ao15_am10_3,15,1,SATISFIED,1.0099,20364.0,9450.0
SAL-Ei-LM,bom_tubes_p50_ao15_am18_1_m10_ao15_am10_3,15,2,SATISFIED,1.0101,19564.0,9315.0
SAL-Ei-LM,bom_tubes_p50_ao15_am18_1_m10_ao15_am10_3,15,3,SATISFIED,1.0105,19834.0,9189.0
SAL-Ei-LM,bom_tubes_p50_ao15_am18_1_m10_ao15_am10_3,15,4,SATISFIED,1.0135,20210.0,5180.0
SAL-Ei-LM,bom_tubes_p50_ao15_am18_1_m10_ao15_am10_3,15,5,SATISFIED,1.0163,19422.0,4897.0
SAL-Ei-LM,bom_tubes_p50_ao15_am18_1_m10_ao15_am10_3,15,6,SATISFIED,1.0114,19628.0,7117.0
SAL-Ei-LM,bom_tubes_p50_ao15_am18_1_m10_ao15_am10_3,15,7,SATISFIED,1.0111,19448.0,9450.0
SAL-Ei-LM,bom_tubes_p50_ao15_am18_1_m10_ao15_am10_3,15,8,SATISFIED,1.0106,19952.0,9428.0
SAL-Ei-LM,bom_tubes_p50_ao15_am18_1_m10_ao15_am10_3,15,9,SATISFIED,1.0096,19759.0,9235.0
SAL-Ei-LM,bom_tubes_p50_ao15_am18_1_m10_ao15_am10_3,15,10,SATISFIED,1.0117,19583.0,5148.0
SAL-Ei-LM,bom_tubes_p50_ao15_am18_1_m10_ao15_am10_4,15,1,SATISFIED,1.014,33945.0,5308.0
SAL-Ei-LM,bom_tubes_p50_ao15_am18_1_m10_ao15_am10_4,15,2,SATISFIED,1.0123,34235.0,6188.0
SAL-Ei-LM,bom_tubes_p50_ao15_am18_1_m10_ao15_am10_4,15,3,SATISFIED,1.0149,34039.0,5418.0
SAL-Ei-LM,bom_tubes_p50_ao15_am18_1_m10_ao15_am10_4,15,4,SATISFIED,1.0159,34499.0,5498.0
SAL-Ei-LM,bom_tubes_p50_ao15_am18_1_m10_ao15_am10_4,15,5,SATISFIED,1.0132,34283.0,5097.0
SAL-Ei-LM,bom_tubes_p50_ao15_am18_1_m10_ao15_am10_4,15,6,SATISFIED,1.0156,34253.0,5348.0
SAL-Ei-LM,bom_tubes_p50_ao15_am18_1_m10_ao15_am10_4,15,7,SATISFIED,1.0118,34465.0,5761.0
SAL-Ei-LM,bom_tubes_p50_ao15_am18_1_m10_ao15_am10_4,15,8,SATISFIED,1.0141,34583.0,5312.0
SAL-Ei-LM,bom_tubes_p50_ao15_am18_1_m10_ao15_am10_4,15,9,SATISFIED,1.0152,34259.0,5449.0
SAL-Ei-LM,bom_tubes_p50_ao15_am18_1_m10_ao15_am10_4,15,10,SATISFIED,1.0121,34105.0,5138.0
SAL-Ei-LM,bom_tubes_p50_ao15_am18_1_m25_ao15_am16_3,15,1,SATISFIED,1.0144,33744.0,6142.0
SAL-Ei-LM,bom_tubes_p50_ao15_am18_1_m25_ao15_am16_3,15,2,SATISFIED,1.0143,33731.0,6361.0
SAL-Ei-LM,bom_tubes_p50_ao15_am18_1_m25_ao15_am16_3,15,3,SATISFIED,1.0138,33691.0,9395.0
SAL-Ei-LM,bom_tubes_p50_ao15_am18_1_m25_ao15_am16_3,15,4,SATISFIED,1.0163,33799.0,5933.0
SAL-Ei-LM,bom_tubes_p50_ao15_am18_1_m25_ao15_am16_3,15,5,SATISFIED,1.0171,33909.0,5933.0
SAL-Ei-LM,bom_tubes_p50_ao15_am18_1_m25_ao15_am16_3,15,6,SATISFIED,1.0152,33868.0,8142.0
SAL-Ei-LM,bom_tubes_p50_ao15_am18_1_m25_ao15_am16_3,15,7,SATISFIED,1.0157,33768.0,10796.0
SAL-Ei-LM,bom_tubes_p50_ao15_am18_1_m25_ao15_am16_3,15,8,SATISFIED,1.0151,33729.0,6404.0
SAL-Ei-LM,bom_tubes_p50_ao15_am18_1_m25_ao15_am16_3,15,9,SATISFIED,1.0143,33789.0,7136.0
SAL-Ei-LM,bom_tubes_p50_ao15_am18_1_m25_ao15_am16_3,15,10,SATISFIED,1.0143,33917.0,11480.0
SAL-Ei-LM,bom_tubes_p50_ao15_am18_1_m25_ao15_am17_1,15,1,SATISFIED,1.0163,61428.0,5613.0
SAL-Ei-LM,bom_tubes_p50_ao15_am18_1_m25_ao15_am17_1,15,2,SATISFIED,1.0181,57666.0,5587.0
SAL-Ei-LM,bom_tubes_p50_ao15_am18_1_m25_ao15_am17_1,15,3,SATISFIED,1.0159,59337.0,5805.0
SAL-Ei-LM,bom_tubes_p50_ao15_am18_1_m25_ao15_am17_1,15,4,SATISFIED,1.0151,59622.0,5580.0
SAL-Ei-LM,bom_tubes_p50_ao15_am18_1_m25_ao15_am17_1,15,5,SATISFIED,1.0116,60075.0,6266.0
SAL-Ei-LM,bom_tubes_p50_ao15_am18_1_m25_ao15_am17_1,15,6,SATISFIED,1.0104,59540.0,10135.0
SAL-Ei-LM,bom_tubes_p50_ao15_am18_1_m25_ao15_am17_1,15,7,SATISFIED,1.0093,58837.0,10643.0
SAL-Ei-LM,bom_tubes_p50_ao15_am18_1_m25_ao15_am17_1,15,8,SATISFIED,1.0093,60100.0,10660.0
SAL-Ei-LM,bom_tubes_p50_ao15_am18_1_m25_ao15_am17_1,15,9,SATISFIED,1.0096,54064.0,10532.0
SAL-Ei-LM,bom_tubes_p50_ao15_am18_1_m25_ao15_am17_1,15,10,SATISFIED,1.0093,62633.0,10426.0
SAL-Ei-LM,bom_tubes_p50_ao15_am18_1_m25_ao15_am17_5,15,1,SATISFIED,1.0106,33657.0,9917.0
SAL-Ei-LM,bom_tubes_p50_ao15_am18_1_m25_ao15_am17_5,15,2,SATISFIED,1.0099,32960.0,10066.0
SAL-Ei-LM,bom_tubes_p50_ao15_am18_1_m25_ao15_am17_5,15,3,SATISFIED,1.0124,32986.0,5167.0
SAL-Ei-LM,bom_tubes_p50_ao15_am18_1_m25_ao15_am17_5,15,4,SATISFIED,1.0112,36501.0,5908.0
SAL-Ei-LM,bom_tubes_p50_ao15_am18_1_m25_ao15_am17_5,15,5,SATISFIED,1.0136,33875.0,5027.0
SAL-Ei-LM,bom_tubes_p50_ao15_am18_1_m25_ao15_am17_5,15,6,SATISFIED,1.012,33687.0,5267.0
SAL-Ei-LM,bom_tubes_p50_ao15_am18_1_m25_ao15_am17_5,15,7,SATISFIED,1.0115,32732.0,7208.0
SAL-Ei-LM,bom_tubes_p50_ao15_am18_1_m25_ao15_am17_5,15,8,SATISFIED,1.0096,36353.0,9884.0
SAL-Ei-LM,bom_tubes_p50_ao15_am18_1_m25_ao15_am17_5,15,9,SATISFIED,1.0097,34349.0,9814.0
SAL-Ei-LM,bom_tubes_p50_ao15_am18_1_m25_ao15_am17_5,15,10,SATISFIED,1.013,32767.0,5044.0
SAL-Ei-LM,bom_tubes_p50_ao15_am18_1_m25_ao15_am18_4,15,1,SATISFIED,1.0116,49295.0,5758.0
SAL-Ei-LM,bom_tubes_p50_ao15_am18_1_m25_ao15_am18_4,15,2,SATISFIED,1.0108,49295.0,8550.0
SAL-Ei-LM,bom_tubes_p50_ao15_am18_1_m25_ao15_am18_4,15,3,SATISFIED,1.0116,49295.0,10770.0
SAL-Ei-LM,bom_tubes_p50_ao15_am18_1_m25_ao15_am18_4,15,4,SATISFIED,1.0157,49295.0,5960.0
SAL-Ei-LM,bom_tubes_p50_ao15_am18_1_m25_ao15_am18_4,15,5,SATISFIED,1.0152,49295.0,6699.0
SAL-Ei-LM,bom_tubes_p50_ao15_am18_1_m25_ao15_am18_4,15,6,SATISFIED,1.0145,49295.0,10912.0
SAL-Ei-LM,bom_tubes_p50_ao15_am18_1_m25_ao15_am18_4,15,7,SATISFIED,1.0143,49295.0,11257.0
SAL-Ei-LM,bom_tubes_p50_ao15_am18_1_m25_ao15_am18_4,15,8,SATISFIED,1.0131,49296.0,11357.0
SAL-Ei-LM,bom_tubes_p50_ao15_am18_1_m25_ao15_am18_4,15,9,SATISFIED,1.0127,49295.0,11228.0
SAL-Ei-LM,bom_tubes_p50_ao15_am18_1_m25_ao15_am18_4,15,10,SATISFIED,1.0143,49295.0,11371.0
SAL-Ei-LM,bom_tubes_p50_ao15_am18_1_m25_ao15_am20_2,15,1,SATISFIED,1.0142,145482.0,10012.0
SAL-Ei-LM,bom_tubes_p50_ao15_am18_1_m25_ao15_am20_2,15,2,SATISFIED,1.0149,144911.0,10027.0
SAL-Ei-LM,bom_tubes_p50_ao15_am18_1_m25_ao15_am20_2,15,3,SATISFIED,1.0148,144346.0,7406.0
SAL-Ei-LM,bom_tubes_p50_ao15_am18_1_m25_ao15_am20_2,15,4,SATISFIED,1.0176,145524.0,5156.0
SAL-Ei-LM,bom_tubes_p50_ao15_am18_1_m25_ao15_am20_2,15,5,SATISFIED,1.017,145248.0,7429.0
SAL-Ei-LM,bom_tubes_p50_ao15_am18_1_m25_ao15_am20_2,15,6,SATISFIED,1.013,145864.0,9494.0
SAL-Ei-LM,bom_tubes_p50_ao15_am18_1_m25_ao15_am20_2,15,7,SATISFIED,1.011,145712.0,4948.0
SAL-Ei-LM,bom_tubes_p50_ao15_am18_1_m25_ao15_am20_2,15,8,SATISFIED,1.0122,144678.0,4956.0
SAL-Ei-LM,bom_tubes_p50_ao15_am18_1_m25_ao15_am20_2,15,9,SATISFIED,1.0148,145428.0,6016.0
SAL-Ei-LM,bom_tubes_p50_ao15_am18_1_m25_ao15_am20_2,15,10,SATISFIED,1.0171,144374.0,9775.0
SAL-Ei-LM,bom_tubes_p50_ao15_am18_2,15,1,SATISFIED,1.016,42172.0,12655.0
SAL-Ei-LM,bom_tubes_p50_ao15_am18_2,15,2,SATISFIED,1.0163,41512.0,12910.0
SAL-Ei-LM,bom_tubes_p50_ao15_am18_2,15,3,SATISFIED,1.014,42704.0,13217.0
SAL-Ei-LM,bom_tubes_p50_ao15_am18_2,15,4,SATISFIED,1.0137,40360.0,12822.0
SAL-Ei-LM,bom_tubes_p50_ao15_am18_2,15,5,SATISFIED,1.0154,41832.0,10876.0
SAL-Ei-LM,bom_tubes_p50_ao15_am18_2,15,6,SATISFIED,1.0162,41924.0,6546.0
SAL-Ei-LM,bom_tubes_p50_ao15_am18_2,15,7,SATISFIED,1.0135,40276.0,6722.0
SAL-Ei-LM,bom_tubes_p50_ao15_am18_2,15,8,SATISFIED,1.0177,42364.0,7028.0
SAL-Ei-LM,bom_tubes_p50_ao15_am18_2,15,9,SATISFIED,1.0142,40252.0,11800.0
SAL-Ei-LM,bom_tubes_p50_ao15_am18_2,15,10,SATISFIED,1.0122,42044.0,13265.0
SAL-Ei-LM,bom_tubes_p50_ao15_am18_2_m10_ao15_am9_1,15,1,SATISFIED,1.0129,57197.0,12251.0
SAL-Ei-LM,bom_tubes_p50_ao15_am18_2_m10_ao15_am9_1,15,2,SATISFIED,1.0147,56917.0,12322.0
SAL-Ei-LM,bom_tubes_p50_ao15_am18_2_m10_ao15_am9_1,15,3,SATISFIED,1.0142,56577.0,12275.0
SAL-Ei-LM,bom_tubes_p50_ao15_am18_2_m10_ao15_am9_1,15,4,SATISFIED,1.0153,56665.0,11738.0
SAL-Ei-LM,bom_tubes_p50_ao15_am18_2_m10_ao15_am9_1,15,5,SATISFIED,1.0166,56609.0,6375.0
SAL-Ei-LM,bom_tubes_p50_ao15_am18_2_m10_ao15_am9_1,15,6,SATISFIED,1.0171,56767.0,6457.0
SAL-Ei-LM,bom_tubes_p50_ao15_am18_2_m10_ao15_am9_1,15,7,SATISFIED,1.0155,56691.0,8557.0
SAL-Ei-LM,bom_tubes_p50_ao15_am18_2_m10_ao15_am9_1,15,8,SATISFIED,1.0132,56777.0,11636.0
SAL-Ei-LM,bom_tubes_p50_ao15_am18_2_m10_ao15_am9_1,15,9,SATISFIED,1.0152,56889.0,11838.0
SAL-Ei-LM,bom_tubes_p50_ao15_am18_2_m10_ao15_am9_1,15,10,SATISFIED,1.0142,56976.0,11849.0
SAL-Ei-LM,bom_tubes_p50_ao15_am18_2_m10_ao15_am9_3,15,1,SATISFIED,1.0129,24609.0,10736.0
SAL-Ei-LM,bom_tubes_p50_ao15_am18_2_m10_ao15_am9_3,15,2,SATISFIED,1.0128,25144.0,11331.0
SAL-Ei-LM,bom_tubes_p50_ao15_am18_2_m10_ao15_am9_3,15,3,SATISFIED,1.0132,24784.0,10937.0
SAL-Ei-LM,bom_tubes_p50_ao15_am18_2_m10_ao15_am9_3,15,4,SATISFIED,1.0187,24044.0,5550.0
SAL-Ei-LM,bom_tubes_p50_ao15_am18_2_m10_ao15_am9_3,15,5,SATISFIED,1.017,24340.0,5625.0
SAL-Ei-LM,bom_tubes_p50_ao15_am18_2_m10_ao15_am9_3,15,6,SATISFIED,1.0154,23160.0,7465.0
SAL-Ei-LM,bom_tubes_p50_ao15_am18_2_m10_ao15_am9_3,15,7,SATISFIED,1.0132,23854.0,10619.0
SAL-Ei-LM,bom_tubes_p50_ao15_am18_2_m10_ao15_am9_3,15,8,SATISFIED,1.0117,24056.0,10738.0
SAL-Ei-LM,bom_tubes_p50_ao15_am18_2_m10_ao15_am9_3,15,9,SATISFIED,1.014,24530.0,5594.0
SAL-Ei-LM,bom_tubes_p50_ao15_am18_2_m10_ao15_am9_3,15,10,SATISFIED,1.0152,23145.0,5902.0
SAL-Ei-LM,bom_tubes_p50_ao15_am18_2_m10_ao15_am9_4,15,1,SATISFIED,1.0157,20611.0,7516.0
SAL-Ei-LM,bom_tubes_p50_ao15_am18_2_m10_ao15_am9_4,15,2,SATISFIED,1.0102,20524.0,10332.0
SAL-Ei-LM,bom_tubes_p50_ao15_am18_2_m10_ao15_am9_4,15,3,SATISFIED,1.013,20434.0,10747.0
SAL-Ei-LM,bom_tubes_p50_ao15_am18_2_m10_ao15_am9_4,15,4,SATISFIED,1.0109,20609.0,10404.0
SAL-Ei-LM,bom_tubes_p50_ao15_am18_2_m10_ao15_am9_4,15,5,SATISFIED,1.0104,21033.0,10196.0
SAL-Ei-LM,bom_tubes_p50_ao15_am18_2_m10_ao15_am9_4,15,6,SATISFIED,1.0094,21077.0,10192.0
SAL-Ei-LM,bom_tubes_p50_ao15_am18_2_m10_ao15_am9_4,15,7,SATISFIED,1.0126,20997.0,5561.0
SAL-Ei-LM,bom_tubes_p50_ao15_am18_2_m10_ao15_am9_4,15,8,SATISFIED,1.0129,20584.0,5385.0
SAL-Ei-LM,bom_tubes_p50_ao15_am18_2_m10_ao15_am9_4,15,9,SATISFIED,1.0115,20940.0,7338.0
SAL-Ei-LM,bom_tubes_p50_ao15_am18_2_m10_ao15_am9_4,15,10,SATISFIED,1.0092,20371.0,10315.0
SAL-Ei-LM,bom_tubes_p50_ao15_am18_2_m10_ao15_am10_2,15,1,SATISFIED,1.0107,139267.0,12421.0
SAL-Ei-LM,bom_tubes_p50_ao15_am18_2_m10_ao15_am10_2,15,2,SATISFIED,1.0095,139291.0,12259.0
SAL-Ei-LM,bom_tubes_p50_ao15_am18_2_m10_ao15_am10_2,15,3,SATISFIED,1.0101,139190.0,12321.0
SAL-Ei-LM,bom_tubes_p50_ao15_am18_2_m10_ao15_am10_2,15,4,SATISFIED,1.0097,139267.0,12589.0
SAL-Ei-LM,bom_tubes_p50_ao15_am18_2_m10_ao15_am10_2,15,5,SATISFIED,1.0141,139351.0,12256.0
SAL-Ei-LM,bom_tubes_p50_ao15_am18_2_m10_ao15_am10_2,15,6,SATISFIED,1.0149,138594.0,12109.0
SAL-Ei-LM,bom_tubes_p50_ao15_am18_2_m10_ao15_am10_2,15,7,SATISFIED,1.0151,139240.0,12271.0
SAL-Ei-LM,bom_tubes_p50_ao15_am18_2_m10_ao15_am10_2,15,8,SATISFIED,1.0127,139327.0,12266.0
SAL-Ei-LM,bom_tubes_p50_ao15_am18_2_m10_ao15_am10_2,15,9,SATISFIED,1.0134,138587.0,12110.0
SAL-Ei-LM,bom_tubes_p50_ao15_am18_2_m10_ao15_am10_2,15,10,SATISFIED,1.0139,139372.0,12813.0
SAL-Ei-LM,bom_tubes_p50_ao15_am18_2_m10_ao15_am10_5,15,1,SATISFIED,1.0152,34821.0,11876.0
SAL-Ei-LM,bom_tubes_p50_ao15_am18_2_m10_ao15_am10_5,15,2,SATISFIED,1.0146,35075.0,11463.0
SAL-Ei-LM,bom_tubes_p50_ao15_am18_2_m10_ao15_am10_5,15,3,SATISFIED,1.0167,35363.0,6154.0
SAL-Ei-LM,bom_tubes_p50_ao15_am18_2_m10_ao15_am10_5,15,4,SATISFIED,1.0158,34879.0,6100.0
SAL-Ei-LM,bom_tubes_p50_ao15_am18_2_m10_ao15_am10_5,15,5,SATISFIED,1.0147,35440.0,7816.0
SAL-Ei-LM,bom_tubes_p50_ao15_am18_2_m10_ao15_am10_5,15,6,SATISFIED,1.0146,35610.0,11833.0
SAL-Ei-LM,bom_tubes_p50_ao15_am18_2_m10_ao15_am10_5,15,7,SATISFIED,1.0143,36073.0,11881.0
SAL-Ei-LM,bom_tubes_p50_ao15_am18_2_m10_ao15_am10_5,15,8,SATISFIED,1.0128,34422.0,11854.0
SAL-Ei-LM,bom_tubes_p50_ao15_am18_2_m10_ao15_am10_5,15,9,SATISFIED,1.0166,35496.0,6074.0
SAL-Ei-LM,bom_tubes_p50_ao15_am18_2_m10_ao15_am10_5,15,10,SATISFIED,1.0144,35451.0,6324.0
SAL-Ei-LM,bom_tubes_p50_ao15_am18_2_m25_ao15_am12_3,15,1,SATISFIED,1.0141,26336.0,8825.0
SAL-Ei-LM,bom_tubes_p50_ao15_am18_2_m25_ao15_am12_3,15,2,SATISFIED,1.0127,26336.0,12819.0
SAL-Ei-LM,bom_tubes_p50_ao15_am18_2_m25_ao15_am12_3,15,3,SATISFIED,1.0122,26336.0,12500.0
SAL-Ei-LM,bom_tubes_p50_ao15_am18_2_m25_ao15_am12_3,15,4,SATISFIED,1.0138,26336.0,12834.0
SAL-Ei-LM,bom_tubes_p50_ao15_am18_2_m25_ao15_am12_3,15,5,SATISFIED,1.0142,26336.0,12898.0
SAL-Ei-LM,bom_tubes_p50_ao15_am18_2_m25_ao15_am12_3,15,6,SATISFIED,1.0137,26336.0,12814.0
SAL-Ei-LM,bom_tubes_p50_ao15_am18_2_m25_ao15_am12_3,15,7,SATISFIED,1.0127,26336.0,12386.0
SAL-Ei-LM,bom_tubes_p50_ao15_am18_2_m25_ao15_am12_3,15,8,SATISFIED,1.0133,26336.0,12184.0
SAL-Ei-LM,bom_tubes_p50_ao15_am18_2_m25_ao15_am12_3,15,9,SATISFIED,1.0128,26336.0,11968.0
SAL-Ei-LM,bom_tubes_p50_ao15_am18_2_m25_ao15_am12_3,15,10,SATISFIED,1.0157,26336.0,10404.0
SAL-Ei-LM,bom_tubes_p50_ao15_am18_2_m25_ao15_am16_5,15,1,SATISFIED,1.0179,34906.0,5396.0
SAL-Ei-LM,bom_tubes_p50_ao15_am18_2_m25_ao15_am16_5,15,2,SATISFIED,1.0158,34546.0,6782.0
SAL-Ei-LM,bom_tubes_p50_ao15_am18_2_m25_ao15_am16_5,15,3,SATISFIED,1.0192,35146.0,5214.0
SAL-Ei-LM,bom_tubes_p50_ao15_am18_2_m25_ao15_am16_5,15,4,SATISFIED,1.0173,34706.0,5356.0
SAL-Ei-LM,bom_tubes_p50_ao15_am18_2_m25_ao15_am16_5,15,5,SATISFIED,1.0151,35346.0,7001.0
SAL-Ei-LM,bom_tubes_p50_ao15_am18_2_m25_ao15_am16_5,15,6,SATISFIED,1.0148,34626.0,10111.0
SAL-Ei-LM,bom_tubes_p50_ao15_am18_2_m25_ao15_am16_5,15,7,SATISFIED,1.0185,34386.0,5278.0
SAL-Ei-LM,bom_tubes_p50_ao15_am18_2_m25_ao15_am16_5,15,8,SATISFIED,1.0174,35146.0,5326.0
SAL-Ei-LM,bom_tubes_p50_ao15_am18_2_m25_ao15_am16_5,15,9,SATISFIED,1.0165,34386.0,7168.0
SAL-Ei-LM,bom_tubes_p50_ao15_am18_2_m25_ao15_am16_5,15,10,SATISFIED,1.0139,34826.0,10105.0
SAL-Ei-LM,bom_tubes_p50_ao15_am18_2_m25_ao15_am17_1,15,1,SATISFIED,1.0125,31419.0,10699.0
SAL-Ei-LM,bom_tubes_p50_ao15_am18_2_m25_ao15_am17_1,15,2,SATISFIED,1.0145,30699.0,10690.0
SAL-Ei-LM,bom_tubes_p50_ao15_am18_2_m25_ao15_am17_1,15,3,SATISFIED,1.0159,31470.0,10501.0
SAL-Ei-LM,bom_tubes_p50_ao15_am18_2_m25_ao15_am17_1,15,4,SATISFIED,1.0154,31570.0,10749.0
SAL-Ei-LM,bom_tubes_p50_ao15_am18_2_m25_ao15_am17_1,15,5,SATISFIED,1.016,31115.0,10795.0
SAL-Ei-LM,bom_tubes_p50_ao15_am18_2_m25_ao15_am17_1,15,6,SATISFIED,1.0155,31370.0,10737.0
SAL-Ei-LM,bom_tubes_p50_ao15_am18_2_m25_ao15_am17_1,15,7,SATISFIED,1.0143,31670.0,10735.0
SAL-Ei-LM,bom_tubes_p50_ao15_am18_2_m25_ao15_am17_1,15,8,SATISFIED,1.0182,31063.0,10872.0
SAL-Ei-LM,bom_tubes_p50_ao15_am18_2_m25_ao15_am17_1,15,9,SATISFIED,1.0144,30919.0,10803.0
SAL-Ei-LM,bom_tubes_p50_ao15_am18_2_m25_ao15_am17_1,15,10,SATISFIED,1.0157,31175.0,10802.0
SAL-Ei-LM,bom_tubes_p50_ao15_am18_2_m25_ao15_am17_2,15,1,SATISFIED,1.0154,25703.0,10855.0
SAL-Ei-LM,bom_tubes_p50_ao15_am18_2_m25_ao15_am17_2,15,2,SATISFIED,1.0137,24983.0,9516.0
SAL-Ei-LM,bom_tubes_p50_ao15_am18_2_m25_ao15_am17_2,15,3,SATISFIED,1.0146,25406.0,5706.0
SAL-Ei-LM,bom_tubes_p50_ao15_am18_2_m25_ao15_am17_2,15,4,SATISFIED,1.0147,25732.0,6973.0
SAL-Ei-LM,bom_tubes_p50_ao15_am18_2_m25_ao15_am17_2,15,5,SATISFIED,1.0153,25522.0,10865.0
SAL-Ei-LM,bom_tubes_p50_ao15_am18_2_m25_ao15_am17_2,15,6,SATISFIED,1.0142,25184.0,10937.0
SAL-Ei-LM,bom_tubes_p50_ao15_am18_2_m25_ao15_am17_2,15,7,SATISFIED,1.0135,25512.0,10842.0
SAL-Ei-LM,bom_tubes_p50_ao15_am18_2_m25_ao15_am17_2,15,8,SATISFIED,1.0153,25168.0,10981.0
SAL-Ei-LM,bom_tubes_p50_ao15_am18_2_m25_ao15_am17_2,15,9,SATISFIED,1.0155,25174.0,11051.0
SAL-Ei-LM,bom_tubes_p50_ao15_am18_2_m25_ao15_am17_2,15,10,SATISFIED,1.0149,25004.0,11029.0
SAL-Ei-LM,bom_tubes_p50_ao15_am18_2_m25_ao15_am18_4,15,1,SATISFIED,1.0172,47094.0,5545.0
SAL-Ei-LM,bom_tubes_p50_ao15_am18_2_m25_ao15_am18_4,15,2,SATISFIED,1.0141,46944.0,5405.0
SAL-Ei-LM,bom_tubes_p50_ao15_am18_2_m25_ao15_am18_4,15,3,SATISFIED,1.0184,46944.0,5277.0
SAL-Ei-LM,bom_tubes_p50_ao15_am18_2_m25_ao15_am18_4,15,4,SATISFIED,1.0161,46944.0,5519.0
SAL-Ei-LM,bom_tubes_p50_ao15_am18_2_m25_ao15_am18_4,15,5,SATISFIED,1.0138,47098.0,5405.0
SAL-Ei-LM,bom_tubes_p50_ao15_am18_2_m25_ao15_am18_4,15,6,SATISFIED,1.0136,47098.0,5465.0
SAL-Ei-LM,bom_tubes_p50_ao15_am18_2_m25_ao15_am18_4,15,7,SATISFIED,1.0112,47098.0,5539.0
SAL-Ei-LM,bom_tubes_p50_ao15_am18_2_m25_ao15_am18_4,15,8,SATISFIED,1.0113,47394.0,5408.0
SAL-Ei-LM,bom_tubes_p50_ao15_am18_2_m25_ao15_am18_4,15,9,SATISFIED,1.011,47098.0,5517.0
SAL-Ei-LM,bom_tubes_p50_ao15_am18_2_m25_ao15_am18_4,15,10,SATISFIED,1.01,46878.0,6692.0
SAL-Ei-LM,bom_tubes_p50_ao15_am18_3,15,1,SATISFIED,1.0106,345484.0,11829.0
SAL-Ei-LM,bom_tubes_p50_ao15_am18_3,15,2,SATISFIED,1.0107,345264.0,11719.0
SAL-Ei-LM,bom_tubes_p50_ao15_am18_3,15,3,SATISFIED,1.01,344264.0,11802.0
SAL-Ei-LM,bom_tubes_p50_ao15_am18_3,15,4,SATISFIED,1.01,345080.0,11698.0
SAL-Ei-LM,bom_tubes_p50_ao15_am18_3,15,5,SATISFIED,1.0104,346044.0,11774.0
SAL-Ei-LM,bom_tubes_p50_ao15_am18_3,15,6,SATISFIED,1.0112,345824.0,11669.0
SAL-Ei-LM,bom_tubes_p50_ao15_am18_3,15,7,SATISFIED,1.0098,345404.0,11803.0
SAL-Ei-LM,bom_tubes_p50_ao15_am18_3,15,8,SATISFIED,1.0118,345080.0,6146.0
SAL-Ei-LM,bom_tubes_p50_ao15_am18_3,15,9,SATISFIED,1.0111,344664.0,6123.0
SAL-Ei-LM,bom_tubes_p50_ao15_am18_3,15,10,SATISFIED,1.0118,344932.0,8216.0
SAL-Ei-LM,bom_tubes_p50_ao15_am18_3_m10_ao15_am8_1,15,1,SATISFIED,1.0125,101360.0,11117.0
SAL-Ei-LM,bom_tubes_p50_ao15_am18_3_m10_ao15_am8_1,15,2,SATISFIED,1.0116,102084.0,11328.0
SAL-Ei-LM,bom_tubes_p50_ao15_am18_3_m10_ao15_am8_1,15,3,SATISFIED,1.0107,100640.0,11364.0
SAL-Ei-LM,bom_tubes_p50_ao15_am18_3_m10_ao15_am8_1,15,4,SATISFIED,1.0101,98461.0,11320.0
SAL-Ei-LM,bom_tubes_p50_ao15_am18_3_m10_ao15_am8_1,15,5,SATISFIED,1.0095,105077.0,11271.0
SAL-Ei-LM,bom_tubes_p50_ao15_am18_3_m10_ao15_am8_1,15,6,SATISFIED,1.0146,109714.0,5771.0
SAL-Ei-LM,bom_tubes_p50_ao15_am18_3_m10_ao15_am8_1,15,7,SATISFIED,1.0126,105070.0,6000.0
SAL-Ei-LM,bom_tubes_p50_ao15_am18_3_m10_ao15_am8_1,15,8,SATISFIED,1.0099,104751.0,8065.0
SAL-Ei-LM,bom_tubes_p50_ao15_am18_3_m10_ao15_am8_1,15,9,SATISFIED,1.0103,106253.0,11305.0
SAL-Ei-LM,bom_tubes_p50_ao15_am18_3_m10_ao15_am8_1,15,10,SATISFIED,1.0103,103410.0,11248.0
SAL-Ei-LM,bom_tubes_p50_ao15_am18_3_m10_ao15_am9_2,15,1,SATISFIED,1.0116,180483.0,11408.0
SAL-Ei-LM,bom_tubes_p50_ao15_am18_3_m10_ao15_am9_2,15,2,SATISFIED,1.0097,180580.0,11190.0
SAL-Ei-LM,bom_tubes_p50_ao15_am18_3_m10_ao15_am9_2,15,3,SATISFIED,1.0113,177598.0,11195.0
SAL-Ei-LM,bom_tubes_p50_ao15_am18_3_m10_ao15_am9_2,15,4,SATISFIED,1.0094,181184.0,11183.0
SAL-Ei-LM,bom_tubes_p50_ao15_am18_3_m10_ao15_am9_2,15,5,SATISFIED,1.0104,180237.0,11236.0
SAL-Ei-LM,bom_tubes_p50_ao15_am18_3_m10_ao15_am9_2,15,6,SATISFIED,1.0098,181084.0,11081.0
SAL-Ei-LM,bom_tubes_p50_ao15_am18_3_m10_ao15_am9_2,15,7,SATISFIED,1.0097,178067.0,11310.0
SAL-Ei-LM,bom_tubes_p50_ao15_am18_3_m10_ao15_am9_2,15,8,SATISFIED,1.0094,178178.0,11160.0
SAL-Ei-LM,bom_tubes_p50_ao15_am18_3_m10_ao15_am9_2,15,9,SATISFIED,1.0122,181101.0,5801.0
SAL-Ei-LM,bom_tubes_p50_ao15_am18_3_m10_ao15_am9_2,15,10,SATISFIED,1.0145,179345.0,5842.0
SAL-Ei-LM,bom_tubes_p50_ao15_am18_3_m10_ao15_am10_3,15,1,SATISFIED,1.0138,182018.0,5239.0
SAL-Ei-LM,bom_tubes_p50_ao15_am18_3_m10_ao15_am10_3,15,2,SATISFIED,1.0114,182166.0,5342.0
SAL-Ei-LM,bom_tubes_p50_ao15_am18_3_m10_ao15_am10_3,15,3,SATISFIED,1.0117,182332.0,5353.0
SAL-Ei-LM,bom_tubes_p50_ao15_am18_3_m10_ao15_am10_3,15,4,SATISFIED,1.0134,181844.0,5260.0
SAL-Ei-LM,bom_tubes_p50_ao15_am18_3_m10_ao15_am10_3,15,5,SATISFIED,1.0103,182340.0,7264.0
SAL-Ei-LM,bom_tubes_p50_ao15_am18_3_m10_ao15_am10_3,15,6,SATISFIED,1.0097,182026.0,5258.0
SAL-Ei-LM,bom_tubes_p50_ao15_am18_3_m10_ao15_am10_3,15,7,SATISFIED,1.0129,182068.0,5182.0
SAL-Ei-LM,bom_tubes_p50_ao15_am18_3_m10_ao15_am10_3,15,8,SATISFIED,1.0132,181998.0,5393.0
SAL-Ei-LM,bom_tubes_p50_ao15_am18_3_m10_ao15_am10_3,15,9,SATISFIED,1.012,181858.0,5391.0
SAL-Ei-LM,bom_tubes_p50_ao15_am18_3_m10_ao15_am10_3,15,10,SATISFIED,1.0133,182119.0,5304.0
SAL-Ei-LM,bom_tubes_p50_ao15_am18_3_m10_ao15_am10_4,15,1,SATISFIED,1.0154,173576.0,5480.0
SAL-Ei-LM,bom_tubes_p50_ao15_am18_3_m10_ao15_am10_4,15,2,SATISFIED,1.0136,157165.0,5411.0
SAL-Ei-LM,bom_tubes_p50_ao15_am18_3_m10_ao15_am10_4,15,3,SATISFIED,1.0155,200340.0,5383.0
SAL-Ei-LM,bom_tubes_p50_ao15_am18_3_m10_ao15_am10_4,15,4,SATISFIED,1.0117,182365.0,6669.0
SAL-Ei-LM,bom_tubes_p50_ao15_am18_3_m10_ao15_am10_4,15,5,SATISFIED,1.0113,170621.0,10317.0
SAL-Ei-LM,bom_tubes_p50_ao15_am18_3_m10_ao15_am10_4,15,6,SATISFIED,1.0135,168190.0,5409.0
SAL-Ei-LM,bom_tubes_p50_ao15_am18_3_m10_ao15_am10_4,15,7,SATISFIED,1.0104,170746.0,5478.0
SAL-Ei-LM,bom_tubes_p50_ao15_am18_3_m10_ao15_am10_4,15,8,SATISFIED,1.0102,176569.0,7270.0
SAL-Ei-LM,bom_tubes_p50_ao15_am18_3_m10_ao15_am10_4,15,9,SATISFIED,1.0101,160676.0,10194.0
SAL-Ei-LM,bom_tubes_p50_ao15_am18_3_m10_ao15_am10_4,15,10,SATISFIED,1.0096,182282.0,10338.0
SAL-Ei-LM,bom_tubes_p50_ao15_am18_3_m10_ao15_am10_5,15,1,SATISFIED,1.0099,149485.0,14187.0
SAL-Ei-LM,bom_tubes_p50_ao15_am18_3_m10_ao15_am10_5,15,2,SATISFIED,1.0097,157382.0,14117.0
SAL-Ei-LM,bom_tubes_p50_ao15_am18_3_m10_ao15_am10_5,15,3,SATISFIED,1.0129,143973.0,7135.0
SAL-Ei-LM,bom_tubes_p50_ao15_am18_3_m10_ao15_am10_5,15,4,SATISFIED,1.0126,142800.0,7344.0
SAL-Ei-LM,bom_tubes_p50_ao15_am18_3_m10_ao15_am10_5,15,5,SATISFIED,1.0116,158033.0,10118.0
SAL-Ei-LM,bom_tubes_p50_ao15_am18_3_m10_ao15_am10_5,15,6,SATISFIED,1.012,150001.0,7120.0
SAL-Ei-LM,bom_tubes_p50_ao15_am18_3_m10_ao15_am10_5,15,7,SATISFIED,1.0124,151198.0,7268.0
SAL-Ei-LM,bom_tubes_p50_ao15_am18_3_m10_ao15_am10_5,15,8,SATISFIED,1.0141,141517.0,7152.0
SAL-Ei-LM,bom_tubes_p50_ao15_am18_3_m10_ao15_am10_5,15,9,SATISFIED,1.0175,144462.0,7300.0
SAL-Ei-LM,bom_tubes_p50_ao15_am18_3_m10_ao15_am10_5,15,10,SATISFIED,1.0164,147197.0,6909.0
SAL-Ei-LM,bom_tubes_p50_ao15_am18_3_m25_ao15_am15_5,15,1,SATISFIED,1.016,199534.0,5296.0
SAL-Ei-LM,bom_tubes_p50_ao15_am18_3_m25_ao15_am15_5,15,2,SATISFIED,1.0136,198588.0,5170.0
SAL-Ei-LM,bom_tubes_p50_ao15_am18_3_m25_ao15_am15_5,15,3,SATISFIED,1.0125,191734.0,5435.0
SAL-Ei-LM,bom_tubes_p50_ao15_am18_3_m25_ao15_am15_5,15,4,SATISFIED,1.013,186842.0,5274.0
SAL-Ei-LM,bom_tubes_p50_ao15_am18_3_m25_ao15_am15_5,15,5,SATISFIED,1.0148,199320.0,5337.0
SAL-Ei-LM,bom_tubes_p50_ao15_am18_3_m25_ao15_am15_5,15,6,SATISFIED,1.015,198526.0,6885.0
SAL-Ei-LM,bom_tubes_p50_ao15_am18_3_m25_ao15_am15_5,15,7,SATISFIED,1.0119,184447.0,5183.0
SAL-Ei-LM,bom_tubes_p50_ao15_am18_3_m25_ao15_am15_5,15,8,SATISFIED,1.0121,184595.0,5309.0
SAL-Ei-LM,bom_tubes_p50_ao15_am18_3_m25_ao15_am15_5,15,9,SATISFIED,1.0105,200016.0,5936.0
SAL-Ei-LM,bom_tubes_p50_ao15_am18_3_m25_ao15_am15_5,15,10,SATISFIED,1.0112,201296.0,5172.0
SAL-Ei-LM,bom_tubes_p50_ao15_am18_3_m25_ao15_am17_1,15,1,SATISFIED,1.0163,289560.0,5330.0
SAL-Ei-LM,bom_tubes_p50_ao15_am18_3_m25_ao15_am17_1,15,2,SATISFIED,1.0144,289580.0,5371.0
SAL-Ei-LM,bom_tubes_p50_ao15_am18_3_m25_ao15_am17_1,15,3,SATISFIED,1.017,290004.0,5324.0
SAL-Ei-LM,bom_tubes_p50_ao15_am18_3_m25_ao15_am17_1,15,4,SATISFIED,1.0148,289262.0,5522.0
SAL-Ei-LM,bom_tubes_p50_ao15_am18_3_m25_ao15_am17_1,15,5,SATISFIED,1.0183,289808.0,5376.0
SAL-Ei-LM,bom_tubes_p50_ao15_am18_3_m25_ao15_am17_1,15,6,SATISFIED,1.0135,289272.0,6991.0
SAL-Ei-LM,bom_tubes_p50_ao15_am18_3_m25_ao15_am17_1,15,7,SATISFIED,1.0119,289924.0,10163.0
SAL-Ei-LM,bom_tubes_p50_ao15_am18_3_m25_ao15_am17_1,15,8,SATISFIED,1.0117,289878.0,10172.0
SAL-Ei-LM,bom_tubes_p50_ao15_am18_3_m25_ao15_am17_1,15,9,SATISFIED,1.0144,289080.0,5129.0
SAL-Ei-LM,bom_tubes_p50_ao15_am18_3_m25_ao15_am17_1,15,10,SATISFIED,1.0172,289592.0,5449.0
SAL-Ei-LM,bom_tubes_p50_ao15_am18_3_m25_ao15_am17_2,15,1,SATISFIED,1.0118,41615.0,7042.0
SAL-Ei-LM,bom_tubes_p50_ao15_am18_3_m25_ao15_am17_2,15,2,SATISFIED,1.0113,41375.0,10231.0
SAL-Ei-LM,bom_tubes_p50_ao15_am18_3_m25_ao15_am17_2,15,3,SATISFIED,1.0099,41489.0,10218.0
SAL-Ei-LM,bom_tubes_p50_ao15_am18_3_m25_ao15_am17_2,15,4,SATISFIED,1.0114,41575.0,10197.0
SAL-Ei-LM,bom_tubes_p50_ao15_am18_3_m25_ao15_am17_2,15,5,SATISFIED,1.0108,44056.0,10095.0
SAL-Ei-LM,bom_tubes_p50_ao15_am18_3_m25_ao15_am17_2,15,6,SATISFIED,1.0146,41734.0,5002.0
SAL-Ei-LM,bom_tubes_p50_ao15_am18_3_m25_ao15_am17_2,15,7,SATISFIED,1.0174,41684.0,5248.0
SAL-Ei-LM,bom_tubes_p50_ao15_am18_3_m25_ao15_am17_2,15,8,SATISFIED,1.0148,40345.0,5074.0
SAL-Ei-LM,bom_tubes_p50_ao15_am18_3_m25_ao15_am17_2,15,9,SATISFIED,1.0166,40924.0,5029.0
SAL-Ei-LM,bom_tubes_p50_ao15_am18_3_m25_ao15_am17_2,15,10,SATISFIED,1.012,42146.0,6605.0
SAL-Ei-LM,bom_tubes_p50_ao15_am18_3_m25_ao15_am17_3,15,1,SATISFIED,1.0126,102970.0,11279.0
SAL-Ei-LM,bom_tubes_p50_ao15_am18_3_m25_ao15_am17_3,15,2,SATISFIED,1.0109,103050.0,11314.0
SAL-Ei-LM,bom_tubes_p50_ao15_am18_3_m25_ao15_am17_3,15,3,SATISFIED,1.0151,102930.0,5734.0
SAL-Ei-LM,bom_tubes_p50_ao15_am18_3_m25_ao15_am17_3,15,4,SATISFIED,1.0181,103050.0,6067.0
SAL-Ei-LM,bom_tubes_p50_ao15_am18_3_m25_ao15_am17_3,15,5,SATISFIED,1.0135,103230.0,8302.0
SAL-Ei-LM,bom_tubes_p50_ao15_am18_3_m25_ao15_am17_3,15,6,SATISFIED,1.0124,103030.0,11221.0
SAL-Ei-LM,bom_tubes_p50_ao15_am18_3_m25_ao15_am17_3,15,7,SATISFIED,1.0106,103030.0,11267.0
SAL-Ei-LM,bom_tubes_p50_ao15_am18_3_m25_ao15_am17_3,15,8,SATISFIED,1.0102,103122.0,11318.0
SAL-Ei-LM,bom_tubes_p50_ao15_am18_3_m25_ao15_am17_3,15,9,SATISFIED,1.0111,103045.0,11332.0
SAL-Ei-LM,bom_tubes_p50_ao15_am18_3_m25_ao15_am17_3,15,10,SATISFIED,1.0105,103010.0,11298.0
SAL-Ei-LM,bom_tubes_p50_ao15_am18_3_m25_ao15_am17_4,15,1,SATISFIED,1.0122,234558.0,11206.0
SAL-Ei-LM,bom_tubes_p50_ao15_am18_3_m25_ao15_am17_4,15,2,SATISFIED,1.0107,252155.0,11242.0
SAL-Ei-LM,bom_tubes_p50_ao15_am18_3_m25_ao15_am17_4,15,3,SATISFIED,1.014,233960.0,9823.0
SAL-Ei-LM,bom_tubes_p50_ao15_am18_3_m25_ao15_am17_4,15,4,SATISFIED,1.0153,264476.0,5830.0
SAL-Ei-LM,bom_tubes_p50_ao15_am18_3_m25_ao15_am17_4,15,5,SATISFIED,1.0124,245285.0,8101.0
SAL-Ei-LM,bom_tubes_p50_ao15_am18_3_m25_ao15_am17_4,15,6,SATISFIED,1.0111,245725.0,11286.0
SAL-Ei-LM,bom_tubes_p50_ao15_am18_3_m25_ao15_am17_4,15,7,SATISFIED,1.0111,245127.0,11365.0
SAL-Ei-LM,bom_tubes_p50_ao15_am18_3_m25_ao15_am17_4,15,8,SATISFIED,1.0109,241332.0,11506.0
SAL-Ei-LM,bom_tubes_p50_ao15_am18_3_m25_ao15_am17_4,15,9,SATISFIED,1.0165,252287.0,5762.0
SAL-Ei-LM,bom_tubes_p50_ao15_am18_3_m25_ao15_am17_4,15,10,SATISFIED,1.0176,264969.0,5882.0
SAL-Ei-LM,bom_tubes_p50_ao15_am18_4,15,1,SATISFIED,1.0117,63231.0,8312.0
SAL-Ei-LM,bom_tubes_p50_ao15_am18_4,15,2,SATISFIED,1.0106,65068.0,11175.0
SAL-Ei-LM,bom_tubes_p50_ao15_am18_4,15,3,SATISFIED,1.0099,63881.0,11135.0
SAL-Ei-LM,bom_tubes_p50_ao15_am18_4,15,4,SATISFIED,1.0099,61492.0,10895.0
SAL-Ei-LM,bom_tubes_p50_ao15_am18_4,15,5,SATISFIED,1.0106,65295.0,11377.0
SAL-Ei-LM,bom_tubes_p50_ao15_am18_4,15,6,SATISFIED,1.0107,66749.0,11036.0
SAL-Ei-LM,bom_tubes_p50_ao15_am18_4,15,7,SATISFIED,1.0144,67989.0,5736.0
SAL-Ei-LM,bom_tubes_p50_ao15_am18_4,15,8,SATISFIED,1.0162,65177.0,5842.0
SAL-Ei-LM,bom_tubes_p50_ao15_am18_4,15,9,SATISFIED,1.0106,64843.0,8210.0
SAL-Ei-LM,bom_tubes_p50_ao15_am18_4,15,10,SATISFIED,1.0097,66645.0,11209.0
SAL-Ei-LM,bom_tubes_p50_ao15_am18_4_m10_ao15_am8_1,15,1,SATISFIED,1.0104,68733.0,10508.0
SAL-Ei-LM,bom_tubes_p50_ao15_am18_4_m10_ao15_am8_1,15,2,SATISFIED,1.0095,74239.0,10514.0
SAL-Ei-LM,bom_tubes_p50_ao15_am18_4_m10_ao15_am8_1,15,3,SATISFIED,1.0091,82069.0,10690.0
SAL-Ei-LM,bom_tubes_p50_ao15_am18_4_m10_ao15_am8_1,15,4,SATISFIED,1.0093,68093.0,10451.0
SAL-Ei-LM,bom_tubes_p50_ao15_am18_4_m10_ao15_am8_1,15,5,SATISFIED,1.0114,68171.0,8149.0
SAL-Ei-LM,bom_tubes_p50_ao15_am18_4_m10_ao15_am8_1,15,6,SATISFIED,1.015,68606.0,5431.0
SAL-Ei-LM,bom_tubes_p50_ao15_am18_4_m10_ao15_am8_1,15,7,SATISFIED,1.0134,68336.0,8055.0
SAL-Ei-LM,bom_tubes_p50_ao15_am18_4_m10_ao15_am8_1,15,8,SATISFIED,1.0142,68423.0,10600.0
SAL-Ei-LM,bom_tubes_p50_ao15_am18_4_m10_ao15_am8_1,15,9,SATISFIED,1.0143,68043.0,10891.0
SAL-Ei-LM,bom_tubes_p50_ao15_am18_4_m10_ao15_am8_1,15,10,SATISFIED,1.0144,68316.0,5570.0
SAL-Ei-LM,bom_tubes_p50_ao15_am18_4_m10_ao15_am9_2,15,1,SATISFIED,1.0137,119500.0,6469.0
SAL-Ei-LM,bom_tubes_p50_ao15_am18_4_m10_ao15_am9_2,15,2,SATISFIED,1.0142,119500.0,8515.0
SAL-Ei-LM,bom_tubes_p50_ao15_am18_4_m10_ao15_am9_2,15,3,SATISFIED,1.0126,119500.0,12354.0
SAL-Ei-LM,bom_tubes_p50_ao15_am18_4_m10_ao15_am9_2,15,4,SATISFIED,1.0152,119500.0,12215.0
SAL-Ei-LM,bom_tubes_p50_ao15_am18_4_m10_ao15_am9_2,15,5,SATISFIED,1.0137,119500.0,12426.0
SAL-Ei-LM,bom_tubes_p50_ao15_am18_4_m10_ao15_am9_2,15,6,SATISFIED,1.0131,119500.0,12201.0
SAL-Ei-LM,bom_tubes_p50_ao15_am18_4_m10_ao15_am9_2,15,7,SATISFIED,1.0124,119500.0,12252.0
SAL-Ei-LM,bom_tubes_p50_ao15_am18_4_m10_ao15_am9_2,15,8,SATISFIED,1.013,119500.0,12276.0
SAL-Ei-LM,bom_tubes_p50_ao15_am18_4_m10_ao15_am9_2,15,9,SATISFIED,1.0121,119500.0,12282.0
SAL-Ei-LM,bom_tubes_p50_ao15_am18_4_m10_ao15_am9_2,15,10,SATISFIED,1.0118,119500.0,12281.0
SAL-Ei-LM,bom_tubes_p50_ao15_am18_4_m10_ao15_am9_5,15,1,SATISFIED,1.0125,102493.0,10935.0
SAL-Ei-LM,bom_tubes_p50_ao15_am18_4_m10_ao15_am9_5,15,2,SATISFIED,1.0135,102493.0,10962.0
SAL-Ei-LM,bom_tubes_p50_ao15_am18_4_m10_ao15_am9_5,15,3,SATISFIED,1.0129,102493.0,10975.0
SAL-Ei-LM,bom_tubes_p50_ao15_am18_4_m10_ao15_am9_5,15,4,SATISFIED,1.0124,102493.0,10434.0
SAL-Ei-LM,bom_tubes_p50_ao15_am18_4_m10_ao15_am9_5,15,5,SATISFIED,1.0135,102493.0,10420.0
SAL-Ei-LM,bom_tubes_p50_ao15_am18_4_m10_ao15_am9_5,15,6,SATISFIED,1.0138,102493.0,10953.0
SAL-Ei-LM,bom_tubes_p50_ao15_am18_4_m10_ao15_am9_5,15,7,SATISFIED,1.0139,102493.0,11008.0
SAL-Ei-LM,bom_tubes_p50_ao15_am18_4_m10_ao15_am9_5,15,8,SATISFIED,1.0175,102493.0,5357.0
SAL-Ei-LM,bom_tubes_p50_ao15_am18_4_m10_ao15_am9_5,15,9,SATISFIED,1.0156,102493.0,5422.0
SAL-Ei-LM,bom_tubes_p50_ao15_am18_4_m10_ao15_am9_5,15,10,SATISFIED,1.0169,102493.0,5657.0
SAL-Ei-LM,bom_tubes_p50_ao15_am18_4_m10_ao15_am10_3,15,1,SATISFIED,1.0157,60278.0,4964.0
SAL-Ei-LM,bom_tubes_p50_ao15_am18_4_m10_ao15_am10_3,15,2,SATISFIED,1.0147,60358.0,6923.0
SAL-Ei-LM,bom_tubes_p50_ao15_am18_4_m10_ao15_am10_3,15,3,SATISFIED,1.015,60558.0,9892.0
SAL-Ei-LM,bom_tubes_p50_ao15_am18_4_m10_ao15_am10_3,15,4,SATISFIED,1.0149,59758.0,9532.0
SAL-Ei-LM,bom_tubes_p50_ao15_am18_4_m10_ao15_am10_3,15,5,SATISFIED,1.0145,60118.0,9409.0
SAL-Ei-LM,bom_tubes_p50_ao15_am18_4_m10_ao15_am10_3,15,6,SATISFIED,1.0148,60198.0,9575.0
SAL-Ei-LM,bom_tubes_p50_ao15_am18_4_m10_ao15_am10_3,15,7,SATISFIED,1.0149,60398.0,9652.0
SAL-Ei-LM,bom_tubes_p50_ao15_am18_4_m10_ao15_am10_3,15,8,SATISFIED,1.0149,60118.0,9573.0
SAL-Ei-LM,bom_tubes_p50_ao15_am18_4_m10_ao15_am10_3,15,9,SATISFIED,1.0149,60118.0,9404.0
SAL-Ei-LM,bom_tubes_p50_ao15_am18_4_m10_ao15_am10_3,15,10,SATISFIED,1.0139,59918.0,9623.0
SAL-Ei-LM,bom_tubes_p50_ao15_am18_4_m10_ao15_am10_4,15,1,SATISFIED,1.0123,130118.0,9605.0
SAL-Ei-LM,bom_tubes_p50_ao15_am18_4_m10_ao15_am10_4,15,2,SATISFIED,1.0124,128882.0,10120.0
SAL-Ei-LM,bom_tubes_p50_ao15_am18_4_m10_ao15_am10_4,15,3,SATISFIED,1.0144,128718.0,8716.0
SAL-Ei-LM,bom_tubes_p50_ao15_am18_4_m10_ao15_am10_4,15,4,SATISFIED,1.0176,128438.0,5469.0
SAL-Ei-LM,bom_tubes_p50_ao15_am18_4_m10_ao15_am10_4,15,5,SATISFIED,1.0168,128180.0,6834.0
SAL-Ei-LM,bom_tubes_p50_ao15_am18_4_m10_ao15_am10_4,15,6,SATISFIED,1.0164,129378.0,7923.0
SAL-Ei-LM,bom_tubes_p50_ao15_am18_4_m10_ao15_am10_4,15,7,SATISFIED,1.0114,128256.0,5448.0
SAL-Ei-LM,bom_tubes_p50_ao15_am18_4_m10_ao15_am10_4,15,8,SATISFIED,1.0136,128968.0,7887.0
SAL-Ei-LM,bom_tubes_p50_ao15_am18_4_m10_ao15_am10_4,15,9,SATISFIED,1.0125,129068.0,6608.0
SAL-Ei-LM,bom_tubes_p50_ao15_am18_4_m10_ao15_am10_4,15,10,SATISFIED,1.016,129518.0,6105.0
SAL-Ei-LM,bom_tubes_p50_ao15_am18_4_m25_ao15_am14_4,15,1,SATISFIED,1.0148,54478.0,9893.0
SAL-Ei-LM,bom_tubes_p50_ao15_am18_4_m25_ao15_am14_4,15,2,SATISFIED,1.0172,55911.0,6294.0
SAL-Ei-LM,bom_tubes_p50_ao15_am18_4_m25_ao15_am14_4,15,3,SATISFIED,1.0159,51711.0,6240.0
SAL-Ei-LM,bom_tubes_p50_ao15_am18_4_m25_ao15_am14_4,15,4,SATISFIED,1.0158,53331.0,8940.0
SAL-Ei-LM,bom_tubes_p50_ao15_am18_4_m25_ao15_am14_4,15,5,SATISFIED,1.0153,54412.0,12101.0
SAL-Ei-LM,bom_tubes_p50_ao15_am18_4_m25_ao15_am14_4,15,6,SATISFIED,1.0129,55715.0,11989.0
SAL-Ei-LM,bom_tubes_p50_ao15_am18_4_m25_ao15_am14_4,15,7,SATISFIED,1.014,52404.0,11990.0
SAL-Ei-LM,bom_tubes_p50_ao15_am18_4_m25_ao15_am14_4,15,8,SATISFIED,1.016,54043.0,11609.0
SAL-Ei-LM,bom_tubes_p50_ao15_am18_4_m25_ao15_am14_4,15,9,SATISFIED,1.0167,51506.0,6328.0
SAL-Ei-LM,bom_tubes_p50_ao15_am18_4_m25_ao15_am14_4,15,10,SATISFIED,1.0169,55272.0,6785.0
SAL-Ei-LM,bom_tubes_p50_ao15_am18_4_m25_ao15_am15_3,15,1,SATISFIED,1.0143,142621.0,11804.0
SAL-Ei-LM,bom_tubes_p50_ao15_am18_4_m25_ao15_am15_3,15,2,SATISFIED,1.0108,142621.0,12398.0
SAL-Ei-LM,bom_tubes_p50_ao15_am18_4_m25_ao15_am15_3,15,3,SATISFIED,1.0102,142621.0,6791.0
SAL-Ei-LM,bom_tubes_p50_ao15_am18_4_m25_ao15_am15_3,15,4,SATISFIED,1.0146,142621.0,6331.0
SAL-Ei-LM,bom_tubes_p50_ao15_am18_4_m25_ao15_am15_3,15,5,SATISFIED,1.0156,142621.0,6861.0
SAL-Ei-LM,bom_tubes_p50_ao15_am18_4_m25_ao15_am15_3,15,6,SATISFIED,1.0126,142621.0,8479.0
SAL-Ei-LM,bom_tubes_p50_ao15_am18_4_m25_ao15_am15_3,15,7,SATISFIED,1.0109,142621.0,12733.0
SAL-Ei-LM,bom_tubes_p50_ao15_am18_4_m25_ao15_am15_3,15,8,SATISFIED,1.0098,142621.0,12955.0
SAL-Ei-LM,bom_tubes_p50_ao15_am18_4_m25_ao15_am15_3,15,9,SATISFIED,1.0112,142621.0,7951.0
SAL-Ei-LM,bom_tubes_p50_ao15_am18_4_m25_ao15_am15_3,15,10,SATISFIED,1.0145,142621.0,7109.0
SAL-Ei-LM,bom_tubes_p50_ao15_am18_4_m25_ao15_am15_5,15,1,SATISFIED,1.0153,87799.0,9544.0
SAL-Ei-LM,bom_tubes_p50_ao15_am18_4_m25_ao15_am15_5,15,2,SATISFIED,1.014,84751.0,10547.0
SAL-Ei-LM,bom_tubes_p50_ao15_am18_4_m25_ao15_am15_5,15,3,SATISFIED,1.0123,88553.0,10925.0
SAL-Ei-LM,bom_tubes_p50_ao15_am18_4_m25_ao15_am15_5,15,4,SATISFIED,1.0133,87025.0,10640.0
SAL-Ei-LM,bom_tubes_p50_ao15_am18_4_m25_ao15_am15_5,15,5,SATISFIED,1.0143,85013.0,10695.0
SAL-Ei-LM,bom_tubes_p50_ao15_am18_4_m25_ao15_am15_5,15,6,SATISFIED,1.0133,87137.0,10935.0
SAL-Ei-LM,bom_tubes_p50_ao15_am18_4_m25_ao15_am15_5,15,7,SATISFIED,1.015,83068.0,10419.0
SAL-Ei-LM,bom_tubes_p50_ao15_am18_4_m25_ao15_am15_5,15,8,SATISFIED,1.0148,83888.0,10761.0
SAL-Ei-LM,bom_tubes_p50_ao15_am18_4_m25_ao15_am15_5,15,9,SATISFIED,1.0185,86259.0,5598.0
SAL-Ei-LM,bom_tubes_p50_ao15_am18_4_m25_ao15_am15_5,15,10,SATISFIED,1.0145,84442.0,5635.0
SAL-Ei-LM,bom_tubes_p50_ao15_am18_4_m25_ao15_am16_2,15,1,SATISFIED,1.0135,34204.0,6972.0
SAL-Ei-LM,bom_tubes_p50_ao15_am18_4_m25_ao15_am16_2,15,2,SATISFIED,1.0125,34204.0,10057.0
SAL-Ei-LM,bom_tubes_p50_ao15_am18_4_m25_ao15_am16_2,15,3,SATISFIED,1.014,34204.0,8985.0
SAL-Ei-LM,bom_tubes_p50_ao15_am18_4_m25_ao15_am16_2,15,4,SATISFIED,1.0167,34204.0,5184.0
SAL-Ei-LM,bom_tubes_p50_ao15_am18_4_m25_ao15_am16_2,15,5,SATISFIED,1.0185,34204.0,6057.0
SAL-Ei-LM,bom_tubes_p50_ao15_am18_4_m25_ao15_am16_2,15,6,SATISFIED,1.0161,34204.0,4987.0
SAL-Ei-LM,bom_tubes_p50_ao15_am18_4_m25_ao15_am16_2,15,7,SATISFIED,1.0183,34204.0,5043.0
SAL-Ei-LM,bom_tubes_p50_ao15_am18_4_m25_ao15_am16_2,15,8,SATISFIED,1.0168,34204.0,5115.0
SAL-Ei-LM,bom_tubes_p50_ao15_am18_4_m25_ao15_am16_2,15,9,SATISFIED,1.015,34204.0,6470.0
SAL-Ei-LM,bom_tubes_p50_ao15_am18_4_m25_ao15_am16_2,15,10,SATISFIED,1.0129,34204.0,9937.0
SAL-Ei-LM,bom_tubes_p50_ao15_am18_4_m25_ao15_am17_1,15,1,SATISFIED,1.015,101837.0,10334.0
SAL-Ei-LM,bom_tubes_p50_ao15_am18_4_m25_ao15_am17_1,15,2,SATISFIED,1.0157,102040.0,10492.0
SAL-Ei-LM,bom_tubes_p50_ao15_am18_4_m25_ao15_am17_1,15,3,SATISFIED,1.0129,101482.0,10350.0
SAL-Ei-LM,bom_tubes_p50_ao15_am18_4_m25_ao15_am17_1,15,4,SATISFIED,1.0164,101043.0,10327.0
SAL-Ei-LM,bom_tubes_p50_ao15_am18_4_m25_ao15_am17_1,15,5,SATISFIED,1.0141,100368.0,10246.0
SAL-Ei-LM,bom_tubes_p50_ao15_am18_4_m25_ao15_am17_1,15,6,SATISFIED,1.0143,101140.0,10147.0
SAL-Ei-LM,bom_tubes_p50_ao15_am18_4_m25_ao15_am17_1,15,7,SATISFIED,1.0139,101584.0,5639.0
SAL-Ei-LM,bom_tubes_p50_ao15_am18_4_m25_ao15_am17_1,15,8,SATISFIED,1.0153,101982.0,6063.0
SAL-Ei-LM,bom_tubes_p50_ao15_am18_4_m25_ao15_am17_1,15,9,SATISFIED,1.0137,101106.0,9800.0
SAL-Ei-LM,bom_tubes_p50_ao15_am18_4_m25_ao15_am17_1,15,10,SATISFIED,1.0118,101157.0,10495.0
SAL-Ei-LM,bom_tubes_p50_ao15_am18_5,15,1,SATISFIED,1.0129,161919.0,11846.0
SAL-Ei-LM,bom_tubes_p50_ao15_am18_5,15,2,SATISFIED,1.0122,160827.0,11777.0
SAL-Ei-LM,bom_tubes_p50_ao15_am18_5,15,3,SATISFIED,1.0132,161603.0,11559.0
SAL-Ei-LM,bom_tubes_p50_ao15_am18_5,15,4,SATISFIED,1.0144,161191.0,11668.0
SAL-Ei-LM,bom_tubes_p50_ao15_am18_5,15,5,SATISFIED,1.0152,160811.0,9992.0
SAL-Ei-LM,bom_tubes_p50_ao15_am18_5,15,6,SATISFIED,1.017,160403.0,6172.0
SAL-Ei-LM,bom_tubes_p50_ao15_am18_5,15,7,SATISFIED,1.0149,161775.0,7658.0
SAL-Ei-LM,bom_tubes_p50_ao15_am18_5,15,8,SATISFIED,1.0149,160851.0,11592.0
SAL-Ei-LM,bom_tubes_p50_ao15_am18_5,15,9,SATISFIED,1.0128,159979.0,11813.0
SAL-Ei-LM,bom_tubes_p50_ao15_am18_5,15,10,SATISFIED,1.0158,160703.0,6179.0
SAL-Ei-LM,bom_tubes_p50_ao15_am18_5_m10_ao15_am9_1,15,1,SATISFIED,1.0164,401106.0,7393.0
SAL-Ei-LM,bom_tubes_p50_ao15_am18_5_m10_ao15_am9_1,15,2,SATISFIED,1.0149,383789.0,11850.0
SAL-Ei-LM,bom_tubes_p50_ao15_am18_5_m10_ao15_am9_1,15,3,SATISFIED,1.0128,444129.0,13153.0
SAL-Ei-LM,bom_tubes_p50_ao15_am18_5_m10_ao15_am9_1,15,4,SATISFIED,1.017,394244.0,6754.0
SAL-Ei-LM,bom_tubes_p50_ao15_am18_5_m10_ao15_am9_1,15,5,SATISFIED,1.0146,431978.0,6811.0
SAL-Ei-LM,bom_tubes_p50_ao15_am18_5_m10_ao15_am9_1,15,6,SATISFIED,1.0143,383708.0,9047.0
SAL-Ei-LM,bom_tubes_p50_ao15_am18_5_m10_ao15_am9_1,15,7,SATISFIED,1.0122,419647.0,13011.0
SAL-Ei-LM,bom_tubes_p50_ao15_am18_5_m10_ao15_am9_1,15,8,SATISFIED,1.0146,421488.0,13046.0
SAL-Ei-LM,bom_tubes_p50_ao15_am18_5_m10_ao15_am9_1,15,9,SATISFIED,1.0147,452765.0,13172.0
SAL-Ei-LM,bom_tubes_p50_ao15_am18_5_m10_ao15_am9_1,15,10,SATISFIED,1.0143,446640.0,12991.0
SAL-Ei-LM,bom_tubes_p50_ao15_am18_5_m10_ao15_am10_2,15,1,SATISFIED,1.012,161719.0,12263.0
SAL-Ei-LM,bom_tubes_p50_ao15_am18_5_m10_ao15_am10_2,15,2,SATISFIED,1.0147,162732.0,10204.0
SAL-Ei-LM,bom_tubes_p50_ao15_am18_5_m10_ao15_am10_2,15,3,SATISFIED,1.0162,162272.0,6259.0
SAL-Ei-LM,bom_tubes_p50_ao15_am18_5_m10_ao15_am10_2,15,4,SATISFIED,1.017,162774.0,8237.0
SAL-Ei-LM,bom_tubes_p50_ao15_am18_5_m10_ao15_am10_2,15,5,SATISFIED,1.0152,164630.0,11756.0
SAL-Ei-LM,bom_tubes_p50_ao15_am18_5_m10_ao15_am10_2,15,6,SATISFIED,1.0148,162734.0,11757.0
SAL-Ei-LM,bom_tubes_p50_ao15_am18_5_m10_ao15_am10_2,15,7,SATISFIED,1.0127,162639.0,11785.0
SAL-Ei-LM,bom_tubes_p50_ao15_am18_5_m10_ao15_am10_2,15,8,SATISFIED,1.0151,162634.0,7706.0
SAL-Ei-LM,bom_tubes_p50_ao15_am18_5_m10_ao15_am10_2,15,9,SATISFIED,1.0172,170334.0,6734.0
SAL-Ei-LM,bom_tubes_p50_ao15_am18_5_m10_ao15_am10_2,15,10,SATISFIED,1.0164,162659.0,10392.0
SAL-Ei-LM,bom_tubes_p50_ao15_am18_5_m10_ao15_am10_3,15,1,SATISFIED,1.0136,61283.0,11331.0
SAL-Ei-LM,bom_tubes_p50_ao15_am18_5_m10_ao15_am10_3,15,2,SATISFIED,1.013,61283.0,11215.0
SAL-Ei-LM,bom_tubes_p50_ao15_am18_5_m10_ao15_am10_3,15,3,SATISFIED,1.0133,62869.0,11293.0
SAL-Ei-LM,bom_tubes_p50_ao15_am18_5_m10_ao15_am10_3,15,4,SATISFIED,1.0159,61283.0,8780.0
SAL-Ei-LM,bom_tubes_p50_ao15_am18_5_m10_ao15_am10_3,15,5,SATISFIED,1.0151,61389.0,6075.0
SAL-Ei-LM,bom_tubes_p50_ao15_am18_5_m10_ao15_am10_3,15,6,SATISFIED,1.013,61283.0,8386.0
SAL-Ei-LM,bom_tubes_p50_ao15_am18_5_m10_ao15_am10_3,15,7,SATISFIED,1.0127,61283.0,11457.0
SAL-Ei-LM,bom_tubes_p50_ao15_am18_5_m10_ao15_am10_3,15,8,SATISFIED,1.0129,61283.0,11382.0
SAL-Ei-LM,bom_tubes_p50_ao15_am18_5_m10_ao15_am10_3,15,9,SATISFIED,1.0133,61283.0,11424.0
SAL-Ei-LM,bom_tubes_p50_ao15_am18_5_m10_ao15_am10_3,15,10,SATISFIED,1.0128,61285.0,11359.0
SAL-Ei-LM,bom_tubes_p50_ao15_am18_5_m10_ao15_am10_4,15,1,SATISFIED,1.0148,85326.0,11539.0
SAL-Ei-LM,bom_tubes_p50_ao15_am18_5_m10_ao15_am10_4,15,2,SATISFIED,1.0149,85506.0,5877.0
SAL-Ei-LM,bom_tubes_p50_ao15_am18_5_m10_ao15_am10_4,15,3,SATISFIED,1.0164,85194.0,5725.0
SAL-Ei-LM,bom_tubes_p50_ao15_am18_5_m10_ao15_am10_4,15,4,SATISFIED,1.0166,85438.0,5918.0
SAL-Ei-LM,bom_tubes_p50_ao15_am18_5_m10_ao15_am10_4,15,5,SATISFIED,1.0144,85686.0,5611.0
SAL-Ei-LM,bom_tubes_p50_ao15_am18_5_m10_ao15_am10_4,15,6,SATISFIED,1.0139,85406.0,7596.0
SAL-Ei-LM,bom_tubes_p50_ao15_am18_5_m10_ao15_am10_4,15,7,SATISFIED,1.0156,85186.0,10740.0
SAL-Ei-LM,bom_tubes_p50_ao15_am18_5_m10_ao15_am10_4,15,8,SATISFIED,1.0142,85370.0,5856.0
SAL-Ei-LM,bom_tubes_p50_ao15_am18_5_m10_ao15_am10_4,15,9,SATISFIED,1.0133,85606.0,5729.0
SAL-Ei-LM,bom_tubes_p50_ao15_am18_5_m10_ao15_am10_4,15,10,SATISFIED,1.0101,85482.0,6458.0
SAL-Ei-LM,bom_tubes_p50_ao15_am18_5_m10_ao15_am10_5,15,1,SATISFIED,1.0124,593201.0,5981.0
SAL-Ei-LM,bom_tubes_p50_ao15_am18_5_m10_ao15_am10_5,15,2,SATISFIED,1.012,593082.0,5822.0
SAL-Ei-LM,bom_tubes_p50_ao15_am18_5_m10_ao15_am10_5,15,3,SATISFIED,1.0131,592936.0,6200.0
SAL-Ei-LM,bom_tubes_p50_ao15_am18_5_m10_ao15_am10_5,15,4,SATISFIED,1.0117,592784.0,5987.0
SAL-Ei-LM,bom_tubes_p50_ao15_am18_5_m10_ao15_am10_5,15,5,SATISFIED,1.0128,592784.0,5871.0
SAL-Ei-LM,bom_tubes_p50_ao15_am18_5_m10_ao15_am10_5,15,6,SATISFIED,1.0124,592911.0,6000.0
SAL-Ei-LM,bom_tubes_p50_ao15_am18_5_m10_ao15_am10_5,15,7,SATISFIED,1.0153,593297.0,6363.0
SAL-Ei-LM,bom_tubes_p50_ao15_am18_5_m10_ao15_am10_5,15,8,SATISFIED,1.0124,592867.0,10396.0
SAL-Ei-LM,bom_tubes_p50_ao15_am18_5_m10_ao15_am10_5,15,9,SATISFIED,1.0123,592999.0,11471.0
SAL-Ei-LM,bom_tubes_p50_ao15_am18_5_m10_ao15_am10_5,15,10,SATISFIED,1.0152,592571.0,9834.0
SAL-Ei-LM,bom_tubes_p50_ao15_am18_5_m25_ao15_am16_1,15,1,SATISFIED,1.0163,391495.0,5567.0
SAL-Ei-LM,bom_tubes_p50_ao15_am18_5_m25_ao15_am16_1,15,2,SATISFIED,1.014,428545.0,6957.0
SAL-Ei-LM,bom_tubes_p50_ao15_am18_5_m25_ao15_am16_1,15,3,SATISFIED,1.0129,391755.0,10264.0
SAL-Ei-LM,bom_tubes_p50_ao15_am18_5_m25_ao15_am16_1,15,4,SATISFIED,1.0124,438621.0,10434.0
SAL-Ei-LM,bom_tubes_p50_ao15_am18_5_m25_ao15_am16_1,15,5,SATISFIED,1.0172,391955.0,10903.0
SAL-Ei-LM,bom_tubes_p50_ao15_am18_5_m25_ao15_am16_1,15,6,SATISFIED,1.016,417490.0,10848.0
SAL-Ei-LM,bom_tubes_p50_ao15_am18_5_m25_ao15_am16_1,15,7,SATISFIED,1.0147,382811.0,10821.0
SAL-Ei-LM,bom_tubes_p50_ao15_am18_5_m25_ao15_am16_1,15,8,SATISFIED,1.0142,435365.0,10400.0
SAL-Ei-LM,bom_tubes_p50_ao15_am18_5_m25_ao15_am16_1,15,9,SATISFIED,1.0154,433740.0,10087.0
SAL-Ei-LM,bom_tubes_p50_ao15_am18_5_m25_ao15_am16_1,15,10,SATISFIED,1.0152,415150.0,10052.0
SAL-Ei-LM,bom_tubes_p50_ao15_am18_5_m25_ao15_am16_3,15,1,SATISFIED,1.0156,38732.0,10926.0
SAL-Ei-LM,bom_tubes_p50_ao15_am18_5_m25_ao15_am16_3,15,2,SATISFIED,1.0154,38770.0,11871.0
SAL-Ei-LM,bom_tubes_p50_ao15_am18_5_m25_ao15_am16_3,15,3,SATISFIED,1.0141,38759.0,11170.0
SAL-Ei-LM,bom_tubes_p50_ao15_am18_5_m25_ao15_am16_3,15,4,SATISFIED,1.0139,38664.0,11802.0
SAL-Ei-LM,bom_tubes_p50_ao15_am18_5_m25_ao15_am16_3,15,5,SATISFIED,1.0149,38760.0,6349.0
SAL-Ei-LM,bom_tubes_p50_ao15_am18_5_m25_ao15_am16_3,15,6,SATISFIED,1.0166,38846.0,6030.0
SAL-Ei-LM,bom_tubes_p50_ao15_am18_5_m25_ao15_am16_3,15,7,SATISFIED,1.0165,38993.0,6238.0
SAL-Ei-LM,bom_tubes_p50_ao15_am18_5_m25_ao15_am16_3,15,8,SATISFIED,1.0154,38520.0,6074.0
SAL-Ei-LM,bom_tubes_p50_ao15_am18_5_m25_ao15_am16_3,15,9,SATISFIED,1.0164,38601.0,6847.0
SAL-Ei-LM,bom_tubes_p50_ao15_am18_5_m25_ao15_am16_3,15,10,SATISFIED,1.0132,38604.0,11278.0
SAL-Ei-LM,bom_tubes_p50_ao15_am18_5_m25_ao15_am17_2,15,1,SATISFIED,1.0136,20885.0,10230.0
SAL-Ei-LM,bom_tubes_p50_ao15_am18_5_m25_ao15_am17_2,15,2,SATISFIED,1.0158,21121.0,5106.0
SAL-Ei-LM,bom_tubes_p50_ao15_am18_5_m25_ao15_am17_2,15,3,SATISFIED,1.016,20881.0,5820.0
SAL-Ei-LM,bom_tubes_p50_ao15_am18_5_m25_ao15_am17_2,15,4,SATISFIED,1.0162,20911.0,9480.0
SAL-Ei-LM,bom_tubes_p50_ao15_am18_5_m25_ao15_am17_2,15,5,SATISFIED,1.0155,21079.0,10024.0
SAL-Ei-LM,bom_tubes_p50_ao15_am18_5_m25_ao15_am17_2,15,6,SATISFIED,1.0154,20881.0,10486.0
SAL-Ei-LM,bom_tubes_p50_ao15_am18_5_m25_ao15_am17_2,15,7,SATISFIED,1.0151,21145.0,10233.0
SAL-Ei-LM,bom_tubes_p50_ao15_am18_5_m25_ao15_am17_2,15,8,SATISFIED,1.0158,21005.0,10418.0
SAL-Ei-LM,bom_tubes_p50_ao15_am18_5_m25_ao15_am17_2,15,9,SATISFIED,1.0146,21067.0,10438.0
SAL-Ei-LM,bom_tubes_p50_ao15_am18_5_m25_ao15_am17_2,15,10,SATISFIED,1.0161,20961.0,10280.0
SAL-Ei-LM,bom_tubes_p50_ao15_am18_5_m25_ao15_am17_4,15,1,SATISFIED,1.0142,168337.0,10950.0
SAL-Ei-LM,bom_tubes_p50_ao15_am18_5_m25_ao15_am17_4,15,2,SATISFIED,1.014,150469.0,10796.0
SAL-Ei-LM,bom_tubes_p50_ao15_am18_5_m25_ao15_am17_4,15,3,SATISFIED,1.015,138982.0,10831.0
SAL-Ei-LM,bom_tubes_p50_ao15_am18_5_m25_ao15_am17_4,15,4,SATISFIED,1.0134,167972.0,10795.0
SAL-Ei-LM,bom_tubes_p50_ao15_am18_5_m25_ao15_am17_4,15,5,SATISFIED,1.0156,170585.0,10908.0
SAL-Ei-LM,bom_tubes_p50_ao15_am18_5_m25_ao15_am17_4,15,6,SATISFIED,1.0155,155201.0,10792.0
SAL-Ei-LM,bom_tubes_p50_ao15_am18_5_m25_ao15_am17_4,15,7,SATISFIED,1.0154,139265.0,11287.0
SAL-Ei-LM,bom_tubes_p50_ao15_am18_5_m25_ao15_am17_4,15,8,SATISFIED,1.0142,139169.0,11415.0
SAL-Ei-LM,bom_tubes_p50_ao15_am18_5_m25_ao15_am17_4,15,9,SATISFIED,1.0174,152273.0,5832.0
SAL-Ei-LM,bom_tubes_p50_ao15_am18_5_m25_ao15_am17_4,15,10,SATISFIED,1.0178,162967.0,5958.0
SAL-Ei-LM,bom_tubes_p50_ao15_am18_5_m25_ao15_am19_5,15,1,SATISFIED,1.0149,40437.0,6935.0
SAL-Ei-LM,bom_tubes_p50_ao15_am18_5_m25_ao15_am19_5,15,2,SATISFIED,1.0142,41353.0,10003.0
SAL-Ei-LM,bom_tubes_p50_ao15_am18_5_m25_ao15_am19_5,15,3,SATISFIED,1.0158,41205.0,5268.0
SAL-Ei-LM,bom_tubes_p50_ao15_am18_5_m25_ao15_am19_5,15,4,SATISFIED,1.0148,41029.0,5290.0
SAL-Ei-LM,bom_tubes_p50_ao15_am18_5_m25_ao15_am19_5,15,5,SATISFIED,1.0169,41067.0,5139.0
SAL-Ei-LM,bom_tubes_p50_ao15_am18_5_m25_ao15_am19_5,15,6,SATISFIED,1.018,40675.0,5255.0
SAL-Ei-LM,bom_tubes_p50_ao15_am18_5_m25_ao15_am19_5,15,7,SATISFIED,1.0152,40833.0,6523.0
SAL-Ei-LM,bom_tubes_p50_ao15_am18_5_m25_ao15_am19_5,15,8,SATISFIED,1.0133,40764.0,9933.0
SAL-Ei-LM,bom_tubes_p50_ao15_am18_5_m25_ao15_am19_5,15,9,SATISFIED,1.0129,41466.0,10050.0
SAL-Ei-LM,bom_tubes_p50_ao15_am18_5_m25_ao15_am19_5,15,10,SATISFIED,1.0129,40432.0,9995.0
