Algorithm,Bom,Nodes,AttemptNr,Status,Time,Makespan,Iterations
SAL-Ei-LM,bom_tubes_p10_ao11_am18_1,11,1,SATISFIED,5.0147,44751.0,66354.0
SAL-Ei-LM,bom_tubes_p10_ao11_am18_1,11,2,SATISFIED,5.0137,45446.0,53510.0
SAL-Ei-LM,bom_tubes_p10_ao11_am18_1,11,3,SATISFIED,5.0163,46213.0,65535.0
SAL-Ei-LM,bom_tubes_p10_ao11_am18_1,11,4,SATISFIED,5.0141,40931.0,65830.0
SAL-Ei-LM,bom_tubes_p10_ao11_am18_1,11,5,SATISFIED,5.014,45882.0,62999.0
SAL-Ei-LM,bom_tubes_p10_ao11_am18_1,11,6,SATISFIED,5.0137,45072.0,65625.0
SAL-Ei-LM,bom_tubes_p10_ao11_am18_1,11,7,SATISFIED,5.0132,48431.0,53429.0
SAL-Ei-LM,bom_tubes_p10_ao11_am18_1,11,8,SATISFIED,5.0109,44321.0,52256.0
SAL-Ei-LM,bom_tubes_p10_ao11_am18_1,11,9,SATISFIED,5.0127,40762.0,52491.0
SAL-Ei-LM,bom_tubes_p10_ao11_am18_1,11,10,SATISFIED,5.0151,44326.0,52150.0
SAL-Ei-LM,bom_tubes_p10_ao11_am18_1_m10_ao11_am8_1,11,1,SATISFIED,5.0175,115128.0,37315.0
SAL-Ei-LM,bom_tubes_p10_ao11_am18_1_m10_ao11_am8_1,11,2,SATISFIED,5.0156,115223.0,47683.0
SAL-Ei-LM,bom_tubes_p10_ao11_am18_1_m10_ao11_am8_1,11,3,SATISFIED,5.0145,115359.0,32040.0
SAL-Ei-LM,bom_tubes_p10_ao11_am18_1_m10_ao11_am8_1,11,4,SATISFIED,5.0139,115377.0,56109.0
SAL-Ei-LM,bom_tubes_p10_ao11_am18_1_m10_ao11_am8_1,11,5,SATISFIED,5.0155,115499.0,46737.0
SAL-Ei-LM,bom_tubes_p10_ao11_am18_1_m10_ao11_am8_1,11,6,SATISFIED,5.0141,115416.0,36357.0
SAL-Ei-LM,bom_tubes_p10_ao11_am18_1_m10_ao11_am8_1,11,7,SATISFIED,5.013,115303.0,36140.0
SAL-Ei-LM,bom_tubes_p10_ao11_am18_1_m10_ao11_am8_1,11,8,SATISFIED,5.0135,115358.0,50017.0
SAL-Ei-LM,bom_tubes_p10_ao11_am18_1_m10_ao11_am8_1,11,9,SATISFIED,5.0146,115247.0,56354.0
SAL-Ei-LM,bom_tubes_p10_ao11_am18_1_m10_ao11_am8_1,11,10,SATISFIED,5.0147,115757.0,52952.0
SAL-Ei-LM,bom_tubes_p10_ao11_am18_1_m10_ao11_am8_3,11,1,SATISFIED,5.0192,35162.0,34645.0
SAL-Ei-LM,bom_tubes_p10_ao11_am18_1_m10_ao11_am8_3,11,2,SATISFIED,5.0204,34999.0,50816.0
SAL-Ei-LM,bom_tubes_p10_ao11_am18_1_m10_ao11_am8_3,11,3,SATISFIED,5.0217,34946.0,34094.0
SAL-Ei-LM,bom_tubes_p10_ao11_am18_1_m10_ao11_am8_3,11,4,SATISFIED,5.0166,34972.0,50852.0
SAL-Ei-LM,bom_tubes_p10_ao11_am18_1_m10_ao11_am8_3,11,5,SATISFIED,5.0183,35154.0,31953.0
SAL-Ei-LM,bom_tubes_p10_ao11_am18_1_m10_ao11_am8_3,11,6,SATISFIED,5.0175,35138.0,51523.0
SAL-Ei-LM,bom_tubes_p10_ao11_am18_1_m10_ao11_am8_3,11,7,SATISFIED,5.015,35225.0,50659.0
SAL-Ei-LM,bom_tubes_p10_ao11_am18_1_m10_ao11_am8_3,11,8,SATISFIED,5.0156,34933.0,50968.0
SAL-Ei-LM,bom_tubes_p10_ao11_am18_1_m10_ao11_am8_3,11,9,SATISFIED,5.0163,35042.0,36455.0
SAL-Ei-LM,bom_tubes_p10_ao11_am18_1_m10_ao11_am8_3,11,10,SATISFIED,5.0166,34962.0,49850.0
SAL-Ei-LM,bom_tubes_p10_ao11_am18_1_m10_ao11_am9_4,11,1,SATISFIED,5.0166,22717.0,41811.0
SAL-Ei-LM,bom_tubes_p10_ao11_am18_1_m10_ao11_am9_4,11,2,SATISFIED,5.016,22648.0,40493.0
SAL-Ei-LM,bom_tubes_p10_ao11_am18_1_m10_ao11_am9_4,11,3,SATISFIED,5.0158,22474.0,37585.0
SAL-Ei-LM,bom_tubes_p10_ao11_am18_1_m10_ao11_am9_4,11,4,SATISFIED,5.0141,23266.0,41376.0
SAL-Ei-LM,bom_tubes_p10_ao11_am18_1_m10_ao11_am9_4,11,5,SATISFIED,5.0157,22690.0,40405.0
SAL-Ei-LM,bom_tubes_p10_ao11_am18_1_m10_ao11_am9_4,11,6,SATISFIED,5.0181,22420.0,40325.0
SAL-Ei-LM,bom_tubes_p10_ao11_am18_1_m10_ao11_am9_4,11,7,SATISFIED,5.0145,22609.0,50307.0
SAL-Ei-LM,bom_tubes_p10_ao11_am18_1_m10_ao11_am9_4,11,8,SATISFIED,5.014,22663.0,40893.0
SAL-Ei-LM,bom_tubes_p10_ao11_am18_1_m10_ao11_am9_4,11,9,SATISFIED,5.0173,22420.0,48754.0
SAL-Ei-LM,bom_tubes_p10_ao11_am18_1_m10_ao11_am9_4,11,10,SATISFIED,5.021,22663.0,40641.0
SAL-Ei-LM,bom_tubes_p10_ao11_am18_1_m10_ao11_am10_2,11,1,SATISFIED,5.0167,122731.0,62617.0
SAL-Ei-LM,bom_tubes_p10_ao11_am18_1_m10_ao11_am10_2,11,2,SATISFIED,5.0166,122731.0,62927.0
SAL-Ei-LM,bom_tubes_p10_ao11_am18_1_m10_ao11_am10_2,11,3,SATISFIED,5.0219,122731.0,37767.0
SAL-Ei-LM,bom_tubes_p10_ao11_am18_1_m10_ao11_am10_2,11,4,SATISFIED,5.0185,122731.0,61651.0
SAL-Ei-LM,bom_tubes_p10_ao11_am18_1_m10_ao11_am10_2,11,5,SATISFIED,5.0151,122731.0,55622.0
SAL-Ei-LM,bom_tubes_p10_ao11_am18_1_m10_ao11_am10_2,11,6,SATISFIED,5.0129,122731.0,63108.0
SAL-Ei-LM,bom_tubes_p10_ao11_am18_1_m10_ao11_am10_2,11,7,SATISFIED,5.0158,122731.0,62654.0
SAL-Ei-LM,bom_tubes_p10_ao11_am18_1_m10_ao11_am10_2,11,8,SATISFIED,5.0208,122731.0,40200.0
SAL-Ei-LM,bom_tubes_p10_ao11_am18_1_m10_ao11_am10_2,11,9,SATISFIED,5.0182,122731.0,50830.0
SAL-Ei-LM,bom_tubes_p10_ao11_am18_1_m10_ao11_am10_2,11,10,SATISFIED,5.013,122731.0,62886.0
SAL-Ei-LM,bom_tubes_p10_ao11_am18_1_m10_ao11_am10_5,11,1,SATISFIED,5.0146,24753.0,41918.0
SAL-Ei-LM,bom_tubes_p10_ao11_am18_1_m10_ao11_am10_5,11,2,SATISFIED,5.0163,24581.0,42501.0
SAL-Ei-LM,bom_tubes_p10_ao11_am18_1_m10_ao11_am10_5,11,3,SATISFIED,5.0183,24379.0,39684.0
SAL-Ei-LM,bom_tubes_p10_ao11_am18_1_m10_ao11_am10_5,11,4,SATISFIED,5.0177,24549.0,51675.0
SAL-Ei-LM,bom_tubes_p10_ao11_am18_1_m10_ao11_am10_5,11,5,SATISFIED,5.0197,24883.0,51229.0
SAL-Ei-LM,bom_tubes_p10_ao11_am18_1_m10_ao11_am10_5,11,6,SATISFIED,5.0172,24511.0,41172.0
SAL-Ei-LM,bom_tubes_p10_ao11_am18_1_m10_ao11_am10_5,11,7,SATISFIED,5.0134,24325.0,52403.0
SAL-Ei-LM,bom_tubes_p10_ao11_am18_1_m10_ao11_am10_5,11,8,SATISFIED,5.0165,24687.0,42802.0
SAL-Ei-LM,bom_tubes_p10_ao11_am18_1_m10_ao11_am10_5,11,9,SATISFIED,5.0173,24653.0,41319.0
SAL-Ei-LM,bom_tubes_p10_ao11_am18_1_m10_ao11_am10_5,11,10,SATISFIED,5.018,24153.0,41965.0
SAL-Ei-LM,bom_tubes_p10_ao11_am18_1_m25_ao11_am19_2,11,1,SATISFIED,5.0122,16992.0,44396.0
SAL-Ei-LM,bom_tubes_p10_ao11_am18_1_m25_ao11_am19_2,11,2,SATISFIED,5.0113,16853.0,44225.0
SAL-Ei-LM,bom_tubes_p10_ao11_am18_1_m25_ao11_am19_2,11,3,SATISFIED,5.0143,17229.0,44697.0
SAL-Ei-LM,bom_tubes_p10_ao11_am18_1_m25_ao11_am19_2,11,4,SATISFIED,5.0142,17091.0,36721.0
SAL-Ei-LM,bom_tubes_p10_ao11_am18_1_m25_ao11_am19_2,11,5,SATISFIED,5.0146,16896.0,36551.0
SAL-Ei-LM,bom_tubes_p10_ao11_am18_1_m25_ao11_am19_2,11,6,SATISFIED,5.0146,17332.0,35709.0
SAL-Ei-LM,bom_tubes_p10_ao11_am18_1_m25_ao11_am19_2,11,7,SATISFIED,5.0162,17156.0,37397.0
SAL-Ei-LM,bom_tubes_p10_ao11_am18_1_m25_ao11_am19_2,11,8,SATISFIED,5.0176,17532.0,40718.0
SAL-Ei-LM,bom_tubes_p10_ao11_am18_1_m25_ao11_am19_2,11,9,SATISFIED,5.0161,17039.0,36506.0
SAL-Ei-LM,bom_tubes_p10_ao11_am18_1_m25_ao11_am19_2,11,10,SATISFIED,5.0137,17418.0,36733.0
SAL-Ei-LM,bom_tubes_p10_ao11_am18_1_m25_ao11_am21_3,11,1,SATISFIED,5.0152,63970.0,44879.0
SAL-Ei-LM,bom_tubes_p10_ao11_am18_1_m25_ao11_am21_3,11,2,SATISFIED,5.0151,63747.0,45300.0
SAL-Ei-LM,bom_tubes_p10_ao11_am18_1_m25_ao11_am21_3,11,3,SATISFIED,5.0149,57151.0,45203.0
SAL-Ei-LM,bom_tubes_p10_ao11_am18_1_m25_ao11_am21_3,11,4,SATISFIED,5.0165,63821.0,30733.0
SAL-Ei-LM,bom_tubes_p10_ao11_am18_1_m25_ao11_am21_3,11,5,SATISFIED,5.0171,60658.0,38091.0
SAL-Ei-LM,bom_tubes_p10_ao11_am18_1_m25_ao11_am21_3,11,6,SATISFIED,5.0152,61581.0,44589.0
SAL-Ei-LM,bom_tubes_p10_ao11_am18_1_m25_ao11_am21_3,11,7,SATISFIED,5.0149,57003.0,45700.0
SAL-Ei-LM,bom_tubes_p10_ao11_am18_1_m25_ao11_am21_3,11,8,SATISFIED,5.0142,60057.0,44368.0
SAL-Ei-LM,bom_tubes_p10_ao11_am18_1_m25_ao11_am21_3,11,9,SATISFIED,5.0157,57654.0,44881.0
SAL-Ei-LM,bom_tubes_p10_ao11_am18_1_m25_ao11_am21_3,11,10,SATISFIED,5.0135,59482.0,36715.0
SAL-Ei-LM,bom_tubes_p10_ao11_am18_1_m25_ao11_am21_5,11,1,SATISFIED,5.0156,31704.0,37082.0
SAL-Ei-LM,bom_tubes_p10_ao11_am18_1_m25_ao11_am21_5,11,2,SATISFIED,5.015,32772.0,28256.0
SAL-Ei-LM,bom_tubes_p10_ao11_am18_1_m25_ao11_am21_5,11,3,SATISFIED,5.0114,34219.0,44184.0
SAL-Ei-LM,bom_tubes_p10_ao11_am18_1_m25_ao11_am21_5,11,4,SATISFIED,5.0103,31700.0,44668.0
SAL-Ei-LM,bom_tubes_p10_ao11_am18_1_m25_ao11_am21_5,11,5,SATISFIED,5.0105,32817.0,44371.0
SAL-Ei-LM,bom_tubes_p10_ao11_am18_1_m25_ao11_am21_5,11,6,SATISFIED,5.0136,31849.0,31869.0
SAL-Ei-LM,bom_tubes_p10_ao11_am18_1_m25_ao11_am21_5,11,7,SATISFIED,5.0134,31806.0,35640.0
SAL-Ei-LM,bom_tubes_p10_ao11_am18_1_m25_ao11_am21_5,11,8,SATISFIED,5.0106,31670.0,41052.0
SAL-Ei-LM,bom_tubes_p10_ao11_am18_1_m25_ao11_am21_5,11,9,SATISFIED,5.0124,30887.0,34641.0
SAL-Ei-LM,bom_tubes_p10_ao11_am18_1_m25_ao11_am21_5,11,10,SATISFIED,5.0129,31686.0,35692.0
SAL-Ei-LM,bom_tubes_p10_ao11_am18_1_m25_ao11_am22_1,11,1,SATISFIED,5.0137,51829.0,35258.0
SAL-Ei-LM,bom_tubes_p10_ao11_am18_1_m25_ao11_am22_1,11,2,SATISFIED,5.0161,58332.0,32416.0
SAL-Ei-LM,bom_tubes_p10_ao11_am18_1_m25_ao11_am22_1,11,3,SATISFIED,5.0135,52293.0,43879.0
SAL-Ei-LM,bom_tubes_p10_ao11_am18_1_m25_ao11_am22_1,11,4,SATISFIED,5.0138,55236.0,42819.0
SAL-Ei-LM,bom_tubes_p10_ao11_am18_1_m25_ao11_am22_1,11,5,SATISFIED,5.0158,57319.0,30038.0
SAL-Ei-LM,bom_tubes_p10_ao11_am18_1_m25_ao11_am22_1,11,6,SATISFIED,5.0162,55962.0,35950.0
SAL-Ei-LM,bom_tubes_p10_ao11_am18_1_m25_ao11_am22_1,11,7,SATISFIED,5.015,52918.0,44735.0
SAL-Ei-LM,bom_tubes_p10_ao11_am18_1_m25_ao11_am22_1,11,8,SATISFIED,5.0154,58151.0,36358.0
SAL-Ei-LM,bom_tubes_p10_ao11_am18_1_m25_ao11_am22_1,11,9,SATISFIED,5.0155,58404.0,35642.0
SAL-Ei-LM,bom_tubes_p10_ao11_am18_1_m25_ao11_am22_1,11,10,SATISFIED,5.0123,57087.0,44746.0
SAL-Ei-LM,bom_tubes_p10_ao11_am18_1_m25_ao11_am22_4,11,1,SATISFIED,5.0144,18525.0,43967.0
SAL-Ei-LM,bom_tubes_p10_ao11_am18_1_m25_ao11_am22_4,11,2,SATISFIED,5.0125,16267.0,45840.0
SAL-Ei-LM,bom_tubes_p10_ao11_am18_1_m25_ao11_am22_4,11,3,SATISFIED,5.0136,15232.0,44786.0
SAL-Ei-LM,bom_tubes_p10_ao11_am18_1_m25_ao11_am22_4,11,4,SATISFIED,5.0138,16244.0,43316.0
SAL-Ei-LM,bom_tubes_p10_ao11_am18_1_m25_ao11_am22_4,11,5,SATISFIED,5.0128,17629.0,45478.0
SAL-Ei-LM,bom_tubes_p10_ao11_am18_1_m25_ao11_am22_4,11,6,SATISFIED,5.0157,16122.0,43379.0
SAL-Ei-LM,bom_tubes_p10_ao11_am18_1_m25_ao11_am22_4,11,7,SATISFIED,5.0147,18860.0,46382.0
SAL-Ei-LM,bom_tubes_p10_ao11_am18_1_m25_ao11_am22_4,11,8,SATISFIED,5.0139,16868.0,46282.0
SAL-Ei-LM,bom_tubes_p10_ao11_am18_1_m25_ao11_am22_4,11,9,SATISFIED,5.0132,16910.0,46175.0
SAL-Ei-LM,bom_tubes_p10_ao11_am18_1_m25_ao11_am22_4,11,10,SATISFIED,5.0126,15746.0,46227.0
SAL-Ei-LM,bom_tubes_p10_ao11_am18_2,11,1,SATISFIED,5.0128,49598.0,66302.0
SAL-Ei-LM,bom_tubes_p10_ao11_am18_2,11,2,SATISFIED,5.0148,48971.0,53245.0
SAL-Ei-LM,bom_tubes_p10_ao11_am18_2,11,3,SATISFIED,5.0146,48893.0,47352.0
SAL-Ei-LM,bom_tubes_p10_ao11_am18_2,11,4,SATISFIED,5.016,48851.0,60854.0
SAL-Ei-LM,bom_tubes_p10_ao11_am18_2,11,5,SATISFIED,5.0162,48891.0,63825.0
SAL-Ei-LM,bom_tubes_p10_ao11_am18_2,11,6,SATISFIED,5.0153,50131.0,52010.0
SAL-Ei-LM,bom_tubes_p10_ao11_am18_2,11,7,SATISFIED,5.0117,49131.0,51894.0
SAL-Ei-LM,bom_tubes_p10_ao11_am18_2,11,8,SATISFIED,5.014,50211.0,65896.0
SAL-Ei-LM,bom_tubes_p10_ao11_am18_2,11,9,SATISFIED,5.0158,49291.0,66010.0
SAL-Ei-LM,bom_tubes_p10_ao11_am18_2,11,10,SATISFIED,5.0146,49931.0,65736.0
SAL-Ei-LM,bom_tubes_p10_ao11_am18_2_m10_ao11_am8_2,11,1,SATISFIED,5.0129,47090.0,65282.0
SAL-Ei-LM,bom_tubes_p10_ao11_am18_2_m10_ao11_am8_2,11,2,SATISFIED,5.0125,47090.0,64900.0
SAL-Ei-LM,bom_tubes_p10_ao11_am18_2_m10_ao11_am8_2,11,3,SATISFIED,5.0123,47090.0,63578.0
SAL-Ei-LM,bom_tubes_p10_ao11_am18_2_m10_ao11_am8_2,11,4,SATISFIED,5.0141,47090.0,65914.0
SAL-Ei-LM,bom_tubes_p10_ao11_am18_2_m10_ao11_am8_2,11,5,SATISFIED,5.0159,47090.0,65120.0
SAL-Ei-LM,bom_tubes_p10_ao11_am18_2_m10_ao11_am8_2,11,6,SATISFIED,5.0134,47090.0,64768.0
SAL-Ei-LM,bom_tubes_p10_ao11_am18_2_m10_ao11_am8_2,11,7,SATISFIED,5.0152,47090.0,65074.0
SAL-Ei-LM,bom_tubes_p10_ao11_am18_2_m10_ao11_am8_2,11,8,SATISFIED,5.0144,47090.0,64044.0
SAL-Ei-LM,bom_tubes_p10_ao11_am18_2_m10_ao11_am8_2,11,9,SATISFIED,5.0134,47090.0,62809.0
SAL-Ei-LM,bom_tubes_p10_ao11_am18_2_m10_ao11_am8_2,11,10,SATISFIED,5.0141,47090.0,51832.0
SAL-Ei-LM,bom_tubes_p10_ao11_am18_2_m10_ao11_am9_1,11,1,SATISFIED,5.0155,46340.0,56619.0
SAL-Ei-LM,bom_tubes_p10_ao11_am18_2_m10_ao11_am9_1,11,2,SATISFIED,5.0144,46144.0,45622.0
SAL-Ei-LM,bom_tubes_p10_ao11_am18_2_m10_ao11_am9_1,11,3,SATISFIED,5.0165,46221.0,37316.0
SAL-Ei-LM,bom_tubes_p10_ao11_am18_2_m10_ao11_am9_1,11,4,SATISFIED,5.0138,46221.0,57372.0
SAL-Ei-LM,bom_tubes_p10_ao11_am18_2_m10_ao11_am9_1,11,5,SATISFIED,5.0143,46498.0,46250.0
SAL-Ei-LM,bom_tubes_p10_ao11_am18_2_m10_ao11_am9_1,11,6,SATISFIED,5.0163,45898.0,47065.0
SAL-Ei-LM,bom_tubes_p10_ao11_am18_2_m10_ao11_am9_1,11,7,SATISFIED,5.0132,46525.0,58360.0
SAL-Ei-LM,bom_tubes_p10_ao11_am18_2_m10_ao11_am9_1,11,8,SATISFIED,5.0157,46531.0,58312.0
SAL-Ei-LM,bom_tubes_p10_ao11_am18_2_m10_ao11_am9_1,11,9,SATISFIED,5.0143,46525.0,58387.0
SAL-Ei-LM,bom_tubes_p10_ao11_am18_2_m10_ao11_am9_1,11,10,SATISFIED,5.0137,46069.0,57491.0
SAL-Ei-LM,bom_tubes_p10_ao11_am18_2_m10_ao11_am9_3,11,1,SATISFIED,5.0132,20265.0,53876.0
SAL-Ei-LM,bom_tubes_p10_ao11_am18_2_m10_ao11_am9_3,11,2,SATISFIED,5.0171,20012.0,54266.0
SAL-Ei-LM,bom_tubes_p10_ao11_am18_2_m10_ao11_am9_3,11,3,SATISFIED,5.0145,20007.0,53369.0
SAL-Ei-LM,bom_tubes_p10_ao11_am18_2_m10_ao11_am9_3,11,4,SATISFIED,5.0142,20056.0,66705.0
SAL-Ei-LM,bom_tubes_p10_ao11_am18_2_m10_ao11_am9_3,11,5,SATISFIED,5.013,20121.0,65696.0
SAL-Ei-LM,bom_tubes_p10_ao11_am18_2_m10_ao11_am9_3,11,6,SATISFIED,5.0166,20292.0,41534.0
SAL-Ei-LM,bom_tubes_p10_ao11_am18_2_m10_ao11_am9_3,11,7,SATISFIED,5.0165,20144.0,60470.0
SAL-Ei-LM,bom_tubes_p10_ao11_am18_2_m10_ao11_am9_3,11,8,SATISFIED,5.0156,20316.0,42429.0
SAL-Ei-LM,bom_tubes_p10_ao11_am18_2_m10_ao11_am9_3,11,9,SATISFIED,5.0136,20432.0,66183.0
SAL-Ei-LM,bom_tubes_p10_ao11_am18_2_m10_ao11_am9_3,11,10,SATISFIED,5.0154,20172.0,49278.0
SAL-Ei-LM,bom_tubes_p10_ao11_am18_2_m10_ao11_am10_4,11,1,SATISFIED,5.011,16456.0,50262.0
SAL-Ei-LM,bom_tubes_p10_ao11_am18_2_m10_ao11_am10_4,11,2,SATISFIED,5.0129,16657.0,49217.0
SAL-Ei-LM,bom_tubes_p10_ao11_am18_2_m10_ao11_am10_4,11,3,SATISFIED,5.0142,16634.0,47976.0
SAL-Ei-LM,bom_tubes_p10_ao11_am18_2_m10_ao11_am10_4,11,4,SATISFIED,5.0139,16612.0,47386.0
SAL-Ei-LM,bom_tubes_p10_ao11_am18_2_m10_ao11_am10_4,11,5,SATISFIED,5.0145,16690.0,50270.0
SAL-Ei-LM,bom_tubes_p10_ao11_am18_2_m10_ao11_am10_4,11,6,SATISFIED,5.0189,16638.0,38563.0
SAL-Ei-LM,bom_tubes_p10_ao11_am18_2_m10_ao11_am10_4,11,7,SATISFIED,5.0219,16453.0,49365.0
SAL-Ei-LM,bom_tubes_p10_ao11_am18_2_m10_ao11_am10_4,11,8,SATISFIED,5.0166,16644.0,49525.0
SAL-Ei-LM,bom_tubes_p10_ao11_am18_2_m10_ao11_am10_4,11,9,SATISFIED,5.0158,16717.0,41124.0
SAL-Ei-LM,bom_tubes_p10_ao11_am18_2_m10_ao11_am10_4,11,10,SATISFIED,5.0167,16588.0,42275.0
SAL-Ei-LM,bom_tubes_p10_ao11_am18_2_m10_ao11_am10_5,11,1,SATISFIED,5.0153,34767.0,48427.0
SAL-Ei-LM,bom_tubes_p10_ao11_am18_2_m10_ao11_am10_5,11,2,SATISFIED,5.0149,34029.0,52188.0
SAL-Ei-LM,bom_tubes_p10_ao11_am18_2_m10_ao11_am10_5,11,3,SATISFIED,5.0161,34115.0,52158.0
SAL-Ei-LM,bom_tubes_p10_ao11_am18_2_m10_ao11_am10_5,11,4,SATISFIED,5.0151,34603.0,52347.0
SAL-Ei-LM,bom_tubes_p10_ao11_am18_2_m10_ao11_am10_5,11,5,SATISFIED,5.014,34961.0,51950.0
SAL-Ei-LM,bom_tubes_p10_ao11_am18_2_m10_ao11_am10_5,11,6,SATISFIED,5.0123,34661.0,53853.0
SAL-Ei-LM,bom_tubes_p10_ao11_am18_2_m10_ao11_am10_5,11,7,SATISFIED,5.0136,33955.0,52593.0
SAL-Ei-LM,bom_tubes_p10_ao11_am18_2_m10_ao11_am10_5,11,8,SATISFIED,5.0196,34999.0,40949.0
SAL-Ei-LM,bom_tubes_p10_ao11_am18_2_m10_ao11_am10_5,11,9,SATISFIED,5.0223,34155.0,41475.0
SAL-Ei-LM,bom_tubes_p10_ao11_am18_2_m10_ao11_am10_5,11,10,SATISFIED,5.0167,34527.0,52688.0
SAL-Ei-LM,bom_tubes_p10_ao11_am18_2_m25_ao11_am17_2,11,1,SATISFIED,5.018,39995.0,39575.0
SAL-Ei-LM,bom_tubes_p10_ao11_am18_2_m25_ao11_am17_2,11,2,SATISFIED,5.0171,39467.0,38447.0
SAL-Ei-LM,bom_tubes_p10_ao11_am18_2_m25_ao11_am17_2,11,3,SATISFIED,5.0163,39944.0,43084.0
SAL-Ei-LM,bom_tubes_p10_ao11_am18_2_m25_ao11_am17_2,11,4,SATISFIED,5.0154,42275.0,38348.0
SAL-Ei-LM,bom_tubes_p10_ao11_am18_2_m25_ao11_am17_2,11,5,SATISFIED,5.0142,39144.0,44217.0
SAL-Ei-LM,bom_tubes_p10_ao11_am18_2_m25_ao11_am17_2,11,6,SATISFIED,5.0142,40268.0,45256.0
SAL-Ei-LM,bom_tubes_p10_ao11_am18_2_m25_ao11_am17_2,11,7,SATISFIED,5.0162,40780.0,44777.0
SAL-Ei-LM,bom_tubes_p10_ao11_am18_2_m25_ao11_am17_2,11,8,SATISFIED,5.0147,37485.0,44645.0
SAL-Ei-LM,bom_tubes_p10_ao11_am18_2_m25_ao11_am17_2,11,9,SATISFIED,5.0151,36555.0,44192.0
SAL-Ei-LM,bom_tubes_p10_ao11_am18_2_m25_ao11_am17_2,11,10,SATISFIED,5.0645,38711.0,30298.0
SAL-Ei-LM,bom_tubes_p10_ao11_am18_2_m25_ao11_am21_1,11,1,SATISFIED,5.0189,18227.0,35876.0
SAL-Ei-LM,bom_tubes_p10_ao11_am18_2_m25_ao11_am21_1,11,2,SATISFIED,5.0143,18360.0,43394.0
SAL-Ei-LM,bom_tubes_p10_ao11_am18_2_m25_ao11_am21_1,11,3,SATISFIED,5.0143,19192.0,43690.0
SAL-Ei-LM,bom_tubes_p10_ao11_am18_2_m25_ao11_am21_1,11,4,SATISFIED,5.0162,18531.0,34268.0
SAL-Ei-LM,bom_tubes_p10_ao11_am18_2_m25_ao11_am21_1,11,5,SATISFIED,5.0157,19424.0,44439.0
SAL-Ei-LM,bom_tubes_p10_ao11_am18_2_m25_ao11_am21_1,11,6,SATISFIED,5.0155,18885.0,44901.0
SAL-Ei-LM,bom_tubes_p10_ao11_am18_2_m25_ao11_am21_1,11,7,SATISFIED,5.0135,18201.0,40379.0
SAL-Ei-LM,bom_tubes_p10_ao11_am18_2_m25_ao11_am21_1,11,8,SATISFIED,5.0179,18593.0,28203.0
SAL-Ei-LM,bom_tubes_p10_ao11_am18_2_m25_ao11_am21_1,11,9,SATISFIED,5.0184,18872.0,30216.0
SAL-Ei-LM,bom_tubes_p10_ao11_am18_2_m25_ao11_am21_1,11,10,SATISFIED,5.019,18223.0,29838.0
SAL-Ei-LM,bom_tubes_p10_ao11_am18_2_m25_ao11_am21_3,11,1,SATISFIED,5.0144,55607.0,31663.0
SAL-Ei-LM,bom_tubes_p10_ao11_am18_2_m25_ao11_am21_3,11,2,SATISFIED,5.0165,55713.0,33654.0
SAL-Ei-LM,bom_tubes_p10_ao11_am18_2_m25_ao11_am21_3,11,3,SATISFIED,5.0143,55271.0,36324.0
SAL-Ei-LM,bom_tubes_p10_ao11_am18_2_m25_ao11_am21_3,11,4,SATISFIED,5.017,53867.0,46158.0
SAL-Ei-LM,bom_tubes_p10_ao11_am18_2_m25_ao11_am21_3,11,5,SATISFIED,5.018,52675.0,42542.0
SAL-Ei-LM,bom_tubes_p10_ao11_am18_2_m25_ao11_am21_3,11,6,SATISFIED,5.0153,49315.0,39236.0
SAL-Ei-LM,bom_tubes_p10_ao11_am18_2_m25_ao11_am21_3,11,7,SATISFIED,5.0159,58055.0,45886.0
SAL-Ei-LM,bom_tubes_p10_ao11_am18_2_m25_ao11_am21_3,11,8,SATISFIED,5.0152,52903.0,46118.0
SAL-Ei-LM,bom_tubes_p10_ao11_am18_2_m25_ao11_am21_3,11,9,SATISFIED,5.0146,50000.0,44133.0
SAL-Ei-LM,bom_tubes_p10_ao11_am18_2_m25_ao11_am21_3,11,10,SATISFIED,5.0153,57472.0,43256.0
SAL-Ei-LM,bom_tubes_p10_ao11_am18_2_m25_ao11_am23_4,11,1,SATISFIED,5.0169,37686.0,36043.0
SAL-Ei-LM,bom_tubes_p10_ao11_am18_2_m25_ao11_am23_4,11,2,SATISFIED,5.0164,39353.0,34290.0
SAL-Ei-LM,bom_tubes_p10_ao11_am18_2_m25_ao11_am23_4,11,3,SATISFIED,5.0156,38748.0,44582.0
SAL-Ei-LM,bom_tubes_p10_ao11_am18_2_m25_ao11_am23_4,11,4,SATISFIED,5.0174,36463.0,36035.0
SAL-Ei-LM,bom_tubes_p10_ao11_am18_2_m25_ao11_am23_4,11,5,SATISFIED,5.0178,35463.0,34092.0
SAL-Ei-LM,bom_tubes_p10_ao11_am18_2_m25_ao11_am23_4,11,6,SATISFIED,5.0169,39915.0,42871.0
SAL-Ei-LM,bom_tubes_p10_ao11_am18_2_m25_ao11_am23_4,11,7,SATISFIED,5.0149,35309.0,43364.0
SAL-Ei-LM,bom_tubes_p10_ao11_am18_2_m25_ao11_am23_4,11,8,SATISFIED,5.0152,37774.0,42345.0
SAL-Ei-LM,bom_tubes_p10_ao11_am18_2_m25_ao11_am23_4,11,9,SATISFIED,5.015,35242.0,42037.0
SAL-Ei-LM,bom_tubes_p10_ao11_am18_2_m25_ao11_am23_4,11,10,SATISFIED,5.0154,35745.0,43560.0
SAL-Ei-LM,bom_tubes_p10_ao11_am18_2_m25_ao11_am24_5,11,1,SATISFIED,5.0144,14064.0,40325.0
SAL-Ei-LM,bom_tubes_p10_ao11_am18_2_m25_ao11_am24_5,11,2,SATISFIED,5.0146,14709.0,38801.0
SAL-Ei-LM,bom_tubes_p10_ao11_am18_2_m25_ao11_am24_5,11,3,SATISFIED,5.0141,14372.0,43612.0
SAL-Ei-LM,bom_tubes_p10_ao11_am18_2_m25_ao11_am24_5,11,4,SATISFIED,5.0161,14926.0,27828.0
SAL-Ei-LM,bom_tubes_p10_ao11_am18_2_m25_ao11_am24_5,11,5,SATISFIED,5.0138,14343.0,39355.0
SAL-Ei-LM,bom_tubes_p10_ao11_am18_2_m25_ao11_am24_5,11,6,SATISFIED,5.014,15529.0,44277.0
SAL-Ei-LM,bom_tubes_p10_ao11_am18_2_m25_ao11_am24_5,11,7,SATISFIED,5.0134,15016.0,44615.0
SAL-Ei-LM,bom_tubes_p10_ao11_am18_2_m25_ao11_am24_5,11,8,SATISFIED,5.013,14860.0,36798.0
SAL-Ei-LM,bom_tubes_p10_ao11_am18_2_m25_ao11_am24_5,11,9,SATISFIED,5.0138,14353.0,41865.0
SAL-Ei-LM,bom_tubes_p10_ao11_am18_2_m25_ao11_am24_5,11,10,SATISFIED,5.0141,15334.0,35115.0
SAL-Ei-LM,bom_tubes_p10_ao11_am18_3,11,1,SATISFIED,5.0144,33728.0,49978.0
SAL-Ei-LM,bom_tubes_p10_ao11_am18_3,11,2,SATISFIED,5.015,32968.0,65375.0
SAL-Ei-LM,bom_tubes_p10_ao11_am18_3,11,3,SATISFIED,5.0135,33608.0,64642.0
SAL-Ei-LM,bom_tubes_p10_ao11_am18_3,11,4,SATISFIED,5.015,33484.0,62737.0
SAL-Ei-LM,bom_tubes_p10_ao11_am18_3,11,5,SATISFIED,5.0148,33110.0,49707.0
SAL-Ei-LM,bom_tubes_p10_ao11_am18_3,11,6,SATISFIED,5.0135,31512.0,46596.0
SAL-Ei-LM,bom_tubes_p10_ao11_am18_3,11,7,SATISFIED,5.0099,34106.0,64787.0
SAL-Ei-LM,bom_tubes_p10_ao11_am18_3,11,8,SATISFIED,5.0111,31176.0,61592.0
SAL-Ei-LM,bom_tubes_p10_ao11_am18_3,11,9,SATISFIED,5.0112,33112.0,49816.0
SAL-Ei-LM,bom_tubes_p10_ao11_am18_3,11,10,SATISFIED,5.013,31920.0,64220.0
SAL-Ei-LM,bom_tubes_p10_ao11_am18_3_m10_ao11_am8_3,11,1,SATISFIED,5.0144,39850.0,61692.0
SAL-Ei-LM,bom_tubes_p10_ao11_am18_3_m10_ao11_am8_3,11,2,SATISFIED,5.0132,38778.0,61100.0
SAL-Ei-LM,bom_tubes_p10_ao11_am18_3_m10_ao11_am8_3,11,3,SATISFIED,5.0134,39748.0,62172.0
SAL-Ei-LM,bom_tubes_p10_ao11_am18_3_m10_ao11_am8_3,11,4,SATISFIED,5.0127,38814.0,60501.0
SAL-Ei-LM,bom_tubes_p10_ao11_am18_3_m10_ao11_am8_3,11,5,SATISFIED,5.0132,38827.0,62998.0
SAL-Ei-LM,bom_tubes_p10_ao11_am18_3_m10_ao11_am8_3,11,6,SATISFIED,5.0118,39186.0,62602.0
SAL-Ei-LM,bom_tubes_p10_ao11_am18_3_m10_ao11_am8_3,11,7,SATISFIED,5.0134,38606.0,63295.0
SAL-Ei-LM,bom_tubes_p10_ao11_am18_3_m10_ao11_am8_3,11,8,SATISFIED,5.0145,39550.0,60902.0
SAL-Ei-LM,bom_tubes_p10_ao11_am18_3_m10_ao11_am8_3,11,9,SATISFIED,5.0133,38255.0,61560.0
SAL-Ei-LM,bom_tubes_p10_ao11_am18_3_m10_ao11_am8_3,11,10,SATISFIED,5.0122,39424.0,60858.0
SAL-Ei-LM,bom_tubes_p10_ao11_am18_3_m10_ao11_am9_1,11,1,SATISFIED,5.0281,47755.0,46408.0
SAL-Ei-LM,bom_tubes_p10_ao11_am18_3_m10_ao11_am9_1,11,2,SATISFIED,5.0331,47409.0,46544.0
SAL-Ei-LM,bom_tubes_p10_ao11_am18_3_m10_ao11_am9_1,11,3,SATISFIED,5.0217,47167.0,57094.0
SAL-Ei-LM,bom_tubes_p10_ao11_am18_3_m10_ao11_am9_1,11,4,SATISFIED,5.0202,46834.0,58242.0
SAL-Ei-LM,bom_tubes_p10_ao11_am18_3_m10_ao11_am9_1,11,5,SATISFIED,5.0214,46369.0,48030.0
SAL-Ei-LM,bom_tubes_p10_ao11_am18_3_m10_ao11_am9_1,11,6,SATISFIED,5.0166,46781.0,57765.0
SAL-Ei-LM,bom_tubes_p10_ao11_am18_3_m10_ao11_am9_1,11,7,SATISFIED,5.0131,46369.0,55873.0
SAL-Ei-LM,bom_tubes_p10_ao11_am18_3_m10_ao11_am9_1,11,8,SATISFIED,5.0153,45291.0,57675.0
SAL-Ei-LM,bom_tubes_p10_ao11_am18_3_m10_ao11_am9_1,11,9,SATISFIED,5.0155,47103.0,46097.0
SAL-Ei-LM,bom_tubes_p10_ao11_am18_3_m10_ao11_am9_1,11,10,SATISFIED,5.0188,45825.0,48102.0
SAL-Ei-LM,bom_tubes_p10_ao11_am18_3_m10_ao11_am9_2,11,1,SATISFIED,5.0173,207147.0,52584.0
SAL-Ei-LM,bom_tubes_p10_ao11_am18_3_m10_ao11_am9_2,11,2,SATISFIED,5.0176,207152.0,53483.0
SAL-Ei-LM,bom_tubes_p10_ao11_am18_3_m10_ao11_am9_2,11,3,SATISFIED,5.0172,207149.0,53828.0
SAL-Ei-LM,bom_tubes_p10_ao11_am18_3_m10_ao11_am9_2,11,4,SATISFIED,5.0178,207149.0,64651.0
SAL-Ei-LM,bom_tubes_p10_ao11_am18_3_m10_ao11_am9_2,11,5,SATISFIED,5.0151,207149.0,54473.0
SAL-Ei-LM,bom_tubes_p10_ao11_am18_3_m10_ao11_am9_2,11,6,SATISFIED,5.0145,207152.0,64011.0
SAL-Ei-LM,bom_tubes_p10_ao11_am18_3_m10_ao11_am9_2,11,7,SATISFIED,5.0123,207146.0,50381.0
SAL-Ei-LM,bom_tubes_p10_ao11_am18_3_m10_ao11_am9_2,11,8,SATISFIED,5.0161,207146.0,53866.0
SAL-Ei-LM,bom_tubes_p10_ao11_am18_3_m10_ao11_am9_2,11,9,SATISFIED,5.0145,207146.0,65175.0
SAL-Ei-LM,bom_tubes_p10_ao11_am18_3_m10_ao11_am9_2,11,10,SATISFIED,5.0139,207146.0,66960.0
SAL-Ei-LM,bom_tubes_p10_ao11_am18_3_m10_ao11_am9_4,11,1,SATISFIED,5.0261,122507.0,29135.0
SAL-Ei-LM,bom_tubes_p10_ao11_am18_3_m10_ao11_am9_4,11,2,SATISFIED,5.0226,122148.0,37474.0
SAL-Ei-LM,bom_tubes_p10_ao11_am18_3_m10_ao11_am9_4,11,3,SATISFIED,5.0209,121769.0,26946.0
SAL-Ei-LM,bom_tubes_p10_ao11_am18_3_m10_ao11_am9_4,11,4,SATISFIED,5.0238,121985.0,42296.0
SAL-Ei-LM,bom_tubes_p10_ao11_am18_3_m10_ao11_am9_4,11,5,SATISFIED,5.0173,122162.0,35950.0
SAL-Ei-LM,bom_tubes_p10_ao11_am18_3_m10_ao11_am9_4,11,6,SATISFIED,5.0123,121749.0,51454.0
SAL-Ei-LM,bom_tubes_p10_ao11_am18_3_m10_ao11_am9_4,11,7,SATISFIED,5.014,121364.0,42104.0
SAL-Ei-LM,bom_tubes_p10_ao11_am18_3_m10_ao11_am9_4,11,8,SATISFIED,5.0191,121448.0,29121.0
SAL-Ei-LM,bom_tubes_p10_ao11_am18_3_m10_ao11_am9_4,11,9,SATISFIED,5.0136,122351.0,42298.0
SAL-Ei-LM,bom_tubes_p10_ao11_am18_3_m10_ao11_am9_4,11,10,SATISFIED,5.016,121172.0,53635.0
SAL-Ei-LM,bom_tubes_p10_ao11_am18_3_m10_ao11_am10_5,11,1,SATISFIED,5.0179,24836.0,55841.0
SAL-Ei-LM,bom_tubes_p10_ao11_am18_3_m10_ao11_am10_5,11,2,SATISFIED,5.0151,24978.0,44081.0
SAL-Ei-LM,bom_tubes_p10_ao11_am18_3_m10_ao11_am10_5,11,3,SATISFIED,5.0156,25320.0,54309.0
SAL-Ei-LM,bom_tubes_p10_ao11_am18_3_m10_ao11_am10_5,11,4,SATISFIED,5.0171,24933.0,54008.0
SAL-Ei-LM,bom_tubes_p10_ao11_am18_3_m10_ao11_am10_5,11,5,SATISFIED,5.0141,24655.0,53466.0
SAL-Ei-LM,bom_tubes_p10_ao11_am18_3_m10_ao11_am10_5,11,6,SATISFIED,5.0133,24660.0,53279.0
SAL-Ei-LM,bom_tubes_p10_ao11_am18_3_m10_ao11_am10_5,11,7,SATISFIED,5.0193,24928.0,31752.0
SAL-Ei-LM,bom_tubes_p10_ao11_am18_3_m10_ao11_am10_5,11,8,SATISFIED,5.0174,24936.0,48788.0
SAL-Ei-LM,bom_tubes_p10_ao11_am18_3_m10_ao11_am10_5,11,9,SATISFIED,5.0151,24835.0,48377.0
SAL-Ei-LM,bom_tubes_p10_ao11_am18_3_m10_ao11_am10_5,11,10,SATISFIED,5.0144,24625.0,51018.0
SAL-Ei-LM,bom_tubes_p10_ao11_am18_3_m25_ao11_am19_2,11,1,SATISFIED,5.0144,38306.0,31358.0
SAL-Ei-LM,bom_tubes_p10_ao11_am18_3_m25_ao11_am19_2,11,2,SATISFIED,5.0148,39505.0,35409.0
SAL-Ei-LM,bom_tubes_p10_ao11_am18_3_m25_ao11_am19_2,11,3,SATISFIED,5.0133,40966.0,33591.0
SAL-Ei-LM,bom_tubes_p10_ao11_am18_3_m25_ao11_am19_2,11,4,SATISFIED,5.0181,37303.0,31339.0
SAL-Ei-LM,bom_tubes_p10_ao11_am18_3_m25_ao11_am19_2,11,5,SATISFIED,5.0179,37575.0,35495.0
SAL-Ei-LM,bom_tubes_p10_ao11_am18_3_m25_ao11_am19_2,11,6,SATISFIED,5.0167,39633.0,35532.0
SAL-Ei-LM,bom_tubes_p10_ao11_am18_3_m25_ao11_am19_2,11,7,SATISFIED,5.0165,39680.0,43296.0
SAL-Ei-LM,bom_tubes_p10_ao11_am18_3_m25_ao11_am19_2,11,8,SATISFIED,5.0137,39740.0,36691.0
SAL-Ei-LM,bom_tubes_p10_ao11_am18_3_m25_ao11_am19_2,11,9,SATISFIED,5.0149,35966.0,43973.0
SAL-Ei-LM,bom_tubes_p10_ao11_am18_3_m25_ao11_am19_2,11,10,SATISFIED,5.0156,40486.0,43576.0
SAL-Ei-LM,bom_tubes_p10_ao11_am18_3_m25_ao11_am21_1,11,1,SATISFIED,5.0183,18286.0,35359.0
SAL-Ei-LM,bom_tubes_p10_ao11_am18_3_m25_ao11_am21_1,11,2,SATISFIED,5.0157,18673.0,36168.0
SAL-Ei-LM,bom_tubes_p10_ao11_am18_3_m25_ao11_am21_1,11,3,SATISFIED,5.0127,19260.0,35986.0
SAL-Ei-LM,bom_tubes_p10_ao11_am18_3_m25_ao11_am21_1,11,4,SATISFIED,5.0136,18505.0,44158.0
SAL-Ei-LM,bom_tubes_p10_ao11_am18_3_m25_ao11_am21_1,11,5,SATISFIED,5.0107,18496.0,36542.0
SAL-Ei-LM,bom_tubes_p10_ao11_am18_3_m25_ao11_am21_1,11,6,SATISFIED,5.0141,19006.0,43595.0
SAL-Ei-LM,bom_tubes_p10_ao11_am18_3_m25_ao11_am21_1,11,7,SATISFIED,5.0123,19127.0,43947.0
SAL-Ei-LM,bom_tubes_p10_ao11_am18_3_m25_ao11_am21_1,11,8,SATISFIED,5.0142,18696.0,35814.0
SAL-Ei-LM,bom_tubes_p10_ao11_am18_3_m25_ao11_am21_1,11,9,SATISFIED,5.0169,19876.0,43008.0
SAL-Ei-LM,bom_tubes_p10_ao11_am18_3_m25_ao11_am21_1,11,10,SATISFIED,5.0122,18398.0,42618.0
SAL-Ei-LM,bom_tubes_p10_ao11_am18_3_m25_ao11_am21_3,11,1,SATISFIED,5.014,63637.0,43643.0
SAL-Ei-LM,bom_tubes_p10_ao11_am18_3_m25_ao11_am21_3,11,2,SATISFIED,5.0154,61673.0,30807.0
SAL-Ei-LM,bom_tubes_p10_ao11_am18_3_m25_ao11_am21_3,11,3,SATISFIED,5.0169,60485.0,25959.0
SAL-Ei-LM,bom_tubes_p10_ao11_am18_3_m25_ao11_am21_3,11,4,SATISFIED,5.0162,63332.0,40893.0
SAL-Ei-LM,bom_tubes_p10_ao11_am18_3_m25_ao11_am21_3,11,5,SATISFIED,5.0144,60783.0,29706.0
SAL-Ei-LM,bom_tubes_p10_ao11_am18_3_m25_ao11_am21_3,11,6,SATISFIED,5.0149,62633.0,44941.0
SAL-Ei-LM,bom_tubes_p10_ao11_am18_3_m25_ao11_am21_3,11,7,SATISFIED,5.0175,58367.0,41627.0
SAL-Ei-LM,bom_tubes_p10_ao11_am18_3_m25_ao11_am21_3,11,8,SATISFIED,5.0168,59237.0,27883.0
SAL-Ei-LM,bom_tubes_p10_ao11_am18_3_m25_ao11_am21_3,11,9,SATISFIED,5.0154,64314.0,42490.0
SAL-Ei-LM,bom_tubes_p10_ao11_am18_3_m25_ao11_am21_3,11,10,SATISFIED,5.0186,60081.0,27769.0
SAL-Ei-LM,bom_tubes_p10_ao11_am18_3_m25_ao11_am23_4,11,1,SATISFIED,5.0203,51440.0,35339.0
SAL-Ei-LM,bom_tubes_p10_ao11_am18_3_m25_ao11_am23_4,11,2,SATISFIED,5.0168,49864.0,43184.0
SAL-Ei-LM,bom_tubes_p10_ao11_am18_3_m25_ao11_am23_4,11,3,SATISFIED,5.0152,48766.0,45568.0
SAL-Ei-LM,bom_tubes_p10_ao11_am18_3_m25_ao11_am23_4,11,4,SATISFIED,5.0144,47474.0,45425.0
SAL-Ei-LM,bom_tubes_p10_ao11_am18_3_m25_ao11_am23_4,11,5,SATISFIED,5.0139,49109.0,43604.0
SAL-Ei-LM,bom_tubes_p10_ao11_am18_3_m25_ao11_am23_4,11,6,SATISFIED,5.0156,46125.0,42161.0
SAL-Ei-LM,bom_tubes_p10_ao11_am18_3_m25_ao11_am23_4,11,7,SATISFIED,5.0163,49038.0,42694.0
SAL-Ei-LM,bom_tubes_p10_ao11_am18_3_m25_ao11_am23_4,11,8,SATISFIED,5.0164,45418.0,42068.0
SAL-Ei-LM,bom_tubes_p10_ao11_am18_3_m25_ao11_am23_4,11,9,SATISFIED,5.016,45161.0,30360.0
SAL-Ei-LM,bom_tubes_p10_ao11_am18_3_m25_ao11_am23_4,11,10,SATISFIED,5.0136,47728.0,38727.0
SAL-Ei-LM,bom_tubes_p10_ao11_am18_3_m25_ao11_am24_5,11,1,SATISFIED,5.0132,14661.0,38871.0
SAL-Ei-LM,bom_tubes_p10_ao11_am18_3_m25_ao11_am24_5,11,2,SATISFIED,5.0137,15102.0,43170.0
SAL-Ei-LM,bom_tubes_p10_ao11_am18_3_m25_ao11_am24_5,11,3,SATISFIED,5.0154,14819.0,34273.0
SAL-Ei-LM,bom_tubes_p10_ao11_am18_3_m25_ao11_am24_5,11,4,SATISFIED,5.0153,15249.0,41761.0
SAL-Ei-LM,bom_tubes_p10_ao11_am18_3_m25_ao11_am24_5,11,5,SATISFIED,5.0157,14310.0,42444.0
SAL-Ei-LM,bom_tubes_p10_ao11_am18_3_m25_ao11_am24_5,11,6,SATISFIED,5.0151,14329.0,42147.0
SAL-Ei-LM,bom_tubes_p10_ao11_am18_3_m25_ao11_am24_5,11,7,SATISFIED,5.0142,14757.0,42371.0
SAL-Ei-LM,bom_tubes_p10_ao11_am18_3_m25_ao11_am24_5,11,8,SATISFIED,5.016,14673.0,41979.0
SAL-Ei-LM,bom_tubes_p10_ao11_am18_3_m25_ao11_am24_5,11,9,SATISFIED,5.0164,15979.0,42780.0
SAL-Ei-LM,bom_tubes_p10_ao11_am18_3_m25_ao11_am24_5,11,10,SATISFIED,5.0162,14594.0,42649.0
SAL-Ei-LM,bom_tubes_p10_ao11_am18_4,11,1,SATISFIED,5.0169,22040.0,41708.0
SAL-Ei-LM,bom_tubes_p10_ao11_am18_4,11,2,SATISFIED,5.017,21988.0,40673.0
SAL-Ei-LM,bom_tubes_p10_ao11_am18_4,11,3,SATISFIED,5.0175,22436.0,51060.0
SAL-Ei-LM,bom_tubes_p10_ao11_am18_4,11,4,SATISFIED,5.0103,22300.0,62873.0
SAL-Ei-LM,bom_tubes_p10_ao11_am18_4,11,5,SATISFIED,5.0105,21884.0,50652.0
SAL-Ei-LM,bom_tubes_p10_ao11_am18_4,11,6,SATISFIED,5.0147,22584.0,63384.0
SAL-Ei-LM,bom_tubes_p10_ao11_am18_4,11,7,SATISFIED,5.0145,21904.0,63112.0
SAL-Ei-LM,bom_tubes_p10_ao11_am18_4,11,8,SATISFIED,5.0152,22496.0,64840.0
SAL-Ei-LM,bom_tubes_p10_ao11_am18_4,11,9,SATISFIED,5.0143,22336.0,62940.0
SAL-Ei-LM,bom_tubes_p10_ao11_am18_4,11,10,SATISFIED,5.0155,22300.0,66051.0
SAL-Ei-LM,bom_tubes_p10_ao11_am18_4_m10_ao11_am8_3,11,1,SATISFIED,5.0134,49575.0,51870.0
SAL-Ei-LM,bom_tubes_p10_ao11_am18_4_m10_ao11_am8_3,11,2,SATISFIED,5.0101,49511.0,64345.0
SAL-Ei-LM,bom_tubes_p10_ao11_am18_4_m10_ao11_am8_3,11,3,SATISFIED,5.0098,50149.0,66054.0
SAL-Ei-LM,bom_tubes_p10_ao11_am18_4_m10_ao11_am8_3,11,4,SATISFIED,5.01,49739.0,65031.0
SAL-Ei-LM,bom_tubes_p10_ao11_am18_4_m10_ao11_am8_3,11,5,SATISFIED,5.0132,50087.0,52645.0
SAL-Ei-LM,bom_tubes_p10_ao11_am18_4_m10_ao11_am8_3,11,6,SATISFIED,5.0174,50055.0,50234.0
SAL-Ei-LM,bom_tubes_p10_ao11_am18_4_m10_ao11_am8_3,11,7,SATISFIED,5.0163,49271.0,50933.0
SAL-Ei-LM,bom_tubes_p10_ao11_am18_4_m10_ao11_am8_3,11,8,SATISFIED,5.0139,50056.0,61192.0
SAL-Ei-LM,bom_tubes_p10_ao11_am18_4_m10_ao11_am8_3,11,9,SATISFIED,5.0168,49467.0,41315.0
SAL-Ei-LM,bom_tubes_p10_ao11_am18_4_m10_ao11_am8_3,11,10,SATISFIED,5.0147,50180.0,50668.0
SAL-Ei-LM,bom_tubes_p10_ao11_am18_4_m10_ao11_am9_1,11,1,SATISFIED,5.019,41758.0,59343.0
SAL-Ei-LM,bom_tubes_p10_ao11_am18_4_m10_ao11_am9_1,11,2,SATISFIED,5.0144,41037.0,57802.0
SAL-Ei-LM,bom_tubes_p10_ao11_am18_4_m10_ao11_am9_1,11,3,SATISFIED,5.0148,41581.0,57039.0
SAL-Ei-LM,bom_tubes_p10_ao11_am18_4_m10_ao11_am9_1,11,4,SATISFIED,5.0141,41675.0,56639.0
SAL-Ei-LM,bom_tubes_p10_ao11_am18_4_m10_ao11_am9_1,11,5,SATISFIED,5.012,41460.0,57188.0
SAL-Ei-LM,bom_tubes_p10_ao11_am18_4_m10_ao11_am9_1,11,6,SATISFIED,5.0128,41234.0,58534.0
SAL-Ei-LM,bom_tubes_p10_ao11_am18_4_m10_ao11_am9_1,11,7,SATISFIED,5.0129,41459.0,47144.0
SAL-Ei-LM,bom_tubes_p10_ao11_am18_4_m10_ao11_am9_1,11,8,SATISFIED,5.0136,41579.0,48015.0
SAL-Ei-LM,bom_tubes_p10_ao11_am18_4_m10_ao11_am9_1,11,9,SATISFIED,5.0176,41312.0,44036.0
SAL-Ei-LM,bom_tubes_p10_ao11_am18_4_m10_ao11_am9_1,11,10,SATISFIED,5.0117,41465.0,48572.0
SAL-Ei-LM,bom_tubes_p10_ao11_am18_4_m10_ao11_am9_2,11,1,SATISFIED,5.0136,37381.0,58405.0
SAL-Ei-LM,bom_tubes_p10_ao11_am18_4_m10_ao11_am9_2,11,2,SATISFIED,5.0103,37381.0,72785.0
SAL-Ei-LM,bom_tubes_p10_ao11_am18_4_m10_ao11_am9_2,11,3,SATISFIED,5.0124,37381.0,56700.0
SAL-Ei-LM,bom_tubes_p10_ao11_am18_4_m10_ao11_am9_2,11,4,SATISFIED,5.0141,37379.0,53325.0
SAL-Ei-LM,bom_tubes_p10_ao11_am18_4_m10_ao11_am9_2,11,5,SATISFIED,5.0109,37379.0,68302.0
SAL-Ei-LM,bom_tubes_p10_ao11_am18_4_m10_ao11_am9_2,11,6,SATISFIED,5.0128,37379.0,49069.0
SAL-Ei-LM,bom_tubes_p10_ao11_am18_4_m10_ao11_am9_2,11,7,SATISFIED,5.0165,37376.0,55444.0
SAL-Ei-LM,bom_tubes_p10_ao11_am18_4_m10_ao11_am9_2,11,8,SATISFIED,5.0134,37376.0,69458.0
SAL-Ei-LM,bom_tubes_p10_ao11_am18_4_m10_ao11_am9_2,11,9,SATISFIED,5.0131,37377.0,68739.0
SAL-Ei-LM,bom_tubes_p10_ao11_am18_4_m10_ao11_am9_2,11,10,SATISFIED,5.0126,37381.0,69826.0
SAL-Ei-LM,bom_tubes_p10_ao11_am18_4_m10_ao11_am10_4,11,1,SATISFIED,5.0123,17439.0,49635.0
SAL-Ei-LM,bom_tubes_p10_ao11_am18_4_m10_ao11_am10_4,11,2,SATISFIED,5.0116,17429.0,52052.0
SAL-Ei-LM,bom_tubes_p10_ao11_am18_4_m10_ao11_am10_4,11,3,SATISFIED,5.0124,17711.0,49225.0
SAL-Ei-LM,bom_tubes_p10_ao11_am18_4_m10_ao11_am10_4,11,4,SATISFIED,5.0147,17775.0,49564.0
SAL-Ei-LM,bom_tubes_p10_ao11_am18_4_m10_ao11_am10_4,11,5,SATISFIED,5.0151,16821.0,50910.0
SAL-Ei-LM,bom_tubes_p10_ao11_am18_4_m10_ao11_am10_4,11,6,SATISFIED,5.0154,17154.0,45154.0
SAL-Ei-LM,bom_tubes_p10_ao11_am18_4_m10_ao11_am10_4,11,7,SATISFIED,5.0117,17020.0,42748.0
SAL-Ei-LM,bom_tubes_p10_ao11_am18_4_m10_ao11_am10_4,11,8,SATISFIED,5.0115,16706.0,34298.0
SAL-Ei-LM,bom_tubes_p10_ao11_am18_4_m10_ao11_am10_4,11,9,SATISFIED,5.0156,16733.0,38519.0
SAL-Ei-LM,bom_tubes_p10_ao11_am18_4_m10_ao11_am10_4,11,10,SATISFIED,5.016,17065.0,34826.0
SAL-Ei-LM,bom_tubes_p10_ao11_am18_4_m10_ao11_am10_5,11,1,SATISFIED,5.0161,32739.0,41226.0
SAL-Ei-LM,bom_tubes_p10_ao11_am18_4_m10_ao11_am10_5,11,2,SATISFIED,5.0156,33724.0,41466.0
SAL-Ei-LM,bom_tubes_p10_ao11_am18_4_m10_ao11_am10_5,11,3,SATISFIED,5.017,33282.0,44949.0
SAL-Ei-LM,bom_tubes_p10_ao11_am18_4_m10_ao11_am10_5,11,4,SATISFIED,5.0143,32979.0,51873.0
SAL-Ei-LM,bom_tubes_p10_ao11_am18_4_m10_ao11_am10_5,11,5,SATISFIED,5.0117,33319.0,52121.0
SAL-Ei-LM,bom_tubes_p10_ao11_am18_4_m10_ao11_am10_5,11,6,SATISFIED,5.0144,32499.0,52345.0
SAL-Ei-LM,bom_tubes_p10_ao11_am18_4_m10_ao11_am10_5,11,7,SATISFIED,5.013,34588.0,50884.0
SAL-Ei-LM,bom_tubes_p10_ao11_am18_4_m10_ao11_am10_5,11,8,SATISFIED,5.0155,32499.0,50793.0
SAL-Ei-LM,bom_tubes_p10_ao11_am18_4_m10_ao11_am10_5,11,9,SATISFIED,5.0136,32719.0,40413.0
SAL-Ei-LM,bom_tubes_p10_ao11_am18_4_m10_ao11_am10_5,11,10,SATISFIED,5.0154,32639.0,51783.0
SAL-Ei-LM,bom_tubes_p10_ao11_am18_4_m25_ao11_am19_2,11,1,SATISFIED,5.0166,35412.0,36010.0
SAL-Ei-LM,bom_tubes_p10_ao11_am18_4_m25_ao11_am19_2,11,2,SATISFIED,5.0176,35337.0,44167.0
SAL-Ei-LM,bom_tubes_p10_ao11_am18_4_m25_ao11_am19_2,11,3,SATISFIED,5.0134,35076.0,45286.0
SAL-Ei-LM,bom_tubes_p10_ao11_am18_4_m25_ao11_am19_2,11,4,SATISFIED,5.0141,35752.0,29526.0
SAL-Ei-LM,bom_tubes_p10_ao11_am18_4_m25_ao11_am19_2,11,5,SATISFIED,5.0139,35639.0,41678.0
SAL-Ei-LM,bom_tubes_p10_ao11_am18_4_m25_ao11_am19_2,11,6,SATISFIED,5.0127,35112.0,35572.0
SAL-Ei-LM,bom_tubes_p10_ao11_am18_4_m25_ao11_am19_2,11,7,SATISFIED,5.0135,35647.0,35467.0
SAL-Ei-LM,bom_tubes_p10_ao11_am18_4_m25_ao11_am19_2,11,8,SATISFIED,5.0175,35519.0,34943.0
SAL-Ei-LM,bom_tubes_p10_ao11_am18_4_m25_ao11_am19_2,11,9,SATISFIED,5.0155,35211.0,44051.0
SAL-Ei-LM,bom_tubes_p10_ao11_am18_4_m25_ao11_am19_2,11,10,SATISFIED,5.0173,35839.0,45395.0
SAL-Ei-LM,bom_tubes_p10_ao11_am18_4_m25_ao11_am20_4,11,1,SATISFIED,5.0153,37804.0,44027.0
SAL-Ei-LM,bom_tubes_p10_ao11_am18_4_m25_ao11_am20_4,11,2,SATISFIED,5.0168,38004.0,44163.0
SAL-Ei-LM,bom_tubes_p10_ao11_am18_4_m25_ao11_am20_4,11,3,SATISFIED,5.0169,35991.0,45007.0
SAL-Ei-LM,bom_tubes_p10_ao11_am18_4_m25_ao11_am20_4,11,4,SATISFIED,5.0136,37264.0,44511.0
SAL-Ei-LM,bom_tubes_p10_ao11_am18_4_m25_ao11_am20_4,11,5,SATISFIED,5.0134,37420.0,35324.0
SAL-Ei-LM,bom_tubes_p10_ao11_am18_4_m25_ao11_am20_4,11,6,SATISFIED,5.0218,36706.0,29460.0
SAL-Ei-LM,bom_tubes_p10_ao11_am18_4_m25_ao11_am20_4,11,7,SATISFIED,5.0178,36497.0,36620.0
SAL-Ei-LM,bom_tubes_p10_ao11_am18_4_m25_ao11_am20_4,11,8,SATISFIED,5.0211,35659.0,34283.0
SAL-Ei-LM,bom_tubes_p10_ao11_am18_4_m25_ao11_am20_4,11,9,SATISFIED,5.0213,36597.0,35975.0
SAL-Ei-LM,bom_tubes_p10_ao11_am18_4_m25_ao11_am20_4,11,10,SATISFIED,5.0179,39884.0,44706.0
SAL-Ei-LM,bom_tubes_p10_ao11_am18_4_m25_ao11_am21_5,11,1,SATISFIED,5.0146,16987.0,35477.0
SAL-Ei-LM,bom_tubes_p10_ao11_am18_4_m25_ao11_am21_5,11,2,SATISFIED,5.0156,16176.0,42408.0
SAL-Ei-LM,bom_tubes_p10_ao11_am18_4_m25_ao11_am21_5,11,3,SATISFIED,5.0162,16885.0,34280.0
SAL-Ei-LM,bom_tubes_p10_ao11_am18_4_m25_ao11_am21_5,11,4,SATISFIED,5.0164,15165.0,36292.0
SAL-Ei-LM,bom_tubes_p10_ao11_am18_4_m25_ao11_am21_5,11,5,SATISFIED,5.0151,15875.0,43478.0
SAL-Ei-LM,bom_tubes_p10_ao11_am18_4_m25_ao11_am21_5,11,6,SATISFIED,5.0176,15495.0,42346.0
SAL-Ei-LM,bom_tubes_p10_ao11_am18_4_m25_ao11_am21_5,11,7,SATISFIED,5.021,16628.0,34768.0
SAL-Ei-LM,bom_tubes_p10_ao11_am18_4_m25_ao11_am21_5,11,8,SATISFIED,5.0177,15918.0,34377.0
SAL-Ei-LM,bom_tubes_p10_ao11_am18_4_m25_ao11_am21_5,11,9,SATISFIED,5.013,15660.0,44864.0
SAL-Ei-LM,bom_tubes_p10_ao11_am18_4_m25_ao11_am21_5,11,10,SATISFIED,5.0147,16446.0,45145.0
SAL-Ei-LM,bom_tubes_p10_ao11_am18_4_m25_ao11_am22_1,11,1,SATISFIED,5.0125,16012.0,44109.0
SAL-Ei-LM,bom_tubes_p10_ao11_am18_4_m25_ao11_am22_1,11,2,SATISFIED,5.0124,16054.0,34841.0
SAL-Ei-LM,bom_tubes_p10_ao11_am18_4_m25_ao11_am22_1,11,3,SATISFIED,5.0142,16117.0,35990.0
SAL-Ei-LM,bom_tubes_p10_ao11_am18_4_m25_ao11_am22_1,11,4,SATISFIED,5.0175,15970.0,28409.0
SAL-Ei-LM,bom_tubes_p10_ao11_am18_4_m25_ao11_am22_1,11,5,SATISFIED,5.0154,16003.0,42239.0
SAL-Ei-LM,bom_tubes_p10_ao11_am18_4_m25_ao11_am22_1,11,6,SATISFIED,5.0162,16143.0,42823.0
SAL-Ei-LM,bom_tubes_p10_ao11_am18_4_m25_ao11_am22_1,11,7,SATISFIED,5.0155,16030.0,34711.0
SAL-Ei-LM,bom_tubes_p10_ao11_am18_4_m25_ao11_am22_1,11,8,SATISFIED,5.0156,16132.0,42631.0
SAL-Ei-LM,bom_tubes_p10_ao11_am18_4_m25_ao11_am22_1,11,9,SATISFIED,5.0147,16164.0,43021.0
SAL-Ei-LM,bom_tubes_p10_ao11_am18_4_m25_ao11_am22_1,11,10,SATISFIED,5.0127,16260.0,42932.0
SAL-Ei-LM,bom_tubes_p10_ao11_am18_4_m25_ao11_am22_3,11,1,SATISFIED,5.0132,29312.0,43454.0
SAL-Ei-LM,bom_tubes_p10_ao11_am18_4_m25_ao11_am22_3,11,2,SATISFIED,5.0143,29468.0,43795.0
SAL-Ei-LM,bom_tubes_p10_ao11_am18_4_m25_ao11_am22_3,11,3,SATISFIED,5.016,30468.0,43914.0
SAL-Ei-LM,bom_tubes_p10_ao11_am18_4_m25_ao11_am22_3,11,4,SATISFIED,5.0139,30137.0,43153.0
SAL-Ei-LM,bom_tubes_p10_ao11_am18_4_m25_ao11_am22_3,11,5,SATISFIED,5.0159,29968.0,43695.0
SAL-Ei-LM,bom_tubes_p10_ao11_am18_4_m25_ao11_am22_3,11,6,SATISFIED,5.0147,29400.0,29448.0
SAL-Ei-LM,bom_tubes_p10_ao11_am18_4_m25_ao11_am22_3,11,7,SATISFIED,5.0144,29968.0,37309.0
SAL-Ei-LM,bom_tubes_p10_ao11_am18_4_m25_ao11_am22_3,11,8,SATISFIED,5.0153,29096.0,42577.0
SAL-Ei-LM,bom_tubes_p10_ao11_am18_4_m25_ao11_am22_3,11,9,SATISFIED,5.0169,29868.0,41020.0
SAL-Ei-LM,bom_tubes_p10_ao11_am18_4_m25_ao11_am22_3,11,10,SATISFIED,5.0135,29320.0,38074.0
SAL-Ei-LM,bom_tubes_p10_ao11_am18_5,11,1,SATISFIED,5.0134,14456.0,53350.0
SAL-Ei-LM,bom_tubes_p10_ao11_am18_5,11,2,SATISFIED,5.0139,14108.0,45620.0
SAL-Ei-LM,bom_tubes_p10_ao11_am18_5,11,3,SATISFIED,5.019,14456.0,45551.0
SAL-Ei-LM,bom_tubes_p10_ao11_am18_5,11,4,SATISFIED,5.0157,14180.0,50738.0
SAL-Ei-LM,bom_tubes_p10_ao11_am18_5,11,5,SATISFIED,5.0149,14324.0,53065.0
SAL-Ei-LM,bom_tubes_p10_ao11_am18_5,11,6,SATISFIED,5.0178,14072.0,36478.0
SAL-Ei-LM,bom_tubes_p10_ao11_am18_5,11,7,SATISFIED,5.0193,14364.0,52570.0
SAL-Ei-LM,bom_tubes_p10_ao11_am18_5,11,8,SATISFIED,5.0144,14128.0,63780.0
SAL-Ei-LM,bom_tubes_p10_ao11_am18_5,11,9,SATISFIED,5.0162,14008.0,63374.0
SAL-Ei-LM,bom_tubes_p10_ao11_am18_5,11,10,SATISFIED,5.0131,13984.0,64979.0
SAL-Ei-LM,bom_tubes_p10_ao11_am18_5_m10_ao11_am9_1,11,1,SATISFIED,5.0149,35918.0,57786.0
SAL-Ei-LM,bom_tubes_p10_ao11_am18_5_m10_ao11_am9_1,11,2,SATISFIED,5.0151,36009.0,57425.0
SAL-Ei-LM,bom_tubes_p10_ao11_am18_5_m10_ao11_am9_1,11,3,SATISFIED,5.0158,36294.0,51177.0
SAL-Ei-LM,bom_tubes_p10_ao11_am18_5_m10_ao11_am9_1,11,4,SATISFIED,5.0158,36393.0,53173.0
SAL-Ei-LM,bom_tubes_p10_ao11_am18_5_m10_ao11_am9_1,11,5,SATISFIED,5.0155,36141.0,44958.0
SAL-Ei-LM,bom_tubes_p10_ao11_am18_5_m10_ao11_am9_1,11,6,SATISFIED,5.0139,36219.0,40081.0
SAL-Ei-LM,bom_tubes_p10_ao11_am18_5_m10_ao11_am9_1,11,7,SATISFIED,5.0149,36311.0,40033.0
SAL-Ei-LM,bom_tubes_p10_ao11_am18_5_m10_ao11_am9_1,11,8,SATISFIED,5.0154,35954.0,36004.0
SAL-Ei-LM,bom_tubes_p10_ao11_am18_5_m10_ao11_am9_1,11,9,SATISFIED,5.0142,35759.0,55312.0
SAL-Ei-LM,bom_tubes_p10_ao11_am18_5_m10_ao11_am9_1,11,10,SATISFIED,5.015,36146.0,41739.0
SAL-Ei-LM,bom_tubes_p10_ao11_am18_5_m10_ao11_am9_2,11,1,SATISFIED,5.0163,19748.0,62699.0
SAL-Ei-LM,bom_tubes_p10_ao11_am18_5_m10_ao11_am9_2,11,2,SATISFIED,5.0135,19748.0,62554.0
SAL-Ei-LM,bom_tubes_p10_ao11_am18_5_m10_ao11_am9_2,11,3,SATISFIED,5.0139,19723.0,69042.0
SAL-Ei-LM,bom_tubes_p10_ao11_am18_5_m10_ao11_am9_2,11,4,SATISFIED,5.0134,20245.0,68860.0
SAL-Ei-LM,bom_tubes_p10_ao11_am18_5_m10_ao11_am9_2,11,5,SATISFIED,5.0131,20071.0,69545.0
SAL-Ei-LM,bom_tubes_p10_ao11_am18_5_m10_ao11_am9_2,11,6,SATISFIED,5.0144,20119.0,67370.0
SAL-Ei-LM,bom_tubes_p10_ao11_am18_5_m10_ao11_am9_2,11,7,SATISFIED,5.0222,19852.0,53902.0
SAL-Ei-LM,bom_tubes_p10_ao11_am18_5_m10_ao11_am9_2,11,8,SATISFIED,5.0402,20882.0,67767.0
SAL-Ei-LM,bom_tubes_p10_ao11_am18_5_m10_ao11_am9_2,11,9,SATISFIED,5.0175,20189.0,61398.0
SAL-Ei-LM,bom_tubes_p10_ao11_am18_5_m10_ao11_am9_2,11,10,SATISFIED,5.0172,20357.0,50790.0
SAL-Ei-LM,bom_tubes_p10_ao11_am18_5_m10_ao11_am10_3,11,1,SATISFIED,5.0119,14709.0,64391.0
SAL-Ei-LM,bom_tubes_p10_ao11_am18_5_m10_ao11_am10_3,11,2,SATISFIED,5.0164,14238.0,40121.0
SAL-Ei-LM,bom_tubes_p10_ao11_am18_5_m10_ao11_am10_3,11,3,SATISFIED,5.0147,14878.0,41596.0
SAL-Ei-LM,bom_tubes_p10_ao11_am18_5_m10_ao11_am10_3,11,4,SATISFIED,5.0104,14743.0,66527.0
SAL-Ei-LM,bom_tubes_p10_ao11_am18_5_m10_ao11_am10_3,11,5,SATISFIED,5.0087,14728.0,65359.0
SAL-Ei-LM,bom_tubes_p10_ao11_am18_5_m10_ao11_am10_3,11,6,SATISFIED,5.0109,14515.0,59141.0
SAL-Ei-LM,bom_tubes_p10_ao11_am18_5_m10_ao11_am10_3,11,7,SATISFIED,5.0152,14475.0,58928.0
SAL-Ei-LM,bom_tubes_p10_ao11_am18_5_m10_ao11_am10_3,11,8,SATISFIED,5.0118,14542.0,54912.0
SAL-Ei-LM,bom_tubes_p10_ao11_am18_5_m10_ao11_am10_3,11,9,SATISFIED,5.0204,14430.0,53274.0
SAL-Ei-LM,bom_tubes_p10_ao11_am18_5_m10_ao11_am10_3,11,10,SATISFIED,5.0158,14286.0,66267.0
SAL-Ei-LM,bom_tubes_p10_ao11_am18_5_m10_ao11_am10_4,11,1,SATISFIED,5.0145,16692.0,49940.0
SAL-Ei-LM,bom_tubes_p10_ao11_am18_5_m10_ao11_am10_4,11,2,SATISFIED,5.0172,16672.0,49809.0
SAL-Ei-LM,bom_tubes_p10_ao11_am18_5_m10_ao11_am10_4,11,3,SATISFIED,5.0236,16503.0,28375.0
SAL-Ei-LM,bom_tubes_p10_ao11_am18_5_m10_ao11_am10_4,11,4,SATISFIED,5.0166,16490.0,50509.0
SAL-Ei-LM,bom_tubes_p10_ao11_am18_5_m10_ao11_am10_4,11,5,SATISFIED,5.0263,16763.0,39934.0
SAL-Ei-LM,bom_tubes_p10_ao11_am18_5_m10_ao11_am10_4,11,6,SATISFIED,5.018,16693.0,26490.0
SAL-Ei-LM,bom_tubes_p10_ao11_am18_5_m10_ao11_am10_4,11,7,SATISFIED,5.0151,16717.0,47155.0
SAL-Ei-LM,bom_tubes_p10_ao11_am18_5_m10_ao11_am10_4,11,8,SATISFIED,5.0167,16514.0,49330.0
SAL-Ei-LM,bom_tubes_p10_ao11_am18_5_m10_ao11_am10_4,11,9,SATISFIED,5.0511,16774.0,26081.0
SAL-Ei-LM,bom_tubes_p10_ao11_am18_5_m10_ao11_am10_4,11,10,SATISFIED,5.0263,16705.0,27686.0
SAL-Ei-LM,bom_tubes_p10_ao11_am18_5_m10_ao11_am10_5,11,1,SATISFIED,5.0227,12835.0,37182.0
SAL-Ei-LM,bom_tubes_p10_ao11_am18_5_m10_ao11_am10_5,11,2,SATISFIED,5.025,12927.0,49616.0
SAL-Ei-LM,bom_tubes_p10_ao11_am18_5_m10_ao11_am10_5,11,3,SATISFIED,5.0179,13187.0,39961.0
SAL-Ei-LM,bom_tubes_p10_ao11_am18_5_m10_ao11_am10_5,11,4,SATISFIED,5.0205,13211.0,34039.0
SAL-Ei-LM,bom_tubes_p10_ao11_am18_5_m10_ao11_am10_5,11,5,SATISFIED,5.0198,13210.0,41278.0
SAL-Ei-LM,bom_tubes_p10_ao11_am18_5_m10_ao11_am10_5,11,6,SATISFIED,5.0224,13071.0,39611.0
SAL-Ei-LM,bom_tubes_p10_ao11_am18_5_m10_ao11_am10_5,11,7,SATISFIED,5.0201,13115.0,39410.0
SAL-Ei-LM,bom_tubes_p10_ao11_am18_5_m10_ao11_am10_5,11,8,SATISFIED,5.0206,12879.0,40336.0
SAL-Ei-LM,bom_tubes_p10_ao11_am18_5_m10_ao11_am10_5,11,9,SATISFIED,5.0147,13036.0,50854.0
SAL-Ei-LM,bom_tubes_p10_ao11_am18_5_m10_ao11_am10_5,11,10,SATISFIED,5.0159,13303.0,44209.0
SAL-Ei-LM,bom_tubes_p10_ao11_am18_5_m25_ao11_am19_2,11,1,SATISFIED,5.0159,30438.0,41979.0
SAL-Ei-LM,bom_tubes_p10_ao11_am18_5_m25_ao11_am19_2,11,2,SATISFIED,5.0139,31086.0,43125.0
SAL-Ei-LM,bom_tubes_p10_ao11_am18_5_m25_ao11_am19_2,11,3,SATISFIED,5.0172,30134.0,36112.0
SAL-Ei-LM,bom_tubes_p10_ao11_am18_5_m25_ao11_am19_2,11,4,SATISFIED,5.0154,30572.0,37182.0
SAL-Ei-LM,bom_tubes_p10_ao11_am18_5_m25_ao11_am19_2,11,5,SATISFIED,5.0156,30365.0,45990.0
SAL-Ei-LM,bom_tubes_p10_ao11_am18_5_m25_ao11_am19_2,11,6,SATISFIED,5.0151,30200.0,44293.0
SAL-Ei-LM,bom_tubes_p10_ao11_am18_5_m25_ao11_am19_2,11,7,SATISFIED,5.0157,30348.0,43611.0
SAL-Ei-LM,bom_tubes_p10_ao11_am18_5_m25_ao11_am19_2,11,8,SATISFIED,5.0135,30496.0,44014.0
SAL-Ei-LM,bom_tubes_p10_ao11_am18_5_m25_ao11_am19_2,11,9,SATISFIED,5.0162,30566.0,43489.0
SAL-Ei-LM,bom_tubes_p10_ao11_am18_5_m25_ao11_am19_2,11,10,SATISFIED,5.0154,31002.0,43735.0
SAL-Ei-LM,bom_tubes_p10_ao11_am18_5_m25_ao11_am19_5,11,1,SATISFIED,5.0149,15217.0,45246.0
SAL-Ei-LM,bom_tubes_p10_ao11_am18_5_m25_ao11_am19_5,11,2,SATISFIED,5.015,15325.0,37788.0
SAL-Ei-LM,bom_tubes_p10_ao11_am18_5_m25_ao11_am19_5,11,3,SATISFIED,5.0133,16123.0,42892.0
SAL-Ei-LM,bom_tubes_p10_ao11_am18_5_m25_ao11_am19_5,11,4,SATISFIED,5.0133,15651.0,36453.0
SAL-Ei-LM,bom_tubes_p10_ao11_am18_5_m25_ao11_am19_5,11,5,SATISFIED,5.0145,16279.0,40919.0
SAL-Ei-LM,bom_tubes_p10_ao11_am18_5_m25_ao11_am19_5,11,6,SATISFIED,5.015,16041.0,39736.0
SAL-Ei-LM,bom_tubes_p10_ao11_am18_5_m25_ao11_am19_5,11,7,SATISFIED,5.0149,14519.0,35883.0
SAL-Ei-LM,bom_tubes_p10_ao11_am18_5_m25_ao11_am19_5,11,8,SATISFIED,5.0134,14992.0,43651.0
SAL-Ei-LM,bom_tubes_p10_ao11_am18_5_m25_ao11_am19_5,11,9,SATISFIED,5.0128,16197.0,44177.0
SAL-Ei-LM,bom_tubes_p10_ao11_am18_5_m25_ao11_am19_5,11,10,SATISFIED,5.0132,15905.0,44504.0
SAL-Ei-LM,bom_tubes_p10_ao11_am18_5_m25_ao11_am22_1,11,1,SATISFIED,5.0132,18796.0,35963.0
SAL-Ei-LM,bom_tubes_p10_ao11_am18_5_m25_ao11_am22_1,11,2,SATISFIED,5.0163,19267.0,35291.0
SAL-Ei-LM,bom_tubes_p10_ao11_am18_5_m25_ao11_am22_1,11,3,SATISFIED,5.0148,18193.0,43948.0
SAL-Ei-LM,bom_tubes_p10_ao11_am18_5_m25_ao11_am22_1,11,4,SATISFIED,5.0159,18706.0,35745.0
SAL-Ei-LM,bom_tubes_p10_ao11_am18_5_m25_ao11_am22_1,11,5,SATISFIED,5.0163,18184.0,33101.0
SAL-Ei-LM,bom_tubes_p10_ao11_am18_5_m25_ao11_am22_1,11,6,SATISFIED,5.0173,19516.0,35103.0
SAL-Ei-LM,bom_tubes_p10_ao11_am18_5_m25_ao11_am22_1,11,7,SATISFIED,5.0155,19103.0,43250.0
SAL-Ei-LM,bom_tubes_p10_ao11_am18_5_m25_ao11_am22_1,11,8,SATISFIED,5.0155,17986.0,34043.0
SAL-Ei-LM,bom_tubes_p10_ao11_am18_5_m25_ao11_am22_1,11,9,SATISFIED,5.0177,18608.0,35932.0
SAL-Ei-LM,bom_tubes_p10_ao11_am18_5_m25_ao11_am22_1,11,10,SATISFIED,5.0164,18790.0,45239.0
SAL-Ei-LM,bom_tubes_p10_ao11_am18_5_m25_ao11_am22_4,11,1,SATISFIED,5.0149,33003.0,44027.0
SAL-Ei-LM,bom_tubes_p10_ao11_am18_5_m25_ao11_am22_4,11,2,SATISFIED,5.014,33576.0,44948.0
SAL-Ei-LM,bom_tubes_p10_ao11_am18_5_m25_ao11_am22_4,11,3,SATISFIED,5.0133,33155.0,44652.0
SAL-Ei-LM,bom_tubes_p10_ao11_am18_5_m25_ao11_am22_4,11,4,SATISFIED,5.0165,32549.0,42016.0
SAL-Ei-LM,bom_tubes_p10_ao11_am18_5_m25_ao11_am22_4,11,5,SATISFIED,5.0174,33933.0,29288.0
SAL-Ei-LM,bom_tubes_p10_ao11_am18_5_m25_ao11_am22_4,11,6,SATISFIED,5.0138,32781.0,34714.0
SAL-Ei-LM,bom_tubes_p10_ao11_am18_5_m25_ao11_am22_4,11,7,SATISFIED,5.0174,34764.0,30187.0
SAL-Ei-LM,bom_tubes_p10_ao11_am18_5_m25_ao11_am22_4,11,8,SATISFIED,5.0153,33001.0,36338.0
SAL-Ei-LM,bom_tubes_p10_ao11_am18_5_m25_ao11_am22_4,11,9,SATISFIED,5.0129,34168.0,45385.0
SAL-Ei-LM,bom_tubes_p10_ao11_am18_5_m25_ao11_am22_4,11,10,SATISFIED,5.0158,33332.0,44849.0
SAL-Ei-LM,bom_tubes_p10_ao11_am18_5_m25_ao11_am23_3,11,1,SATISFIED,5.0182,19074.0,37513.0
SAL-Ei-LM,bom_tubes_p10_ao11_am18_5_m25_ao11_am23_3,11,2,SATISFIED,5.0217,19594.0,43514.0
SAL-Ei-LM,bom_tubes_p10_ao11_am18_5_m25_ao11_am23_3,11,3,SATISFIED,5.0205,19074.0,34097.0
SAL-Ei-LM,bom_tubes_p10_ao11_am18_5_m25_ao11_am23_3,11,4,SATISFIED,5.016,18794.0,37711.0
SAL-Ei-LM,bom_tubes_p10_ao11_am18_5_m25_ao11_am23_3,11,5,SATISFIED,5.0181,19132.0,42144.0
SAL-Ei-LM,bom_tubes_p10_ao11_am18_5_m25_ao11_am23_3,11,6,SATISFIED,5.0156,19039.0,44251.0
SAL-Ei-LM,bom_tubes_p10_ao11_am18_5_m25_ao11_am23_3,11,7,SATISFIED,5.0154,19533.0,44695.0
SAL-Ei-LM,bom_tubes_p10_ao11_am18_5_m25_ao11_am23_3,11,8,SATISFIED,5.023,18959.0,31990.0
SAL-Ei-LM,bom_tubes_p10_ao11_am18_5_m25_ao11_am23_3,11,9,SATISFIED,5.015,18640.0,30392.0
SAL-Ei-LM,bom_tubes_p10_ao11_am18_5_m25_ao11_am23_3,11,10,SATISFIED,5.0184,19074.0,35914.0
SAL-Ei-LM,bom_tubes_p20_ao12_am18_1,12,1,SATISFIED,5.0163,40887.0,51024.0
SAL-Ei-LM,bom_tubes_p20_ao12_am18_1,12,2,SATISFIED,5.0147,46009.0,53511.0
SAL-Ei-LM,bom_tubes_p20_ao12_am18_1,12,3,SATISFIED,5.0133,40965.0,64644.0
SAL-Ei-LM,bom_tubes_p20_ao12_am18_1,12,4,SATISFIED,5.0139,41022.0,64309.0
SAL-Ei-LM,bom_tubes_p20_ao12_am18_1,12,5,SATISFIED,5.015,41072.0,64517.0
SAL-Ei-LM,bom_tubes_p20_ao12_am18_1,12,6,SATISFIED,5.0158,43597.0,64134.0
SAL-Ei-LM,bom_tubes_p20_ao12_am18_1,12,7,SATISFIED,5.0153,46113.0,63035.0
SAL-Ei-LM,bom_tubes_p20_ao12_am18_1,12,8,SATISFIED,5.0143,41913.0,64212.0
SAL-Ei-LM,bom_tubes_p20_ao12_am18_1,12,9,SATISFIED,5.0155,41994.0,62724.0
SAL-Ei-LM,bom_tubes_p20_ao12_am18_1,12,10,SATISFIED,5.0142,45535.0,62909.0
SAL-Ei-LM,bom_tubes_p20_ao12_am18_1_m13_ao12_am11_3,12,1,SATISFIED,5.0134,45181.0,62599.0
SAL-Ei-LM,bom_tubes_p20_ao12_am18_1_m13_ao12_am11_3,12,2,SATISFIED,5.0153,45061.0,51659.0
SAL-Ei-LM,bom_tubes_p20_ao12_am18_1_m13_ao12_am11_3,12,3,SATISFIED,5.0146,45261.0,63235.0
SAL-Ei-LM,bom_tubes_p20_ao12_am18_1_m13_ao12_am11_3,12,4,SATISFIED,5.0144,45081.0,63353.0
SAL-Ei-LM,bom_tubes_p20_ao12_am18_1_m13_ao12_am11_3,12,5,SATISFIED,5.0126,45261.0,62991.0
SAL-Ei-LM,bom_tubes_p20_ao12_am18_1_m13_ao12_am11_3,12,6,SATISFIED,5.014,45081.0,60441.0
SAL-Ei-LM,bom_tubes_p20_ao12_am18_1_m13_ao12_am11_3,12,7,SATISFIED,5.0146,45061.0,53450.0
SAL-Ei-LM,bom_tubes_p20_ao12_am18_1_m13_ao12_am11_3,12,8,SATISFIED,5.0143,45061.0,50678.0
SAL-Ei-LM,bom_tubes_p20_ao12_am18_1_m13_ao12_am11_3,12,9,SATISFIED,5.0146,45281.0,61976.0
SAL-Ei-LM,bom_tubes_p20_ao12_am18_1_m13_ao12_am11_3,12,10,SATISFIED,5.0141,45061.0,63102.0
SAL-Ei-LM,bom_tubes_p20_ao12_am18_1_m13_ao12_am11_5,12,1,SATISFIED,5.0131,143314.0,48807.0
SAL-Ei-LM,bom_tubes_p20_ao12_am18_1_m13_ao12_am11_5,12,2,SATISFIED,5.0121,144274.0,50428.0
SAL-Ei-LM,bom_tubes_p20_ao12_am18_1_m13_ao12_am11_5,12,3,SATISFIED,5.014,143274.0,38023.0
SAL-Ei-LM,bom_tubes_p20_ao12_am18_1_m13_ao12_am11_5,12,4,SATISFIED,5.0157,143756.0,40355.0
SAL-Ei-LM,bom_tubes_p20_ao12_am18_1_m13_ao12_am11_5,12,5,SATISFIED,5.0114,143447.0,31654.0
SAL-Ei-LM,bom_tubes_p20_ao12_am18_1_m13_ao12_am11_5,12,6,SATISFIED,5.0112,142835.0,40462.0
SAL-Ei-LM,bom_tubes_p20_ao12_am18_1_m13_ao12_am11_5,12,7,SATISFIED,5.0099,144507.0,50864.0
SAL-Ei-LM,bom_tubes_p20_ao12_am18_1_m13_ao12_am11_5,12,8,SATISFIED,5.0136,144274.0,40505.0
SAL-Ei-LM,bom_tubes_p20_ao12_am18_1_m13_ao12_am11_5,12,9,SATISFIED,5.0106,143846.0,50673.0
SAL-Ei-LM,bom_tubes_p20_ao12_am18_1_m13_ao12_am11_5,12,10,SATISFIED,5.013,144348.0,49494.0
SAL-Ei-LM,bom_tubes_p20_ao12_am18_1_m13_ao12_am12_1,12,1,SATISFIED,5.0139,66767.0,47066.0
SAL-Ei-LM,bom_tubes_p20_ao12_am18_1_m13_ao12_am12_1,12,2,SATISFIED,5.0114,66767.0,58507.0
SAL-Ei-LM,bom_tubes_p20_ao12_am18_1_m13_ao12_am12_1,12,3,SATISFIED,5.013,66767.0,49892.0
SAL-Ei-LM,bom_tubes_p20_ao12_am18_1_m13_ao12_am12_1,12,4,SATISFIED,5.0165,66767.0,44930.0
SAL-Ei-LM,bom_tubes_p20_ao12_am18_1_m13_ao12_am12_1,12,5,SATISFIED,5.0161,66767.0,31440.0
SAL-Ei-LM,bom_tubes_p20_ao12_am18_1_m13_ao12_am12_1,12,6,SATISFIED,5.0148,66767.0,46104.0
SAL-Ei-LM,bom_tubes_p20_ao12_am18_1_m13_ao12_am12_1,12,7,SATISFIED,5.0159,66767.0,59027.0
SAL-Ei-LM,bom_tubes_p20_ao12_am18_1_m13_ao12_am12_1,12,8,SATISFIED,5.0182,66767.0,42700.0
SAL-Ei-LM,bom_tubes_p20_ao12_am18_1_m13_ao12_am12_1,12,9,SATISFIED,5.0167,66767.0,43072.0
SAL-Ei-LM,bom_tubes_p20_ao12_am18_1_m13_ao12_am12_1,12,10,SATISFIED,5.0138,67148.0,58822.0
SAL-Ei-LM,bom_tubes_p20_ao12_am18_1_m13_ao12_am13_2,12,1,SATISFIED,5.0124,39831.0,43964.0
SAL-Ei-LM,bom_tubes_p20_ao12_am18_1_m13_ao12_am13_2,12,2,SATISFIED,5.0126,38578.0,53441.0
SAL-Ei-LM,bom_tubes_p20_ao12_am18_1_m13_ao12_am13_2,12,3,SATISFIED,5.0135,36653.0,44029.0
SAL-Ei-LM,bom_tubes_p20_ao12_am18_1_m13_ao12_am13_2,12,4,SATISFIED,5.0173,37627.0,42819.0
SAL-Ei-LM,bom_tubes_p20_ao12_am18_1_m13_ao12_am13_2,12,5,SATISFIED,5.0125,39705.0,39842.0
SAL-Ei-LM,bom_tubes_p20_ao12_am18_1_m13_ao12_am13_2,12,6,SATISFIED,5.014,37747.0,46349.0
SAL-Ei-LM,bom_tubes_p20_ao12_am18_1_m13_ao12_am13_2,12,7,SATISFIED,5.0142,36671.0,55393.0
SAL-Ei-LM,bom_tubes_p20_ao12_am18_1_m13_ao12_am13_2,12,8,SATISFIED,5.0115,36914.0,53962.0
SAL-Ei-LM,bom_tubes_p20_ao12_am18_1_m13_ao12_am13_2,12,9,SATISFIED,5.0121,36997.0,55375.0
SAL-Ei-LM,bom_tubes_p20_ao12_am18_1_m13_ao12_am13_2,12,10,SATISFIED,5.013,38295.0,55188.0
SAL-Ei-LM,bom_tubes_p20_ao12_am18_1_m13_ao12_am13_4,12,1,SATISFIED,5.0145,49500.0,37391.0
SAL-Ei-LM,bom_tubes_p20_ao12_am18_1_m13_ao12_am13_4,12,2,SATISFIED,5.0134,49302.0,48363.0
SAL-Ei-LM,bom_tubes_p20_ao12_am18_1_m13_ao12_am13_4,12,3,SATISFIED,5.0134,49436.0,48525.0
SAL-Ei-LM,bom_tubes_p20_ao12_am18_1_m13_ao12_am13_4,12,4,SATISFIED,5.0159,49478.0,48450.0
SAL-Ei-LM,bom_tubes_p20_ao12_am18_1_m13_ao12_am13_4,12,5,SATISFIED,5.0146,49478.0,48777.0
SAL-Ei-LM,bom_tubes_p20_ao12_am18_1_m13_ao12_am13_4,12,6,SATISFIED,5.0144,49444.0,48209.0
SAL-Ei-LM,bom_tubes_p20_ao12_am18_1_m13_ao12_am13_4,12,7,SATISFIED,5.0148,49405.0,48364.0
SAL-Ei-LM,bom_tubes_p20_ao12_am18_1_m13_ao12_am13_4,12,8,SATISFIED,5.0157,49340.0,42645.0
SAL-Ei-LM,bom_tubes_p20_ao12_am18_1_m13_ao12_am13_4,12,9,SATISFIED,5.015,49496.0,41312.0
SAL-Ei-LM,bom_tubes_p20_ao12_am18_1_m13_ao12_am13_4,12,10,SATISFIED,5.0124,49395.0,47501.0
SAL-Ei-LM,bom_tubes_p20_ao12_am18_1_m30_ao12_am19_2,12,1,SATISFIED,5.0152,10328.0,35409.0
SAL-Ei-LM,bom_tubes_p20_ao12_am18_1_m30_ao12_am19_2,12,2,SATISFIED,5.0171,9720.0,34082.0
SAL-Ei-LM,bom_tubes_p20_ao12_am18_1_m30_ao12_am19_2,12,3,SATISFIED,5.0163,10072.0,25330.0
SAL-Ei-LM,bom_tubes_p20_ao12_am18_1_m30_ao12_am19_2,12,4,SATISFIED,5.0154,9940.0,31978.0
SAL-Ei-LM,bom_tubes_p20_ao12_am18_1_m30_ao12_am19_2,12,5,SATISFIED,5.0173,9780.0,41357.0
SAL-Ei-LM,bom_tubes_p20_ao12_am18_1_m30_ao12_am19_2,12,6,SATISFIED,5.0153,9660.0,44039.0
SAL-Ei-LM,bom_tubes_p20_ao12_am18_1_m30_ao12_am19_2,12,7,SATISFIED,5.0148,9800.0,45125.0
SAL-Ei-LM,bom_tubes_p20_ao12_am18_1_m30_ao12_am19_2,12,8,SATISFIED,5.0147,9660.0,44634.0
SAL-Ei-LM,bom_tubes_p20_ao12_am18_1_m30_ao12_am19_2,12,9,SATISFIED,5.0141,10092.0,35716.0
SAL-Ei-LM,bom_tubes_p20_ao12_am18_1_m30_ao12_am19_2,12,10,SATISFIED,5.0152,10072.0,43039.0
SAL-Ei-LM,bom_tubes_p20_ao12_am18_1_m30_ao12_am19_5,12,1,SATISFIED,5.0146,64065.0,36896.0
SAL-Ei-LM,bom_tubes_p20_ao12_am18_1_m30_ao12_am19_5,12,2,SATISFIED,5.0128,61844.0,36995.0
SAL-Ei-LM,bom_tubes_p20_ao12_am18_1_m30_ao12_am19_5,12,3,SATISFIED,5.0171,64293.0,27587.0
SAL-Ei-LM,bom_tubes_p20_ao12_am18_1_m30_ao12_am19_5,12,4,SATISFIED,5.0157,58545.0,28973.0
SAL-Ei-LM,bom_tubes_p20_ao12_am18_1_m30_ao12_am19_5,12,5,SATISFIED,5.0156,59471.0,36168.0
SAL-Ei-LM,bom_tubes_p20_ao12_am18_1_m30_ao12_am19_5,12,6,SATISFIED,5.0134,58210.0,44345.0
SAL-Ei-LM,bom_tubes_p20_ao12_am18_1_m30_ao12_am19_5,12,7,SATISFIED,5.0146,59434.0,43724.0
SAL-Ei-LM,bom_tubes_p20_ao12_am18_1_m30_ao12_am19_5,12,8,SATISFIED,5.0139,61695.0,36473.0
SAL-Ei-LM,bom_tubes_p20_ao12_am18_1_m30_ao12_am19_5,12,9,SATISFIED,5.0146,59933.0,44666.0
SAL-Ei-LM,bom_tubes_p20_ao12_am18_1_m30_ao12_am19_5,12,10,SATISFIED,5.0162,58102.0,44012.0
SAL-Ei-LM,bom_tubes_p20_ao12_am18_1_m30_ao12_am20_3,12,1,SATISFIED,5.0177,51526.0,37439.0
SAL-Ei-LM,bom_tubes_p20_ao12_am18_1_m30_ao12_am20_3,12,2,SATISFIED,5.0157,49203.0,28507.0
SAL-Ei-LM,bom_tubes_p20_ao12_am18_1_m30_ao12_am20_3,12,3,SATISFIED,5.019,54137.0,36358.0
SAL-Ei-LM,bom_tubes_p20_ao12_am18_1_m30_ao12_am20_3,12,4,SATISFIED,5.0165,48890.0,44037.0
SAL-Ei-LM,bom_tubes_p20_ao12_am18_1_m30_ao12_am20_3,12,5,SATISFIED,5.0178,50377.0,32877.0
SAL-Ei-LM,bom_tubes_p20_ao12_am18_1_m30_ao12_am20_3,12,6,SATISFIED,5.0127,49784.0,37153.0
SAL-Ei-LM,bom_tubes_p20_ao12_am18_1_m30_ao12_am20_3,12,7,SATISFIED,5.0118,49111.0,46360.0
SAL-Ei-LM,bom_tubes_p20_ao12_am18_1_m30_ao12_am20_3,12,8,SATISFIED,5.0127,52391.0,45068.0
SAL-Ei-LM,bom_tubes_p20_ao12_am18_1_m30_ao12_am20_3,12,9,SATISFIED,5.0114,53034.0,45538.0
SAL-Ei-LM,bom_tubes_p20_ao12_am18_1_m30_ao12_am20_3,12,10,SATISFIED,5.0152,47258.0,35343.0
SAL-Ei-LM,bom_tubes_p20_ao12_am18_1_m30_ao12_am22_1,12,1,SATISFIED,5.0168,59875.0,28919.0
SAL-Ei-LM,bom_tubes_p20_ao12_am18_1_m30_ao12_am22_1,12,2,SATISFIED,5.0196,60360.0,27527.0
SAL-Ei-LM,bom_tubes_p20_ao12_am18_1_m30_ao12_am22_1,12,3,SATISFIED,5.0176,56358.0,36496.0
SAL-Ei-LM,bom_tubes_p20_ao12_am18_1_m30_ao12_am22_1,12,4,SATISFIED,5.0195,56739.0,36345.0
SAL-Ei-LM,bom_tubes_p20_ao12_am18_1_m30_ao12_am22_1,12,5,SATISFIED,5.0178,54321.0,40377.0
SAL-Ei-LM,bom_tubes_p20_ao12_am18_1_m30_ao12_am22_1,12,6,SATISFIED,5.0153,61354.0,42585.0
SAL-Ei-LM,bom_tubes_p20_ao12_am18_1_m30_ao12_am22_1,12,7,SATISFIED,5.0144,60615.0,43026.0
SAL-Ei-LM,bom_tubes_p20_ao12_am18_1_m30_ao12_am22_1,12,8,SATISFIED,5.0143,56860.0,32631.0
SAL-Ei-LM,bom_tubes_p20_ao12_am18_1_m30_ao12_am22_1,12,9,SATISFIED,5.0142,60767.0,35675.0
SAL-Ei-LM,bom_tubes_p20_ao12_am18_1_m30_ao12_am22_1,12,10,SATISFIED,5.0141,55643.0,44295.0
SAL-Ei-LM,bom_tubes_p20_ao12_am18_1_m30_ao12_am23_4,12,1,SATISFIED,5.0147,28497.0,45162.0
SAL-Ei-LM,bom_tubes_p20_ao12_am18_1_m30_ao12_am23_4,12,2,SATISFIED,5.0156,27910.0,34277.0
SAL-Ei-LM,bom_tubes_p20_ao12_am18_1_m30_ao12_am23_4,12,3,SATISFIED,5.0171,28849.0,36925.0
SAL-Ei-LM,bom_tubes_p20_ao12_am18_1_m30_ao12_am23_4,12,4,SATISFIED,5.0142,26640.0,38906.0
SAL-Ei-LM,bom_tubes_p20_ao12_am18_1_m30_ao12_am23_4,12,5,SATISFIED,5.013,28302.0,31900.0
SAL-Ei-LM,bom_tubes_p20_ao12_am18_1_m30_ao12_am23_4,12,6,SATISFIED,5.0164,25570.0,36484.0
SAL-Ei-LM,bom_tubes_p20_ao12_am18_1_m30_ao12_am23_4,12,7,SATISFIED,5.0149,25355.0,36649.0
SAL-Ei-LM,bom_tubes_p20_ao12_am18_1_m30_ao12_am23_4,12,8,SATISFIED,5.0166,28667.0,34932.0
SAL-Ei-LM,bom_tubes_p20_ao12_am18_1_m30_ao12_am23_4,12,9,SATISFIED,5.0156,28255.0,31947.0
SAL-Ei-LM,bom_tubes_p20_ao12_am18_1_m30_ao12_am23_4,12,10,SATISFIED,5.0137,28687.0,43474.0
SAL-Ei-LM,bom_tubes_p20_ao12_am18_2,12,1,SATISFIED,5.0145,108058.0,61431.0
SAL-Ei-LM,bom_tubes_p20_ao12_am18_2,12,2,SATISFIED,5.014,107914.0,61094.0
SAL-Ei-LM,bom_tubes_p20_ao12_am18_2,12,3,SATISFIED,5.0153,107414.0,62171.0
SAL-Ei-LM,bom_tubes_p20_ao12_am18_2,12,4,SATISFIED,5.0149,107486.0,50822.0
SAL-Ei-LM,bom_tubes_p20_ao12_am18_2,12,5,SATISFIED,5.0121,108442.0,63717.0
SAL-Ei-LM,bom_tubes_p20_ao12_am18_2,12,6,SATISFIED,5.0134,106618.0,63670.0
SAL-Ei-LM,bom_tubes_p20_ao12_am18_2,12,7,SATISFIED,5.0157,107738.0,64016.0
SAL-Ei-LM,bom_tubes_p20_ao12_am18_2,12,8,SATISFIED,5.0164,108490.0,62972.0
SAL-Ei-LM,bom_tubes_p20_ao12_am18_2,12,9,SATISFIED,5.0156,107958.0,63910.0
SAL-Ei-LM,bom_tubes_p20_ao12_am18_2,12,10,SATISFIED,5.017,107390.0,51656.0
SAL-Ei-LM,bom_tubes_p20_ao12_am18_2_m13_ao12_am12_2,12,1,SATISFIED,5.017,186650.0,44808.0
SAL-Ei-LM,bom_tubes_p20_ao12_am18_2_m13_ao12_am12_2,12,2,SATISFIED,5.0158,186783.0,40916.0
SAL-Ei-LM,bom_tubes_p20_ao12_am18_2_m13_ao12_am12_2,12,3,SATISFIED,5.0144,186819.0,50666.0
SAL-Ei-LM,bom_tubes_p20_ao12_am18_2_m13_ao12_am12_2,12,4,SATISFIED,5.0148,186802.0,44377.0
SAL-Ei-LM,bom_tubes_p20_ao12_am18_2_m13_ao12_am12_2,12,5,SATISFIED,5.0153,186469.0,33053.0
SAL-Ei-LM,bom_tubes_p20_ao12_am18_2_m13_ao12_am12_2,12,6,SATISFIED,5.0145,186435.0,34162.0
SAL-Ei-LM,bom_tubes_p20_ao12_am18_2_m13_ao12_am12_2,12,7,SATISFIED,5.0142,186811.0,47509.0
SAL-Ei-LM,bom_tubes_p20_ao12_am18_2_m13_ao12_am12_2,12,8,SATISFIED,5.0156,186768.0,56645.0
SAL-Ei-LM,bom_tubes_p20_ao12_am18_2_m13_ao12_am12_2,12,9,SATISFIED,5.0157,186279.0,44896.0
SAL-Ei-LM,bom_tubes_p20_ao12_am18_2_m13_ao12_am12_2,12,10,SATISFIED,5.0138,186623.0,55871.0
SAL-Ei-LM,bom_tubes_p20_ao12_am18_2_m13_ao12_am12_3,12,1,SATISFIED,5.0151,238037.0,53621.0
SAL-Ei-LM,bom_tubes_p20_ao12_am18_2_m13_ao12_am12_3,12,2,SATISFIED,5.0157,237585.0,43113.0
SAL-Ei-LM,bom_tubes_p20_ao12_am18_2_m13_ao12_am12_3,12,3,SATISFIED,5.0145,237711.0,59415.0
SAL-Ei-LM,bom_tubes_p20_ao12_am18_2_m13_ao12_am12_3,12,4,SATISFIED,5.0159,238030.0,63210.0
SAL-Ei-LM,bom_tubes_p20_ao12_am18_2_m13_ao12_am12_3,12,5,SATISFIED,5.0141,237423.0,50677.0
SAL-Ei-LM,bom_tubes_p20_ao12_am18_2_m13_ao12_am12_3,12,6,SATISFIED,5.0149,237668.0,51281.0
SAL-Ei-LM,bom_tubes_p20_ao12_am18_2_m13_ao12_am12_3,12,7,SATISFIED,5.0153,237467.0,37337.0
SAL-Ei-LM,bom_tubes_p20_ao12_am18_2_m13_ao12_am12_3,12,8,SATISFIED,5.0154,237959.0,57075.0
SAL-Ei-LM,bom_tubes_p20_ao12_am18_2_m13_ao12_am12_3,12,9,SATISFIED,5.0144,237873.0,62878.0
SAL-Ei-LM,bom_tubes_p20_ao12_am18_2_m13_ao12_am12_3,12,10,SATISFIED,5.0128,237810.0,62203.0
SAL-Ei-LM,bom_tubes_p20_ao12_am18_2_m13_ao12_am13_1,12,1,SATISFIED,5.0162,458627.0,53604.0
SAL-Ei-LM,bom_tubes_p20_ao12_am18_2_m13_ao12_am13_1,12,2,SATISFIED,5.0146,458820.0,43668.0
SAL-Ei-LM,bom_tubes_p20_ao12_am18_2_m13_ao12_am13_1,12,3,SATISFIED,5.0132,458615.0,53013.0
SAL-Ei-LM,bom_tubes_p20_ao12_am18_2_m13_ao12_am13_1,12,4,SATISFIED,5.0172,458411.0,42604.0
SAL-Ei-LM,bom_tubes_p20_ao12_am18_2_m13_ao12_am13_1,12,5,SATISFIED,5.0162,459359.0,36805.0
SAL-Ei-LM,bom_tubes_p20_ao12_am18_2_m13_ao12_am13_1,12,6,SATISFIED,5.0148,458459.0,42866.0
SAL-Ei-LM,bom_tubes_p20_ao12_am18_2_m13_ao12_am13_1,12,7,SATISFIED,5.0142,458395.0,50534.0
SAL-Ei-LM,bom_tubes_p20_ao12_am18_2_m13_ao12_am13_1,12,8,SATISFIED,5.0147,458715.0,51547.0
SAL-Ei-LM,bom_tubes_p20_ao12_am18_2_m13_ao12_am13_1,12,9,SATISFIED,5.0155,458232.0,54821.0
SAL-Ei-LM,bom_tubes_p20_ao12_am18_2_m13_ao12_am13_1,12,10,SATISFIED,5.0154,458295.0,53770.0
SAL-Ei-LM,bom_tubes_p20_ao12_am18_2_m13_ao12_am13_4,12,1,SATISFIED,5.0142,799808.0,51555.0
SAL-Ei-LM,bom_tubes_p20_ao12_am18_2_m13_ao12_am13_4,12,2,SATISFIED,5.0172,798200.0,51787.0
SAL-Ei-LM,bom_tubes_p20_ao12_am18_2_m13_ao12_am13_4,12,3,SATISFIED,5.0164,798979.0,43428.0
SAL-Ei-LM,bom_tubes_p20_ao12_am18_2_m13_ao12_am13_4,12,4,SATISFIED,5.0159,799273.0,38077.0
SAL-Ei-LM,bom_tubes_p20_ao12_am18_2_m13_ao12_am13_4,12,5,SATISFIED,5.0155,799755.0,54175.0
SAL-Ei-LM,bom_tubes_p20_ao12_am18_2_m13_ao12_am13_4,12,6,SATISFIED,5.0159,799790.0,43915.0
SAL-Ei-LM,bom_tubes_p20_ao12_am18_2_m13_ao12_am13_4,12,7,SATISFIED,5.018,799665.0,43351.0
SAL-Ei-LM,bom_tubes_p20_ao12_am18_2_m13_ao12_am13_4,12,8,SATISFIED,5.0149,799775.0,44493.0
SAL-Ei-LM,bom_tubes_p20_ao12_am18_2_m13_ao12_am13_4,12,9,SATISFIED,5.0156,798764.0,53234.0
SAL-Ei-LM,bom_tubes_p20_ao12_am18_2_m13_ao12_am13_4,12,10,SATISFIED,5.0158,798804.0,53395.0
SAL-Ei-LM,bom_tubes_p20_ao12_am18_2_m13_ao12_am13_5,12,1,SATISFIED,5.0148,263822.0,49912.0
SAL-Ei-LM,bom_tubes_p20_ao12_am18_2_m13_ao12_am13_5,12,2,SATISFIED,5.0162,291069.0,40371.0
SAL-Ei-LM,bom_tubes_p20_ao12_am18_2_m13_ao12_am13_5,12,3,SATISFIED,5.0133,277276.0,49936.0
SAL-Ei-LM,bom_tubes_p20_ao12_am18_2_m13_ao12_am13_5,12,4,SATISFIED,5.0122,273477.0,49952.0
SAL-Ei-LM,bom_tubes_p20_ao12_am18_2_m13_ao12_am13_5,12,5,SATISFIED,5.0134,266618.0,39538.0
SAL-Ei-LM,bom_tubes_p20_ao12_am18_2_m13_ao12_am13_5,12,6,SATISFIED,5.017,260496.0,46944.0
SAL-Ei-LM,bom_tubes_p20_ao12_am18_2_m13_ao12_am13_5,12,7,SATISFIED,5.0164,266134.0,46915.0
SAL-Ei-LM,bom_tubes_p20_ao12_am18_2_m13_ao12_am13_5,12,8,SATISFIED,5.0137,251718.0,46489.0
SAL-Ei-LM,bom_tubes_p20_ao12_am18_2_m13_ao12_am13_5,12,9,SATISFIED,5.0167,252558.0,38410.0
SAL-Ei-LM,bom_tubes_p20_ao12_am18_2_m13_ao12_am13_5,12,10,SATISFIED,5.0166,279153.0,38737.0
SAL-Ei-LM,bom_tubes_p20_ao12_am18_2_m30_ao12_am19_3,12,1,SATISFIED,5.0145,56606.0,43786.0
SAL-Ei-LM,bom_tubes_p20_ao12_am18_2_m30_ao12_am19_3,12,2,SATISFIED,5.0149,55497.0,36644.0
SAL-Ei-LM,bom_tubes_p20_ao12_am18_2_m30_ao12_am19_3,12,3,SATISFIED,5.0154,55968.0,44785.0
SAL-Ei-LM,bom_tubes_p20_ao12_am18_2_m30_ao12_am19_3,12,4,SATISFIED,5.0164,55676.0,35203.0
SAL-Ei-LM,bom_tubes_p20_ao12_am18_2_m30_ao12_am19_3,12,5,SATISFIED,5.0162,55451.0,36785.0
SAL-Ei-LM,bom_tubes_p20_ao12_am18_2_m30_ao12_am19_3,12,6,SATISFIED,5.015,55912.0,44557.0
SAL-Ei-LM,bom_tubes_p20_ao12_am18_2_m30_ao12_am19_3,12,7,SATISFIED,5.0157,55656.0,45315.0
SAL-Ei-LM,bom_tubes_p20_ao12_am18_2_m30_ao12_am19_3,12,8,SATISFIED,5.0143,56855.0,46281.0
SAL-Ei-LM,bom_tubes_p20_ao12_am18_2_m30_ao12_am19_3,12,9,SATISFIED,5.0148,55292.0,46008.0
SAL-Ei-LM,bom_tubes_p20_ao12_am18_2_m30_ao12_am19_3,12,10,SATISFIED,5.0138,56308.0,36826.0
SAL-Ei-LM,bom_tubes_p20_ao12_am18_2_m30_ao12_am19_4,12,1,SATISFIED,5.0167,205104.0,41581.0
SAL-Ei-LM,bom_tubes_p20_ao12_am18_2_m30_ao12_am19_4,12,2,SATISFIED,5.0153,227387.0,39364.0
SAL-Ei-LM,bom_tubes_p20_ao12_am18_2_m30_ao12_am19_4,12,3,SATISFIED,5.0157,210572.0,43888.0
SAL-Ei-LM,bom_tubes_p20_ao12_am18_2_m30_ao12_am19_4,12,4,SATISFIED,5.0143,226910.0,34759.0
SAL-Ei-LM,bom_tubes_p20_ao12_am18_2_m30_ao12_am19_4,12,5,SATISFIED,5.015,213866.0,35735.0
SAL-Ei-LM,bom_tubes_p20_ao12_am18_2_m30_ao12_am19_4,12,6,SATISFIED,5.0162,207552.0,43250.0
SAL-Ei-LM,bom_tubes_p20_ao12_am18_2_m30_ao12_am19_4,12,7,SATISFIED,5.0145,226238.0,43981.0
SAL-Ei-LM,bom_tubes_p20_ao12_am18_2_m30_ao12_am19_4,12,8,SATISFIED,5.0144,202943.0,35988.0
SAL-Ei-LM,bom_tubes_p20_ao12_am18_2_m30_ao12_am19_4,12,9,SATISFIED,5.0154,226367.0,43743.0
SAL-Ei-LM,bom_tubes_p20_ao12_am18_2_m30_ao12_am19_4,12,10,SATISFIED,5.015,200956.0,31632.0
SAL-Ei-LM,bom_tubes_p20_ao12_am18_2_m30_ao12_am20_1,12,1,SATISFIED,5.0156,218050.0,45585.0
SAL-Ei-LM,bom_tubes_p20_ao12_am18_2_m30_ao12_am20_1,12,2,SATISFIED,5.0161,183059.0,35812.0
SAL-Ei-LM,bom_tubes_p20_ao12_am18_2_m30_ao12_am20_1,12,3,SATISFIED,5.0124,218154.0,35348.0
SAL-Ei-LM,bom_tubes_p20_ao12_am18_2_m30_ao12_am20_1,12,4,SATISFIED,5.0142,188156.0,36026.0
SAL-Ei-LM,bom_tubes_p20_ao12_am18_2_m30_ao12_am20_1,12,5,SATISFIED,5.0153,217652.0,44484.0
SAL-Ei-LM,bom_tubes_p20_ao12_am18_2_m30_ao12_am20_1,12,6,SATISFIED,5.0129,175200.0,36410.0
SAL-Ei-LM,bom_tubes_p20_ao12_am18_2_m30_ao12_am20_1,12,7,SATISFIED,5.0141,216907.0,45807.0
SAL-Ei-LM,bom_tubes_p20_ao12_am18_2_m30_ao12_am20_1,12,8,SATISFIED,5.016,168995.0,44907.0
SAL-Ei-LM,bom_tubes_p20_ao12_am18_2_m30_ao12_am20_1,12,9,SATISFIED,5.0157,183246.0,44140.0
SAL-Ei-LM,bom_tubes_p20_ao12_am18_2_m30_ao12_am20_1,12,10,SATISFIED,5.017,187916.0,44729.0
SAL-Ei-LM,bom_tubes_p20_ao12_am18_2_m30_ao12_am21_2,12,1,SATISFIED,5.0159,44375.0,46085.0
SAL-Ei-LM,bom_tubes_p20_ao12_am18_2_m30_ao12_am21_2,12,2,SATISFIED,5.0153,44026.0,43238.0
SAL-Ei-LM,bom_tubes_p20_ao12_am18_2_m30_ao12_am21_2,12,3,SATISFIED,5.0164,44515.0,30108.0
SAL-Ei-LM,bom_tubes_p20_ao12_am18_2_m30_ao12_am21_2,12,4,SATISFIED,5.0146,43955.0,44598.0
SAL-Ei-LM,bom_tubes_p20_ao12_am18_2_m30_ao12_am21_2,12,5,SATISFIED,5.0138,44287.0,43249.0
SAL-Ei-LM,bom_tubes_p20_ao12_am18_2_m30_ao12_am21_2,12,6,SATISFIED,5.0139,43867.0,36739.0
SAL-Ei-LM,bom_tubes_p20_ao12_am18_2_m30_ao12_am21_2,12,7,SATISFIED,5.0188,43927.0,34962.0
SAL-Ei-LM,bom_tubes_p20_ao12_am18_2_m30_ao12_am21_2,12,8,SATISFIED,5.0146,44082.0,42281.0
SAL-Ei-LM,bom_tubes_p20_ao12_am18_2_m30_ao12_am21_2,12,9,SATISFIED,5.0161,44231.0,42985.0
SAL-Ei-LM,bom_tubes_p20_ao12_am18_2_m30_ao12_am21_2,12,10,SATISFIED,5.0185,43875.0,37006.0
SAL-Ei-LM,bom_tubes_p20_ao12_am18_2_m30_ao12_am21_5,12,1,SATISFIED,5.0158,67250.0,35280.0
SAL-Ei-LM,bom_tubes_p20_ao12_am18_2_m30_ao12_am21_5,12,2,SATISFIED,5.0134,70673.0,41710.0
SAL-Ei-LM,bom_tubes_p20_ao12_am18_2_m30_ao12_am21_5,12,3,SATISFIED,5.0144,64330.0,41350.0
SAL-Ei-LM,bom_tubes_p20_ao12_am18_2_m30_ao12_am21_5,12,4,SATISFIED,5.0162,67323.0,34218.0
SAL-Ei-LM,bom_tubes_p20_ao12_am18_2_m30_ao12_am21_5,12,5,SATISFIED,5.0132,63114.0,44695.0
SAL-Ei-LM,bom_tubes_p20_ao12_am18_2_m30_ao12_am21_5,12,6,SATISFIED,5.0139,62647.0,44768.0
SAL-Ei-LM,bom_tubes_p20_ao12_am18_2_m30_ao12_am21_5,12,7,SATISFIED,5.0157,68151.0,45312.0
SAL-Ei-LM,bom_tubes_p20_ao12_am18_2_m30_ao12_am21_5,12,8,SATISFIED,5.0125,60883.0,45453.0
SAL-Ei-LM,bom_tubes_p20_ao12_am18_2_m30_ao12_am21_5,12,9,SATISFIED,5.015,61643.0,45632.0
SAL-Ei-LM,bom_tubes_p20_ao12_am18_2_m30_ao12_am21_5,12,10,SATISFIED,5.0162,70931.0,45659.0
SAL-Ei-LM,bom_tubes_p20_ao12_am18_3,12,1,SATISFIED,5.0177,31520.0,67230.0
SAL-Ei-LM,bom_tubes_p20_ao12_am18_3,12,2,SATISFIED,5.0144,30340.0,65859.0
SAL-Ei-LM,bom_tubes_p20_ao12_am18_3,12,3,SATISFIED,5.013,31760.0,66880.0
SAL-Ei-LM,bom_tubes_p20_ao12_am18_3,12,4,SATISFIED,5.0155,31464.0,67031.0
SAL-Ei-LM,bom_tubes_p20_ao12_am18_3,12,5,SATISFIED,5.0149,30920.0,66238.0
SAL-Ei-LM,bom_tubes_p20_ao12_am18_3,12,6,SATISFIED,5.016,31304.0,66472.0
SAL-Ei-LM,bom_tubes_p20_ao12_am18_3,12,7,SATISFIED,5.0142,30640.0,66722.0
SAL-Ei-LM,bom_tubes_p20_ao12_am18_3,12,8,SATISFIED,5.0137,31288.0,65734.0
SAL-Ei-LM,bom_tubes_p20_ao12_am18_3,12,9,SATISFIED,5.0137,30880.0,67730.0
SAL-Ei-LM,bom_tubes_p20_ao12_am18_3,12,10,SATISFIED,5.0172,31320.0,54925.0
SAL-Ei-LM,bom_tubes_p20_ao12_am18_3_m13_ao12_am11_3,12,1,SATISFIED,5.0181,13823.0,37993.0
SAL-Ei-LM,bom_tubes_p20_ao12_am18_3_m13_ao12_am11_3,12,2,SATISFIED,5.0165,14100.0,55391.0
SAL-Ei-LM,bom_tubes_p20_ao12_am18_3_m13_ao12_am11_3,12,3,SATISFIED,5.0146,14116.0,65211.0
SAL-Ei-LM,bom_tubes_p20_ao12_am18_3_m13_ao12_am11_3,12,4,SATISFIED,5.0149,14140.0,66979.0
SAL-Ei-LM,bom_tubes_p20_ao12_am18_3_m13_ao12_am11_3,12,5,SATISFIED,5.0145,13796.0,54966.0
SAL-Ei-LM,bom_tubes_p20_ao12_am18_3_m13_ao12_am11_3,12,6,SATISFIED,5.0152,13849.0,55134.0
SAL-Ei-LM,bom_tubes_p20_ao12_am18_3_m13_ao12_am11_3,12,7,SATISFIED,5.0163,13978.0,66227.0
SAL-Ei-LM,bom_tubes_p20_ao12_am18_3_m13_ao12_am11_3,12,8,SATISFIED,5.0155,13835.0,68424.0
SAL-Ei-LM,bom_tubes_p20_ao12_am18_3_m13_ao12_am11_3,12,9,SATISFIED,5.0177,14180.0,54121.0
SAL-Ei-LM,bom_tubes_p20_ao12_am18_3_m13_ao12_am11_3,12,10,SATISFIED,5.0175,13928.0,54921.0
SAL-Ei-LM,bom_tubes_p20_ao12_am18_3_m13_ao12_am12_1,12,1,SATISFIED,5.0154,32258.0,35590.0
SAL-Ei-LM,bom_tubes_p20_ao12_am18_3_m13_ao12_am12_1,12,2,SATISFIED,5.0169,31154.0,46008.0
SAL-Ei-LM,bom_tubes_p20_ao12_am18_3_m13_ao12_am12_1,12,3,SATISFIED,5.0136,32054.0,56808.0
SAL-Ei-LM,bom_tubes_p20_ao12_am18_3_m13_ao12_am12_1,12,4,SATISFIED,5.0141,32274.0,57334.0
SAL-Ei-LM,bom_tubes_p20_ao12_am18_3_m13_ao12_am12_1,12,5,SATISFIED,5.0134,31446.0,57150.0
SAL-Ei-LM,bom_tubes_p20_ao12_am18_3_m13_ao12_am12_1,12,6,SATISFIED,5.0127,31394.0,57191.0
SAL-Ei-LM,bom_tubes_p20_ao12_am18_3_m13_ao12_am12_1,12,7,SATISFIED,5.0147,31114.0,57306.0
SAL-Ei-LM,bom_tubes_p20_ao12_am18_3_m13_ao12_am12_1,12,8,SATISFIED,5.0153,31274.0,57532.0
SAL-Ei-LM,bom_tubes_p20_ao12_am18_3_m13_ao12_am12_1,12,9,SATISFIED,5.0152,32274.0,57194.0
SAL-Ei-LM,bom_tubes_p20_ao12_am18_3_m13_ao12_am12_1,12,10,SATISFIED,5.0152,31222.0,57166.0
SAL-Ei-LM,bom_tubes_p20_ao12_am18_3_m13_ao12_am12_2,12,1,SATISFIED,5.0158,47847.0,63244.0
SAL-Ei-LM,bom_tubes_p20_ao12_am18_3_m13_ao12_am12_2,12,2,SATISFIED,5.0139,47742.0,62818.0
SAL-Ei-LM,bom_tubes_p20_ao12_am18_3_m13_ao12_am12_2,12,3,SATISFIED,5.0149,47732.0,62853.0
SAL-Ei-LM,bom_tubes_p20_ao12_am18_3_m13_ao12_am12_2,12,4,SATISFIED,5.0135,47748.0,62776.0
SAL-Ei-LM,bom_tubes_p20_ao12_am18_3_m13_ao12_am12_2,12,5,SATISFIED,5.0139,47734.0,63559.0
SAL-Ei-LM,bom_tubes_p20_ao12_am18_3_m13_ao12_am12_2,12,6,SATISFIED,5.0178,47852.0,38945.0
SAL-Ei-LM,bom_tubes_p20_ao12_am18_3_m13_ao12_am12_2,12,7,SATISFIED,5.0155,47807.0,50647.0
SAL-Ei-LM,bom_tubes_p20_ao12_am18_3_m13_ao12_am12_2,12,8,SATISFIED,5.0161,47818.0,63261.0
SAL-Ei-LM,bom_tubes_p20_ao12_am18_3_m13_ao12_am12_2,12,9,SATISFIED,5.018,47840.0,38313.0
SAL-Ei-LM,bom_tubes_p20_ao12_am18_3_m13_ao12_am12_2,12,10,SATISFIED,5.015,47808.0,50878.0
SAL-Ei-LM,bom_tubes_p20_ao12_am18_3_m13_ao12_am13_4,12,1,SATISFIED,5.013,16045.0,48702.0
SAL-Ei-LM,bom_tubes_p20_ao12_am18_3_m13_ao12_am13_4,12,2,SATISFIED,5.0148,15825.0,48795.0
SAL-Ei-LM,bom_tubes_p20_ao12_am18_3_m13_ao12_am13_4,12,3,SATISFIED,5.0156,16057.0,48869.0
SAL-Ei-LM,bom_tubes_p20_ao12_am18_3_m13_ao12_am13_4,12,4,SATISFIED,5.0122,16103.0,48399.0
SAL-Ei-LM,bom_tubes_p20_ao12_am18_3_m13_ao12_am13_4,12,5,SATISFIED,5.014,16050.0,48589.0
SAL-Ei-LM,bom_tubes_p20_ao12_am18_3_m13_ao12_am13_4,12,6,SATISFIED,5.0144,15839.0,48090.0
SAL-Ei-LM,bom_tubes_p20_ao12_am18_3_m13_ao12_am13_4,12,7,SATISFIED,5.014,15885.0,48510.0
SAL-Ei-LM,bom_tubes_p20_ao12_am18_3_m13_ao12_am13_4,12,8,SATISFIED,5.0141,15686.0,47972.0
SAL-Ei-LM,bom_tubes_p20_ao12_am18_3_m13_ao12_am13_4,12,9,SATISFIED,5.0136,15940.0,48517.0
SAL-Ei-LM,bom_tubes_p20_ao12_am18_3_m13_ao12_am13_4,12,10,SATISFIED,5.0132,16012.0,48459.0
SAL-Ei-LM,bom_tubes_p20_ao12_am18_3_m13_ao12_am13_5,12,1,SATISFIED,5.0184,28670.0,40980.0
SAL-Ei-LM,bom_tubes_p20_ao12_am18_3_m13_ao12_am13_5,12,2,SATISFIED,5.0136,29268.0,41633.0
SAL-Ei-LM,bom_tubes_p20_ao12_am18_3_m13_ao12_am13_5,12,3,SATISFIED,5.0182,30496.0,41220.0
SAL-Ei-LM,bom_tubes_p20_ao12_am18_3_m13_ao12_am13_5,12,4,SATISFIED,5.0184,29052.0,42069.0
SAL-Ei-LM,bom_tubes_p20_ao12_am18_3_m13_ao12_am13_5,12,5,SATISFIED,5.0167,28954.0,51843.0
SAL-Ei-LM,bom_tubes_p20_ao12_am18_3_m13_ao12_am13_5,12,6,SATISFIED,5.016,29200.0,42463.0
SAL-Ei-LM,bom_tubes_p20_ao12_am18_3_m13_ao12_am13_5,12,7,SATISFIED,5.0149,28032.0,52475.0
SAL-Ei-LM,bom_tubes_p20_ao12_am18_3_m13_ao12_am13_5,12,8,SATISFIED,5.0142,28016.0,52661.0
SAL-Ei-LM,bom_tubes_p20_ao12_am18_3_m13_ao12_am13_5,12,9,SATISFIED,5.012,28761.0,52734.0
SAL-Ei-LM,bom_tubes_p20_ao12_am18_3_m13_ao12_am13_5,12,10,SATISFIED,5.0133,27934.0,52568.0
SAL-Ei-LM,bom_tubes_p20_ao12_am18_3_m30_ao12_am20_1,12,1,SATISFIED,5.016,21342.0,45150.0
SAL-Ei-LM,bom_tubes_p20_ao12_am18_3_m30_ao12_am20_1,12,2,SATISFIED,5.0167,22089.0,45833.0
SAL-Ei-LM,bom_tubes_p20_ao12_am18_3_m30_ao12_am20_1,12,3,SATISFIED,5.0178,21893.0,36559.0
SAL-Ei-LM,bom_tubes_p20_ao12_am18_3_m30_ao12_am20_1,12,4,SATISFIED,5.0163,21961.0,36763.0
SAL-Ei-LM,bom_tubes_p20_ao12_am18_3_m30_ao12_am20_1,12,5,SATISFIED,5.0148,21785.0,45776.0
SAL-Ei-LM,bom_tubes_p20_ao12_am18_3_m30_ao12_am20_1,12,6,SATISFIED,5.0177,21093.0,35621.0
SAL-Ei-LM,bom_tubes_p20_ao12_am18_3_m30_ao12_am20_1,12,7,SATISFIED,5.0187,21681.0,41924.0
SAL-Ei-LM,bom_tubes_p20_ao12_am18_3_m30_ao12_am20_1,12,8,SATISFIED,5.0119,21189.0,46062.0
SAL-Ei-LM,bom_tubes_p20_ao12_am18_3_m30_ao12_am20_1,12,9,SATISFIED,5.0163,21725.0,36069.0
SAL-Ei-LM,bom_tubes_p20_ao12_am18_3_m30_ao12_am20_1,12,10,SATISFIED,5.0162,21833.0,43670.0
SAL-Ei-LM,bom_tubes_p20_ao12_am18_3_m30_ao12_am20_3,12,1,SATISFIED,5.0173,25808.0,42010.0
SAL-Ei-LM,bom_tubes_p20_ao12_am18_3_m30_ao12_am20_3,12,2,SATISFIED,5.0188,24999.0,38364.0
SAL-Ei-LM,bom_tubes_p20_ao12_am18_3_m30_ao12_am20_3,12,3,SATISFIED,5.0173,24881.0,36281.0
SAL-Ei-LM,bom_tubes_p20_ao12_am18_3_m30_ao12_am20_3,12,4,SATISFIED,5.015,25019.0,44982.0
SAL-Ei-LM,bom_tubes_p20_ao12_am18_3_m30_ao12_am20_3,12,5,SATISFIED,5.0151,26225.0,44495.0
SAL-Ei-LM,bom_tubes_p20_ao12_am18_3_m30_ao12_am20_3,12,6,SATISFIED,5.0168,25269.0,25820.0
SAL-Ei-LM,bom_tubes_p20_ao12_am18_3_m30_ao12_am20_3,12,7,SATISFIED,5.0134,25548.0,44344.0
SAL-Ei-LM,bom_tubes_p20_ao12_am18_3_m30_ao12_am20_3,12,8,SATISFIED,5.0131,26201.0,45829.0
SAL-Ei-LM,bom_tubes_p20_ao12_am18_3_m30_ao12_am20_3,12,9,SATISFIED,5.0155,24738.0,45181.0
SAL-Ei-LM,bom_tubes_p20_ao12_am18_3_m30_ao12_am20_3,12,10,SATISFIED,5.018,26298.0,45591.0
SAL-Ei-LM,bom_tubes_p20_ao12_am18_3_m30_ao12_am21_2,12,1,SATISFIED,5.0158,21177.0,44070.0
SAL-Ei-LM,bom_tubes_p20_ao12_am18_3_m30_ao12_am21_2,12,2,SATISFIED,5.0165,20625.0,43938.0
SAL-Ei-LM,bom_tubes_p20_ao12_am18_3_m30_ao12_am21_2,12,3,SATISFIED,5.0149,21420.0,44091.0
SAL-Ei-LM,bom_tubes_p20_ao12_am18_3_m30_ao12_am21_2,12,4,SATISFIED,5.0155,21349.0,43849.0
SAL-Ei-LM,bom_tubes_p20_ao12_am18_3_m30_ao12_am21_2,12,5,SATISFIED,5.0157,21269.0,43409.0
SAL-Ei-LM,bom_tubes_p20_ao12_am18_3_m30_ao12_am21_2,12,6,SATISFIED,5.0176,21189.0,34396.0
SAL-Ei-LM,bom_tubes_p20_ao12_am18_3_m30_ao12_am21_2,12,7,SATISFIED,5.0183,21353.0,27647.0
SAL-Ei-LM,bom_tubes_p20_ao12_am18_3_m30_ao12_am21_2,12,8,SATISFIED,5.0196,20787.0,34525.0
SAL-Ei-LM,bom_tubes_p20_ao12_am18_3_m30_ao12_am21_2,12,9,SATISFIED,5.0169,20521.0,41910.0
SAL-Ei-LM,bom_tubes_p20_ao12_am18_3_m30_ao12_am21_2,12,10,SATISFIED,5.015,21706.0,43402.0
SAL-Ei-LM,bom_tubes_p20_ao12_am18_3_m30_ao12_am21_5,12,1,SATISFIED,5.0173,8758.0,34944.0
SAL-Ei-LM,bom_tubes_p20_ao12_am18_3_m30_ao12_am21_5,12,2,SATISFIED,5.0159,8998.0,38073.0
SAL-Ei-LM,bom_tubes_p20_ao12_am18_3_m30_ao12_am21_5,12,3,SATISFIED,5.0166,8858.0,36720.0
SAL-Ei-LM,bom_tubes_p20_ao12_am18_3_m30_ao12_am21_5,12,4,SATISFIED,5.0157,9038.0,35969.0
SAL-Ei-LM,bom_tubes_p20_ao12_am18_3_m30_ao12_am21_5,12,5,SATISFIED,5.0157,8698.0,43528.0
SAL-Ei-LM,bom_tubes_p20_ao12_am18_3_m30_ao12_am21_5,12,6,SATISFIED,5.0165,9058.0,36570.0
SAL-Ei-LM,bom_tubes_p20_ao12_am18_3_m30_ao12_am21_5,12,7,SATISFIED,5.0175,8798.0,35266.0
SAL-Ei-LM,bom_tubes_p20_ao12_am18_3_m30_ao12_am21_5,12,8,SATISFIED,5.0164,9038.0,34814.0
SAL-Ei-LM,bom_tubes_p20_ao12_am18_3_m30_ao12_am21_5,12,9,SATISFIED,5.0153,8958.0,35293.0
SAL-Ei-LM,bom_tubes_p20_ao12_am18_3_m30_ao12_am21_5,12,10,SATISFIED,5.0157,8938.0,43183.0
SAL-Ei-LM,bom_tubes_p20_ao12_am18_3_m30_ao12_am22_4,12,1,SATISFIED,5.0144,15027.0,43648.0
SAL-Ei-LM,bom_tubes_p20_ao12_am18_3_m30_ao12_am22_4,12,2,SATISFIED,5.0154,15339.0,43924.0
SAL-Ei-LM,bom_tubes_p20_ao12_am18_3_m30_ao12_am22_4,12,3,SATISFIED,5.016,14858.0,34976.0
SAL-Ei-LM,bom_tubes_p20_ao12_am18_3_m30_ao12_am22_4,12,4,SATISFIED,5.0165,14876.0,35050.0
SAL-Ei-LM,bom_tubes_p20_ao12_am18_3_m30_ao12_am22_4,12,5,SATISFIED,5.0142,15362.0,43693.0
SAL-Ei-LM,bom_tubes_p20_ao12_am18_3_m30_ao12_am22_4,12,6,SATISFIED,5.013,15428.0,44107.0
SAL-Ei-LM,bom_tubes_p20_ao12_am18_3_m30_ao12_am22_4,12,7,SATISFIED,5.0154,15923.0,43379.0
SAL-Ei-LM,bom_tubes_p20_ao12_am18_3_m30_ao12_am22_4,12,8,SATISFIED,5.0154,15506.0,43697.0
SAL-Ei-LM,bom_tubes_p20_ao12_am18_3_m30_ao12_am22_4,12,9,SATISFIED,5.0138,16118.0,37881.0
SAL-Ei-LM,bom_tubes_p20_ao12_am18_3_m30_ao12_am22_4,12,10,SATISFIED,5.0153,15118.0,42312.0
SAL-Ei-LM,bom_tubes_p20_ao12_am18_4,12,1,SATISFIED,5.0147,910964.0,43207.0
SAL-Ei-LM,bom_tubes_p20_ao12_am18_4,12,2,SATISFIED,5.0132,911248.0,47340.0
SAL-Ei-LM,bom_tubes_p20_ao12_am18_4,12,3,SATISFIED,5.0131,910732.0,49461.0
SAL-Ei-LM,bom_tubes_p20_ao12_am18_4,12,4,SATISFIED,5.0164,911396.0,52799.0
SAL-Ei-LM,bom_tubes_p20_ao12_am18_4,12,5,SATISFIED,5.0188,910844.0,52236.0
SAL-Ei-LM,bom_tubes_p20_ao12_am18_4,12,6,SATISFIED,5.0158,910516.0,62097.0
SAL-Ei-LM,bom_tubes_p20_ao12_am18_4,12,7,SATISFIED,5.0179,911340.0,62023.0
SAL-Ei-LM,bom_tubes_p20_ao12_am18_4,12,8,SATISFIED,5.0154,910432.0,63113.0
SAL-Ei-LM,bom_tubes_p20_ao12_am18_4,12,9,SATISFIED,5.0177,911344.0,63388.0
SAL-Ei-LM,bom_tubes_p20_ao12_am18_4,12,10,SATISFIED,5.0161,911540.0,49169.0
SAL-Ei-LM,bom_tubes_p20_ao12_am18_4_m13_ao12_am11_5,12,1,SATISFIED,5.016,241978.0,39784.0
SAL-Ei-LM,bom_tubes_p20_ao12_am18_4_m13_ao12_am11_5,12,2,SATISFIED,5.0166,271794.0,46645.0
SAL-Ei-LM,bom_tubes_p20_ao12_am18_4_m13_ao12_am11_5,12,3,SATISFIED,5.0191,272074.0,39025.0
SAL-Ei-LM,bom_tubes_p20_ao12_am18_4_m13_ao12_am11_5,12,4,SATISFIED,5.0178,244642.0,32240.0
SAL-Ei-LM,bom_tubes_p20_ao12_am18_4_m13_ao12_am11_5,12,5,SATISFIED,5.0156,290920.0,55044.0
SAL-Ei-LM,bom_tubes_p20_ao12_am18_4_m13_ao12_am11_5,12,6,SATISFIED,5.015,258900.0,47628.0
SAL-Ei-LM,bom_tubes_p20_ao12_am18_4_m13_ao12_am11_5,12,7,SATISFIED,5.0145,258620.0,47818.0
SAL-Ei-LM,bom_tubes_p20_ao12_am18_4_m13_ao12_am11_5,12,8,SATISFIED,5.0121,296780.0,53571.0
SAL-Ei-LM,bom_tubes_p20_ao12_am18_4_m13_ao12_am11_5,12,9,SATISFIED,5.0136,272154.0,44292.0
SAL-Ei-LM,bom_tubes_p20_ao12_am18_4_m13_ao12_am11_5,12,10,SATISFIED,5.0141,271914.0,34468.0
SAL-Ei-LM,bom_tubes_p20_ao12_am18_4_m13_ao12_am12_2,12,1,SATISFIED,5.0139,34298.0,47903.0
SAL-Ei-LM,bom_tubes_p20_ao12_am18_4_m13_ao12_am12_2,12,2,SATISFIED,5.0149,34862.0,49292.0
SAL-Ei-LM,bom_tubes_p20_ao12_am18_4_m13_ao12_am12_2,12,3,SATISFIED,5.0136,34814.0,51383.0
SAL-Ei-LM,bom_tubes_p20_ao12_am18_4_m13_ao12_am12_2,12,4,SATISFIED,5.013,35142.0,50530.0
SAL-Ei-LM,bom_tubes_p20_ao12_am18_4_m13_ao12_am12_2,12,5,SATISFIED,5.0133,34677.0,50179.0
SAL-Ei-LM,bom_tubes_p20_ao12_am18_4_m13_ao12_am12_2,12,6,SATISFIED,5.0149,35333.0,50102.0
SAL-Ei-LM,bom_tubes_p20_ao12_am18_4_m13_ao12_am12_2,12,7,SATISFIED,5.0149,35154.0,49486.0
SAL-Ei-LM,bom_tubes_p20_ao12_am18_4_m13_ao12_am12_2,12,8,SATISFIED,5.0123,34565.0,50233.0
SAL-Ei-LM,bom_tubes_p20_ao12_am18_4_m13_ao12_am12_2,12,9,SATISFIED,5.0141,35617.0,50496.0
SAL-Ei-LM,bom_tubes_p20_ao12_am18_4_m13_ao12_am12_2,12,10,SATISFIED,5.0169,34634.0,50173.0
SAL-Ei-LM,bom_tubes_p20_ao12_am18_4_m13_ao12_am12_3,12,1,SATISFIED,5.0146,353164.0,45208.0
SAL-Ei-LM,bom_tubes_p20_ao12_am18_4_m13_ao12_am12_3,12,2,SATISFIED,5.0143,336661.0,45050.0
SAL-Ei-LM,bom_tubes_p20_ao12_am18_4_m13_ao12_am12_3,12,3,SATISFIED,5.0147,366907.0,55968.0
SAL-Ei-LM,bom_tubes_p20_ao12_am18_4_m13_ao12_am12_3,12,4,SATISFIED,5.0164,390251.0,54983.0
SAL-Ei-LM,bom_tubes_p20_ao12_am18_4_m13_ao12_am12_3,12,5,SATISFIED,5.0149,365983.0,55791.0
SAL-Ei-LM,bom_tubes_p20_ao12_am18_4_m13_ao12_am12_3,12,6,SATISFIED,5.0129,366830.0,55755.0
SAL-Ei-LM,bom_tubes_p20_ao12_am18_4_m13_ao12_am12_3,12,7,SATISFIED,5.0145,366442.0,44759.0
SAL-Ei-LM,bom_tubes_p20_ao12_am18_4_m13_ao12_am12_3,12,8,SATISFIED,5.0168,351848.0,38820.0
SAL-Ei-LM,bom_tubes_p20_ao12_am18_4_m13_ao12_am12_3,12,9,SATISFIED,5.0183,367242.0,45185.0
SAL-Ei-LM,bom_tubes_p20_ao12_am18_4_m13_ao12_am12_3,12,10,SATISFIED,5.0122,368334.0,44247.0
SAL-Ei-LM,bom_tubes_p20_ao12_am18_4_m13_ao12_am13_1,12,1,SATISFIED,5.012,748620.0,57528.0
SAL-Ei-LM,bom_tubes_p20_ao12_am18_4_m13_ao12_am13_1,12,2,SATISFIED,5.0118,747900.0,46434.0
SAL-Ei-LM,bom_tubes_p20_ao12_am18_4_m13_ao12_am13_1,12,3,SATISFIED,5.0134,748800.0,36389.0
SAL-Ei-LM,bom_tubes_p20_ao12_am18_4_m13_ao12_am13_1,12,4,SATISFIED,5.0154,748840.0,58296.0
SAL-Ei-LM,bom_tubes_p20_ao12_am18_4_m13_ao12_am13_1,12,5,SATISFIED,5.0144,747680.0,58066.0
SAL-Ei-LM,bom_tubes_p20_ao12_am18_4_m13_ao12_am13_1,12,6,SATISFIED,5.0114,748760.0,47299.0
SAL-Ei-LM,bom_tubes_p20_ao12_am18_4_m13_ao12_am13_1,12,7,SATISFIED,5.012,748080.0,55791.0
SAL-Ei-LM,bom_tubes_p20_ao12_am18_4_m13_ao12_am13_1,12,8,SATISFIED,5.0174,747920.0,36109.0
SAL-Ei-LM,bom_tubes_p20_ao12_am18_4_m13_ao12_am13_1,12,9,SATISFIED,5.0165,747720.0,41806.0
SAL-Ei-LM,bom_tubes_p20_ao12_am18_4_m13_ao12_am13_1,12,10,SATISFIED,5.0178,747780.0,53207.0
SAL-Ei-LM,bom_tubes_p20_ao12_am18_4_m13_ao12_am13_4,12,1,SATISFIED,5.0136,554011.0,45751.0
SAL-Ei-LM,bom_tubes_p20_ao12_am18_4_m13_ao12_am13_4,12,2,SATISFIED,5.0094,554011.0,45989.0
SAL-Ei-LM,bom_tubes_p20_ao12_am18_4_m13_ao12_am13_4,12,3,SATISFIED,5.0096,553911.0,57172.0
SAL-Ei-LM,bom_tubes_p20_ao12_am18_4_m13_ao12_am13_4,12,4,SATISFIED,5.0094,554001.0,58005.0
SAL-Ei-LM,bom_tubes_p20_ao12_am18_4_m13_ao12_am13_4,12,5,SATISFIED,5.012,553911.0,36445.0
SAL-Ei-LM,bom_tubes_p20_ao12_am18_4_m13_ao12_am13_4,12,6,SATISFIED,5.0146,554091.0,46253.0
SAL-Ei-LM,bom_tubes_p20_ao12_am18_4_m13_ao12_am13_4,12,7,SATISFIED,5.0165,553911.0,56576.0
SAL-Ei-LM,bom_tubes_p20_ao12_am18_4_m13_ao12_am13_4,12,8,SATISFIED,5.0155,554131.0,55390.0
SAL-Ei-LM,bom_tubes_p20_ao12_am18_4_m13_ao12_am13_4,12,9,SATISFIED,5.0166,554151.0,45502.0
SAL-Ei-LM,bom_tubes_p20_ao12_am18_4_m13_ao12_am13_4,12,10,SATISFIED,5.0163,554111.0,57056.0
SAL-Ei-LM,bom_tubes_p20_ao12_am18_4_m30_ao12_am20_2,12,1,SATISFIED,5.0152,70571.0,44239.0
SAL-Ei-LM,bom_tubes_p20_ao12_am18_4_m30_ao12_am20_2,12,2,SATISFIED,5.015,77210.0,43989.0
SAL-Ei-LM,bom_tubes_p20_ao12_am18_4_m30_ao12_am20_2,12,3,SATISFIED,5.0136,72194.0,36723.0
SAL-Ei-LM,bom_tubes_p20_ao12_am18_4_m30_ao12_am20_2,12,4,SATISFIED,5.0132,79462.0,27478.0
SAL-Ei-LM,bom_tubes_p20_ao12_am18_4_m30_ao12_am20_2,12,5,SATISFIED,5.0168,67711.0,35001.0
SAL-Ei-LM,bom_tubes_p20_ao12_am18_4_m30_ao12_am20_2,12,6,SATISFIED,5.0154,69359.0,32653.0
SAL-Ei-LM,bom_tubes_p20_ao12_am18_4_m30_ao12_am20_2,12,7,SATISFIED,5.0126,78364.0,44199.0
SAL-Ei-LM,bom_tubes_p20_ao12_am18_4_m30_ao12_am20_2,12,8,SATISFIED,5.0124,72867.0,44138.0
SAL-Ei-LM,bom_tubes_p20_ao12_am18_4_m30_ao12_am20_2,12,9,SATISFIED,5.0145,79767.0,44361.0
SAL-Ei-LM,bom_tubes_p20_ao12_am18_4_m30_ao12_am20_2,12,10,SATISFIED,5.0183,81396.0,35913.0
SAL-Ei-LM,bom_tubes_p20_ao12_am18_4_m30_ao12_am20_3,12,1,SATISFIED,5.0169,569971.0,35590.0
SAL-Ei-LM,bom_tubes_p20_ao12_am18_4_m30_ao12_am20_3,12,2,SATISFIED,5.0162,627873.0,43645.0
SAL-Ei-LM,bom_tubes_p20_ao12_am18_4_m30_ao12_am20_3,12,3,SATISFIED,5.0167,594319.0,30780.0
SAL-Ei-LM,bom_tubes_p20_ao12_am18_4_m30_ao12_am20_3,12,4,SATISFIED,5.0152,616539.0,42295.0
SAL-Ei-LM,bom_tubes_p20_ao12_am18_4_m30_ao12_am20_3,12,5,SATISFIED,5.0124,534155.0,44251.0
SAL-Ei-LM,bom_tubes_p20_ao12_am18_4_m30_ao12_am20_3,12,6,SATISFIED,5.015,608719.0,43901.0
SAL-Ei-LM,bom_tubes_p20_ao12_am18_4_m30_ao12_am20_3,12,7,SATISFIED,5.0144,551139.0,43647.0
SAL-Ei-LM,bom_tubes_p20_ao12_am18_4_m30_ao12_am20_3,12,8,SATISFIED,5.0154,554105.0,37021.0
SAL-Ei-LM,bom_tubes_p20_ao12_am18_4_m30_ao12_am20_3,12,9,SATISFIED,5.0168,624157.0,34723.0
SAL-Ei-LM,bom_tubes_p20_ao12_am18_4_m30_ao12_am20_3,12,10,SATISFIED,5.0153,585603.0,44714.0
SAL-Ei-LM,bom_tubes_p20_ao12_am18_4_m30_ao12_am21_5,12,1,SATISFIED,5.015,277366.0,45935.0
SAL-Ei-LM,bom_tubes_p20_ao12_am18_4_m30_ao12_am21_5,12,2,SATISFIED,5.0125,282291.0,44736.0
SAL-Ei-LM,bom_tubes_p20_ao12_am18_4_m30_ao12_am21_5,12,3,SATISFIED,5.0155,252667.0,33009.0
SAL-Ei-LM,bom_tubes_p20_ao12_am18_4_m30_ao12_am21_5,12,4,SATISFIED,5.0178,259447.0,39459.0
SAL-Ei-LM,bom_tubes_p20_ao12_am18_4_m30_ao12_am21_5,12,5,SATISFIED,5.0131,269917.0,45633.0
SAL-Ei-LM,bom_tubes_p20_ao12_am18_4_m30_ao12_am21_5,12,6,SATISFIED,5.0146,259884.0,45275.0
SAL-Ei-LM,bom_tubes_p20_ao12_am18_4_m30_ao12_am21_5,12,7,SATISFIED,5.0174,260277.0,45506.0
SAL-Ei-LM,bom_tubes_p20_ao12_am18_4_m30_ao12_am21_5,12,8,SATISFIED,5.0173,294679.0,46215.0
SAL-Ei-LM,bom_tubes_p20_ao12_am18_4_m30_ao12_am21_5,12,9,SATISFIED,5.0167,275746.0,45389.0
SAL-Ei-LM,bom_tubes_p20_ao12_am18_4_m30_ao12_am21_5,12,10,SATISFIED,5.0169,259876.0,46122.0
SAL-Ei-LM,bom_tubes_p20_ao12_am18_4_m30_ao12_am22_1,12,1,SATISFIED,5.0156,46796.0,34630.0
SAL-Ei-LM,bom_tubes_p20_ao12_am18_4_m30_ao12_am22_1,12,2,SATISFIED,5.0161,46912.0,26677.0
SAL-Ei-LM,bom_tubes_p20_ao12_am18_4_m30_ao12_am22_1,12,3,SATISFIED,5.0183,46843.0,38960.0
SAL-Ei-LM,bom_tubes_p20_ao12_am18_4_m30_ao12_am22_1,12,4,SATISFIED,5.0148,47040.0,31524.0
SAL-Ei-LM,bom_tubes_p20_ao12_am18_4_m30_ao12_am22_1,12,5,SATISFIED,5.0154,47057.0,27461.0
SAL-Ei-LM,bom_tubes_p20_ao12_am18_4_m30_ao12_am22_1,12,6,SATISFIED,5.0147,47088.0,44206.0
SAL-Ei-LM,bom_tubes_p20_ao12_am18_4_m30_ao12_am22_1,12,7,SATISFIED,5.0164,47212.0,44110.0
SAL-Ei-LM,bom_tubes_p20_ao12_am18_4_m30_ao12_am22_1,12,8,SATISFIED,5.0171,47061.0,33562.0
SAL-Ei-LM,bom_tubes_p20_ao12_am18_4_m30_ao12_am22_1,12,9,SATISFIED,5.0184,46940.0,35406.0
SAL-Ei-LM,bom_tubes_p20_ao12_am18_4_m30_ao12_am22_1,12,10,SATISFIED,5.0147,48167.0,43675.0
SAL-Ei-LM,bom_tubes_p20_ao12_am18_4_m30_ao12_am23_4,12,1,SATISFIED,5.0178,126162.0,35253.0
SAL-Ei-LM,bom_tubes_p20_ao12_am18_4_m30_ao12_am23_4,12,2,SATISFIED,5.0181,120695.0,36543.0
SAL-Ei-LM,bom_tubes_p20_ao12_am18_4_m30_ao12_am23_4,12,3,SATISFIED,5.0168,121235.0,36907.0
SAL-Ei-LM,bom_tubes_p20_ao12_am18_4_m30_ao12_am23_4,12,4,SATISFIED,5.0161,120427.0,36834.0
SAL-Ei-LM,bom_tubes_p20_ao12_am18_4_m30_ao12_am23_4,12,5,SATISFIED,5.0156,120675.0,45943.0
SAL-Ei-LM,bom_tubes_p20_ao12_am18_4_m30_ao12_am23_4,12,6,SATISFIED,5.016,120555.0,45507.0
SAL-Ei-LM,bom_tubes_p20_ao12_am18_4_m30_ao12_am23_4,12,7,SATISFIED,5.0152,137451.0,45007.0
SAL-Ei-LM,bom_tubes_p20_ao12_am18_4_m30_ao12_am23_4,12,8,SATISFIED,5.0173,121320.0,41688.0
SAL-Ei-LM,bom_tubes_p20_ao12_am18_4_m30_ao12_am23_4,12,9,SATISFIED,5.0146,120498.0,39291.0
SAL-Ei-LM,bom_tubes_p20_ao12_am18_4_m30_ao12_am23_4,12,10,SATISFIED,5.0164,121340.0,34436.0
SAL-Ei-LM,bom_tubes_p20_ao12_am18_5,12,1,SATISFIED,5.0163,30840.0,48888.0
SAL-Ei-LM,bom_tubes_p20_ao12_am18_5,12,2,SATISFIED,5.0136,31752.0,60274.0
SAL-Ei-LM,bom_tubes_p20_ao12_am18_5,12,3,SATISFIED,5.016,30752.0,58636.0
SAL-Ei-LM,bom_tubes_p20_ao12_am18_5,12,4,SATISFIED,5.0152,31748.0,58461.0
SAL-Ei-LM,bom_tubes_p20_ao12_am18_5,12,5,SATISFIED,5.0148,31008.0,48871.0
SAL-Ei-LM,bom_tubes_p20_ao12_am18_5,12,6,SATISFIED,5.0172,30656.0,49708.0
SAL-Ei-LM,bom_tubes_p20_ao12_am18_5,12,7,SATISFIED,5.0124,30700.0,62933.0
SAL-Ei-LM,bom_tubes_p20_ao12_am18_5,12,8,SATISFIED,5.0137,30764.0,63162.0
SAL-Ei-LM,bom_tubes_p20_ao12_am18_5,12,9,SATISFIED,5.0153,30996.0,62203.0
SAL-Ei-LM,bom_tubes_p20_ao12_am18_5,12,10,SATISFIED,5.0151,31516.0,61704.0
SAL-Ei-LM,bom_tubes_p20_ao12_am18_5_m13_ao12_am11_3,12,1,SATISFIED,5.0148,13800.0,57031.0
SAL-Ei-LM,bom_tubes_p20_ao12_am18_5_m13_ao12_am11_3,12,2,SATISFIED,5.0159,13760.0,55971.0
SAL-Ei-LM,bom_tubes_p20_ao12_am18_5_m13_ao12_am11_3,12,3,SATISFIED,5.0136,13760.0,56957.0
SAL-Ei-LM,bom_tubes_p20_ao12_am18_5_m13_ao12_am11_3,12,4,SATISFIED,5.0131,13760.0,56706.0
SAL-Ei-LM,bom_tubes_p20_ao12_am18_5_m13_ao12_am11_3,12,5,SATISFIED,5.0129,13840.0,47049.0
SAL-Ei-LM,bom_tubes_p20_ao12_am18_5_m13_ao12_am11_3,12,6,SATISFIED,5.0129,13820.0,56981.0
SAL-Ei-LM,bom_tubes_p20_ao12_am18_5_m13_ao12_am11_3,12,7,SATISFIED,5.0134,13760.0,56968.0
SAL-Ei-LM,bom_tubes_p20_ao12_am18_5_m13_ao12_am11_3,12,8,SATISFIED,5.0154,13760.0,55764.0
SAL-Ei-LM,bom_tubes_p20_ao12_am18_5_m13_ao12_am11_3,12,9,SATISFIED,5.014,13760.0,57634.0
SAL-Ei-LM,bom_tubes_p20_ao12_am18_5_m13_ao12_am11_3,12,10,SATISFIED,5.0151,13920.0,52364.0
SAL-Ei-LM,bom_tubes_p20_ao12_am18_5_m13_ao12_am11_5,12,1,SATISFIED,5.015,39222.0,50403.0
SAL-Ei-LM,bom_tubes_p20_ao12_am18_5_m13_ao12_am11_5,12,2,SATISFIED,5.0151,39320.0,56215.0
SAL-Ei-LM,bom_tubes_p20_ao12_am18_5_m13_ao12_am11_5,12,3,SATISFIED,5.0145,39318.0,53244.0
SAL-Ei-LM,bom_tubes_p20_ao12_am18_5_m13_ao12_am11_5,12,4,SATISFIED,5.0157,40398.0,50441.0
SAL-Ei-LM,bom_tubes_p20_ao12_am18_5_m13_ao12_am11_5,12,5,SATISFIED,5.0157,39992.0,40774.0
SAL-Ei-LM,bom_tubes_p20_ao12_am18_5_m13_ao12_am11_5,12,6,SATISFIED,5.0109,39318.0,57402.0
SAL-Ei-LM,bom_tubes_p20_ao12_am18_5_m13_ao12_am11_5,12,7,SATISFIED,5.0101,40538.0,55779.0
SAL-Ei-LM,bom_tubes_p20_ao12_am18_5_m13_ao12_am11_5,12,8,SATISFIED,5.01,40350.0,54496.0
SAL-Ei-LM,bom_tubes_p20_ao12_am18_5_m13_ao12_am11_5,12,9,SATISFIED,5.0098,40190.0,56708.0
SAL-Ei-LM,bom_tubes_p20_ao12_am18_5_m13_ao12_am11_5,12,10,SATISFIED,5.0102,40174.0,56148.0
SAL-Ei-LM,bom_tubes_p20_ao12_am18_5_m13_ao12_am12_1,12,1,SATISFIED,5.0104,32868.0,59690.0
SAL-Ei-LM,bom_tubes_p20_ao12_am18_5_m13_ao12_am12_1,12,2,SATISFIED,5.0132,33168.0,45854.0
SAL-Ei-LM,bom_tubes_p20_ao12_am18_5_m13_ao12_am12_1,12,3,SATISFIED,5.0151,32608.0,36245.0
SAL-Ei-LM,bom_tubes_p20_ao12_am18_5_m13_ao12_am12_1,12,4,SATISFIED,5.0161,33188.0,46163.0
SAL-Ei-LM,bom_tubes_p20_ao12_am18_5_m13_ao12_am12_1,12,5,SATISFIED,5.0146,32728.0,49103.0
SAL-Ei-LM,bom_tubes_p20_ao12_am18_5_m13_ao12_am12_1,12,6,SATISFIED,5.0159,32208.0,49350.0
SAL-Ei-LM,bom_tubes_p20_ao12_am18_5_m13_ao12_am12_1,12,7,SATISFIED,5.0146,33188.0,41727.0
SAL-Ei-LM,bom_tubes_p20_ao12_am18_5_m13_ao12_am12_1,12,8,SATISFIED,5.0136,32668.0,45686.0
SAL-Ei-LM,bom_tubes_p20_ao12_am18_5_m13_ao12_am12_1,12,9,SATISFIED,5.0171,33637.0,58350.0
SAL-Ei-LM,bom_tubes_p20_ao12_am18_5_m13_ao12_am12_1,12,10,SATISFIED,5.0165,33148.0,46263.0
SAL-Ei-LM,bom_tubes_p20_ao12_am18_5_m13_ao12_am12_2,12,1,SATISFIED,5.0157,33402.0,65946.0
SAL-Ei-LM,bom_tubes_p20_ao12_am18_5_m13_ao12_am12_2,12,2,SATISFIED,5.0155,33182.0,66926.0
SAL-Ei-LM,bom_tubes_p20_ao12_am18_5_m13_ao12_am12_2,12,3,SATISFIED,5.0135,33538.0,66998.0
SAL-Ei-LM,bom_tubes_p20_ao12_am18_5_m13_ao12_am12_2,12,4,SATISFIED,5.0125,33642.0,66741.0
SAL-Ei-LM,bom_tubes_p20_ao12_am18_5_m13_ao12_am12_2,12,5,SATISFIED,5.0154,33382.0,65819.0
SAL-Ei-LM,bom_tubes_p20_ao12_am18_5_m13_ao12_am12_2,12,6,SATISFIED,5.015,33342.0,65775.0
SAL-Ei-LM,bom_tubes_p20_ao12_am18_5_m13_ao12_am12_2,12,7,SATISFIED,5.0149,33181.0,66005.0
SAL-Ei-LM,bom_tubes_p20_ao12_am18_5_m13_ao12_am12_2,12,8,SATISFIED,5.0137,33682.0,67231.0
SAL-Ei-LM,bom_tubes_p20_ao12_am18_5_m13_ao12_am12_2,12,9,SATISFIED,5.0141,33622.0,66304.0
SAL-Ei-LM,bom_tubes_p20_ao12_am18_5_m13_ao12_am12_2,12,10,SATISFIED,5.0131,33382.0,66921.0
SAL-Ei-LM,bom_tubes_p20_ao12_am18_5_m13_ao12_am13_4,12,1,SATISFIED,5.0121,42189.0,53610.0
SAL-Ei-LM,bom_tubes_p20_ao12_am18_5_m13_ao12_am13_4,12,2,SATISFIED,5.0117,41934.0,53800.0
SAL-Ei-LM,bom_tubes_p20_ao12_am18_5_m13_ao12_am13_4,12,3,SATISFIED,5.0131,42369.0,53065.0
SAL-Ei-LM,bom_tubes_p20_ao12_am18_5_m13_ao12_am13_4,12,4,SATISFIED,5.0143,42354.0,54183.0
SAL-Ei-LM,bom_tubes_p20_ao12_am18_5_m13_ao12_am13_4,12,5,SATISFIED,5.0137,41689.0,54728.0
SAL-Ei-LM,bom_tubes_p20_ao12_am18_5_m13_ao12_am13_4,12,6,SATISFIED,5.015,42270.0,35125.0
SAL-Ei-LM,bom_tubes_p20_ao12_am18_5_m13_ao12_am13_4,12,7,SATISFIED,5.0157,41955.0,42152.0
SAL-Ei-LM,bom_tubes_p20_ao12_am18_5_m13_ao12_am13_4,12,8,SATISFIED,5.0138,41955.0,45576.0
SAL-Ei-LM,bom_tubes_p20_ao12_am18_5_m13_ao12_am13_4,12,9,SATISFIED,5.0146,42297.0,42641.0
SAL-Ei-LM,bom_tubes_p20_ao12_am18_5_m13_ao12_am13_4,12,10,SATISFIED,5.0147,42286.0,44669.0
SAL-Ei-LM,bom_tubes_p20_ao12_am18_5_m30_ao12_am19_4,12,1,SATISFIED,5.0143,15244.0,36162.0
SAL-Ei-LM,bom_tubes_p20_ao12_am18_5_m30_ao12_am19_4,12,2,SATISFIED,5.0132,14421.0,44523.0
SAL-Ei-LM,bom_tubes_p20_ao12_am18_5_m30_ao12_am19_4,12,3,SATISFIED,5.0122,14809.0,37376.0
SAL-Ei-LM,bom_tubes_p20_ao12_am18_5_m30_ao12_am19_4,12,4,SATISFIED,5.016,14896.0,36583.0
SAL-Ei-LM,bom_tubes_p20_ao12_am18_5_m30_ao12_am19_4,12,5,SATISFIED,5.0131,14190.0,45649.0
SAL-Ei-LM,bom_tubes_p20_ao12_am18_5_m30_ao12_am19_4,12,6,SATISFIED,5.0114,15395.0,45003.0
SAL-Ei-LM,bom_tubes_p20_ao12_am18_5_m30_ao12_am19_4,12,7,SATISFIED,5.0105,15126.0,44909.0
SAL-Ei-LM,bom_tubes_p20_ao12_am18_5_m30_ao12_am19_4,12,8,SATISFIED,5.012,15346.0,44645.0
SAL-Ei-LM,bom_tubes_p20_ao12_am18_5_m30_ao12_am19_4,12,9,SATISFIED,5.0149,15706.0,45237.0
SAL-Ei-LM,bom_tubes_p20_ao12_am18_5_m30_ao12_am19_4,12,10,SATISFIED,5.0149,15072.0,44448.0
SAL-Ei-LM,bom_tubes_p20_ao12_am18_5_m30_ao12_am20_1,12,1,SATISFIED,5.013,21992.0,36014.0
SAL-Ei-LM,bom_tubes_p20_ao12_am18_5_m30_ao12_am20_1,12,2,SATISFIED,5.0175,22032.0,35334.0
SAL-Ei-LM,bom_tubes_p20_ao12_am18_5_m30_ao12_am20_1,12,3,SATISFIED,5.0129,21805.0,40711.0
SAL-Ei-LM,bom_tubes_p20_ao12_am18_5_m30_ao12_am20_1,12,4,SATISFIED,5.0134,21809.0,44362.0
SAL-Ei-LM,bom_tubes_p20_ao12_am18_5_m30_ao12_am20_1,12,5,SATISFIED,5.017,21697.0,40323.0
SAL-Ei-LM,bom_tubes_p20_ao12_am18_5_m30_ao12_am20_1,12,6,SATISFIED,5.0155,22525.0,28594.0
SAL-Ei-LM,bom_tubes_p20_ao12_am18_5_m30_ao12_am20_1,12,7,SATISFIED,5.0131,21890.0,39222.0
SAL-Ei-LM,bom_tubes_p20_ao12_am18_5_m30_ao12_am20_1,12,8,SATISFIED,5.0126,21959.0,44184.0
SAL-Ei-LM,bom_tubes_p20_ao12_am18_5_m30_ao12_am20_1,12,9,SATISFIED,5.0155,22061.0,44419.0
SAL-Ei-LM,bom_tubes_p20_ao12_am18_5_m30_ao12_am20_1,12,10,SATISFIED,5.0143,23841.0,44309.0
SAL-Ei-LM,bom_tubes_p20_ao12_am18_5_m30_ao12_am20_2,12,1,SATISFIED,5.0154,32781.0,44199.0
SAL-Ei-LM,bom_tubes_p20_ao12_am18_5_m30_ao12_am20_2,12,2,SATISFIED,5.0155,33301.0,44220.0
SAL-Ei-LM,bom_tubes_p20_ao12_am18_5_m30_ao12_am20_2,12,3,SATISFIED,5.0154,32808.0,45828.0
SAL-Ei-LM,bom_tubes_p20_ao12_am18_5_m30_ao12_am20_2,12,4,SATISFIED,5.0132,33241.0,36410.0
SAL-Ei-LM,bom_tubes_p20_ao12_am18_5_m30_ao12_am20_2,12,5,SATISFIED,5.0117,33586.0,44745.0
SAL-Ei-LM,bom_tubes_p20_ao12_am18_5_m30_ao12_am20_2,12,6,SATISFIED,5.0133,32941.0,45247.0
SAL-Ei-LM,bom_tubes_p20_ao12_am18_5_m30_ao12_am20_2,12,7,SATISFIED,5.015,32090.0,28491.0
SAL-Ei-LM,bom_tubes_p20_ao12_am18_5_m30_ao12_am20_2,12,8,SATISFIED,5.016,32967.0,35879.0
SAL-Ei-LM,bom_tubes_p20_ao12_am18_5_m30_ao12_am20_2,12,9,SATISFIED,5.016,32361.0,35365.0
SAL-Ei-LM,bom_tubes_p20_ao12_am18_5_m30_ao12_am20_2,12,10,SATISFIED,5.0151,33298.0,43730.0
SAL-Ei-LM,bom_tubes_p20_ao12_am18_5_m30_ao12_am21_3,12,1,SATISFIED,5.0128,11908.0,44693.0
SAL-Ei-LM,bom_tubes_p20_ao12_am18_5_m30_ao12_am21_3,12,2,SATISFIED,5.0188,12038.0,43371.0
SAL-Ei-LM,bom_tubes_p20_ao12_am18_5_m30_ao12_am21_3,12,3,SATISFIED,5.016,12036.0,36277.0
SAL-Ei-LM,bom_tubes_p20_ao12_am18_5_m30_ao12_am21_3,12,4,SATISFIED,5.0137,12016.0,45562.0
SAL-Ei-LM,bom_tubes_p20_ao12_am18_5_m30_ao12_am21_3,12,5,SATISFIED,5.0132,12074.0,44933.0
SAL-Ei-LM,bom_tubes_p20_ao12_am18_5_m30_ao12_am21_3,12,6,SATISFIED,5.0149,11880.0,44756.0
SAL-Ei-LM,bom_tubes_p20_ao12_am18_5_m30_ao12_am21_3,12,7,SATISFIED,5.0144,12006.0,44304.0
SAL-Ei-LM,bom_tubes_p20_ao12_am18_5_m30_ao12_am21_3,12,8,SATISFIED,5.0157,11866.0,45037.0
SAL-Ei-LM,bom_tubes_p20_ao12_am18_5_m30_ao12_am21_3,12,9,SATISFIED,5.0145,11890.0,44348.0
SAL-Ei-LM,bom_tubes_p20_ao12_am18_5_m30_ao12_am21_3,12,10,SATISFIED,5.0169,12049.0,44112.0
SAL-Ei-LM,bom_tubes_p20_ao12_am18_5_m30_ao12_am21_5,12,1,SATISFIED,5.0148,22355.0,36089.0
SAL-Ei-LM,bom_tubes_p20_ao12_am18_5_m30_ao12_am21_5,12,2,SATISFIED,5.0148,22590.0,45255.0
SAL-Ei-LM,bom_tubes_p20_ao12_am18_5_m30_ao12_am21_5,12,3,SATISFIED,5.016,22379.0,28404.0
SAL-Ei-LM,bom_tubes_p20_ao12_am18_5_m30_ao12_am21_5,12,4,SATISFIED,5.0134,22274.0,44039.0
SAL-Ei-LM,bom_tubes_p20_ao12_am18_5_m30_ao12_am21_5,12,5,SATISFIED,5.0148,22800.0,43479.0
SAL-Ei-LM,bom_tubes_p20_ao12_am18_5_m30_ao12_am21_5,12,6,SATISFIED,5.0179,22606.0,35917.0
SAL-Ei-LM,bom_tubes_p20_ao12_am18_5_m30_ao12_am21_5,12,7,SATISFIED,5.0197,22554.0,36554.0
SAL-Ei-LM,bom_tubes_p20_ao12_am18_5_m30_ao12_am21_5,12,8,SATISFIED,5.0172,22706.0,42468.0
SAL-Ei-LM,bom_tubes_p20_ao12_am18_5_m30_ao12_am21_5,12,9,SATISFIED,5.0137,21991.0,44200.0
SAL-Ei-LM,bom_tubes_p20_ao12_am18_5_m30_ao12_am21_5,12,10,SATISFIED,5.0126,23128.0,43765.0
SAL-Ei-LM,bom_tubes_p30_ao13_am18_1,13,1,SATISFIED,5.0131,47094.0,61187.0
SAL-Ei-LM,bom_tubes_p30_ao13_am18_1,13,2,SATISFIED,5.0138,41728.0,62287.0
SAL-Ei-LM,bom_tubes_p30_ao13_am18_1,13,3,SATISFIED,5.015,45679.0,62548.0
SAL-Ei-LM,bom_tubes_p30_ao13_am18_1,13,4,SATISFIED,5.0146,45882.0,62571.0
SAL-Ei-LM,bom_tubes_p30_ao13_am18_1,13,5,SATISFIED,5.014,46487.0,62097.0
SAL-Ei-LM,bom_tubes_p30_ao13_am18_1,13,6,SATISFIED,5.014,43195.0,62570.0
SAL-Ei-LM,bom_tubes_p30_ao13_am18_1,13,7,SATISFIED,5.0166,45302.0,48329.0
SAL-Ei-LM,bom_tubes_p30_ao13_am18_1,13,8,SATISFIED,5.0189,41680.0,48802.0
SAL-Ei-LM,bom_tubes_p30_ao13_am18_1,13,9,SATISFIED,5.0134,44515.0,60908.0
SAL-Ei-LM,bom_tubes_p30_ao13_am18_1,13,10,SATISFIED,5.0135,40811.0,60715.0
SAL-Ei-LM,bom_tubes_p30_ao13_am18_1_m10_ao13_am8_5,13,1,SATISFIED,5.0137,84742.0,62390.0
SAL-Ei-LM,bom_tubes_p30_ao13_am18_1_m10_ao13_am8_5,13,2,SATISFIED,5.0147,84782.0,56400.0
SAL-Ei-LM,bom_tubes_p30_ao13_am18_1_m10_ao13_am8_5,13,3,SATISFIED,5.0154,84922.0,47396.0
SAL-Ei-LM,bom_tubes_p30_ao13_am18_1_m10_ao13_am8_5,13,4,SATISFIED,5.012,84842.0,39491.0
SAL-Ei-LM,bom_tubes_p30_ao13_am18_1_m10_ao13_am8_5,13,5,SATISFIED,5.0165,84442.0,48595.0
SAL-Ei-LM,bom_tubes_p30_ao13_am18_1_m10_ao13_am8_5,13,6,SATISFIED,5.0198,84842.0,33266.0
SAL-Ei-LM,bom_tubes_p30_ao13_am18_1_m10_ao13_am8_5,13,7,SATISFIED,5.0158,84742.0,48656.0
SAL-Ei-LM,bom_tubes_p30_ao13_am18_1_m10_ao13_am8_5,13,8,SATISFIED,5.0166,85082.0,48361.0
SAL-Ei-LM,bom_tubes_p30_ao13_am18_1_m10_ao13_am8_5,13,9,SATISFIED,5.0164,85262.0,49283.0
SAL-Ei-LM,bom_tubes_p30_ao13_am18_1_m10_ao13_am8_5,13,10,SATISFIED,5.0167,84742.0,48596.0
SAL-Ei-LM,bom_tubes_p30_ao13_am18_1_m10_ao13_am10_1,13,1,SATISFIED,5.0168,115586.0,47922.0
SAL-Ei-LM,bom_tubes_p30_ao13_am18_1_m10_ao13_am10_1,13,2,SATISFIED,5.0167,115554.0,35742.0
SAL-Ei-LM,bom_tubes_p30_ao13_am18_1_m10_ao13_am10_1,13,3,SATISFIED,5.0145,115530.0,48925.0
SAL-Ei-LM,bom_tubes_p30_ao13_am18_1_m10_ao13_am10_1,13,4,SATISFIED,5.0179,115166.0,44422.0
SAL-Ei-LM,bom_tubes_p30_ao13_am18_1_m10_ao13_am10_1,13,5,SATISFIED,5.0171,115266.0,44996.0
SAL-Ei-LM,bom_tubes_p30_ao13_am18_1_m10_ao13_am10_1,13,6,SATISFIED,5.0134,115690.0,47447.0
SAL-Ei-LM,bom_tubes_p30_ao13_am18_1_m10_ao13_am10_1,13,7,SATISFIED,5.0172,115690.0,42354.0
SAL-Ei-LM,bom_tubes_p30_ao13_am18_1_m10_ao13_am10_1,13,8,SATISFIED,5.0164,115571.0,48610.0
SAL-Ei-LM,bom_tubes_p30_ao13_am18_1_m10_ao13_am10_1,13,9,SATISFIED,5.0161,115446.0,59826.0
SAL-Ei-LM,bom_tubes_p30_ao13_am18_1_m10_ao13_am10_1,13,10,SATISFIED,5.0141,115108.0,57084.0
SAL-Ei-LM,bom_tubes_p30_ao13_am18_1_m10_ao13_am10_2,13,1,SATISFIED,5.0152,27306.0,52173.0
SAL-Ei-LM,bom_tubes_p30_ao13_am18_1_m10_ao13_am10_2,13,2,SATISFIED,5.0146,26666.0,51687.0
SAL-Ei-LM,bom_tubes_p30_ao13_am18_1_m10_ao13_am10_2,13,3,SATISFIED,5.0165,29010.0,53948.0
SAL-Ei-LM,bom_tubes_p30_ao13_am18_1_m10_ao13_am10_2,13,4,SATISFIED,5.0161,28661.0,42717.0
SAL-Ei-LM,bom_tubes_p30_ao13_am18_1_m10_ao13_am10_2,13,5,SATISFIED,5.0196,27592.0,43601.0
SAL-Ei-LM,bom_tubes_p30_ao13_am18_1_m10_ao13_am10_2,13,6,SATISFIED,5.0145,25534.0,53480.0
SAL-Ei-LM,bom_tubes_p30_ao13_am18_1_m10_ao13_am10_2,13,7,SATISFIED,5.017,28751.0,38578.0
SAL-Ei-LM,bom_tubes_p30_ao13_am18_1_m10_ao13_am10_2,13,8,SATISFIED,5.0163,26841.0,43208.0
SAL-Ei-LM,bom_tubes_p30_ao13_am18_1_m10_ao13_am10_2,13,9,SATISFIED,5.0165,28812.0,43692.0
SAL-Ei-LM,bom_tubes_p30_ao13_am18_1_m10_ao13_am10_2,13,10,SATISFIED,5.0153,25594.0,53068.0
SAL-Ei-LM,bom_tubes_p30_ao13_am18_1_m10_ao13_am10_3,13,1,SATISFIED,5.014,62240.0,43566.0
SAL-Ei-LM,bom_tubes_p30_ao13_am18_1_m10_ao13_am10_3,13,2,SATISFIED,5.0175,64956.0,43065.0
SAL-Ei-LM,bom_tubes_p30_ao13_am18_1_m10_ao13_am10_3,13,3,SATISFIED,5.0184,65000.0,37810.0
SAL-Ei-LM,bom_tubes_p30_ao13_am18_1_m10_ao13_am10_3,13,4,SATISFIED,5.0171,62600.0,32013.0
SAL-Ei-LM,bom_tubes_p30_ao13_am18_1_m10_ao13_am10_3,13,5,SATISFIED,5.0162,65425.0,51765.0
SAL-Ei-LM,bom_tubes_p30_ao13_am18_1_m10_ao13_am10_3,13,6,SATISFIED,5.0151,62160.0,52619.0
SAL-Ei-LM,bom_tubes_p30_ao13_am18_1_m10_ao13_am10_3,13,7,SATISFIED,5.0156,63755.0,52216.0
SAL-Ei-LM,bom_tubes_p30_ao13_am18_1_m10_ao13_am10_3,13,8,SATISFIED,5.0158,67347.0,51454.0
SAL-Ei-LM,bom_tubes_p30_ao13_am18_1_m10_ao13_am10_3,13,9,SATISFIED,5.0149,65156.0,54155.0
SAL-Ei-LM,bom_tubes_p30_ao13_am18_1_m10_ao13_am10_3,13,10,SATISFIED,5.0165,61600.0,46531.0
SAL-Ei-LM,bom_tubes_p30_ao13_am18_1_m10_ao13_am10_4,13,1,SATISFIED,5.0165,21689.0,43752.0
SAL-Ei-LM,bom_tubes_p30_ao13_am18_1_m10_ao13_am10_4,13,2,SATISFIED,5.0122,21281.0,44901.0
SAL-Ei-LM,bom_tubes_p30_ao13_am18_1_m10_ao13_am10_4,13,3,SATISFIED,5.0139,21280.0,56461.0
SAL-Ei-LM,bom_tubes_p30_ao13_am18_1_m10_ao13_am10_4,13,4,SATISFIED,5.0143,21495.0,54824.0
SAL-Ei-LM,bom_tubes_p30_ao13_am18_1_m10_ao13_am10_4,13,5,SATISFIED,5.0173,21855.0,43494.0
SAL-Ei-LM,bom_tubes_p30_ao13_am18_1_m10_ao13_am10_4,13,6,SATISFIED,5.0202,22323.0,45431.0
SAL-Ei-LM,bom_tubes_p30_ao13_am18_1_m10_ao13_am10_4,13,7,SATISFIED,5.0177,21380.0,44715.0
SAL-Ei-LM,bom_tubes_p30_ao13_am18_1_m10_ao13_am10_4,13,8,SATISFIED,5.0152,20600.0,44908.0
SAL-Ei-LM,bom_tubes_p30_ao13_am18_1_m10_ao13_am10_4,13,9,SATISFIED,5.0154,21649.0,44949.0
SAL-Ei-LM,bom_tubes_p30_ao13_am18_1_m10_ao13_am10_4,13,10,SATISFIED,5.0177,21285.0,54913.0
SAL-Ei-LM,bom_tubes_p30_ao13_am18_1_m30_ao13_am16_2,13,1,SATISFIED,5.0153,89259.0,54815.0
SAL-Ei-LM,bom_tubes_p30_ao13_am18_1_m30_ao13_am16_2,13,2,SATISFIED,5.0141,86625.0,53965.0
SAL-Ei-LM,bom_tubes_p30_ao13_am18_1_m30_ao13_am16_2,13,3,SATISFIED,5.0156,89171.0,55139.0
SAL-Ei-LM,bom_tubes_p30_ao13_am18_1_m30_ao13_am16_2,13,4,SATISFIED,5.0161,99380.0,56371.0
SAL-Ei-LM,bom_tubes_p30_ao13_am18_1_m30_ao13_am16_2,13,5,SATISFIED,5.0179,97215.0,44972.0
SAL-Ei-LM,bom_tubes_p30_ao13_am18_1_m30_ao13_am16_2,13,6,SATISFIED,5.0147,90333.0,54275.0
SAL-Ei-LM,bom_tubes_p30_ao13_am18_1_m30_ao13_am16_2,13,7,SATISFIED,5.015,101269.0,45175.0
SAL-Ei-LM,bom_tubes_p30_ao13_am18_1_m30_ao13_am16_2,13,8,SATISFIED,5.0212,91019.0,29773.0
SAL-Ei-LM,bom_tubes_p30_ao13_am18_1_m30_ao13_am16_2,13,9,SATISFIED,5.0197,87734.0,40546.0
SAL-Ei-LM,bom_tubes_p30_ao13_am18_1_m30_ao13_am16_2,13,10,SATISFIED,5.0135,100831.0,43927.0
SAL-Ei-LM,bom_tubes_p30_ao13_am18_1_m30_ao13_am18_1,13,1,SATISFIED,5.0137,49937.0,44950.0
SAL-Ei-LM,bom_tubes_p30_ao13_am18_1_m30_ao13_am18_1,13,2,SATISFIED,5.0161,51794.0,43201.0
SAL-Ei-LM,bom_tubes_p30_ao13_am18_1_m30_ao13_am18_1,13,3,SATISFIED,5.0155,48429.0,41937.0
SAL-Ei-LM,bom_tubes_p30_ao13_am18_1_m30_ao13_am18_1,13,4,SATISFIED,5.0168,47820.0,30293.0
SAL-Ei-LM,bom_tubes_p30_ao13_am18_1_m30_ao13_am18_1,13,5,SATISFIED,5.0178,52547.0,41214.0
SAL-Ei-LM,bom_tubes_p30_ao13_am18_1_m30_ao13_am18_1,13,6,SATISFIED,5.017,54632.0,54636.0
SAL-Ei-LM,bom_tubes_p30_ao13_am18_1_m30_ao13_am18_1,13,7,SATISFIED,5.0153,50276.0,55630.0
SAL-Ei-LM,bom_tubes_p30_ao13_am18_1_m30_ao13_am18_1,13,8,SATISFIED,5.017,50385.0,43295.0
SAL-Ei-LM,bom_tubes_p30_ao13_am18_1_m30_ao13_am18_1,13,9,SATISFIED,5.0186,51662.0,43804.0
SAL-Ei-LM,bom_tubes_p30_ao13_am18_1_m30_ao13_am18_1,13,10,SATISFIED,5.0182,49473.0,54485.0
SAL-Ei-LM,bom_tubes_p30_ao13_am18_1_m30_ao13_am18_4,13,1,SATISFIED,5.0186,28836.0,48547.0
SAL-Ei-LM,bom_tubes_p30_ao13_am18_1_m30_ao13_am18_4,13,2,SATISFIED,5.0154,31636.0,42326.0
SAL-Ei-LM,bom_tubes_p30_ao13_am18_1_m30_ao13_am18_4,13,3,SATISFIED,5.0149,31002.0,51831.0
SAL-Ei-LM,bom_tubes_p30_ao13_am18_1_m30_ao13_am18_4,13,4,SATISFIED,5.0147,28836.0,51158.0
SAL-Ei-LM,bom_tubes_p30_ao13_am18_1_m30_ao13_am18_4,13,5,SATISFIED,5.0137,29850.0,42815.0
SAL-Ei-LM,bom_tubes_p30_ao13_am18_1_m30_ao13_am18_4,13,6,SATISFIED,5.0148,29125.0,53179.0
SAL-Ei-LM,bom_tubes_p30_ao13_am18_1_m30_ao13_am18_4,13,7,SATISFIED,5.0165,29125.0,53101.0
SAL-Ei-LM,bom_tubes_p30_ao13_am18_1_m30_ao13_am18_4,13,8,SATISFIED,5.0155,31552.0,53710.0
SAL-Ei-LM,bom_tubes_p30_ao13_am18_1_m30_ao13_am18_4,13,9,SATISFIED,5.0143,31445.0,53252.0
SAL-Ei-LM,bom_tubes_p30_ao13_am18_1_m30_ao13_am18_4,13,10,SATISFIED,5.0155,29946.0,52921.0
SAL-Ei-LM,bom_tubes_p30_ao13_am18_1_m30_ao13_am19_3,13,1,SATISFIED,5.0176,10728.0,50215.0
SAL-Ei-LM,bom_tubes_p30_ao13_am18_1_m30_ao13_am19_3,13,2,SATISFIED,5.0209,10476.0,51636.0
SAL-Ei-LM,bom_tubes_p30_ao13_am18_1_m30_ao13_am19_3,13,3,SATISFIED,5.019,10876.0,50952.0
SAL-Ei-LM,bom_tubes_p30_ao13_am18_1_m30_ao13_am19_3,13,4,SATISFIED,5.0189,10616.0,50038.0
SAL-Ei-LM,bom_tubes_p30_ao13_am18_1_m30_ao13_am19_3,13,5,SATISFIED,5.0197,10776.0,50289.0
SAL-Ei-LM,bom_tubes_p30_ao13_am18_1_m30_ao13_am19_3,13,6,SATISFIED,5.0174,10836.0,50672.0
SAL-Ei-LM,bom_tubes_p30_ao13_am18_1_m30_ao13_am19_3,13,7,SATISFIED,5.0187,10776.0,50042.0
SAL-Ei-LM,bom_tubes_p30_ao13_am18_1_m30_ao13_am19_3,13,8,SATISFIED,5.0183,10496.0,50141.0
SAL-Ei-LM,bom_tubes_p30_ao13_am18_1_m30_ao13_am19_3,13,9,SATISFIED,5.0209,10762.0,50292.0
SAL-Ei-LM,bom_tubes_p30_ao13_am18_1_m30_ao13_am19_3,13,10,SATISFIED,5.0191,11108.0,45380.0
SAL-Ei-LM,bom_tubes_p30_ao13_am18_1_m30_ao13_am20_5,13,1,SATISFIED,5.0242,50695.0,35356.0
SAL-Ei-LM,bom_tubes_p30_ao13_am18_1_m30_ao13_am20_5,13,2,SATISFIED,5.0223,50817.0,38143.0
SAL-Ei-LM,bom_tubes_p30_ao13_am18_1_m30_ao13_am20_5,13,3,SATISFIED,5.0218,50431.0,46216.0
SAL-Ei-LM,bom_tubes_p30_ao13_am18_1_m30_ao13_am20_5,13,4,SATISFIED,5.0201,50707.0,36983.0
SAL-Ei-LM,bom_tubes_p30_ao13_am18_1_m30_ao13_am20_5,13,5,SATISFIED,5.0194,50208.0,42566.0
SAL-Ei-LM,bom_tubes_p30_ao13_am18_1_m30_ao13_am20_5,13,6,SATISFIED,5.0215,50884.0,49828.0
SAL-Ei-LM,bom_tubes_p30_ao13_am18_1_m30_ao13_am20_5,13,7,SATISFIED,5.0252,50379.0,48953.0
SAL-Ei-LM,bom_tubes_p30_ao13_am18_1_m30_ao13_am20_5,13,8,SATISFIED,5.0259,50847.0,37146.0
SAL-Ei-LM,bom_tubes_p30_ao13_am18_1_m30_ao13_am20_5,13,9,SATISFIED,5.0201,50315.0,45155.0
SAL-Ei-LM,bom_tubes_p30_ao13_am18_1_m30_ao13_am20_5,13,10,SATISFIED,5.0241,50495.0,41401.0
SAL-Ei-LM,bom_tubes_p30_ao13_am18_2,13,1,SATISFIED,5.0242,16524.0,51832.0
SAL-Ei-LM,bom_tubes_p30_ao13_am18_2,13,2,SATISFIED,5.0159,16312.0,50934.0
SAL-Ei-LM,bom_tubes_p30_ao13_am18_2,13,3,SATISFIED,5.0169,16300.0,63311.0
SAL-Ei-LM,bom_tubes_p30_ao13_am18_2,13,4,SATISFIED,5.0166,16420.0,63555.0
SAL-Ei-LM,bom_tubes_p30_ao13_am18_2,13,5,SATISFIED,5.0165,16760.0,52413.0
SAL-Ei-LM,bom_tubes_p30_ao13_am18_2,13,6,SATISFIED,5.017,16948.0,42144.0
SAL-Ei-LM,bom_tubes_p30_ao13_am18_2,13,7,SATISFIED,5.0177,16312.0,51822.0
SAL-Ei-LM,bom_tubes_p30_ao13_am18_2,13,8,SATISFIED,5.0169,16800.0,60066.0
SAL-Ei-LM,bom_tubes_p30_ao13_am18_2,13,9,SATISFIED,5.0175,16396.0,42199.0
SAL-Ei-LM,bom_tubes_p30_ao13_am18_2,13,10,SATISFIED,5.0194,16504.0,43455.0
SAL-Ei-LM,bom_tubes_p30_ao13_am18_2_m10_ao13_am9_1,13,1,SATISFIED,5.0191,36086.0,38401.0
SAL-Ei-LM,bom_tubes_p30_ao13_am18_2_m10_ao13_am9_1,13,2,SATISFIED,5.0171,36394.0,47125.0
SAL-Ei-LM,bom_tubes_p30_ao13_am18_2_m10_ao13_am9_1,13,3,SATISFIED,5.0176,36534.0,54742.0
SAL-Ei-LM,bom_tubes_p30_ao13_am18_2_m10_ao13_am9_1,13,4,SATISFIED,5.016,36674.0,49744.0
SAL-Ei-LM,bom_tubes_p30_ao13_am18_2_m10_ao13_am9_1,13,5,SATISFIED,5.0136,36702.0,59135.0
SAL-Ei-LM,bom_tubes_p30_ao13_am18_2_m10_ao13_am9_1,13,6,SATISFIED,5.0162,36506.0,50504.0
SAL-Ei-LM,bom_tubes_p30_ao13_am18_2_m10_ao13_am9_1,13,7,SATISFIED,5.0244,36179.0,48628.0
SAL-Ei-LM,bom_tubes_p30_ao13_am18_2_m10_ao13_am9_1,13,8,SATISFIED,5.0167,36618.0,59797.0
SAL-Ei-LM,bom_tubes_p30_ao13_am18_2_m10_ao13_am9_1,13,9,SATISFIED,5.0195,36534.0,45815.0
SAL-Ei-LM,bom_tubes_p30_ao13_am18_2_m10_ao13_am9_1,13,10,SATISFIED,5.0171,36080.0,48434.0
SAL-Ei-LM,bom_tubes_p30_ao13_am18_2_m10_ao13_am10_2,13,1,SATISFIED,5.0138,36058.0,66170.0
SAL-Ei-LM,bom_tubes_p30_ao13_am18_2_m10_ao13_am10_2,13,2,SATISFIED,5.014,36058.0,66083.0
SAL-Ei-LM,bom_tubes_p30_ao13_am18_2_m10_ao13_am10_2,13,3,SATISFIED,5.0169,36058.0,53383.0
SAL-Ei-LM,bom_tubes_p30_ao13_am18_2_m10_ao13_am10_2,13,4,SATISFIED,5.0168,36058.0,53319.0
SAL-Ei-LM,bom_tubes_p30_ao13_am18_2_m10_ao13_am10_2,13,5,SATISFIED,5.0205,36058.0,37094.0
SAL-Ei-LM,bom_tubes_p30_ao13_am18_2_m10_ao13_am10_2,13,6,SATISFIED,5.0196,36058.0,53495.0
SAL-Ei-LM,bom_tubes_p30_ao13_am18_2_m10_ao13_am10_2,13,7,SATISFIED,5.016,36058.0,52376.0
SAL-Ei-LM,bom_tubes_p30_ao13_am18_2_m10_ao13_am10_2,13,8,SATISFIED,5.0166,36058.0,52390.0
SAL-Ei-LM,bom_tubes_p30_ao13_am18_2_m10_ao13_am10_2,13,9,SATISFIED,5.0184,36058.0,48924.0
SAL-Ei-LM,bom_tubes_p30_ao13_am18_2_m10_ao13_am10_2,13,10,SATISFIED,5.0173,36058.0,53275.0
SAL-Ei-LM,bom_tubes_p30_ao13_am18_2_m10_ao13_am10_3,13,1,SATISFIED,5.0152,10199.0,46575.0
SAL-Ei-LM,bom_tubes_p30_ao13_am18_2_m10_ao13_am10_3,13,2,SATISFIED,5.0144,10369.0,46378.0
SAL-Ei-LM,bom_tubes_p30_ao13_am18_2_m10_ao13_am10_3,13,3,SATISFIED,5.0134,10354.0,46019.0
SAL-Ei-LM,bom_tubes_p30_ao13_am18_2_m10_ao13_am10_3,13,4,SATISFIED,5.0152,10264.0,47257.0
SAL-Ei-LM,bom_tubes_p30_ao13_am18_2_m10_ao13_am10_3,13,5,SATISFIED,5.0141,10214.0,57002.0
SAL-Ei-LM,bom_tubes_p30_ao13_am18_2_m10_ao13_am10_3,13,6,SATISFIED,5.015,10295.0,47716.0
SAL-Ei-LM,bom_tubes_p30_ao13_am18_2_m10_ao13_am10_3,13,7,SATISFIED,5.0138,10310.0,55620.0
SAL-Ei-LM,bom_tubes_p30_ao13_am18_2_m10_ao13_am10_3,13,8,SATISFIED,5.0145,10169.0,48041.0
SAL-Ei-LM,bom_tubes_p30_ao13_am18_2_m10_ao13_am10_3,13,9,SATISFIED,5.017,10319.0,45945.0
SAL-Ei-LM,bom_tubes_p30_ao13_am18_2_m10_ao13_am10_3,13,10,SATISFIED,5.0198,10222.0,35601.0
SAL-Ei-LM,bom_tubes_p30_ao13_am18_2_m10_ao13_am10_4,13,1,SATISFIED,5.0154,23320.0,48672.0
SAL-Ei-LM,bom_tubes_p30_ao13_am18_2_m10_ao13_am10_4,13,2,SATISFIED,5.0145,23718.0,49739.0
SAL-Ei-LM,bom_tubes_p30_ao13_am18_2_m10_ao13_am10_4,13,3,SATISFIED,5.0155,22794.0,39756.0
SAL-Ei-LM,bom_tubes_p30_ao13_am18_2_m10_ao13_am10_4,13,4,SATISFIED,5.0157,22952.0,53272.0
SAL-Ei-LM,bom_tubes_p30_ao13_am18_2_m10_ao13_am10_4,13,5,SATISFIED,5.0155,23164.0,53527.0
SAL-Ei-LM,bom_tubes_p30_ao13_am18_2_m10_ao13_am10_4,13,6,SATISFIED,5.016,23060.0,53137.0
SAL-Ei-LM,bom_tubes_p30_ao13_am18_2_m10_ao13_am10_4,13,7,SATISFIED,5.0183,23302.0,33948.0
SAL-Ei-LM,bom_tubes_p30_ao13_am18_2_m10_ao13_am10_4,13,8,SATISFIED,5.0189,23224.0,33425.0
SAL-Ei-LM,bom_tubes_p30_ao13_am18_2_m10_ao13_am10_4,13,9,SATISFIED,5.017,23398.0,38553.0
SAL-Ei-LM,bom_tubes_p30_ao13_am18_2_m10_ao13_am10_4,13,10,SATISFIED,5.0186,23108.0,40944.0
SAL-Ei-LM,bom_tubes_p30_ao13_am18_2_m10_ao13_am10_5,13,1,SATISFIED,5.0161,47134.0,39913.0
SAL-Ei-LM,bom_tubes_p30_ao13_am18_2_m10_ao13_am10_5,13,2,SATISFIED,5.0165,47134.0,56170.0
SAL-Ei-LM,bom_tubes_p30_ao13_am18_2_m10_ao13_am10_5,13,3,SATISFIED,5.0132,47134.0,64394.0
SAL-Ei-LM,bom_tubes_p30_ao13_am18_2_m10_ao13_am10_5,13,4,SATISFIED,5.0149,47134.0,64987.0
SAL-Ei-LM,bom_tubes_p30_ao13_am18_2_m10_ao13_am10_5,13,5,SATISFIED,5.0142,47134.0,64613.0
SAL-Ei-LM,bom_tubes_p30_ao13_am18_2_m10_ao13_am10_5,13,6,SATISFIED,5.017,47134.0,45539.0
SAL-Ei-LM,bom_tubes_p30_ao13_am18_2_m10_ao13_am10_5,13,7,SATISFIED,5.013,47134.0,62685.0
SAL-Ei-LM,bom_tubes_p30_ao13_am18_2_m10_ao13_am10_5,13,8,SATISFIED,5.0159,47134.0,51996.0
SAL-Ei-LM,bom_tubes_p30_ao13_am18_2_m10_ao13_am10_5,13,9,SATISFIED,5.0113,47134.0,50475.0
SAL-Ei-LM,bom_tubes_p30_ao13_am18_2_m10_ao13_am10_5,13,10,SATISFIED,5.0167,47134.0,39603.0
SAL-Ei-LM,bom_tubes_p30_ao13_am18_2_m30_ao13_am15_1,13,1,SATISFIED,5.017,27873.0,46118.0
SAL-Ei-LM,bom_tubes_p30_ao13_am18_2_m30_ao13_am15_1,13,2,SATISFIED,5.0143,27208.0,45529.0
SAL-Ei-LM,bom_tubes_p30_ao13_am18_2_m30_ao13_am15_1,13,3,SATISFIED,5.0144,26270.0,45004.0
SAL-Ei-LM,bom_tubes_p30_ao13_am18_2_m30_ao13_am15_1,13,4,SATISFIED,5.0156,26222.0,45391.0
SAL-Ei-LM,bom_tubes_p30_ao13_am18_2_m30_ao13_am15_1,13,5,SATISFIED,5.0171,26841.0,46110.0
SAL-Ei-LM,bom_tubes_p30_ao13_am18_2_m30_ao13_am15_1,13,6,SATISFIED,5.0168,26181.0,43058.0
SAL-Ei-LM,bom_tubes_p30_ao13_am18_2_m30_ao13_am15_1,13,7,SATISFIED,5.0158,26498.0,55502.0
SAL-Ei-LM,bom_tubes_p30_ao13_am18_2_m30_ao13_am15_1,13,8,SATISFIED,5.017,26959.0,54618.0
SAL-Ei-LM,bom_tubes_p30_ao13_am18_2_m30_ao13_am15_1,13,9,SATISFIED,5.0165,27357.0,40884.0
SAL-Ei-LM,bom_tubes_p30_ao13_am18_2_m30_ao13_am15_1,13,10,SATISFIED,5.0157,26282.0,54904.0
SAL-Ei-LM,bom_tubes_p30_ao13_am18_2_m30_ao13_am19_5,13,1,SATISFIED,5.0153,42916.0,53677.0
SAL-Ei-LM,bom_tubes_p30_ao13_am18_2_m30_ao13_am19_5,13,2,SATISFIED,5.0144,42012.0,52924.0
SAL-Ei-LM,bom_tubes_p30_ao13_am18_2_m30_ao13_am19_5,13,3,SATISFIED,5.0149,43084.0,55171.0
SAL-Ei-LM,bom_tubes_p30_ao13_am18_2_m30_ao13_am19_5,13,4,SATISFIED,5.0124,43191.0,55593.0
SAL-Ei-LM,bom_tubes_p30_ao13_am18_2_m30_ao13_am19_5,13,5,SATISFIED,5.0119,43106.0,53861.0
SAL-Ei-LM,bom_tubes_p30_ao13_am18_2_m30_ao13_am19_5,13,6,SATISFIED,5.0193,42072.0,37610.0
SAL-Ei-LM,bom_tubes_p30_ao13_am18_2_m30_ao13_am19_5,13,7,SATISFIED,5.0165,43084.0,43924.0
SAL-Ei-LM,bom_tubes_p30_ao13_am18_2_m30_ao13_am19_5,13,8,SATISFIED,5.015,41806.0,42963.0
SAL-Ei-LM,bom_tubes_p30_ao13_am18_2_m30_ao13_am19_5,13,9,SATISFIED,5.0155,42704.0,54695.0
SAL-Ei-LM,bom_tubes_p30_ao13_am18_2_m30_ao13_am19_5,13,10,SATISFIED,5.0136,43444.0,55622.0
SAL-Ei-LM,bom_tubes_p30_ao13_am18_2_m30_ao13_am20_2,13,1,SATISFIED,5.0149,27636.0,53376.0
SAL-Ei-LM,bom_tubes_p30_ao13_am18_2_m30_ao13_am20_2,13,2,SATISFIED,5.0119,27116.0,53004.0
SAL-Ei-LM,bom_tubes_p30_ao13_am18_2_m30_ao13_am20_2,13,3,SATISFIED,5.0148,27616.0,41000.0
SAL-Ei-LM,bom_tubes_p30_ao13_am18_2_m30_ao13_am20_2,13,4,SATISFIED,5.0096,27116.0,42545.0
SAL-Ei-LM,bom_tubes_p30_ao13_am18_2_m30_ao13_am20_2,13,5,SATISFIED,5.0153,27196.0,54620.0
SAL-Ei-LM,bom_tubes_p30_ao13_am18_2_m30_ao13_am20_2,13,6,SATISFIED,5.0165,27116.0,38895.0
SAL-Ei-LM,bom_tubes_p30_ao13_am18_2_m30_ao13_am20_2,13,7,SATISFIED,5.0176,27116.0,37528.0
SAL-Ei-LM,bom_tubes_p30_ao13_am18_2_m30_ao13_am20_2,13,8,SATISFIED,5.0155,27376.0,46752.0
SAL-Ei-LM,bom_tubes_p30_ao13_am18_2_m30_ao13_am20_2,13,9,SATISFIED,5.0144,27116.0,51434.0
SAL-Ei-LM,bom_tubes_p30_ao13_am18_2_m30_ao13_am20_2,13,10,SATISFIED,5.0151,27136.0,34375.0
SAL-Ei-LM,bom_tubes_p30_ao13_am18_2_m30_ao13_am22_3,13,1,SATISFIED,5.0167,33403.0,39656.0
SAL-Ei-LM,bom_tubes_p30_ao13_am18_2_m30_ao13_am22_3,13,2,SATISFIED,5.0134,32066.0,37253.0
SAL-Ei-LM,bom_tubes_p30_ao13_am18_2_m30_ao13_am22_3,13,3,SATISFIED,5.0143,32648.0,37790.0
SAL-Ei-LM,bom_tubes_p30_ao13_am18_2_m30_ao13_am22_3,13,4,SATISFIED,5.0136,33674.0,49277.0
SAL-Ei-LM,bom_tubes_p30_ao13_am18_2_m30_ao13_am22_3,13,5,SATISFIED,5.015,32996.0,47434.0
SAL-Ei-LM,bom_tubes_p30_ao13_am18_2_m30_ao13_am22_3,13,6,SATISFIED,5.0143,33108.0,47586.0
SAL-Ei-LM,bom_tubes_p30_ao13_am18_2_m30_ao13_am22_3,13,7,SATISFIED,5.0132,33836.0,48731.0
SAL-Ei-LM,bom_tubes_p30_ao13_am18_2_m30_ao13_am22_3,13,8,SATISFIED,5.0136,31756.0,47841.0
SAL-Ei-LM,bom_tubes_p30_ao13_am18_2_m30_ao13_am22_3,13,9,SATISFIED,5.0138,32928.0,47091.0
SAL-Ei-LM,bom_tubes_p30_ao13_am18_2_m30_ao13_am22_3,13,10,SATISFIED,5.0137,32831.0,48573.0
SAL-Ei-LM,bom_tubes_p30_ao13_am18_2_m30_ao13_am22_4,13,1,SATISFIED,5.0134,23435.0,52752.0
SAL-Ei-LM,bom_tubes_p30_ao13_am18_2_m30_ao13_am22_4,13,2,SATISFIED,5.013,23825.0,50967.0
SAL-Ei-LM,bom_tubes_p30_ao13_am18_2_m30_ao13_am22_4,13,3,SATISFIED,5.0133,23463.0,51141.0
SAL-Ei-LM,bom_tubes_p30_ao13_am18_2_m30_ao13_am22_4,13,4,SATISFIED,5.0165,23657.0,43462.0
SAL-Ei-LM,bom_tubes_p30_ao13_am18_2_m30_ao13_am22_4,13,5,SATISFIED,5.0116,23566.0,48930.0
SAL-Ei-LM,bom_tubes_p30_ao13_am18_2_m30_ao13_am22_4,13,6,SATISFIED,5.0098,23435.0,42367.0
SAL-Ei-LM,bom_tubes_p30_ao13_am18_2_m30_ao13_am22_4,13,7,SATISFIED,5.0152,23415.0,51640.0
SAL-Ei-LM,bom_tubes_p30_ao13_am18_2_m30_ao13_am22_4,13,8,SATISFIED,5.0144,23349.0,52320.0
SAL-Ei-LM,bom_tubes_p30_ao13_am18_2_m30_ao13_am22_4,13,9,SATISFIED,5.0154,23435.0,51918.0
SAL-Ei-LM,bom_tubes_p30_ao13_am18_2_m30_ao13_am22_4,13,10,SATISFIED,5.017,23544.0,51333.0
SAL-Ei-LM,bom_tubes_p30_ao13_am18_3,13,1,SATISFIED,5.0165,121854.0,64148.0
SAL-Ei-LM,bom_tubes_p30_ao13_am18_3,13,2,SATISFIED,5.0161,123593.0,59193.0
SAL-Ei-LM,bom_tubes_p30_ao13_am18_3,13,3,SATISFIED,5.0149,123621.0,68679.0
SAL-Ei-LM,bom_tubes_p30_ao13_am18_3,13,4,SATISFIED,5.0163,123572.0,68397.0
SAL-Ei-LM,bom_tubes_p30_ao13_am18_3,13,5,SATISFIED,5.0196,122118.0,55388.0
SAL-Ei-LM,bom_tubes_p30_ao13_am18_3,13,6,SATISFIED,5.0193,123619.0,53698.0
SAL-Ei-LM,bom_tubes_p30_ao13_am18_3,13,7,SATISFIED,5.0165,121569.0,68044.0
SAL-Ei-LM,bom_tubes_p30_ao13_am18_3,13,8,SATISFIED,5.0178,121210.0,68116.0
SAL-Ei-LM,bom_tubes_p30_ao13_am18_3,13,9,SATISFIED,5.0164,123388.0,52501.0
SAL-Ei-LM,bom_tubes_p30_ao13_am18_3,13,10,SATISFIED,5.0173,123294.0,66268.0
SAL-Ei-LM,bom_tubes_p30_ao13_am18_3_m10_ao13_am9_1,13,1,SATISFIED,5.014,95974.0,53312.0
SAL-Ei-LM,bom_tubes_p30_ao13_am18_3_m10_ao13_am9_1,13,2,SATISFIED,5.0131,95646.0,53301.0
SAL-Ei-LM,bom_tubes_p30_ao13_am18_3_m10_ao13_am9_1,13,3,SATISFIED,5.0141,95700.0,53270.0
SAL-Ei-LM,bom_tubes_p30_ao13_am18_3_m10_ao13_am9_1,13,4,SATISFIED,5.0144,95888.0,53291.0
SAL-Ei-LM,bom_tubes_p30_ao13_am18_3_m10_ao13_am9_1,13,5,SATISFIED,5.0131,96085.0,52819.0
SAL-Ei-LM,bom_tubes_p30_ao13_am18_3_m10_ao13_am9_1,13,6,SATISFIED,5.0149,95696.0,53519.0
SAL-Ei-LM,bom_tubes_p30_ao13_am18_3_m10_ao13_am9_1,13,7,SATISFIED,5.0178,96130.0,41733.0
SAL-Ei-LM,bom_tubes_p30_ao13_am18_3_m10_ao13_am9_1,13,8,SATISFIED,5.0188,95885.0,45657.0
SAL-Ei-LM,bom_tubes_p30_ao13_am18_3_m10_ao13_am9_1,13,9,SATISFIED,5.0178,95886.0,48633.0
SAL-Ei-LM,bom_tubes_p30_ao13_am18_3_m10_ao13_am9_1,13,10,SATISFIED,5.0156,96023.0,36062.0
SAL-Ei-LM,bom_tubes_p30_ao13_am18_3_m10_ao13_am9_3,13,1,SATISFIED,5.016,65666.0,43872.0
SAL-Ei-LM,bom_tubes_p30_ao13_am18_3_m10_ao13_am9_3,13,2,SATISFIED,5.0204,62774.0,33330.0
SAL-Ei-LM,bom_tubes_p30_ao13_am18_3_m10_ao13_am9_3,13,3,SATISFIED,5.0208,63713.0,40720.0
SAL-Ei-LM,bom_tubes_p30_ao13_am18_3_m10_ao13_am9_3,13,4,SATISFIED,5.0183,63335.0,43923.0
SAL-Ei-LM,bom_tubes_p30_ao13_am18_3_m10_ao13_am9_3,13,5,SATISFIED,5.016,66863.0,47770.0
SAL-Ei-LM,bom_tubes_p30_ao13_am18_3_m10_ao13_am9_3,13,6,SATISFIED,5.0136,62776.0,52087.0
SAL-Ei-LM,bom_tubes_p30_ao13_am18_3_m10_ao13_am9_3,13,7,SATISFIED,5.0213,61795.0,42140.0
SAL-Ei-LM,bom_tubes_p30_ao13_am18_3_m10_ao13_am9_3,13,8,SATISFIED,5.022,67229.0,42166.0
SAL-Ei-LM,bom_tubes_p30_ao13_am18_3_m10_ao13_am9_3,13,9,SATISFIED,5.02,66033.0,33459.0
SAL-Ei-LM,bom_tubes_p30_ao13_am18_3_m10_ao13_am9_3,13,10,SATISFIED,5.0207,60463.0,39577.0
SAL-Ei-LM,bom_tubes_p30_ao13_am18_3_m10_ao13_am9_4,13,1,SATISFIED,5.031,26224.0,41223.0
SAL-Ei-LM,bom_tubes_p30_ao13_am18_3_m10_ao13_am9_4,13,2,SATISFIED,5.0209,26276.0,51314.0
SAL-Ei-LM,bom_tubes_p30_ao13_am18_3_m10_ao13_am9_4,13,3,SATISFIED,5.0213,27571.0,49127.0
SAL-Ei-LM,bom_tubes_p30_ao13_am18_3_m10_ao13_am9_4,13,4,SATISFIED,5.0187,25084.0,49538.0
SAL-Ei-LM,bom_tubes_p30_ao13_am18_3_m10_ao13_am9_4,13,5,SATISFIED,5.0232,25912.0,47651.0
SAL-Ei-LM,bom_tubes_p30_ao13_am18_3_m10_ao13_am9_4,13,6,SATISFIED,5.0208,26534.0,37201.0
SAL-Ei-LM,bom_tubes_p30_ao13_am18_3_m10_ao13_am9_4,13,7,SATISFIED,5.02,26927.0,40676.0
SAL-Ei-LM,bom_tubes_p30_ao13_am18_3_m10_ao13_am9_4,13,8,SATISFIED,5.0221,26566.0,40015.0
SAL-Ei-LM,bom_tubes_p30_ao13_am18_3_m10_ao13_am9_4,13,9,SATISFIED,5.0168,26651.0,49762.0
SAL-Ei-LM,bom_tubes_p30_ao13_am18_3_m10_ao13_am9_4,13,10,SATISFIED,5.0164,26151.0,49358.0
SAL-Ei-LM,bom_tubes_p30_ao13_am18_3_m10_ao13_am9_5,13,1,SATISFIED,5.0196,102493.0,44448.0
SAL-Ei-LM,bom_tubes_p30_ao13_am18_3_m10_ao13_am9_5,13,2,SATISFIED,5.0152,102493.0,53810.0
SAL-Ei-LM,bom_tubes_p30_ao13_am18_3_m10_ao13_am9_5,13,3,SATISFIED,5.0104,102493.0,54214.0
SAL-Ei-LM,bom_tubes_p30_ao13_am18_3_m10_ao13_am9_5,13,4,SATISFIED,5.0116,102493.0,43650.0
SAL-Ei-LM,bom_tubes_p30_ao13_am18_3_m10_ao13_am9_5,13,5,SATISFIED,5.0094,102493.0,55129.0
SAL-Ei-LM,bom_tubes_p30_ao13_am18_3_m10_ao13_am9_5,13,6,SATISFIED,5.0091,102493.0,54929.0
SAL-Ei-LM,bom_tubes_p30_ao13_am18_3_m10_ao13_am9_5,13,7,SATISFIED,5.0158,102493.0,35481.0
SAL-Ei-LM,bom_tubes_p30_ao13_am18_3_m10_ao13_am9_5,13,8,SATISFIED,5.0178,102493.0,44245.0
SAL-Ei-LM,bom_tubes_p30_ao13_am18_3_m10_ao13_am9_5,13,9,SATISFIED,5.0153,102493.0,43974.0
SAL-Ei-LM,bom_tubes_p30_ao13_am18_3_m10_ao13_am9_5,13,10,SATISFIED,5.0146,102493.0,44308.0
SAL-Ei-LM,bom_tubes_p30_ao13_am18_3_m10_ao13_am10_2,13,1,SATISFIED,5.0157,96110.0,47298.0
SAL-Ei-LM,bom_tubes_p30_ao13_am18_3_m10_ao13_am10_2,13,2,SATISFIED,5.0195,96175.0,47075.0
SAL-Ei-LM,bom_tubes_p30_ao13_am18_3_m10_ao13_am10_2,13,3,SATISFIED,5.0158,96376.0,58657.0
SAL-Ei-LM,bom_tubes_p30_ao13_am18_3_m10_ao13_am10_2,13,4,SATISFIED,5.0147,96388.0,59512.0
SAL-Ei-LM,bom_tubes_p30_ao13_am18_3_m10_ao13_am10_2,13,5,SATISFIED,5.0137,96378.0,59676.0
SAL-Ei-LM,bom_tubes_p30_ao13_am18_3_m10_ao13_am10_2,13,6,SATISFIED,5.0148,96297.0,59412.0
SAL-Ei-LM,bom_tubes_p30_ao13_am18_3_m10_ao13_am10_2,13,7,SATISFIED,5.0129,96383.0,59354.0
SAL-Ei-LM,bom_tubes_p30_ao13_am18_3_m10_ao13_am10_2,13,8,SATISFIED,5.0164,95816.0,59519.0
SAL-Ei-LM,bom_tubes_p30_ao13_am18_3_m10_ao13_am10_2,13,9,SATISFIED,5.0184,96082.0,59677.0
SAL-Ei-LM,bom_tubes_p30_ao13_am18_3_m10_ao13_am10_2,13,10,SATISFIED,5.0163,96377.0,59136.0
SAL-Ei-LM,bom_tubes_p30_ao13_am18_3_m30_ao13_am14_3,13,1,SATISFIED,5.0161,102403.0,58598.0
SAL-Ei-LM,bom_tubes_p30_ao13_am18_3_m30_ao13_am14_3,13,2,SATISFIED,5.0193,102417.0,32148.0
SAL-Ei-LM,bom_tubes_p30_ao13_am18_3_m30_ao13_am14_3,13,3,SATISFIED,5.0162,102377.0,36302.0
SAL-Ei-LM,bom_tubes_p30_ao13_am18_3_m30_ao13_am14_3,13,4,SATISFIED,5.0142,102359.0,56801.0
SAL-Ei-LM,bom_tubes_p30_ao13_am18_3_m30_ao13_am14_3,13,5,SATISFIED,5.0171,102375.0,56994.0
SAL-Ei-LM,bom_tubes_p30_ao13_am18_3_m30_ao13_am14_3,13,6,SATISFIED,5.0175,102391.0,44572.0
SAL-Ei-LM,bom_tubes_p30_ao13_am18_3_m30_ao13_am14_3,13,7,SATISFIED,5.0119,102401.0,40401.0
SAL-Ei-LM,bom_tubes_p30_ao13_am18_3_m30_ao13_am14_3,13,8,SATISFIED,5.012,102371.0,59571.0
SAL-Ei-LM,bom_tubes_p30_ao13_am18_3_m30_ao13_am14_3,13,9,SATISFIED,5.0116,102411.0,59101.0
SAL-Ei-LM,bom_tubes_p30_ao13_am18_3_m30_ao13_am14_3,13,10,SATISFIED,5.0136,102379.0,47866.0
SAL-Ei-LM,bom_tubes_p30_ao13_am18_3_m30_ao13_am18_1,13,1,SATISFIED,5.0136,32394.0,41093.0
SAL-Ei-LM,bom_tubes_p30_ao13_am18_3_m30_ao13_am18_1,13,2,SATISFIED,5.0125,35304.0,53578.0
SAL-Ei-LM,bom_tubes_p30_ao13_am18_3_m30_ao13_am18_1,13,3,SATISFIED,5.0143,38214.0,52079.0
SAL-Ei-LM,bom_tubes_p30_ao13_am18_3_m30_ao13_am18_1,13,4,SATISFIED,5.0133,34644.0,52315.0
SAL-Ei-LM,bom_tubes_p30_ao13_am18_3_m30_ao13_am18_1,13,5,SATISFIED,5.0154,35720.0,52469.0
SAL-Ei-LM,bom_tubes_p30_ao13_am18_3_m30_ao13_am18_1,13,6,SATISFIED,5.0152,35696.0,52895.0
SAL-Ei-LM,bom_tubes_p30_ao13_am18_3_m30_ao13_am18_1,13,7,SATISFIED,5.0163,35184.0,52466.0
SAL-Ei-LM,bom_tubes_p30_ao13_am18_3_m30_ao13_am18_1,13,8,SATISFIED,5.0163,35454.0,41937.0
SAL-Ei-LM,bom_tubes_p30_ao13_am18_3_m30_ao13_am18_1,13,9,SATISFIED,5.0141,32364.0,49223.0
SAL-Ei-LM,bom_tubes_p30_ao13_am18_3_m30_ao13_am18_1,13,10,SATISFIED,5.016,41124.0,52532.0
SAL-Ei-LM,bom_tubes_p30_ao13_am18_3_m30_ao13_am18_2,13,1,SATISFIED,5.0134,29643.0,51852.0
SAL-Ei-LM,bom_tubes_p30_ao13_am18_3_m30_ao13_am18_2,13,2,SATISFIED,5.0175,30192.0,36445.0
SAL-Ei-LM,bom_tubes_p30_ao13_am18_3_m30_ao13_am18_2,13,3,SATISFIED,5.0167,28432.0,38759.0
SAL-Ei-LM,bom_tubes_p30_ao13_am18_3_m30_ao13_am18_2,13,4,SATISFIED,5.014,29552.0,47506.0
SAL-Ei-LM,bom_tubes_p30_ao13_am18_3_m30_ao13_am18_2,13,5,SATISFIED,5.0147,29527.0,39752.0
SAL-Ei-LM,bom_tubes_p30_ao13_am18_3_m30_ao13_am18_2,13,6,SATISFIED,5.0145,29044.0,48410.0
SAL-Ei-LM,bom_tubes_p30_ao13_am18_3_m30_ao13_am18_2,13,7,SATISFIED,5.0155,28603.0,49646.0
SAL-Ei-LM,bom_tubes_p30_ao13_am18_3_m30_ao13_am18_2,13,8,SATISFIED,5.0145,28809.0,48279.0
SAL-Ei-LM,bom_tubes_p30_ao13_am18_3_m30_ao13_am18_2,13,9,SATISFIED,5.0152,29044.0,48366.0
SAL-Ei-LM,bom_tubes_p30_ao13_am18_3_m30_ao13_am18_2,13,10,SATISFIED,5.0136,29347.0,48841.0
SAL-Ei-LM,bom_tubes_p30_ao13_am18_3_m30_ao13_am19_5,13,1,SATISFIED,5.0151,46366.0,52447.0
SAL-Ei-LM,bom_tubes_p30_ao13_am18_3_m30_ao13_am19_5,13,2,SATISFIED,5.0157,46334.0,44224.0
SAL-Ei-LM,bom_tubes_p30_ao13_am18_3_m30_ao13_am19_5,13,3,SATISFIED,5.0155,45958.0,44076.0
SAL-Ei-LM,bom_tubes_p30_ao13_am18_3_m30_ao13_am19_5,13,4,SATISFIED,5.0149,46102.0,56079.0
SAL-Ei-LM,bom_tubes_p30_ao13_am18_3_m30_ao13_am19_5,13,5,SATISFIED,5.0148,45784.0,53111.0
SAL-Ei-LM,bom_tubes_p30_ao13_am18_3_m30_ao13_am19_5,13,6,SATISFIED,5.015,46338.0,52867.0
SAL-Ei-LM,bom_tubes_p30_ao13_am18_3_m30_ao13_am19_5,13,7,SATISFIED,5.0141,46359.0,54336.0
SAL-Ei-LM,bom_tubes_p30_ao13_am18_3_m30_ao13_am19_5,13,8,SATISFIED,5.0132,45868.0,53442.0
SAL-Ei-LM,bom_tubes_p30_ao13_am18_3_m30_ao13_am19_5,13,9,SATISFIED,5.014,46045.0,56093.0
SAL-Ei-LM,bom_tubes_p30_ao13_am18_3_m30_ao13_am19_5,13,10,SATISFIED,5.0152,46175.0,53295.0
SAL-Ei-LM,bom_tubes_p30_ao13_am18_3_m30_ao13_am20_4,13,1,SATISFIED,5.0143,41715.0,46469.0
SAL-Ei-LM,bom_tubes_p30_ao13_am18_3_m30_ao13_am20_4,13,2,SATISFIED,5.0128,41469.0,46320.0
SAL-Ei-LM,bom_tubes_p30_ao13_am18_3_m30_ao13_am20_4,13,3,SATISFIED,5.0132,44483.0,48526.0
SAL-Ei-LM,bom_tubes_p30_ao13_am18_3_m30_ao13_am20_4,13,4,SATISFIED,5.0168,47372.0,42980.0
SAL-Ei-LM,bom_tubes_p30_ao13_am18_3_m30_ao13_am20_4,13,5,SATISFIED,5.014,50217.0,35043.0
SAL-Ei-LM,bom_tubes_p30_ao13_am18_3_m30_ao13_am20_4,13,6,SATISFIED,5.0164,48035.0,39190.0
SAL-Ei-LM,bom_tubes_p30_ao13_am18_3_m30_ao13_am20_4,13,7,SATISFIED,5.0129,45857.0,39695.0
SAL-Ei-LM,bom_tubes_p30_ao13_am18_3_m30_ao13_am20_4,13,8,SATISFIED,5.0104,47625.0,39596.0
SAL-Ei-LM,bom_tubes_p30_ao13_am18_3_m30_ao13_am20_4,13,9,SATISFIED,5.009,47486.0,46276.0
SAL-Ei-LM,bom_tubes_p30_ao13_am18_3_m30_ao13_am20_4,13,10,SATISFIED,5.013,48322.0,38309.0
SAL-Ei-LM,bom_tubes_p30_ao13_am18_4,13,1,SATISFIED,5.0132,31156.0,33094.0
SAL-Ei-LM,bom_tubes_p30_ao13_am18_4,13,2,SATISFIED,5.0141,31832.0,57689.0
SAL-Ei-LM,bom_tubes_p30_ao13_am18_4,13,3,SATISFIED,5.0137,31316.0,57924.0
SAL-Ei-LM,bom_tubes_p30_ao13_am18_4,13,4,SATISFIED,5.0133,31352.0,46741.0
SAL-Ei-LM,bom_tubes_p30_ao13_am18_4,13,5,SATISFIED,5.0103,31040.0,39053.0
SAL-Ei-LM,bom_tubes_p30_ao13_am18_4,13,6,SATISFIED,5.0109,30848.0,50267.0
SAL-Ei-LM,bom_tubes_p30_ao13_am18_4,13,7,SATISFIED,5.0115,31356.0,58977.0
SAL-Ei-LM,bom_tubes_p30_ao13_am18_4,13,8,SATISFIED,5.0127,31132.0,48121.0
SAL-Ei-LM,bom_tubes_p30_ao13_am18_4,13,9,SATISFIED,5.0144,30508.0,61059.0
SAL-Ei-LM,bom_tubes_p30_ao13_am18_4,13,10,SATISFIED,5.0151,31148.0,48856.0
SAL-Ei-LM,bom_tubes_p30_ao13_am18_4_m10_ao13_am8_1,13,1,SATISFIED,5.0158,107406.0,56048.0
SAL-Ei-LM,bom_tubes_p30_ao13_am18_4_m10_ao13_am8_1,13,2,SATISFIED,5.0159,107665.0,38209.0
SAL-Ei-LM,bom_tubes_p30_ao13_am18_4_m10_ao13_am8_1,13,3,SATISFIED,5.0156,107173.0,48988.0
SAL-Ei-LM,bom_tubes_p30_ao13_am18_4_m10_ao13_am8_1,13,4,SATISFIED,5.0125,107419.0,57143.0
SAL-Ei-LM,bom_tubes_p30_ao13_am18_4_m10_ao13_am8_1,13,5,SATISFIED,5.0158,107136.0,37490.0
SAL-Ei-LM,bom_tubes_p30_ao13_am18_4_m10_ao13_am8_1,13,6,SATISFIED,5.0115,107300.0,56179.0
SAL-Ei-LM,bom_tubes_p30_ao13_am18_4_m10_ao13_am8_1,13,7,SATISFIED,5.0099,107410.0,57499.0
SAL-Ei-LM,bom_tubes_p30_ao13_am18_4_m10_ao13_am8_1,13,8,SATISFIED,5.0103,107293.0,37637.0
SAL-Ei-LM,bom_tubes_p30_ao13_am18_4_m10_ao13_am8_1,13,9,SATISFIED,5.0157,107366.0,46479.0
SAL-Ei-LM,bom_tubes_p30_ao13_am18_4_m10_ao13_am8_1,13,10,SATISFIED,5.0147,107678.0,58140.0
SAL-Ei-LM,bom_tubes_p30_ao13_am18_4_m10_ao13_am9_2,13,1,SATISFIED,5.0149,49110.0,55220.0
SAL-Ei-LM,bom_tubes_p30_ao13_am18_4_m10_ao13_am9_2,13,2,SATISFIED,5.0138,49201.0,54892.0
SAL-Ei-LM,bom_tubes_p30_ao13_am18_4_m10_ao13_am9_2,13,3,SATISFIED,5.0141,49519.0,55004.0
SAL-Ei-LM,bom_tubes_p30_ao13_am18_4_m10_ao13_am9_2,13,4,SATISFIED,5.0137,49105.0,54944.0
SAL-Ei-LM,bom_tubes_p30_ao13_am18_4_m10_ao13_am9_2,13,5,SATISFIED,5.0116,49228.0,54584.0
SAL-Ei-LM,bom_tubes_p30_ao13_am18_4_m10_ao13_am9_2,13,6,SATISFIED,5.0137,49281.0,53953.0
SAL-Ei-LM,bom_tubes_p30_ao13_am18_4_m10_ao13_am9_2,13,7,SATISFIED,5.0174,49065.0,46005.0
SAL-Ei-LM,bom_tubes_p30_ao13_am18_4_m10_ao13_am9_2,13,8,SATISFIED,5.0157,49075.0,48282.0
SAL-Ei-LM,bom_tubes_p30_ao13_am18_4_m10_ao13_am9_2,13,9,SATISFIED,5.0109,48937.0,51181.0
SAL-Ei-LM,bom_tubes_p30_ao13_am18_4_m10_ao13_am9_2,13,10,SATISFIED,5.0102,49081.0,54941.0
SAL-Ei-LM,bom_tubes_p30_ao13_am18_4_m10_ao13_am9_3,13,1,SATISFIED,5.0162,76052.0,42477.0
SAL-Ei-LM,bom_tubes_p30_ao13_am18_4_m10_ao13_am9_3,13,2,SATISFIED,5.0159,76036.0,46895.0
SAL-Ei-LM,bom_tubes_p30_ao13_am18_4_m10_ao13_am9_3,13,3,SATISFIED,5.0168,76140.0,49053.0
SAL-Ei-LM,bom_tubes_p30_ao13_am18_4_m10_ao13_am9_3,13,4,SATISFIED,5.013,76140.0,52160.0
SAL-Ei-LM,bom_tubes_p30_ao13_am18_4_m10_ao13_am9_3,13,5,SATISFIED,5.0142,75685.0,52273.0
SAL-Ei-LM,bom_tubes_p30_ao13_am18_4_m10_ao13_am9_3,13,6,SATISFIED,5.0235,76004.0,42508.0
SAL-Ei-LM,bom_tubes_p30_ao13_am18_4_m10_ao13_am9_3,13,7,SATISFIED,5.0159,76292.0,43159.0
SAL-Ei-LM,bom_tubes_p30_ao13_am18_4_m10_ao13_am9_3,13,8,SATISFIED,5.0225,75672.0,40274.0
SAL-Ei-LM,bom_tubes_p30_ao13_am18_4_m10_ao13_am9_3,13,9,SATISFIED,5.019,76288.0,42394.0
SAL-Ei-LM,bom_tubes_p30_ao13_am18_4_m10_ao13_am9_3,13,10,SATISFIED,5.0214,76176.0,42270.0
SAL-Ei-LM,bom_tubes_p30_ao13_am18_4_m10_ao13_am10_4,13,1,SATISFIED,5.017,53031.0,34350.0
SAL-Ei-LM,bom_tubes_p30_ao13_am18_4_m10_ao13_am10_4,13,2,SATISFIED,5.0149,53431.0,56023.0
SAL-Ei-LM,bom_tubes_p30_ao13_am18_4_m10_ao13_am10_4,13,3,SATISFIED,5.0145,53400.0,56998.0
SAL-Ei-LM,bom_tubes_p30_ao13_am18_4_m10_ao13_am10_4,13,4,SATISFIED,5.0144,52052.0,57025.0
SAL-Ei-LM,bom_tubes_p30_ao13_am18_4_m10_ao13_am10_4,13,5,SATISFIED,5.0141,51614.0,56905.0
SAL-Ei-LM,bom_tubes_p30_ao13_am18_4_m10_ao13_am10_4,13,6,SATISFIED,5.0153,52718.0,56395.0
SAL-Ei-LM,bom_tubes_p30_ao13_am18_4_m10_ao13_am10_4,13,7,SATISFIED,5.0161,53351.0,55841.0
SAL-Ei-LM,bom_tubes_p30_ao13_am18_4_m10_ao13_am10_4,13,8,SATISFIED,5.0144,53472.0,55247.0
SAL-Ei-LM,bom_tubes_p30_ao13_am18_4_m10_ao13_am10_4,13,9,SATISFIED,5.015,52004.0,55258.0
SAL-Ei-LM,bom_tubes_p30_ao13_am18_4_m10_ao13_am10_4,13,10,SATISFIED,5.0137,52903.0,55914.0
SAL-Ei-LM,bom_tubes_p30_ao13_am18_4_m10_ao13_am10_5,13,1,SATISFIED,5.0145,44475.0,46837.0
SAL-Ei-LM,bom_tubes_p30_ao13_am18_4_m10_ao13_am10_5,13,2,SATISFIED,5.0149,46147.0,46697.0
SAL-Ei-LM,bom_tubes_p30_ao13_am18_4_m10_ao13_am10_5,13,3,SATISFIED,5.0152,44447.0,57517.0
SAL-Ei-LM,bom_tubes_p30_ao13_am18_4_m10_ao13_am10_5,13,4,SATISFIED,5.0123,44437.0,59022.0
SAL-Ei-LM,bom_tubes_p30_ao13_am18_4_m10_ao13_am10_5,13,5,SATISFIED,5.0129,44454.0,58839.0
SAL-Ei-LM,bom_tubes_p30_ao13_am18_4_m10_ao13_am10_5,13,6,SATISFIED,5.0134,44449.0,57045.0
SAL-Ei-LM,bom_tubes_p30_ao13_am18_4_m10_ao13_am10_5,13,7,SATISFIED,5.0118,44460.0,58226.0
SAL-Ei-LM,bom_tubes_p30_ao13_am18_4_m10_ao13_am10_5,13,8,SATISFIED,5.0129,44442.0,58589.0
SAL-Ei-LM,bom_tubes_p30_ao13_am18_4_m10_ao13_am10_5,13,9,SATISFIED,5.0145,44461.0,57674.0
SAL-Ei-LM,bom_tubes_p30_ao13_am18_4_m10_ao13_am10_5,13,10,SATISFIED,5.0101,44443.0,57012.0
SAL-Ei-LM,bom_tubes_p30_ao13_am18_4_m30_ao13_am16_1,13,1,SATISFIED,5.0106,34280.0,55647.0
SAL-Ei-LM,bom_tubes_p30_ao13_am18_4_m30_ao13_am16_1,13,2,SATISFIED,5.0109,35331.0,56654.0
SAL-Ei-LM,bom_tubes_p30_ao13_am18_4_m30_ao13_am16_1,13,3,SATISFIED,5.0108,34405.0,38290.0
SAL-Ei-LM,bom_tubes_p30_ao13_am18_4_m30_ao13_am16_1,13,4,SATISFIED,5.0136,34280.0,53235.0
SAL-Ei-LM,bom_tubes_p30_ao13_am18_4_m30_ao13_am16_1,13,5,SATISFIED,5.0162,34280.0,45999.0
SAL-Ei-LM,bom_tubes_p30_ao13_am18_4_m30_ao13_am16_1,13,6,SATISFIED,5.0141,34280.0,57464.0
SAL-Ei-LM,bom_tubes_p30_ao13_am18_4_m30_ao13_am16_1,13,7,SATISFIED,5.0129,35163.0,56178.0
SAL-Ei-LM,bom_tubes_p30_ao13_am18_4_m30_ao13_am16_1,13,8,SATISFIED,5.0152,34280.0,57352.0
SAL-Ei-LM,bom_tubes_p30_ao13_am18_4_m30_ao13_am16_1,13,9,SATISFIED,5.0146,34280.0,56836.0
SAL-Ei-LM,bom_tubes_p30_ao13_am18_4_m30_ao13_am16_1,13,10,SATISFIED,5.0174,34280.0,45971.0
SAL-Ei-LM,bom_tubes_p30_ao13_am18_4_m30_ao13_am16_2,13,1,SATISFIED,5.0165,147786.0,43647.0
SAL-Ei-LM,bom_tubes_p30_ao13_am18_4_m30_ao13_am16_2,13,2,SATISFIED,5.0166,147640.0,54139.0
SAL-Ei-LM,bom_tubes_p30_ao13_am18_4_m30_ao13_am16_2,13,3,SATISFIED,5.0132,148854.0,53883.0
SAL-Ei-LM,bom_tubes_p30_ao13_am18_4_m30_ao13_am16_2,13,4,SATISFIED,5.0166,147516.0,46800.0
SAL-Ei-LM,bom_tubes_p30_ao13_am18_4_m30_ao13_am16_2,13,5,SATISFIED,5.0162,148736.0,49647.0
SAL-Ei-LM,bom_tubes_p30_ao13_am18_4_m30_ao13_am16_2,13,6,SATISFIED,5.0207,148512.0,42485.0
SAL-Ei-LM,bom_tubes_p30_ao13_am18_4_m30_ao13_am16_2,13,7,SATISFIED,5.0183,147650.0,43549.0
SAL-Ei-LM,bom_tubes_p30_ao13_am18_4_m30_ao13_am16_2,13,8,SATISFIED,5.0271,147458.0,35777.0
SAL-Ei-LM,bom_tubes_p30_ao13_am18_4_m30_ao13_am16_2,13,9,SATISFIED,5.0178,149196.0,36776.0
SAL-Ei-LM,bom_tubes_p30_ao13_am18_4_m30_ao13_am16_2,13,10,SATISFIED,5.0173,148942.0,49579.0
SAL-Ei-LM,bom_tubes_p30_ao13_am18_4_m30_ao13_am16_3,13,1,SATISFIED,5.0138,47309.0,48010.0
SAL-Ei-LM,bom_tubes_p30_ao13_am18_4_m30_ao13_am16_3,13,2,SATISFIED,5.0138,47538.0,45823.0
SAL-Ei-LM,bom_tubes_p30_ao13_am18_4_m30_ao13_am16_3,13,3,SATISFIED,5.0135,47538.0,48799.0
SAL-Ei-LM,bom_tubes_p30_ao13_am18_4_m30_ao13_am16_3,13,4,SATISFIED,5.0156,47526.0,54371.0
SAL-Ei-LM,bom_tubes_p30_ao13_am18_4_m30_ao13_am16_3,13,5,SATISFIED,5.0144,47502.0,47679.0
SAL-Ei-LM,bom_tubes_p30_ao13_am18_4_m30_ao13_am16_3,13,6,SATISFIED,5.014,47309.0,42365.0
SAL-Ei-LM,bom_tubes_p30_ao13_am18_4_m30_ao13_am16_3,13,7,SATISFIED,5.0154,47442.0,55906.0
SAL-Ei-LM,bom_tubes_p30_ao13_am18_4_m30_ao13_am16_3,13,8,SATISFIED,5.0139,47361.0,54730.0
SAL-Ei-LM,bom_tubes_p30_ao13_am18_4_m30_ao13_am16_3,13,9,SATISFIED,5.016,47309.0,44712.0
SAL-Ei-LM,bom_tubes_p30_ao13_am18_4_m30_ao13_am16_3,13,10,SATISFIED,5.0148,47647.0,44218.0
SAL-Ei-LM,bom_tubes_p30_ao13_am18_4_m30_ao13_am19_4,13,1,SATISFIED,5.0159,52822.0,51747.0
SAL-Ei-LM,bom_tubes_p30_ao13_am18_4_m30_ao13_am19_4,13,2,SATISFIED,5.0164,53254.0,51910.0
SAL-Ei-LM,bom_tubes_p30_ao13_am18_4_m30_ao13_am19_4,13,3,SATISFIED,5.015,52766.0,51890.0
SAL-Ei-LM,bom_tubes_p30_ao13_am18_4_m30_ao13_am19_4,13,4,SATISFIED,5.0168,53202.0,41417.0
SAL-Ei-LM,bom_tubes_p30_ao13_am18_4_m30_ao13_am19_4,13,5,SATISFIED,5.014,52836.0,39123.0
SAL-Ei-LM,bom_tubes_p30_ao13_am18_4_m30_ao13_am19_4,13,6,SATISFIED,5.0149,53216.0,43640.0
SAL-Ei-LM,bom_tubes_p30_ao13_am18_4_m30_ao13_am19_4,13,7,SATISFIED,5.0149,53078.0,39445.0
SAL-Ei-LM,bom_tubes_p30_ao13_am18_4_m30_ao13_am19_4,13,8,SATISFIED,5.0179,52802.0,41174.0
SAL-Ei-LM,bom_tubes_p30_ao13_am18_4_m30_ao13_am19_4,13,9,SATISFIED,5.0188,52932.0,39864.0
SAL-Ei-LM,bom_tubes_p30_ao13_am18_4_m30_ao13_am19_4,13,10,SATISFIED,5.0159,52960.0,49039.0
SAL-Ei-LM,bom_tubes_p30_ao13_am18_4_m30_ao13_am20_5,13,1,SATISFIED,5.0151,22295.0,47840.0
SAL-Ei-LM,bom_tubes_p30_ao13_am18_4_m30_ao13_am20_5,13,2,SATISFIED,5.0165,22525.0,52281.0
SAL-Ei-LM,bom_tubes_p30_ao13_am18_4_m30_ao13_am20_5,13,3,SATISFIED,5.0167,22216.0,42825.0
SAL-Ei-LM,bom_tubes_p30_ao13_am18_4_m30_ao13_am20_5,13,4,SATISFIED,5.0143,22449.0,53175.0
SAL-Ei-LM,bom_tubes_p30_ao13_am18_4_m30_ao13_am20_5,13,5,SATISFIED,5.0161,22141.0,56031.0
SAL-Ei-LM,bom_tubes_p30_ao13_am18_4_m30_ao13_am20_5,13,6,SATISFIED,5.0141,22252.0,55702.0
SAL-Ei-LM,bom_tubes_p30_ao13_am18_4_m30_ao13_am20_5,13,7,SATISFIED,5.0134,23008.0,55983.0
SAL-Ei-LM,bom_tubes_p30_ao13_am18_4_m30_ao13_am20_5,13,8,SATISFIED,5.0123,21907.0,53212.0
SAL-Ei-LM,bom_tubes_p30_ao13_am18_4_m30_ao13_am20_5,13,9,SATISFIED,5.0132,22431.0,53930.0
SAL-Ei-LM,bom_tubes_p30_ao13_am18_4_m30_ao13_am20_5,13,10,SATISFIED,5.0164,22441.0,53532.0
SAL-Ei-LM,bom_tubes_p30_ao13_am18_5,13,1,SATISFIED,5.0154,52076.0,64543.0
SAL-Ei-LM,bom_tubes_p30_ao13_am18_5,13,2,SATISFIED,5.0136,52074.0,64461.0
SAL-Ei-LM,bom_tubes_p30_ao13_am18_5,13,3,SATISFIED,5.015,52614.0,64683.0
SAL-Ei-LM,bom_tubes_p30_ao13_am18_5,13,4,SATISFIED,5.018,52790.0,51815.0
SAL-Ei-LM,bom_tubes_p30_ao13_am18_5,13,5,SATISFIED,5.0127,52434.0,48996.0
SAL-Ei-LM,bom_tubes_p30_ao13_am18_5,13,6,SATISFIED,5.0125,52794.0,64319.0
SAL-Ei-LM,bom_tubes_p30_ao13_am18_5,13,7,SATISFIED,5.0136,52414.0,64272.0
SAL-Ei-LM,bom_tubes_p30_ao13_am18_5,13,8,SATISFIED,5.0131,52686.0,64789.0
SAL-Ei-LM,bom_tubes_p30_ao13_am18_5,13,9,SATISFIED,5.0147,52574.0,46286.0
SAL-Ei-LM,bom_tubes_p30_ao13_am18_5,13,10,SATISFIED,5.0161,52566.0,54296.0
SAL-Ei-LM,bom_tubes_p30_ao13_am18_5_m10_ao13_am9_1,13,1,SATISFIED,5.0161,115188.0,43228.0
SAL-Ei-LM,bom_tubes_p30_ao13_am18_5_m10_ao13_am9_1,13,2,SATISFIED,5.0139,115442.0,36202.0
SAL-Ei-LM,bom_tubes_p30_ao13_am18_5_m10_ao13_am9_1,13,3,SATISFIED,5.0137,115322.0,44655.0
SAL-Ei-LM,bom_tubes_p30_ao13_am18_5_m10_ao13_am9_1,13,4,SATISFIED,5.0181,115698.0,54580.0
SAL-Ei-LM,bom_tubes_p30_ao13_am18_5_m10_ao13_am9_1,13,5,SATISFIED,5.0202,115520.0,43460.0
SAL-Ei-LM,bom_tubes_p30_ao13_am18_5_m10_ao13_am9_1,13,6,SATISFIED,5.0159,115443.0,53642.0
SAL-Ei-LM,bom_tubes_p30_ao13_am18_5_m10_ao13_am9_1,13,7,SATISFIED,5.0145,115177.0,45478.0
SAL-Ei-LM,bom_tubes_p30_ao13_am18_5_m10_ao13_am9_1,13,8,SATISFIED,5.0138,115576.0,47543.0
SAL-Ei-LM,bom_tubes_p30_ao13_am18_5_m10_ao13_am9_1,13,9,SATISFIED,5.0152,115273.0,41466.0
SAL-Ei-LM,bom_tubes_p30_ao13_am18_5_m10_ao13_am9_1,13,10,SATISFIED,5.0143,115190.0,44337.0
SAL-Ei-LM,bom_tubes_p30_ao13_am18_5_m10_ao13_am9_3,13,1,SATISFIED,5.0166,111137.0,42706.0
SAL-Ei-LM,bom_tubes_p30_ao13_am18_5_m10_ao13_am9_3,13,2,SATISFIED,5.0164,110897.0,41420.0
SAL-Ei-LM,bom_tubes_p30_ao13_am18_5_m10_ao13_am9_3,13,3,SATISFIED,5.0151,111137.0,54594.0
SAL-Ei-LM,bom_tubes_p30_ao13_am18_5_m10_ao13_am9_3,13,4,SATISFIED,5.0221,111617.0,35116.0
SAL-Ei-LM,bom_tubes_p30_ao13_am18_5_m10_ao13_am9_3,13,5,SATISFIED,5.0155,111497.0,46675.0
SAL-Ei-LM,bom_tubes_p30_ao13_am18_5_m10_ao13_am9_3,13,6,SATISFIED,5.0186,110897.0,30661.0
SAL-Ei-LM,bom_tubes_p30_ao13_am18_5_m10_ao13_am9_3,13,7,SATISFIED,5.0162,111617.0,43476.0
SAL-Ei-LM,bom_tubes_p30_ao13_am18_5_m10_ao13_am9_3,13,8,SATISFIED,5.0139,111777.0,54252.0
SAL-Ei-LM,bom_tubes_p30_ao13_am18_5_m10_ao13_am9_3,13,9,SATISFIED,5.0139,111137.0,44035.0
SAL-Ei-LM,bom_tubes_p30_ao13_am18_5_m10_ao13_am9_3,13,10,SATISFIED,5.0118,111297.0,54378.0
SAL-Ei-LM,bom_tubes_p30_ao13_am18_5_m10_ao13_am9_5,13,1,SATISFIED,5.0138,76032.0,60849.0
SAL-Ei-LM,bom_tubes_p30_ao13_am18_5_m10_ao13_am9_5,13,2,SATISFIED,5.0182,76032.0,49395.0
SAL-Ei-LM,bom_tubes_p30_ao13_am18_5_m10_ao13_am9_5,13,3,SATISFIED,5.0148,75772.0,50596.0
SAL-Ei-LM,bom_tubes_p30_ao13_am18_5_m10_ao13_am9_5,13,4,SATISFIED,5.0153,75732.0,38601.0
SAL-Ei-LM,bom_tubes_p30_ao13_am18_5_m10_ao13_am9_5,13,5,SATISFIED,5.0138,76052.0,44153.0
SAL-Ei-LM,bom_tubes_p30_ao13_am18_5_m10_ao13_am9_5,13,6,SATISFIED,5.0162,75672.0,50146.0
SAL-Ei-LM,bom_tubes_p30_ao13_am18_5_m10_ao13_am9_5,13,7,SATISFIED,5.0184,75892.0,48140.0
SAL-Ei-LM,bom_tubes_p30_ao13_am18_5_m10_ao13_am9_5,13,8,SATISFIED,5.016,75932.0,48125.0
SAL-Ei-LM,bom_tubes_p30_ao13_am18_5_m10_ao13_am9_5,13,9,SATISFIED,5.014,75652.0,50142.0
SAL-Ei-LM,bom_tubes_p30_ao13_am18_5_m10_ao13_am9_5,13,10,SATISFIED,5.0163,75652.0,50144.0
SAL-Ei-LM,bom_tubes_p30_ao13_am18_5_m10_ao13_am10_2,13,1,SATISFIED,5.0151,115911.0,49557.0
SAL-Ei-LM,bom_tubes_p30_ao13_am18_5_m10_ao13_am10_2,13,2,SATISFIED,5.022,115911.0,49878.0
SAL-Ei-LM,bom_tubes_p30_ao13_am18_5_m10_ao13_am10_2,13,3,SATISFIED,5.0192,115911.0,63069.0
SAL-Ei-LM,bom_tubes_p30_ao13_am18_5_m10_ao13_am10_2,13,4,SATISFIED,5.017,115911.0,63027.0
SAL-Ei-LM,bom_tubes_p30_ao13_am18_5_m10_ao13_am10_2,13,5,SATISFIED,5.0182,115911.0,62364.0
SAL-Ei-LM,bom_tubes_p30_ao13_am18_5_m10_ao13_am10_2,13,6,SATISFIED,5.0215,115911.0,61562.0
SAL-Ei-LM,bom_tubes_p30_ao13_am18_5_m10_ao13_am10_2,13,7,SATISFIED,5.0185,115911.0,61025.0
SAL-Ei-LM,bom_tubes_p30_ao13_am18_5_m10_ao13_am10_2,13,8,SATISFIED,5.0178,115911.0,48749.0
SAL-Ei-LM,bom_tubes_p30_ao13_am18_5_m10_ao13_am10_2,13,9,SATISFIED,5.0222,115911.0,46123.0
SAL-Ei-LM,bom_tubes_p30_ao13_am18_5_m10_ao13_am10_2,13,10,SATISFIED,5.0221,115911.0,41970.0
SAL-Ei-LM,bom_tubes_p30_ao13_am18_5_m10_ao13_am10_4,13,1,SATISFIED,5.0156,121114.0,46633.0
SAL-Ei-LM,bom_tubes_p30_ao13_am18_5_m10_ao13_am10_4,13,2,SATISFIED,5.0148,120214.0,58436.0
SAL-Ei-LM,bom_tubes_p30_ao13_am18_5_m10_ao13_am10_4,13,3,SATISFIED,5.015,120074.0,58691.0
SAL-Ei-LM,bom_tubes_p30_ao13_am18_5_m10_ao13_am10_4,13,4,SATISFIED,5.0131,120714.0,58863.0
SAL-Ei-LM,bom_tubes_p30_ao13_am18_5_m10_ao13_am10_4,13,5,SATISFIED,5.0146,121254.0,58837.0
SAL-Ei-LM,bom_tubes_p30_ao13_am18_5_m10_ao13_am10_4,13,6,SATISFIED,5.013,120174.0,58873.0
SAL-Ei-LM,bom_tubes_p30_ao13_am18_5_m10_ao13_am10_4,13,7,SATISFIED,5.0126,120094.0,58828.0
SAL-Ei-LM,bom_tubes_p30_ao13_am18_5_m10_ao13_am10_4,13,8,SATISFIED,5.013,121394.0,58390.0
SAL-Ei-LM,bom_tubes_p30_ao13_am18_5_m10_ao13_am10_4,13,9,SATISFIED,5.0131,120954.0,58950.0
SAL-Ei-LM,bom_tubes_p30_ao13_am18_5_m10_ao13_am10_4,13,10,SATISFIED,5.0153,120554.0,58811.0
SAL-Ei-LM,bom_tubes_p30_ao13_am18_5_m30_ao13_am17_1,13,1,SATISFIED,5.0131,72873.0,55653.0
SAL-Ei-LM,bom_tubes_p30_ao13_am18_5_m30_ao13_am17_1,13,2,SATISFIED,5.0138,72993.0,56592.0
SAL-Ei-LM,bom_tubes_p30_ao13_am18_5_m30_ao13_am17_1,13,3,SATISFIED,5.0147,72873.0,55825.0
SAL-Ei-LM,bom_tubes_p30_ao13_am18_5_m30_ao13_am17_1,13,4,SATISFIED,5.0161,72933.0,55641.0
SAL-Ei-LM,bom_tubes_p30_ao13_am18_5_m30_ao13_am17_1,13,5,SATISFIED,5.0158,72909.0,49257.0
SAL-Ei-LM,bom_tubes_p30_ao13_am18_5_m30_ao13_am17_1,13,6,SATISFIED,5.0162,72969.0,50170.0
SAL-Ei-LM,bom_tubes_p30_ao13_am18_5_m30_ao13_am17_1,13,7,SATISFIED,5.0171,72921.0,42278.0
SAL-Ei-LM,bom_tubes_p30_ao13_am18_5_m30_ao13_am17_1,13,8,SATISFIED,5.0165,72873.0,44122.0
SAL-Ei-LM,bom_tubes_p30_ao13_am18_5_m30_ao13_am17_1,13,9,SATISFIED,5.0156,72861.0,54116.0
SAL-Ei-LM,bom_tubes_p30_ao13_am18_5_m30_ao13_am17_1,13,10,SATISFIED,5.0142,72873.0,53802.0
SAL-Ei-LM,bom_tubes_p30_ao13_am18_5_m30_ao13_am17_3,13,1,SATISFIED,5.0176,66669.0,39668.0
SAL-Ei-LM,bom_tubes_p30_ao13_am18_5_m30_ao13_am17_3,13,2,SATISFIED,5.018,67004.0,38995.0
SAL-Ei-LM,bom_tubes_p30_ao13_am18_5_m30_ao13_am17_3,13,3,SATISFIED,5.0177,66727.0,49845.0
SAL-Ei-LM,bom_tubes_p30_ao13_am18_5_m30_ao13_am17_3,13,4,SATISFIED,5.0162,66643.0,49619.0
SAL-Ei-LM,bom_tubes_p30_ao13_am18_5_m30_ao13_am17_3,13,5,SATISFIED,5.0167,67297.0,37543.0
SAL-Ei-LM,bom_tubes_p30_ao13_am18_5_m30_ao13_am17_3,13,6,SATISFIED,5.0131,67283.0,38030.0
SAL-Ei-LM,bom_tubes_p30_ao13_am18_5_m30_ao13_am17_3,13,7,SATISFIED,5.0199,66506.0,35217.0
SAL-Ei-LM,bom_tubes_p30_ao13_am18_5_m30_ao13_am17_3,13,8,SATISFIED,5.0168,66503.0,32554.0
SAL-Ei-LM,bom_tubes_p30_ao13_am18_5_m30_ao13_am17_3,13,9,SATISFIED,5.0161,66923.0,38535.0
SAL-Ei-LM,bom_tubes_p30_ao13_am18_5_m30_ao13_am17_3,13,10,SATISFIED,5.016,67345.0,32331.0
SAL-Ei-LM,bom_tubes_p30_ao13_am18_5_m30_ao13_am18_5,13,1,SATISFIED,5.0166,49900.0,44418.0
SAL-Ei-LM,bom_tubes_p30_ao13_am18_5_m30_ao13_am18_5,13,2,SATISFIED,5.0152,49917.0,34564.0
SAL-Ei-LM,bom_tubes_p30_ao13_am18_5_m30_ao13_am18_5,13,3,SATISFIED,5.0174,48989.0,45094.0
SAL-Ei-LM,bom_tubes_p30_ao13_am18_5_m30_ao13_am18_5,13,4,SATISFIED,5.0164,49882.0,41919.0
SAL-Ei-LM,bom_tubes_p30_ao13_am18_5_m30_ao13_am18_5,13,5,SATISFIED,5.0136,49926.0,34173.0
SAL-Ei-LM,bom_tubes_p30_ao13_am18_5_m30_ao13_am18_5,13,6,SATISFIED,5.0172,49924.0,42355.0
SAL-Ei-LM,bom_tubes_p30_ao13_am18_5_m30_ao13_am18_5,13,7,SATISFIED,5.0158,49912.0,52910.0
SAL-Ei-LM,bom_tubes_p30_ao13_am18_5_m30_ao13_am18_5,13,8,SATISFIED,5.014,49904.0,43334.0
SAL-Ei-LM,bom_tubes_p30_ao13_am18_5_m30_ao13_am18_5,13,9,SATISFIED,5.0184,49908.0,33333.0
SAL-Ei-LM,bom_tubes_p30_ao13_am18_5_m30_ao13_am18_5,13,10,SATISFIED,5.0187,49907.0,34409.0
SAL-Ei-LM,bom_tubes_p30_ao13_am18_5_m30_ao13_am20_2,13,1,SATISFIED,5.0144,35425.0,48462.0
SAL-Ei-LM,bom_tubes_p30_ao13_am18_5_m30_ao13_am20_2,13,2,SATISFIED,5.0125,35342.0,51984.0
SAL-Ei-LM,bom_tubes_p30_ao13_am18_5_m30_ao13_am20_2,13,3,SATISFIED,5.0157,32513.0,52258.0
SAL-Ei-LM,bom_tubes_p30_ao13_am18_5_m30_ao13_am20_2,13,4,SATISFIED,5.0145,35434.0,52383.0
SAL-Ei-LM,bom_tubes_p30_ao13_am18_5_m30_ao13_am20_2,13,5,SATISFIED,5.0147,35161.0,54422.0
SAL-Ei-LM,bom_tubes_p30_ao13_am18_5_m30_ao13_am20_2,13,6,SATISFIED,5.0158,34649.0,52635.0
SAL-Ei-LM,bom_tubes_p30_ao13_am18_5_m30_ao13_am20_2,13,7,SATISFIED,5.0153,35204.0,52872.0
SAL-Ei-LM,bom_tubes_p30_ao13_am18_5_m30_ao13_am20_2,13,8,SATISFIED,5.0164,34665.0,37909.0
SAL-Ei-LM,bom_tubes_p30_ao13_am18_5_m30_ao13_am20_2,13,9,SATISFIED,5.0187,35385.0,42405.0
SAL-Ei-LM,bom_tubes_p30_ao13_am18_5_m30_ao13_am20_2,13,10,SATISFIED,5.0167,33998.0,38313.0
SAL-Ei-LM,bom_tubes_p30_ao13_am18_5_m30_ao13_am22_4,13,1,SATISFIED,5.0157,37305.0,37238.0
SAL-Ei-LM,bom_tubes_p30_ao13_am18_5_m30_ao13_am22_4,13,2,SATISFIED,5.0161,42081.0,46581.0
SAL-Ei-LM,bom_tubes_p30_ao13_am18_5_m30_ao13_am22_4,13,3,SATISFIED,5.0154,43760.0,47685.0
SAL-Ei-LM,bom_tubes_p30_ao13_am18_5_m30_ao13_am22_4,13,4,SATISFIED,5.0154,41661.0,46085.0
SAL-Ei-LM,bom_tubes_p30_ao13_am18_5_m30_ao13_am22_4,13,5,SATISFIED,5.0147,44089.0,47263.0
SAL-Ei-LM,bom_tubes_p30_ao13_am18_5_m30_ao13_am22_4,13,6,SATISFIED,5.0144,39496.0,47209.0
SAL-Ei-LM,bom_tubes_p30_ao13_am18_5_m30_ao13_am22_4,13,7,SATISFIED,5.016,39151.0,36074.0
SAL-Ei-LM,bom_tubes_p30_ao13_am18_5_m30_ao13_am22_4,13,8,SATISFIED,5.0149,40657.0,40812.0
SAL-Ei-LM,bom_tubes_p30_ao13_am18_5_m30_ao13_am22_4,13,9,SATISFIED,5.016,41651.0,46905.0
SAL-Ei-LM,bom_tubes_p30_ao13_am18_5_m30_ao13_am22_4,13,10,SATISFIED,5.0156,38703.0,46832.0
SAL-Ei-LM,bom_tubes_p40_ao14_am18_1,14,1,SATISFIED,5.0184,45812.0,35775.0
SAL-Ei-LM,bom_tubes_p40_ao14_am18_1,14,2,SATISFIED,5.0131,40818.0,53133.0
SAL-Ei-LM,bom_tubes_p40_ao14_am18_1,14,3,SATISFIED,5.0126,44347.0,47601.0
SAL-Ei-LM,bom_tubes_p40_ao14_am18_1,14,4,SATISFIED,5.0172,45022.0,58657.0
SAL-Ei-LM,bom_tubes_p40_ao14_am18_1,14,5,SATISFIED,5.0169,45983.0,58328.0
SAL-Ei-LM,bom_tubes_p40_ao14_am18_1,14,6,SATISFIED,5.02,41849.0,58008.0
SAL-Ei-LM,bom_tubes_p40_ao14_am18_1,14,7,SATISFIED,5.0142,45670.0,58327.0
SAL-Ei-LM,bom_tubes_p40_ao14_am18_1,14,8,SATISFIED,5.0173,36599.0,59625.0
SAL-Ei-LM,bom_tubes_p40_ao14_am18_1,14,9,SATISFIED,5.0141,41234.0,59922.0
SAL-Ei-LM,bom_tubes_p40_ao14_am18_1,14,10,SATISFIED,5.0179,41160.0,59224.0
SAL-Ei-LM,bom_tubes_p40_ao14_am18_1_m12_ao14_am11_5,14,1,SATISFIED,5.0138,60901.0,49211.0
SAL-Ei-LM,bom_tubes_p40_ao14_am18_1_m12_ao14_am11_5,14,2,SATISFIED,5.0156,48947.0,47011.0
SAL-Ei-LM,bom_tubes_p40_ao14_am18_1_m12_ao14_am11_5,14,3,SATISFIED,5.0201,61080.0,38235.0
SAL-Ei-LM,bom_tubes_p40_ao14_am18_1_m12_ao14_am11_5,14,4,SATISFIED,5.0144,50811.0,38814.0
SAL-Ei-LM,bom_tubes_p40_ao14_am18_1_m12_ao14_am11_5,14,5,SATISFIED,5.0139,63342.0,29502.0
SAL-Ei-LM,bom_tubes_p40_ao14_am18_1_m12_ao14_am11_5,14,6,SATISFIED,5.019,53346.0,30847.0
SAL-Ei-LM,bom_tubes_p40_ao14_am18_1_m12_ao14_am11_5,14,7,SATISFIED,5.0164,52732.0,38285.0
SAL-Ei-LM,bom_tubes_p40_ao14_am18_1_m12_ao14_am11_5,14,8,SATISFIED,5.0161,48039.0,47377.0
SAL-Ei-LM,bom_tubes_p40_ao14_am18_1_m12_ao14_am11_5,14,9,SATISFIED,5.0146,56466.0,48529.0
SAL-Ei-LM,bom_tubes_p40_ao14_am18_1_m12_ao14_am11_5,14,10,SATISFIED,5.0157,65434.0,49683.0
SAL-Ei-LM,bom_tubes_p40_ao14_am18_1_m12_ao14_am12_1,14,1,SATISFIED,5.0159,49246.0,53684.0
SAL-Ei-LM,bom_tubes_p40_ao14_am18_1_m12_ao14_am12_1,14,2,SATISFIED,5.0129,46981.0,54126.0
SAL-Ei-LM,bom_tubes_p40_ao14_am18_1_m12_ao14_am12_1,14,3,SATISFIED,5.0148,47066.0,50622.0
SAL-Ei-LM,bom_tubes_p40_ao14_am18_1_m12_ao14_am12_1,14,4,SATISFIED,5.0168,49228.0,47013.0
SAL-Ei-LM,bom_tubes_p40_ao14_am18_1_m12_ao14_am12_1,14,5,SATISFIED,5.0151,46052.0,43354.0
SAL-Ei-LM,bom_tubes_p40_ao14_am18_1_m12_ao14_am12_1,14,6,SATISFIED,5.0154,48585.0,36107.0
SAL-Ei-LM,bom_tubes_p40_ao14_am18_1_m12_ao14_am12_1,14,7,SATISFIED,5.0152,46177.0,45928.0
SAL-Ei-LM,bom_tubes_p40_ao14_am18_1_m12_ao14_am12_1,14,8,SATISFIED,5.0146,46683.0,48325.0
SAL-Ei-LM,bom_tubes_p40_ao14_am18_1_m12_ao14_am12_1,14,9,SATISFIED,5.0138,46545.0,35480.0
SAL-Ei-LM,bom_tubes_p40_ao14_am18_1_m12_ao14_am12_1,14,10,SATISFIED,5.0155,46169.0,49968.0
SAL-Ei-LM,bom_tubes_p40_ao14_am18_1_m12_ao14_am12_2,14,1,SATISFIED,5.0147,22529.0,48827.0
SAL-Ei-LM,bom_tubes_p40_ao14_am18_1_m12_ao14_am12_2,14,2,SATISFIED,5.0157,22789.0,40737.0
SAL-Ei-LM,bom_tubes_p40_ao14_am18_1_m12_ao14_am12_2,14,3,SATISFIED,5.0155,24585.0,41214.0
SAL-Ei-LM,bom_tubes_p40_ao14_am18_1_m12_ao14_am12_2,14,4,SATISFIED,5.0152,24989.0,40879.0
SAL-Ei-LM,bom_tubes_p40_ao14_am18_1_m12_ao14_am12_2,14,5,SATISFIED,5.0132,23577.0,42030.0
SAL-Ei-LM,bom_tubes_p40_ao14_am18_1_m12_ao14_am12_2,14,6,SATISFIED,5.013,23457.0,50734.0
SAL-Ei-LM,bom_tubes_p40_ao14_am18_1_m12_ao14_am12_2,14,7,SATISFIED,5.0155,25377.0,50213.0
SAL-Ei-LM,bom_tubes_p40_ao14_am18_1_m12_ao14_am12_2,14,8,SATISFIED,5.0144,23157.0,50972.0
SAL-Ei-LM,bom_tubes_p40_ao14_am18_1_m12_ao14_am12_2,14,9,SATISFIED,5.016,25873.0,41349.0
SAL-Ei-LM,bom_tubes_p40_ao14_am18_1_m12_ao14_am12_2,14,10,SATISFIED,5.0205,22558.0,41785.0
SAL-Ei-LM,bom_tubes_p40_ao14_am18_1_m12_ao14_am12_3,14,1,SATISFIED,5.015,45405.0,50678.0
SAL-Ei-LM,bom_tubes_p40_ao14_am18_1_m12_ao14_am12_3,14,2,SATISFIED,5.0156,45076.0,42409.0
SAL-Ei-LM,bom_tubes_p40_ao14_am18_1_m12_ao14_am12_3,14,3,SATISFIED,5.0146,45076.0,48142.0
SAL-Ei-LM,bom_tubes_p40_ao14_am18_1_m12_ao14_am12_3,14,4,SATISFIED,5.0155,45405.0,47537.0
SAL-Ei-LM,bom_tubes_p40_ao14_am18_1_m12_ao14_am12_3,14,5,SATISFIED,5.0166,45101.0,41806.0
SAL-Ei-LM,bom_tubes_p40_ao14_am18_1_m12_ao14_am12_3,14,6,SATISFIED,5.0152,45293.0,48417.0
SAL-Ei-LM,bom_tubes_p40_ao14_am18_1_m12_ao14_am12_3,14,7,SATISFIED,5.0149,45405.0,50643.0
SAL-Ei-LM,bom_tubes_p40_ao14_am18_1_m12_ao14_am12_3,14,8,SATISFIED,5.0154,44989.0,49227.0
SAL-Ei-LM,bom_tubes_p40_ao14_am18_1_m12_ao14_am12_3,14,9,SATISFIED,5.0168,45101.0,49011.0
SAL-Ei-LM,bom_tubes_p40_ao14_am18_1_m12_ao14_am12_3,14,10,SATISFIED,5.0133,45405.0,49534.0
SAL-Ei-LM,bom_tubes_p40_ao14_am18_1_m12_ao14_am12_4,14,1,SATISFIED,5.0133,50048.0,39621.0
SAL-Ei-LM,bom_tubes_p40_ao14_am18_1_m12_ao14_am12_4,14,2,SATISFIED,5.0177,49941.0,45412.0
SAL-Ei-LM,bom_tubes_p40_ao14_am18_1_m12_ao14_am12_4,14,3,SATISFIED,5.0158,50361.0,41978.0
SAL-Ei-LM,bom_tubes_p40_ao14_am18_1_m12_ao14_am12_4,14,4,SATISFIED,5.0142,51278.0,40216.0
SAL-Ei-LM,bom_tubes_p40_ao14_am18_1_m12_ao14_am12_4,14,5,SATISFIED,5.0122,50993.0,47560.0
SAL-Ei-LM,bom_tubes_p40_ao14_am18_1_m12_ao14_am12_4,14,6,SATISFIED,5.0156,51324.0,42614.0
SAL-Ei-LM,bom_tubes_p40_ao14_am18_1_m12_ao14_am12_4,14,7,SATISFIED,5.0136,50375.0,48716.0
SAL-Ei-LM,bom_tubes_p40_ao14_am18_1_m12_ao14_am12_4,14,8,SATISFIED,5.0153,51487.0,39638.0
SAL-Ei-LM,bom_tubes_p40_ao14_am18_1_m12_ao14_am12_4,14,9,SATISFIED,5.0095,50941.0,47131.0
SAL-Ei-LM,bom_tubes_p40_ao14_am18_1_m12_ao14_am12_4,14,10,SATISFIED,5.0114,50688.0,39909.0
SAL-Ei-LM,bom_tubes_p40_ao14_am18_1_m35_ao14_am22_5,14,1,SATISFIED,5.0147,21892.0,34262.0
SAL-Ei-LM,bom_tubes_p40_ao14_am18_1_m35_ao14_am22_5,14,2,SATISFIED,5.0108,19654.0,36043.0
SAL-Ei-LM,bom_tubes_p40_ao14_am18_1_m35_ao14_am22_5,14,3,SATISFIED,5.0154,19513.0,36014.0
SAL-Ei-LM,bom_tubes_p40_ao14_am18_1_m35_ao14_am22_5,14,4,SATISFIED,5.0157,21531.0,44152.0
SAL-Ei-LM,bom_tubes_p40_ao14_am18_1_m35_ao14_am22_5,14,5,SATISFIED,5.0166,19928.0,44622.0
SAL-Ei-LM,bom_tubes_p40_ao14_am18_1_m35_ao14_am22_5,14,6,SATISFIED,5.0145,21534.0,45340.0
SAL-Ei-LM,bom_tubes_p40_ao14_am18_1_m35_ao14_am22_5,14,7,SATISFIED,5.0155,19217.0,45140.0
SAL-Ei-LM,bom_tubes_p40_ao14_am18_1_m35_ao14_am22_5,14,8,SATISFIED,5.015,21193.0,45336.0
SAL-Ei-LM,bom_tubes_p40_ao14_am18_1_m35_ao14_am22_5,14,9,SATISFIED,5.0133,20830.0,45660.0
SAL-Ei-LM,bom_tubes_p40_ao14_am18_1_m35_ao14_am22_5,14,10,SATISFIED,5.0149,20301.0,44818.0
SAL-Ei-LM,bom_tubes_p40_ao14_am18_1_m35_ao14_am24_2,14,1,SATISFIED,5.0148,23479.0,44899.0
SAL-Ei-LM,bom_tubes_p40_ao14_am18_1_m35_ao14_am24_2,14,2,SATISFIED,5.0168,24213.0,45310.0
SAL-Ei-LM,bom_tubes_p40_ao14_am18_1_m35_ao14_am24_2,14,3,SATISFIED,5.0161,26014.0,45073.0
SAL-Ei-LM,bom_tubes_p40_ao14_am18_1_m35_ao14_am24_2,14,4,SATISFIED,5.0163,26023.0,44566.0
SAL-Ei-LM,bom_tubes_p40_ao14_am18_1_m35_ao14_am24_2,14,5,SATISFIED,5.0176,24138.0,44653.0
SAL-Ei-LM,bom_tubes_p40_ao14_am18_1_m35_ao14_am24_2,14,6,SATISFIED,5.0133,24636.0,43323.0
SAL-Ei-LM,bom_tubes_p40_ao14_am18_1_m35_ao14_am24_2,14,7,SATISFIED,5.0123,28884.0,35982.0
SAL-Ei-LM,bom_tubes_p40_ao14_am18_1_m35_ao14_am24_2,14,8,SATISFIED,5.0182,24875.0,34911.0
SAL-Ei-LM,bom_tubes_p40_ao14_am18_1_m35_ao14_am24_2,14,9,SATISFIED,5.0166,23467.0,43603.0
SAL-Ei-LM,bom_tubes_p40_ao14_am18_1_m35_ao14_am24_2,14,10,SATISFIED,5.0157,25437.0,40179.0
SAL-Ei-LM,bom_tubes_p40_ao14_am18_1_m35_ao14_am25_3,14,1,SATISFIED,5.0169,47873.0,37269.0
SAL-Ei-LM,bom_tubes_p40_ao14_am18_1_m35_ao14_am25_3,14,2,SATISFIED,5.016,43174.0,42154.0
SAL-Ei-LM,bom_tubes_p40_ao14_am18_1_m35_ao14_am25_3,14,3,SATISFIED,5.0156,50193.0,43323.0
SAL-Ei-LM,bom_tubes_p40_ao14_am18_1_m35_ao14_am25_3,14,4,SATISFIED,5.016,39664.0,34865.0
SAL-Ei-LM,bom_tubes_p40_ao14_am18_1_m35_ao14_am25_3,14,5,SATISFIED,5.0152,43385.0,45100.0
SAL-Ei-LM,bom_tubes_p40_ao14_am18_1_m35_ao14_am25_3,14,6,SATISFIED,5.0177,44261.0,44838.0
SAL-Ei-LM,bom_tubes_p40_ao14_am18_1_m35_ao14_am25_3,14,7,SATISFIED,5.0163,43319.0,44777.0
SAL-Ei-LM,bom_tubes_p40_ao14_am18_1_m35_ao14_am25_3,14,8,SATISFIED,5.0164,46617.0,44917.0
SAL-Ei-LM,bom_tubes_p40_ao14_am18_1_m35_ao14_am25_3,14,9,SATISFIED,5.0159,44035.0,43957.0
SAL-Ei-LM,bom_tubes_p40_ao14_am18_1_m35_ao14_am25_3,14,10,SATISFIED,5.0138,46132.0,43581.0
SAL-Ei-LM,bom_tubes_p40_ao14_am18_1_m35_ao14_am26_1,14,1,SATISFIED,5.017,56879.0,35664.0
SAL-Ei-LM,bom_tubes_p40_ao14_am18_1_m35_ao14_am26_1,14,2,SATISFIED,5.0152,50450.0,36098.0
SAL-Ei-LM,bom_tubes_p40_ao14_am18_1_m35_ao14_am26_1,14,3,SATISFIED,5.0144,54954.0,44217.0
SAL-Ei-LM,bom_tubes_p40_ao14_am18_1_m35_ao14_am26_1,14,4,SATISFIED,5.016,50439.0,36310.0
SAL-Ei-LM,bom_tubes_p40_ao14_am18_1_m35_ao14_am26_1,14,5,SATISFIED,5.0161,53275.0,34244.0
SAL-Ei-LM,bom_tubes_p40_ao14_am18_1_m35_ao14_am26_1,14,6,SATISFIED,5.0188,56925.0,25749.0
SAL-Ei-LM,bom_tubes_p40_ao14_am18_1_m35_ao14_am26_1,14,7,SATISFIED,5.015,52149.0,37731.0
SAL-Ei-LM,bom_tubes_p40_ao14_am18_1_m35_ao14_am26_1,14,8,SATISFIED,5.0126,56932.0,43174.0
SAL-Ei-LM,bom_tubes_p40_ao14_am18_1_m35_ao14_am26_1,14,9,SATISFIED,5.0121,56227.0,43734.0
SAL-Ei-LM,bom_tubes_p40_ao14_am18_1_m35_ao14_am26_1,14,10,SATISFIED,5.0162,54668.0,38511.0
SAL-Ei-LM,bom_tubes_p40_ao14_am18_1_m35_ao14_am28_4,14,1,SATISFIED,5.0128,91042.0,40322.0
SAL-Ei-LM,bom_tubes_p40_ao14_am18_1_m35_ao14_am28_4,14,2,SATISFIED,5.011,89576.0,42145.0
SAL-Ei-LM,bom_tubes_p40_ao14_am18_1_m35_ao14_am28_4,14,3,SATISFIED,5.0121,84425.0,43423.0
SAL-Ei-LM,bom_tubes_p40_ao14_am18_1_m35_ao14_am28_4,14,4,SATISFIED,5.0148,86718.0,44841.0
SAL-Ei-LM,bom_tubes_p40_ao14_am18_1_m35_ao14_am28_4,14,5,SATISFIED,5.0159,87854.0,45081.0
SAL-Ei-LM,bom_tubes_p40_ao14_am18_1_m35_ao14_am28_4,14,6,SATISFIED,5.0184,91369.0,33195.0
SAL-Ei-LM,bom_tubes_p40_ao14_am18_1_m35_ao14_am28_4,14,7,SATISFIED,5.0157,87778.0,26143.0
SAL-Ei-LM,bom_tubes_p40_ao14_am18_1_m35_ao14_am28_4,14,8,SATISFIED,5.0145,88049.0,40748.0
SAL-Ei-LM,bom_tubes_p40_ao14_am18_1_m35_ao14_am28_4,14,9,SATISFIED,5.0191,89348.0,42927.0
SAL-Ei-LM,bom_tubes_p40_ao14_am18_1_m35_ao14_am28_4,14,10,SATISFIED,5.0159,90082.0,35190.0
SAL-Ei-LM,bom_tubes_p40_ao14_am18_2,14,1,SATISFIED,5.0159,13814.0,62772.0
SAL-Ei-LM,bom_tubes_p40_ao14_am18_2,14,2,SATISFIED,5.0154,14256.0,52377.0
SAL-Ei-LM,bom_tubes_p40_ao14_am18_2,14,3,SATISFIED,5.0128,14148.0,65816.0
SAL-Ei-LM,bom_tubes_p40_ao14_am18_2,14,4,SATISFIED,5.0147,13869.0,64893.0
SAL-Ei-LM,bom_tubes_p40_ao14_am18_2,14,5,SATISFIED,5.0174,14092.0,65082.0
SAL-Ei-LM,bom_tubes_p40_ao14_am18_2,14,6,SATISFIED,5.016,13854.0,65755.0
SAL-Ei-LM,bom_tubes_p40_ao14_am18_2,14,7,SATISFIED,5.0145,14136.0,65103.0
SAL-Ei-LM,bom_tubes_p40_ao14_am18_2,14,8,SATISFIED,5.0159,14068.0,64569.0
SAL-Ei-LM,bom_tubes_p40_ao14_am18_2,14,9,SATISFIED,5.0146,13854.0,63734.0
SAL-Ei-LM,bom_tubes_p40_ao14_am18_2,14,10,SATISFIED,5.0165,13836.0,62791.0
SAL-Ei-LM,bom_tubes_p40_ao14_am18_2_m12_ao14_am11_2,14,1,SATISFIED,5.0167,95099.0,49086.0
SAL-Ei-LM,bom_tubes_p40_ao14_am18_2_m12_ao14_am11_2,14,2,SATISFIED,5.0177,95091.0,39291.0
SAL-Ei-LM,bom_tubes_p40_ao14_am18_2_m12_ao14_am11_2,14,3,SATISFIED,5.0153,95107.0,50019.0
SAL-Ei-LM,bom_tubes_p40_ao14_am18_2_m12_ao14_am11_2,14,4,SATISFIED,5.015,95093.0,58041.0
SAL-Ei-LM,bom_tubes_p40_ao14_am18_2_m12_ao14_am11_2,14,5,SATISFIED,5.0163,95093.0,57534.0
SAL-Ei-LM,bom_tubes_p40_ao14_am18_2_m12_ao14_am11_2,14,6,SATISFIED,5.0153,95099.0,56816.0
SAL-Ei-LM,bom_tubes_p40_ao14_am18_2_m12_ao14_am11_2,14,7,SATISFIED,5.0155,95095.0,56534.0
SAL-Ei-LM,bom_tubes_p40_ao14_am18_2_m12_ao14_am11_2,14,8,SATISFIED,5.0158,95099.0,56299.0
SAL-Ei-LM,bom_tubes_p40_ao14_am18_2_m12_ao14_am11_2,14,9,SATISFIED,5.0159,95098.0,57138.0
SAL-Ei-LM,bom_tubes_p40_ao14_am18_2_m12_ao14_am11_2,14,10,SATISFIED,5.0159,95091.0,57738.0
SAL-Ei-LM,bom_tubes_p40_ao14_am18_2_m12_ao14_am12_1,14,1,SATISFIED,5.0157,79042.0,47816.0
SAL-Ei-LM,bom_tubes_p40_ao14_am18_2_m12_ao14_am12_1,14,2,SATISFIED,5.0151,79042.0,57144.0
SAL-Ei-LM,bom_tubes_p40_ao14_am18_2_m12_ao14_am12_1,14,3,SATISFIED,5.0141,79042.0,57862.0
SAL-Ei-LM,bom_tubes_p40_ao14_am18_2_m12_ao14_am12_1,14,4,SATISFIED,5.0163,79042.0,57185.0
SAL-Ei-LM,bom_tubes_p40_ao14_am18_2_m12_ao14_am12_1,14,5,SATISFIED,5.0146,79042.0,55467.0
SAL-Ei-LM,bom_tubes_p40_ao14_am18_2_m12_ao14_am12_1,14,6,SATISFIED,5.0139,79042.0,55786.0
SAL-Ei-LM,bom_tubes_p40_ao14_am18_2_m12_ao14_am12_1,14,7,SATISFIED,5.0141,79042.0,55126.0
SAL-Ei-LM,bom_tubes_p40_ao14_am18_2_m12_ao14_am12_1,14,8,SATISFIED,5.016,79042.0,55166.0
SAL-Ei-LM,bom_tubes_p40_ao14_am18_2_m12_ao14_am12_1,14,9,SATISFIED,5.0146,79042.0,55957.0
SAL-Ei-LM,bom_tubes_p40_ao14_am18_2_m12_ao14_am12_1,14,10,SATISFIED,5.0137,79042.0,55771.0
SAL-Ei-LM,bom_tubes_p40_ao14_am18_2_m12_ao14_am12_3,14,1,SATISFIED,5.0129,88010.0,42810.0
SAL-Ei-LM,bom_tubes_p40_ao14_am18_2_m12_ao14_am12_3,14,2,SATISFIED,5.013,88304.0,43104.0
SAL-Ei-LM,bom_tubes_p40_ao14_am18_2_m12_ao14_am12_3,14,3,SATISFIED,5.0158,88094.0,53418.0
SAL-Ei-LM,bom_tubes_p40_ao14_am18_2_m12_ao14_am12_3,14,4,SATISFIED,5.0146,88131.0,53456.0
SAL-Ei-LM,bom_tubes_p40_ao14_am18_2_m12_ao14_am12_3,14,5,SATISFIED,5.0128,88010.0,51091.0
SAL-Ei-LM,bom_tubes_p40_ao14_am18_2_m12_ao14_am12_3,14,6,SATISFIED,5.0131,88052.0,51881.0
SAL-Ei-LM,bom_tubes_p40_ao14_am18_2_m12_ao14_am12_3,14,7,SATISFIED,5.014,87971.0,51860.0
SAL-Ei-LM,bom_tubes_p40_ao14_am18_2_m12_ao14_am12_3,14,8,SATISFIED,5.0176,88243.0,46820.0
SAL-Ei-LM,bom_tubes_p40_ao14_am18_2_m12_ao14_am12_3,14,9,SATISFIED,5.0179,88325.0,39629.0
SAL-Ei-LM,bom_tubes_p40_ao14_am18_2_m12_ao14_am12_3,14,10,SATISFIED,5.0177,88073.0,38927.0
SAL-Ei-LM,bom_tubes_p40_ao14_am18_2_m12_ao14_am12_4,14,1,SATISFIED,5.0171,63398.0,43521.0
SAL-Ei-LM,bom_tubes_p40_ao14_am18_2_m12_ao14_am12_4,14,2,SATISFIED,5.0139,63398.0,51999.0
SAL-Ei-LM,bom_tubes_p40_ao14_am18_2_m12_ao14_am12_4,14,3,SATISFIED,5.0131,63398.0,42575.0
SAL-Ei-LM,bom_tubes_p40_ao14_am18_2_m12_ao14_am12_4,14,4,SATISFIED,5.0097,63398.0,53103.0
SAL-Ei-LM,bom_tubes_p40_ao14_am18_2_m12_ao14_am12_4,14,5,SATISFIED,5.0129,63398.0,42936.0
SAL-Ei-LM,bom_tubes_p40_ao14_am18_2_m12_ao14_am12_4,14,6,SATISFIED,5.0139,63398.0,44178.0
SAL-Ei-LM,bom_tubes_p40_ao14_am18_2_m12_ao14_am12_4,14,7,SATISFIED,5.0093,63398.0,54667.0
SAL-Ei-LM,bom_tubes_p40_ao14_am18_2_m12_ao14_am12_4,14,8,SATISFIED,5.0104,63398.0,46852.0
SAL-Ei-LM,bom_tubes_p40_ao14_am18_2_m12_ao14_am12_4,14,9,SATISFIED,5.0146,63398.0,44159.0
SAL-Ei-LM,bom_tubes_p40_ao14_am18_2_m12_ao14_am12_4,14,10,SATISFIED,5.014,63398.0,43569.0
SAL-Ei-LM,bom_tubes_p40_ao14_am18_2_m12_ao14_am12_5,14,1,SATISFIED,5.0135,78560.0,55681.0
SAL-Ei-LM,bom_tubes_p40_ao14_am18_2_m12_ao14_am12_5,14,2,SATISFIED,5.0146,78539.0,57138.0
SAL-Ei-LM,bom_tubes_p40_ao14_am18_2_m12_ao14_am12_5,14,3,SATISFIED,5.0145,78520.0,47052.0
SAL-Ei-LM,bom_tubes_p40_ao14_am18_2_m12_ao14_am12_5,14,4,SATISFIED,5.0143,78636.0,56856.0
SAL-Ei-LM,bom_tubes_p40_ao14_am18_2_m12_ao14_am12_5,14,5,SATISFIED,5.0171,78526.0,49428.0
SAL-Ei-LM,bom_tubes_p40_ao14_am18_2_m12_ao14_am12_5,14,6,SATISFIED,5.0207,78527.0,39497.0
SAL-Ei-LM,bom_tubes_p40_ao14_am18_2_m12_ao14_am12_5,14,7,SATISFIED,5.0168,78489.0,39319.0
SAL-Ei-LM,bom_tubes_p40_ao14_am18_2_m12_ao14_am12_5,14,8,SATISFIED,5.0156,78504.0,55911.0
SAL-Ei-LM,bom_tubes_p40_ao14_am18_2_m12_ao14_am12_5,14,9,SATISFIED,5.0154,78512.0,58462.0
SAL-Ei-LM,bom_tubes_p40_ao14_am18_2_m12_ao14_am12_5,14,10,SATISFIED,5.0202,78525.0,40217.0
SAL-Ei-LM,bom_tubes_p40_ao14_am18_2_m35_ao14_am24_2,14,1,SATISFIED,5.018,9740.0,26631.0
SAL-Ei-LM,bom_tubes_p40_ao14_am18_2_m35_ao14_am24_2,14,2,SATISFIED,5.0145,9417.0,41924.0
SAL-Ei-LM,bom_tubes_p40_ao14_am18_2_m35_ao14_am24_2,14,3,SATISFIED,5.0168,9397.0,41813.0
SAL-Ei-LM,bom_tubes_p40_ao14_am18_2_m35_ao14_am24_2,14,4,SATISFIED,5.0152,9860.0,34945.0
SAL-Ei-LM,bom_tubes_p40_ao14_am18_2_m35_ao14_am24_2,14,5,SATISFIED,5.0107,9797.0,42392.0
SAL-Ei-LM,bom_tubes_p40_ao14_am18_2_m35_ao14_am24_2,14,6,SATISFIED,5.014,9339.0,41850.0
SAL-Ei-LM,bom_tubes_p40_ao14_am18_2_m35_ao14_am24_2,14,7,SATISFIED,5.0148,9392.0,37116.0
SAL-Ei-LM,bom_tubes_p40_ao14_am18_2_m35_ao14_am24_2,14,8,SATISFIED,5.0136,9632.0,44188.0
SAL-Ei-LM,bom_tubes_p40_ao14_am18_2_m35_ao14_am24_2,14,9,SATISFIED,5.0166,9357.0,34020.0
SAL-Ei-LM,bom_tubes_p40_ao14_am18_2_m35_ao14_am24_2,14,10,SATISFIED,5.0156,9774.0,35949.0
SAL-Ei-LM,bom_tubes_p40_ao14_am18_2_m35_ao14_am26_4,14,1,SATISFIED,5.0158,8074.0,44230.0
SAL-Ei-LM,bom_tubes_p40_ao14_am18_2_m35_ao14_am26_4,14,2,SATISFIED,5.0164,7655.0,37268.0
SAL-Ei-LM,bom_tubes_p40_ao14_am18_2_m35_ao14_am26_4,14,3,SATISFIED,5.0139,7748.0,42898.0
SAL-Ei-LM,bom_tubes_p40_ao14_am18_2_m35_ao14_am26_4,14,4,SATISFIED,5.0132,7941.0,43671.0
SAL-Ei-LM,bom_tubes_p40_ao14_am18_2_m35_ao14_am26_4,14,5,SATISFIED,5.0152,8051.0,44495.0
SAL-Ei-LM,bom_tubes_p40_ao14_am18_2_m35_ao14_am26_4,14,6,SATISFIED,5.017,7927.0,27219.0
SAL-Ei-LM,bom_tubes_p40_ao14_am18_2_m35_ao14_am26_4,14,7,SATISFIED,5.0168,7957.0,35529.0
SAL-Ei-LM,bom_tubes_p40_ao14_am18_2_m35_ao14_am26_4,14,8,SATISFIED,5.0159,7790.0,43368.0
SAL-Ei-LM,bom_tubes_p40_ao14_am18_2_m35_ao14_am26_4,14,9,SATISFIED,5.0146,7999.0,44332.0
SAL-Ei-LM,bom_tubes_p40_ao14_am18_2_m35_ao14_am26_4,14,10,SATISFIED,5.0156,8009.0,44023.0
SAL-Ei-LM,bom_tubes_p40_ao14_am18_2_m35_ao14_am28_3,14,1,SATISFIED,5.0171,19691.0,37273.0
SAL-Ei-LM,bom_tubes_p40_ao14_am18_2_m35_ao14_am28_3,14,2,SATISFIED,5.0156,19653.0,42145.0
SAL-Ei-LM,bom_tubes_p40_ao14_am18_2_m35_ao14_am28_3,14,3,SATISFIED,5.0158,19062.0,34563.0
SAL-Ei-LM,bom_tubes_p40_ao14_am18_2_m35_ao14_am28_3,14,4,SATISFIED,5.0164,18985.0,33376.0
SAL-Ei-LM,bom_tubes_p40_ao14_am18_2_m35_ao14_am28_3,14,5,SATISFIED,5.0175,19536.0,34888.0
SAL-Ei-LM,bom_tubes_p40_ao14_am18_2_m35_ao14_am28_3,14,6,SATISFIED,5.0185,18719.0,43418.0
SAL-Ei-LM,bom_tubes_p40_ao14_am18_2_m35_ao14_am28_3,14,7,SATISFIED,5.0169,19671.0,43574.0
SAL-Ei-LM,bom_tubes_p40_ao14_am18_2_m35_ao14_am28_3,14,8,SATISFIED,5.0165,18752.0,41839.0
SAL-Ei-LM,bom_tubes_p40_ao14_am18_2_m35_ao14_am28_3,14,9,SATISFIED,5.017,19360.0,42122.0
SAL-Ei-LM,bom_tubes_p40_ao14_am18_2_m35_ao14_am28_3,14,10,SATISFIED,5.0173,18954.0,41264.0
SAL-Ei-LM,bom_tubes_p40_ao14_am18_2_m35_ao14_am28_5,14,1,SATISFIED,5.015,27335.0,42865.0
SAL-Ei-LM,bom_tubes_p40_ao14_am18_2_m35_ao14_am28_5,14,2,SATISFIED,5.017,25425.0,43050.0
SAL-Ei-LM,bom_tubes_p40_ao14_am18_2_m35_ao14_am28_5,14,3,SATISFIED,5.016,27203.0,43511.0
SAL-Ei-LM,bom_tubes_p40_ao14_am18_2_m35_ao14_am28_5,14,4,SATISFIED,5.0173,25505.0,41545.0
SAL-Ei-LM,bom_tubes_p40_ao14_am18_2_m35_ao14_am28_5,14,5,SATISFIED,5.0168,26395.0,37920.0
SAL-Ei-LM,bom_tubes_p40_ao14_am18_2_m35_ao14_am28_5,14,6,SATISFIED,5.017,27503.0,26453.0
SAL-Ei-LM,bom_tubes_p40_ao14_am18_2_m35_ao14_am28_5,14,7,SATISFIED,5.0165,27236.0,41979.0
SAL-Ei-LM,bom_tubes_p40_ao14_am18_2_m35_ao14_am28_5,14,8,SATISFIED,5.0147,26083.0,41893.0
SAL-Ei-LM,bom_tubes_p40_ao14_am18_2_m35_ao14_am28_5,14,9,SATISFIED,5.0162,26856.0,42062.0
SAL-Ei-LM,bom_tubes_p40_ao14_am18_2_m35_ao14_am28_5,14,10,SATISFIED,5.018,26131.0,42164.0
SAL-Ei-LM,bom_tubes_p40_ao14_am18_2_m35_ao14_am29_1,14,1,SATISFIED,5.0165,17293.0,41237.0
SAL-Ei-LM,bom_tubes_p40_ao14_am18_2_m35_ao14_am29_1,14,2,SATISFIED,5.0211,17248.0,35832.0
SAL-Ei-LM,bom_tubes_p40_ao14_am18_2_m35_ao14_am29_1,14,3,SATISFIED,5.0189,16599.0,34150.0
SAL-Ei-LM,bom_tubes_p40_ao14_am18_2_m35_ao14_am29_1,14,4,SATISFIED,5.0162,17224.0,38614.0
SAL-Ei-LM,bom_tubes_p40_ao14_am18_2_m35_ao14_am29_1,14,5,SATISFIED,5.015,15918.0,37803.0
SAL-Ei-LM,bom_tubes_p40_ao14_am18_2_m35_ao14_am29_1,14,6,SATISFIED,5.0154,16968.0,35234.0
SAL-Ei-LM,bom_tubes_p40_ao14_am18_2_m35_ao14_am29_1,14,7,SATISFIED,5.0158,17277.0,44205.0
SAL-Ei-LM,bom_tubes_p40_ao14_am18_2_m35_ao14_am29_1,14,8,SATISFIED,5.014,17255.0,36065.0
SAL-Ei-LM,bom_tubes_p40_ao14_am18_2_m35_ao14_am29_1,14,9,SATISFIED,5.0108,17453.0,44520.0
SAL-Ei-LM,bom_tubes_p40_ao14_am18_2_m35_ao14_am29_1,14,10,SATISFIED,5.0095,15949.0,43341.0
SAL-Ei-LM,bom_tubes_p40_ao14_am18_3,14,1,SATISFIED,5.0116,13168.0,58509.0
SAL-Ei-LM,bom_tubes_p40_ao14_am18_3,14,2,SATISFIED,5.0169,13372.0,57575.0
SAL-Ei-LM,bom_tubes_p40_ao14_am18_3,14,3,SATISFIED,5.0151,13396.0,57277.0
SAL-Ei-LM,bom_tubes_p40_ao14_am18_3,14,4,SATISFIED,5.0151,13364.0,58085.0
SAL-Ei-LM,bom_tubes_p40_ao14_am18_3,14,5,SATISFIED,5.016,13204.0,47892.0
SAL-Ei-LM,bom_tubes_p40_ao14_am18_3,14,6,SATISFIED,5.0167,13272.0,45930.0
SAL-Ei-LM,bom_tubes_p40_ao14_am18_3,14,7,SATISFIED,5.0151,13288.0,45235.0
SAL-Ei-LM,bom_tubes_p40_ao14_am18_3,14,8,SATISFIED,5.0156,13560.0,48428.0
SAL-Ei-LM,bom_tubes_p40_ao14_am18_3,14,9,SATISFIED,5.0188,13372.0,56731.0
SAL-Ei-LM,bom_tubes_p40_ao14_am18_3,14,10,SATISFIED,5.0173,13064.0,58224.0
SAL-Ei-LM,bom_tubes_p40_ao14_am18_3_m12_ao14_am11_1,14,1,SATISFIED,5.0156,56292.0,51590.0
SAL-Ei-LM,bom_tubes_p40_ao14_am18_3_m12_ao14_am11_1,14,2,SATISFIED,5.0133,55837.0,52716.0
SAL-Ei-LM,bom_tubes_p40_ao14_am18_3_m12_ao14_am11_1,14,3,SATISFIED,5.0138,55812.0,52688.0
SAL-Ei-LM,bom_tubes_p40_ao14_am18_3_m12_ao14_am11_1,14,4,SATISFIED,5.014,56436.0,51573.0
SAL-Ei-LM,bom_tubes_p40_ao14_am18_3_m12_ao14_am11_1,14,5,SATISFIED,5.0157,56446.0,51542.0
SAL-Ei-LM,bom_tubes_p40_ao14_am18_3_m12_ao14_am11_1,14,6,SATISFIED,5.0139,56590.0,52083.0
SAL-Ei-LM,bom_tubes_p40_ao14_am18_3_m12_ao14_am11_1,14,7,SATISFIED,5.0136,56455.0,51758.0
SAL-Ei-LM,bom_tubes_p40_ao14_am18_3_m12_ao14_am11_1,14,8,SATISFIED,5.0162,56741.0,51313.0
SAL-Ei-LM,bom_tubes_p40_ao14_am18_3_m12_ao14_am11_1,14,9,SATISFIED,5.0184,56771.0,42244.0
SAL-Ei-LM,bom_tubes_p40_ao14_am18_3_m12_ao14_am11_1,14,10,SATISFIED,5.0188,56307.0,53039.0
SAL-Ei-LM,bom_tubes_p40_ao14_am18_3_m12_ao14_am12_2,14,1,SATISFIED,5.0158,32959.0,43132.0
SAL-Ei-LM,bom_tubes_p40_ao14_am18_3_m12_ao14_am12_2,14,2,SATISFIED,5.0163,32947.0,53715.0
SAL-Ei-LM,bom_tubes_p40_ao14_am18_3_m12_ao14_am12_2,14,3,SATISFIED,5.0154,32962.0,52065.0
SAL-Ei-LM,bom_tubes_p40_ao14_am18_3_m12_ao14_am12_2,14,4,SATISFIED,5.0146,32953.0,52509.0
SAL-Ei-LM,bom_tubes_p40_ao14_am18_3_m12_ao14_am12_2,14,5,SATISFIED,5.0149,32951.0,52293.0
SAL-Ei-LM,bom_tubes_p40_ao14_am18_3_m12_ao14_am12_2,14,6,SATISFIED,5.0132,32946.0,53740.0
SAL-Ei-LM,bom_tubes_p40_ao14_am18_3_m12_ao14_am12_2,14,7,SATISFIED,5.0117,32949.0,43049.0
SAL-Ei-LM,bom_tubes_p40_ao14_am18_3_m12_ao14_am12_2,14,8,SATISFIED,5.0133,32954.0,52886.0
SAL-Ei-LM,bom_tubes_p40_ao14_am18_3_m12_ao14_am12_2,14,9,SATISFIED,5.0159,32938.0,52784.0
SAL-Ei-LM,bom_tubes_p40_ao14_am18_3_m12_ao14_am12_2,14,10,SATISFIED,5.0149,32940.0,51751.0
SAL-Ei-LM,bom_tubes_p40_ao14_am18_3_m12_ao14_am12_3,14,1,SATISFIED,5.0164,22328.0,48634.0
SAL-Ei-LM,bom_tubes_p40_ao14_am18_3_m12_ao14_am12_3,14,2,SATISFIED,5.015,22564.0,48372.0
SAL-Ei-LM,bom_tubes_p40_ao14_am18_3_m12_ao14_am12_3,14,3,SATISFIED,5.0159,21991.0,49987.0
SAL-Ei-LM,bom_tubes_p40_ao14_am18_3_m12_ao14_am12_3,14,4,SATISFIED,5.0161,21660.0,49721.0
SAL-Ei-LM,bom_tubes_p40_ao14_am18_3_m12_ao14_am12_3,14,5,SATISFIED,5.0174,21968.0,49805.0
SAL-Ei-LM,bom_tubes_p40_ao14_am18_3_m12_ao14_am12_3,14,6,SATISFIED,5.0181,20883.0,48808.0
SAL-Ei-LM,bom_tubes_p40_ao14_am18_3_m12_ao14_am12_3,14,7,SATISFIED,5.016,21201.0,49680.0
SAL-Ei-LM,bom_tubes_p40_ao14_am18_3_m12_ao14_am12_3,14,8,SATISFIED,5.0147,21960.0,49674.0
SAL-Ei-LM,bom_tubes_p40_ao14_am18_3_m12_ao14_am12_3,14,9,SATISFIED,5.0145,21556.0,49787.0
SAL-Ei-LM,bom_tubes_p40_ao14_am18_3_m12_ao14_am12_3,14,10,SATISFIED,5.0144,20089.0,48345.0
SAL-Ei-LM,bom_tubes_p40_ao14_am18_3_m12_ao14_am12_4,14,1,SATISFIED,5.0165,17316.0,48034.0
SAL-Ei-LM,bom_tubes_p40_ao14_am18_3_m12_ao14_am12_4,14,2,SATISFIED,5.0159,17229.0,47251.0
SAL-Ei-LM,bom_tubes_p40_ao14_am18_3_m12_ao14_am12_4,14,3,SATISFIED,5.0148,17185.0,47472.0
SAL-Ei-LM,bom_tubes_p40_ao14_am18_3_m12_ao14_am12_4,14,4,SATISFIED,5.015,17241.0,29764.0
SAL-Ei-LM,bom_tubes_p40_ao14_am18_3_m12_ao14_am12_4,14,5,SATISFIED,5.0152,17344.0,35236.0
SAL-Ei-LM,bom_tubes_p40_ao14_am18_3_m12_ao14_am12_4,14,6,SATISFIED,5.0162,17123.0,39429.0
SAL-Ei-LM,bom_tubes_p40_ao14_am18_3_m12_ao14_am12_4,14,7,SATISFIED,5.0155,17191.0,45186.0
SAL-Ei-LM,bom_tubes_p40_ao14_am18_3_m12_ao14_am12_4,14,8,SATISFIED,5.0152,16924.0,46189.0
SAL-Ei-LM,bom_tubes_p40_ao14_am18_3_m12_ao14_am12_4,14,9,SATISFIED,5.0138,17224.0,37449.0
SAL-Ei-LM,bom_tubes_p40_ao14_am18_3_m12_ao14_am12_4,14,10,SATISFIED,5.0144,16784.0,39517.0
SAL-Ei-LM,bom_tubes_p40_ao14_am18_3_m12_ao14_am12_5,14,1,SATISFIED,5.0141,58226.0,46916.0
SAL-Ei-LM,bom_tubes_p40_ao14_am18_3_m12_ao14_am12_5,14,2,SATISFIED,5.0161,60077.0,47338.0
SAL-Ei-LM,bom_tubes_p40_ao14_am18_3_m12_ao14_am12_5,14,3,SATISFIED,5.0163,60890.0,46331.0
SAL-Ei-LM,bom_tubes_p40_ao14_am18_3_m12_ao14_am12_5,14,4,SATISFIED,5.019,59293.0,38022.0
SAL-Ei-LM,bom_tubes_p40_ao14_am18_3_m12_ao14_am12_5,14,5,SATISFIED,5.0165,59331.0,37761.0
SAL-Ei-LM,bom_tubes_p40_ao14_am18_3_m12_ao14_am12_5,14,6,SATISFIED,5.0151,61178.0,46847.0
SAL-Ei-LM,bom_tubes_p40_ao14_am18_3_m12_ao14_am12_5,14,7,SATISFIED,5.0177,61481.0,46561.0
SAL-Ei-LM,bom_tubes_p40_ao14_am18_3_m12_ao14_am12_5,14,8,SATISFIED,5.0172,60296.0,46153.0
SAL-Ei-LM,bom_tubes_p40_ao14_am18_3_m12_ao14_am12_5,14,9,SATISFIED,5.0178,60963.0,39373.0
SAL-Ei-LM,bom_tubes_p40_ao14_am18_3_m12_ao14_am12_5,14,10,SATISFIED,5.0163,55883.0,33492.0
SAL-Ei-LM,bom_tubes_p40_ao14_am18_3_m35_ao14_am21_5,14,1,SATISFIED,5.0128,37483.0,35972.0
SAL-Ei-LM,bom_tubes_p40_ao14_am18_3_m35_ao14_am21_5,14,2,SATISFIED,5.0173,36713.0,43234.0
SAL-Ei-LM,bom_tubes_p40_ao14_am18_3_m35_ao14_am21_5,14,3,SATISFIED,5.016,35722.0,35464.0
SAL-Ei-LM,bom_tubes_p40_ao14_am18_3_m35_ao14_am21_5,14,4,SATISFIED,5.0164,35097.0,34169.0
SAL-Ei-LM,bom_tubes_p40_ao14_am18_3_m35_ao14_am21_5,14,5,SATISFIED,5.0159,37964.0,42516.0
SAL-Ei-LM,bom_tubes_p40_ao14_am18_3_m35_ao14_am21_5,14,6,SATISFIED,5.0154,35031.0,43217.0
SAL-Ei-LM,bom_tubes_p40_ao14_am18_3_m35_ao14_am21_5,14,7,SATISFIED,5.0148,37378.0,43152.0
SAL-Ei-LM,bom_tubes_p40_ao14_am18_3_m35_ao14_am21_5,14,8,SATISFIED,5.0192,34634.0,25158.0
SAL-Ei-LM,bom_tubes_p40_ao14_am18_3_m35_ao14_am21_5,14,9,SATISFIED,5.0141,36751.0,32475.0
SAL-Ei-LM,bom_tubes_p40_ao14_am18_3_m35_ao14_am21_5,14,10,SATISFIED,5.017,37535.0,35319.0
SAL-Ei-LM,bom_tubes_p40_ao14_am18_3_m35_ao14_am24_2,14,1,SATISFIED,5.0172,27216.0,35593.0
SAL-Ei-LM,bom_tubes_p40_ao14_am18_3_m35_ao14_am24_2,14,2,SATISFIED,5.0167,26373.0,44495.0
SAL-Ei-LM,bom_tubes_p40_ao14_am18_3_m35_ao14_am24_2,14,3,SATISFIED,5.0155,27412.0,44483.0
SAL-Ei-LM,bom_tubes_p40_ao14_am18_3_m35_ao14_am24_2,14,4,SATISFIED,5.018,27385.0,36334.0
SAL-Ei-LM,bom_tubes_p40_ao14_am18_3_m35_ao14_am24_2,14,5,SATISFIED,5.0156,26883.0,30544.0
SAL-Ei-LM,bom_tubes_p40_ao14_am18_3_m35_ao14_am24_2,14,6,SATISFIED,5.0168,26464.0,36105.0
SAL-Ei-LM,bom_tubes_p40_ao14_am18_3_m35_ao14_am24_2,14,7,SATISFIED,5.0161,26259.0,28510.0
SAL-Ei-LM,bom_tubes_p40_ao14_am18_3_m35_ao14_am24_2,14,8,SATISFIED,5.0104,27888.0,35079.0
SAL-Ei-LM,bom_tubes_p40_ao14_am18_3_m35_ao14_am24_2,14,9,SATISFIED,5.0169,27945.0,36187.0
SAL-Ei-LM,bom_tubes_p40_ao14_am18_3_m35_ao14_am24_2,14,10,SATISFIED,5.0168,26566.0,35088.0
SAL-Ei-LM,bom_tubes_p40_ao14_am18_3_m35_ao14_am24_3,14,1,SATISFIED,5.0178,47061.0,27589.0
SAL-Ei-LM,bom_tubes_p40_ao14_am18_3_m35_ao14_am24_3,14,2,SATISFIED,5.0167,44881.0,35220.0
SAL-Ei-LM,bom_tubes_p40_ao14_am18_3_m35_ao14_am24_3,14,3,SATISFIED,5.0161,45565.0,36307.0
SAL-Ei-LM,bom_tubes_p40_ao14_am18_3_m35_ao14_am24_3,14,4,SATISFIED,5.017,45906.0,34562.0
SAL-Ei-LM,bom_tubes_p40_ao14_am18_3_m35_ao14_am24_3,14,5,SATISFIED,5.0149,44450.0,33689.0
SAL-Ei-LM,bom_tubes_p40_ao14_am18_3_m35_ao14_am24_3,14,6,SATISFIED,5.0146,48020.0,38282.0
SAL-Ei-LM,bom_tubes_p40_ao14_am18_3_m35_ao14_am24_3,14,7,SATISFIED,5.0148,49346.0,43411.0
SAL-Ei-LM,bom_tubes_p40_ao14_am18_3_m35_ao14_am24_3,14,8,SATISFIED,5.0123,43964.0,42791.0
SAL-Ei-LM,bom_tubes_p40_ao14_am18_3_m35_ao14_am24_3,14,9,SATISFIED,5.013,48828.0,43193.0
SAL-Ei-LM,bom_tubes_p40_ao14_am18_3_m35_ao14_am24_3,14,10,SATISFIED,5.017,46393.0,35921.0
SAL-Ei-LM,bom_tubes_p40_ao14_am18_3_m35_ao14_am24_4,14,1,SATISFIED,5.0344,19852.0,29036.0
SAL-Ei-LM,bom_tubes_p40_ao14_am18_3_m35_ao14_am24_4,14,2,SATISFIED,5.0171,18631.0,34095.0
SAL-Ei-LM,bom_tubes_p40_ao14_am18_3_m35_ao14_am24_4,14,3,SATISFIED,5.0158,18543.0,43426.0
SAL-Ei-LM,bom_tubes_p40_ao14_am18_3_m35_ao14_am24_4,14,4,SATISFIED,5.0144,19015.0,36656.0
SAL-Ei-LM,bom_tubes_p40_ao14_am18_3_m35_ao14_am24_4,14,5,SATISFIED,5.0105,18725.0,45339.0
SAL-Ei-LM,bom_tubes_p40_ao14_am18_3_m35_ao14_am24_4,14,6,SATISFIED,5.0099,19399.0,45734.0
SAL-Ei-LM,bom_tubes_p40_ao14_am18_3_m35_ao14_am24_4,14,7,SATISFIED,5.0111,18505.0,44625.0
SAL-Ei-LM,bom_tubes_p40_ao14_am18_3_m35_ao14_am24_4,14,8,SATISFIED,5.0094,18394.0,45011.0
SAL-Ei-LM,bom_tubes_p40_ao14_am18_3_m35_ao14_am24_4,14,9,SATISFIED,5.0102,18621.0,45256.0
SAL-Ei-LM,bom_tubes_p40_ao14_am18_3_m35_ao14_am24_4,14,10,SATISFIED,5.0094,18501.0,44822.0
SAL-Ei-LM,bom_tubes_p40_ao14_am18_3_m35_ao14_am26_1,14,1,SATISFIED,5.0144,44483.0,35035.0
SAL-Ei-LM,bom_tubes_p40_ao14_am18_3_m35_ao14_am26_1,14,2,SATISFIED,5.0135,41227.0,35861.0
SAL-Ei-LM,bom_tubes_p40_ao14_am18_3_m35_ao14_am26_1,14,3,SATISFIED,5.0111,44907.0,44505.0
SAL-Ei-LM,bom_tubes_p40_ao14_am18_3_m35_ao14_am26_1,14,4,SATISFIED,5.0133,45770.0,34202.0
SAL-Ei-LM,bom_tubes_p40_ao14_am18_3_m35_ao14_am26_1,14,5,SATISFIED,5.0148,43884.0,35884.0
SAL-Ei-LM,bom_tubes_p40_ao14_am18_3_m35_ao14_am26_1,14,6,SATISFIED,5.0109,44975.0,43849.0
SAL-Ei-LM,bom_tubes_p40_ao14_am18_3_m35_ao14_am26_1,14,7,SATISFIED,5.0111,43470.0,43918.0
SAL-Ei-LM,bom_tubes_p40_ao14_am18_3_m35_ao14_am26_1,14,8,SATISFIED,5.0101,42460.0,44829.0
SAL-Ei-LM,bom_tubes_p40_ao14_am18_3_m35_ao14_am26_1,14,9,SATISFIED,5.0095,42151.0,43676.0
SAL-Ei-LM,bom_tubes_p40_ao14_am18_3_m35_ao14_am26_1,14,10,SATISFIED,5.0143,43808.0,32417.0
SAL-Ei-LM,bom_tubes_p40_ao14_am18_4,14,1,SATISFIED,5.0152,38406.0,51014.0
SAL-Ei-LM,bom_tubes_p40_ao14_am18_4,14,2,SATISFIED,5.0119,38366.0,63297.0
SAL-Ei-LM,bom_tubes_p40_ao14_am18_4,14,3,SATISFIED,5.0113,38274.0,63663.0
SAL-Ei-LM,bom_tubes_p40_ao14_am18_4,14,4,SATISFIED,5.0137,37942.0,52066.0
SAL-Ei-LM,bom_tubes_p40_ao14_am18_4,14,5,SATISFIED,5.0171,37978.0,39264.0
SAL-Ei-LM,bom_tubes_p40_ao14_am18_4,14,6,SATISFIED,5.013,37834.0,63130.0
SAL-Ei-LM,bom_tubes_p40_ao14_am18_4,14,7,SATISFIED,5.0146,38050.0,62626.0
SAL-Ei-LM,bom_tubes_p40_ao14_am18_4,14,8,SATISFIED,5.0161,37958.0,61489.0
SAL-Ei-LM,bom_tubes_p40_ao14_am18_4,14,9,SATISFIED,5.0148,37842.0,42230.0
SAL-Ei-LM,bom_tubes_p40_ao14_am18_4,14,10,SATISFIED,5.0155,38466.0,53451.0
SAL-Ei-LM,bom_tubes_p40_ao14_am18_4_m12_ao14_am11_2,14,1,SATISFIED,5.0146,172886.0,55347.0
SAL-Ei-LM,bom_tubes_p40_ao14_am18_4_m12_ao14_am11_2,14,2,SATISFIED,5.0157,173346.0,58358.0
SAL-Ei-LM,bom_tubes_p40_ao14_am18_4_m12_ao14_am11_2,14,3,SATISFIED,5.0156,172975.0,58611.0
SAL-Ei-LM,bom_tubes_p40_ao14_am18_4_m12_ao14_am11_2,14,4,SATISFIED,5.0166,173145.0,47618.0
SAL-Ei-LM,bom_tubes_p40_ao14_am18_4_m12_ao14_am11_2,14,5,SATISFIED,5.017,173552.0,51796.0
SAL-Ei-LM,bom_tubes_p40_ao14_am18_4_m12_ao14_am11_2,14,6,SATISFIED,5.0166,173467.0,49922.0
SAL-Ei-LM,bom_tubes_p40_ao14_am18_4_m12_ao14_am11_2,14,7,SATISFIED,5.0139,173411.0,37311.0
SAL-Ei-LM,bom_tubes_p40_ao14_am18_4_m12_ao14_am11_2,14,8,SATISFIED,5.0185,173401.0,30523.0
SAL-Ei-LM,bom_tubes_p40_ao14_am18_4_m12_ao14_am11_2,14,9,SATISFIED,5.0192,173434.0,46787.0
SAL-Ei-LM,bom_tubes_p40_ao14_am18_4_m12_ao14_am11_2,14,10,SATISFIED,5.016,172912.0,33602.0
SAL-Ei-LM,bom_tubes_p40_ao14_am18_4_m12_ao14_am12_1,14,1,SATISFIED,5.0142,69703.0,43404.0
SAL-Ei-LM,bom_tubes_p40_ao14_am18_4_m12_ao14_am12_1,14,2,SATISFIED,5.0114,69437.0,53650.0
SAL-Ei-LM,bom_tubes_p40_ao14_am18_4_m12_ao14_am12_1,14,3,SATISFIED,5.0143,70424.0,42541.0
SAL-Ei-LM,bom_tubes_p40_ao14_am18_4_m12_ao14_am12_1,14,4,SATISFIED,5.0168,69843.0,43384.0
SAL-Ei-LM,bom_tubes_p40_ao14_am18_4_m12_ao14_am12_1,14,5,SATISFIED,5.0114,69295.0,52819.0
SAL-Ei-LM,bom_tubes_p40_ao14_am18_4_m12_ao14_am12_1,14,6,SATISFIED,5.0144,69360.0,32762.0
SAL-Ei-LM,bom_tubes_p40_ao14_am18_4_m12_ao14_am12_1,14,7,SATISFIED,5.0176,69761.0,42376.0
SAL-Ei-LM,bom_tubes_p40_ao14_am18_4_m12_ao14_am12_1,14,8,SATISFIED,5.0121,70294.0,43172.0
SAL-Ei-LM,bom_tubes_p40_ao14_am18_4_m12_ao14_am12_1,14,9,SATISFIED,5.0138,69695.0,42791.0
SAL-Ei-LM,bom_tubes_p40_ao14_am18_4_m12_ao14_am12_1,14,10,SATISFIED,5.0106,69667.0,53566.0
SAL-Ei-LM,bom_tubes_p40_ao14_am18_4_m12_ao14_am12_3,14,1,SATISFIED,5.0123,19888.0,48909.0
SAL-Ei-LM,bom_tubes_p40_ao14_am18_4_m12_ao14_am12_3,14,2,SATISFIED,5.0109,19888.0,47456.0
SAL-Ei-LM,bom_tubes_p40_ao14_am18_4_m12_ao14_am12_3,14,3,SATISFIED,5.0095,19622.0,48786.0
SAL-Ei-LM,bom_tubes_p40_ao14_am18_4_m12_ao14_am12_3,14,4,SATISFIED,5.0101,19914.0,48686.0
SAL-Ei-LM,bom_tubes_p40_ao14_am18_4_m12_ao14_am12_3,14,5,SATISFIED,5.0135,19706.0,39131.0
SAL-Ei-LM,bom_tubes_p40_ao14_am18_4_m12_ao14_am12_3,14,6,SATISFIED,5.0152,20116.0,39944.0
SAL-Ei-LM,bom_tubes_p40_ao14_am18_4_m12_ao14_am12_3,14,7,SATISFIED,5.0102,19638.0,47830.0
SAL-Ei-LM,bom_tubes_p40_ao14_am18_4_m12_ao14_am12_3,14,8,SATISFIED,5.0111,19622.0,47931.0
SAL-Ei-LM,bom_tubes_p40_ao14_am18_4_m12_ao14_am12_3,14,9,SATISFIED,5.0143,19762.0,34758.0
SAL-Ei-LM,bom_tubes_p40_ao14_am18_4_m12_ao14_am12_3,14,10,SATISFIED,5.0154,19938.0,39744.0
SAL-Ei-LM,bom_tubes_p40_ao14_am18_4_m12_ao14_am12_4,14,1,SATISFIED,5.0134,199050.0,56165.0
SAL-Ei-LM,bom_tubes_p40_ao14_am18_4_m12_ao14_am12_4,14,2,SATISFIED,5.0139,199050.0,41355.0
SAL-Ei-LM,bom_tubes_p40_ao14_am18_4_m12_ao14_am12_4,14,3,SATISFIED,5.0136,199050.0,55321.0
SAL-Ei-LM,bom_tubes_p40_ao14_am18_4_m12_ao14_am12_4,14,4,SATISFIED,5.015,199050.0,54646.0
SAL-Ei-LM,bom_tubes_p40_ao14_am18_4_m12_ao14_am12_4,14,5,SATISFIED,5.0162,199050.0,55583.0
SAL-Ei-LM,bom_tubes_p40_ao14_am18_4_m12_ao14_am12_4,14,6,SATISFIED,5.0159,199050.0,56479.0
SAL-Ei-LM,bom_tubes_p40_ao14_am18_4_m12_ao14_am12_4,14,7,SATISFIED,5.0158,199050.0,40890.0
SAL-Ei-LM,bom_tubes_p40_ao14_am18_4_m12_ao14_am12_4,14,8,SATISFIED,5.0155,199050.0,53692.0
SAL-Ei-LM,bom_tubes_p40_ao14_am18_4_m12_ao14_am12_4,14,9,SATISFIED,5.0149,199050.0,56103.0
SAL-Ei-LM,bom_tubes_p40_ao14_am18_4_m12_ao14_am12_4,14,10,SATISFIED,5.0155,199050.0,55871.0
SAL-Ei-LM,bom_tubes_p40_ao14_am18_4_m12_ao14_am12_5,14,1,SATISFIED,5.0141,15197.0,49329.0
SAL-Ei-LM,bom_tubes_p40_ao14_am18_4_m12_ao14_am12_5,14,2,SATISFIED,5.0156,15209.0,39421.0
SAL-Ei-LM,bom_tubes_p40_ao14_am18_4_m12_ao14_am12_5,14,3,SATISFIED,5.0145,15957.0,39221.0
SAL-Ei-LM,bom_tubes_p40_ao14_am18_4_m12_ao14_am12_5,14,4,SATISFIED,5.0105,16168.0,47165.0
SAL-Ei-LM,bom_tubes_p40_ao14_am18_4_m12_ao14_am12_5,14,5,SATISFIED,5.0107,15649.0,46546.0
SAL-Ei-LM,bom_tubes_p40_ao14_am18_4_m12_ao14_am12_5,14,6,SATISFIED,5.0105,15676.0,46376.0
SAL-Ei-LM,bom_tubes_p40_ao14_am18_4_m12_ao14_am12_5,14,7,SATISFIED,5.0125,15693.0,39820.0
SAL-Ei-LM,bom_tubes_p40_ao14_am18_4_m12_ao14_am12_5,14,8,SATISFIED,5.0111,16289.0,37229.0
SAL-Ei-LM,bom_tubes_p40_ao14_am18_4_m12_ao14_am12_5,14,9,SATISFIED,5.0116,16504.0,34841.0
SAL-Ei-LM,bom_tubes_p40_ao14_am18_4_m12_ao14_am12_5,14,10,SATISFIED,5.0125,15671.0,25770.0
SAL-Ei-LM,bom_tubes_p40_ao14_am18_4_m35_ao14_am24_2,14,1,SATISFIED,5.0153,54878.0,43428.0
SAL-Ei-LM,bom_tubes_p40_ao14_am18_4_m35_ao14_am24_2,14,2,SATISFIED,5.0157,51538.0,44166.0
SAL-Ei-LM,bom_tubes_p40_ao14_am18_4_m35_ao14_am24_2,14,3,SATISFIED,5.0157,48448.0,44337.0
SAL-Ei-LM,bom_tubes_p40_ao14_am18_4_m35_ao14_am24_2,14,4,SATISFIED,5.0154,50265.0,45722.0
SAL-Ei-LM,bom_tubes_p40_ao14_am18_4_m35_ao14_am24_2,14,5,SATISFIED,5.0143,52605.0,45161.0
SAL-Ei-LM,bom_tubes_p40_ao14_am18_4_m35_ao14_am24_2,14,6,SATISFIED,5.0139,55194.0,37403.0
SAL-Ei-LM,bom_tubes_p40_ao14_am18_4_m35_ao14_am24_2,14,7,SATISFIED,5.0166,55081.0,45060.0
SAL-Ei-LM,bom_tubes_p40_ao14_am18_4_m35_ao14_am24_2,14,8,SATISFIED,5.0154,52149.0,45203.0
SAL-Ei-LM,bom_tubes_p40_ao14_am18_4_m35_ao14_am24_2,14,9,SATISFIED,5.0157,57140.0,36211.0
SAL-Ei-LM,bom_tubes_p40_ao14_am18_4_m35_ao14_am24_2,14,10,SATISFIED,5.0156,49771.0,34386.0
SAL-Ei-LM,bom_tubes_p40_ao14_am18_4_m35_ao14_am24_5,14,1,SATISFIED,5.0138,16613.0,43559.0
SAL-Ei-LM,bom_tubes_p40_ao14_am18_4_m35_ao14_am24_5,14,2,SATISFIED,5.0158,16333.0,34946.0
SAL-Ei-LM,bom_tubes_p40_ao14_am18_4_m35_ao14_am24_5,14,3,SATISFIED,5.0182,16470.0,34802.0
SAL-Ei-LM,bom_tubes_p40_ao14_am18_4_m35_ao14_am24_5,14,4,SATISFIED,5.0162,16253.0,42913.0
SAL-Ei-LM,bom_tubes_p40_ao14_am18_4_m35_ao14_am24_5,14,5,SATISFIED,5.0158,16388.0,34994.0
SAL-Ei-LM,bom_tubes_p40_ao14_am18_4_m35_ao14_am24_5,14,6,SATISFIED,5.0174,16417.0,42858.0
SAL-Ei-LM,bom_tubes_p40_ao14_am18_4_m35_ao14_am24_5,14,7,SATISFIED,5.0151,16510.0,26085.0
SAL-Ei-LM,bom_tubes_p40_ao14_am18_4_m35_ao14_am24_5,14,8,SATISFIED,5.0129,16213.0,44770.0
SAL-Ei-LM,bom_tubes_p40_ao14_am18_4_m35_ao14_am24_5,14,9,SATISFIED,5.0149,16336.0,35349.0
SAL-Ei-LM,bom_tubes_p40_ao14_am18_4_m35_ao14_am24_5,14,10,SATISFIED,5.0193,16388.0,23415.0
SAL-Ei-LM,bom_tubes_p40_ao14_am18_4_m35_ao14_am26_3,14,1,SATISFIED,5.0185,20341.0,27948.0
SAL-Ei-LM,bom_tubes_p40_ao14_am18_4_m35_ao14_am26_3,14,2,SATISFIED,5.0167,22774.0,41851.0
SAL-Ei-LM,bom_tubes_p40_ao14_am18_4_m35_ao14_am26_3,14,3,SATISFIED,5.0167,22694.0,43827.0
SAL-Ei-LM,bom_tubes_p40_ao14_am18_4_m35_ao14_am26_3,14,4,SATISFIED,5.0167,20598.0,43489.0
SAL-Ei-LM,bom_tubes_p40_ao14_am18_4_m35_ao14_am26_3,14,5,SATISFIED,5.0176,21341.0,43063.0
SAL-Ei-LM,bom_tubes_p40_ao14_am18_4_m35_ao14_am26_3,14,6,SATISFIED,5.0162,20263.0,44740.0
SAL-Ei-LM,bom_tubes_p40_ao14_am18_4_m35_ao14_am26_3,14,7,SATISFIED,5.0162,19839.0,43604.0
SAL-Ei-LM,bom_tubes_p40_ao14_am18_4_m35_ao14_am26_3,14,8,SATISFIED,5.0172,22312.0,43155.0
SAL-Ei-LM,bom_tubes_p40_ao14_am18_4_m35_ao14_am26_3,14,9,SATISFIED,5.0166,21993.0,43565.0
SAL-Ei-LM,bom_tubes_p40_ao14_am18_4_m35_ao14_am26_3,14,10,SATISFIED,5.0161,22034.0,44051.0
SAL-Ei-LM,bom_tubes_p40_ao14_am18_4_m35_ao14_am26_4,14,1,SATISFIED,5.0154,18922.0,44169.0
SAL-Ei-LM,bom_tubes_p40_ao14_am18_4_m35_ao14_am26_4,14,2,SATISFIED,5.0145,18842.0,44206.0
SAL-Ei-LM,bom_tubes_p40_ao14_am18_4_m35_ao14_am26_4,14,3,SATISFIED,5.0172,19512.0,44101.0
SAL-Ei-LM,bom_tubes_p40_ao14_am18_4_m35_ao14_am26_4,14,4,SATISFIED,5.0149,18546.0,34911.0
SAL-Ei-LM,bom_tubes_p40_ao14_am18_4_m35_ao14_am26_4,14,5,SATISFIED,5.0167,19117.0,35889.0
SAL-Ei-LM,bom_tubes_p40_ao14_am18_4_m35_ao14_am26_4,14,6,SATISFIED,5.018,18876.0,34739.0
SAL-Ei-LM,bom_tubes_p40_ao14_am18_4_m35_ao14_am26_4,14,7,SATISFIED,5.0156,19224.0,29139.0
SAL-Ei-LM,bom_tubes_p40_ao14_am18_4_m35_ao14_am26_4,14,8,SATISFIED,5.0172,19032.0,37561.0
SAL-Ei-LM,bom_tubes_p40_ao14_am18_4_m35_ao14_am26_4,14,9,SATISFIED,5.0165,19505.0,27526.0
SAL-Ei-LM,bom_tubes_p40_ao14_am18_4_m35_ao14_am26_4,14,10,SATISFIED,5.0184,19195.0,35730.0
SAL-Ei-LM,bom_tubes_p40_ao14_am18_4_m35_ao14_am27_1,14,1,SATISFIED,5.017,31018.0,28395.0
SAL-Ei-LM,bom_tubes_p40_ao14_am18_4_m35_ao14_am27_1,14,2,SATISFIED,5.0148,28165.0,39079.0
SAL-Ei-LM,bom_tubes_p40_ao14_am18_4_m35_ao14_am27_1,14,3,SATISFIED,5.0194,27980.0,36276.0
SAL-Ei-LM,bom_tubes_p40_ao14_am18_4_m35_ao14_am27_1,14,4,SATISFIED,5.0161,30388.0,43847.0
SAL-Ei-LM,bom_tubes_p40_ao14_am18_4_m35_ao14_am27_1,14,5,SATISFIED,5.0161,28791.0,44439.0
SAL-Ei-LM,bom_tubes_p40_ao14_am18_4_m35_ao14_am27_1,14,6,SATISFIED,5.0177,28090.0,44243.0
SAL-Ei-LM,bom_tubes_p40_ao14_am18_4_m35_ao14_am27_1,14,7,SATISFIED,5.0182,28260.0,44568.0
SAL-Ei-LM,bom_tubes_p40_ao14_am18_4_m35_ao14_am27_1,14,8,SATISFIED,5.0148,30753.0,44617.0
SAL-Ei-LM,bom_tubes_p40_ao14_am18_4_m35_ao14_am27_1,14,9,SATISFIED,5.0155,28720.0,44272.0
SAL-Ei-LM,bom_tubes_p40_ao14_am18_4_m35_ao14_am27_1,14,10,SATISFIED,5.018,28822.0,44226.0
SAL-Ei-LM,bom_tubes_p40_ao14_am18_5,14,1,SATISFIED,5.0167,607977.0,62671.0
SAL-Ei-LM,bom_tubes_p40_ao14_am18_5,14,2,SATISFIED,5.0166,609221.0,61203.0
SAL-Ei-LM,bom_tubes_p40_ao14_am18_5,14,3,SATISFIED,5.0171,608245.0,60177.0
SAL-Ei-LM,bom_tubes_p40_ao14_am18_5,14,4,SATISFIED,5.0152,609149.0,59818.0
SAL-Ei-LM,bom_tubes_p40_ao14_am18_5,14,5,SATISFIED,5.017,609237.0,50180.0
SAL-Ei-LM,bom_tubes_p40_ao14_am18_5,14,6,SATISFIED,5.0166,608765.0,50842.0
SAL-Ei-LM,bom_tubes_p40_ao14_am18_5,14,7,SATISFIED,5.0163,608589.0,49715.0
SAL-Ei-LM,bom_tubes_p40_ao14_am18_5,14,8,SATISFIED,5.0154,608645.0,54117.0
SAL-Ei-LM,bom_tubes_p40_ao14_am18_5,14,9,SATISFIED,5.0159,607953.0,50595.0
SAL-Ei-LM,bom_tubes_p40_ao14_am18_5,14,10,SATISFIED,5.0187,608465.0,62338.0
SAL-Ei-LM,bom_tubes_p40_ao14_am18_5_m12_ao14_am12_1,14,1,SATISFIED,5.0179,500358.0,50130.0
SAL-Ei-LM,bom_tubes_p40_ao14_am18_5_m12_ao14_am12_1,14,2,SATISFIED,5.0161,501510.0,50368.0
SAL-Ei-LM,bom_tubes_p40_ao14_am18_5_m12_ao14_am12_1,14,3,SATISFIED,5.0144,500908.0,50436.0
SAL-Ei-LM,bom_tubes_p40_ao14_am18_5_m12_ao14_am12_1,14,4,SATISFIED,5.0144,500948.0,50010.0
SAL-Ei-LM,bom_tubes_p40_ao14_am18_5_m12_ao14_am12_1,14,5,SATISFIED,5.0137,500566.0,51427.0
SAL-Ei-LM,bom_tubes_p40_ao14_am18_5_m12_ao14_am12_1,14,6,SATISFIED,5.0163,500980.0,51210.0
SAL-Ei-LM,bom_tubes_p40_ao14_am18_5_m12_ao14_am12_1,14,7,SATISFIED,5.0142,500470.0,51414.0
SAL-Ei-LM,bom_tubes_p40_ao14_am18_5_m12_ao14_am12_1,14,8,SATISFIED,5.0145,500632.0,51293.0
SAL-Ei-LM,bom_tubes_p40_ao14_am18_5_m12_ao14_am12_1,14,9,SATISFIED,5.021,500726.0,39660.0
SAL-Ei-LM,bom_tubes_p40_ao14_am18_5_m12_ao14_am12_1,14,10,SATISFIED,5.0162,500506.0,49646.0
SAL-Ei-LM,bom_tubes_p40_ao14_am18_5_m12_ao14_am12_2,14,1,SATISFIED,5.0145,564229.0,53118.0
SAL-Ei-LM,bom_tubes_p40_ao14_am18_5_m12_ao14_am12_2,14,2,SATISFIED,5.0172,601788.0,53108.0
SAL-Ei-LM,bom_tubes_p40_ao14_am18_5_m12_ao14_am12_2,14,3,SATISFIED,5.0194,589893.0,51767.0
SAL-Ei-LM,bom_tubes_p40_ao14_am18_5_m12_ao14_am12_2,14,4,SATISFIED,5.018,557379.0,51575.0
SAL-Ei-LM,bom_tubes_p40_ao14_am18_5_m12_ao14_am12_2,14,5,SATISFIED,5.018,543389.0,51540.0
SAL-Ei-LM,bom_tubes_p40_ao14_am18_5_m12_ao14_am12_2,14,6,SATISFIED,5.0179,609728.0,51997.0
SAL-Ei-LM,bom_tubes_p40_ao14_am18_5_m12_ao14_am12_2,14,7,SATISFIED,5.0173,552264.0,51974.0
SAL-Ei-LM,bom_tubes_p40_ao14_am18_5_m12_ao14_am12_2,14,8,SATISFIED,5.0166,615459.0,40312.0
SAL-Ei-LM,bom_tubes_p40_ao14_am18_5_m12_ao14_am12_2,14,9,SATISFIED,5.0159,593050.0,46464.0
SAL-Ei-LM,bom_tubes_p40_ao14_am18_5_m12_ao14_am12_2,14,10,SATISFIED,5.0162,599573.0,52271.0
SAL-Ei-LM,bom_tubes_p40_ao14_am18_5_m12_ao14_am12_3,14,1,SATISFIED,5.0148,687112.0,51002.0
SAL-Ei-LM,bom_tubes_p40_ao14_am18_5_m12_ao14_am12_3,14,2,SATISFIED,5.014,686921.0,50793.0
SAL-Ei-LM,bom_tubes_p40_ao14_am18_5_m12_ao14_am12_3,14,3,SATISFIED,5.015,687256.0,50153.0
SAL-Ei-LM,bom_tubes_p40_ao14_am18_5_m12_ao14_am12_3,14,4,SATISFIED,5.0147,687229.0,50773.0
SAL-Ei-LM,bom_tubes_p40_ao14_am18_5_m12_ao14_am12_3,14,5,SATISFIED,5.0155,687720.0,41764.0
SAL-Ei-LM,bom_tubes_p40_ao14_am18_5_m12_ao14_am12_3,14,6,SATISFIED,5.0154,687527.0,40980.0
SAL-Ei-LM,bom_tubes_p40_ao14_am18_5_m12_ao14_am12_3,14,7,SATISFIED,5.0172,687895.0,40597.0
SAL-Ei-LM,bom_tubes_p40_ao14_am18_5_m12_ao14_am12_3,14,8,SATISFIED,5.0153,687298.0,50265.0
SAL-Ei-LM,bom_tubes_p40_ao14_am18_5_m12_ao14_am12_3,14,9,SATISFIED,5.0157,687683.0,50159.0
SAL-Ei-LM,bom_tubes_p40_ao14_am18_5_m12_ao14_am12_3,14,10,SATISFIED,5.015,687952.0,50001.0
SAL-Ei-LM,bom_tubes_p40_ao14_am18_5_m12_ao14_am12_4,14,1,SATISFIED,5.0233,163717.0,33837.0
SAL-Ei-LM,bom_tubes_p40_ao14_am18_5_m12_ao14_am12_4,14,2,SATISFIED,5.0193,176451.0,31094.0
SAL-Ei-LM,bom_tubes_p40_ao14_am18_5_m12_ao14_am12_4,14,3,SATISFIED,5.0189,159525.0,40157.0
SAL-Ei-LM,bom_tubes_p40_ao14_am18_5_m12_ao14_am12_4,14,4,SATISFIED,5.0159,196404.0,52332.0
SAL-Ei-LM,bom_tubes_p40_ao14_am18_5_m12_ao14_am12_4,14,5,SATISFIED,5.016,164229.0,51169.0
SAL-Ei-LM,bom_tubes_p40_ao14_am18_5_m12_ao14_am12_4,14,6,SATISFIED,5.0177,171479.0,49424.0
SAL-Ei-LM,bom_tubes_p40_ao14_am18_5_m12_ao14_am12_4,14,7,SATISFIED,5.0176,164801.0,38504.0
SAL-Ei-LM,bom_tubes_p40_ao14_am18_5_m12_ao14_am12_4,14,8,SATISFIED,5.0188,192315.0,36352.0
SAL-Ei-LM,bom_tubes_p40_ao14_am18_5_m12_ao14_am12_4,14,9,SATISFIED,5.0176,181561.0,44893.0
SAL-Ei-LM,bom_tubes_p40_ao14_am18_5_m12_ao14_am12_4,14,10,SATISFIED,5.0167,177350.0,51416.0
SAL-Ei-LM,bom_tubes_p40_ao14_am18_5_m12_ao14_am12_5,14,1,SATISFIED,5.0135,226971.0,55977.0
SAL-Ei-LM,bom_tubes_p40_ao14_am18_5_m12_ao14_am12_5,14,2,SATISFIED,5.0127,222813.0,54608.0
SAL-Ei-LM,bom_tubes_p40_ao14_am18_5_m12_ao14_am12_5,14,3,SATISFIED,5.0165,222856.0,44096.0
SAL-Ei-LM,bom_tubes_p40_ao14_am18_5_m12_ao14_am12_5,14,4,SATISFIED,5.0158,222813.0,44754.0
SAL-Ei-LM,bom_tubes_p40_ao14_am18_5_m12_ao14_am12_5,14,5,SATISFIED,5.0131,222813.0,56206.0
SAL-Ei-LM,bom_tubes_p40_ao14_am18_5_m12_ao14_am12_5,14,6,SATISFIED,5.0124,222477.0,54729.0
SAL-Ei-LM,bom_tubes_p40_ao14_am18_5_m12_ao14_am12_5,14,7,SATISFIED,5.0133,222681.0,56703.0
SAL-Ei-LM,bom_tubes_p40_ao14_am18_5_m12_ao14_am12_5,14,8,SATISFIED,5.0146,222681.0,45147.0
SAL-Ei-LM,bom_tubes_p40_ao14_am18_5_m12_ao14_am12_5,14,9,SATISFIED,5.0156,222813.0,46221.0
SAL-Ei-LM,bom_tubes_p40_ao14_am18_5_m12_ao14_am12_5,14,10,SATISFIED,5.017,222465.0,52343.0
SAL-Ei-LM,bom_tubes_p40_ao14_am18_5_m35_ao14_am24_1,14,1,SATISFIED,5.0149,135023.0,45039.0
SAL-Ei-LM,bom_tubes_p40_ao14_am18_5_m35_ao14_am24_1,14,2,SATISFIED,5.0151,137313.0,44433.0
SAL-Ei-LM,bom_tubes_p40_ao14_am18_5_m35_ao14_am24_1,14,3,SATISFIED,5.0171,133899.0,40768.0
SAL-Ei-LM,bom_tubes_p40_ao14_am18_5_m35_ao14_am24_1,14,4,SATISFIED,5.0163,134248.0,39758.0
SAL-Ei-LM,bom_tubes_p40_ao14_am18_5_m35_ao14_am24_1,14,5,SATISFIED,5.0146,135450.0,44580.0
SAL-Ei-LM,bom_tubes_p40_ao14_am18_5_m35_ao14_am24_1,14,6,SATISFIED,5.0133,134795.0,42689.0
SAL-Ei-LM,bom_tubes_p40_ao14_am18_5_m35_ao14_am24_1,14,7,SATISFIED,5.0163,134971.0,43572.0
SAL-Ei-LM,bom_tubes_p40_ao14_am18_5_m35_ao14_am24_1,14,8,SATISFIED,5.0143,134645.0,35384.0
SAL-Ei-LM,bom_tubes_p40_ao14_am18_5_m35_ao14_am24_1,14,9,SATISFIED,5.0139,133240.0,33863.0
SAL-Ei-LM,bom_tubes_p40_ao14_am18_5_m35_ao14_am24_1,14,10,SATISFIED,5.0165,131829.0,29476.0
SAL-Ei-LM,bom_tubes_p40_ao14_am18_5_m35_ao14_am26_3,14,1,SATISFIED,5.015,53545.0,35723.0
SAL-Ei-LM,bom_tubes_p40_ao14_am18_5_m35_ao14_am26_3,14,2,SATISFIED,5.0093,54160.0,43354.0
SAL-Ei-LM,bom_tubes_p40_ao14_am18_5_m35_ao14_am26_3,14,3,SATISFIED,5.0117,53635.0,27290.0
SAL-Ei-LM,bom_tubes_p40_ao14_am18_5_m35_ao14_am26_3,14,4,SATISFIED,5.0135,54853.0,41777.0
SAL-Ei-LM,bom_tubes_p40_ao14_am18_5_m35_ao14_am26_3,14,5,SATISFIED,5.0172,59399.0,41929.0
SAL-Ei-LM,bom_tubes_p40_ao14_am18_5_m35_ao14_am26_3,14,6,SATISFIED,5.0173,52670.0,32367.0
SAL-Ei-LM,bom_tubes_p40_ao14_am18_5_m35_ao14_am26_3,14,7,SATISFIED,5.0141,52659.0,44732.0
SAL-Ei-LM,bom_tubes_p40_ao14_am18_5_m35_ao14_am26_3,14,8,SATISFIED,5.0147,53617.0,32300.0
SAL-Ei-LM,bom_tubes_p40_ao14_am18_5_m35_ao14_am26_3,14,9,SATISFIED,5.0144,53546.0,34682.0
SAL-Ei-LM,bom_tubes_p40_ao14_am18_5_m35_ao14_am26_3,14,10,SATISFIED,5.0147,58959.0,44355.0
SAL-Ei-LM,bom_tubes_p40_ao14_am18_5_m35_ao14_am26_4,14,1,SATISFIED,5.014,95595.0,42872.0
SAL-Ei-LM,bom_tubes_p40_ao14_am18_5_m35_ao14_am26_4,14,2,SATISFIED,5.0174,83705.0,34604.0
SAL-Ei-LM,bom_tubes_p40_ao14_am18_5_m35_ao14_am26_4,14,3,SATISFIED,5.0139,83245.0,35900.0
SAL-Ei-LM,bom_tubes_p40_ao14_am18_5_m35_ao14_am26_4,14,4,SATISFIED,5.0142,87478.0,44592.0
SAL-Ei-LM,bom_tubes_p40_ao14_am18_5_m35_ao14_am26_4,14,5,SATISFIED,5.014,83987.0,44704.0
SAL-Ei-LM,bom_tubes_p40_ao14_am18_5_m35_ao14_am26_4,14,6,SATISFIED,5.0167,85621.0,39597.0
SAL-Ei-LM,bom_tubes_p40_ao14_am18_5_m35_ao14_am26_4,14,7,SATISFIED,5.0189,79211.0,37170.0
SAL-Ei-LM,bom_tubes_p40_ao14_am18_5_m35_ao14_am26_4,14,8,SATISFIED,5.0155,80323.0,41734.0
SAL-Ei-LM,bom_tubes_p40_ao14_am18_5_m35_ao14_am26_4,14,9,SATISFIED,5.016,90203.0,36026.0
SAL-Ei-LM,bom_tubes_p40_ao14_am18_5_m35_ao14_am26_4,14,10,SATISFIED,5.0163,78038.0,32564.0
SAL-Ei-LM,bom_tubes_p40_ao14_am18_5_m35_ao14_am27_2,14,1,SATISFIED,5.0142,154876.0,44160.0
SAL-Ei-LM,bom_tubes_p40_ao14_am18_5_m35_ao14_am27_2,14,2,SATISFIED,5.0131,155143.0,44379.0
SAL-Ei-LM,bom_tubes_p40_ao14_am18_5_m35_ao14_am27_2,14,3,SATISFIED,5.0148,162219.0,44205.0
SAL-Ei-LM,bom_tubes_p40_ao14_am18_5_m35_ao14_am27_2,14,4,SATISFIED,5.0187,162610.0,33607.0
SAL-Ei-LM,bom_tubes_p40_ao14_am18_5_m35_ao14_am27_2,14,5,SATISFIED,5.0158,159920.0,36118.0
SAL-Ei-LM,bom_tubes_p40_ao14_am18_5_m35_ao14_am27_2,14,6,SATISFIED,5.0131,164467.0,44225.0
SAL-Ei-LM,bom_tubes_p40_ao14_am18_5_m35_ao14_am27_2,14,7,SATISFIED,5.0146,153769.0,43458.0
SAL-Ei-LM,bom_tubes_p40_ao14_am18_5_m35_ao14_am27_2,14,8,SATISFIED,5.0157,154471.0,36730.0
SAL-Ei-LM,bom_tubes_p40_ao14_am18_5_m35_ao14_am27_2,14,9,SATISFIED,5.0156,172908.0,43015.0
SAL-Ei-LM,bom_tubes_p40_ao14_am18_5_m35_ao14_am27_2,14,10,SATISFIED,5.0157,171616.0,43060.0
SAL-Ei-LM,bom_tubes_p40_ao14_am18_5_m35_ao14_am27_5,14,1,SATISFIED,5.0158,154033.0,28480.0
SAL-Ei-LM,bom_tubes_p40_ao14_am18_5_m35_ao14_am27_5,14,2,SATISFIED,5.0195,205533.0,42296.0
SAL-Ei-LM,bom_tubes_p40_ao14_am18_5_m35_ao14_am27_5,14,3,SATISFIED,5.017,196407.0,32492.0
SAL-Ei-LM,bom_tubes_p40_ao14_am18_5_m35_ao14_am27_5,14,4,SATISFIED,5.019,157327.0,38486.0
SAL-Ei-LM,bom_tubes_p40_ao14_am18_5_m35_ao14_am27_5,14,5,SATISFIED,5.019,151463.0,38015.0
SAL-Ei-LM,bom_tubes_p40_ao14_am18_5_m35_ao14_am27_5,14,6,SATISFIED,5.0178,200959.0,33481.0
SAL-Ei-LM,bom_tubes_p40_ao14_am18_5_m35_ao14_am27_5,14,7,SATISFIED,5.0154,165198.0,35123.0
SAL-Ei-LM,bom_tubes_p40_ao14_am18_5_m35_ao14_am27_5,14,8,SATISFIED,5.0164,154364.0,41027.0
SAL-Ei-LM,bom_tubes_p40_ao14_am18_5_m35_ao14_am27_5,14,9,SATISFIED,5.0137,163390.0,37561.0
SAL-Ei-LM,bom_tubes_p40_ao14_am18_5_m35_ao14_am27_5,14,10,SATISFIED,5.0115,207406.0,44806.0
SAL-Ei-LM,bom_tubes_p50_ao15_am18_1,15,1,SATISFIED,5.0115,45914.0,39801.0
SAL-Ei-LM,bom_tubes_p50_ao15_am18_1,15,2,SATISFIED,5.0202,45759.0,58209.0
SAL-Ei-LM,bom_tubes_p50_ao15_am18_1,15,3,SATISFIED,5.0145,41125.0,57441.0
SAL-Ei-LM,bom_tubes_p50_ao15_am18_1,15,4,SATISFIED,5.0164,44642.0,57374.0
SAL-Ei-LM,bom_tubes_p50_ao15_am18_1,15,5,SATISFIED,5.0157,44098.0,56662.0
SAL-Ei-LM,bom_tubes_p50_ao15_am18_1,15,6,SATISFIED,5.0137,40247.0,56847.0
SAL-Ei-LM,bom_tubes_p50_ao15_am18_1,15,7,SATISFIED,5.0155,45783.0,42735.0
SAL-Ei-LM,bom_tubes_p50_ao15_am18_1,15,8,SATISFIED,5.0169,44446.0,37959.0
SAL-Ei-LM,bom_tubes_p50_ao15_am18_1,15,9,SATISFIED,5.014,44681.0,57452.0
SAL-Ei-LM,bom_tubes_p50_ao15_am18_1,15,10,SATISFIED,5.0154,42985.0,57396.0
SAL-Ei-LM,bom_tubes_p50_ao15_am18_1_m10_ao15_am9_2,15,1,SATISFIED,5.0132,47999.0,57544.0
SAL-Ei-LM,bom_tubes_p50_ao15_am18_1_m10_ao15_am9_2,15,2,SATISFIED,5.0137,48236.0,60498.0
SAL-Ei-LM,bom_tubes_p50_ao15_am18_1_m10_ao15_am9_2,15,3,SATISFIED,5.0165,50183.0,48664.0
SAL-Ei-LM,bom_tubes_p50_ao15_am18_1_m10_ao15_am9_2,15,4,SATISFIED,5.0157,47378.0,60437.0
SAL-Ei-LM,bom_tubes_p50_ao15_am18_1_m10_ao15_am9_2,15,5,SATISFIED,5.0138,51107.0,45369.0
SAL-Ei-LM,bom_tubes_p50_ao15_am18_1_m10_ao15_am9_2,15,6,SATISFIED,5.0145,46619.0,48977.0
SAL-Ei-LM,bom_tubes_p50_ao15_am18_1_m10_ao15_am9_2,15,7,SATISFIED,5.016,49523.0,58131.0
SAL-Ei-LM,bom_tubes_p50_ao15_am18_1_m10_ao15_am9_2,15,8,SATISFIED,5.0154,49424.0,60380.0
SAL-Ei-LM,bom_tubes_p50_ao15_am18_1_m10_ao15_am9_2,15,9,SATISFIED,5.0138,48839.0,59694.0
SAL-Ei-LM,bom_tubes_p50_ao15_am18_1_m10_ao15_am9_2,15,10,SATISFIED,5.0142,48599.0,59537.0
SAL-Ei-LM,bom_tubes_p50_ao15_am18_1_m10_ao15_am9_5,15,1,SATISFIED,5.0147,48960.0,60331.0
SAL-Ei-LM,bom_tubes_p50_ao15_am18_1_m10_ao15_am9_5,15,2,SATISFIED,5.0138,51403.0,59416.0
SAL-Ei-LM,bom_tubes_p50_ao15_am18_1_m10_ao15_am9_5,15,3,SATISFIED,5.0116,49331.0,58438.0
SAL-Ei-LM,bom_tubes_p50_ao15_am18_1_m10_ao15_am9_5,15,4,SATISFIED,5.0117,51409.0,61840.0
SAL-Ei-LM,bom_tubes_p50_ao15_am18_1_m10_ao15_am9_5,15,5,SATISFIED,5.0122,49228.0,59178.0
SAL-Ei-LM,bom_tubes_p50_ao15_am18_1_m10_ao15_am9_5,15,6,SATISFIED,5.0133,50868.0,59049.0
SAL-Ei-LM,bom_tubes_p50_ao15_am18_1_m10_ao15_am9_5,15,7,SATISFIED,5.0146,50869.0,59183.0
SAL-Ei-LM,bom_tubes_p50_ao15_am18_1_m10_ao15_am9_5,15,8,SATISFIED,5.0143,48872.0,60766.0
SAL-Ei-LM,bom_tubes_p50_ao15_am18_1_m10_ao15_am9_5,15,9,SATISFIED,5.0169,50867.0,37095.0
SAL-Ei-LM,bom_tubes_p50_ao15_am18_1_m10_ao15_am9_5,15,10,SATISFIED,5.015,49688.0,58950.0
SAL-Ei-LM,bom_tubes_p50_ao15_am18_1_m10_ao15_am10_1,15,1,SATISFIED,5.0145,115775.0,42503.0
SAL-Ei-LM,bom_tubes_p50_ao15_am18_1_m10_ao15_am10_1,15,2,SATISFIED,5.0157,115319.0,40421.0
SAL-Ei-LM,bom_tubes_p50_ao15_am18_1_m10_ao15_am10_1,15,3,SATISFIED,5.0149,115801.0,55537.0
SAL-Ei-LM,bom_tubes_p50_ao15_am18_1_m10_ao15_am10_1,15,4,SATISFIED,5.0143,115392.0,56366.0
SAL-Ei-LM,bom_tubes_p50_ao15_am18_1_m10_ao15_am10_1,15,5,SATISFIED,5.0159,115562.0,54979.0
SAL-Ei-LM,bom_tubes_p50_ao15_am18_1_m10_ao15_am10_1,15,6,SATISFIED,5.0158,115708.0,56977.0
SAL-Ei-LM,bom_tubes_p50_ao15_am18_1_m10_ao15_am10_1,15,7,SATISFIED,5.0132,115391.0,55446.0
SAL-Ei-LM,bom_tubes_p50_ao15_am18_1_m10_ao15_am10_1,15,8,SATISFIED,5.0132,115587.0,56261.0
SAL-Ei-LM,bom_tubes_p50_ao15_am18_1_m10_ao15_am10_1,15,9,SATISFIED,5.0145,115795.0,44914.0
SAL-Ei-LM,bom_tubes_p50_ao15_am18_1_m10_ao15_am10_1,15,10,SATISFIED,5.0164,115973.0,52768.0
SAL-Ei-LM,bom_tubes_p50_ao15_am18_1_m10_ao15_am10_3,15,1,SATISFIED,5.0127,19590.0,42170.0
SAL-Ei-LM,bom_tubes_p50_ao15_am18_1_m10_ao15_am10_3,15,2,SATISFIED,5.0109,20477.0,49362.0
SAL-Ei-LM,bom_tubes_p50_ao15_am18_1_m10_ao15_am10_3,15,3,SATISFIED,5.0126,20019.0,41775.0
SAL-Ei-LM,bom_tubes_p50_ao15_am18_1_m10_ao15_am10_3,15,4,SATISFIED,5.0119,19454.0,48817.0
SAL-Ei-LM,bom_tubes_p50_ao15_am18_1_m10_ao15_am10_3,15,5,SATISFIED,5.0114,19548.0,48989.0
SAL-Ei-LM,bom_tubes_p50_ao15_am18_1_m10_ao15_am10_3,15,6,SATISFIED,5.0117,19564.0,49094.0
SAL-Ei-LM,bom_tubes_p50_ao15_am18_1_m10_ao15_am10_3,15,7,SATISFIED,5.0115,19637.0,49440.0
SAL-Ei-LM,bom_tubes_p50_ao15_am18_1_m10_ao15_am10_3,15,8,SATISFIED,5.0147,20181.0,34484.0
SAL-Ei-LM,bom_tubes_p50_ao15_am18_1_m10_ao15_am10_3,15,9,SATISFIED,5.0184,19416.0,37656.0
SAL-Ei-LM,bom_tubes_p50_ao15_am18_1_m10_ao15_am10_3,15,10,SATISFIED,5.018,19496.0,38953.0
SAL-Ei-LM,bom_tubes_p50_ao15_am18_1_m10_ao15_am10_4,15,1,SATISFIED,5.0145,34179.0,50663.0
SAL-Ei-LM,bom_tubes_p50_ao15_am18_1_m10_ao15_am10_4,15,2,SATISFIED,5.0135,34061.0,40273.0
SAL-Ei-LM,bom_tubes_p50_ao15_am18_1_m10_ao15_am10_4,15,3,SATISFIED,5.0107,34407.0,40559.0
SAL-Ei-LM,bom_tubes_p50_ao15_am18_1_m10_ao15_am10_4,15,4,SATISFIED,5.0146,33893.0,45163.0
SAL-Ei-LM,bom_tubes_p50_ao15_am18_1_m10_ao15_am10_4,15,5,SATISFIED,5.0164,34045.0,37306.0
SAL-Ei-LM,bom_tubes_p50_ao15_am18_1_m10_ao15_am10_4,15,6,SATISFIED,5.0127,34217.0,34771.0
SAL-Ei-LM,bom_tubes_p50_ao15_am18_1_m10_ao15_am10_4,15,7,SATISFIED,5.0162,34417.0,37630.0
SAL-Ei-LM,bom_tubes_p50_ao15_am18_1_m10_ao15_am10_4,15,8,SATISFIED,5.0179,34609.0,41455.0
SAL-Ei-LM,bom_tubes_p50_ao15_am18_1_m10_ao15_am10_4,15,9,SATISFIED,5.0153,34351.0,49106.0
SAL-Ei-LM,bom_tubes_p50_ao15_am18_1_m10_ao15_am10_4,15,10,SATISFIED,5.0144,34403.0,39726.0
SAL-Ei-LM,bom_tubes_p50_ao15_am18_1_m25_ao15_am16_3,15,1,SATISFIED,5.0152,33745.0,37084.0
SAL-Ei-LM,bom_tubes_p50_ao15_am18_1_m25_ao15_am16_3,15,2,SATISFIED,5.0143,33726.0,57449.0
SAL-Ei-LM,bom_tubes_p50_ao15_am18_1_m25_ao15_am16_3,15,3,SATISFIED,5.014,33813.0,56972.0
SAL-Ei-LM,bom_tubes_p50_ao15_am18_1_m25_ao15_am16_3,15,4,SATISFIED,5.0148,33747.0,56679.0
SAL-Ei-LM,bom_tubes_p50_ao15_am18_1_m25_ao15_am16_3,15,5,SATISFIED,5.015,33784.0,56428.0
SAL-Ei-LM,bom_tubes_p50_ao15_am18_1_m25_ao15_am16_3,15,6,SATISFIED,5.0166,33669.0,46696.0
SAL-Ei-LM,bom_tubes_p50_ao15_am18_1_m25_ao15_am16_3,15,7,SATISFIED,5.0113,33753.0,59557.0
SAL-Ei-LM,bom_tubes_p50_ao15_am18_1_m25_ao15_am16_3,15,8,SATISFIED,5.0111,33749.0,58847.0
SAL-Ei-LM,bom_tubes_p50_ao15_am18_1_m25_ao15_am16_3,15,9,SATISFIED,5.0149,33809.0,35124.0
SAL-Ei-LM,bom_tubes_p50_ao15_am18_1_m25_ao15_am16_3,15,10,SATISFIED,5.018,33833.0,48509.0
SAL-Ei-LM,bom_tubes_p50_ao15_am18_1_m25_ao15_am17_1,15,1,SATISFIED,5.0109,57503.0,42922.0
SAL-Ei-LM,bom_tubes_p50_ao15_am18_1_m25_ao15_am17_1,15,2,SATISFIED,5.0149,60665.0,53620.0
SAL-Ei-LM,bom_tubes_p50_ao15_am18_1_m25_ao15_am17_1,15,3,SATISFIED,5.0127,56375.0,54340.0
SAL-Ei-LM,bom_tubes_p50_ao15_am18_1_m25_ao15_am17_1,15,4,SATISFIED,5.0153,59608.0,54144.0
SAL-Ei-LM,bom_tubes_p50_ao15_am18_1_m25_ao15_am17_1,15,5,SATISFIED,5.0154,54670.0,53226.0
SAL-Ei-LM,bom_tubes_p50_ao15_am18_1_m25_ao15_am17_1,15,6,SATISFIED,5.0143,62265.0,32707.0
SAL-Ei-LM,bom_tubes_p50_ao15_am18_1_m25_ao15_am17_1,15,7,SATISFIED,5.012,60022.0,35992.0
SAL-Ei-LM,bom_tubes_p50_ao15_am18_1_m25_ao15_am17_1,15,8,SATISFIED,5.0161,57377.0,53037.0
SAL-Ei-LM,bom_tubes_p50_ao15_am18_1_m25_ao15_am17_1,15,9,SATISFIED,5.0161,62249.0,42389.0
SAL-Ei-LM,bom_tubes_p50_ao15_am18_1_m25_ao15_am17_1,15,10,SATISFIED,5.0179,55902.0,51471.0
SAL-Ei-LM,bom_tubes_p50_ao15_am18_1_m25_ao15_am17_5,15,1,SATISFIED,5.0149,35951.0,50681.0
SAL-Ei-LM,bom_tubes_p50_ao15_am18_1_m25_ao15_am17_5,15,2,SATISFIED,5.0167,36548.0,43757.0
SAL-Ei-LM,bom_tubes_p50_ao15_am18_1_m25_ao15_am17_5,15,3,SATISFIED,5.0192,32885.0,44791.0
SAL-Ei-LM,bom_tubes_p50_ao15_am18_1_m25_ao15_am17_5,15,4,SATISFIED,5.0187,33033.0,47886.0
SAL-Ei-LM,bom_tubes_p50_ao15_am18_1_m25_ao15_am17_5,15,5,SATISFIED,5.0176,34498.0,48822.0
SAL-Ei-LM,bom_tubes_p50_ao15_am18_1_m25_ao15_am17_5,15,6,SATISFIED,5.0152,35437.0,39742.0
SAL-Ei-LM,bom_tubes_p50_ao15_am18_1_m25_ao15_am17_5,15,7,SATISFIED,5.0153,37943.0,31170.0
SAL-Ei-LM,bom_tubes_p50_ao15_am18_1_m25_ao15_am17_5,15,8,SATISFIED,5.0164,35829.0,48294.0
SAL-Ei-LM,bom_tubes_p50_ao15_am18_1_m25_ao15_am17_5,15,9,SATISFIED,5.0156,32928.0,48052.0
SAL-Ei-LM,bom_tubes_p50_ao15_am18_1_m25_ao15_am17_5,15,10,SATISFIED,5.0155,32285.0,48570.0
SAL-Ei-LM,bom_tubes_p50_ao15_am18_1_m25_ao15_am18_4,15,1,SATISFIED,5.0165,49295.0,47154.0
SAL-Ei-LM,bom_tubes_p50_ao15_am18_1_m25_ao15_am18_4,15,2,SATISFIED,5.0171,49295.0,52561.0
SAL-Ei-LM,bom_tubes_p50_ao15_am18_1_m25_ao15_am18_4,15,3,SATISFIED,5.0185,49295.0,55293.0
SAL-Ei-LM,bom_tubes_p50_ao15_am18_1_m25_ao15_am18_4,15,4,SATISFIED,5.0216,49295.0,36197.0
SAL-Ei-LM,bom_tubes_p50_ao15_am18_1_m25_ao15_am18_4,15,5,SATISFIED,5.0201,49295.0,54765.0
SAL-Ei-LM,bom_tubes_p50_ao15_am18_1_m25_ao15_am18_4,15,6,SATISFIED,5.0199,49295.0,55656.0
SAL-Ei-LM,bom_tubes_p50_ao15_am18_1_m25_ao15_am18_4,15,7,SATISFIED,5.0156,49295.0,56714.0
SAL-Ei-LM,bom_tubes_p50_ao15_am18_1_m25_ao15_am18_4,15,8,SATISFIED,5.0186,49295.0,36535.0
SAL-Ei-LM,bom_tubes_p50_ao15_am18_1_m25_ao15_am18_4,15,9,SATISFIED,5.0188,49295.0,44180.0
SAL-Ei-LM,bom_tubes_p50_ao15_am18_1_m25_ao15_am18_4,15,10,SATISFIED,5.0131,49295.0,44511.0
SAL-Ei-LM,bom_tubes_p50_ao15_am18_1_m25_ao15_am20_2,15,1,SATISFIED,5.0141,145824.0,46471.0
SAL-Ei-LM,bom_tubes_p50_ao15_am18_1_m25_ao15_am20_2,15,2,SATISFIED,5.0139,145106.0,41528.0
SAL-Ei-LM,bom_tubes_p50_ao15_am18_1_m25_ao15_am20_2,15,3,SATISFIED,5.0136,145692.0,49043.0
SAL-Ei-LM,bom_tubes_p50_ao15_am18_1_m25_ao15_am20_2,15,4,SATISFIED,5.0138,145878.0,48659.0
SAL-Ei-LM,bom_tubes_p50_ao15_am18_1_m25_ao15_am20_2,15,5,SATISFIED,5.0153,145224.0,50543.0
SAL-Ei-LM,bom_tubes_p50_ao15_am18_1_m25_ao15_am20_2,15,6,SATISFIED,5.0155,145436.0,48801.0
SAL-Ei-LM,bom_tubes_p50_ao15_am18_1_m25_ao15_am20_2,15,7,SATISFIED,5.0148,144590.0,48321.0
SAL-Ei-LM,bom_tubes_p50_ao15_am18_1_m25_ao15_am20_2,15,8,SATISFIED,5.0164,144904.0,39306.0
SAL-Ei-LM,bom_tubes_p50_ao15_am18_1_m25_ao15_am20_2,15,9,SATISFIED,5.0154,145884.0,49463.0
SAL-Ei-LM,bom_tubes_p50_ao15_am18_1_m25_ao15_am20_2,15,10,SATISFIED,5.0167,145606.0,43362.0
SAL-Ei-LM,bom_tubes_p50_ao15_am18_2,15,1,SATISFIED,5.0164,41540.0,57929.0
SAL-Ei-LM,bom_tubes_p50_ao15_am18_2,15,2,SATISFIED,5.0151,42052.0,65975.0
SAL-Ei-LM,bom_tubes_p50_ao15_am18_2,15,3,SATISFIED,5.0156,40360.0,66034.0
SAL-Ei-LM,bom_tubes_p50_ao15_am18_2,15,4,SATISFIED,5.0187,42248.0,52427.0
SAL-Ei-LM,bom_tubes_p50_ao15_am18_2,15,5,SATISFIED,5.0173,41468.0,45386.0
SAL-Ei-LM,bom_tubes_p50_ao15_am18_2,15,6,SATISFIED,5.0175,41392.0,61955.0
SAL-Ei-LM,bom_tubes_p50_ao15_am18_2,15,7,SATISFIED,5.0162,42088.0,51501.0
SAL-Ei-LM,bom_tubes_p50_ao15_am18_2,15,8,SATISFIED,5.0185,42240.0,56460.0
SAL-Ei-LM,bom_tubes_p50_ao15_am18_2,15,9,SATISFIED,5.0191,41888.0,60834.0
SAL-Ei-LM,bom_tubes_p50_ao15_am18_2,15,10,SATISFIED,5.0163,42476.0,65107.0
SAL-Ei-LM,bom_tubes_p50_ao15_am18_2_m10_ao15_am9_1,15,1,SATISFIED,5.0142,56654.0,61752.0
SAL-Ei-LM,bom_tubes_p50_ao15_am18_2_m10_ao15_am9_1,15,2,SATISFIED,5.0153,56973.0,59529.0
SAL-Ei-LM,bom_tubes_p50_ao15_am18_2_m10_ao15_am9_1,15,3,SATISFIED,5.0157,57449.0,49987.0
SAL-Ei-LM,bom_tubes_p50_ao15_am18_2_m10_ao15_am9_1,15,4,SATISFIED,5.0174,57242.0,57105.0
SAL-Ei-LM,bom_tubes_p50_ao15_am18_2_m10_ao15_am9_1,15,5,SATISFIED,5.0146,57141.0,60043.0
SAL-Ei-LM,bom_tubes_p50_ao15_am18_2_m10_ao15_am9_1,15,6,SATISFIED,5.0147,57421.0,60099.0
SAL-Ei-LM,bom_tubes_p50_ao15_am18_2_m10_ao15_am9_1,15,7,SATISFIED,5.0157,57083.0,60112.0
SAL-Ei-LM,bom_tubes_p50_ao15_am18_2_m10_ao15_am9_1,15,8,SATISFIED,5.0139,57029.0,59690.0
SAL-Ei-LM,bom_tubes_p50_ao15_am18_2_m10_ao15_am9_1,15,9,SATISFIED,5.0139,57033.0,61052.0
SAL-Ei-LM,bom_tubes_p50_ao15_am18_2_m10_ao15_am9_1,15,10,SATISFIED,5.0147,57242.0,49023.0
SAL-Ei-LM,bom_tubes_p50_ao15_am18_2_m10_ao15_am9_3,15,1,SATISFIED,5.0166,23128.0,41356.0
SAL-Ei-LM,bom_tubes_p50_ao15_am18_2_m10_ao15_am9_3,15,2,SATISFIED,5.0183,24163.0,48269.0
SAL-Ei-LM,bom_tubes_p50_ao15_am18_2_m10_ao15_am9_3,15,3,SATISFIED,5.0147,25014.0,54031.0
SAL-Ei-LM,bom_tubes_p50_ao15_am18_2_m10_ao15_am9_3,15,4,SATISFIED,5.0137,23300.0,52938.0
SAL-Ei-LM,bom_tubes_p50_ao15_am18_2_m10_ao15_am9_3,15,5,SATISFIED,5.0154,24646.0,54870.0
SAL-Ei-LM,bom_tubes_p50_ao15_am18_2_m10_ao15_am9_3,15,6,SATISFIED,5.0153,23552.0,53996.0
SAL-Ei-LM,bom_tubes_p50_ao15_am18_2_m10_ao15_am9_3,15,7,SATISFIED,5.0172,23002.0,53844.0
SAL-Ei-LM,bom_tubes_p50_ao15_am18_2_m10_ao15_am9_3,15,8,SATISFIED,5.0171,24936.0,43600.0
SAL-Ei-LM,bom_tubes_p50_ao15_am18_2_m10_ao15_am9_3,15,9,SATISFIED,5.0167,23294.0,44319.0
SAL-Ei-LM,bom_tubes_p50_ao15_am18_2_m10_ao15_am9_3,15,10,SATISFIED,5.0159,24679.0,54303.0
SAL-Ei-LM,bom_tubes_p50_ao15_am18_2_m10_ao15_am9_4,15,1,SATISFIED,5.0151,20844.0,52521.0
SAL-Ei-LM,bom_tubes_p50_ao15_am18_2_m10_ao15_am9_4,15,2,SATISFIED,5.0164,20705.0,52438.0
SAL-Ei-LM,bom_tubes_p50_ao15_am18_2_m10_ao15_am9_4,15,3,SATISFIED,5.0178,20644.0,41563.0
SAL-Ei-LM,bom_tubes_p50_ao15_am18_2_m10_ao15_am9_4,15,4,SATISFIED,5.018,20899.0,41841.0
SAL-Ei-LM,bom_tubes_p50_ao15_am18_2_m10_ao15_am9_4,15,5,SATISFIED,5.0136,20314.0,51748.0
SAL-Ei-LM,bom_tubes_p50_ao15_am18_2_m10_ao15_am9_4,15,6,SATISFIED,5.0158,20819.0,52031.0
SAL-Ei-LM,bom_tubes_p50_ao15_am18_2_m10_ao15_am9_4,15,7,SATISFIED,5.0135,20761.0,52382.0
SAL-Ei-LM,bom_tubes_p50_ao15_am18_2_m10_ao15_am9_4,15,8,SATISFIED,5.0149,20717.0,42709.0
SAL-Ei-LM,bom_tubes_p50_ao15_am18_2_m10_ao15_am9_4,15,9,SATISFIED,5.0155,20324.0,42425.0
SAL-Ei-LM,bom_tubes_p50_ao15_am18_2_m10_ao15_am9_4,15,10,SATISFIED,5.0156,20474.0,53663.0
SAL-Ei-LM,bom_tubes_p50_ao15_am18_2_m10_ao15_am10_2,15,1,SATISFIED,5.0148,139357.0,65020.0
SAL-Ei-LM,bom_tubes_p50_ao15_am18_2_m10_ao15_am10_2,15,2,SATISFIED,5.017,139375.0,64712.0
SAL-Ei-LM,bom_tubes_p50_ao15_am18_2_m10_ao15_am10_2,15,3,SATISFIED,5.016,138544.0,62983.0
SAL-Ei-LM,bom_tubes_p50_ao15_am18_2_m10_ao15_am10_2,15,4,SATISFIED,5.0162,139279.0,51695.0
SAL-Ei-LM,bom_tubes_p50_ao15_am18_2_m10_ao15_am10_2,15,5,SATISFIED,5.0161,139190.0,63915.0
SAL-Ei-LM,bom_tubes_p50_ao15_am18_2_m10_ao15_am10_2,15,6,SATISFIED,5.0155,138793.0,63561.0
SAL-Ei-LM,bom_tubes_p50_ao15_am18_2_m10_ao15_am10_2,15,7,SATISFIED,5.0148,139207.0,63722.0
SAL-Ei-LM,bom_tubes_p50_ao15_am18_2_m10_ao15_am10_2,15,8,SATISFIED,5.0153,139207.0,51430.0
SAL-Ei-LM,bom_tubes_p50_ao15_am18_2_m10_ao15_am10_2,15,9,SATISFIED,5.0115,139175.0,62360.0
SAL-Ei-LM,bom_tubes_p50_ao15_am18_2_m10_ao15_am10_2,15,10,SATISFIED,5.0147,139163.0,46996.0
SAL-Ei-LM,bom_tubes_p50_ao15_am18_2_m10_ao15_am10_5,15,1,SATISFIED,5.0173,35182.0,42301.0
SAL-Ei-LM,bom_tubes_p50_ao15_am18_2_m10_ao15_am10_5,15,2,SATISFIED,5.0151,35258.0,45721.0
SAL-Ei-LM,bom_tubes_p50_ao15_am18_2_m10_ao15_am10_5,15,3,SATISFIED,5.015,35953.0,37317.0
SAL-Ei-LM,bom_tubes_p50_ao15_am18_2_m10_ao15_am10_5,15,4,SATISFIED,5.0153,35560.0,58071.0
SAL-Ei-LM,bom_tubes_p50_ao15_am18_2_m10_ao15_am10_5,15,5,SATISFIED,5.0162,35300.0,54309.0
SAL-Ei-LM,bom_tubes_p50_ao15_am18_2_m10_ao15_am10_5,15,6,SATISFIED,5.0157,35188.0,49672.0
SAL-Ei-LM,bom_tubes_p50_ao15_am18_2_m10_ao15_am10_5,15,7,SATISFIED,5.0167,35741.0,55586.0
SAL-Ei-LM,bom_tubes_p50_ao15_am18_2_m10_ao15_am10_5,15,8,SATISFIED,5.0165,35950.0,57257.0
SAL-Ei-LM,bom_tubes_p50_ao15_am18_2_m10_ao15_am10_5,15,9,SATISFIED,5.015,35398.0,56016.0
SAL-Ei-LM,bom_tubes_p50_ao15_am18_2_m10_ao15_am10_5,15,10,SATISFIED,5.0171,35519.0,58040.0
SAL-Ei-LM,bom_tubes_p50_ao15_am18_2_m25_ao15_am12_3,15,1,SATISFIED,5.0162,26336.0,62606.0
SAL-Ei-LM,bom_tubes_p50_ao15_am18_2_m25_ao15_am12_3,15,2,SATISFIED,5.0154,26336.0,61547.0
SAL-Ei-LM,bom_tubes_p50_ao15_am18_2_m25_ao15_am12_3,15,3,SATISFIED,5.0145,26336.0,61140.0
SAL-Ei-LM,bom_tubes_p50_ao15_am18_2_m25_ao15_am12_3,15,4,SATISFIED,5.013,26336.0,48627.0
SAL-Ei-LM,bom_tubes_p50_ao15_am18_2_m25_ao15_am12_3,15,5,SATISFIED,5.0192,26336.0,38596.0
SAL-Ei-LM,bom_tubes_p50_ao15_am18_2_m25_ao15_am12_3,15,6,SATISFIED,5.0168,26336.0,48737.0
SAL-Ei-LM,bom_tubes_p50_ao15_am18_2_m25_ao15_am12_3,15,7,SATISFIED,5.0146,26336.0,48890.0
SAL-Ei-LM,bom_tubes_p50_ao15_am18_2_m25_ao15_am12_3,15,8,SATISFIED,5.0178,26336.0,46567.0
SAL-Ei-LM,bom_tubes_p50_ao15_am18_2_m25_ao15_am12_3,15,9,SATISFIED,5.0164,26336.0,45235.0
SAL-Ei-LM,bom_tubes_p50_ao15_am18_2_m25_ao15_am12_3,15,10,SATISFIED,5.0151,26336.0,56007.0
SAL-Ei-LM,bom_tubes_p50_ao15_am18_2_m25_ao15_am16_5,15,1,SATISFIED,5.012,35306.0,50551.0
SAL-Ei-LM,bom_tubes_p50_ao15_am18_2_m25_ao15_am16_5,15,2,SATISFIED,5.0132,34786.0,50403.0
SAL-Ei-LM,bom_tubes_p50_ao15_am18_2_m25_ao15_am16_5,15,3,SATISFIED,5.0141,34586.0,49154.0
SAL-Ei-LM,bom_tubes_p50_ao15_am18_2_m25_ao15_am16_5,15,4,SATISFIED,5.0129,34786.0,49056.0
SAL-Ei-LM,bom_tubes_p50_ao15_am18_2_m25_ao15_am16_5,15,5,SATISFIED,5.014,35146.0,48629.0
SAL-Ei-LM,bom_tubes_p50_ao15_am18_2_m25_ao15_am16_5,15,6,SATISFIED,5.016,34506.0,49257.0
SAL-Ei-LM,bom_tubes_p50_ao15_am18_2_m25_ao15_am16_5,15,7,SATISFIED,5.0143,35306.0,48650.0
SAL-Ei-LM,bom_tubes_p50_ao15_am18_2_m25_ao15_am16_5,15,8,SATISFIED,5.0159,34866.0,48949.0
SAL-Ei-LM,bom_tubes_p50_ao15_am18_2_m25_ao15_am16_5,15,9,SATISFIED,5.0162,35306.0,49250.0
SAL-Ei-LM,bom_tubes_p50_ao15_am18_2_m25_ao15_am16_5,15,10,SATISFIED,5.0163,34826.0,41148.0
SAL-Ei-LM,bom_tubes_p50_ao15_am18_2_m25_ao15_am17_1,15,1,SATISFIED,5.0148,31750.0,40479.0
SAL-Ei-LM,bom_tubes_p50_ao15_am18_2_m25_ao15_am17_1,15,2,SATISFIED,5.0162,31555.0,50758.0
SAL-Ei-LM,bom_tubes_p50_ao15_am18_2_m25_ao15_am17_1,15,3,SATISFIED,5.0176,31627.0,36173.0
SAL-Ei-LM,bom_tubes_p50_ao15_am18_2_m25_ao15_am17_1,15,4,SATISFIED,5.0171,31655.0,47550.0
SAL-Ei-LM,bom_tubes_p50_ao15_am18_2_m25_ao15_am17_1,15,5,SATISFIED,5.0132,31463.0,50319.0
SAL-Ei-LM,bom_tubes_p50_ao15_am18_2_m25_ao15_am17_1,15,6,SATISFIED,5.0135,31551.0,39477.0
SAL-Ei-LM,bom_tubes_p50_ao15_am18_2_m25_ao15_am17_1,15,7,SATISFIED,5.0114,31555.0,53387.0
SAL-Ei-LM,bom_tubes_p50_ao15_am18_2_m25_ao15_am17_1,15,8,SATISFIED,5.0119,31755.0,53839.0
SAL-Ei-LM,bom_tubes_p50_ao15_am18_2_m25_ao15_am17_1,15,9,SATISFIED,5.0114,31795.0,53754.0
SAL-Ei-LM,bom_tubes_p50_ao15_am18_2_m25_ao15_am17_1,15,10,SATISFIED,5.0114,31790.0,53752.0
SAL-Ei-LM,bom_tubes_p50_ao15_am18_2_m25_ao15_am17_2,15,1,SATISFIED,5.0131,25266.0,54513.0
SAL-Ei-LM,bom_tubes_p50_ao15_am18_2_m25_ao15_am17_2,15,2,SATISFIED,5.0129,25544.0,44747.0
SAL-Ei-LM,bom_tubes_p50_ao15_am18_2_m25_ao15_am17_2,15,3,SATISFIED,5.016,25470.0,44209.0
SAL-Ei-LM,bom_tubes_p50_ao15_am18_2_m25_ao15_am17_2,15,4,SATISFIED,5.0131,25344.0,43753.0
SAL-Ei-LM,bom_tubes_p50_ao15_am18_2_m25_ao15_am17_2,15,5,SATISFIED,5.0148,25014.0,36953.0
SAL-Ei-LM,bom_tubes_p50_ao15_am18_2_m25_ao15_am17_2,15,6,SATISFIED,5.0167,25453.0,44751.0
SAL-Ei-LM,bom_tubes_p50_ao15_am18_2_m25_ao15_am17_2,15,7,SATISFIED,5.016,25270.0,43461.0
SAL-Ei-LM,bom_tubes_p50_ao15_am18_2_m25_ao15_am17_2,15,8,SATISFIED,5.0158,25500.0,54594.0
SAL-Ei-LM,bom_tubes_p50_ao15_am18_2_m25_ao15_am17_2,15,9,SATISFIED,5.0158,25544.0,52882.0
SAL-Ei-LM,bom_tubes_p50_ao15_am18_2_m25_ao15_am17_2,15,10,SATISFIED,5.0171,24947.0,53693.0
SAL-Ei-LM,bom_tubes_p50_ao15_am18_2_m25_ao15_am18_4,15,1,SATISFIED,5.0146,47098.0,50996.0
SAL-Ei-LM,bom_tubes_p50_ao15_am18_2_m25_ao15_am18_4,15,2,SATISFIED,5.0158,46974.0,42596.0
SAL-Ei-LM,bom_tubes_p50_ao15_am18_2_m25_ao15_am18_4,15,3,SATISFIED,5.0134,46988.0,52282.0
SAL-Ei-LM,bom_tubes_p50_ao15_am18_2_m25_ao15_am18_4,15,4,SATISFIED,5.0164,47098.0,50456.0
SAL-Ei-LM,bom_tubes_p50_ao15_am18_2_m25_ao15_am18_4,15,5,SATISFIED,5.016,47098.0,50817.0
SAL-Ei-LM,bom_tubes_p50_ao15_am18_2_m25_ao15_am18_4,15,6,SATISFIED,5.0176,47098.0,51332.0
SAL-Ei-LM,bom_tubes_p50_ao15_am18_2_m25_ao15_am18_4,15,7,SATISFIED,5.0143,46889.0,50252.0
SAL-Ei-LM,bom_tubes_p50_ao15_am18_2_m25_ao15_am18_4,15,8,SATISFIED,5.0136,47098.0,51525.0
SAL-Ei-LM,bom_tubes_p50_ao15_am18_2_m25_ao15_am18_4,15,9,SATISFIED,5.0128,46988.0,52027.0
SAL-Ei-LM,bom_tubes_p50_ao15_am18_2_m25_ao15_am18_4,15,10,SATISFIED,5.017,46974.0,52177.0
SAL-Ei-LM,bom_tubes_p50_ao15_am18_3,15,1,SATISFIED,5.0163,346080.0,58585.0
SAL-Ei-LM,bom_tubes_p50_ao15_am18_3,15,2,SATISFIED,5.0212,345272.0,34005.0
SAL-Ei-LM,bom_tubes_p50_ao15_am18_3,15,3,SATISFIED,5.0182,345624.0,47155.0
SAL-Ei-LM,bom_tubes_p50_ao15_am18_3,15,4,SATISFIED,5.0135,346140.0,59991.0
SAL-Ei-LM,bom_tubes_p50_ao15_am18_3,15,5,SATISFIED,5.0136,346212.0,47199.0
SAL-Ei-LM,bom_tubes_p50_ao15_am18_3,15,6,SATISFIED,5.015,346228.0,47528.0
SAL-Ei-LM,bom_tubes_p50_ao15_am18_3,15,7,SATISFIED,5.0148,345520.0,46103.0
SAL-Ei-LM,bom_tubes_p50_ao15_am18_3,15,8,SATISFIED,5.0133,345460.0,45863.0
SAL-Ei-LM,bom_tubes_p50_ao15_am18_3,15,9,SATISFIED,5.0148,345848.0,47240.0
SAL-Ei-LM,bom_tubes_p50_ao15_am18_3,15,10,SATISFIED,5.0169,344900.0,41589.0
SAL-Ei-LM,bom_tubes_p50_ao15_am18_3_m10_ao15_am8_1,15,1,SATISFIED,5.0195,101117.0,55932.0
SAL-Ei-LM,bom_tubes_p50_ao15_am18_3_m10_ao15_am8_1,15,2,SATISFIED,5.0161,98196.0,55456.0
SAL-Ei-LM,bom_tubes_p50_ao15_am18_3_m10_ao15_am8_1,15,3,SATISFIED,5.0158,103143.0,55889.0
SAL-Ei-LM,bom_tubes_p50_ao15_am18_3_m10_ao15_am8_1,15,4,SATISFIED,5.0159,108645.0,55407.0
SAL-Ei-LM,bom_tubes_p50_ao15_am18_3_m10_ao15_am8_1,15,5,SATISFIED,5.017,100962.0,45196.0
SAL-Ei-LM,bom_tubes_p50_ao15_am18_3_m10_ao15_am8_1,15,6,SATISFIED,5.0162,105471.0,45525.0
SAL-Ei-LM,bom_tubes_p50_ao15_am18_3_m10_ao15_am8_1,15,7,SATISFIED,5.0156,98729.0,44441.0
SAL-Ei-LM,bom_tubes_p50_ao15_am18_3_m10_ao15_am8_1,15,8,SATISFIED,5.0159,100769.0,44433.0
SAL-Ei-LM,bom_tubes_p50_ao15_am18_3_m10_ao15_am8_1,15,9,SATISFIED,5.012,98764.0,55452.0
SAL-Ei-LM,bom_tubes_p50_ao15_am18_3_m10_ao15_am8_1,15,10,SATISFIED,5.0146,107965.0,55086.0
SAL-Ei-LM,bom_tubes_p50_ao15_am18_3_m10_ao15_am9_2,15,1,SATISFIED,5.0146,180720.0,45709.0
SAL-Ei-LM,bom_tubes_p50_ao15_am18_3_m10_ao15_am9_2,15,2,SATISFIED,5.0149,177825.0,54260.0
SAL-Ei-LM,bom_tubes_p50_ao15_am18_3_m10_ao15_am9_2,15,3,SATISFIED,5.0173,178148.0,55935.0
SAL-Ei-LM,bom_tubes_p50_ao15_am18_3_m10_ao15_am9_2,15,4,SATISFIED,5.0157,179327.0,45663.0
SAL-Ei-LM,bom_tubes_p50_ao15_am18_3_m10_ao15_am9_2,15,5,SATISFIED,5.0144,180415.0,55347.0
SAL-Ei-LM,bom_tubes_p50_ao15_am18_3_m10_ao15_am9_2,15,6,SATISFIED,5.015,180481.0,55200.0
SAL-Ei-LM,bom_tubes_p50_ao15_am18_3_m10_ao15_am9_2,15,7,SATISFIED,5.016,179393.0,56690.0
SAL-Ei-LM,bom_tubes_p50_ao15_am18_3_m10_ao15_am9_2,15,8,SATISFIED,5.0147,177772.0,45314.0
SAL-Ei-LM,bom_tubes_p50_ao15_am18_3_m10_ao15_am9_2,15,9,SATISFIED,5.0153,180811.0,55726.0
SAL-Ei-LM,bom_tubes_p50_ao15_am18_3_m10_ao15_am9_2,15,10,SATISFIED,5.0151,179015.0,55244.0
SAL-Ei-LM,bom_tubes_p50_ao15_am18_3_m10_ao15_am10_3,15,1,SATISFIED,5.0144,181965.0,49172.0
SAL-Ei-LM,bom_tubes_p50_ao15_am18_3_m10_ao15_am10_3,15,2,SATISFIED,5.0172,182122.0,40280.0
SAL-Ei-LM,bom_tubes_p50_ao15_am18_3_m10_ao15_am10_3,15,3,SATISFIED,5.0169,182028.0,40356.0
SAL-Ei-LM,bom_tubes_p50_ao15_am18_3_m10_ao15_am10_3,15,4,SATISFIED,5.0157,182038.0,50333.0
SAL-Ei-LM,bom_tubes_p50_ao15_am18_3_m10_ao15_am10_3,15,5,SATISFIED,5.0153,181934.0,51379.0
SAL-Ei-LM,bom_tubes_p50_ao15_am18_3_m10_ao15_am10_3,15,6,SATISFIED,5.0168,182213.0,49338.0
SAL-Ei-LM,bom_tubes_p50_ao15_am18_3_m10_ao15_am10_3,15,7,SATISFIED,5.0154,182038.0,48464.0
SAL-Ei-LM,bom_tubes_p50_ao15_am18_3_m10_ao15_am10_3,15,8,SATISFIED,5.0168,182107.0,49111.0
SAL-Ei-LM,bom_tubes_p50_ao15_am18_3_m10_ao15_am10_3,15,9,SATISFIED,5.0177,182173.0,48657.0
SAL-Ei-LM,bom_tubes_p50_ao15_am18_3_m10_ao15_am10_3,15,10,SATISFIED,5.0176,182214.0,50100.0
SAL-Ei-LM,bom_tubes_p50_ao15_am18_3_m10_ao15_am10_4,15,1,SATISFIED,5.0152,169116.0,50749.0
SAL-Ei-LM,bom_tubes_p50_ao15_am18_3_m10_ao15_am10_4,15,2,SATISFIED,5.0159,174849.0,40527.0
SAL-Ei-LM,bom_tubes_p50_ao15_am18_3_m10_ao15_am10_4,15,3,SATISFIED,5.0174,164614.0,41553.0
SAL-Ei-LM,bom_tubes_p50_ao15_am18_3_m10_ao15_am10_4,15,4,SATISFIED,5.0174,179536.0,40611.0
SAL-Ei-LM,bom_tubes_p50_ao15_am18_3_m10_ao15_am10_4,15,5,SATISFIED,5.0156,172222.0,43827.0
SAL-Ei-LM,bom_tubes_p50_ao15_am18_3_m10_ao15_am10_4,15,6,SATISFIED,5.0146,158754.0,49089.0
SAL-Ei-LM,bom_tubes_p50_ao15_am18_3_m10_ao15_am10_4,15,7,SATISFIED,5.0131,160928.0,49396.0
SAL-Ei-LM,bom_tubes_p50_ao15_am18_3_m10_ao15_am10_4,15,8,SATISFIED,5.0154,162816.0,32142.0
SAL-Ei-LM,bom_tubes_p50_ao15_am18_3_m10_ao15_am10_4,15,9,SATISFIED,5.0142,174572.0,29423.0
SAL-Ei-LM,bom_tubes_p50_ao15_am18_3_m10_ao15_am10_4,15,10,SATISFIED,5.0157,165086.0,41159.0
SAL-Ei-LM,bom_tubes_p50_ao15_am18_3_m10_ao15_am10_5,15,1,SATISFIED,5.0153,153861.0,50739.0
SAL-Ei-LM,bom_tubes_p50_ao15_am18_3_m10_ao15_am10_5,15,2,SATISFIED,5.0161,159841.0,64897.0
SAL-Ei-LM,bom_tubes_p50_ao15_am18_3_m10_ao15_am10_5,15,3,SATISFIED,5.0122,142161.0,69824.0
SAL-Ei-LM,bom_tubes_p50_ao15_am18_3_m10_ao15_am10_5,15,4,SATISFIED,5.0126,148228.0,67376.0
SAL-Ei-LM,bom_tubes_p50_ao15_am18_3_m10_ao15_am10_5,15,5,SATISFIED,5.0144,148096.0,67910.0
SAL-Ei-LM,bom_tubes_p50_ao15_am18_3_m10_ao15_am10_5,15,6,SATISFIED,5.0141,149552.0,54782.0
SAL-Ei-LM,bom_tubes_p50_ao15_am18_3_m10_ao15_am10_5,15,7,SATISFIED,5.0159,148208.0,49409.0
SAL-Ei-LM,bom_tubes_p50_ao15_am18_3_m10_ao15_am10_5,15,8,SATISFIED,5.0157,155710.0,58555.0
SAL-Ei-LM,bom_tubes_p50_ao15_am18_3_m10_ao15_am10_5,15,9,SATISFIED,5.0114,152877.0,65886.0
SAL-Ei-LM,bom_tubes_p50_ao15_am18_3_m10_ao15_am10_5,15,10,SATISFIED,5.0112,148388.0,56101.0
SAL-Ei-LM,bom_tubes_p50_ao15_am18_3_m25_ao15_am15_5,15,1,SATISFIED,5.0153,192064.0,50749.0
SAL-Ei-LM,bom_tubes_p50_ao15_am18_3_m25_ao15_am15_5,15,2,SATISFIED,5.0155,198532.0,40654.0
SAL-Ei-LM,bom_tubes_p50_ao15_am18_3_m25_ao15_am15_5,15,3,SATISFIED,5.015,185481.0,49838.0
SAL-Ei-LM,bom_tubes_p50_ao15_am18_3_m25_ao15_am15_5,15,4,SATISFIED,5.0144,184369.0,52513.0
SAL-Ei-LM,bom_tubes_p50_ao15_am18_3_m25_ao15_am15_5,15,5,SATISFIED,5.0147,199219.0,39830.0
SAL-Ei-LM,bom_tubes_p50_ao15_am18_3_m25_ao15_am15_5,15,6,SATISFIED,5.0117,191964.0,40687.0
SAL-Ei-LM,bom_tubes_p50_ao15_am18_3_m25_ao15_am15_5,15,7,SATISFIED,5.0147,187134.0,52464.0
SAL-Ei-LM,bom_tubes_p50_ao15_am18_3_m25_ao15_am15_5,15,8,SATISFIED,5.0159,185045.0,51380.0
SAL-Ei-LM,bom_tubes_p50_ao15_am18_3_m25_ao15_am15_5,15,9,SATISFIED,5.0155,180618.0,50227.0
SAL-Ei-LM,bom_tubes_p50_ao15_am18_3_m25_ao15_am15_5,15,10,SATISFIED,5.015,186547.0,50154.0
SAL-Ei-LM,bom_tubes_p50_ao15_am18_3_m25_ao15_am17_1,15,1,SATISFIED,5.016,289528.0,50101.0
SAL-Ei-LM,bom_tubes_p50_ao15_am18_3_m25_ao15_am17_1,15,2,SATISFIED,5.0147,290456.0,49729.0
SAL-Ei-LM,bom_tubes_p50_ao15_am18_3_m25_ao15_am17_1,15,3,SATISFIED,5.0172,289956.0,50830.0
SAL-Ei-LM,bom_tubes_p50_ao15_am18_3_m25_ao15_am17_1,15,4,SATISFIED,5.0148,289548.0,49899.0
SAL-Ei-LM,bom_tubes_p50_ao15_am18_3_m25_ao15_am17_1,15,5,SATISFIED,5.0134,289496.0,49942.0
SAL-Ei-LM,bom_tubes_p50_ao15_am18_3_m25_ao15_am17_1,15,6,SATISFIED,5.0143,289330.0,50527.0
SAL-Ei-LM,bom_tubes_p50_ao15_am18_3_m25_ao15_am17_1,15,7,SATISFIED,5.0148,288888.0,49462.0
SAL-Ei-LM,bom_tubes_p50_ao15_am18_3_m25_ao15_am17_1,15,8,SATISFIED,5.0177,289404.0,49660.0
SAL-Ei-LM,bom_tubes_p50_ao15_am18_3_m25_ao15_am17_1,15,9,SATISFIED,5.0213,289096.0,41902.0
SAL-Ei-LM,bom_tubes_p50_ao15_am18_3_m25_ao15_am17_1,15,10,SATISFIED,5.0182,289528.0,50456.0
SAL-Ei-LM,bom_tubes_p50_ao15_am18_3_m25_ao15_am17_2,15,1,SATISFIED,5.0161,44880.0,40496.0
SAL-Ei-LM,bom_tubes_p50_ao15_am18_3_m25_ao15_am17_2,15,2,SATISFIED,5.0204,43525.0,44954.0
SAL-Ei-LM,bom_tubes_p50_ao15_am18_3_m25_ao15_am17_2,15,3,SATISFIED,5.019,44155.0,50150.0
SAL-Ei-LM,bom_tubes_p50_ao15_am18_3_m25_ao15_am17_2,15,4,SATISFIED,5.0201,41233.0,50294.0
SAL-Ei-LM,bom_tubes_p50_ao15_am18_3_m25_ao15_am17_2,15,5,SATISFIED,5.0186,42649.0,49996.0
SAL-Ei-LM,bom_tubes_p50_ao15_am18_3_m25_ao15_am17_2,15,6,SATISFIED,5.0181,42885.0,47742.0
SAL-Ei-LM,bom_tubes_p50_ao15_am18_3_m25_ao15_am17_2,15,7,SATISFIED,5.0253,42467.0,29210.0
SAL-Ei-LM,bom_tubes_p50_ao15_am18_3_m25_ao15_am17_2,15,8,SATISFIED,5.0241,42837.0,40362.0
SAL-Ei-LM,bom_tubes_p50_ao15_am18_3_m25_ao15_am17_2,15,9,SATISFIED,5.0205,44255.0,49303.0
SAL-Ei-LM,bom_tubes_p50_ao15_am18_3_m25_ao15_am17_2,15,10,SATISFIED,5.0224,42319.0,48982.0
SAL-Ei-LM,bom_tubes_p50_ao15_am18_3_m25_ao15_am17_3,15,1,SATISFIED,5.0194,103146.0,51739.0
SAL-Ei-LM,bom_tubes_p50_ao15_am18_3_m25_ao15_am17_3,15,2,SATISFIED,5.0221,103086.0,45958.0
SAL-Ei-LM,bom_tubes_p50_ao15_am18_3_m25_ao15_am17_3,15,3,SATISFIED,5.0228,103289.0,54994.0
SAL-Ei-LM,bom_tubes_p50_ao15_am18_3_m25_ao15_am17_3,15,4,SATISFIED,5.0186,102950.0,59116.0
SAL-Ei-LM,bom_tubes_p50_ao15_am18_3_m25_ao15_am17_3,15,5,SATISFIED,5.0195,103270.0,58642.0
SAL-Ei-LM,bom_tubes_p50_ao15_am18_3_m25_ao15_am17_3,15,6,SATISFIED,5.0207,103032.0,58873.0
SAL-Ei-LM,bom_tubes_p50_ao15_am18_3_m25_ao15_am17_3,15,7,SATISFIED,5.0196,103006.0,56979.0
SAL-Ei-LM,bom_tubes_p50_ao15_am18_3_m25_ao15_am17_3,15,8,SATISFIED,5.0181,102950.0,58972.0
SAL-Ei-LM,bom_tubes_p50_ao15_am18_3_m25_ao15_am17_3,15,9,SATISFIED,5.018,102990.0,58835.0
SAL-Ei-LM,bom_tubes_p50_ao15_am18_3_m25_ao15_am17_3,15,10,SATISFIED,5.0194,102972.0,59292.0
SAL-Ei-LM,bom_tubes_p50_ao15_am18_3_m25_ao15_am17_4,15,1,SATISFIED,5.0187,230187.0,56772.0
SAL-Ei-LM,bom_tubes_p50_ao15_am18_3_m25_ao15_am17_4,15,2,SATISFIED,5.0209,244261.0,58764.0
SAL-Ei-LM,bom_tubes_p50_ao15_am18_3_m25_ao15_am17_4,15,3,SATISFIED,5.0179,251598.0,59044.0
SAL-Ei-LM,bom_tubes_p50_ao15_am18_3_m25_ao15_am17_4,15,4,SATISFIED,5.0214,243515.0,58807.0
SAL-Ei-LM,bom_tubes_p50_ao15_am18_3_m25_ao15_am17_4,15,5,SATISFIED,5.0215,232932.0,52393.0
SAL-Ei-LM,bom_tubes_p50_ao15_am18_3_m25_ao15_am17_4,15,6,SATISFIED,5.0175,252396.0,48389.0
SAL-Ei-LM,bom_tubes_p50_ao15_am18_3_m25_ao15_am17_4,15,7,SATISFIED,5.0192,244901.0,57295.0
SAL-Ei-LM,bom_tubes_p50_ao15_am18_3_m25_ao15_am17_4,15,8,SATISFIED,5.0229,263248.0,42938.0
SAL-Ei-LM,bom_tubes_p50_ao15_am18_3_m25_ao15_am17_4,15,9,SATISFIED,5.0171,240016.0,45954.0
SAL-Ei-LM,bom_tubes_p50_ao15_am18_3_m25_ao15_am17_4,15,10,SATISFIED,5.022,258445.0,49607.0
SAL-Ei-LM,bom_tubes_p50_ao15_am18_4,15,1,SATISFIED,5.0174,61080.0,41375.0
SAL-Ei-LM,bom_tubes_p50_ao15_am18_4,15,2,SATISFIED,5.0201,65195.0,58249.0
SAL-Ei-LM,bom_tubes_p50_ao15_am18_4,15,3,SATISFIED,5.0194,61873.0,57702.0
SAL-Ei-LM,bom_tubes_p50_ao15_am18_4,15,4,SATISFIED,5.0213,67642.0,55539.0
SAL-Ei-LM,bom_tubes_p50_ao15_am18_4,15,5,SATISFIED,5.0198,61632.0,54430.0
SAL-Ei-LM,bom_tubes_p50_ao15_am18_4,15,6,SATISFIED,5.0181,60878.0,53364.0
SAL-Ei-LM,bom_tubes_p50_ao15_am18_4,15,7,SATISFIED,5.0177,67378.0,56111.0
SAL-Ei-LM,bom_tubes_p50_ao15_am18_4,15,8,SATISFIED,5.0174,68449.0,43956.0
SAL-Ei-LM,bom_tubes_p50_ao15_am18_4,15,9,SATISFIED,5.0193,66205.0,46075.0
SAL-Ei-LM,bom_tubes_p50_ao15_am18_4,15,10,SATISFIED,5.0186,66507.0,55171.0
SAL-Ei-LM,bom_tubes_p50_ao15_am18_4_m10_ao15_am8_1,15,1,SATISFIED,5.0209,68419.0,38464.0
SAL-Ei-LM,bom_tubes_p50_ao15_am18_4_m10_ao15_am8_1,15,2,SATISFIED,5.0212,73103.0,41904.0
SAL-Ei-LM,bom_tubes_p50_ao15_am18_4_m10_ao15_am8_1,15,3,SATISFIED,5.0204,82987.0,52298.0
SAL-Ei-LM,bom_tubes_p50_ao15_am18_4_m10_ao15_am8_1,15,4,SATISFIED,5.0196,73433.0,44024.0
SAL-Ei-LM,bom_tubes_p50_ao15_am18_4_m10_ao15_am8_1,15,5,SATISFIED,5.017,78358.0,52568.0
SAL-Ei-LM,bom_tubes_p50_ao15_am18_4_m10_ao15_am8_1,15,6,SATISFIED,5.0199,68143.0,52507.0
SAL-Ei-LM,bom_tubes_p50_ao15_am18_4_m10_ao15_am8_1,15,7,SATISFIED,5.0198,73282.0,53683.0
SAL-Ei-LM,bom_tubes_p50_ao15_am18_4_m10_ao15_am8_1,15,8,SATISFIED,5.0178,85557.0,54121.0
SAL-Ei-LM,bom_tubes_p50_ao15_am18_4_m10_ao15_am8_1,15,9,SATISFIED,5.0145,85488.0,54860.0
SAL-Ei-LM,bom_tubes_p50_ao15_am18_4_m10_ao15_am8_1,15,10,SATISFIED,5.0177,68478.0,48462.0
SAL-Ei-LM,bom_tubes_p50_ao15_am18_4_m10_ao15_am9_2,15,1,SATISFIED,5.0202,119500.0,54172.0
SAL-Ei-LM,bom_tubes_p50_ao15_am18_4_m10_ao15_am9_2,15,2,SATISFIED,5.0151,119500.0,60215.0
SAL-Ei-LM,bom_tubes_p50_ao15_am18_4_m10_ao15_am9_2,15,3,SATISFIED,5.0155,119500.0,58881.0
SAL-Ei-LM,bom_tubes_p50_ao15_am18_4_m10_ao15_am9_2,15,4,SATISFIED,5.0157,119500.0,41559.0
SAL-Ei-LM,bom_tubes_p50_ao15_am18_4_m10_ao15_am9_2,15,5,SATISFIED,5.0142,119500.0,59276.0
SAL-Ei-LM,bom_tubes_p50_ao15_am18_4_m10_ao15_am9_2,15,6,SATISFIED,5.0128,119500.0,59393.0
SAL-Ei-LM,bom_tubes_p50_ao15_am18_4_m10_ao15_am9_2,15,7,SATISFIED,5.0145,119500.0,60167.0
SAL-Ei-LM,bom_tubes_p50_ao15_am18_4_m10_ao15_am9_2,15,8,SATISFIED,5.0167,119500.0,50625.0
SAL-Ei-LM,bom_tubes_p50_ao15_am18_4_m10_ao15_am9_2,15,9,SATISFIED,5.0166,119500.0,47248.0
SAL-Ei-LM,bom_tubes_p50_ao15_am18_4_m10_ao15_am9_2,15,10,SATISFIED,5.0165,119500.0,47740.0
SAL-Ei-LM,bom_tubes_p50_ao15_am18_4_m10_ao15_am9_5,15,1,SATISFIED,5.0163,102493.0,42507.0
SAL-Ei-LM,bom_tubes_p50_ao15_am18_4_m10_ao15_am9_5,15,2,SATISFIED,5.0153,102493.0,53406.0
SAL-Ei-LM,bom_tubes_p50_ao15_am18_4_m10_ao15_am9_5,15,3,SATISFIED,5.0177,102493.0,43386.0
SAL-Ei-LM,bom_tubes_p50_ao15_am18_4_m10_ao15_am9_5,15,4,SATISFIED,5.0136,102493.0,53763.0
SAL-Ei-LM,bom_tubes_p50_ao15_am18_4_m10_ao15_am9_5,15,5,SATISFIED,5.0139,102493.0,53891.0
SAL-Ei-LM,bom_tubes_p50_ao15_am18_4_m10_ao15_am9_5,15,6,SATISFIED,5.0158,102493.0,53830.0
SAL-Ei-LM,bom_tubes_p50_ao15_am18_4_m10_ao15_am9_5,15,7,SATISFIED,5.0142,102493.0,53568.0
SAL-Ei-LM,bom_tubes_p50_ao15_am18_4_m10_ao15_am9_5,15,8,SATISFIED,5.0149,102493.0,54562.0
SAL-Ei-LM,bom_tubes_p50_ao15_am18_4_m10_ao15_am9_5,15,9,SATISFIED,5.0126,102493.0,54462.0
SAL-Ei-LM,bom_tubes_p50_ao15_am18_4_m10_ao15_am9_5,15,10,SATISFIED,5.0168,102493.0,54072.0
SAL-Ei-LM,bom_tubes_p50_ao15_am18_4_m10_ao15_am10_3,15,1,SATISFIED,5.016,60118.0,50462.0
SAL-Ei-LM,bom_tubes_p50_ao15_am18_4_m10_ao15_am10_3,15,2,SATISFIED,5.017,60198.0,50426.0
SAL-Ei-LM,bom_tubes_p50_ao15_am18_4_m10_ao15_am10_3,15,3,SATISFIED,5.0175,60118.0,50365.0
SAL-Ei-LM,bom_tubes_p50_ao15_am18_4_m10_ao15_am10_3,15,4,SATISFIED,5.0168,60438.0,35861.0
SAL-Ei-LM,bom_tubes_p50_ao15_am18_4_m10_ao15_am10_3,15,5,SATISFIED,5.0184,60118.0,50200.0
SAL-Ei-LM,bom_tubes_p50_ao15_am18_4_m10_ao15_am10_3,15,6,SATISFIED,5.0205,60158.0,50401.0
SAL-Ei-LM,bom_tubes_p50_ao15_am18_4_m10_ao15_am10_3,15,7,SATISFIED,5.0194,60118.0,50488.0
SAL-Ei-LM,bom_tubes_p50_ao15_am18_4_m10_ao15_am10_3,15,8,SATISFIED,5.0186,60038.0,50178.0
SAL-Ei-LM,bom_tubes_p50_ao15_am18_4_m10_ao15_am10_3,15,9,SATISFIED,5.018,60238.0,51098.0
SAL-Ei-LM,bom_tubes_p50_ao15_am18_4_m10_ao15_am10_3,15,10,SATISFIED,5.0219,60118.0,39192.0
SAL-Ei-LM,bom_tubes_p50_ao15_am18_4_m10_ao15_am10_4,15,1,SATISFIED,5.0203,129558.0,36750.0
SAL-Ei-LM,bom_tubes_p50_ao15_am18_4_m10_ao15_am10_4,15,2,SATISFIED,5.0206,128478.0,39971.0
SAL-Ei-LM,bom_tubes_p50_ao15_am18_4_m10_ao15_am10_4,15,3,SATISFIED,5.0206,128738.0,32046.0
SAL-Ei-LM,bom_tubes_p50_ao15_am18_4_m10_ao15_am10_4,15,4,SATISFIED,5.0211,129648.0,36900.0
SAL-Ei-LM,bom_tubes_p50_ao15_am18_4_m10_ao15_am10_4,15,5,SATISFIED,5.0192,128098.0,37744.0
SAL-Ei-LM,bom_tubes_p50_ao15_am18_4_m10_ao15_am10_4,15,6,SATISFIED,5.022,129668.0,38637.0
SAL-Ei-LM,bom_tubes_p50_ao15_am18_4_m10_ao15_am10_4,15,7,SATISFIED,5.0228,130090.0,41106.0
SAL-Ei-LM,bom_tubes_p50_ao15_am18_4_m10_ao15_am10_4,15,8,SATISFIED,5.0231,128638.0,40055.0
SAL-Ei-LM,bom_tubes_p50_ao15_am18_4_m10_ao15_am10_4,15,9,SATISFIED,5.0232,129488.0,40341.0
SAL-Ei-LM,bom_tubes_p50_ao15_am18_4_m10_ao15_am10_4,15,10,SATISFIED,5.02,129900.0,50799.0
SAL-Ei-LM,bom_tubes_p50_ao15_am18_4_m25_ao15_am14_4,15,1,SATISFIED,5.0171,50562.0,50022.0
SAL-Ei-LM,bom_tubes_p50_ao15_am18_4_m25_ao15_am14_4,15,2,SATISFIED,5.0215,55445.0,59048.0
SAL-Ei-LM,bom_tubes_p50_ao15_am18_4_m25_ao15_am14_4,15,3,SATISFIED,5.0243,55086.0,35173.0
SAL-Ei-LM,bom_tubes_p50_ao15_am18_4_m25_ao15_am14_4,15,4,SATISFIED,5.0215,54836.0,45381.0
SAL-Ei-LM,bom_tubes_p50_ao15_am18_4_m25_ao15_am14_4,15,5,SATISFIED,5.0186,52945.0,48584.0
SAL-Ei-LM,bom_tubes_p50_ao15_am18_4_m25_ao15_am14_4,15,6,SATISFIED,5.018,55252.0,57619.0
SAL-Ei-LM,bom_tubes_p50_ao15_am18_4_m25_ao15_am14_4,15,7,SATISFIED,5.0183,53550.0,57368.0
SAL-Ei-LM,bom_tubes_p50_ao15_am18_4_m25_ao15_am14_4,15,8,SATISFIED,5.0199,51262.0,56934.0
SAL-Ei-LM,bom_tubes_p50_ao15_am18_4_m25_ao15_am14_4,15,9,SATISFIED,5.0211,52135.0,59238.0
SAL-Ei-LM,bom_tubes_p50_ao15_am18_4_m25_ao15_am14_4,15,10,SATISFIED,5.0258,55632.0,53185.0
SAL-Ei-LM,bom_tubes_p50_ao15_am18_4_m25_ao15_am15_3,15,1,SATISFIED,5.0208,142621.0,49855.0
SAL-Ei-LM,bom_tubes_p50_ao15_am18_4_m25_ao15_am15_3,15,2,SATISFIED,5.0219,142621.0,51223.0
SAL-Ei-LM,bom_tubes_p50_ao15_am18_4_m25_ao15_am15_3,15,3,SATISFIED,5.0213,142621.0,61578.0
SAL-Ei-LM,bom_tubes_p50_ao15_am18_4_m25_ao15_am15_3,15,4,SATISFIED,5.0241,142621.0,49662.0
SAL-Ei-LM,bom_tubes_p50_ao15_am18_4_m25_ao15_am15_3,15,5,SATISFIED,5.0226,142621.0,50228.0
SAL-Ei-LM,bom_tubes_p50_ao15_am18_4_m25_ao15_am15_3,15,6,SATISFIED,5.0286,142621.0,62441.0
SAL-Ei-LM,bom_tubes_p50_ao15_am18_4_m25_ao15_am15_3,15,7,SATISFIED,5.0364,142621.0,49485.0
SAL-Ei-LM,bom_tubes_p50_ao15_am18_4_m25_ao15_am15_3,15,8,SATISFIED,5.0349,142621.0,50971.0
SAL-Ei-LM,bom_tubes_p50_ao15_am18_4_m25_ao15_am15_3,15,9,SATISFIED,5.0234,142621.0,53154.0
SAL-Ei-LM,bom_tubes_p50_ao15_am18_4_m25_ao15_am15_3,15,10,SATISFIED,5.0224,142621.0,42482.0
SAL-Ei-LM,bom_tubes_p50_ao15_am18_4_m25_ao15_am15_5,15,1,SATISFIED,5.0179,83308.0,45937.0
SAL-Ei-LM,bom_tubes_p50_ao15_am18_4_m25_ao15_am15_5,15,2,SATISFIED,5.0151,83188.0,54064.0
SAL-Ei-LM,bom_tubes_p50_ao15_am18_4_m25_ao15_am15_5,15,3,SATISFIED,5.0142,86118.0,52423.0
SAL-Ei-LM,bom_tubes_p50_ao15_am18_4_m25_ao15_am15_5,15,4,SATISFIED,5.0146,83148.0,52407.0
SAL-Ei-LM,bom_tubes_p50_ao15_am18_4_m25_ao15_am15_5,15,5,SATISFIED,5.0137,85973.0,52321.0
SAL-Ei-LM,bom_tubes_p50_ao15_am18_4_m25_ao15_am15_5,15,6,SATISFIED,5.0152,84685.0,51449.0
SAL-Ei-LM,bom_tubes_p50_ao15_am18_4_m25_ao15_am15_5,15,7,SATISFIED,5.0134,85393.0,52278.0
SAL-Ei-LM,bom_tubes_p50_ao15_am18_4_m25_ao15_am15_5,15,8,SATISFIED,5.0163,83248.0,42146.0
SAL-Ei-LM,bom_tubes_p50_ao15_am18_4_m25_ao15_am15_5,15,9,SATISFIED,5.0139,85955.0,48098.0
SAL-Ei-LM,bom_tubes_p50_ao15_am18_4_m25_ao15_am15_5,15,10,SATISFIED,5.0154,85666.0,43312.0
SAL-Ei-LM,bom_tubes_p50_ao15_am18_4_m25_ao15_am16_2,15,1,SATISFIED,5.0134,34204.0,50926.0
SAL-Ei-LM,bom_tubes_p50_ao15_am18_4_m25_ao15_am16_2,15,2,SATISFIED,5.0209,34204.0,49773.0
SAL-Ei-LM,bom_tubes_p50_ao15_am18_4_m25_ao15_am16_2,15,3,SATISFIED,5.0156,34204.0,31935.0
SAL-Ei-LM,bom_tubes_p50_ao15_am18_4_m25_ao15_am16_2,15,4,SATISFIED,5.0137,34204.0,50401.0
SAL-Ei-LM,bom_tubes_p50_ao15_am18_4_m25_ao15_am16_2,15,5,SATISFIED,5.0147,34204.0,31514.0
SAL-Ei-LM,bom_tubes_p50_ao15_am18_4_m25_ao15_am16_2,15,6,SATISFIED,5.0169,34204.0,31044.0
SAL-Ei-LM,bom_tubes_p50_ao15_am18_4_m25_ao15_am16_2,15,7,SATISFIED,5.0144,34204.0,44988.0
SAL-Ei-LM,bom_tubes_p50_ao15_am18_4_m25_ao15_am16_2,15,8,SATISFIED,5.0143,34204.0,40768.0
SAL-Ei-LM,bom_tubes_p50_ao15_am18_4_m25_ao15_am16_2,15,9,SATISFIED,5.0149,34204.0,45946.0
SAL-Ei-LM,bom_tubes_p50_ao15_am18_4_m25_ao15_am16_2,15,10,SATISFIED,5.0149,34204.0,49903.0
SAL-Ei-LM,bom_tubes_p50_ao15_am18_4_m25_ao15_am17_1,15,1,SATISFIED,5.0161,101408.0,50156.0
SAL-Ei-LM,bom_tubes_p50_ao15_am18_4_m25_ao15_am17_1,15,2,SATISFIED,5.016,101796.0,50618.0
SAL-Ei-LM,bom_tubes_p50_ao15_am18_4_m25_ao15_am17_1,15,3,SATISFIED,5.0139,101488.0,50848.0
SAL-Ei-LM,bom_tubes_p50_ao15_am18_4_m25_ao15_am17_1,15,4,SATISFIED,5.0159,100920.0,52548.0
SAL-Ei-LM,bom_tubes_p50_ao15_am18_4_m25_ao15_am17_1,15,5,SATISFIED,5.0157,100660.0,50917.0
SAL-Ei-LM,bom_tubes_p50_ao15_am18_4_m25_ao15_am17_1,15,6,SATISFIED,5.0131,101710.0,51525.0
SAL-Ei-LM,bom_tubes_p50_ao15_am18_4_m25_ao15_am17_1,15,7,SATISFIED,5.0179,101930.0,35949.0
SAL-Ei-LM,bom_tubes_p50_ao15_am18_4_m25_ao15_am17_1,15,8,SATISFIED,5.0174,100758.0,32694.0
SAL-Ei-LM,bom_tubes_p50_ao15_am18_4_m25_ao15_am17_1,15,9,SATISFIED,5.0175,101931.0,52662.0
SAL-Ei-LM,bom_tubes_p50_ao15_am18_4_m25_ao15_am17_1,15,10,SATISFIED,5.015,101357.0,52607.0
SAL-Ei-LM,bom_tubes_p50_ao15_am18_5,15,1,SATISFIED,5.0155,161207.0,58874.0
SAL-Ei-LM,bom_tubes_p50_ao15_am18_5,15,2,SATISFIED,5.0167,161175.0,59031.0
SAL-Ei-LM,bom_tubes_p50_ao15_am18_5,15,3,SATISFIED,5.0136,161883.0,56977.0
SAL-Ei-LM,bom_tubes_p50_ao15_am18_5,15,4,SATISFIED,5.0129,161395.0,58907.0
SAL-Ei-LM,bom_tubes_p50_ao15_am18_5,15,5,SATISFIED,5.0139,160987.0,59289.0
SAL-Ei-LM,bom_tubes_p50_ao15_am18_5,15,6,SATISFIED,5.013,160827.0,58128.0
SAL-Ei-LM,bom_tubes_p50_ao15_am18_5,15,7,SATISFIED,5.0143,161391.0,58997.0
SAL-Ei-LM,bom_tubes_p50_ao15_am18_5,15,8,SATISFIED,5.0156,161899.0,36393.0
SAL-Ei-LM,bom_tubes_p50_ao15_am18_5,15,9,SATISFIED,5.0177,161463.0,55166.0
SAL-Ei-LM,bom_tubes_p50_ao15_am18_5,15,10,SATISFIED,5.0153,161175.0,57044.0
SAL-Ei-LM,bom_tubes_p50_ao15_am18_5_m10_ao15_am9_1,15,1,SATISFIED,5.0126,419417.0,56716.0
SAL-Ei-LM,bom_tubes_p50_ao15_am18_5_m10_ao15_am9_1,15,2,SATISFIED,5.0114,419499.0,56791.0
SAL-Ei-LM,bom_tubes_p50_ao15_am18_5_m10_ao15_am9_1,15,3,SATISFIED,5.0113,390500.0,48277.0
SAL-Ei-LM,bom_tubes_p50_ao15_am18_5_m10_ao15_am9_1,15,4,SATISFIED,5.0128,405550.0,61564.0
SAL-Ei-LM,bom_tubes_p50_ao15_am18_5_m10_ao15_am9_1,15,5,SATISFIED,5.0153,424583.0,61818.0
SAL-Ei-LM,bom_tubes_p50_ao15_am18_5_m10_ao15_am9_1,15,6,SATISFIED,5.0146,437579.0,39196.0
SAL-Ei-LM,bom_tubes_p50_ao15_am18_5_m10_ao15_am9_1,15,7,SATISFIED,5.0185,408746.0,47510.0
SAL-Ei-LM,bom_tubes_p50_ao15_am18_5_m10_ao15_am9_1,15,8,SATISFIED,5.015,409012.0,36101.0
SAL-Ei-LM,bom_tubes_p50_ao15_am18_5_m10_ao15_am9_1,15,9,SATISFIED,5.0152,439934.0,51910.0
SAL-Ei-LM,bom_tubes_p50_ao15_am18_5_m10_ao15_am9_1,15,10,SATISFIED,5.0109,386260.0,63123.0
SAL-Ei-LM,bom_tubes_p50_ao15_am18_5_m10_ao15_am10_2,15,1,SATISFIED,5.0115,179790.0,48132.0
SAL-Ei-LM,bom_tubes_p50_ao15_am18_5_m10_ao15_am10_2,15,2,SATISFIED,5.0177,175064.0,46654.0
SAL-Ei-LM,bom_tubes_p50_ao15_am18_5_m10_ao15_am10_2,15,3,SATISFIED,5.0156,162416.0,58749.0
SAL-Ei-LM,bom_tubes_p50_ao15_am18_5_m10_ao15_am10_2,15,4,SATISFIED,5.0163,162212.0,48453.0
SAL-Ei-LM,bom_tubes_p50_ao15_am18_5_m10_ao15_am10_2,15,5,SATISFIED,5.0121,162620.0,52591.0
SAL-Ei-LM,bom_tubes_p50_ao15_am18_5_m10_ao15_am10_2,15,6,SATISFIED,5.0207,162292.0,31220.0
SAL-Ei-LM,bom_tubes_p50_ao15_am18_5_m10_ao15_am10_2,15,7,SATISFIED,5.0184,192724.0,61021.0
SAL-Ei-LM,bom_tubes_p50_ao15_am18_5_m10_ao15_am10_2,15,8,SATISFIED,5.0141,162412.0,60488.0
SAL-Ei-LM,bom_tubes_p50_ao15_am18_5_m10_ao15_am10_2,15,9,SATISFIED,5.016,171909.0,60307.0
SAL-Ei-LM,bom_tubes_p50_ao15_am18_5_m10_ao15_am10_2,15,10,SATISFIED,5.0142,162540.0,60325.0
SAL-Ei-LM,bom_tubes_p50_ao15_am18_5_m10_ao15_am10_3,15,1,SATISFIED,5.0174,62139.0,39847.0
SAL-Ei-LM,bom_tubes_p50_ao15_am18_5_m10_ao15_am10_3,15,2,SATISFIED,5.015,63975.0,39677.0
SAL-Ei-LM,bom_tubes_p50_ao15_am18_5_m10_ao15_am10_3,15,3,SATISFIED,5.0161,61283.0,39117.0
SAL-Ei-LM,bom_tubes_p50_ao15_am18_5_m10_ao15_am10_3,15,4,SATISFIED,5.0132,61283.0,55605.0
SAL-Ei-LM,bom_tubes_p50_ao15_am18_5_m10_ao15_am10_3,15,5,SATISFIED,5.0154,63189.0,56941.0
SAL-Ei-LM,bom_tubes_p50_ao15_am18_5_m10_ao15_am10_3,15,6,SATISFIED,5.0142,61283.0,53626.0
SAL-Ei-LM,bom_tubes_p50_ao15_am18_5_m10_ao15_am10_3,15,7,SATISFIED,5.0143,61283.0,56748.0
SAL-Ei-LM,bom_tubes_p50_ao15_am18_5_m10_ao15_am10_3,15,8,SATISFIED,5.0147,61283.0,54006.0
SAL-Ei-LM,bom_tubes_p50_ao15_am18_5_m10_ao15_am10_3,15,9,SATISFIED,5.0148,61283.0,54807.0
SAL-Ei-LM,bom_tubes_p50_ao15_am18_5_m10_ao15_am10_3,15,10,SATISFIED,5.0147,61283.0,53372.0
SAL-Ei-LM,bom_tubes_p50_ao15_am18_5_m10_ao15_am10_4,15,1,SATISFIED,5.0146,85618.0,54062.0
SAL-Ei-LM,bom_tubes_p50_ao15_am18_5_m10_ao15_am10_4,15,2,SATISFIED,5.0164,85606.0,43225.0
SAL-Ei-LM,bom_tubes_p50_ao15_am18_5_m10_ao15_am10_4,15,3,SATISFIED,5.0176,85446.0,46267.0
SAL-Ei-LM,bom_tubes_p50_ao15_am18_5_m10_ao15_am10_4,15,4,SATISFIED,5.0149,85370.0,54210.0
SAL-Ei-LM,bom_tubes_p50_ao15_am18_5_m10_ao15_am10_4,15,5,SATISFIED,5.0141,85478.0,47840.0
SAL-Ei-LM,bom_tubes_p50_ao15_am18_5_m10_ao15_am10_4,15,6,SATISFIED,5.0138,85382.0,46356.0
SAL-Ei-LM,bom_tubes_p50_ao15_am18_5_m10_ao15_am10_4,15,7,SATISFIED,5.0138,85290.0,57547.0
SAL-Ei-LM,bom_tubes_p50_ao15_am18_5_m10_ao15_am10_4,15,8,SATISFIED,5.0163,85506.0,53059.0
SAL-Ei-LM,bom_tubes_p50_ao15_am18_5_m10_ao15_am10_4,15,9,SATISFIED,5.0155,85458.0,38618.0
SAL-Ei-LM,bom_tubes_p50_ao15_am18_5_m10_ao15_am10_4,15,10,SATISFIED,5.019,85506.0,49782.0
SAL-Ei-LM,bom_tubes_p50_ao15_am18_5_m10_ao15_am10_5,15,1,SATISFIED,5.0148,592865.0,52851.0
SAL-Ei-LM,bom_tubes_p50_ao15_am18_5_m10_ao15_am10_5,15,2,SATISFIED,5.0145,592778.0,59302.0
SAL-Ei-LM,bom_tubes_p50_ao15_am18_5_m10_ao15_am10_5,15,3,SATISFIED,5.0143,593113.0,47396.0
SAL-Ei-LM,bom_tubes_p50_ao15_am18_5_m10_ao15_am10_5,15,4,SATISFIED,5.0183,593164.0,46261.0
SAL-Ei-LM,bom_tubes_p50_ao15_am18_5_m10_ao15_am10_5,15,5,SATISFIED,5.0158,592763.0,45938.0
SAL-Ei-LM,bom_tubes_p50_ao15_am18_5_m10_ao15_am10_5,15,6,SATISFIED,5.0148,592956.0,45948.0
SAL-Ei-LM,bom_tubes_p50_ao15_am18_5_m10_ao15_am10_5,15,7,SATISFIED,5.0156,593200.0,47371.0
SAL-Ei-LM,bom_tubes_p50_ao15_am18_5_m10_ao15_am10_5,15,8,SATISFIED,5.0161,593208.0,43349.0
SAL-Ei-LM,bom_tubes_p50_ao15_am18_5_m10_ao15_am10_5,15,9,SATISFIED,5.011,593038.0,56530.0
SAL-Ei-LM,bom_tubes_p50_ao15_am18_5_m10_ao15_am10_5,15,10,SATISFIED,5.0097,593025.0,56591.0
SAL-Ei-LM,bom_tubes_p50_ao15_am18_5_m25_ao15_am16_1,15,1,SATISFIED,5.0103,427435.0,54398.0
SAL-Ei-LM,bom_tubes_p50_ao15_am18_5_m25_ao15_am16_1,15,2,SATISFIED,5.0106,391315.0,51531.0
SAL-Ei-LM,bom_tubes_p50_ao15_am18_5_m25_ao15_am16_1,15,3,SATISFIED,5.0097,417940.0,54734.0
SAL-Ei-LM,bom_tubes_p50_ao15_am18_5_m25_ao15_am16_1,15,4,SATISFIED,5.0106,432483.0,54589.0
SAL-Ei-LM,bom_tubes_p50_ao15_am18_5_m25_ao15_am16_1,15,5,SATISFIED,5.011,436290.0,52051.0
SAL-Ei-LM,bom_tubes_p50_ao15_am18_5_m25_ao15_am16_1,15,6,SATISFIED,5.0112,436325.0,51939.0
SAL-Ei-LM,bom_tubes_p50_ao15_am18_5_m25_ao15_am16_1,15,7,SATISFIED,5.0121,391315.0,50798.0
SAL-Ei-LM,bom_tubes_p50_ao15_am18_5_m25_ao15_am16_1,15,8,SATISFIED,5.011,434630.0,36753.0
SAL-Ei-LM,bom_tubes_p50_ao15_am18_5_m25_ao15_am16_1,15,9,SATISFIED,5.0146,400975.0,51569.0
SAL-Ei-LM,bom_tubes_p50_ao15_am18_5_m25_ao15_am16_1,15,10,SATISFIED,5.0167,434310.0,33070.0
SAL-Ei-LM,bom_tubes_p50_ao15_am18_5_m25_ao15_am16_3,15,1,SATISFIED,5.0139,38773.0,46727.0
SAL-Ei-LM,bom_tubes_p50_ao15_am18_5_m25_ao15_am16_3,15,2,SATISFIED,5.0155,38773.0,57041.0
SAL-Ei-LM,bom_tubes_p50_ao15_am18_5_m25_ao15_am16_3,15,3,SATISFIED,5.015,38899.0,57269.0
SAL-Ei-LM,bom_tubes_p50_ao15_am18_5_m25_ao15_am16_3,15,4,SATISFIED,5.0157,38820.0,47083.0
SAL-Ei-LM,bom_tubes_p50_ao15_am18_5_m25_ao15_am16_3,15,5,SATISFIED,5.0143,39028.0,56580.0
SAL-Ei-LM,bom_tubes_p50_ao15_am18_5_m25_ao15_am16_3,15,6,SATISFIED,5.0149,38680.0,47480.0
SAL-Ei-LM,bom_tubes_p50_ao15_am18_5_m25_ao15_am16_3,15,7,SATISFIED,5.0148,38556.0,46149.0
SAL-Ei-LM,bom_tubes_p50_ao15_am18_5_m25_ao15_am16_3,15,8,SATISFIED,5.0163,38729.0,56592.0
SAL-Ei-LM,bom_tubes_p50_ao15_am18_5_m25_ao15_am16_3,15,9,SATISFIED,5.0128,38876.0,57264.0
SAL-Ei-LM,bom_tubes_p50_ao15_am18_5_m25_ao15_am16_3,15,10,SATISFIED,5.0127,38893.0,47648.0
SAL-Ei-LM,bom_tubes_p50_ao15_am18_5_m25_ao15_am17_2,15,1,SATISFIED,5.0128,20829.0,52253.0
SAL-Ei-LM,bom_tubes_p50_ao15_am18_5_m25_ao15_am17_2,15,2,SATISFIED,5.0159,20921.0,50875.0
SAL-Ei-LM,bom_tubes_p50_ao15_am18_5_m25_ao15_am17_2,15,3,SATISFIED,5.014,20981.0,49806.0
SAL-Ei-LM,bom_tubes_p50_ao15_am18_5_m25_ao15_am17_2,15,4,SATISFIED,5.0146,21051.0,42028.0
SAL-Ei-LM,bom_tubes_p50_ao15_am18_5_m25_ao15_am17_2,15,5,SATISFIED,5.0145,21042.0,42131.0
SAL-Ei-LM,bom_tubes_p50_ao15_am18_5_m25_ao15_am17_2,15,6,SATISFIED,5.0156,21121.0,51784.0
SAL-Ei-LM,bom_tubes_p50_ao15_am18_5_m25_ao15_am17_2,15,7,SATISFIED,5.0149,20961.0,47075.0
SAL-Ei-LM,bom_tubes_p50_ao15_am18_5_m25_ao15_am17_2,15,8,SATISFIED,5.0182,21141.0,44020.0
SAL-Ei-LM,bom_tubes_p50_ao15_am18_5_m25_ao15_am17_2,15,9,SATISFIED,5.0168,21107.0,41943.0
SAL-Ei-LM,bom_tubes_p50_ao15_am18_5_m25_ao15_am17_2,15,10,SATISFIED,5.0177,20959.0,43920.0
SAL-Ei-LM,bom_tubes_p50_ao15_am18_5_m25_ao15_am17_4,15,1,SATISFIED,5.0182,157808.0,36012.0
SAL-Ei-LM,bom_tubes_p50_ao15_am18_5_m25_ao15_am17_4,15,2,SATISFIED,5.0224,163987.0,40435.0
SAL-Ei-LM,bom_tubes_p50_ao15_am18_5_m25_ao15_am17_4,15,3,SATISFIED,5.0197,146343.0,48814.0
SAL-Ei-LM,bom_tubes_p50_ao15_am18_5_m25_ao15_am17_4,15,4,SATISFIED,5.0187,161981.0,55761.0
SAL-Ei-LM,bom_tubes_p50_ao15_am18_5_m25_ao15_am17_4,15,5,SATISFIED,5.0156,139942.0,55927.0
SAL-Ei-LM,bom_tubes_p50_ao15_am18_5_m25_ao15_am17_4,15,6,SATISFIED,5.0136,137031.0,56061.0
SAL-Ei-LM,bom_tubes_p50_ao15_am18_5_m25_ao15_am17_4,15,7,SATISFIED,5.0142,142326.0,55887.0
SAL-Ei-LM,bom_tubes_p50_ao15_am18_5_m25_ao15_am17_4,15,8,SATISFIED,5.016,164265.0,55001.0
SAL-Ei-LM,bom_tubes_p50_ao15_am18_5_m25_ao15_am17_4,15,9,SATISFIED,5.0155,143079.0,55731.0
SAL-Ei-LM,bom_tubes_p50_ao15_am18_5_m25_ao15_am17_4,15,10,SATISFIED,5.028,161432.0,31222.0
SAL-Ei-LM,bom_tubes_p50_ao15_am18_5_m25_ao15_am19_5,15,1,SATISFIED,5.0201,40464.0,37996.0
SAL-Ei-LM,bom_tubes_p50_ao15_am18_5_m25_ao15_am19_5,15,2,SATISFIED,5.0175,41087.0,49497.0
SAL-Ei-LM,bom_tubes_p50_ao15_am18_5_m25_ao15_am19_5,15,3,SATISFIED,5.0178,41516.0,49159.0
SAL-Ei-LM,bom_tubes_p50_ao15_am18_5_m25_ao15_am19_5,15,4,SATISFIED,5.0168,40419.0,49990.0
SAL-Ei-LM,bom_tubes_p50_ao15_am18_5_m25_ao15_am19_5,15,5,SATISFIED,5.0161,41649.0,48639.0
SAL-Ei-LM,bom_tubes_p50_ao15_am18_5_m25_ao15_am19_5,15,6,SATISFIED,5.015,40682.0,39244.0
SAL-Ei-LM,bom_tubes_p50_ao15_am18_5_m25_ao15_am19_5,15,7,SATISFIED,5.0139,40485.0,46473.0
SAL-Ei-LM,bom_tubes_p50_ao15_am18_5_m25_ao15_am19_5,15,8,SATISFIED,5.0167,40622.0,36971.0
SAL-Ei-LM,bom_tubes_p50_ao15_am18_5_m25_ao15_am19_5,15,9,SATISFIED,5.0156,41286.0,40187.0
SAL-Ei-LM,bom_tubes_p50_ao15_am18_5_m25_ao15_am19_5,15,10,SATISFIED,5.0159,40378.0,47408.0
