{
  "runs": [
    {
      "agent": {
        "rew_mean": 0.0,
        "rew_std": 0.0,
        "rew_best": 0.0,
        "rew_best_count": 50,
        "rew_worst": 0.0,
        "tardiness_mean": 0.0,
        "tardiness_std": 0.0,
        "tardiness_max_mean": 0.0,
        "makespan_tests": [
          38211,
          13564,
          8094,
          14821,
          26842,
          7107,
          7940,
          8192,
          9387,
          6903,
          41577,
          6902,
          8255,
          6471,
          34636,
          8065,
          15436,
          8299,
          33992,
          7497,
          32897,
          14222,
          8407,
          8528,
          7763,
          28625,
          7885,
          41784,
          13580,
          8228,
          7800,
          8399,
          8307,
          8487,
          7994,
          6966,
          7482,
          7407,
          21355,
          21187,
          36231,
          8991,
          6830,
          9301,
          7275,
          9271,
          8246,
          21020,
          13485,
          7363
        ],
        "makespan_mean": 14350.14,
        "rew_worst_quantile_border": 0.0,
        "rew_cvar": 0.0,
        "rew_perc_good_solutions": 1.0,
        "num_tests": 50,
        "running_time": [
          1.6334991455078125,
          0.18772315979003906,
          0.04591798782348633,
          0.16564130783081055,
          1.4825360774993896,
          0.01866912841796875,
          0.045041799545288086,
          0.0532679557800293,
          0.10683488845825195,
          0.03864789009094238,
          3.6109371185302734,
          0.016809940338134766,
          0.02163100242614746,
          0.01465916633605957,
          3.580934762954712,
          0.1517467498779297,
          0.21517539024353027,
          0.09273910522460938,
          4.138365983963013,
          0.08160686492919922,
          2.046215057373047,
          0.07204985618591309,
          0.16476869583129883,
          0.16350889205932617,
          0.14134502410888672,
          1.659968614578247,
          0.09552001953125,
          3.300661087036133,
          0.16304898262023926,
          0.09147214889526367,
          0.08503508567810059,
          0.10013484954833984,
          0.15483808517456055,
          0.1721200942993164,
          0.14493608474731445,
          0.01394200325012207,
          0.021291732788085938,
          0.01670694351196289,
          1.4886541366577148,
          1.3513779640197754,
          0.5033071041107178,
          0.05483388900756836,
          0.04447317123413086,
          0.10319805145263672,
          0.03893613815307617,
          0.1731128692626953,
          0.01803874969482422,
          0.8064448833465576,
          0.06189322471618652,
          0.04985404014587402
        ]
      },
      "test-data-file-names": [
        "300_4_4_860",
        "100_4_6_225",
        "50_4_6_61",
        "100_4_4_216",
        "200_6_4_575",
        "50_2_6_21",
        "50_4_4_51",
        "50_4_8_72",
        "50_6_8_112",
        "50_4_2_42",
        "300_6_6_907",
        "50_2_4_11",
        "50_2_8_32",
        "50_2_2_1",
        "250_8_2_764",
        "50_8_4_131",
        "100_4_8_240",
        "50_6_4_91",
        "250_8_6_782",
        "50_6_2_82",
        "250_6_2_721",
        "100_2_6_187",
        "50_8_6_142",
        "50_8_6_141",
        "50_8_2_122",
        "200_6_8_595",
        "50_6_6_103",
        "300_6_4_897",
        "100_4_2_203",
        "50_6_4_92",
        "50_6_2_81",
        "50_6_6_102",
        "50_8_4_132",
        "50_8_8_154",
        "50_8_2_123",
        "50_2_2_2",
        "50_2_8_31",
        "50_2_4_12",
        "150_8_6_466",
        "150_8_2_444",
        "300_2_2_806",
        "50_4_8_71",
        "50_4_4_52",
        "50_6_8_111",
        "50_4_2_41",
        "50_8_8_153",
        "50_2_6_22",
        "150_6_4_416",
        "100_2_4_173",
        "50_4_6_62"
      ]
    },
    {
      "agent": {
        "rew_mean": 0.0,
        "rew_std": 0.0,
        "rew_best": 0.0,
        "rew_best_count": 50,
        "rew_worst": 0.0,
        "tardiness_mean": 0.0,
        "tardiness_std": 0.0,
        "tardiness_max_mean": 0.0,
        "makespan_tests": [
          34850,
          11387,
          6823,
          13036,
          23567,
          5954,
          6815,
          6901,
          7290,
          6276,
          36254,
          5902,
          6792,
          5867,
          30440,
          6920,
          12875,
          7037,
          29490,
          6901,
          28950,
          12357,
          7108,
          6467,
          6630,
          24813,
          6398,
          36163,
          11922,
          6880,
          6979,
          6946,
          6916,
          7331,
          7233,
          6464,
          6036,
          6456,
          18166,
          19085,
          34320,
          6943,
          6397,
          7223,
          6642,
          7539,
          6571,
          18179,
          12204,
          6351
        ],
        "makespan_mean": 12460.92,
        "rew_worst_quantile_border": 0.0,
        "rew_cvar": 0.0,
        "rew_perc_good_solutions": 1.0,
        "num_tests": 50,
        "running_time": [
          1.9442837238311768,
          0.23743295669555664,
          0.06023406982421875,
          0.21297788619995117,
          1.7832579612731934,
          0.020768165588378906,
          0.0546870231628418,
          0.06385111808776855,
          0.12457108497619629,
          0.048195838928222656,
          4.151579856872559,
          0.019733667373657227,
          0.024255990982055664,
          0.01746988296508789,
          4.324804067611694,
          0.1773381233215332,
          0.24404191970825195,
          0.1069040298461914,
          5.070115804672241,
          0.09543991088867188,
          2.459245204925537,
          0.08180594444274902,
          0.1909332275390625,
          0.18944883346557617,
          0.16508793830871582,
          1.9144370555877686,
          0.11283588409423828,
          3.848522901535034,
          0.1874837875366211,
          0.10502004623413086,
          0.09477019309997559,
          0.11470389366149902,
          0.18483805656433105,
          0.2028510570526123,
          0.16544270515441895,
          0.016532182693481445,
          0.022990942001342773,
          0.01887202262878418,
          1.6880662441253662,
          1.532226800918579,
          0.6327948570251465,
          0.06420207023620605,
          0.05571627616882324,
          0.1271350383758545,
          0.0495600700378418,
          0.21744513511657715,
          0.021052122116088867,
          0.9767508506774902,
          0.07555890083312988,
          0.05811309814453125
        ]
      },