{
  "agent": {
    "rew_mean": 0.0,
    "rew_std": 0.0,
    "rew_best": 0.0,
    "rew_best_count": 50,
    "rew_worst": 0.0,
    "tardiness_mean": 0.0,
    "tardiness_std": 0.0,
    "tardiness_max_mean": 0.0,
    "makespan_tests": [
      41957,
      14619,
      8463,
      16089,
      29591,
      7493,
      8133,
      8907,
      9212,
      7381,
      46367,
      7168,
      7611,
      6821,
      38589,
      8626,
      15533,
      8507,
      37857,
      8093,
      37450,
      14448,
      9030,
      8451,
      8284,
      31121,
      8298,
      46171,
      14461,
      8457,
      8247,
      8588,
      8408,
      8812,
      8797,
      6740,
      7835,
      7090,
      23567,
      23819,
      38306,
      8755,
      7655,
      9287,
      7849,
      9411,
      7525,
      23019,
      13935,
      7970
    ],
    "makespan_mean": 15376.06,
    "rew_worst_quantile_border": 0.0,
    "rew_cvar": 0.0,
    "rew_perc_good_solutions": 1.0,
    "num_tests": 50,
    "running_time": [
      5.673027753829956,
      0.6314880847930908,
      0.15555095672607422,
      0.6025738716125488,
      5.476226806640625,
      0.05414915084838867,
      0.15987300872802734,
      0.16566205024719238,
      0.34424686431884766,
      0.14815473556518555,
      11.99735689163208,
      0.048731088638305664,
      0.05511593818664551,
      0.047280073165893555,
      13.722157955169678,
      0.5506739616394043,
      0.6324982643127441,
      0.31924986839294434,
      14.287837743759155,
      0.3116769790649414,
      8.218446731567383,
      0.20157480239868164,
      0.6395258903503418,
      0.5702710151672363,
      0.5467238426208496,
      5.394827604293823,
      0.32101893424987793,
      11.952406883239746,
      0.6210601329803467,
      0.3155698776245117,
      0.31600403785705566,
      0.3224067687988281,
      0.5521202087402344,
      0.5765879154205322,
      0.5434167385101318,
      0.04792928695678711,
      0.0525968074798584,
      0.04963994026184082,
      5.113039970397949,
      4.899882078170776,
      1.678868055343628,
      0.15892314910888672,
      0.15169000625610352,
      0.33334779739379883,
      0.14862394332885742,
      0.5750157833099365,
      0.05187201499938965,
      2.9748029708862305,
      0.18923711776733398,
      0.15428781509399414
    ]
  },
  "test-data-file-names": [
    "300_4_4_860",
    "100_4_6_225",
    "50_4_6_61",
    "100_4_4_216",
    "200_6_4_575",
    "50_2_6_21",
    "50_4_4_51",
    "50_4_8_72",
    "50_6_8_112",
    "50_4_2_42",
    "300_6_6_907",
    "50_2_4_11",
    "50_2_8_32",
    "50_2_2_1",
    "250_8_2_764",
    "50_8_4_131",
    "100_4_8_240",
    "50_6_4_91",
    "250_8_6_782",
    "50_6_2_82",
    "250_6_2_721",
    "100_2_6_187",
    "50_8_6_142",
    "50_8_6_141",
    "50_8_2_122",
    "200_6_8_595",
    "50_6_6_103",
    "300_6_4_897",
    "100_4_2_203",
    "50_6_4_92",
    "50_6_2_81",
    "50_6_6_102",
    "50_8_4_132",
    "50_8_8_154",
    "50_8_2_123",
    "50_2_2_2",
    "50_2_8_31",
    "50_2_4_12",
    "150_8_6_466",
    "150_8_2_444",
    "300_2_2_806",
    "50_4_8_71",
    "50_4_4_52",
    "50_6_8_111",
    "50_4_2_41",
    "50_8_8_153",
    "50_2_6_22",
    "150_6_4_416",
    "100_2_4_173",
    "50_4_6_62"
  ]
}