{
  "runs": [
    {
      "agent": {
        "rew_mean": 0.0,
        "rew_std": 0.0,
        "rew_best": 0.0,
        "rew_best_count": 50,
        "rew_worst": 0.0,
        "tardiness_mean": 0.0,
        "tardiness_std": 0.0,
        "tardiness_max_mean": 0.0,
        "makespan_tests": [
          32848,
          10999,
          6314,
          12278,
          22358,
          5865,
          6239,
          6372,
          6612,
          5894,
          34008,
          5796,
          6591,
          5727,
          28209,
          6322,
          12096,
          6426,
          27631,
          6220,
          27649,
          11985,
          6468,
          6187,
          6312,
          23085,
          6054,
          33909,
          11387,
          6316,
          6351,
          6366,
          6384,
          6548,
          6592,
          6094,
          5936,
          6201,
          16926,
          17566,
          33366,
          6435,
          5936,
          6812,
          6161,
          6867,
          6257,
          17066,
          11682,
          5990
        ],
        "makespan_mean": 11713.86,
        "rew_worst_quantile_border": 0.0,
        "rew_cvar": 0.0,
        "rew_perc_good_solutions": 1.0,
        "num_tests": 50,
        "running_time": [
          1.9254860877990723,
          0.22306489944458008,
          0.056292057037353516,
          0.23679780960083008,
          1.7972385883331299,
          0.020228147506713867,
          0.05505013465881348,
          0.0657200813293457,
          0.12317490577697754,
          0.04991912841796875,
          4.350402116775513,
          0.018290042877197266,
          0.021647214889526367,
          0.016703128814697266,
          4.537520170211792,
          0.1881542205810547,
          0.2395310401916504,
          0.10988783836364746,
          4.919618129730225,
          0.10275626182556152,
          2.6095528602600098,
          0.07813000679016113,
          0.24913382530212402,
          0.19976210594177246,
          0.17916393280029297,
          1.9103639125823975,
          0.11416411399841309,
          3.937195062637329,
          0.19983696937561035,
          0.1104741096496582,
          0.10260891914367676,
          0.1148078441619873,
          0.19155383110046387,
          0.20650911331176758,
          0.17691612243652344,
          0.016451120376586914,
          0.02166008949279785,
          0.018406152725219727,
          1.7536182403564453,
          1.614461898803711,
          0.5804078578948975,
          0.06014609336853027,
          0.05330467224121094,
          0.12123608589172363,
          0.049714088439941406,
          0.20302939414978027,
          0.019747018814086914,
          1.2014689445495605,
          0.07167792320251465,
          0.05748414993286133
        ]
      },
      "test-data-file-names": [
        "300_4_4_860",
        "100_4_6_225",
        "50_4_6_61",
        "100_4_4_216",
        "200_6_4_575",
        "50_2_6_21",
        "50_4_4_51",
        "50_4_8_72",
        "50_6_8_112",
        "50_4_2_42",
        "300_6_6_907",
        "50_2_4_11",
        "50_2_8_32",
        "50_2_2_1",
        "250_8_2_764",
        "50_8_4_131",
        "100_4_8_240",
        "50_6_4_91",
        "250_8_6_782",
        "50_6_2_82",
        "250_6_2_721",
        "100_2_6_187",
        "50_8_6_142",
        "50_8_6_141",
        "50_8_2_122",
        "200_6_8_595",
        "50_6_6_103",
        "300_6_4_897",
        "100_4_2_203",
        "50_6_4_92",
        "50_6_2_81",
        "50_6_6_102",
        "50_8_4_132",
        "50_8_8_154",
        "50_8_2_123",
        "50_2_2_2",
        "50_2_8_31",
        "50_2_4_12",
        "150_8_6_466",
        "150_8_2_444",
        "300_2_2_806",
        "50_4_8_71",
        "50_4_4_52",
        "50_6_8_111",
        "50_4_2_41",
        "50_8_8_153",
        "50_2_6_22",
        "150_6_4_416",
        "100_2_4_173",
        "50_4_6_62"
      ]
    },
    {
      "agent": {
        "rew_mean": 0.0,
        "rew_std": 0.0,
        "rew_best": 0.0,
        "rew_best_count": 50,
        "rew_worst": 0.0,
        "tardiness_mean": 0.0,
        "tardiness_std": 0.0,
        "tardiness_max_mean": 0.0,
        "makespan_tests": [
          32848,
          10999,
          6314,
          12278,
          22358,
          5865,
          6239,
          6372,
          6612,
          5894,
          34008,
          5796,
          6591,
          5727,
          28209,
          6322,
          12096,
          6426,
          27631,
          6220,
          27649,
          11985,
          6468,
          6187,
          6312,
          23085,
          6054,
          33909,
          11387,
          6316,
          6351,
          6366,
          6384,
          6548,
          6592,
          6094,
          5936,
          6201,
          16926,
          17566,
          33366,
          6435,
          5936,
          6812,
          6161,
          6867,
          6257,
          17066,
          11682,
          5990
        ],
        "makespan_mean": 11713.86,
        "rew_worst_quantile_border": 0.0,
        "rew_cvar": 0.0,
        "rew_perc_good_solutions": 1.0,
        "num_tests": 50,
        "running_time": [
          1.851909875869751,
          0.21553730964660645,
          0.054221153259277344,
          0.20277881622314453,
          1.6669948101043701,
          0.019243955612182617,
          0.051570892333984375,
          0.05804014205932617,
          0.11573934555053711,
          0.04766511917114258,
          3.9885900020599365,
          0.017566919326782227,
          0.025599002838134766,
          0.015548944473266602,
          4.405127048492432,
          0.17685222625732422,
          0.2283341884613037,
          0.10473775863647461,
          4.733605861663818,
          0.09886384010314941,
          2.472960948944092,
          0.07521510124206543,
          0.18929481506347656,
          0.18783998489379883,
          0.17168617248535156,
          1.8409972190856934,
          0.11191296577453613,
          3.7450380325317383,
          0.18896913528442383,
          0.10353422164916992,
          0.0982201099395752,
          0.11104297637939453,
          0.17983722686767578,
          0.19632291793823242,
          0.17154407501220703,
          0.01580333709716797,
          0.02057194709777832,
          0.0173189640045166,
          1.6778309345245361,
          1.5382537841796875,
          0.5590629577636719,
          0.05829882621765137,
          0.05179905891418457,
          0.11708593368530273,
          0.048262834548950195,
          0.19505620002746582,
          0.01900506019592285,
          0.951714038848877,
          0.06889510154724121,
          0.05432701110839844
        ]
      },