{
  "agent": {
    "rew_mean": 0.0,
    "rew_std": 0.0,
    "rew_best": 0.0,
    "rew_best_count": 50,
    "rew_worst": 0.0,
    "tardiness_mean": 0.0,
    "tardiness_std": 0.0,
    "tardiness_max_mean": 0.0,
    "makespan_tests": [
      36148,
      12498,
      7161,
      13709,
      24673,
      6858,
      7172,
      7433,
      8362,
      6430,
      37796,
      6348,
      7703,
      6291,
      30050,
      7430,
      13861,
      7623,
      30390,
      6881,
      30246,
      13155,
      7322,
      7010,
      6790,
      25593,
      6806,
      37471,
      12417,
      7079,
      7056,
      7564,
      7419,
      7511,
      7094,
      6856,
      7014,
      7328,
      19287,
      18847,
      35916,
      8113,
      6449,
      7933,
      6885,
      7782,
      7869,
      18539,
      13313,
      7120
    ],
    "makespan_mean": 13092.02,
    "rew_worst_quantile_border": 0.0,
    "rew_cvar": 0.0,
    "rew_perc_good_solutions": 1.0,
    "num_tests": 50,
    "running_time": [
      3.7482197284698486,
      0.8224058151245117,
      0.1423320770263672,
      0.44393396377563477,
      3.331524133682251,
      0.03848671913146973,
      0.1037740707397461,
      0.11272597312927246,
      0.22417902946472168,
      0.09945011138916016,
      9.378024816513062,
      0.0352177619934082,
      0.039125919342041016,
      0.03274989128112793,
      9.675962209701538,
      0.40923023223876953,
      0.5300118923187256,
      0.20533418655395508,
      10.393781900405884,
      0.25295019149780273,
      5.664554595947266,
      0.1498279571533203,
      0.392611026763916,
      0.5388610363006592,
      0.5333108901977539,
      3.7233426570892334,
      0.212723970413208,
      8.170464038848877,
      0.38773608207702637,
      0.2081151008605957,
      0.20306992530822754,
      0.21238493919372559,
      0.3495659828186035,
      0.4702799320220947,
      0.3564279079437256,
      0.032958984375,
      0.03905010223388672,
      0.04745793342590332,
      3.985801935195923,
      3.6999850273132324,
      1.4355041980743408,
      0.10989999771118164,
      0.1473081111907959,
      0.46167707443237305,
      0.11565804481506348,
      0.42461061477661133,
      0.0370020866394043,
      1.8327686786651611,
      0.13811492919921875,
      0.10469198226928711
    ]
  },
  "test-data-file-names": [
    "300_4_4_860",
    "100_4_6_225",
    "50_4_6_61",
    "100_4_4_216",
    "200_6_4_575",
    "50_2_6_21",
    "50_4_4_51",
    "50_4_8_72",
    "50_6_8_112",
    "50_4_2_42",
    "300_6_6_907",
    "50_2_4_11",
    "50_2_8_32",
    "50_2_2_1",
    "250_8_2_764",
    "50_8_4_131",
    "100_4_8_240",
    "50_6_4_91",
    "250_8_6_782",
    "50_6_2_82",
    "250_6_2_721",
    "100_2_6_187",
    "50_8_6_142",
    "50_8_6_141",
    "50_8_2_122",
    "200_6_8_595",
    "50_6_6_103",
    "300_6_4_897",
    "100_4_2_203",
    "50_6_4_92",
    "50_6_2_81",
    "50_6_6_102",
    "50_8_4_132",
    "50_8_8_154",
    "50_8_2_123",
    "50_2_2_2",
    "50_2_8_31",
    "50_2_4_12",
    "150_8_6_466",
    "150_8_2_444",
    "300_2_2_806",
    "50_4_8_71",
    "50_4_4_52",
    "50_6_8_111",
    "50_4_2_41",
    "50_8_8_153",
    "50_2_6_22",
    "150_6_4_416",
    "100_2_4_173",
    "50_4_6_62"
  ]
}