{
  "agent": {
    "rew_mean": 0.0,
    "rew_std": 0.0,
    "rew_best": 0.0,
    "rew_best_count": 50,
    "rew_worst": 0.0,
    "tardiness_mean": 0.0,
    "tardiness_std": 0.0,
    "tardiness_max_mean": 0.0,
    "makespan_tests": [
      42259,
      14490,
      8519,
      16401,
      29918,
      7470,
      8061,
      9090,
      8981,
      7455,
      46360,
      7155,
      8052,
      6818,
      38960,
      8681,
      16412,
      8684,
      38057,
      8110,
      37396,
      14836,
      8954,
      8596,
      8344,
      31659,
      8190,
      46225,
      14788,
      8468,
      8373,
      8600,
      8650,
      9229,
      8785,
      6950,
      7835,
      7267,
      23529,
      23892,
      38717,
      8878,
      7713,
      9152,
      7815,
      9040,
      7519,
      23121,
      14091,
      7983
    ],
    "makespan_mean": 15490.56,
    "rew_worst_quantile_border": 0.0,
    "rew_cvar": 0.0,
    "rew_perc_good_solutions": 1.0,
    "num_tests": 50,
    "running_time": [
      2.0607287883758545,
      0.24383783340454102,
      0.06090593338012695,
      0.22753405570983887,
      1.9086050987243652,
      0.02146315574645996,
      0.059754133224487305,
      0.06583786010742188,
      0.13311481475830078,
      0.05402326583862305,
      6.440147161483765,
      0.01997685432434082,
      0.024121999740600586,
      0.018452882766723633,
      6.058128833770752,
      0.20947504043579102,
      0.26761794090270996,
      0.11789226531982422,
      6.821241140365601,
      0.11587715148925781,
      2.839215040206909,
      0.08235979080200195,
      0.21645712852478027,
      0.2161247730255127,
      0.19678306579589844,
      2.1031060218811035,
      0.126115083694458,
      4.2490246295928955,
      0.21192288398742676,
      0.11919999122619629,
      0.11235308647155762,
      0.12621426582336426,
      0.20800995826721191,
      0.22678709030151367,
      0.19492411613464355,
      0.018041133880615234,
      0.023035764694213867,
      0.019611120223999023,
      2.5070371627807617,
      1.7744169235229492,
      0.6314492225646973,
      0.06544899940490723,
      0.05812382698059082,
      0.13239622116088867,
      0.05352497100830078,
      0.22475504875183105,
      0.02151179313659668,
      1.1094119548797607,
      0.08319997787475586,
      0.062014102935791016
    ]
  },
  "test-data-file-names": [
    "300_4_4_860",
    "100_4_6_225",
    "50_4_6_61",
    "100_4_4_216",
    "200_6_4_575",
    "50_2_6_21",
    "50_4_4_51",
    "50_4_8_72",
    "50_6_8_112",
    "50_4_2_42",
    "300_6_6_907",
    "50_2_4_11",
    "50_2_8_32",
    "50_2_2_1",
    "250_8_2_764",
    "50_8_4_131",
    "100_4_8_240",
    "50_6_4_91",
    "250_8_6_782",
    "50_6_2_82",
    "250_6_2_721",
    "100_2_6_187",
    "50_8_6_142",
    "50_8_6_141",
    "50_8_2_122",
    "200_6_8_595",
    "50_6_6_103",
    "300_6_4_897",
    "100_4_2_203",
    "50_6_4_92",
    "50_6_2_81",
    "50_6_6_102",
    "50_8_4_132",
    "50_8_8_154",
    "50_8_2_123",
    "50_2_2_2",
    "50_2_8_31",
    "50_2_4_12",
    "150_8_6_466",
    "150_8_2_444",
    "300_2_2_806",
    "50_4_8_71",
    "50_4_4_52",
    "50_6_8_111",
    "50_4_2_41",
    "50_8_8_153",
    "50_2_6_22",
    "150_6_4_416",
    "100_2_4_173",
    "50_4_6_62"
  ]
}