{
  "agent": {
    "rew_mean": 0.0,
    "rew_std": 0.0,
    "rew_best": 0.0,
    "rew_best_count": 50,
    "rew_worst": 0.0,
    "tardiness_mean": 0.0,
    "tardiness_std": 0.0,
    "tardiness_max_mean": 0.0,
    "makespan_tests": [
      38211,
      13564,
      8094,
      14821,
      26842,
      7107,
      7940,
      8192,
      9387,
      6903,
      41577,
      6902,
      8255,
      6471,
      34636,
      8065,
      15436,
      8299,
      33992,
      7497,
      32897,
      14222,
      8407,
      8528,
      7763,
      28625,
      7885,
      41784,
      13580,
      8228,
      7800,
      8399,
      8307,
      8487,
      7994,
      6966,
      7482,
      7407,
      21355,
      21187,
      36231,
      8991,
      6830,
      9301,
      7275,
      9271,
      8246,
      21020,
      13485,
      7363
    ],
    "makespan_mean": 14350.14,
    "rew_worst_quantile_border": 0.0,
    "rew_cvar": 0.0,
    "rew_perc_good_solutions": 1.0,
    "num_tests": 50,
    "running_time": [
      1.4928491115570068,
      0.18392229080200195,
      0.0458223819732666,
      0.1648240089416504,
      1.3351531028747559,
      0.01752185821533203,
      0.041052818298339844,
      0.050009965896606445,
      0.09801292419433594,
      0.037671804428100586,
      3.2499499320983887,
      0.015753984451293945,
      0.019041061401367188,
      0.012913942337036133,
      3.320603847503662,
      0.18108510971069336,
      0.19730830192565918,
      0.08289790153503418,
      3.790163993835449,
      0.07518601417541504,
      1.915808916091919,
      0.06646108627319336,
      0.15208792686462402,
      0.15163707733154297,
      0.13090085983276367,
      1.5306811332702637,
      0.09005188941955566,
      2.97749400138855,
      0.1497969627380371,
      0.08320879936218262,
      0.07516002655029297,
      0.0896000862121582,
      0.14127588272094727,
      0.16830015182495117,
      0.45691585540771484,
      0.013448238372802734,
      0.019229888916015625,
      0.015232086181640625,
      1.3594989776611328,
      1.1741769313812256,
      0.468944787979126,
      0.04976391792297363,
      0.041654109954833984,
      0.09691286087036133,
      0.036798954010009766,
      0.16109800338745117,
      0.017071008682250977,
      0.7383019924163818,
      0.059621334075927734,
      0.04593467712402344
    ]
  },
  "test-data-file-names": [
    "300_4_4_860",
    "100_4_6_225",
    "50_4_6_61",
    "100_4_4_216",
    "200_6_4_575",
    "50_2_6_21",
    "50_4_4_51",
    "50_4_8_72",
    "50_6_8_112",
    "50_4_2_42",
    "300_6_6_907",
    "50_2_4_11",
    "50_2_8_32",
    "50_2_2_1",
    "250_8_2_764",
    "50_8_4_131",
    "100_4_8_240",
    "50_6_4_91",
    "250_8_6_782",
    "50_6_2_82",
    "250_6_2_721",
    "100_2_6_187",
    "50_8_6_142",
    "50_8_6_141",
    "50_8_2_122",
    "200_6_8_595",
    "50_6_6_103",
    "300_6_4_897",
    "100_4_2_203",
    "50_6_4_92",
    "50_6_2_81",
    "50_6_6_102",
    "50_8_4_132",
    "50_8_8_154",
    "50_8_2_123",
    "50_2_2_2",
    "50_2_8_31",
    "50_2_4_12",
    "150_8_6_466",
    "150_8_2_444",
    "300_2_2_806",
    "50_4_8_71",
    "50_4_4_52",
    "50_6_8_111",
    "50_4_2_41",
    "50_8_8_153",
    "50_2_6_22",
    "150_6_4_416",
    "100_2_4_173",
    "50_4_6_62"
  ]
}