{
  "agent": {
    "rew_mean": 0.0,
    "rew_std": 0.0,
    "rew_best": 0.0,
    "rew_best_count": 50,
    "rew_worst": 0.0,
    "tardiness_mean": 0.0,
    "tardiness_std": 0.0,
    "tardiness_max_mean": 0.0,
    "makespan_tests": [
      36173,
      11593,
      7050,
      13955,
      25516,
      6071,
      7103,
      7026,
      7538,
      6797,
      38454,
      6048,
      6776,
      6140,
      36744,
      7660,
      13246,
      7428,
      31997,
      7644,
      34069,
      12686,
      7546,
      7338,
      8012,
      25582,
      6951,
      40074,
      13612,
      7436,
      7734,
      7273,
      7651,
      7588,
      8239,
      6310,
      6173,
      6519,
      19412,
      22512,
      34832,
      6992,
      6538,
      7512,
      7412,
      7759,
      6610,
      19665,
      12337,
      6592
    ],
    "makespan_mean": 13398.5,
    "rew_worst_quantile_border": 0.0,
    "rew_cvar": 0.0,
    "rew_perc_good_solutions": 1.0,
    "num_tests": 50,
    "running_time": [
      1.8519160747528076,
      0.2196369171142578,
      0.05542612075805664,
      0.20504498481750488,
      1.7166972160339355,
      0.019750118255615234,
      0.05164527893066406,
      0.059374094009399414,
      0.12193989753723145,
      0.04888916015625,
      4.190263032913208,
      0.017954111099243164,
      0.021518945693969727,
      0.016161203384399414,
      4.57146692276001,
      0.32830095291137695,
      0.295093297958374,
      0.24455785751342773,
      5.23465895652771,
      0.09943675994873047,
      2.760805130004883,
      0.07630372047424316,
      0.19276189804077148,
      0.19282770156860352,
      0.17329788208007812,
      1.8820438385009766,
      0.11511707305908203,
      4.350664854049683,
      0.19368886947631836,
      0.10677218437194824,
      0.10547780990600586,
      0.13645386695861816,
      0.21509599685668945,
      0.28032898902893066,
      0.19340896606445312,
      0.0179440975189209,
      0.023468971252441406,
      0.01945209503173828,
      1.8672709465026855,
      1.8094489574432373,
      0.6223959922790527,
      0.06697416305541992,
      0.0634310245513916,
      0.12993574142456055,
      0.05008196830749512,
      0.21519994735717773,
      0.020823001861572266,
      0.9665846824645996,
      0.07141494750976562,
      0.05784416198730469
    ]
  },
  "test-data-file-names": [
    "300_4_4_860",
    "100_4_6_225",
    "50_4_6_61",
    "100_4_4_216",
    "200_6_4_575",
    "50_2_6_21",
    "50_4_4_51",
    "50_4_8_72",
    "50_6_8_112",
    "50_4_2_42",
    "300_6_6_907",
    "50_2_4_11",
    "50_2_8_32",
    "50_2_2_1",
    "250_8_2_764",
    "50_8_4_131",
    "100_4_8_240",
    "50_6_4_91",
    "250_8_6_782",
    "50_6_2_82",
    "250_6_2_721",
    "100_2_6_187",
    "50_8_6_142",
    "50_8_6_141",
    "50_8_2_122",
    "200_6_8_595",
    "50_6_6_103",
    "300_6_4_897",
    "100_4_2_203",
    "50_6_4_92",
    "50_6_2_81",
    "50_6_6_102",
    "50_8_4_132",
    "50_8_8_154",
    "50_8_2_123",
    "50_2_2_2",
    "50_2_8_31",
    "50_2_4_12",
    "150_8_6_466",
    "150_8_2_444",
    "300_2_2_806",
    "50_4_8_71",
    "50_4_4_52",
    "50_6_8_111",
    "50_4_2_41",
    "50_8_8_153",
    "50_2_6_22",
    "150_6_4_416",
    "100_2_4_173",
    "50_4_6_62"
  ]
}