{
  "agent": {
    "rew_mean": 0.0,
    "rew_std": 0.0,
    "rew_best": 0.0,
    "rew_best_count": 50,
    "rew_worst": 0.0,
    "tardiness_mean": 0.0,
    "tardiness_std": 0.0,
    "tardiness_max_mean": 0.0,
    "makespan_tests": [
      38642,
      12591,
      7567,
      14477,
      26906,
      6532,
      7386,
      7574,
      7943,
      6688,
      41580,
      6451,
      6844,
      6212,
      35515,
      7979,
      14405,
      7824,
      33895,
      7664,
      33752,
      13228,
      7978,
      7918,
      7822,
      27964,
      7495,
      42113,
      13640,
      7712,
      7780,
      7772,
      7854,
      8037,
      8191,
      6404,
      6652,
      6552,
      20874,
      21696,
      35095,
      7469,
      6926,
      8396,
      7262,
      8445,
      6728,
      20997,
      12601,
      7038
    ],
    "makespan_mean": 13941.32,
    "rew_worst_quantile_border": 0.0,
    "rew_cvar": 0.0,
    "rew_perc_good_solutions": 1.0,
    "num_tests": 50,
    "running_time": [
      6.746673107147217,
      0.68581223487854,
      0.17482972145080566,
      0.7122409343719482,
      5.731996059417725,
      0.08557605743408203,
      0.2285611629486084,
      0.18143892288208008,
      0.3693270683288574,
      0.16603708267211914,
      12.407685279846191,
      0.06070089340209961,
      0.06635594367980957,
      0.05488729476928711,
      14.72810435295105,
      0.6082522869110107,
      0.6980788707733154,
      0.3500330448150635,
      16.039696216583252,
      0.3383331298828125,
      8.163670063018799,
      0.23922109603881836,
      0.5923218727111816,
      0.5816640853881836,
      0.563953161239624,
      5.62255597114563,
      0.35385870933532715,
      11.873914241790771,
      0.6286637783050537,
      0.33792996406555176,
      0.32643795013427734,
      0.3416168689727783,
      0.5764858722686768,
      0.6027100086212158,
      0.5624029636383057,
      0.05633401870727539,
      0.06252074241638184,
      0.05900430679321289,
      5.43385910987854,
      5.150576114654541,
      1.944392204284668,
      0.17191600799560547,
      0.1642780303955078,
      0.3827857971191406,
      0.1587231159210205,
      0.5946660041809082,
      0.061285972595214844,
      3.0515520572662354,
      0.22487306594848633,
      0.16981196403503418
    ]
  },
  "test-data-file-names": [
    "300_4_4_860",
    "100_4_6_225",
    "50_4_6_61",
    "100_4_4_216",
    "200_6_4_575",
    "50_2_6_21",
    "50_4_4_51",
    "50_4_8_72",
    "50_6_8_112",
    "50_4_2_42",
    "300_6_6_907",
    "50_2_4_11",
    "50_2_8_32",
    "50_2_2_1",
    "250_8_2_764",
    "50_8_4_131",
    "100_4_8_240",
    "50_6_4_91",
    "250_8_6_782",
    "50_6_2_82",
    "250_6_2_721",
    "100_2_6_187",
    "50_8_6_142",
    "50_8_6_141",
    "50_8_2_122",
    "200_6_8_595",
    "50_6_6_103",
    "300_6_4_897",
    "100_4_2_203",
    "50_6_4_92",
    "50_6_2_81",
    "50_6_6_102",
    "50_8_4_132",
    "50_8_8_154",
    "50_8_2_123",
    "50_2_2_2",
    "50_2_8_31",
    "50_2_4_12",
    "150_8_6_466",
    "150_8_2_444",
    "300_2_2_806",
    "50_4_8_71",
    "50_4_4_52",
    "50_6_8_111",
    "50_4_2_41",
    "50_8_8_153",
    "50_2_6_22",
    "150_6_4_416",
    "100_2_4_173",
    "50_4_6_62"
  ]
}