{
  "agent": {
    "rew_mean": 0.0,
    "rew_std": 0.0,
    "rew_best": 0.0,
    "rew_best_count": 50,
    "rew_worst": 0.0,
    "tardiness_mean": 0.0,
    "tardiness_std": 0.0,
    "tardiness_max_mean": 0.0,
    "makespan_tests": [
      32848,
      11000,
      6329,
      12276,
      22359,
      5862,
      6248,
      6396,
      6606,
      5894,
      34008,
      5801,
      6567,
      5728,
      28209,
      6322,
      12100,
      6423,
      27631,
      6221,
      27649,
      11985,
      6472,
      6201,
      6313,
      23085,
      6041,
      33909,
      11387,
      6315,
      6351,
      6374,
      6388,
      6535,
      6593,
      6095,
      5954,
      6198,
      16927,
      17566,
      33366,
      6448,
      5937,
      6816,
      6160,
      6865,
      6256,
      17067,
      11683,
      5994
    ],
    "makespan_mean": 11715.16,
    "rew_worst_quantile_border": 0.0,
    "rew_cvar": 0.0,
    "rew_perc_good_solutions": 1.0,
    "num_tests": 50,
    "running_time": [
      2.6163229942321777,
      0.30885887145996094,
      0.07689905166625977,
      0.29625892639160156,
      2.5216548442840576,
      0.025955915451049805,
      0.0715029239654541,
      0.08063483238220215,
      0.15903782844543457,
      0.06839489936828613,
      5.645205020904541,
      0.023600101470947266,
      0.027422428131103516,
      0.02174520492553711,
      6.109035015106201,
      0.2515702247619629,
      0.31614112854003906,
      0.14693284034729004,
      6.611408233642578,
      0.14069914817810059,
      3.5183310508728027,
      0.1045389175415039,
      0.25837087631225586,
      0.25908803939819336,
      0.2426290512084961,
      3.092944860458374,
      0.2949659824371338,
      6.02475905418396,
      0.27939820289611816,
      0.15157198905944824,
      0.14061903953552246,
      0.1647791862487793,
      0.2514030933380127,
      0.2803640365600586,
      0.2618112564086914,
      0.024466276168823242,
      0.029984712600708008,
      0.026580095291137695,
      2.370265245437622,
      2.3016200065612793,
      0.9129469394683838,
      0.1066732406616211,
      0.09714102745056152,
      0.20444583892822266,
      0.08707094192504883,
      0.3563971519470215,
      0.03379988670349121,
      1.3684840202331543,
      0.09730076789855957,
      0.0767509937286377
    ]
  },
  "test-data-file-names": [
    "300_4_4_860",
    "100_4_6_225",
    "50_4_6_61",
    "100_4_4_216",
    "200_6_4_575",
    "50_2_6_21",
    "50_4_4_51",
    "50_4_8_72",
    "50_6_8_112",
    "50_4_2_42",
    "300_6_6_907",
    "50_2_4_11",
    "50_2_8_32",
    "50_2_2_1",
    "250_8_2_764",
    "50_8_4_131",
    "100_4_8_240",
    "50_6_4_91",
    "250_8_6_782",
    "50_6_2_82",
    "250_6_2_721",
    "100_2_6_187",
    "50_8_6_142",
    "50_8_6_141",
    "50_8_2_122",
    "200_6_8_595",
    "50_6_6_103",
    "300_6_4_897",
    "100_4_2_203",
    "50_6_4_92",
    "50_6_2_81",
    "50_6_6_102",
    "50_8_4_132",
    "50_8_8_154",
    "50_8_2_123",
    "50_2_2_2",
    "50_2_8_31",
    "50_2_4_12",
    "150_8_6_466",
    "150_8_2_444",
    "300_2_2_806",
    "50_4_8_71",
    "50_4_4_52",
    "50_6_8_111",
    "50_4_2_41",
    "50_8_8_153",
    "50_2_6_22",
    "150_6_4_416",
    "100_2_4_173",
    "50_4_6_62"
  ]
}