{
  "agent": {
    "rew_mean": 0.0,
    "rew_std": 0.0,
    "rew_best": 0.0,
    "rew_best_count": 50,
    "rew_worst": 0.0,
    "tardiness_mean": 0.0,
    "tardiness_std": 0.0,
    "tardiness_max_mean": 0.0,
    "makespan_tests": [
      32848,
      10999,
      6314,
      12278,
      22358,
      5865,
      6239,
      6372,
      6612,
      5894,
      34008,
      5796,
      6591,
      5727,
      28209,
      6322,
      12096,
      6426,
      27631,
      6220,
      27649,
      11985,
      6468,
      6187,
      6312,
      23085,
      6054,
      33909,
      11387,
      6316,
      6351,
      6366,
      6384,
      6548,
      6592,
      6094,
      5936,
      6201,
      16926,
      17566,
      33366,
      6435,
      5936,
      6812,
      6161,
      6867,
      6257,
      17066,
      11682,
      5990
    ],
    "makespan_mean": 11713.86,
    "rew_worst_quantile_border": 0.0,
    "rew_cvar": 0.0,
    "rew_perc_good_solutions": 1.0,
    "num_tests": 50,
    "running_time": [
      1.7316012382507324,
      0.19240999221801758,
      0.048110246658325195,
      0.17907023429870605,
      1.4558000564575195,
      0.01781296730041504,
      0.04481697082519531,
      0.05164599418640137,
      0.1022188663482666,
      0.0415501594543457,
      3.5083320140838623,
      0.015919208526611328,
      0.01983785629272461,
      0.014225959777832031,
      3.773653984069824,
      0.15510082244873047,
      0.2055518627166748,
      0.09124135971069336,
      4.111668825149536,
      0.08438611030578613,
      2.1308109760284424,
      0.0694131851196289,
      0.16529202461242676,
      0.16698694229125977,
      0.14646100997924805,
      1.6281719207763672,
      0.09718608856201172,
      3.329885244369507,
      0.16446423530578613,
      0.09152579307556152,
      0.08544206619262695,
      0.09805011749267578,
      0.1558091640472412,
      0.17564010620117188,
      0.14680886268615723,
      0.014216184616088867,
      0.019600868225097656,
      0.016543149948120117,
      1.456716775894165,
      1.318206787109375,
      0.4986460208892822,
      0.05315709114074707,
      0.0448300838470459,
      0.10283803939819336,
      0.0415339469909668,
      0.17275619506835938,
      0.018778324127197266,
      0.8557019233703613,
      0.06263995170593262,
      0.04960894584655762
    ]
  },
  "test-data-file-names": [
    "300_4_4_860",
    "100_4_6_225",
    "50_4_6_61",
    "100_4_4_216",
    "200_6_4_575",
    "50_2_6_21",
    "50_4_4_51",
    "50_4_8_72",
    "50_6_8_112",
    "50_4_2_42",
    "300_6_6_907",
    "50_2_4_11",
    "50_2_8_32",
    "50_2_2_1",
    "250_8_2_764",
    "50_8_4_131",
    "100_4_8_240",
    "50_6_4_91",
    "250_8_6_782",
    "50_6_2_82",
    "250_6_2_721",
    "100_2_6_187",
    "50_8_6_142",
    "50_8_6_141",
    "50_8_2_122",
    "200_6_8_595",
    "50_6_6_103",
    "300_6_4_897",
    "100_4_2_203",
    "50_6_4_92",
    "50_6_2_81",
    "50_6_6_102",
    "50_8_4_132",
    "50_8_8_154",
    "50_8_2_123",
    "50_2_2_2",
    "50_2_8_31",
    "50_2_4_12",
    "150_8_6_466",
    "150_8_2_444",
    "300_2_2_806",
    "50_4_8_71",
    "50_4_4_52",
    "50_6_8_111",
    "50_4_2_41",
    "50_8_8_153",
    "50_2_6_22",
    "150_6_4_416",
    "100_2_4_173",
    "50_4_6_62"
  ]
}