{
  "runs": [
    {
      "agent": {
        "rew_mean": 0.0,
        "rew_std": 0.0,
        "rew_best": 0.0,
        "rew_best_count": 50,
        "rew_worst": 0.0,
        "tardiness_mean": 0.0,
        "tardiness_std": 0.0,
        "tardiness_max_mean": 0.0,
        "makespan_tests": [
          32848,
          10999,
          6314,
          12278,
          22358,
          5865,
          6239,
          6372,
          6612,
          5894,
          34008,
          5796,
          6591,
          5727,
          28209,
          6322,
          12096,
          6426,
          27631,
          6220,
          27649,
          11985,
          6468,
          6187,
          6312,
          23085,
          6054,
          33909,
          11387,
          6316,
          6351,
          6366,
          6384,
          6548,
          6592,
          6094,
          5936,
          6201,
          16926,
          17566,
          33366,
          6435,
          5936,
          6812,
          6161,
          6867,
          6257,
          17066,
          11682,
          5990
        ],
        "makespan_mean": 11713.86,
        "rew_worst_quantile_border": 0.0,
        "rew_cvar": 0.0,
        "rew_perc_good_solutions": 1.0,
        "num_tests": 50,
        "running_time": [
          1.8037371635437012,
          0.1942579746246338,
          0.04868364334106445,
          0.17778468132019043,
          1.4630842208862305,
          0.01842212677001953,
          0.04978823661804199,
          0.0545809268951416,
          0.10384011268615723,
          0.04474329948425293,
          3.6428239345550537,
          0.01600503921508789,
          0.01997089385986328,
          0.014258146286010742,
          3.9080119132995605,
          0.157958984375,
          0.20863604545593262,
          0.09292435646057129,
          4.186821937561035,
          0.08989286422729492,
          2.174220085144043,
          0.06824398040771484,
          0.1639537811279297,
          0.16517901420593262,
          0.1461019515991211,
          1.6378278732299805,
          0.0964818000793457,
          3.326352834701538,
          0.1638791561126709,
          0.09186983108520508,
          0.08496785163879395,
          0.09744095802307129,
          0.1547379493713379,
          0.17442083358764648,
          0.14515304565429688,
          0.014091968536376953,
          0.01925039291381836,
          0.016131162643432617,
          1.539935827255249,
          1.342984914779663,
          0.49054598808288574,
          0.05252504348754883,
          0.045243024826049805,
          0.10430479049682617,
          0.040555715560913086,
          0.17425322532653809,
          0.01920008659362793,
          0.8303220272064209,
          0.06252217292785645,
          0.051644086837768555
        ]
      },
      "test-data-file-names": [
        "300_4_4_860",
        "100_4_6_225",
        "50_4_6_61",
        "100_4_4_216",
        "200_6_4_575",
        "50_2_6_21",
        "50_4_4_51",
        "50_4_8_72",
        "50_6_8_112",
        "50_4_2_42",
        "300_6_6_907",
        "50_2_4_11",
        "50_2_8_32",
        "50_2_2_1",
        "250_8_2_764",
        "50_8_4_131",
        "100_4_8_240",
        "50_6_4_91",
        "250_8_6_782",
        "50_6_2_82",
        "250_6_2_721",
        "100_2_6_187",
        "50_8_6_142",
        "50_8_6_141",
        "50_8_2_122",
        "200_6_8_595",
        "50_6_6_103",
        "300_6_4_897",
        "100_4_2_203",
        "50_6_4_92",
        "50_6_2_81",
        "50_6_6_102",
        "50_8_4_132",
        "50_8_8_154",
        "50_8_2_123",
        "50_2_2_2",
        "50_2_8_31",
        "50_2_4_12",
        "150_8_6_466",
        "150_8_2_444",
        "300_2_2_806",
        "50_4_8_71",
        "50_4_4_52",
        "50_6_8_111",
        "50_4_2_41",
        "50_8_8_153",
        "50_2_6_22",
        "150_6_4_416",
        "100_2_4_173",
        "50_4_6_62"
      ]
    },
    {
      "agent": {
        "rew_mean": 0.0,
        "rew_std": 0.0,
        "rew_best": 0.0,
        "rew_best_count": 50,
        "rew_worst": 0.0,
        "tardiness_mean": 0.0,
        "tardiness_std": 0.0,
        "tardiness_max_mean": 0.0,
        "makespan_tests": [
          32848,
          10999,
          6314,
          12278,
          22358,
          5865,
          6239,
          6372,
          6612,
          5894,
          34008,
          5796,
          6591,
          5727,
          28209,
          6322,
          12096,
          6426,
          27631,
          6220,
          27649,
          11985,
          6468,
          6187,
          6312,
          23085,
          6054,
          33909,
          11387,
          6316,
          6351,
          6366,
          6384,
          6548,
          6592,
          6094,
          5936,
          6201,
          16926,
          17566,
          33366,
          6435,
          5936,
          6812,
          6161,
          6867,
          6257,
          17066,
          11682,
          5990
        ],
        "makespan_mean": 11713.86,
        "rew_worst_quantile_border": 0.0,
        "rew_cvar": 0.0,
        "rew_perc_good_solutions": 1.0,
        "num_tests": 50,
        "running_time": [
          1.4868419170379639,
          0.17705488204956055,
          0.0477449893951416,
          0.1731429100036621,
          1.3458878993988037,
          0.016955137252807617,
          0.042713165283203125,
          0.04869699478149414,
          0.09554195404052734,
          0.03730201721191406,
          3.2521071434020996,
          0.014780998229980469,
          0.01869487762451172,
          0.012970924377441406,
          3.5250868797302246,
          0.14505600929260254,
          0.19497323036193848,
          0.08552002906799316,
          4.197664022445679,
          0.07961702346801758,
          1.9845459461212158,
          0.06473374366760254,
          0.1534719467163086,
          0.15854811668395996,
          0.13612079620361328,
          1.5415973663330078,
          0.09613418579101562,
          3.0829310417175293,
          0.14961481094360352,
          0.08443903923034668,
          0.07969784736633301,
          0.0939939022064209,
          0.14365577697753906,
          0.16442012786865234,
          0.1369478702545166,
          0.013624906539916992,
          0.018611907958984375,
          0.01491403579711914,
          1.3955531120300293,
          1.2350780963897705,
          0.4707930088043213,
          0.04898786544799805,
          0.041387081146240234,
          0.09629297256469727,
          0.038285017013549805,
          0.16437602043151855,
          0.017012357711791992,
          0.769556999206543,
          0.057090044021606445,
          0.04484820365905762
        ]
      },