{
  "runs": [
    {
      "agent": {
        "rew_mean": 0.0,
        "rew_std": 0.0,
        "rew_best": 0.0,
        "rew_best_count": 50,
        "rew_worst": 0.0,
        "tardiness_mean": 0.0,
        "tardiness_std": 0.0,
        "tardiness_max_mean": 0.0,
        "makespan_tests": [
          36148,
          12498,
          7161,
          13709,
          24673,
          6858,
          7172,
          7433,
          8362,
          6430,
          37796,
          6348,
          7703,
          6291,
          30050,
          7430,
          13861,
          7623,
          30390,
          6881,
          30246,
          13155,
          7322,
          7010,
          6790,
          25593,
          6806,
          37471,
          12417,
          7079,
          7056,
          7564,
          7419,
          7511,
          7094,
          6856,
          7014,
          7328,
          19287,
          18847,
          35916,
          8113,
          6449,
          7933,
          6885,
          7782,
          7869,
          18539,
          13313,
          7120
        ],
        "makespan_mean": 13092.02,
        "rew_worst_quantile_border": 0.0,
        "rew_cvar": 0.0,
        "rew_perc_good_solutions": 1.0,
        "num_tests": 50,
        "running_time": [
          3.583270788192749,
          0.4146122932434082,
          0.10419893264770508,
          0.39676403999328613,
          3.2238669395446777,
          0.03691697120666504,
          0.09963607788085938,
          0.10997915267944336,
          0.21701502799987793,
          0.09667587280273438,
          7.608804225921631,
          0.03493189811706543,
          0.03929495811462402,
          0.03250622749328613,
          8.348854064941406,
          0.3437981605529785,
          0.4386289119720459,
          0.20232295989990234,
          8.98242998123169,
          0.20769596099853516,
          5.23338508605957,
          0.14670205116271973,
          0.35985493659973145,
          0.3573641777038574,
          0.3358750343322754,
          3.4566619396209717,
          0.2113819122314453,
          7.34765887260437,
          0.40053892135620117,
          0.20384502410888672,
          0.1958768367767334,
          0.211076021194458,
          0.3460829257965088,
          0.36580920219421387,
          0.3341970443725586,
          0.032485246658325195,
          0.038762807846069336,
          0.034924983978271484,
          3.1895010471343994,
          2.988919973373413,
          1.1580731868743896,
          0.10848307609558105,
          0.10031795501708984,
          0.2166001796722412,
          0.0959470272064209,
          0.36606907844543457,
          0.036726951599121094,
          1.8097550868988037,
          0.13706612586975098,
          0.10462713241577148
        ]
      },
      "test-data-file-names": [
        "300_4_4_860",
        "100_4_6_225",
        "50_4_6_61",
        "100_4_4_216",
        "200_6_4_575",
        "50_2_6_21",
        "50_4_4_51",
        "50_4_8_72",
        "50_6_8_112",
        "50_4_2_42",
        "300_6_6_907",
        "50_2_4_11",
        "50_2_8_32",
        "50_2_2_1",
        "250_8_2_764",
        "50_8_4_131",
        "100_4_8_240",
        "50_6_4_91",
        "250_8_6_782",
        "50_6_2_82",
        "250_6_2_721",
        "100_2_6_187",
        "50_8_6_142",
        "50_8_6_141",
        "50_8_2_122",
        "200_6_8_595",
        "50_6_6_103",
        "300_6_4_897",
        "100_4_2_203",
        "50_6_4_92",
        "50_6_2_81",
        "50_6_6_102",
        "50_8_4_132",
        "50_8_8_154",
        "50_8_2_123",
        "50_2_2_2",
        "50_2_8_31",
        "50_2_4_12",
        "150_8_6_466",
        "150_8_2_444",
        "300_2_2_806",
        "50_4_8_71",
        "50_4_4_52",
        "50_6_8_111",
        "50_4_2_41",
        "50_8_8_153",
        "50_2_6_22",
        "150_6_4_416",
        "100_2_4_173",
        "50_4_6_62"
      ]
    },
    {
      "agent": {
        "rew_mean": 0.0,
        "rew_std": 0.0,
        "rew_best": 0.0,
        "rew_best_count": 50,
        "rew_worst": 0.0,
        "tardiness_mean": 0.0,
        "tardiness_std": 0.0,
        "tardiness_max_mean": 0.0,
        "makespan_tests": [
          36148,
          12498,
          7161,
          13709,
          24673,
          6858,
          7172,
          7433,
          8362,
          6430,
          37796,
          6348,
          7703,
          6291,
          30050,
          7430,
          13861,
          7623,
          30390,
          6881,
          30246,
          13155,
          7322,
          7010,
          6790,
          25593,
          6806,
          37471,
          12417,
          7079,
          7056,
          7564,
          7419,
          7511,
          7094,
          6856,
          7014,
          7328,
          19287,
          18847,
          35916,
          8113,
          6449,
          7933,
          6885,
          7782,
          7869,
          18539,
          13313,
          7120
        ],
        "makespan_mean": 13092.02,
        "rew_worst_quantile_border": 0.0,
        "rew_cvar": 0.0,
        "rew_perc_good_solutions": 1.0,
        "num_tests": 50,
        "running_time": [
          3.805622100830078,
          0.43553709983825684,
          0.1109919548034668,
          0.41931819915771484,
          3.481293201446533,
          0.03914690017700195,
          0.10616016387939453,
          0.11567902565002441,
          0.2298741340637207,
          0.10195016860961914,
          7.8758440017700195,
          0.03665900230407715,
          0.040879011154174805,
          0.034548282623291016,
          8.776948928833008,
          0.36127591133117676,
          0.4589869976043701,
          0.215911865234375,
          9.382725715637207,
          0.20896315574645996,
          5.1360321044921875,
          0.1549830436706543,
          0.4488961696624756,
          0.3729891777038574,
          0.353168249130249,
          3.5981180667877197,
          0.22130608558654785,
          7.6863791942596436,
          0.3976881504058838,
          0.21257781982421875,
          0.20465803146362305,
          0.21903491020202637,
          0.3593161106109619,
          0.3791849613189697,
          0.3484349250793457,
          0.03432202339172363,
          0.04134488105773926,
          0.037110090255737305,
          3.4373958110809326,
          3.142606735229492,
          1.2171170711517334,
          0.11335086822509766,
          0.10411500930786133,
          0.22658777236938477,
          0.10119485855102539,
          0.3868589401245117,
          0.03851485252380371,
          1.9306459426879883,
          0.14736175537109375,
          0.10998678207397461
        ]
      },