{
  "agent": {
    "rew_mean": 0.0,
    "rew_std": 0.0,
    "rew_best": 0.0,
    "rew_best_count": 50,
    "rew_worst": 0.0,
    "tardiness_mean": 0.0,
    "tardiness_std": 0.0,
    "tardiness_max_mean": 0.0,
    "makespan_tests": [
      36148,
      12498,
      7161,
      13709,
      24673,
      6858,
      7172,
      7433,
      8362,
      6430,
      37796,
      6348,
      7703,
      6291,
      30050,
      7430,
      13861,
      7623,
      30390,
      6881,
      30246,
      13155,
      7322,
      7010,
      6790,
      25593,
      6806,
      37471,
      12417,
      7079,
      7056,
      7564,
      7419,
      7511,
      7094,
      6856,
      7014,
      7328,
      19287,
      18847,
      35916,
      8113,
      6449,
      7933,
      6885,
      7782,
      7869,
      18539,
      13313,
      7120
    ],
    "makespan_mean": 13092.02,
    "rew_worst_quantile_border": 0.0,
    "rew_cvar": 0.0,
    "rew_perc_good_solutions": 1.0,
    "num_tests": 50,
    "running_time": [
      12.975643157958984,
      1.4316511154174805,
      0.367171049118042,
      1.4256420135498047,
      11.87748098373413,
      0.12200593948364258,
      0.3567957878112793,
      0.3666501045227051,
      0.7384779453277588,
      0.3564722537994385,
      26.79918599128723,
      0.12181401252746582,
      0.12576913833618164,
      0.11859321594238281,
      32.54031491279602,
      1.2419638633728027,
      1.4577689170837402,
      0.7466790676116943,
      33.828514099121094,
      0.7462599277496338,
      18.50012493133545,
      0.4901561737060547,
      1.2674870491027832,
      1.265679121017456,
      1.2750489711761475,
      12.410152196884155,
      0.760221004486084,
      27.332634210586548,
      1.4380919933319092,
      0.7337381839752197,
      0.7396368980407715,
      0.7577710151672363,
      1.269355058670044,
      1.2674131393432617,
      1.3495590686798096,
      0.1209099292755127,
      0.12976908683776855,
      0.1278986930847168,
      11.69377875328064,
      11.19030499458313,
      4.690536975860596,
      0.3712120056152344,
      0.37209606170654297,
      0.8499019145965576,
      0.36783599853515625,
      1.355215072631836,
      0.12337207794189453,
      7.066817045211792,
      0.502598762512207,
      0.3618907928466797
    ]
  },
  "test-data-file-names": [
    "300_4_4_860",
    "100_4_6_225",
    "50_4_6_61",
    "100_4_4_216",
    "200_6_4_575",
    "50_2_6_21",
    "50_4_4_51",
    "50_4_8_72",
    "50_6_8_112",
    "50_4_2_42",
    "300_6_6_907",
    "50_2_4_11",
    "50_2_8_32",
    "50_2_2_1",
    "250_8_2_764",
    "50_8_4_131",
    "100_4_8_240",
    "50_6_4_91",
    "250_8_6_782",
    "50_6_2_82",
    "250_6_2_721",
    "100_2_6_187",
    "50_8_6_142",
    "50_8_6_141",
    "50_8_2_122",
    "200_6_8_595",
    "50_6_6_103",
    "300_6_4_897",
    "100_4_2_203",
    "50_6_4_92",
    "50_6_2_81",
    "50_6_6_102",
    "50_8_4_132",
    "50_8_8_154",
    "50_8_2_123",
    "50_2_2_2",
    "50_2_8_31",
    "50_2_4_12",
    "150_8_6_466",
    "150_8_2_444",
    "300_2_2_806",
    "50_4_8_71",
    "50_4_4_52",
    "50_6_8_111",
    "50_4_2_41",
    "50_8_8_153",
    "50_2_6_22",
    "150_6_4_416",
    "100_2_4_173",
    "50_4_6_62"
  ]
}