{
  "agent": {
    "rew_mean": 0.0,
    "rew_std": 0.0,
    "rew_best": 0.0,
    "rew_best_count": 50,
    "rew_worst": 0.0,
    "tardiness_mean": 0.0,
    "tardiness_std": 0.0,
    "tardiness_max_mean": 0.0,
    "makespan_tests": [
      32848,
      10999,
      6314,
      12278,
      22358,
      5865,
      6239,
      6372,
      6612,
      5894,
      34008,
      5796,
      6591,
      5727,
      28209,
      6322,
      12096,
      6426,
      27631,
      6220,
      27649,
      11985,
      6468,
      6187,
      6312,
      23085,
      6054,
      33909,
      11387,
      6316,
      6351,
      6366,
      6384,
      6548,
      6592,
      6094,
      5936,
      6201,
      16926,
      17566,
      33366,
      6435,
      5936,
      6812,
      6161,
      6867,
      6257,
      17066,
      11682,
      5990
    ],
    "makespan_mean": 11713.86,
    "rew_worst_quantile_border": 0.0,
    "rew_cvar": 0.0,
    "rew_perc_good_solutions": 1.0,
    "num_tests": 50,
    "running_time": [
      3.417476177215576,
      0.4003901481628418,
      0.10461902618408203,
      0.38699793815612793,
      3.130427837371826,
      0.03451180458068848,
      0.09639191627502441,
      0.10428595542907715,
      0.2122957706451416,
      0.0944359302520752,
      7.579446077346802,
      0.03181910514831543,
      0.03658270835876465,
      0.030489206314086914,
      8.11222219467163,
      0.3347740173339844,
      0.410599946975708,
      0.19909095764160156,
      8.486412763595581,
      0.1901688575744629,
      4.703545093536377,
      0.1353168487548828,
      0.35538578033447266,
      0.34628915786743164,
      0.325228214263916,
      3.3570518493652344,
      0.20759916305541992,
      7.135962724685669,
      0.36122918128967285,
      0.19368386268615723,
      0.19019508361816406,
      0.20116400718688965,
      0.33056020736694336,
      0.3502211570739746,
      0.3209512233734131,
      0.03080606460571289,
      0.03647589683532715,
      0.03293275833129883,
      3.0453450679779053,
      2.9951062202453613,
      1.0904920101165771,
      0.10369205474853516,
      0.09620213508605957,
      0.21161603927612305,
      0.09356999397277832,
      0.3518540859222412,
      0.03438115119934082,
      1.7379519939422607,
      0.12738299369812012,
      0.10018372535705566
    ]
  },
  "test-data-file-names": [
    "300_4_4_860",
    "100_4_6_225",
    "50_4_6_61",
    "100_4_4_216",
    "200_6_4_575",
    "50_2_6_21",
    "50_4_4_51",
    "50_4_8_72",
    "50_6_8_112",
    "50_4_2_42",
    "300_6_6_907",
    "50_2_4_11",
    "50_2_8_32",
    "50_2_2_1",
    "250_8_2_764",
    "50_8_4_131",
    "100_4_8_240",
    "50_6_4_91",
    "250_8_6_782",
    "50_6_2_82",
    "250_6_2_721",
    "100_2_6_187",
    "50_8_6_142",
    "50_8_6_141",
    "50_8_2_122",
    "200_6_8_595",
    "50_6_6_103",
    "300_6_4_897",
    "100_4_2_203",
    "50_6_4_92",
    "50_6_2_81",
    "50_6_6_102",
    "50_8_4_132",
    "50_8_8_154",
    "50_8_2_123",
    "50_2_2_2",
    "50_2_8_31",
    "50_2_4_12",
    "150_8_6_466",
    "150_8_2_444",
    "300_2_2_806",
    "50_4_8_71",
    "50_4_4_52",
    "50_6_8_111",
    "50_4_2_41",
    "50_8_8_153",
    "50_2_6_22",
    "150_6_4_416",
    "100_2_4_173",
    "50_4_6_62"
  ]
}