{
  "runs": [
    {
      "agent": {
        "rew_mean": 0.0,
        "rew_std": 0.0,
        "rew_best": 0.0,
        "rew_best_count": 50,
        "rew_worst": 0.0,
        "tardiness_mean": 0.0,
        "tardiness_std": 0.0,
        "tardiness_max_mean": 0.0,
        "makespan_tests": [
          42259,
          14490,
          8519,
          16401,
          29918,
          7470,
          8061,
          9090,
          8981,
          7455,
          46360,
          7155,
          8052,
          6818,
          38960,
          8681,
          16412,
          8684,
          38057,
          8110,
          37396,
          14836,
          8954,
          8596,
          8344,
          31659,
          8190,
          46225,
          14788,
          8468,
          8373,
          8600,
          8650,
          9229,
          8785,
          6950,
          7835,
          7267,
          23529,
          23892,
          38717,
          8878,
          7713,
          9152,
          7815,
          9040,
          7519,
          23121,
          14091,
          7983
        ],
        "makespan_mean": 15490.56,
        "rew_worst_quantile_border": 0.0,
        "rew_cvar": 0.0,
        "rew_perc_good_solutions": 1.0,
        "num_tests": 50,
        "running_time": [
          2.064763069152832,
          0.24105501174926758,
          0.06105208396911621,
          0.22829008102416992,
          1.9131529331207275,
          0.020960092544555664,
          0.057581186294555664,
          0.06606006622314453,
          0.13425016403198242,
          0.05331993103027344,
          4.767989158630371,
          0.021142005920410156,
          0.025393962860107422,
          0.017733097076416016,
          4.946851968765259,
          0.20822620391845703,
          0.27744197845458984,
          0.12376189231872559,
          5.463872909545898,
          0.11188817024230957,
          2.8459219932556152,
          0.08209109306335449,
          0.21548986434936523,
          0.21592998504638672,
          0.195220947265625,
          2.097504138946533,
          0.12627005577087402,
          4.242498874664307,
          0.21246075630187988,
          0.11850094795227051,
          0.11232781410217285,
          0.1250302791595459,
          0.20438885688781738,
          0.22675204277038574,
          0.19919204711914062,
          0.018186092376708984,
          0.02366805076599121,
          0.019668102264404297,
          1.9643080234527588,
          1.7578020095825195,
          0.6353037357330322,
          0.06661009788513184,
          0.05853700637817383,
          0.13244295120239258,
          0.05310487747192383,
          0.22662615776062012,
          0.021353960037231445,
          1.0706329345703125,
          0.07775497436523438,
          0.06445002555847168
        ]
      },
      "test-data-file-names": [
        "300_4_4_860",
        "100_4_6_225",
        "50_4_6_61",
        "100_4_4_216",
        "200_6_4_575",
        "50_2_6_21",
        "50_4_4_51",
        "50_4_8_72",
        "50_6_8_112",
        "50_4_2_42",
        "300_6_6_907",
        "50_2_4_11",
        "50_2_8_32",
        "50_2_2_1",
        "250_8_2_764",
        "50_8_4_131",
        "100_4_8_240",
        "50_6_4_91",
        "250_8_6_782",
        "50_6_2_82",
        "250_6_2_721",
        "100_2_6_187",
        "50_8_6_142",
        "50_8_6_141",
        "50_8_2_122",
        "200_6_8_595",
        "50_6_6_103",
        "300_6_4_897",
        "100_4_2_203",
        "50_6_4_92",
        "50_6_2_81",
        "50_6_6_102",
        "50_8_4_132",
        "50_8_8_154",
        "50_8_2_123",
        "50_2_2_2",
        "50_2_8_31",
        "50_2_4_12",
        "150_8_6_466",
        "150_8_2_444",
        "300_2_2_806",
        "50_4_8_71",
        "50_4_4_52",
        "50_6_8_111",
        "50_4_2_41",
        "50_8_8_153",
        "50_2_6_22",
        "150_6_4_416",
        "100_2_4_173",
        "50_4_6_62"
      ]
    },
    {
      "agent": {
        "rew_mean": 0.0,
        "rew_std": 0.0,
        "rew_best": 0.0,
        "rew_best_count": 50,
        "rew_worst": 0.0,
        "tardiness_mean": 0.0,
        "tardiness_std": 0.0,
        "tardiness_max_mean": 0.0,
        "makespan_tests": [
          42345,
          14395,
          8389,
          16401,
          29899,
          7470,
          7975,
          8880,
          9187,
          7405,
          46438,
          7155,
          7548,
          6818,
          38888,
          8581,
          15562,
          8612,
          38187,
          8110,
          37468,
          14703,
          8831,
          8628,
          8361,
          31295,
          8190,
          46442,
          14897,
          8468,
          8128,
          8600,
          8739,
          8867,
          8764,
          6793,
          7835,
          7007,
          23647,
          23839,
          38769,
          8807,
          7649,
          9281,
          7894,
          9299,
          7417,
          23134,
          14036,
          7889
        ],
        "makespan_mean": 15438.44,
        "rew_worst_quantile_border": 0.0,
        "rew_cvar": 0.0,
        "rew_perc_good_solutions": 1.0,
        "num_tests": 50,
        "running_time": [
          2.3797988891601562,
          0.24837708473205566,
          0.06270599365234375,
          0.23077178001403809,
          1.910679817199707,
          0.02125692367553711,
          0.057389020919799805,
          0.0657658576965332,
          0.13329362869262695,
          0.05490708351135254,
          4.639102220535278,
          0.019936084747314453,
          0.023062944412231445,
          0.017843961715698242,
          4.949330806732178,
          0.20649099349975586,
          0.2568671703338623,
          0.11742973327636719,
          5.475713729858398,
          0.11428499221801758,
          2.893651008605957,
          0.08159494400024414,
          0.22021818161010742,
          0.21680688858032227,
          0.202301025390625,
          2.136370897293091,
          0.12902188301086426,
          4.468204975128174,
          0.2204132080078125,
          0.12206387519836426,
          0.1158609390258789,
          0.1291358470916748,
          0.2146151065826416,
          0.22954607009887695,
          0.1986680030822754,
          0.01868581771850586,
          0.02372002601623535,
          0.02037501335144043,
          2.0201199054718018,
          1.7908599376678467,
          0.6363861560821533,
          0.06493210792541504,
          0.057965755462646484,
          0.1401979923248291,
          0.05492401123046875,
          0.22745490074157715,
          0.02125692367553711,
          1.1017630100250244,
          0.08130693435668945,
          0.06792402267456055
        ]
      },