{
  "runs": [
    {
      "agent": {
        "rew_mean": 0.0,
        "rew_std": 0.0,
        "rew_best": 0.0,
        "rew_best_count": 50,
        "rew_worst": 0.0,
        "tardiness_mean": 0.0,
        "tardiness_std": 0.0,
        "tardiness_max_mean": 0.0,
        "makespan_tests": [
          38329,
          12844,
          8035,
          14559,
          26845,
          6929,
          7630,
          8204,
          8489,
          6612,
          41625,
          6579,
          7204,
          6189,
          35345,
          8275,
          14778,
          7829,
          34215,
          7572,
          33538,
          13456,
          8548,
          8202,
          7835,
          27955,
          7651,
          41993,
          13633,
          7770,
          7677,
          8056,
          8173,
          8422,
          8189,
          6362,
          7245,
          6633,
          21397,
          21666,
          34836,
          8123,
          6844,
          9124,
          7320,
          8935,
          6870,
          20898,
          12547,
          7363
        ],
        "makespan_mean": 14106.96,
        "rew_worst_quantile_border": 0.0,
        "rew_cvar": 0.0,
        "rew_perc_good_solutions": 1.0,
        "num_tests": 50,
        "running_time": [
          2.3274552822113037,
          0.27386975288391113,
          0.06818795204162598,
          0.2565901279449463,
          2.1264641284942627,
          0.02562880516052246,
          0.06549310684204102,
          0.07377886772155762,
          0.14603495597839355,
          0.061064958572387695,
          5.315175294876099,
          0.02329087257385254,
          0.02732086181640625,
          0.021075963973999023,
          5.413157224655151,
          0.22418880462646484,
          0.29514098167419434,
          0.1327989101409912,
          5.942946672439575,
          0.14781737327575684,
          3.0758261680603027,
          0.09904813766479492,
          0.23264002799987793,
          0.23719000816345215,
          0.21358394622802734,
          2.3399980068206787,
          0.1403970718383789,
          4.742599964141846,
          0.2398231029510498,
          0.1324141025543213,
          0.12489604949951172,
          0.1408698558807373,
          0.22620725631713867,
          0.24741792678833008,
          0.21605396270751953,
          0.021577835083007812,
          0.027621984481811523,
          0.023375988006591797,
          2.1347477436065674,
          1.9193108081817627,
          0.746696949005127,
          0.07277393341064453,
          0.06465411186218262,
          0.14458179473876953,
          0.05929112434387207,
          0.24440217018127441,
          0.025249958038330078,
          1.1709821224212646,
          0.09094882011413574,
          0.06894636154174805
        ]
      },
      "test-data-file-names": [
        "300_4_4_860",
        "100_4_6_225",
        "50_4_6_61",
        "100_4_4_216",
        "200_6_4_575",
        "50_2_6_21",
        "50_4_4_51",
        "50_4_8_72",
        "50_6_8_112",
        "50_4_2_42",
        "300_6_6_907",
        "50_2_4_11",
        "50_2_8_32",
        "50_2_2_1",
        "250_8_2_764",
        "50_8_4_131",
        "100_4_8_240",
        "50_6_4_91",
        "250_8_6_782",
        "50_6_2_82",
        "250_6_2_721",
        "100_2_6_187",
        "50_8_6_142",
        "50_8_6_141",
        "50_8_2_122",
        "200_6_8_595",
        "50_6_6_103",
        "300_6_4_897",
        "100_4_2_203",
        "50_6_4_92",
        "50_6_2_81",
        "50_6_6_102",
        "50_8_4_132",
        "50_8_8_154",
        "50_8_2_123",
        "50_2_2_2",
        "50_2_8_31",
        "50_2_4_12",
        "150_8_6_466",
        "150_8_2_444",
        "300_2_2_806",
        "50_4_8_71",
        "50_4_4_52",
        "50_6_8_111",
        "50_4_2_41",
        "50_8_8_153",
        "50_2_6_22",
        "150_6_4_416",
        "100_2_4_173",
        "50_4_6_62"
      ]
    },
    {
      "agent": {
        "rew_mean": 0.0,
        "rew_std": 0.0,
        "rew_best": 0.0,
        "rew_best_count": 50,
        "rew_worst": 0.0,
        "tardiness_mean": 0.0,
        "tardiness_std": 0.0,
        "tardiness_max_mean": 0.0,
        "makespan_tests": [
          38599,
          12583,
          7511,
          14483,
          26910,
          6534,
          7390,
          7574,
          7805,
          6663,
          41581,
          6455,
          6871,
          6216,
          35580,
          7956,
          14223,
          7637,
          34017,
          7685,
          33576,
          13200,
          7964,
          7920,
          7820,
          27895,
          7495,
          42250,
          13680,
          7725,
          7600,
          7775,
          7860,
          8037,
          8179,
          6414,
          6642,
          6522,
          20877,
          21647,
          35095,
          7502,
          6898,
          8396,
          7257,
          8438,
          6744,
          20999,
          12587,
          7030
        ],
        "makespan_mean": 13925.94,
        "rew_worst_quantile_border": 0.0,
        "rew_cvar": 0.0,
        "rew_perc_good_solutions": 1.0,
        "num_tests": 50,
        "running_time": [
          1.9587242603302002,
          0.2351679801940918,
          0.059319257736206055,
          0.216094970703125,
          1.7790699005126953,
          0.0221712589263916,
          0.05548906326293945,
          0.06416797637939453,
          0.12681102752685547,
          0.05070614814758301,
          4.249166965484619,
          0.020238161087036133,
          0.02473902702331543,
          0.0181121826171875,
          4.5248799324035645,
          0.19027495384216309,
          0.25185728073120117,
          0.11229681968688965,
          5.038518190383911,
          0.10371923446655273,
          2.5649640560150146,
          0.0861058235168457,
          0.19881892204284668,
          0.19840097427368164,
          0.1781599521636963,
          1.9724767208099365,
          0.11944580078125,
          3.9755492210388184,
          0.20012688636779785,
          0.11118698120117188,
          0.1047360897064209,
          0.11914205551147461,
          0.19034695625305176,
          0.21242880821228027,
          0.18094396591186523,
          0.018146753311157227,
          0.024317026138305664,
          0.020473718643188477,
          1.7966351509094238,
          1.6021220684051514,
          0.6234190464019775,
          0.06336688995361328,
          0.05519986152648926,
          0.1249852180480957,
          0.05013084411621094,
          0.21192502975463867,
          0.02220916748046875,
          0.9950740337371826,
          0.0788869857788086,
          0.059951066970825195
        ]
      },