{
  "agent": {
    "rew_mean": 0.0,
    "rew_std": 0.0,
    "rew_best": 0.0,
    "rew_best_count": 50,
    "rew_worst": 0.0,
    "tardiness_mean": 0.0,
    "tardiness_std": 0.0,
    "tardiness_max_mean": 0.0,
    "makespan_tests": [
      32848,
      10999,
      6314,
      12278,
      22358,
      5865,
      6239,
      6372,
      6612,
      5894,
      34008,
      5796,
      6591,
      5727,
      28209,
      6322,
      12096,
      6426,
      27631,
      6220,
      27649,
      11985,
      6468,
      6187,
      6312,
      23085,
      6054,
      33909,
      11387,
      6316,
      6351,
      6366,
      6384,
      6548,
      6592,
      6094,
      5936,
      6201,
      16926,
      17566,
      33366,
      6435,
      5936,
      6812,
      6161,
      6867,
      6257,
      17066,
      11682,
      5990
    ],
    "makespan_mean": 11713.86,
    "rew_worst_quantile_border": 0.0,
    "rew_cvar": 0.0,
    "rew_perc_good_solutions": 1.0,
    "num_tests": 50,
    "running_time": [
      1.9827589988708496,
      0.23934602737426758,
      0.05787372589111328,
      0.4566681385040283,
      2.026721954345703,
      0.021485090255737305,
      0.05407404899597168,
      0.0660090446472168,
      0.1247551441192627,
      0.04929494857788086,
      4.7322540283203125,
      0.0191800594329834,
      0.02373814582824707,
      0.016927003860473633,
      6.088013172149658,
      0.1855788230895996,
      0.24513006210327148,
      0.10606884956359863,
      5.128835916519165,
      0.0982060432434082,
      2.456031322479248,
      0.07942700386047363,
      0.1985762119293213,
      0.19411110877990723,
      0.1704709529876709,
      1.925957202911377,
      0.11380600929260254,
      4.855973958969116,
      0.19481182098388672,
      0.10822772979736328,
      0.0981597900390625,
      0.11561894416809082,
      0.17829608917236328,
      0.19974708557128906,
      0.16660571098327637,
      0.016128063201904297,
      0.02251601219177246,
      0.018326997756958008,
      1.6940209865570068,
      1.5150330066680908,
      0.5773329734802246,
      0.06112504005432129,
      0.1248481273651123,
      0.15264010429382324,
      0.047122955322265625,
      0.20409703254699707,
      0.020856857299804688,
      0.9444630146026611,
      0.07232213020324707,
      0.05627107620239258
    ]
  },
  "test-data-file-names": [
    "300_4_4_860",
    "100_4_6_225",
    "50_4_6_61",
    "100_4_4_216",
    "200_6_4_575",
    "50_2_6_21",
    "50_4_4_51",
    "50_4_8_72",
    "50_6_8_112",
    "50_4_2_42",
    "300_6_6_907",
    "50_2_4_11",
    "50_2_8_32",
    "50_2_2_1",
    "250_8_2_764",
    "50_8_4_131",
    "100_4_8_240",
    "50_6_4_91",
    "250_8_6_782",
    "50_6_2_82",
    "250_6_2_721",
    "100_2_6_187",
    "50_8_6_142",
    "50_8_6_141",
    "50_8_2_122",
    "200_6_8_595",
    "50_6_6_103",
    "300_6_4_897",
    "100_4_2_203",
    "50_6_4_92",
    "50_6_2_81",
    "50_6_6_102",
    "50_8_4_132",
    "50_8_8_154",
    "50_8_2_123",
    "50_2_2_2",
    "50_2_8_31",
    "50_2_4_12",
    "150_8_6_466",
    "150_8_2_444",
    "300_2_2_806",
    "50_4_8_71",
    "50_4_4_52",
    "50_6_8_111",
    "50_4_2_41",
    "50_8_8_153",
    "50_2_6_22",
    "150_6_4_416",
    "100_2_4_173",
    "50_4_6_62"
  ]
}