{
  "agent": {
    "rew_mean": 0.0,
    "rew_std": 0.0,
    "rew_best": 0.0,
    "rew_best_count": 50,
    "rew_worst": 0.0,
    "tardiness_mean": 0.0,
    "tardiness_std": 0.0,
    "tardiness_max_mean": 0.0,
    "makespan_tests": [
      38329,
      12844,
      8035,
      14559,
      26845,
      6929,
      7630,
      8204,
      8489,
      6612,
      41625,
      6579,
      7204,
      6189,
      35345,
      8275,
      14778,
      7829,
      34215,
      7572,
      33538,
      13456,
      8548,
      8202,
      7835,
      27955,
      7651,
      41993,
      13633,
      7770,
      7677,
      8056,
      8173,
      8422,
      8189,
      6362,
      7245,
      6633,
      21397,
      21666,
      34836,
      8123,
      6844,
      9124,
      7320,
      8935,
      6870,
      20898,
      12547,
      7363
    ],
    "makespan_mean": 14106.96,
    "rew_worst_quantile_border": 0.0,
    "rew_cvar": 0.0,
    "rew_perc_good_solutions": 1.0,
    "num_tests": 50,
    "running_time": [
      2.4696760177612305,
      0.28913187980651855,
      0.07125115394592285,
      0.2794630527496338,
      2.1477038860321045,
      0.02532196044921875,
      0.06427407264709473,
      0.07949376106262207,
      0.18326115608215332,
      0.07122302055358887,
      5.102329969406128,
      0.026301860809326172,
      0.03187298774719238,
      0.022334814071655273,
      6.102999925613403,
      0.2233269214630127,
      0.29772520065307617,
      0.13153386116027832,
      6.337522029876709,
      0.12471389770507812,
      3.441864013671875,
      0.09948086738586426,
      0.24749398231506348,
      0.23850607872009277,
      0.22492623329162598,
      2.3622381687164307,
      0.13907480239868164,
      4.761863946914673,
      0.23964500427246094,
      0.13081693649291992,
      0.12395286560058594,
      0.13764405250549316,
      0.22248196601867676,
      0.24485492706298828,
      0.2126600742340088,
      0.020996809005737305,
      0.027289867401123047,
      0.023287057876586914,
      2.1183879375457764,
      1.9373111724853516,
      0.7508187294006348,
      0.0726938247680664,
      0.06586599349975586,
      0.14954209327697754,
      0.061428070068359375,
      0.2554609775543213,
      0.02532672882080078,
      1.2012889385223389,
      0.0906839370727539,
      0.06810903549194336
    ]
  },
  "test-data-file-names": [
    "300_4_4_860",
    "100_4_6_225",
    "50_4_6_61",
    "100_4_4_216",
    "200_6_4_575",
    "50_2_6_21",
    "50_4_4_51",
    "50_4_8_72",
    "50_6_8_112",
    "50_4_2_42",
    "300_6_6_907",
    "50_2_4_11",
    "50_2_8_32",
    "50_2_2_1",
    "250_8_2_764",
    "50_8_4_131",
    "100_4_8_240",
    "50_6_4_91",
    "250_8_6_782",
    "50_6_2_82",
    "250_6_2_721",
    "100_2_6_187",
    "50_8_6_142",
    "50_8_6_141",
    "50_8_2_122",
    "200_6_8_595",
    "50_6_6_103",
    "300_6_4_897",
    "100_4_2_203",
    "50_6_4_92",
    "50_6_2_81",
    "50_6_6_102",
    "50_8_4_132",
    "50_8_8_154",
    "50_8_2_123",
    "50_2_2_2",
    "50_2_8_31",
    "50_2_4_12",
    "150_8_6_466",
    "150_8_2_444",
    "300_2_2_806",
    "50_4_8_71",
    "50_4_4_52",
    "50_6_8_111",
    "50_4_2_41",
    "50_8_8_153",
    "50_2_6_22",
    "150_6_4_416",
    "100_2_4_173",
    "50_4_6_62"
  ]
}