{
  "agent": {
    "rew_mean": 0.0,
    "rew_std": 0.0,
    "rew_best": 0.0,
    "rew_best_count": 50,
    "rew_worst": 0.0,
    "tardiness_mean": 0.0,
    "tardiness_std": 0.0,
    "tardiness_max_mean": 0.0,
    "makespan_tests": [
      35536,
      12746,
      7274,
      13409,
      24048,
      6750,
      7248,
      7716,
      7926,
      6308,
      36825,
      6512,
      7698,
      6070,
      31001,
      7138,
      13754,
      7262,
      29563,
      6676,
      29971,
      13368,
      7238,
      7379,
      7044,
      25448,
      6963,
      36836,
      12185,
      7374,
      6977,
      7560,
      7131,
      7471,
      7142,
      7018,
      6843,
      7120,
      18776,
      19568,
      35259,
      7765,
      6593,
      8010,
      6793,
      7852,
      8011,
      18359,
      12965,
      6541
    ],
    "makespan_mean": 12980.4,
    "rew_worst_quantile_border": 0.0,
    "rew_cvar": 0.0,
    "rew_perc_good_solutions": 1.0,
    "num_tests": 50,
    "running_time": [
      2.2571399211883545,
      0.25608301162719727,
      0.0667121410369873,
      0.24934101104736328,
      1.9413390159606934,
      0.0252530574798584,
      0.06204795837402344,
      0.07361412048339844,
      0.14342308044433594,
      0.05644416809082031,
      4.865144968032837,
      0.023762941360473633,
      0.02705836296081543,
      0.020431041717529297,
      6.059141159057617,
      0.21347403526306152,
      0.2861030101776123,
      0.1284630298614502,
      6.144945859909058,
      0.12024497985839844,
      3.1175155639648438,
      0.1168680191040039,
      0.25235772132873535,
      0.23954486846923828,
      0.21385765075683594,
      2.360891342163086,
      0.1367506980895996,
      4.8245530128479,
      0.24400806427001953,
      0.1315319538116455,
      0.13107919692993164,
      0.1485888957977295,
      0.29123926162719727,
      0.3370628356933594,
      0.26247596740722656,
      0.025602102279663086,
      0.03348708152770996,
      0.03327798843383789,
      2.359251022338867,
      1.8509860038757324,
      0.7314412593841553,
      0.07218408584594727,
      0.06266999244689941,
      0.14475178718566895,
      0.0588991641998291,
      0.24210906028747559,
      0.024077892303466797,
      1.2112948894500732,
      0.08525633811950684,
      0.06665992736816406
    ]
  },
  "test-data-file-names": [
    "300_4_4_860",
    "100_4_6_225",
    "50_4_6_61",
    "100_4_4_216",
    "200_6_4_575",
    "50_2_6_21",
    "50_4_4_51",
    "50_4_8_72",
    "50_6_8_112",
    "50_4_2_42",
    "300_6_6_907",
    "50_2_4_11",
    "50_2_8_32",
    "50_2_2_1",
    "250_8_2_764",
    "50_8_4_131",
    "100_4_8_240",
    "50_6_4_91",
    "250_8_6_782",
    "50_6_2_82",
    "250_6_2_721",
    "100_2_6_187",
    "50_8_6_142",
    "50_8_6_141",
    "50_8_2_122",
    "200_6_8_595",
    "50_6_6_103",
    "300_6_4_897",
    "100_4_2_203",
    "50_6_4_92",
    "50_6_2_81",
    "50_6_6_102",
    "50_8_4_132",
    "50_8_8_154",
    "50_8_2_123",
    "50_2_2_2",
    "50_2_8_31",
    "50_2_4_12",
    "150_8_6_466",
    "150_8_2_444",
    "300_2_2_806",
    "50_4_8_71",
    "50_4_4_52",
    "50_6_8_111",
    "50_4_2_41",
    "50_8_8_153",
    "50_2_6_22",
    "150_6_4_416",
    "100_2_4_173",
    "50_4_6_62"
  ]
}