{
  "agent": {
    "rew_mean": 0.0,
    "rew_std": 0.0,
    "rew_best": 0.0,
    "rew_best_count": 50,
    "rew_worst": 0.0,
    "tardiness_mean": 0.0,
    "tardiness_std": 0.0,
    "tardiness_max_mean": 0.0,
    "makespan_tests": [
      32848,
      11001,
      6329,
      12278,
      22358,
      5862,
      6241,
      6396,
      6612,
      5894,
      34008,
      5798,
      6560,
      5726,
      28209,
      6322,
      12100,
      6421,
      27631,
      6221,
      27649,
      11985,
      6472,
      6196,
      6313,
      23085,
      6054,
      33909,
      11387,
      6315,
      6351,
      6375,
      6388,
      6548,
      6593,
      6095,
      5946,
      6207,
      16926,
      17566,
      33366,
      6448,
      5939,
      6821,
      6162,
      6867,
      6260,
      17066,
      11683,
      5984
    ],
    "makespan_mean": 11715.42,
    "rew_worst_quantile_border": 0.0,
    "rew_cvar": 0.0,
    "rew_perc_good_solutions": 1.0,
    "num_tests": 50,
    "running_time": [
      6.720927000045776,
      0.7384049892425537,
      0.18313288688659668,
      0.7156076431274414,
      6.186856985092163,
      0.06185412406921387,
      0.18286705017089844,
      0.1879580020904541,
      0.3817131519317627,
      0.17499804496765137,
      14.101010799407959,
      0.05869293212890625,
      0.06262397766113281,
      0.05667304992675781,
      16.110368728637695,
      0.6823098659515381,
      0.7689716815948486,
      0.3697957992553711,
      16.32929515838623,
      0.3636810779571533,
      9.467257022857666,
      0.24211382865905762,
      0.6544749736785889,
      0.7723209857940674,
      0.6542961597442627,
      6.508324861526489,
      0.3822662830352783,
      13.729812860488892,
      0.7136881351470947,
      0.40090298652648926,
      0.36504125595092773,
      0.3786940574645996,
      0.6708889007568359,
      0.6516611576080322,
      0.6247239112854004,
      0.05714607238769531,
      0.062242984771728516,
      0.05929279327392578,
      5.7672278881073,
      6.105242013931274,
      2.0055348873138428,
      0.1885850429534912,
      0.18086504936218262,
      0.3849222660064697,
      0.17583799362182617,
      0.6597728729248047,
      0.06282591819763184,
      3.382098913192749,
      0.26008129119873047,
      0.1884920597076416
    ]
  },
  "test-data-file-names": [
    "300_4_4_860",
    "100_4_6_225",
    "50_4_6_61",
    "100_4_4_216",
    "200_6_4_575",
    "50_2_6_21",
    "50_4_4_51",
    "50_4_8_72",
    "50_6_8_112",
    "50_4_2_42",
    "300_6_6_907",
    "50_2_4_11",
    "50_2_8_32",
    "50_2_2_1",
    "250_8_2_764",
    "50_8_4_131",
    "100_4_8_240",
    "50_6_4_91",
    "250_8_6_782",
    "50_6_2_82",
    "250_6_2_721",
    "100_2_6_187",
    "50_8_6_142",
    "50_8_6_141",
    "50_8_2_122",
    "200_6_8_595",
    "50_6_6_103",
    "300_6_4_897",
    "100_4_2_203",
    "50_6_4_92",
    "50_6_2_81",
    "50_6_6_102",
    "50_8_4_132",
    "50_8_8_154",
    "50_8_2_123",
    "50_2_2_2",
    "50_2_8_31",
    "50_2_4_12",
    "150_8_6_466",
    "150_8_2_444",
    "300_2_2_806",
    "50_4_8_71",
    "50_4_4_52",
    "50_6_8_111",
    "50_4_2_41",
    "50_8_8_153",
    "50_2_6_22",
    "150_6_4_416",
    "100_2_4_173",
    "50_4_6_62"
  ]
}