{
  "runs": [
    {
      "agent": {
        "rew_mean": 0.0,
        "rew_std": 0.0,
        "rew_best": 0.0,
        "rew_best_count": 50,
        "rew_worst": 0.0,
        "tardiness_mean": 0.0,
        "tardiness_std": 0.0,
        "tardiness_max_mean": 0.0,
        "makespan_tests": [
          32848,
          11000,
          6329,
          12276,
          22359,
          5862,
          6248,
          6396,
          6606,
          5894,
          34008,
          5801,
          6567,
          5728,
          28209,
          6322,
          12100,
          6423,
          27631,
          6221,
          27649,
          11985,
          6472,
          6201,
          6313,
          23085,
          6041,
          33909,
          11387,
          6315,
          6351,
          6374,
          6388,
          6535,
          6593,
          6095,
          5954,
          6198,
          16927,
          17566,
          33366,
          6448,
          5937,
          6816,
          6160,
          6865,
          6256,
          17067,
          11683,
          5994
        ],
        "makespan_mean": 11715.16,
        "rew_worst_quantile_border": 0.0,
        "rew_cvar": 0.0,
        "rew_perc_good_solutions": 1.0,
        "num_tests": 50,
        "running_time": [
          2.563751220703125,
          0.2967660427093506,
          0.07502484321594238,
          0.27988386154174805,
          2.3458778858184814,
          0.025751113891601562,
          0.0724799633026123,
          0.07886505126953125,
          0.15775179862976074,
          0.06704592704772949,
          5.465885877609253,
          0.025599002838134766,
          0.029732942581176758,
          0.023550033569335938,
          6.064620018005371,
          0.25229787826538086,
          0.3328251838684082,
          0.14824891090393066,
          6.394686937332153,
          0.13579297065734863,
          3.5272390842437744,
          0.10664105415344238,
          0.2613849639892578,
          0.26352620124816895,
          0.23661422729492188,
          2.846687078475952,
          0.16302919387817383,
          5.444416046142578,
          0.2744159698486328,
          0.1463308334350586,
          0.14423489570617676,
          0.15521001815795898,
          0.25142717361450195,
          0.27097606658935547,
          0.2368450164794922,
          0.02272796630859375,
          0.027784109115600586,
          0.024272918701171875,
          2.3268229961395264,
          2.1268270015716553,
          0.8096048831939697,
          0.08452296257019043,
          0.07459568977355957,
          0.15800094604492188,
          0.06634092330932617,
          0.26885485649108887,
          0.02760910987854004,
          1.3038661479949951,
          0.0946500301361084,
          0.07939505577087402
        ]
      },
      "test-data-file-names": [
        "300_4_4_860",
        "100_4_6_225",
        "50_4_6_61",
        "100_4_4_216",
        "200_6_4_575",
        "50_2_6_21",
        "50_4_4_51",
        "50_4_8_72",
        "50_6_8_112",
        "50_4_2_42",
        "300_6_6_907",
        "50_2_4_11",
        "50_2_8_32",
        "50_2_2_1",
        "250_8_2_764",
        "50_8_4_131",
        "100_4_8_240",
        "50_6_4_91",
        "250_8_6_782",
        "50_6_2_82",
        "250_6_2_721",
        "100_2_6_187",
        "50_8_6_142",
        "50_8_6_141",
        "50_8_2_122",
        "200_6_8_595",
        "50_6_6_103",
        "300_6_4_897",
        "100_4_2_203",
        "50_6_4_92",
        "50_6_2_81",
        "50_6_6_102",
        "50_8_4_132",
        "50_8_8_154",
        "50_8_2_123",
        "50_2_2_2",
        "50_2_8_31",
        "50_2_4_12",
        "150_8_6_466",
        "150_8_2_444",
        "300_2_2_806",
        "50_4_8_71",
        "50_4_4_52",
        "50_6_8_111",
        "50_4_2_41",
        "50_8_8_153",
        "50_2_6_22",
        "150_6_4_416",
        "100_2_4_173",
        "50_4_6_62"
      ]
    },
    {
      "agent": {
        "rew_mean": 0.0,
        "rew_std": 0.0,
        "rew_best": 0.0,
        "rew_best_count": 50,
        "rew_worst": 0.0,
        "tardiness_mean": 0.0,
        "tardiness_std": 0.0,
        "tardiness_max_mean": 0.0,
        "makespan_tests": [
          32848,
          10998,
          6329,
          12278,
          22358,
          5863,
          6241,
          6375,
          6612,
          5894,
          34008,
          5800,
          6609,
          5726,
          28209,
          6322,
          12103,
          6427,
          27631,
          6221,
          27649,
          11984,
          6472,
          6191,
          6313,
          23085,
          6059,
          33909,
          11387,
          6317,
          6351,
          6375,
          6384,
          6548,
          6593,
          6095,
          5946,
          6195,
          16927,
          17566,
          33366,
          6448,
          5935,
          6816,
          6161,
          6867,
          6266,
          17066,
          11682,
          5991
        ],
        "makespan_mean": 11715.92,
        "rew_worst_quantile_border": 0.0,
        "rew_cvar": 0.0,
        "rew_perc_good_solutions": 1.0,
        "num_tests": 50,
        "running_time": [
          2.1661341190338135,
          0.24994421005249023,
          0.06685090065002441,
          0.23619675636291504,
          2.015686273574829,
          0.021317005157470703,
          0.05946612358093262,
          0.06699705123901367,
          0.13300681114196777,
          0.055799007415771484,
          4.913651943206787,
          0.019735097885131836,
          0.02318286895751953,
          0.018380165100097656,
          5.199273109436035,
          0.21154403686523438,
          0.2716548442840576,
          0.13034701347351074,
          5.728859901428223,
          0.11836481094360352,
          2.9895107746124268,
          0.08646082878112793,
          0.22382283210754395,
          0.22968029975891113,
          0.2038722038269043,
          2.1651148796081543,
          0.12843012809753418,
          4.4679951667785645,
          0.2277541160583496,
          0.12281012535095215,
          0.11728835105895996,
          0.1288902759552002,
          0.20961809158325195,
          0.22803425788879395,
          0.20136284828186035,
          0.018843889236450195,
          0.023556947708129883,
          0.020484209060668945,
          1.9988830089569092,
          1.8444781303405762,
          0.6700282096862793,
          0.06933403015136719,
          0.0876317024230957,
          0.16054725646972656,
          0.05640769004821777,
          0.23526811599731445,
          0.02169203758239746,
          1.2341420650482178,
          0.11193704605102539,
          0.07319092750549316
        ]
      },