{
  "agent": {
    "rew_mean": 0.0,
    "rew_std": 0.0,
    "rew_best": 0.0,
    "rew_best_count": 50,
    "rew_worst": 0.0,
    "tardiness_mean": 0.0,
    "tardiness_std": 0.0,
    "tardiness_max_mean": 0.0,
    "makespan_tests": [
      35991,
      12427,
      7183,
      13631,
      26048,
      6426,
      7391,
      7755,
      7932,
      6279,
      38152,
      6210,
      7582,
      6034,
      32353,
      7508,
      13778,
      7262,
      32531,
      6906,
      31261,
      12956,
      7236,
      7372,
      7044,
      27720,
      7116,
      39228,
      12103,
      7303,
      7094,
      7541,
      7237,
      7579,
      7127,
      6833,
      6522,
      7272,
      20544,
      20240,
      35512,
      7777,
      6593,
      7902,
      6734,
      8029,
      7683,
      19846,
      12731,
      6784
    ],
    "makespan_mean": 13325.96,
    "rew_worst_quantile_border": 0.0,
    "rew_cvar": 0.0,
    "rew_perc_good_solutions": 1.0,
    "num_tests": 50,
    "running_time": [
      5.861755847930908,
      0.6351339817047119,
      0.16411590576171875,
      0.6164679527282715,
      4.979889154434204,
      0.057517051696777344,
      0.1609508991241455,
      0.16997909545898438,
      0.3438131809234619,
      0.1537778377532959,
      12.053595066070557,
      0.05509805679321289,
      0.05956411361694336,
      0.052495718002319336,
      13.641401767730713,
      0.5697610378265381,
      0.6604800224304199,
      0.32630300521850586,
      15.00306510925293,
      0.31417083740234375,
      9.029244184494019,
      0.27510976791381836,
      0.8335249423980713,
      0.9125947952270508,
      0.6357119083404541,
      5.8533689975738525,
      0.33531808853149414,
      12.14177680015564,
      0.6133320331573486,
      0.33254098892211914,
      0.32427310943603516,
      0.3341219425201416,
      0.5717811584472656,
      0.5789608955383301,
      0.540057897567749,
      0.052011966705322266,
      0.059560298919677734,
      0.054440975189208984,
      5.072232246398926,
      5.067399024963379,
      1.9138219356536865,
      0.1726970672607422,
      0.15992498397827148,
      0.34653210639953613,
      0.1523759365081787,
      0.5787780284881592,
      0.05711102485656738,
      2.8438878059387207,
      0.2178046703338623,
      0.16729998588562012
    ]
  },
  "test-data-file-names": [
    "300_4_4_860",
    "100_4_6_225",
    "50_4_6_61",
    "100_4_4_216",
    "200_6_4_575",
    "50_2_6_21",
    "50_4_4_51",
    "50_4_8_72",
    "50_6_8_112",
    "50_4_2_42",
    "300_6_6_907",
    "50_2_4_11",
    "50_2_8_32",
    "50_2_2_1",
    "250_8_2_764",
    "50_8_4_131",
    "100_4_8_240",
    "50_6_4_91",
    "250_8_6_782",
    "50_6_2_82",
    "250_6_2_721",
    "100_2_6_187",
    "50_8_6_142",
    "50_8_6_141",
    "50_8_2_122",
    "200_6_8_595",
    "50_6_6_103",
    "300_6_4_897",
    "100_4_2_203",
    "50_6_4_92",
    "50_6_2_81",
    "50_6_6_102",
    "50_8_4_132",
    "50_8_8_154",
    "50_8_2_123",
    "50_2_2_2",
    "50_2_8_31",
    "50_2_4_12",
    "150_8_6_466",
    "150_8_2_444",
    "300_2_2_806",
    "50_4_8_71",
    "50_4_4_52",
    "50_6_8_111",
    "50_4_2_41",
    "50_8_8_153",
    "50_2_6_22",
    "150_6_4_416",
    "100_2_4_173",
    "50_4_6_62"
  ]
}