{
  "runs": [
    {
      "agent": {
        "rew_mean": 0.0,
        "rew_std": 0.0,
        "rew_best": 0.0,
        "rew_best_count": 50,
        "rew_worst": 0.0,
        "tardiness_mean": 0.0,
        "tardiness_std": 0.0,
        "tardiness_max_mean": 0.0,
        "makespan_tests": [
          32848,
          10999,
          6314,
          12278,
          22358,
          5865,
          6239,
          6372,
          6612,
          5894,
          34008,
          5796,
          6591,
          5727,
          28209,
          6322,
          12096,
          6426,
          27631,
          6220,
          27649,
          11985,
          6468,
          6187,
          6312,
          23085,
          6054,
          33909,
          11387,
          6316,
          6351,
          6366,
          6384,
          6548,
          6592,
          6094,
          5936,
          6201,
          16926,
          17566,
          33366,
          6435,
          5936,
          6812,
          6161,
          6867,
          6257,
          17066,
          11682,
          5990
        ],
        "makespan_mean": 11713.86,
        "rew_worst_quantile_border": 0.0,
        "rew_cvar": 0.0,
        "rew_perc_good_solutions": 1.0,
        "num_tests": 50,
        "running_time": [
          1.8652021884918213,
          0.23764991760253906,
          0.055999040603637695,
          0.20732879638671875,
          1.676699161529541,
          0.02038407325744629,
          0.051587820053100586,
          0.05984997749328613,
          0.11876296997070312,
          0.04739212989807129,
          4.177196025848389,
          0.01814889907836914,
          0.02263808250427246,
          0.01619887351989746,
          4.268465995788574,
          0.17636513710021973,
          0.23731708526611328,
          0.10417509078979492,
          4.757209062576294,
          0.09730792045593262,
          2.45786714553833,
          0.08343124389648438,
          0.19408893585205078,
          0.1918470859527588,
          0.17634892463684082,
          2.138014078140259,
          0.11062383651733398,
          3.9053430557250977,
          0.18586277961730957,
          0.10759758949279785,
          0.09792113304138184,
          0.11099386215209961,
          0.18445515632629395,
          0.20034003257751465,
          0.17689228057861328,
          0.016170978546142578,
          0.02265787124633789,
          0.018435001373291016,
          1.7089252471923828,
          1.5542957782745361,
          0.581049919128418,
          0.06046175956726074,
          0.05168485641479492,
          0.11895394325256348,
          0.04599189758300781,
          0.20131993293762207,
          0.020874977111816406,
          0.9428331851959229,
          0.07441186904907227,
          0.06002521514892578
        ]
      },
      "test-data-file-names": [
        "300_4_4_860",
        "100_4_6_225",
        "50_4_6_61",
        "100_4_4_216",
        "200_6_4_575",
        "50_2_6_21",
        "50_4_4_51",
        "50_4_8_72",
        "50_6_8_112",
        "50_4_2_42",
        "300_6_6_907",
        "50_2_4_11",
        "50_2_8_32",
        "50_2_2_1",
        "250_8_2_764",
        "50_8_4_131",
        "100_4_8_240",
        "50_6_4_91",
        "250_8_6_782",
        "50_6_2_82",
        "250_6_2_721",
        "100_2_6_187",
        "50_8_6_142",
        "50_8_6_141",
        "50_8_2_122",
        "200_6_8_595",
        "50_6_6_103",
        "300_6_4_897",
        "100_4_2_203",
        "50_6_4_92",
        "50_6_2_81",
        "50_6_6_102",
        "50_8_4_132",
        "50_8_8_154",
        "50_8_2_123",
        "50_2_2_2",
        "50_2_8_31",
        "50_2_4_12",
        "150_8_6_466",
        "150_8_2_444",
        "300_2_2_806",
        "50_4_8_71",
        "50_4_4_52",
        "50_6_8_111",
        "50_4_2_41",
        "50_8_8_153",
        "50_2_6_22",
        "150_6_4_416",
        "100_2_4_173",
        "50_4_6_62"
      ]
    },
    {
      "agent": {
        "rew_mean": 0.0,
        "rew_std": 0.0,
        "rew_best": 0.0,
        "rew_best_count": 50,
        "rew_worst": 0.0,
        "tardiness_mean": 0.0,
        "tardiness_std": 0.0,
        "tardiness_max_mean": 0.0,
        "makespan_tests": [
          32848,
          10999,
          6314,
          12278,
          22358,
          5865,
          6239,
          6372,
          6612,
          5894,
          34008,
          5796,
          6591,
          5727,
          28209,
          6322,
          12096,
          6426,
          27631,
          6220,
          27649,
          11985,
          6468,
          6187,
          6312,
          23085,
          6054,
          33909,
          11387,
          6316,
          6351,
          6366,
          6384,
          6548,
          6592,
          6094,
          5936,
          6201,
          16926,
          17566,
          33366,
          6435,
          5936,
          6812,
          6161,
          6867,
          6257,
          17066,
          11682,
          5990
        ],
        "makespan_mean": 11713.86,
        "rew_worst_quantile_border": 0.0,
        "rew_cvar": 0.0,
        "rew_perc_good_solutions": 1.0,
        "num_tests": 50,
        "running_time": [
          1.8024821281433105,
          0.2198197841644287,
          0.05415010452270508,
          0.2034471035003662,
          1.679067850112915,
          0.020094871520996094,
          0.050184011459350586,
          0.05830717086791992,
          0.11477875709533691,
          0.04575991630554199,
          4.036410808563232,
          0.017712831497192383,
          0.022150278091430664,
          0.01610541343688965,
          4.858921051025391,
          0.16986703872680664,
          0.2360851764678955,
          0.10131406784057617,
          4.5951690673828125,
          0.0986790657043457,
          2.370875835418701,
          0.07729482650756836,
          0.19148921966552734,
          0.18327093124389648,
          0.1685199737548828,
          1.843919038772583,
          0.10649776458740234,
          3.880817174911499,
          0.18775606155395508,
          0.10610008239746094,
          0.0965733528137207,
          0.1126410961151123,
          0.17597103118896484,
          0.1922011375427246,
          0.16170620918273926,
          0.01583695411682129,
          0.022251129150390625,
          0.018524885177612305,
          1.696216106414795,
          1.4638159275054932,
          0.5541460514068604,
          0.05842995643615723,
          0.05015206336975098,
          0.11430096626281738,
          0.04582095146179199,
          0.19530391693115234,
          0.019999980926513672,
          0.9246599674224854,
          0.06903767585754395,
          0.054696083068847656
        ]
      },