{
  "runs": [
    {
      "agent": {
        "rew_mean": 0.0,
        "rew_std": 0.0,
        "rew_best": 0.0,
        "rew_best_count": 50,
        "rew_worst": 0.0,
        "tardiness_mean": 0.0,
        "tardiness_std": 0.0,
        "tardiness_max_mean": 0.0,
        "makespan_tests": [
          36173,
          11593,
          7050,
          13955,
          25516,
          6071,
          7103,
          7026,
          7538,
          6797,
          38454,
          6048,
          6776,
          6140,
          36744,
          7660,
          13246,
          7428,
          31997,
          7644,
          34069,
          12686,
          7546,
          7338,
          8012,
          25582,
          6951,
          40074,
          13612,
          7436,
          7734,
          7273,
          7651,
          7588,
          8239,
          6310,
          6173,
          6519,
          19412,
          22512,
          34832,
          6992,
          6538,
          7512,
          7412,
          7759,
          6610,
          19665,
          12337,
          6592
        ],
        "makespan_mean": 13398.5,
        "rew_worst_quantile_border": 0.0,
        "rew_cvar": 0.0,
        "rew_perc_good_solutions": 1.0,
        "num_tests": 50,
        "running_time": [
          1.8611960411071777,
          0.22044110298156738,
          0.055251121520996094,
          0.2045900821685791,
          1.9985990524291992,
          0.019780874252319336,
          0.05203890800476074,
          0.05895495414733887,
          0.11851906776428223,
          0.04785895347595215,
          4.080278158187866,
          0.018140316009521484,
          0.021843910217285156,
          0.0162811279296875,
          4.390931844711304,
          0.19099020957946777,
          0.26157116889953613,
          0.12027192115783691,
          4.842437267303467,
          0.09916520118713379,
          2.5012989044189453,
          0.07599496841430664,
          0.19249796867370605,
          0.19772863388061523,
          0.17163896560668945,
          2.024322986602783,
          0.11351799964904785,
          3.859463930130005,
          0.18798398971557617,
          0.1074368953704834,
          0.09940695762634277,
          0.1131289005279541,
          0.18389201164245605,
          0.20326805114746094,
          0.1701068878173828,
          0.016035795211791992,
          0.021412134170532227,
          0.017964839935302734,
          1.760711908340454,
          1.5504591464996338,
          0.5666239261627197,
          0.05934000015258789,
          0.052535057067871094,
          0.11921000480651855,
          0.046772003173828125,
          0.20305490493774414,
          0.019955158233642578,
          0.9640791416168213,
          0.06977987289428711,
          0.05613517761230469
        ]
      },
      "test-data-file-names": [
        "300_4_4_860",
        "100_4_6_225",
        "50_4_6_61",
        "100_4_4_216",
        "200_6_4_575",
        "50_2_6_21",
        "50_4_4_51",
        "50_4_8_72",
        "50_6_8_112",
        "50_4_2_42",
        "300_6_6_907",
        "50_2_4_11",
        "50_2_8_32",
        "50_2_2_1",
        "250_8_2_764",
        "50_8_4_131",
        "100_4_8_240",
        "50_6_4_91",
        "250_8_6_782",
        "50_6_2_82",
        "250_6_2_721",
        "100_2_6_187",
        "50_8_6_142",
        "50_8_6_141",
        "50_8_2_122",
        "200_6_8_595",
        "50_6_6_103",
        "300_6_4_897",
        "100_4_2_203",
        "50_6_4_92",
        "50_6_2_81",
        "50_6_6_102",
        "50_8_4_132",
        "50_8_8_154",
        "50_8_2_123",
        "50_2_2_2",
        "50_2_8_31",
        "50_2_4_12",
        "150_8_6_466",
        "150_8_2_444",
        "300_2_2_806",
        "50_4_8_71",
        "50_4_4_52",
        "50_6_8_111",
        "50_4_2_41",
        "50_8_8_153",
        "50_2_6_22",
        "150_6_4_416",
        "100_2_4_173",
        "50_4_6_62"
      ]
    },
    {
      "agent": {
        "rew_mean": 0.0,
        "rew_std": 0.0,
        "rew_best": 0.0,
        "rew_best_count": 50,
        "rew_worst": 0.0,
        "tardiness_mean": 0.0,
        "tardiness_std": 0.0,
        "tardiness_max_mean": 0.0,
        "makespan_tests": [
          32850,
          10999,
          6314,
          12278,
          22367,
          5865,
          6239,
          6372,
          6612,
          5894,
          34008,
          5796,
          6592,
          5786,
          28220,
          6322,
          12096,
          6431,
          27631,
          6220,
          27659,
          11985,
          6468,
          6187,
          6312,
          23085,
          6054,
          33909,
          11399,
          6316,
          6351,
          6366,
          6384,
          6549,
          6592,
          6114,
          5938,
          6201,
          16927,
          17566,
          33392,
          6435,
          5936,
          6812,
          6161,
          6867,
          6257,
          17067,
          11682,
          5990
        ],
        "makespan_mean": 11717.06,
        "rew_worst_quantile_border": 0.0,
        "rew_cvar": 0.0,
        "rew_perc_good_solutions": 1.0,
        "num_tests": 50,
        "running_time": [
          2.0515410900115967,
          0.24478602409362793,
          0.062056779861450195,
          0.2278447151184082,
          1.828765869140625,
          0.023020029067993164,
          0.057923078536987305,
          0.06727790832519531,
          0.12975215911865234,
          0.05350995063781738,
          4.501065254211426,
          0.020918846130371094,
          0.025180339813232422,
          0.017014026641845703,
          4.602625131607056,
          0.19462990760803223,
          0.2613792419433594,
          0.1156768798828125,
          5.375460147857666,
          0.10934901237487793,
          2.7503387928009033,
          0.08980989456176758,
          0.20794200897216797,
          0.21186304092407227,
          0.19190382957458496,
          2.0464110374450684,
          0.12237787246704102,
          4.132246732711792,
          0.20973634719848633,
          0.11342787742614746,
          0.10702896118164062,
          0.12235403060913086,
          0.19493913650512695,
          0.21625018119812012,
          0.18357491493225098,
          0.017011165618896484,
          0.024943113327026367,
          0.02054595947265625,
          1.8228659629821777,
          1.6493217945098877,
          0.5968379974365234,
          0.0662388801574707,
          0.057479143142700195,
          0.12999391555786133,
          0.05275893211364746,
          0.2170720100402832,
          0.02280712127685547,
          1.0283088684082031,
          0.08089780807495117,
          0.06122899055480957
        ]
      },