{
  "agent": {
    "rew_mean": 0.0,
    "rew_std": 0.0,
    "rew_best": 0.0,
    "rew_best_count": 50,
    "rew_worst": 0.0,
    "tardiness_mean": 0.0,
    "tardiness_std": 0.0,
    "tardiness_max_mean": 0.0,
    "makespan_tests": [
      32850,
      10999,
      6314,
      12278,
      22367,
      5865,
      6239,
      6372,
      6612,
      5894,
      34008,
      5912,
      6592,
      5786,
      28220,
      6322,
      12096,
      6431,
      27631,
      6220,
      27659,
      11985,
      6468,
      6187,
      6312,
      23085,
      6054,
      33909,
      11399,
      6316,
      6351,
      6366,
      6384,
      6549,
      6592,
      6161,
      5938,
      6386,
      16927,
      17566,
      33340,
      6435,
      5936,
      6812,
      6271,
      6867,
      6257,
      17067,
      11682,
      5990
    ],
    "makespan_mean": 11725.18,
    "rew_worst_quantile_border": 0.0,
    "rew_cvar": 0.0,
    "rew_perc_good_solutions": 1.0,
    "num_tests": 50,
    "running_time": [
      5.811944961547852,
      0.634796142578125,
      0.16114401817321777,
      0.6138911247253418,
      5.057103872299194,
      0.05706286430358887,
      0.15748190879821777,
      0.1670980453491211,
      0.330096960067749,
      0.15094590187072754,
      11.654704809188843,
      0.05389904975891113,
      0.059413909912109375,
      0.04619002342224121,
      13.02298879623413,
      0.5307772159576416,
      0.6512026786804199,
      0.31268310546875,
      14.266597270965576,
      0.3093729019165039,
      7.834483861923218,
      0.23565006256103516,
      0.5667181015014648,
      0.5514271259307861,
      0.5202939510345459,
      5.367361068725586,
      0.3289198875427246,
      12.068050146102905,
      0.6730248928070068,
      0.3227970600128174,
      0.3076927661895752,
      0.3240389823913574,
      0.6070311069488525,
      0.5968656539916992,
      0.5327680110931396,
      0.046411991119384766,
      0.05953478813171387,
      0.05377197265625,
      5.109629154205322,
      4.8434669971466064,
      1.694972038269043,
      0.17157506942749023,
      0.17477202415466309,
      0.3596169948577881,
      0.15785503387451172,
      0.5727107524871826,
      0.057852983474731445,
      2.899786949157715,
      0.21341896057128906,
      0.1710801124572754
    ]
  },
  "test-data-file-names": [
    "300_4_4_860",
    "100_4_6_225",
    "50_4_6_61",
    "100_4_4_216",
    "200_6_4_575",
    "50_2_6_21",
    "50_4_4_51",
    "50_4_8_72",
    "50_6_8_112",
    "50_4_2_42",
    "300_6_6_907",
    "50_2_4_11",
    "50_2_8_32",
    "50_2_2_1",
    "250_8_2_764",
    "50_8_4_131",
    "100_4_8_240",
    "50_6_4_91",
    "250_8_6_782",
    "50_6_2_82",
    "250_6_2_721",
    "100_2_6_187",
    "50_8_6_142",
    "50_8_6_141",
    "50_8_2_122",
    "200_6_8_595",
    "50_6_6_103",
    "300_6_4_897",
    "100_4_2_203",
    "50_6_4_92",
    "50_6_2_81",
    "50_6_6_102",
    "50_8_4_132",
    "50_8_8_154",
    "50_8_2_123",
    "50_2_2_2",
    "50_2_8_31",
    "50_2_4_12",
    "150_8_6_466",
    "150_8_2_444",
    "300_2_2_806",
    "50_4_8_71",
    "50_4_4_52",
    "50_6_8_111",
    "50_4_2_41",
    "50_8_8_153",
    "50_2_6_22",
    "150_6_4_416",
    "100_2_4_173",
    "50_4_6_62"
  ]
}