{
  "agent": {
    "rew_mean": 0.0,
    "rew_std": 0.0,
    "rew_best": 0.0,
    "rew_best_count": 50,
    "rew_worst": 0.0,
    "tardiness_mean": 0.0,
    "tardiness_std": 0.0,
    "tardiness_max_mean": 0.0,
    "makespan_tests": [
      32848,
      10999,
      6314,
      12278,
      22358,
      5865,
      6239,
      6372,
      6612,
      5894,
      34008,
      5796,
      6591,
      5727,
      28209,
      6322,
      12096,
      6426,
      27631,
      6220,
      27649,
      11985,
      6468,
      6187,
      6312,
      23085,
      6054,
      33909,
      11387,
      6316,
      6351,
      6366,
      6384,
      6548,
      6592,
      6094,
      5936,
      6201,
      16926,
      17566,
      33366,
      6435,
      5936,
      6812,
      6161,
      6867,
      6257,
      17066,
      11682,
      5990
    ],
    "makespan_mean": 11713.86,
    "rew_worst_quantile_border": 0.0,
    "rew_cvar": 0.0,
    "rew_perc_good_solutions": 1.0,
    "num_tests": 50,
    "running_time": [
      4.628435134887695,
      0.5235741138458252,
      0.13202524185180664,
      0.5037219524383545,
      4.2675628662109375,
      0.043717145919799805,
      0.1337721347808838,
      0.13690185546875,
      0.2848629951477051,
      0.12768793106079102,
      9.942774772644043,
      0.04199671745300293,
      0.04620027542114258,
      0.04045510292053223,
      11.314709901809692,
      0.4604370594024658,
      0.5507047176361084,
      0.2708709239959717,
      11.799767017364502,
      0.279695987701416,
      6.492138862609863,
      0.1758129596710205,
      0.4745652675628662,
      0.4766809940338135,
      0.44379639625549316,
      4.403519153594971,
      0.2723689079284668,
      9.73627495765686,
      0.5062270164489746,
      0.2715470790863037,
      0.26105594635009766,
      0.2749440670013428,
      0.4587841033935547,
      0.7525689601898193,
      0.45775485038757324,
      0.04220890998840332,
      0.047837018966674805,
      0.04289984703063965,
      4.204217195510864,
      4.090675354003906,
      1.3931410312652588,
      0.1390399932861328,
      0.13110876083374023,
      0.2858397960662842,
      0.12804007530212402,
      0.48636507987976074,
      0.044384002685546875,
      2.3860747814178467,
      0.16267704963684082,
      0.13297295570373535
    ]
  },
  "test-data-file-names": [
    "300_4_4_860",
    "100_4_6_225",
    "50_4_6_61",
    "100_4_4_216",
    "200_6_4_575",
    "50_2_6_21",
    "50_4_4_51",
    "50_4_8_72",
    "50_6_8_112",
    "50_4_2_42",
    "300_6_6_907",
    "50_2_4_11",
    "50_2_8_32",
    "50_2_2_1",
    "250_8_2_764",
    "50_8_4_131",
    "100_4_8_240",
    "50_6_4_91",
    "250_8_6_782",
    "50_6_2_82",
    "250_6_2_721",
    "100_2_6_187",
    "50_8_6_142",
    "50_8_6_141",
    "50_8_2_122",
    "200_6_8_595",
    "50_6_6_103",
    "300_6_4_897",
    "100_4_2_203",
    "50_6_4_92",
    "50_6_2_81",
    "50_6_6_102",
    "50_8_4_132",
    "50_8_8_154",
    "50_8_2_123",
    "50_2_2_2",
    "50_2_8_31",
    "50_2_4_12",
    "150_8_6_466",
    "150_8_2_444",
    "300_2_2_806",
    "50_4_8_71",
    "50_4_4_52",
    "50_6_8_111",
    "50_4_2_41",
    "50_8_8_153",
    "50_2_6_22",
    "150_6_4_416",
    "100_2_4_173",
    "50_4_6_62"
  ]
}