{
  "agent": {
    "rew_mean": 0.0,
    "rew_std": 0.0,
    "rew_best": 0.0,
    "rew_best_count": 50,
    "rew_worst": 0.0,
    "tardiness_mean": 0.0,
    "tardiness_std": 0.0,
    "tardiness_max_mean": 0.0,
    "makespan_tests": [
      32848,
      10999,
      6314,
      12278,
      22358,
      5865,
      6239,
      6372,
      6612,
      5894,
      34008,
      5796,
      6591,
      5727,
      28209,
      6322,
      12096,
      6426,
      27631,
      6220,
      27649,
      11985,
      6468,
      6187,
      6312,
      23085,
      6054,
      33909,
      11387,
      6316,
      6351,
      6366,
      6384,
      6548,
      6592,
      6094,
      5936,
      6201,
      16926,
      17566,
      33366,
      6435,
      5936,
      6812,
      6161,
      6867,
      6257,
      17066,
      11682,
      5990
    ],
    "makespan_mean": 11713.86,
    "rew_worst_quantile_border": 0.0,
    "rew_cvar": 0.0,
    "rew_perc_good_solutions": 1.0,
    "num_tests": 50,
    "running_time": [
      5.478332757949829,
      0.7277131080627441,
      0.158721923828125,
      0.6067728996276855,
      5.184630870819092,
      0.05467796325683594,
      0.15232372283935547,
      0.16295766830444336,
      0.32655906677246094,
      0.14743280410766602,
      11.746689081192017,
      0.05564594268798828,
      0.06155896186828613,
      0.051012277603149414,
      13.519554853439331,
      0.5397071838378906,
      0.6798088550567627,
      0.3165566921234131,
      14.815627574920654,
      0.34246301651000977,
      7.770532846450806,
      0.25239086151123047,
      0.5549120903015137,
      0.5438210964202881,
      0.5188050270080566,
      5.587955951690674,
      0.3201570510864258,
      11.493319034576416,
      0.5914051532745361,
      0.31549906730651855,
      0.301969051361084,
      0.3350389003753662,
      0.5541479587554932,
      0.5494141578674316,
      0.5155739784240723,
      0.04818916320800781,
      0.05722999572753906,
      0.051763057708740234,
      4.935620069503784,
      4.741831064224243,
      1.7318248748779297,
      0.20341920852661133,
      0.1639699935913086,
      0.337385892868042,
      0.14660310745239258,
      0.5589339733123779,
      0.05394482612609863,
      2.854321002960205,
      0.22097110748291016,
      0.17419815063476562
    ]
  },
  "test-data-file-names": [
    "300_4_4_860",
    "100_4_6_225",
    "50_4_6_61",
    "100_4_4_216",
    "200_6_4_575",
    "50_2_6_21",
    "50_4_4_51",
    "50_4_8_72",
    "50_6_8_112",
    "50_4_2_42",
    "300_6_6_907",
    "50_2_4_11",
    "50_2_8_32",
    "50_2_2_1",
    "250_8_2_764",
    "50_8_4_131",
    "100_4_8_240",
    "50_6_4_91",
    "250_8_6_782",
    "50_6_2_82",
    "250_6_2_721",
    "100_2_6_187",
    "50_8_6_142",
    "50_8_6_141",
    "50_8_2_122",
    "200_6_8_595",
    "50_6_6_103",
    "300_6_4_897",
    "100_4_2_203",
    "50_6_4_92",
    "50_6_2_81",
    "50_6_6_102",
    "50_8_4_132",
    "50_8_8_154",
    "50_8_2_123",
    "50_2_2_2",
    "50_2_8_31",
    "50_2_4_12",
    "150_8_6_466",
    "150_8_2_444",
    "300_2_2_806",
    "50_4_8_71",
    "50_4_4_52",
    "50_6_8_111",
    "50_4_2_41",
    "50_8_8_153",
    "50_2_6_22",
    "150_6_4_416",
    "100_2_4_173",
    "50_4_6_62"
  ]
}