{
  "agent": {
    "rew_mean": 0.0,
    "rew_std": 0.0,
    "rew_best": 0.0,
    "rew_best_count": 50,
    "rew_worst": 0.0,
    "tardiness_mean": 0.0,
    "tardiness_std": 0.0,
    "tardiness_max_mean": 0.0,
    "makespan_tests": [
      34850,
      11361,
      6774,
      13010,
      23743,
      5954,
      6799,
      6881,
      7290,
      6276,
      36274,
      5902,
      6772,
      5867,
      30440,
      6929,
      12854,
      7037,
      29528,
      6901,
      28950,
      12322,
      7108,
      6467,
      6630,
      24663,
      6391,
      36043,
      11871,
      6894,
      6979,
      6932,
      6918,
      7303,
      7075,
      6416,
      6036,
      6432,
      18131,
      19085,
      34515,
      6940,
      6397,
      7188,
      6642,
      7539,
      6528,
      18321,
      12149,
      6325
    ],
    "makespan_mean": 12452.64,
    "rew_worst_quantile_border": 0.0,
    "rew_cvar": 0.0,
    "rew_perc_good_solutions": 1.0,
    "num_tests": 50,
    "running_time": [
      3.6631808280944824,
      0.6254768371582031,
      0.10378599166870117,
      0.3976409435272217,
      3.3172149658203125,
      0.03729414939880371,
      0.10068202018737793,
      0.10967683792114258,
      0.22051620483398438,
      0.09767389297485352,
      7.662136077880859,
      0.034512996673583984,
      0.039263010025024414,
      0.03334498405456543,
      8.757845163345337,
      0.346682071685791,
      0.43825197219848633,
      0.2061600685119629,
      9.429138898849487,
      0.20398426055908203,
      4.870733022689819,
      0.1459038257598877,
      0.3564181327819824,
      0.35364603996276855,
      0.3340609073638916,
      3.499028205871582,
      0.20879387855529785,
      7.404099941253662,
      0.40333986282348633,
      0.207442045211792,
      0.1932821273803711,
      0.21044611930847168,
      0.38635683059692383,
      0.3654038906097412,
      0.33200788497924805,
      0.0327601432800293,
      0.03953814506530762,
      0.03549480438232422,
      3.4800379276275635,
      3.0893852710723877,
      1.1918139457702637,
      0.10937309265136719,
      0.1033179759979248,
      0.22501587867736816,
      0.09514379501342773,
      0.3812370300292969,
      0.03759002685546875,
      2.0108869075775146,
      0.1378180980682373,
      0.10544896125793457
    ]
  },
  "test-data-file-names": [
    "300_4_4_860",
    "100_4_6_225",
    "50_4_6_61",
    "100_4_4_216",
    "200_6_4_575",
    "50_2_6_21",
    "50_4_4_51",
    "50_4_8_72",
    "50_6_8_112",
    "50_4_2_42",
    "300_6_6_907",
    "50_2_4_11",
    "50_2_8_32",
    "50_2_2_1",
    "250_8_2_764",
    "50_8_4_131",
    "100_4_8_240",
    "50_6_4_91",
    "250_8_6_782",
    "50_6_2_82",
    "250_6_2_721",
    "100_2_6_187",
    "50_8_6_142",
    "50_8_6_141",
    "50_8_2_122",
    "200_6_8_595",
    "50_6_6_103",
    "300_6_4_897",
    "100_4_2_203",
    "50_6_4_92",
    "50_6_2_81",
    "50_6_6_102",
    "50_8_4_132",
    "50_8_8_154",
    "50_8_2_123",
    "50_2_2_2",
    "50_2_8_31",
    "50_2_4_12",
    "150_8_6_466",
    "150_8_2_444",
    "300_2_2_806",
    "50_4_8_71",
    "50_4_4_52",
    "50_6_8_111",
    "50_4_2_41",
    "50_8_8_153",
    "50_2_6_22",
    "150_6_4_416",
    "100_2_4_173",
    "50_4_6_62"
  ]
}