{
  "agent": {
    "rew_mean": 0.0,
    "rew_std": 0.0,
    "rew_best": 0.0,
    "rew_best_count": 50,
    "rew_worst": 0.0,
    "tardiness_mean": 0.0,
    "tardiness_std": 0.0,
    "tardiness_max_mean": 0.0,
    "makespan_tests": [
      32848,
      10999,
      6314,
      12278,
      22358,
      5865,
      6239,
      6372,
      6612,
      5894,
      34008,
      5796,
      6591,
      5727,
      28209,
      6322,
      12096,
      6426,
      27631,
      6220,
      27649,
      11985,
      6468,
      6187,
      6312,
      23085,
      6054,
      33909,
      11387,
      6316,
      6351,
      6366,
      6384,
      6548,
      6592,
      6094,
      5936,
      6201,
      16926,
      17566,
      33366,
      6435,
      5936,
      6812,
      6161,
      6867,
      6257,
      17066,
      11682,
      5990
    ],
    "makespan_mean": 11713.86,
    "rew_worst_quantile_border": 0.0,
    "rew_cvar": 0.0,
    "rew_perc_good_solutions": 1.0,
    "num_tests": 50,
    "running_time": [
      1.9413414001464844,
      0.22391819953918457,
      0.05944967269897461,
      0.2212510108947754,
      1.8061270713806152,
      0.019713163375854492,
      0.05339193344116211,
      0.05995368957519531,
      0.11999893188476562,
      0.04905128479003906,
      4.272109746932983,
      0.01839900016784668,
      0.021633148193359375,
      0.016502857208251953,
      4.641512870788574,
      0.23732995986938477,
      0.4564511775970459,
      0.2409658432006836,
      5.282286167144775,
      0.276745080947876,
      3.1523921489715576,
      0.07796573638916016,
      0.27304792404174805,
      0.3843958377838135,
      0.23362994194030762,
      2.028446912765503,
      0.11525511741638184,
      4.0800299644470215,
      0.19691681861877441,
      0.10963702201843262,
      0.10330009460449219,
      0.11832189559936523,
      0.31868910789489746,
      0.5783071517944336,
      0.18602299690246582,
      0.016722917556762695,
      0.021586179733276367,
      0.018954038619995117,
      1.8977019786834717,
      1.8683078289031982,
      0.5877649784088135,
      0.060159921646118164,
      0.05323219299316406,
      0.12005782127380371,
      0.049282073974609375,
      0.20318889617919922,
      0.019540071487426758,
      0.9767811298370361,
      0.07089591026306152,
      0.0569920539855957
    ]
  },
  "test-data-file-names": [
    "300_4_4_860",
    "100_4_6_225",
    "50_4_6_61",
    "100_4_4_216",
    "200_6_4_575",
    "50_2_6_21",
    "50_4_4_51",
    "50_4_8_72",
    "50_6_8_112",
    "50_4_2_42",
    "300_6_6_907",
    "50_2_4_11",
    "50_2_8_32",
    "50_2_2_1",
    "250_8_2_764",
    "50_8_4_131",
    "100_4_8_240",
    "50_6_4_91",
    "250_8_6_782",
    "50_6_2_82",
    "250_6_2_721",
    "100_2_6_187",
    "50_8_6_142",
    "50_8_6_141",
    "50_8_2_122",
    "200_6_8_595",
    "50_6_6_103",
    "300_6_4_897",
    "100_4_2_203",
    "50_6_4_92",
    "50_6_2_81",
    "50_6_6_102",
    "50_8_4_132",
    "50_8_8_154",
    "50_8_2_123",
    "50_2_2_2",
    "50_2_8_31",
    "50_2_4_12",
    "150_8_6_466",
    "150_8_2_444",
    "300_2_2_806",
    "50_4_8_71",
    "50_4_4_52",
    "50_6_8_111",
    "50_4_2_41",
    "50_8_8_153",
    "50_2_6_22",
    "150_6_4_416",
    "100_2_4_173",
    "50_4_6_62"
  ]
}