{
  "runs": [
    {
      "agent": {
        "rew_mean": 0.0,
        "rew_std": 0.0,
        "rew_best": 0.0,
        "rew_best_count": 50,
        "rew_worst": 0.0,
        "tardiness_mean": 0.0,
        "tardiness_std": 0.0,
        "tardiness_max_mean": 0.0,
        "makespan_tests": [
          35536,
          12746,
          7274,
          13409,
          24048,
          6750,
          7248,
          7716,
          7926,
          6308,
          36825,
          6512,
          7698,
          6070,
          31001,
          7138,
          13754,
          7262,
          29563,
          6676,
          29971,
          13368,
          7238,
          7379,
          7044,
          25448,
          6963,
          36836,
          12185,
          7374,
          6977,
          7560,
          7131,
          7471,
          7142,
          7018,
          6843,
          7120,
          18776,
          19568,
          35259,
          7765,
          6593,
          8010,
          6793,
          7852,
          8011,
          18359,
          12965,
          6541
        ],
        "makespan_mean": 12980.4,
        "rew_worst_quantile_border": 0.0,
        "rew_cvar": 0.0,
        "rew_perc_good_solutions": 1.0,
        "num_tests": 50,
        "running_time": [
          2.141063928604126,
          0.24558305740356445,
          0.06247901916503906,
          0.22478580474853516,
          1.821889877319336,
          0.023212194442749023,
          0.058316946029663086,
          0.06784319877624512,
          0.1328108310699463,
          0.0533452033996582,
          4.507630825042725,
          0.02087092399597168,
          0.0251309871673584,
          0.018671035766601562,
          5.017809867858887,
          0.20502018928527832,
          0.2659928798675537,
          0.11848306655883789,
          5.513595104217529,
          0.1136159896850586,
          2.7210450172424316,
          0.0904090404510498,
          0.21165013313293457,
          0.2130420207977295,
          0.18793797492980957,
          2.0813708305358887,
          0.12671113014221191,
          4.267047882080078,
          0.21068191528320312,
          0.11727523803710938,
          0.10769295692443848,
          0.12498903274536133,
          0.20024585723876953,
          0.22307801246643066,
          0.18676090240478516,
          0.01862502098083496,
          0.02520608901977539,
          0.021063804626464844,
          1.8759007453918457,
          1.6676232814788818,
          0.671259880065918,
          0.0679330825805664,
          0.058862924575805664,
          0.1352531909942627,
          0.053733110427856445,
          0.22489118576049805,
          0.023368120193481445,
          1.0374500751495361,
          0.08209776878356934,
          0.06294512748718262
        ]
      },
      "test-data-file-names": [
        "300_4_4_860",
        "100_4_6_225",
        "50_4_6_61",
        "100_4_4_216",
        "200_6_4_575",
        "50_2_6_21",
        "50_4_4_51",
        "50_4_8_72",
        "50_6_8_112",
        "50_4_2_42",
        "300_6_6_907",
        "50_2_4_11",
        "50_2_8_32",
        "50_2_2_1",
        "250_8_2_764",
        "50_8_4_131",
        "100_4_8_240",
        "50_6_4_91",
        "250_8_6_782",
        "50_6_2_82",
        "250_6_2_721",
        "100_2_6_187",
        "50_8_6_142",
        "50_8_6_141",
        "50_8_2_122",
        "200_6_8_595",
        "50_6_6_103",
        "300_6_4_897",
        "100_4_2_203",
        "50_6_4_92",
        "50_6_2_81",
        "50_6_6_102",
        "50_8_4_132",
        "50_8_8_154",
        "50_8_2_123",
        "50_2_2_2",
        "50_2_8_31",
        "50_2_4_12",
        "150_8_6_466",
        "150_8_2_444",
        "300_2_2_806",
        "50_4_8_71",
        "50_4_4_52",
        "50_6_8_111",
        "50_4_2_41",
        "50_8_8_153",
        "50_2_6_22",
        "150_6_4_416",
        "100_2_4_173",
        "50_4_6_62"
      ]
    },
    {
      "agent": {
        "rew_mean": 0.0,
        "rew_std": 0.0,
        "rew_best": 0.0,
        "rew_best_count": 50,
        "rew_worst": 0.0,
        "tardiness_mean": 0.0,
        "tardiness_std": 0.0,
        "tardiness_max_mean": 0.0,
        "makespan_tests": [
          35648,
          12835,
          7254,
          13522,
          24766,
          6326,
          7293,
          7215,
          7554,
          6401,
          37882,
          6268,
          7521,
          6097,
          33000,
          7104,
          14154,
          7545,
          32357,
          6767,
          32012,
          13259,
          7115,
          7271,
          7255,
          26034,
          6962,
          38732,
          12589,
          7415,
          6935,
          7535,
          7413,
          7571,
          7342,
          6837,
          6604,
          7068,
          19262,
          20995,
          35177,
          7898,
          6547,
          8132,
          6829,
          8003,
          7593,
          18414,
          12901,
          6791
        ],
        "makespan_mean": 13240.0,
        "rew_worst_quantile_border": 0.0,
        "rew_cvar": 0.0,
        "rew_perc_good_solutions": 1.0,
        "num_tests": 50,
        "running_time": [
          2.1196229457855225,
          0.25065016746520996,
          0.06394481658935547,
          0.23662805557250977,
          1.8938789367675781,
          0.022809743881225586,
          0.05832815170288086,
          0.06822586059570312,
          0.15919899940490723,
          0.10576701164245605,
          4.703856945037842,
          0.020746946334838867,
          0.03189682960510254,
          0.019289016723632812,
          5.099261283874512,
          0.20160317420959473,
          0.2688438892364502,
          0.1216278076171875,
          6.007223129272461,
          0.1107027530670166,
          2.792668104171753,
          0.09153294563293457,
          0.21897387504577637,
          0.2170429229736328,
          0.1923692226409912,
          2.1303088665008545,
          0.12500786781311035,
          4.2483439445495605,
          0.21538615226745605,
          0.12587380409240723,
          0.11757612228393555,
          0.1271350383758545,
          0.20355606079101562,
          0.2266228199005127,
          0.19856572151184082,
          0.018923044204711914,
          0.025007009506225586,
          0.020924806594848633,
          1.9136419296264648,
          1.733879804611206,
          0.6919538974761963,
          0.06964898109436035,
          0.05970597267150879,
          0.1361250877380371,
          0.05326700210571289,
          0.23639488220214844,
          0.024441242218017578,
          1.0725748538970947,
          0.0866391658782959,
          0.06341195106506348
        ]
      },